plants.soil,2026-07-28T07:32:28.408Z,2026-07-28 02:32:28.408,23219,2a89d4,8gtt1h,0.7.3,fleet_logger_0_1,580770035,UMLIFE_v2_TLC555,ch3,origplant,soil_moisture,1608,,,OK,,,982.8,,name=c5off1;level=OK;role=disp;spread=28;gpio=6;device_seq=77435;time_source=device_synced;device_timestamp_utc=2026-07-28T07:32:01.915Z;config_id=170b1c1e;rssi=-56;uptime_s=580770;heap=152648;cal_tier=board-cal;cal_src=wet_rederive_1236_20260719;pressure_context_source=weather_openmeteo;transport=wifi_poll,
plants.env,2026-07-28T07:32:28.408Z,2026-07-28 02:32:28.408,23220,2a89d4,8gtt1h,0.7.3,fleet_logger_0_1,580770719,ESP32,esp32_die,on_chip,die_temp,,23.70,degC,OK,,,,,name=c5off1;source=esp32_die;cal=uncalibrated_board_proxy;api=temperatureRead;config_id=170b1c1e;transport=wifi_poll,
plants.soil,2026-07-28T07:32:58.719Z,2026-07-28 02:32:58.719,23221,2a89d4,8gtt1h,0.7.3,fleet_logger_0_1,580800035,UMLIFE_v2_TLC555,ch0,origplant,soil_moisture,1232,,,OK,,,982.8,,name=c5off1;level=overwatered;role=disp;spread=8;gpio=1;device_seq=77436;time_source=device_synced;device_timestamp_utc=2026-07-28T07:32:31.915Z;config_id=170b1c1e;rssi=-56;uptime_s=580800;heap=152380;cal_tier=board-cal;cal_src=wet_rederive_1236_20260719;pressure_context_source=weather_openmeteo;transport=wifi_poll,
plants.soil,2026-07-28T07:32:58.719Z,2026-07-28 02:32:58.719,23222,2a89d4,8gtt1h,0.7.3,fleet_logger_0_1,580800035,UMLIFE_v2_TLC555,ch1,origplant,soil_moisture,1386,,,OK,,,982.8,,name=c5off1;level=well watered;role=disp;spread=11;gpio=4;device_seq=77437;time_source=device_synced;device_timestamp_utc=2026-07-28T07:32:31.915Z;config_id=170b1c1e;rssi=-56;uptime_s=580800;heap=152380;cal_tier=board-cal;cal_src=wet_rederive_1236_20260719;pressure_context_source=weather_openmeteo;transport=wifi_poll,
plants.soil,2026-07-28T07:32:58.719Z,2026-07-28 02:32:58.719,23223,2a89d4,8gtt1h,0.7.3,fleet_logger_0_1,580800035,UMLIFE_v2_TLC555,ch2,origplant,soil_moisture,1246,,,OK,,,982.8,,name=c5off1;level=overwatered;role=disp;spread=20;gpio=5;device_seq=77438;time_source=device_synced;device_timestamp_utc=2026-07-28T07:32:31.915Z;config_id=170b1c1e;rssi=-56;uptime_s=580800;heap=152380;cal_tier=board-cal;cal_src=wet_rederive_1236_20260719;pressure_context_source=weather_openmeteo;transport=wifi_poll,
plants.soil,2026-07-28T07:32:58.719Z,2026-07-28 02:32:58.719,23224,2a89d4,8gtt1h,0.7.3,fleet_logger_0_1,580800035,UMLIFE_v2_TLC555,ch3,origplant,soil_moisture,1604,,,OK,,,982.8,,name=c5off1;level=OK;role=disp;spread=26;gpio=6;device_seq=77439;time_source=device_synced;device_timestamp_utc=2026-07-28T07:32:31.915Z;config_id=170b1c1e;rssi=-56;uptime_s=580800;heap=152380;cal_tier=board-cal;cal_src=wet_rederive_1236_20260719;pressure_context_source=weather_openmeteo;transport=wifi_poll,
plants.env,2026-07-28T07:32:58.719Z,2026-07-28 02:32:58.719,23225,2a89d4,8gtt1h,0.7.3,fleet_logger_0_1,580801819,ESP32,esp32_die,on_chip,die_temp,,23.70,degC,OK,,,,,name=c5off1;source=esp32_die;cal=uncalibrated_board_proxy;api=temperatureRead;config_id=170b1c1e;transport=wifi_poll,
plants.soil,2026-07-28T07:33:29.028Z,2026-07-28 02:33:29.028,23226,2a89d4,8gtt1h,0.7.3,fleet_logger_0_1,580830035,UMLIFE_v2_TLC555,ch0,origplant,soil_moisture,1231,,,OK,,,982.8,,name=c5off1;level=overwatered;role=disp;spread=9;gpio=1;device_seq=77440;time_source=device_synced;device_timestamp_utc=2026-07-28T07:33:01.915Z;config_id=170b1c1e;rssi=-57;uptime_s=580830;heap=152380;cal_tier=board-cal;cal_src=wet_rederive_1236_20260719;pressure_context_source=weather_openmeteo;transport=wifi_poll,
plants.soil,2026-07-28T07:33:29.028Z,2026-07-28 02:33:29.028,23227,2a89d4,8gtt1h,0.7.3,fleet_logger_0_1,580830035,UMLIFE_v2_TLC555,ch1,origplant,soil_moisture,1387,,,OK,,,982.8,,name=c5off1;level=well watered;role=disp;spread=18;gpio=4;device_seq=77441;time_source=device_synced;device_timestamp_utc=2026-07-28T07:33:01.915Z;config_id=170b1c1e;rssi=-57;uptime_s=580830;heap=152380;cal_tier=board-cal;cal_src=wet_rederive_1236_20260719;pressure_context_source=weather_openmeteo;transport=wifi_poll,
plants.soil,2026-07-28T07:33:29.028Z,2026-07-28 02:33:29.028,23228,2a89d4,8gtt1h,0.7.3,fleet_logger_0_1,580830035,UMLIFE_v2_TLC555,ch2,origplant,soil_moisture,1249,,,OK,,,982.8,,name=c5off1;level=overwatered;role=disp;spread=17;gpio=5;device_seq=77442;time_source=device_synced;device_timestamp_utc=2026-07-28T07:33:01.915Z;config_id=170b1c1e;rssi=-57;uptime_s=580830;heap=152380;cal_tier=board-cal;cal_src=wet_rederive_1236_20260719;pressure_context_source=weather_openmeteo;transport=wifi_poll,
plants.soil,2026-07-28T07:33:29.028Z,2026-07-28 02:33:29.028,23229,2a89d4,8gtt1h,0.7.3,fleet_logger_0_1,580830035,UMLIFE_v2_TLC555,ch3,origplant,soil_moisture,1607,,,OK,,,982.8,,name=c5off1;level=OK;role=disp;spread=28;gpio=6;device_seq=77443;time_source=device_synced;device_timestamp_utc=2026-07-28T07:33:01.915Z;config_id=170b1c1e;rssi=-57;uptime_s=580830;heap=152380;cal_tier=board-cal;cal_src=wet_rederive_1236_20260719;pressure_context_source=weather_openmeteo;transport=wifi_poll,
plants.env,2026-07-28T07:33:29.028Z,2026-07-28 02:33:29.028,23230,2a89d4,8gtt1h,0.7.3,fleet_logger_0_1,580830719,ESP32,esp32_die,on_chip,die_temp,,23.70,degC,OK,,,,,name=c5off1;source=esp32_die;cal=uncalibrated_board_proxy;api=temperatureRead;config_id=170b1c1e;transport=wifi_poll,
plants.soil,2026-07-28T07:33:59.412Z,2026-07-28 02:33:59.412,23231,2a89d4,8gtt1h,0.7.3,fleet_logger_0_1,580860035,UMLIFE_v2_TLC555,ch0,origplant,soil_moisture,1230,,,OK,,,982.8,,name=c5off1;level=overwatered;role=disp;spread=13;gpio=1;device_seq=77444;time_source=device_synced;device_timestamp_utc=2026-07-28T07:33:31.915Z;config_id=170b1c1e;rssi=-58;uptime_s=580860;heap=152640;cal_tier=board-cal;cal_src=wet_rederive_1236_20260719;pressure_context_source=weather_openmeteo;transport=wifi_poll,
plants.soil,2026-07-28T07:33:59.412Z,2026-07-28 02:33:59.412,23232,2a89d4,8gtt1h,0.7.3,fleet_logger_0_1,580860035,UMLIFE_v2_TLC555,ch1,origplant,soil_moisture,1387,,,OK,,,982.8,,name=c5off1;level=well watered;role=disp;spread=19;gpio=4;device_seq=77445;time_source=device_synced;device_timestamp_utc=2026-07-28T07:33:31.915Z;config_id=170b1c1e;rssi=-58;uptime_s=580860;heap=152640;cal_tier=board-cal;cal_src=wet_rederive_1236_20260719;pressure_context_source=weather_openmeteo;transport=wifi_poll,
plants.soil,2026-07-28T07:33:59.412Z,2026-07-28 02:33:59.412,23233,2a89d4,8gtt1h,0.7.3,fleet_logger_0_1,580860035,UMLIFE_v2_TLC555,ch2,origplant,soil_moisture,1247,,,OK,,,982.8,,name=c5off1;level=overwatered;role=disp;spread=19;gpio=5;device_seq=77446;time_source=device_synced;device_timestamp_utc=2026-07-28T07:33:31.915Z;config_id=170b1c1e;rssi=-58;uptime_s=580860;heap=152640;cal_tier=board-cal;cal_src=wet_rederive_1236_20260719;pressure_context_source=weather_openmeteo;transport=wifi_poll,
plants.soil,2026-07-28T07:33:59.412Z,2026-07-28 02:33:59.412,23234,2a89d4,8gtt1h,0.7.3,fleet_logger_0_1,580860035,UMLIFE_v2_TLC555,ch3,origplant,soil_moisture,1605,,,OK,,,982.8,,name=c5off1;level=OK;role=disp;spread=18;gpio=6;device_seq=77447;time_source=device_synced;device_timestamp_utc=2026-07-28T07:33:31.915Z;config_id=170b1c1e;rssi=-58;uptime_s=580860;heap=152640;cal_tier=board-cal;cal_src=wet_rederive_1236_20260719;pressure_context_source=weather_openmeteo;transport=wifi_poll,
plants.env,2026-07-28T07:33:59.412Z,2026-07-28 02:33:59.412,23235,2a89d4,8gtt1h,0.7.3,fleet_logger_0_1,580860719,ESP32,esp32_die,on_chip,die_temp,,23.70,degC,OK,,,,,name=c5off1;source=esp32_die;cal=uncalibrated_board_proxy;api=temperatureRead;config_id=170b1c1e;transport=wifi_poll,
plants.soil,2026-07-28T07:34:29.726Z,2026-07-28 02:34:29.726,23236,2a89d4,8gtt1h,0.7.3,fleet_logger_0_1,580890035,UMLIFE_v2_TLC555,ch0,origplant,soil_moisture,1230,,,OK,,,982.8,,name=c5off1;level=overwatered;role=disp;spread=18;gpio=1;device_seq=77448;time_source=device_synced;device_timestamp_utc=2026-07-28T07:34:01.915Z;config_id=170b1c1e;rssi=-55;uptime_s=580890;heap=152640;cal_tier=board-cal;cal_src=wet_rederive_1236_20260719;pressure_context_source=weather_openmeteo;transport=wifi_poll,
plants.soil,2026-07-28T07:34:29.726Z,2026-07-28 02:34:29.726,23237,2a89d4,8gtt1h,0.7.3,fleet_logger_0_1,580890035,UMLIFE_v2_TLC555,ch1,origplant,soil_moisture,1385,,,OK,,,982.8,,name=c5off1;level=well watered;role=disp;spread=18;gpio=4;device_seq=77449;time_source=device_synced;device_timestamp_utc=2026-07-28T07:34:01.915Z;config_id=170b1c1e;rssi=-55;uptime_s=580890;heap=152640;cal_tier=board-cal;cal_src=wet_rederive_1236_20260719;pressure_context_source=weather_openmeteo;transport=wifi_poll,
plants.soil,2026-07-28T07:34:29.726Z,2026-07-28 02:34:29.726,23238,2a89d4,8gtt1h,0.7.3,fleet_logger_0_1,580890035,UMLIFE_v2_TLC555,ch2,origplant,soil_moisture,1249,,,OK,,,982.8,,name=c5off1;level=overwatered;role=disp;spread=10;gpio=5;device_seq=77450;time_source=device_synced;device_timestamp_utc=2026-07-28T07:34:01.915Z;config_id=170b1c1e;rssi=-55;uptime_s=580890;heap=152640;cal_tier=board-cal;cal_src=wet_rederive_1236_20260719;pressure_context_source=weather_openmeteo;transport=wifi_poll,
plants.soil,2026-07-28T07:34:29.726Z,2026-07-28 02:34:29.726,23239,2a89d4,8gtt1h,0.7.3,fleet_logger_0_1,580890035,UMLIFE_v2_TLC555,ch3,origplant,soil_moisture,1606,,,OK,,,982.8,,name=c5off1;level=OK;role=disp;spread=31;gpio=6;device_seq=77451;time_source=device_synced;device_timestamp_utc=2026-07-28T07:34:01.915Z;config_id=170b1c1e;rssi=-55;uptime_s=580890;heap=152640;cal_tier=board-cal;cal_src=wet_rederive_1236_20260719;pressure_context_source=weather_openmeteo;transport=wifi_poll,
plants.env,2026-07-28T07:34:29.726Z,2026-07-28 02:34:29.726,23240,2a89d4,8gtt1h,0.7.3,fleet_logger_0_1,580890719,ESP32,esp32_die,on_chip,die_temp,,23.70,degC,OK,,,,,name=c5off1;source=esp32_die;cal=uncalibrated_board_proxy;api=temperatureRead;config_id=170b1c1e;transport=wifi_poll,
plants.soil,2026-07-28T07:35:00.185Z,2026-07-28 02:35:00.185,23241,2a89d4,8gtt1h,0.7.3,fleet_logger_0_1,580920035,UMLIFE_v2_TLC555,ch0,origplant,soil_moisture,1230,,,OK,,,982.8,,name=c5off1;level=overwatered;role=disp;spread=17;gpio=1;device_seq=77452;time_source=device_synced;device_timestamp_utc=2026-07-28T07:34:31.915Z;config_id=170b1c1e;rssi=-56;uptime_s=580920;heap=152640;cal_tier=board-cal;cal_src=wet_rederive_1236_20260719;pressure_context_source=weather_openmeteo;transport=wifi_poll,
plants.soil,2026-07-28T07:35:00.185Z,2026-07-28 02:35:00.185,23242,2a89d4,8gtt1h,0.7.3,fleet_logger_0_1,580920035,UMLIFE_v2_TLC555,ch1,origplant,soil_moisture,1383,,,OK,,,982.8,,name=c5off1;level=well watered;role=disp;spread=14;gpio=4;device_seq=77453;time_source=device_synced;device_timestamp_utc=2026-07-28T07:34:31.915Z;config_id=170b1c1e;rssi=-56;uptime_s=580920;heap=152640;cal_tier=board-cal;cal_src=wet_rederive_1236_20260719;pressure_context_source=weather_openmeteo;transport=wifi_poll,
plants.soil,2026-07-28T07:35:00.185Z,2026-07-28 02:35:00.185,23243,2a89d4,8gtt1h,0.7.3,fleet_logger_0_1,580920035,UMLIFE_v2_TLC555,ch2,origplant,soil_moisture,1249,,,OK,,,982.8,,name=c5off1;level=overwatered;role=disp;spread=11;gpio=5;device_seq=77454;time_source=device_synced;device_timestamp_utc=2026-07-28T07:34:31.915Z;config_id=170b1c1e;rssi=-56;uptime_s=580920;heap=152640;cal_tier=board-cal;cal_src=wet_rederive_1236_20260719;pressure_context_source=weather_openmeteo;transport=wifi_poll,
plants.soil,2026-07-28T07:35:00.185Z,2026-07-28 02:35:00.185,23244,2a89d4,8gtt1h,0.7.3,fleet_logger_0_1,580920035,UMLIFE_v2_TLC555,ch3,origplant,soil_moisture,1607,,,OK,,,982.8,,name=c5off1;level=OK;role=disp;spread=31;gpio=6;device_seq=77455;time_source=device_synced;device_timestamp_utc=2026-07-28T07:34:31.915Z;config_id=170b1c1e;rssi=-56;uptime_s=580920;heap=152640;cal_tier=board-cal;cal_src=wet_rederive_1236_20260719;pressure_context_source=weather_openmeteo;transport=wifi_poll,
plants.env,2026-07-28T07:35:00.185Z,2026-07-28 02:35:00.185,23245,2a89d4,8gtt1h,0.7.3,fleet_logger_0_1,580920719,ESP32,esp32_die,on_chip,die_temp,,23.70,degC,OK,,,,,name=c5off1;source=esp32_die;cal=uncalibrated_board_proxy;api=temperatureRead;config_id=170b1c1e;transport=wifi_poll,
plants.soil,2026-07-28T07:35:30.691Z,2026-07-28 02:35:30.691,23246,2a89d4,8gtt1h,0.7.3,fleet_logger_0_1,580950035,UMLIFE_v2_TLC555,ch0,origplant,soil_moisture,1229,,,OK,,,982.8,,name=c5off1;level=overwatered;role=disp;spread=5;gpio=1;device_seq=77456;time_source=device_synced;device_timestamp_utc=2026-07-28T07:35:01.915Z;config_id=170b1c1e;rssi=-56;uptime_s=580950;heap=152644;cal_tier=board-cal;cal_src=wet_rederive_1236_20260719;pressure_context_source=weather_openmeteo;transport=wifi_poll,
plants.soil,2026-07-28T07:35:30.691Z,2026-07-28 02:35:30.691,23247,2a89d4,8gtt1h,0.7.3,fleet_logger_0_1,580950035,UMLIFE_v2_TLC555,ch1,origplant,soil_moisture,1386,,,OK,,,982.8,,name=c5off1;level=well watered;role=disp;spread=17;gpio=4;device_seq=77457;time_source=device_synced;device_timestamp_utc=2026-07-28T07:35:01.915Z;config_id=170b1c1e;rssi=-56;uptime_s=580950;heap=152644;cal_tier=board-cal;cal_src=wet_rederive_1236_20260719;pressure_context_source=weather_openmeteo;transport=wifi_poll,
plants.soil,2026-07-28T07:35:30.691Z,2026-07-28 02:35:30.691,23248,2a89d4,8gtt1h,0.7.3,fleet_logger_0_1,580950035,UMLIFE_v2_TLC555,ch2,origplant,soil_moisture,1247,,,OK,,,982.8,,name=c5off1;level=overwatered;role=disp;spread=11;gpio=5;device_seq=77458;time_source=device_synced;device_timestamp_utc=2026-07-28T07:35:01.915Z;config_id=170b1c1e;rssi=-56;uptime_s=580950;heap=152644;cal_tier=board-cal;cal_src=wet_rederive_1236_20260719;pressure_context_source=weather_openmeteo;transport=wifi_poll,
plants.soil,2026-07-28T07:35:30.691Z,2026-07-28 02:35:30.691,23249,2a89d4,8gtt1h,0.7.3,fleet_logger_0_1,580950035,UMLIFE_v2_TLC555,ch3,origplant,soil_moisture,1607,,,OK,,,982.8,,name=c5off1;level=OK;role=disp;spread=19;gpio=6;device_seq=77459;time_source=device_synced;device_timestamp_utc=2026-07-28T07:35:01.915Z;config_id=170b1c1e;rssi=-56;uptime_s=580950;heap=152644;cal_tier=board-cal;cal_src=wet_rederive_1236_20260719;pressure_context_source=weather_openmeteo;transport=wifi_poll,
plants.env,2026-07-28T07:35:30.691Z,2026-07-28 02:35:30.691,23250,2a89d4,8gtt1h,0.7.3,fleet_logger_0_1,580950719,ESP32,esp32_die,on_chip,die_temp,,23.70,degC,OK,,,,,name=c5off1;source=esp32_die;cal=uncalibrated_board_proxy;api=temperatureRead;config_id=170b1c1e;transport=wifi_poll,
plants.soil,2026-07-28T07:36:01.093Z,2026-07-28 02:36:01.093,23251,2a89d4,8gtt1h,0.7.3,fleet_logger_0_1,580980035,UMLIFE_v2_TLC555,ch0,origplant,soil_moisture,1230,,,OK,,,982.8,,name=c5off1;level=overwatered;role=disp;spread=16;gpio=1;device_seq=77460;time_source=device_synced;device_timestamp_utc=2026-07-28T07:35:31.915Z;config_id=170b1c1e;rssi=-56;uptime_s=580980;heap=152384;cal_tier=board-cal;cal_src=wet_rederive_1236_20260719;pressure_context_source=weather_openmeteo;transport=wifi_poll,
plants.soil,2026-07-28T07:36:01.093Z,2026-07-28 02:36:01.093,23252,2a89d4,8gtt1h,0.7.3,fleet_logger_0_1,580980035,UMLIFE_v2_TLC555,ch1,origplant,soil_moisture,1384,,,OK,,,982.8,,name=c5off1;level=well watered;role=disp;spread=24;gpio=4;device_seq=77461;time_source=device_synced;device_timestamp_utc=2026-07-28T07:35:31.915Z;config_id=170b1c1e;rssi=-56;uptime_s=580980;heap=152384;cal_tier=board-cal;cal_src=wet_rederive_1236_20260719;pressure_context_source=weather_openmeteo;transport=wifi_poll,
plants.soil,2026-07-28T07:36:01.093Z,2026-07-28 02:36:01.093,23253,2a89d4,8gtt1h,0.7.3,fleet_logger_0_1,580980035,UMLIFE_v2_TLC555,ch2,origplant,soil_moisture,1247,,,OK,,,982.8,,name=c5off1;level=overwatered;role=disp;spread=22;gpio=5;device_seq=77462;time_source=device_synced;device_timestamp_utc=2026-07-28T07:35:31.915Z;config_id=170b1c1e;rssi=-56;uptime_s=580980;heap=152384;cal_tier=board-cal;cal_src=wet_rederive_1236_20260719;pressure_context_source=weather_openmeteo;transport=wifi_poll,
plants.soil,2026-07-28T07:36:01.093Z,2026-07-28 02:36:01.093,23254,2a89d4,8gtt1h,0.7.3,fleet_logger_0_1,580980035,UMLIFE_v2_TLC555,ch3,origplant,soil_moisture,1605,,,OK,,,982.8,,name=c5off1;level=OK;role=disp;spread=31;gpio=6;device_seq=77463;time_source=device_synced;device_timestamp_utc=2026-07-28T07:35:31.915Z;config_id=170b1c1e;rssi=-56;uptime_s=580980;heap=152384;cal_tier=board-cal;cal_src=wet_rederive_1236_20260719;pressure_context_source=weather_openmeteo;transport=wifi_poll,
plants.env,2026-07-28T07:36:01.093Z,2026-07-28 02:36:01.093,23255,2a89d4,8gtt1h,0.7.3,fleet_logger_0_1,580980719,ESP32,esp32_die,on_chip,die_temp,,23.70,degC,OK,,,,,name=c5off1;source=esp32_die;cal=uncalibrated_board_proxy;api=temperatureRead;config_id=170b1c1e;transport=wifi_poll,
plants.soil,2026-07-28T07:36:31.403Z,2026-07-28 02:36:31.403,23256,2a89d4,8gtt1h,0.7.3,fleet_logger_0_1,581010035,UMLIFE_v2_TLC555,ch0,origplant,soil_moisture,1232,,,OK,,,982.8,,name=c5off1;level=overwatered;role=disp;spread=13;gpio=1;device_seq=77464;time_source=device_synced;device_timestamp_utc=2026-07-28T07:36:01.915Z;config_id=170b1c1e;rssi=-55;uptime_s=581010;heap=152384;cal_tier=board-cal;cal_src=wet_rederive_1236_20260719;pressure_context_source=weather_openmeteo;transport=wifi_poll,
plants.soil,2026-07-28T07:36:31.403Z,2026-07-28 02:36:31.403,23257,2a89d4,8gtt1h,0.7.3,fleet_logger_0_1,581010035,UMLIFE_v2_TLC555,ch1,origplant,soil_moisture,1388,,,OK,,,982.8,,name=c5off1;level=well watered;role=disp;spread=14;gpio=4;device_seq=77465;time_source=device_synced;device_timestamp_utc=2026-07-28T07:36:01.915Z;config_id=170b1c1e;rssi=-55;uptime_s=581010;heap=152384;cal_tier=board-cal;cal_src=wet_rederive_1236_20260719;pressure_context_source=weather_openmeteo;transport=wifi_poll,
plants.soil,2026-07-28T07:36:31.403Z,2026-07-28 02:36:31.403,23258,2a89d4,8gtt1h,0.7.3,fleet_logger_0_1,581010035,UMLIFE_v2_TLC555,ch2,origplant,soil_moisture,1247,,,OK,,,982.8,,name=c5off1;level=overwatered;role=disp;spread=9;gpio=5;device_seq=77466;time_source=device_synced;device_timestamp_utc=2026-07-28T07:36:01.915Z;config_id=170b1c1e;rssi=-55;uptime_s=581010;heap=152384;cal_tier=board-cal;cal_src=wet_rederive_1236_20260719;pressure_context_source=weather_openmeteo;transport=wifi_poll,
plants.soil,2026-07-28T07:36:31.403Z,2026-07-28 02:36:31.403,23259,2a89d4,8gtt1h,0.7.3,fleet_logger_0_1,581010035,UMLIFE_v2_TLC555,ch3,origplant,soil_moisture,1609,,,OK,,,982.8,,name=c5off1;level=OK;role=disp;spread=24;gpio=6;device_seq=77467;time_source=device_synced;device_timestamp_utc=2026-07-28T07:36:01.915Z;config_id=170b1c1e;rssi=-55;uptime_s=581010;heap=152384;cal_tier=board-cal;cal_src=wet_rederive_1236_20260719;pressure_context_source=weather_openmeteo;transport=wifi_poll,
plants.env,2026-07-28T07:36:31.403Z,2026-07-28 02:36:31.403,23260,2a89d4,8gtt1h,0.7.3,fleet_logger_0_1,581010719,ESP32,esp32_die,on_chip,die_temp,,23.70,degC,OK,,,,,name=c5off1;source=esp32_die;cal=uncalibrated_board_proxy;api=temperatureRead;config_id=170b1c1e;transport=wifi_poll,
plants.soil,2026-07-28T07:37:02.701Z,2026-07-28 02:37:02.701,23261,2a89d4,8gtt1h,0.7.3,fleet_logger_0_1,581070034,UMLIFE_v2_TLC555,ch0,origplant,soil_moisture,1228,,,OK,,,982.8,,name=c5off1;level=overwatered;role=disp;spread=8;gpio=1;device_seq=77472;time_source=device_synced;device_timestamp_utc=2026-07-28T07:37:01.914Z;config_id=170b1c1e;rssi=-57;uptime_s=581070;heap=151936;cal_tier=board-cal;cal_src=wet_rederive_1236_20260719;pressure_context_source=weather_openmeteo;transport=wifi_poll,
plants.soil,2026-07-28T07:37:02.701Z,2026-07-28 02:37:02.701,23262,2a89d4,8gtt1h,0.7.3,fleet_logger_0_1,581070034,UMLIFE_v2_TLC555,ch1,origplant,soil_moisture,1387,,,OK,,,982.8,,name=c5off1;level=well watered;role=disp;spread=19;gpio=4;device_seq=77473;time_source=device_synced;device_timestamp_utc=2026-07-28T07:37:01.914Z;config_id=170b1c1e;rssi=-57;uptime_s=581070;heap=151936;cal_tier=board-cal;cal_src=wet_rederive_1236_20260719;pressure_context_source=weather_openmeteo;transport=wifi_poll,
plants.soil,2026-07-28T07:37:02.701Z,2026-07-28 02:37:02.701,23263,2a89d4,8gtt1h,0.7.3,fleet_logger_0_1,581070034,UMLIFE_v2_TLC555,ch2,origplant,soil_moisture,1247,,,OK,,,982.8,,name=c5off1;level=overwatered;role=disp;spread=6;gpio=5;device_seq=77474;time_source=device_synced;device_timestamp_utc=2026-07-28T07:37:01.914Z;config_id=170b1c1e;rssi=-57;uptime_s=581070;heap=151936;cal_tier=board-cal;cal_src=wet_rederive_1236_20260719;pressure_context_source=weather_openmeteo;transport=wifi_poll,
plants.soil,2026-07-28T07:37:02.701Z,2026-07-28 02:37:02.701,23264,2a89d4,8gtt1h,0.7.3,fleet_logger_0_1,581070034,UMLIFE_v2_TLC555,ch3,origplant,soil_moisture,1605,,,OK,,,982.8,,name=c5off1;level=OK;role=disp;spread=8;gpio=6;device_seq=77475;time_source=device_synced;device_timestamp_utc=2026-07-28T07:37:01.914Z;config_id=170b1c1e;rssi=-57;uptime_s=581070;heap=151936;cal_tier=board-cal;cal_src=wet_rederive_1236_20260719;pressure_context_source=weather_openmeteo;transport=wifi_poll,
plants.env,2026-07-28T07:37:02.701Z,2026-07-28 02:37:02.701,23265,2a89d4,8gtt1h,0.7.3,fleet_logger_0_1,581070717,ESP32,esp32_die,on_chip,die_temp,,23.70,degC,OK,,,,,name=c5off1;source=esp32_die;cal=uncalibrated_board_proxy;api=temperatureRead;config_id=170b1c1e;transport=wifi_poll,
plants.soil,2026-07-28T07:37:32.954Z,2026-07-28 02:37:32.954,23266,2a89d4,8gtt1h,0.7.3,fleet_logger_0_1,581100035,UMLIFE_v2_TLC555,ch0,origplant,soil_moisture,1213,,,OK,,,982.8,,name=c5off1;level=overwatered;role=disp;spread=5;gpio=1;device_seq=77476;time_source=device_synced;device_timestamp_utc=2026-07-28T07:37:31.915Z;config_id=170b1c1e;rssi=-54;uptime_s=581100;heap=152896;cal_tier=board-cal;cal_src=wet_rederive_1236_20260719;pressure_context_source=weather_openmeteo;transport=wifi_poll,
plants.soil,2026-07-28T07:37:32.954Z,2026-07-28 02:37:32.954,23267,2a89d4,8gtt1h,0.7.3,fleet_logger_0_1,581100035,UMLIFE_v2_TLC555,ch1,origplant,soil_moisture,1370,,,OK,,,982.8,,name=c5off1;level=well watered;role=disp;spread=25;gpio=4;device_seq=77477;time_source=device_synced;device_timestamp_utc=2026-07-28T07:37:31.915Z;config_id=170b1c1e;rssi=-54;uptime_s=581100;heap=152896;cal_tier=board-cal;cal_src=wet_rederive_1236_20260719;pressure_context_source=weather_openmeteo;transport=wifi_poll,
plants.soil,2026-07-28T07:37:32.954Z,2026-07-28 02:37:32.954,23268,2a89d4,8gtt1h,0.7.3,fleet_logger_0_1,581100035,UMLIFE_v2_TLC555,ch2,origplant,soil_moisture,1248,,,OK,,,982.8,,name=c5off1;level=overwatered;role=disp;spread=12;gpio=5;device_seq=77478;time_source=device_synced;device_timestamp_utc=2026-07-28T07:37:31.915Z;config_id=170b1c1e;rssi=-54;uptime_s=581100;heap=152896;cal_tier=board-cal;cal_src=wet_rederive_1236_20260719;pressure_context_source=weather_openmeteo;transport=wifi_poll,
plants.soil,2026-07-28T07:37:32.954Z,2026-07-28 02:37:32.954,23269,2a89d4,8gtt1h,0.7.3,fleet_logger_0_1,581100035,UMLIFE_v2_TLC555,ch3,origplant,soil_moisture,1591,,,OK,,,982.8,,name=c5off1;level=OK;role=disp;spread=15;gpio=6;device_seq=77479;time_source=device_synced;device_timestamp_utc=2026-07-28T07:37:31.915Z;config_id=170b1c1e;rssi=-54;uptime_s=581100;heap=152896;cal_tier=board-cal;cal_src=wet_rederive_1236_20260719;pressure_context_source=weather_openmeteo;transport=wifi_poll,
plants.env,2026-07-28T07:37:32.954Z,2026-07-28 02:37:32.954,23270,2a89d4,8gtt1h,0.7.3,fleet_logger_0_1,581100719,ESP32,esp32_die,on_chip,die_temp,,23.70,degC,OK,,,,,name=c5off1;source=esp32_die;cal=uncalibrated_board_proxy;api=temperatureRead;config_id=170b1c1e;transport=wifi_poll,
plants.soil,2026-07-28T07:38:03.505Z,2026-07-28 02:38:03.505,23271,2a89d4,8gtt1h,0.7.3,fleet_logger_0_1,581130035,UMLIFE_v2_TLC555,ch0,origplant,soil_moisture,1226,,,OK,,,982.8,,name=c5off1;level=overwatered;role=disp;spread=10;gpio=1;device_seq=77480;time_source=device_synced;device_timestamp_utc=2026-07-28T07:38:01.915Z;config_id=170b1c1e;rssi=-57;uptime_s=581130;heap=152896;cal_tier=board-cal;cal_src=wet_rederive_1236_20260719;pressure_context_source=weather_openmeteo;transport=wifi_poll,
plants.soil,2026-07-28T07:38:03.505Z,2026-07-28 02:38:03.505,23272,2a89d4,8gtt1h,0.7.3,fleet_logger_0_1,581130035,UMLIFE_v2_TLC555,ch1,origplant,soil_moisture,1387,,,OK,,,982.8,,name=c5off1;level=well watered;role=disp;spread=17;gpio=4;device_seq=77481;time_source=device_synced;device_timestamp_utc=2026-07-28T07:38:01.915Z;config_id=170b1c1e;rssi=-57;uptime_s=581130;heap=152896;cal_tier=board-cal;cal_src=wet_rederive_1236_20260719;pressure_context_source=weather_openmeteo;transport=wifi_poll,
plants.soil,2026-07-28T07:38:03.505Z,2026-07-28 02:38:03.505,23273,2a89d4,8gtt1h,0.7.3,fleet_logger_0_1,581130035,UMLIFE_v2_TLC555,ch2,origplant,soil_moisture,1248,,,OK,,,982.8,,name=c5off1;level=overwatered;role=disp;spread=7;gpio=5;device_seq=77482;time_source=device_synced;device_timestamp_utc=2026-07-28T07:38:01.915Z;config_id=170b1c1e;rssi=-57;uptime_s=581130;heap=152896;cal_tier=board-cal;cal_src=wet_rederive_1236_20260719;pressure_context_source=weather_openmeteo;transport=wifi_poll,
plants.soil,2026-07-28T07:38:03.505Z,2026-07-28 02:38:03.505,23274,2a89d4,8gtt1h,0.7.3,fleet_logger_0_1,581130035,UMLIFE_v2_TLC555,ch3,origplant,soil_moisture,1610,,,OK,,,982.8,,name=c5off1;level=OK;role=disp;spread=16;gpio=6;device_seq=77483;time_source=device_synced;device_timestamp_utc=2026-07-28T07:38:01.915Z;config_id=170b1c1e;rssi=-57;uptime_s=581130;heap=152896;cal_tier=board-cal;cal_src=wet_rederive_1236_20260719;pressure_context_source=weather_openmeteo;transport=wifi_poll,
plants.env,2026-07-28T07:38:03.505Z,2026-07-28 02:38:03.505,23275,2a89d4,8gtt1h,0.7.3,fleet_logger_0_1,581130719,ESP32,esp32_die,on_chip,die_temp,,23.70,degC,OK,,,,,name=c5off1;source=esp32_die;cal=uncalibrated_board_proxy;api=temperatureRead;config_id=170b1c1e;transport=wifi_poll,
plants.soil,2026-07-28T07:38:33.872Z,2026-07-28 02:38:33.872,23276,2a89d4,8gtt1h,0.7.3,fleet_logger_0_1,581160035,UMLIFE_v2_TLC555,ch0,origplant,soil_moisture,1213,,,OK,,,982.8,,name=c5off1;level=overwatered;role=disp;spread=13;gpio=1;device_seq=77484;time_source=device_synced;device_timestamp_utc=2026-07-28T07:38:31.915Z;config_id=170b1c1e;rssi=-57;uptime_s=581160;heap=152640;cal_tier=board-cal;cal_src=wet_rederive_1236_20260719;pressure_context_source=weather_openmeteo;transport=wifi_poll,
plants.soil,2026-07-28T07:38:33.872Z,2026-07-28 02:38:33.872,23277,2a89d4,8gtt1h,0.7.3,fleet_logger_0_1,581160035,UMLIFE_v2_TLC555,ch1,origplant,soil_moisture,1368,,,OK,,,982.8,,name=c5off1;level=well watered;role=disp;spread=29;gpio=4;device_seq=77485;time_source=device_synced;device_timestamp_utc=2026-07-28T07:38:31.915Z;config_id=170b1c1e;rssi=-57;uptime_s=581160;heap=152640;cal_tier=board-cal;cal_src=wet_rederive_1236_20260719;pressure_context_source=weather_openmeteo;transport=wifi_poll,
plants.soil,2026-07-28T07:38:33.872Z,2026-07-28 02:38:33.872,23278,2a89d4,8gtt1h,0.7.3,fleet_logger_0_1,581160035,UMLIFE_v2_TLC555,ch2,origplant,soil_moisture,1245,,,OK,,,982.8,,name=c5off1;level=overwatered;role=disp;spread=12;gpio=5;device_seq=77486;time_source=device_synced;device_timestamp_utc=2026-07-28T07:38:31.915Z;config_id=170b1c1e;rssi=-57;uptime_s=581160;heap=152640;cal_tier=board-cal;cal_src=wet_rederive_1236_20260719;pressure_context_source=weather_openmeteo;transport=wifi_poll,
plants.soil,2026-07-28T07:38:33.872Z,2026-07-28 02:38:33.872,23279,2a89d4,8gtt1h,0.7.3,fleet_logger_0_1,581160035,UMLIFE_v2_TLC555,ch3,origplant,soil_moisture,1589,,,OK,,,982.8,,name=c5off1;level=OK;role=disp;spread=21;gpio=6;device_seq=77487;time_source=device_synced;device_timestamp_utc=2026-07-28T07:38:31.915Z;config_id=170b1c1e;rssi=-57;uptime_s=581160;heap=152640;cal_tier=board-cal;cal_src=wet_rederive_1236_20260719;pressure_context_source=weather_openmeteo;transport=wifi_poll,
plants.env,2026-07-28T07:38:33.872Z,2026-07-28 02:38:33.872,23280,2a89d4,8gtt1h,0.7.3,fleet_logger_0_1,581160719,ESP32,esp32_die,on_chip,die_temp,,23.70,degC,OK,,,,,name=c5off1;source=esp32_die;cal=uncalibrated_board_proxy;api=temperatureRead;config_id=170b1c1e;transport=wifi_poll,
plants.soil,2026-07-28T07:39:04.592Z,2026-07-28 02:39:04.592,23281,2a89d4,8gtt1h,0.7.3,fleet_logger_0_1,581190035,UMLIFE_v2_TLC555,ch0,origplant,soil_moisture,1215,,,OK,,,982.8,,name=c5off1;level=overwatered;role=disp;spread=24;gpio=1;device_seq=77488;time_source=device_synced;device_timestamp_utc=2026-07-28T07:39:01.915Z;config_id=170b1c1e;rssi=-57;uptime_s=581190;heap=152384;cal_tier=board-cal;cal_src=wet_rederive_1236_20260719;pressure_context_source=weather_openmeteo;transport=wifi_poll,
plants.soil,2026-07-28T07:39:04.592Z,2026-07-28 02:39:04.592,23282,2a89d4,8gtt1h,0.7.3,fleet_logger_0_1,581190035,UMLIFE_v2_TLC555,ch1,origplant,soil_moisture,1369,,,OK,,,982.8,,name=c5off1;level=well watered;role=disp;spread=13;gpio=4;device_seq=77489;time_source=device_synced;device_timestamp_utc=2026-07-28T07:39:01.915Z;config_id=170b1c1e;rssi=-57;uptime_s=581190;heap=152384;cal_tier=board-cal;cal_src=wet_rederive_1236_20260719;pressure_context_source=weather_openmeteo;transport=wifi_poll,
plants.soil,2026-07-28T07:39:04.592Z,2026-07-28 02:39:04.592,23283,2a89d4,8gtt1h,0.7.3,fleet_logger_0_1,581190035,UMLIFE_v2_TLC555,ch2,origplant,soil_moisture,1248,,,OK,,,982.8,,name=c5off1;level=overwatered;role=disp;spread=24;gpio=5;device_seq=77490;time_source=device_synced;device_timestamp_utc=2026-07-28T07:39:01.915Z;config_id=170b1c1e;rssi=-57;uptime_s=581190;heap=152384;cal_tier=board-cal;cal_src=wet_rederive_1236_20260719;pressure_context_source=weather_openmeteo;transport=wifi_poll,
plants.soil,2026-07-28T07:39:04.592Z,2026-07-28 02:39:04.592,23284,2a89d4,8gtt1h,0.7.3,fleet_logger_0_1,581190035,UMLIFE_v2_TLC555,ch3,origplant,soil_moisture,1591,,,OK,,,982.8,,name=c5off1;level=OK;role=disp;spread=19;gpio=6;device_seq=77491;time_source=device_synced;device_timestamp_utc=2026-07-28T07:39:01.915Z;config_id=170b1c1e;rssi=-57;uptime_s=581190;heap=152384;cal_tier=board-cal;cal_src=wet_rederive_1236_20260719;pressure_context_source=weather_openmeteo;transport=wifi_poll,
plants.env,2026-07-28T07:39:04.592Z,2026-07-28 02:39:04.592,23285,2a89d4,8gtt1h,0.7.3,fleet_logger_0_1,581190719,ESP32,esp32_die,on_chip,die_temp,,23.70,degC,OK,,,,,name=c5off1;source=esp32_die;cal=uncalibrated_board_proxy;api=temperatureRead;config_id=170b1c1e;transport=wifi_poll,
plants.soil,2026-07-28T07:39:34.903Z,2026-07-28 02:39:34.903,23286,2a89d4,8gtt1h,0.7.3,fleet_logger_0_1,581220035,UMLIFE_v2_TLC555,ch0,origplant,soil_moisture,1218,,,OK,,,982.8,,name=c5off1;level=overwatered;role=disp;spread=16;gpio=1;device_seq=77492;time_source=device_synced;device_timestamp_utc=2026-07-28T07:39:31.915Z;config_id=170b1c1e;rssi=-57;uptime_s=581220;heap=152664;cal_tier=board-cal;cal_src=wet_rederive_1236_20260719;pressure_context_source=weather_openmeteo;transport=wifi_poll,
plants.soil,2026-07-28T07:39:34.903Z,2026-07-28 02:39:34.903,23287,2a89d4,8gtt1h,0.7.3,fleet_logger_0_1,581220035,UMLIFE_v2_TLC555,ch1,origplant,soil_moisture,1371,,,OK,,,982.8,,name=c5off1;level=well watered;role=disp;spread=7;gpio=4;device_seq=77493;time_source=device_synced;device_timestamp_utc=2026-07-28T07:39:31.915Z;config_id=170b1c1e;rssi=-57;uptime_s=581220;heap=152664;cal_tier=board-cal;cal_src=wet_rederive_1236_20260719;pressure_context_source=weather_openmeteo;transport=wifi_poll,
plants.soil,2026-07-28T07:39:34.903Z,2026-07-28 02:39:34.903,23288,2a89d4,8gtt1h,0.7.3,fleet_logger_0_1,581220035,UMLIFE_v2_TLC555,ch2,origplant,soil_moisture,1246,,,OK,,,982.8,,name=c5off1;level=overwatered;role=disp;spread=14;gpio=5;device_seq=77494;time_source=device_synced;device_timestamp_utc=2026-07-28T07:39:31.915Z;config_id=170b1c1e;rssi=-57;uptime_s=581220;heap=152664;cal_tier=board-cal;cal_src=wet_rederive_1236_20260719;pressure_context_source=weather_openmeteo;transport=wifi_poll,
plants.soil,2026-07-28T07:39:34.903Z,2026-07-28 02:39:34.903,23289,2a89d4,8gtt1h,0.7.3,fleet_logger_0_1,581220035,UMLIFE_v2_TLC555,ch3,origplant,soil_moisture,1588,,,OK,,,982.8,,name=c5off1;level=OK;role=disp;spread=20;gpio=6;device_seq=77495;time_source=device_synced;device_timestamp_utc=2026-07-28T07:39:31.915Z;config_id=170b1c1e;rssi=-57;uptime_s=581220;heap=152664;cal_tier=board-cal;cal_src=wet_rederive_1236_20260719;pressure_context_source=weather_openmeteo;transport=wifi_poll,
plants.env,2026-07-28T07:39:34.903Z,2026-07-28 02:39:34.903,23290,2a89d4,8gtt1h,0.7.3,fleet_logger_0_1,581220719,ESP32,esp32_die,on_chip,die_temp,,23.70,degC,OK,,,,,name=c5off1;source=esp32_die;cal=uncalibrated_board_proxy;api=temperatureRead;config_id=170b1c1e;transport=wifi_poll,
plants.soil,2026-07-28T07:40:05.316Z,2026-07-28 02:40:05.316,23291,2a89d4,8gtt1h,0.7.3,fleet_logger_0_1,581250035,UMLIFE_v2_TLC555,ch0,origplant,soil_moisture,1221,,,OK,,,982.8,,name=c5off1;level=overwatered;role=disp;spread=15;gpio=1;device_seq=77496;time_source=device_synced;device_timestamp_utc=2026-07-28T07:40:01.915Z;config_id=170b1c1e;rssi=-56;uptime_s=581250;heap=152660;cal_tier=board-cal;cal_src=wet_rederive_1236_20260719;pressure_context_source=weather_openmeteo;transport=wifi_poll,
plants.soil,2026-07-28T07:40:05.316Z,2026-07-28 02:40:05.316,23292,2a89d4,8gtt1h,0.7.3,fleet_logger_0_1,581250035,UMLIFE_v2_TLC555,ch1,origplant,soil_moisture,1370,,,OK,,,982.8,,name=c5off1;level=well watered;role=disp;spread=24;gpio=4;device_seq=77497;time_source=device_synced;device_timestamp_utc=2026-07-28T07:40:01.915Z;config_id=170b1c1e;rssi=-56;uptime_s=581250;heap=152660;cal_tier=board-cal;cal_src=wet_rederive_1236_20260719;pressure_context_source=weather_openmeteo;transport=wifi_poll,
plants.soil,2026-07-28T07:40:05.316Z,2026-07-28 02:40:05.316,23293,2a89d4,8gtt1h,0.7.3,fleet_logger_0_1,581250035,UMLIFE_v2_TLC555,ch2,origplant,soil_moisture,1245,,,OK,,,982.8,,name=c5off1;level=overwatered;role=disp;spread=12;gpio=5;device_seq=77498;time_source=device_synced;device_timestamp_utc=2026-07-28T07:40:01.915Z;config_id=170b1c1e;rssi=-56;uptime_s=581250;heap=152660;cal_tier=board-cal;cal_src=wet_rederive_1236_20260719;pressure_context_source=weather_openmeteo;transport=wifi_poll,
plants.soil,2026-07-28T07:40:05.316Z,2026-07-28 02:40:05.316,23294,2a89d4,8gtt1h,0.7.3,fleet_logger_0_1,581250035,UMLIFE_v2_TLC555,ch3,origplant,soil_moisture,1587,,,OK,,,982.8,,name=c5off1;level=OK;role=disp;spread=27;gpio=6;device_seq=77499;time_source=device_synced;device_timestamp_utc=2026-07-28T07:40:01.915Z;config_id=170b1c1e;rssi=-56;uptime_s=581250;heap=152660;cal_tier=board-cal;cal_src=wet_rederive_1236_20260719;pressure_context_source=weather_openmeteo;transport=wifi_poll,
plants.env,2026-07-28T07:40:05.316Z,2026-07-28 02:40:05.316,23295,2a89d4,8gtt1h,0.7.3,fleet_logger_0_1,581250719,ESP32,esp32_die,on_chip,die_temp,,23.70,degC,OK,,,,,name=c5off1;source=esp32_die;cal=uncalibrated_board_proxy;api=temperatureRead;config_id=170b1c1e;transport=wifi_poll,
plants.soil,2026-07-28T07:40:35.830Z,2026-07-28 02:40:35.830,23296,2a89d4,8gtt1h,0.7.3,fleet_logger_0_1,581280035,UMLIFE_v2_TLC555,ch0,origplant,soil_moisture,1229,,,OK,,,982.8,,name=c5off1;level=overwatered;role=disp;spread=5;gpio=1;device_seq=77500;time_source=device_synced;device_timestamp_utc=2026-07-28T07:40:31.915Z;config_id=170b1c1e;rssi=-55;uptime_s=581280;heap=152600;cal_tier=board-cal;cal_src=wet_rederive_1236_20260719;pressure_context_source=weather_openmeteo;transport=wifi_poll,
plants.soil,2026-07-28T07:40:35.830Z,2026-07-28 02:40:35.830,23297,2a89d4,8gtt1h,0.7.3,fleet_logger_0_1,581280035,UMLIFE_v2_TLC555,ch1,origplant,soil_moisture,1374,,,OK,,,982.8,,name=c5off1;level=well watered;role=disp;spread=20;gpio=4;device_seq=77501;time_source=device_synced;device_timestamp_utc=2026-07-28T07:40:31.915Z;config_id=170b1c1e;rssi=-55;uptime_s=581280;heap=152600;cal_tier=board-cal;cal_src=wet_rederive_1236_20260719;pressure_context_source=weather_openmeteo;transport=wifi_poll,
plants.soil,2026-07-28T07:40:35.830Z,2026-07-28 02:40:35.830,23298,2a89d4,8gtt1h,0.7.3,fleet_logger_0_1,581280035,UMLIFE_v2_TLC555,ch2,origplant,soil_moisture,1248,,,OK,,,982.8,,name=c5off1;level=overwatered;role=disp;spread=15;gpio=5;device_seq=77502;time_source=device_synced;device_timestamp_utc=2026-07-28T07:40:31.915Z;config_id=170b1c1e;rssi=-55;uptime_s=581280;heap=152600;cal_tier=board-cal;cal_src=wet_rederive_1236_20260719;pressure_context_source=weather_openmeteo;transport=wifi_poll,
plants.soil,2026-07-28T07:40:35.830Z,2026-07-28 02:40:35.830,23299,2a89d4,8gtt1h,0.7.3,fleet_logger_0_1,581280035,UMLIFE_v2_TLC555,ch3,origplant,soil_moisture,1588,,,OK,,,982.8,,name=c5off1;level=OK;role=disp;spread=23;gpio=6;device_seq=77503;time_source=device_synced;device_timestamp_utc=2026-07-28T07:40:31.915Z;config_id=170b1c1e;rssi=-55;uptime_s=581280;heap=152600;cal_tier=board-cal;cal_src=wet_rederive_1236_20260719;pressure_context_source=weather_openmeteo;transport=wifi_poll,
plants.env,2026-07-28T07:40:35.830Z,2026-07-28 02:40:35.830,23300,2a89d4,8gtt1h,0.7.3,fleet_logger_0_1,581280719,ESP32,esp32_die,on_chip,die_temp,,23.70,degC,OK,,,,,name=c5off1;source=esp32_die;cal=uncalibrated_board_proxy;api=temperatureRead;config_id=170b1c1e;transport=wifi_poll,
plants.soil,2026-07-28T07:41:10.171Z,2026-07-28 02:41:10.171,23301,2a89d4,8gtt1h,0.7.3,fleet_logger_0_1,581310035,UMLIFE_v2_TLC555,ch0,origplant,soil_moisture,1231,,,OK,,,982.8,,name=c5off1;level=overwatered;role=disp;spread=18;gpio=1;device_seq=77504;time_source=device_synced;device_timestamp_utc=2026-07-28T07:41:01.915Z;config_id=170b1c1e;rssi=-57;uptime_s=581310;heap=152600;cal_tier=board-cal;cal_src=wet_rederive_1236_20260719;pressure_context_source=weather_openmeteo;transport=wifi_poll,
plants.soil,2026-07-28T07:41:10.171Z,2026-07-28 02:41:10.171,23302,2a89d4,8gtt1h,0.7.3,fleet_logger_0_1,581310035,UMLIFE_v2_TLC555,ch1,origplant,soil_moisture,1383,,,OK,,,982.8,,name=c5off1;level=well watered;role=disp;spread=18;gpio=4;device_seq=77505;time_source=device_synced;device_timestamp_utc=2026-07-28T07:41:01.915Z;config_id=170b1c1e;rssi=-57;uptime_s=581310;heap=152600;cal_tier=board-cal;cal_src=wet_rederive_1236_20260719;pressure_context_source=weather_openmeteo;transport=wifi_poll,
plants.soil,2026-07-28T07:41:10.171Z,2026-07-28 02:41:10.171,23303,2a89d4,8gtt1h,0.7.3,fleet_logger_0_1,581310035,UMLIFE_v2_TLC555,ch2,origplant,soil_moisture,1246,,,OK,,,982.8,,name=c5off1;level=overwatered;role=disp;spread=16;gpio=5;device_seq=77506;time_source=device_synced;device_timestamp_utc=2026-07-28T07:41:01.915Z;config_id=170b1c1e;rssi=-57;uptime_s=581310;heap=152600;cal_tier=board-cal;cal_src=wet_rederive_1236_20260719;pressure_context_source=weather_openmeteo;transport=wifi_poll,
plants.soil,2026-07-28T07:41:10.171Z,2026-07-28 02:41:10.171,23304,2a89d4,8gtt1h,0.7.3,fleet_logger_0_1,581310035,UMLIFE_v2_TLC555,ch3,origplant,soil_moisture,1590,,,OK,,,982.8,,name=c5off1;level=OK;role=disp;spread=14;gpio=6;device_seq=77507;time_source=device_synced;device_timestamp_utc=2026-07-28T07:41:01.915Z;config_id=170b1c1e;rssi=-57;uptime_s=581310;heap=152600;cal_tier=board-cal;cal_src=wet_rederive_1236_20260719;pressure_context_source=weather_openmeteo;transport=wifi_poll,
plants.env,2026-07-28T07:41:10.171Z,2026-07-28 02:41:10.171,23305,2a89d4,8gtt1h,0.7.3,fleet_logger_0_1,581310719,ESP32,esp32_die,on_chip,die_temp,,23.70,degC,OK,,,,,name=c5off1;source=esp32_die;cal=uncalibrated_board_proxy;api=temperatureRead;config_id=170b1c1e;transport=wifi_poll,
plants.soil,2026-07-28T07:41:40.659Z,2026-07-28 02:41:40.659,23306,2a89d4,8gtt1h,0.7.3,fleet_logger_0_1,581340035,UMLIFE_v2_TLC555,ch0,origplant,soil_moisture,1230,,,OK,,,982.8,,name=c5off1;level=overwatered;role=disp;spread=16;gpio=1;device_seq=77508;time_source=device_synced;device_timestamp_utc=2026-07-28T07:41:31.915Z;config_id=170b1c1e;rssi=-56;uptime_s=581340;heap=152604;cal_tier=board-cal;cal_src=wet_rederive_1236_20260719;pressure_context_source=weather_openmeteo;transport=wifi_poll,
plants.soil,2026-07-28T07:41:40.659Z,2026-07-28 02:41:40.659,23307,2a89d4,8gtt1h,0.7.3,fleet_logger_0_1,581340035,UMLIFE_v2_TLC555,ch1,origplant,soil_moisture,1388,,,OK,,,982.8,,name=c5off1;level=well watered;role=disp;spread=25;gpio=4;device_seq=77509;time_source=device_synced;device_timestamp_utc=2026-07-28T07:41:31.915Z;config_id=170b1c1e;rssi=-56;uptime_s=581340;heap=152604;cal_tier=board-cal;cal_src=wet_rederive_1236_20260719;pressure_context_source=weather_openmeteo;transport=wifi_poll,
plants.soil,2026-07-28T07:41:40.659Z,2026-07-28 02:41:40.659,23308,2a89d4,8gtt1h,0.7.3,fleet_logger_0_1,581340035,UMLIFE_v2_TLC555,ch2,origplant,soil_moisture,1249,,,OK,,,982.8,,name=c5off1;level=overwatered;role=disp;spread=19;gpio=5;device_seq=77510;time_source=device_synced;device_timestamp_utc=2026-07-28T07:41:31.915Z;config_id=170b1c1e;rssi=-56;uptime_s=581340;heap=152604;cal_tier=board-cal;cal_src=wet_rederive_1236_20260719;pressure_context_source=weather_openmeteo;transport=wifi_poll,
plants.soil,2026-07-28T07:41:40.659Z,2026-07-28 02:41:40.659,23309,2a89d4,8gtt1h,0.7.3,fleet_logger_0_1,581340035,UMLIFE_v2_TLC555,ch3,origplant,soil_moisture,1595,,,OK,,,982.8,,name=c5off1;level=OK;role=disp;spread=17;gpio=6;device_seq=77511;time_source=device_synced;device_timestamp_utc=2026-07-28T07:41:31.915Z;config_id=170b1c1e;rssi=-56;uptime_s=581340;heap=152604;cal_tier=board-cal;cal_src=wet_rederive_1236_20260719;pressure_context_source=weather_openmeteo;transport=wifi_poll,
plants.env,2026-07-28T07:41:40.659Z,2026-07-28 02:41:40.659,23310,2a89d4,8gtt1h,0.7.3,fleet_logger_0_1,581340719,ESP32,esp32_die,on_chip,die_temp,,23.70,degC,OK,,,,,name=c5off1;source=esp32_die;cal=uncalibrated_board_proxy;api=temperatureRead;config_id=170b1c1e;transport=wifi_poll,
plants.soil,2026-07-28T07:42:11.166Z,2026-07-28 02:42:11.166,23311,2a89d4,8gtt1h,0.7.3,fleet_logger_0_1,581370035,UMLIFE_v2_TLC555,ch0,origplant,soil_moisture,1230,,,OK,,,982.8,,name=c5off1;level=overwatered;role=disp;spread=10;gpio=1;device_seq=77512;time_source=device_synced;device_timestamp_utc=2026-07-28T07:42:01.915Z;config_id=170b1c1e;rssi=-55;uptime_s=581370;heap=152600;cal_tier=board-cal;cal_src=wet_rederive_1236_20260719;pressure_context_source=weather_openmeteo;transport=wifi_poll,
plants.soil,2026-07-28T07:42:11.166Z,2026-07-28 02:42:11.166,23312,2a89d4,8gtt1h,0.7.3,fleet_logger_0_1,581370035,UMLIFE_v2_TLC555,ch1,origplant,soil_moisture,1386,,,OK,,,982.8,,name=c5off1;level=well watered;role=disp;spread=26;gpio=4;device_seq=77513;time_source=device_synced;device_timestamp_utc=2026-07-28T07:42:01.915Z;config_id=170b1c1e;rssi=-55;uptime_s=581370;heap=152600;cal_tier=board-cal;cal_src=wet_rederive_1236_20260719;pressure_context_source=weather_openmeteo;transport=wifi_poll,
plants.soil,2026-07-28T07:42:11.166Z,2026-07-28 02:42:11.166,23313,2a89d4,8gtt1h,0.7.3,fleet_logger_0_1,581370035,UMLIFE_v2_TLC555,ch2,origplant,soil_moisture,1249,,,OK,,,982.8,,name=c5off1;level=overwatered;role=disp;spread=15;gpio=5;device_seq=77514;time_source=device_synced;device_timestamp_utc=2026-07-28T07:42:01.915Z;config_id=170b1c1e;rssi=-55;uptime_s=581370;heap=152600;cal_tier=board-cal;cal_src=wet_rederive_1236_20260719;pressure_context_source=weather_openmeteo;transport=wifi_poll,
plants.soil,2026-07-28T07:42:11.166Z,2026-07-28 02:42:11.166,23314,2a89d4,8gtt1h,0.7.3,fleet_logger_0_1,581370035,UMLIFE_v2_TLC555,ch3,origplant,soil_moisture,1604,,,OK,,,982.8,,name=c5off1;level=OK;role=disp;spread=32;gpio=6;device_seq=77515;time_source=device_synced;device_timestamp_utc=2026-07-28T07:42:01.915Z;config_id=170b1c1e;rssi=-55;uptime_s=581370;heap=152600;cal_tier=board-cal;cal_src=wet_rederive_1236_20260719;pressure_context_source=weather_openmeteo;transport=wifi_poll,
plants.env,2026-07-28T07:42:11.166Z,2026-07-28 02:42:11.166,23315,2a89d4,8gtt1h,0.7.3,fleet_logger_0_1,581370719,ESP32,esp32_die,on_chip,die_temp,,23.70,degC,OK,,,,,name=c5off1;source=esp32_die;cal=uncalibrated_board_proxy;api=temperatureRead;config_id=170b1c1e;transport=wifi_poll,
plants.soil,2026-07-28T07:42:41.685Z,2026-07-28 02:42:41.685,23316,2a89d4,8gtt1h,0.7.3,fleet_logger_0_1,581400035,UMLIFE_v2_TLC555,ch0,origplant,soil_moisture,1230,,,OK,,,982.8,,name=c5off1;level=overwatered;role=disp;spread=11;gpio=1;device_seq=77516;time_source=device_synced;device_timestamp_utc=2026-07-28T07:42:31.915Z;config_id=170b1c1e;rssi=-55;uptime_s=581400;heap=152848;cal_tier=board-cal;cal_src=wet_rederive_1236_20260719;pressure_context_source=weather_openmeteo;transport=wifi_poll,
plants.soil,2026-07-28T07:42:41.685Z,2026-07-28 02:42:41.685,23317,2a89d4,8gtt1h,0.7.3,fleet_logger_0_1,581400035,UMLIFE_v2_TLC555,ch1,origplant,soil_moisture,1387,,,OK,,,982.8,,name=c5off1;level=well watered;role=disp;spread=24;gpio=4;device_seq=77517;time_source=device_synced;device_timestamp_utc=2026-07-28T07:42:31.915Z;config_id=170b1c1e;rssi=-55;uptime_s=581400;heap=152848;cal_tier=board-cal;cal_src=wet_rederive_1236_20260719;pressure_context_source=weather_openmeteo;transport=wifi_poll,
plants.soil,2026-07-28T07:42:41.685Z,2026-07-28 02:42:41.685,23318,2a89d4,8gtt1h,0.7.3,fleet_logger_0_1,581400035,UMLIFE_v2_TLC555,ch2,origplant,soil_moisture,1250,,,OK,,,982.8,,name=c5off1;level=overwatered;role=disp;spread=16;gpio=5;device_seq=77518;time_source=device_synced;device_timestamp_utc=2026-07-28T07:42:31.915Z;config_id=170b1c1e;rssi=-55;uptime_s=581400;heap=152848;cal_tier=board-cal;cal_src=wet_rederive_1236_20260719;pressure_context_source=weather_openmeteo;transport=wifi_poll,
plants.soil,2026-07-28T07:42:41.685Z,2026-07-28 02:42:41.685,23319,2a89d4,8gtt1h,0.7.3,fleet_logger_0_1,581400035,UMLIFE_v2_TLC555,ch3,origplant,soil_moisture,1610,,,OK,,,982.8,,name=c5off1;level=OK;role=disp;spread=17;gpio=6;device_seq=77519;time_source=device_synced;device_timestamp_utc=2026-07-28T07:42:31.915Z;config_id=170b1c1e;rssi=-55;uptime_s=581400;heap=152848;cal_tier=board-cal;cal_src=wet_rederive_1236_20260719;pressure_context_source=weather_openmeteo;transport=wifi_poll,
plants.env,2026-07-28T07:42:41.685Z,2026-07-28 02:42:41.685,23320,2a89d4,8gtt1h,0.7.3,fleet_logger_0_1,581401819,ESP32,esp32_die,on_chip,die_temp,,23.70,degC,OK,,,,,name=c5off1;source=esp32_die;cal=uncalibrated_board_proxy;api=temperatureRead;config_id=170b1c1e;transport=wifi_poll,
plants.soil,2026-07-28T07:43:11.962Z,2026-07-28 02:43:11.962,23321,2a89d4,8gtt1h,0.7.3,fleet_logger_0_1,581430035,UMLIFE_v2_TLC555,ch0,origplant,soil_moisture,1231,,,OK,,,982.8,,name=c5off1;level=overwatered;role=disp;spread=17;gpio=1;device_seq=77520;time_source=device_synced;device_timestamp_utc=2026-07-28T07:43:01.915Z;config_id=170b1c1e;rssi=-57;uptime_s=581430;heap=152848;cal_tier=board-cal;cal_src=wet_rederive_1236_20260719;pressure_context_source=weather_openmeteo;transport=wifi_poll,
plants.soil,2026-07-28T07:43:11.962Z,2026-07-28 02:43:11.962,23322,2a89d4,8gtt1h,0.7.3,fleet_logger_0_1,581430035,UMLIFE_v2_TLC555,ch1,origplant,soil_moisture,1387,,,OK,,,982.8,,name=c5off1;level=well watered;role=disp;spread=24;gpio=4;device_seq=77521;time_source=device_synced;device_timestamp_utc=2026-07-28T07:43:01.915Z;config_id=170b1c1e;rssi=-57;uptime_s=581430;heap=152848;cal_tier=board-cal;cal_src=wet_rederive_1236_20260719;pressure_context_source=weather_openmeteo;transport=wifi_poll,
plants.soil,2026-07-28T07:43:11.962Z,2026-07-28 02:43:11.962,23323,2a89d4,8gtt1h,0.7.3,fleet_logger_0_1,581430035,UMLIFE_v2_TLC555,ch2,origplant,soil_moisture,1250,,,OK,,,982.8,,name=c5off1;level=overwatered;role=disp;spread=22;gpio=5;device_seq=77522;time_source=device_synced;device_timestamp_utc=2026-07-28T07:43:01.915Z;config_id=170b1c1e;rssi=-57;uptime_s=581430;heap=152848;cal_tier=board-cal;cal_src=wet_rederive_1236_20260719;pressure_context_source=weather_openmeteo;transport=wifi_poll,
plants.soil,2026-07-28T07:43:11.962Z,2026-07-28 02:43:11.962,23324,2a89d4,8gtt1h,0.7.3,fleet_logger_0_1,581430035,UMLIFE_v2_TLC555,ch3,origplant,soil_moisture,1606,,,OK,,,982.8,,name=c5off1;level=OK;role=disp;spread=29;gpio=6;device_seq=77523;time_source=device_synced;device_timestamp_utc=2026-07-28T07:43:01.915Z;config_id=170b1c1e;rssi=-57;uptime_s=581430;heap=152848;cal_tier=board-cal;cal_src=wet_rederive_1236_20260719;pressure_context_source=weather_openmeteo;transport=wifi_poll,
plants.env,2026-07-28T07:43:11.962Z,2026-07-28 02:43:11.962,23325,2a89d4,8gtt1h,0.7.3,fleet_logger_0_1,581430719,ESP32,esp32_die,on_chip,die_temp,,23.70,degC,OK,,,,,name=c5off1;source=esp32_die;cal=uncalibrated_board_proxy;api=temperatureRead;config_id=170b1c1e;transport=wifi_poll,
plants.soil,2026-07-28T07:43:42.513Z,2026-07-28 02:43:42.513,23326,2a89d4,8gtt1h,0.7.3,fleet_logger_0_1,581460035,UMLIFE_v2_TLC555,ch0,origplant,soil_moisture,1229,,,OK,,,982.8,,name=c5off1;level=overwatered;role=disp;spread=14;gpio=1;device_seq=77524;time_source=device_synced;device_timestamp_utc=2026-07-28T07:43:31.915Z;config_id=170b1c1e;rssi=-55;uptime_s=581460;heap=152644;cal_tier=board-cal;cal_src=wet_rederive_1236_20260719;pressure_context_source=weather_openmeteo;transport=wifi_poll,
plants.soil,2026-07-28T07:43:42.513Z,2026-07-28 02:43:42.513,23327,2a89d4,8gtt1h,0.7.3,fleet_logger_0_1,581460035,UMLIFE_v2_TLC555,ch1,origplant,soil_moisture,1385,,,OK,,,982.8,,name=c5off1;level=well watered;role=disp;spread=15;gpio=4;device_seq=77525;time_source=device_synced;device_timestamp_utc=2026-07-28T07:43:31.915Z;config_id=170b1c1e;rssi=-55;uptime_s=581460;heap=152644;cal_tier=board-cal;cal_src=wet_rederive_1236_20260719;pressure_context_source=weather_openmeteo;transport=wifi_poll,
plants.soil,2026-07-28T07:43:42.513Z,2026-07-28 02:43:42.513,23328,2a89d4,8gtt1h,0.7.3,fleet_logger_0_1,581460035,UMLIFE_v2_TLC555,ch2,origplant,soil_moisture,1248,,,OK,,,982.8,,name=c5off1;level=overwatered;role=disp;spread=17;gpio=5;device_seq=77526;time_source=device_synced;device_timestamp_utc=2026-07-28T07:43:31.915Z;config_id=170b1c1e;rssi=-55;uptime_s=581460;heap=152644;cal_tier=board-cal;cal_src=wet_rederive_1236_20260719;pressure_context_source=weather_openmeteo;transport=wifi_poll,
plants.soil,2026-07-28T07:43:42.513Z,2026-07-28 02:43:42.513,23329,2a89d4,8gtt1h,0.7.3,fleet_logger_0_1,581460035,UMLIFE_v2_TLC555,ch3,origplant,soil_moisture,1606,,,OK,,,982.8,,name=c5off1;level=OK;role=disp;spread=25;gpio=6;device_seq=77527;time_source=device_synced;device_timestamp_utc=2026-07-28T07:43:31.915Z;config_id=170b1c1e;rssi=-55;uptime_s=581460;heap=152644;cal_tier=board-cal;cal_src=wet_rederive_1236_20260719;pressure_context_source=weather_openmeteo;transport=wifi_poll,
plants.env,2026-07-28T07:43:42.513Z,2026-07-28 02:43:42.513,23330,2a89d4,8gtt1h,0.7.3,fleet_logger_0_1,581460719,ESP32,esp32_die,on_chip,die_temp,,23.70,degC,OK,,,,,name=c5off1;source=esp32_die;cal=uncalibrated_board_proxy;api=temperatureRead;config_id=170b1c1e;transport=wifi_poll,
plants.soil,2026-07-28T07:44:13.125Z,2026-07-28 02:44:13.125,23331,2a89d4,8gtt1h,0.7.3,fleet_logger_0_1,581490035,UMLIFE_v2_TLC555,ch0,origplant,soil_moisture,1232,,,OK,,,982.8,,name=c5off1;level=overwatered;role=disp;spread=8;gpio=1;device_seq=77528;time_source=device_synced;device_timestamp_utc=2026-07-28T07:44:01.915Z;config_id=170b1c1e;rssi=-56;uptime_s=581490;heap=152652;cal_tier=board-cal;cal_src=wet_rederive_1236_20260719;pressure_context_source=weather_openmeteo;transport=wifi_poll,
plants.soil,2026-07-28T07:44:13.125Z,2026-07-28 02:44:13.125,23332,2a89d4,8gtt1h,0.7.3,fleet_logger_0_1,581490035,UMLIFE_v2_TLC555,ch1,origplant,soil_moisture,1388,,,OK,,,982.8,,name=c5off1;level=well watered;role=disp;spread=29;gpio=4;device_seq=77529;time_source=device_synced;device_timestamp_utc=2026-07-28T07:44:01.915Z;config_id=170b1c1e;rssi=-56;uptime_s=581490;heap=152652;cal_tier=board-cal;cal_src=wet_rederive_1236_20260719;pressure_context_source=weather_openmeteo;transport=wifi_poll,
plants.soil,2026-07-28T07:44:13.125Z,2026-07-28 02:44:13.125,23333,2a89d4,8gtt1h,0.7.3,fleet_logger_0_1,581490035,UMLIFE_v2_TLC555,ch2,origplant,soil_moisture,1249,,,OK,,,982.8,,name=c5off1;level=overwatered;role=disp;spread=7;gpio=5;device_seq=77530;time_source=device_synced;device_timestamp_utc=2026-07-28T07:44:01.915Z;config_id=170b1c1e;rssi=-56;uptime_s=581490;heap=152652;cal_tier=board-cal;cal_src=wet_rederive_1236_20260719;pressure_context_source=weather_openmeteo;transport=wifi_poll,
plants.soil,2026-07-28T07:44:13.125Z,2026-07-28 02:44:13.125,23334,2a89d4,8gtt1h,0.7.3,fleet_logger_0_1,581490035,UMLIFE_v2_TLC555,ch3,origplant,soil_moisture,1609,,,OK,,,982.8,,name=c5off1;level=OK;role=disp;spread=13;gpio=6;device_seq=77531;time_source=device_synced;device_timestamp_utc=2026-07-28T07:44:01.915Z;config_id=170b1c1e;rssi=-56;uptime_s=581490;heap=152652;cal_tier=board-cal;cal_src=wet_rederive_1236_20260719;pressure_context_source=weather_openmeteo;transport=wifi_poll,
plants.env,2026-07-28T07:44:13.125Z,2026-07-28 02:44:13.125,23335,2a89d4,8gtt1h,0.7.3,fleet_logger_0_1,581490719,ESP32,esp32_die,on_chip,die_temp,,23.70,degC,OK,,,,,name=c5off1;source=esp32_die;cal=uncalibrated_board_proxy;api=temperatureRead;config_id=170b1c1e;transport=wifi_poll,
plants.soil,2026-07-28T07:44:43.535Z,2026-07-28 02:44:43.535,23336,2a89d4,8gtt1h,0.7.3,fleet_logger_0_1,581520035,UMLIFE_v2_TLC555,ch0,origplant,soil_moisture,1231,,,OK,,,982.8,,name=c5off1;level=overwatered;role=disp;spread=8;gpio=1;device_seq=77532;time_source=device_synced;device_timestamp_utc=2026-07-28T07:44:31.915Z;config_id=170b1c1e;rssi=-56;uptime_s=581520;heap=152388;cal_tier=board-cal;cal_src=wet_rederive_1236_20260719;pressure_context_source=weather_openmeteo;transport=wifi_poll,
plants.soil,2026-07-28T07:44:43.535Z,2026-07-28 02:44:43.535,23337,2a89d4,8gtt1h,0.7.3,fleet_logger_0_1,581520035,UMLIFE_v2_TLC555,ch1,origplant,soil_moisture,1389,,,OK,,,982.8,,name=c5off1;level=well watered;role=disp;spread=29;gpio=4;device_seq=77533;time_source=device_synced;device_timestamp_utc=2026-07-28T07:44:31.915Z;config_id=170b1c1e;rssi=-56;uptime_s=581520;heap=152388;cal_tier=board-cal;cal_src=wet_rederive_1236_20260719;pressure_context_source=weather_openmeteo;transport=wifi_poll,
plants.soil,2026-07-28T07:44:43.535Z,2026-07-28 02:44:43.535,23338,2a89d4,8gtt1h,0.7.3,fleet_logger_0_1,581520035,UMLIFE_v2_TLC555,ch2,origplant,soil_moisture,1249,,,OK,,,982.8,,name=c5off1;level=overwatered;role=disp;spread=13;gpio=5;device_seq=77534;time_source=device_synced;device_timestamp_utc=2026-07-28T07:44:31.915Z;config_id=170b1c1e;rssi=-56;uptime_s=581520;heap=152388;cal_tier=board-cal;cal_src=wet_rederive_1236_20260719;pressure_context_source=weather_openmeteo;transport=wifi_poll,
plants.soil,2026-07-28T07:44:43.535Z,2026-07-28 02:44:43.535,23339,2a89d4,8gtt1h,0.7.3,fleet_logger_0_1,581520035,UMLIFE_v2_TLC555,ch3,origplant,soil_moisture,1608,,,OK,,,982.8,,name=c5off1;level=OK;role=disp;spread=18;gpio=6;device_seq=77535;time_source=device_synced;device_timestamp_utc=2026-07-28T07:44:31.915Z;config_id=170b1c1e;rssi=-56;uptime_s=581520;heap=152388;cal_tier=board-cal;cal_src=wet_rederive_1236_20260719;pressure_context_source=weather_openmeteo;transport=wifi_poll,
plants.env,2026-07-28T07:44:43.535Z,2026-07-28 02:44:43.535,23340,2a89d4,8gtt1h,0.7.3,fleet_logger_0_1,581520719,ESP32,esp32_die,on_chip,die_temp,,23.70,degC,OK,,,,,name=c5off1;source=esp32_die;cal=uncalibrated_board_proxy;api=temperatureRead;config_id=170b1c1e;transport=wifi_poll,
plants.soil,2026-07-28T07:45:13.744Z,2026-07-28 02:45:13.744,23341,2a89d4,8gtt1h,0.7.3,fleet_logger_0_1,581550035,UMLIFE_v2_TLC555,ch0,origplant,soil_moisture,1231,,,OK,,,982.8,,name=c5off1;level=overwatered;role=disp;spread=8;gpio=1;device_seq=77536;time_source=device_synced;device_timestamp_utc=2026-07-28T07:45:01.915Z;config_id=170b1c1e;rssi=-56;uptime_s=581550;heap=152388;cal_tier=board-cal;cal_src=wet_rederive_1236_20260719;pressure_context_source=weather_openmeteo;transport=wifi_poll,
plants.soil,2026-07-28T07:45:13.744Z,2026-07-28 02:45:13.744,23342,2a89d4,8gtt1h,0.7.3,fleet_logger_0_1,581550035,UMLIFE_v2_TLC555,ch1,origplant,soil_moisture,1385,,,OK,,,982.8,,name=c5off1;level=well watered;role=disp;spread=10;gpio=4;device_seq=77537;time_source=device_synced;device_timestamp_utc=2026-07-28T07:45:01.915Z;config_id=170b1c1e;rssi=-56;uptime_s=581550;heap=152388;cal_tier=board-cal;cal_src=wet_rederive_1236_20260719;pressure_context_source=weather_openmeteo;transport=wifi_poll,
plants.soil,2026-07-28T07:45:13.744Z,2026-07-28 02:45:13.744,23343,2a89d4,8gtt1h,0.7.3,fleet_logger_0_1,581550035,UMLIFE_v2_TLC555,ch2,origplant,soil_moisture,1248,,,OK,,,982.8,,name=c5off1;level=overwatered;role=disp;spread=15;gpio=5;device_seq=77538;time_source=device_synced;device_timestamp_utc=2026-07-28T07:45:01.915Z;config_id=170b1c1e;rssi=-56;uptime_s=581550;heap=152388;cal_tier=board-cal;cal_src=wet_rederive_1236_20260719;pressure_context_source=weather_openmeteo;transport=wifi_poll,
plants.soil,2026-07-28T07:45:13.744Z,2026-07-28 02:45:13.744,23344,2a89d4,8gtt1h,0.7.3,fleet_logger_0_1,581550035,UMLIFE_v2_TLC555,ch3,origplant,soil_moisture,1608,,,OK,,,982.8,,name=c5off1;level=OK;role=disp;spread=13;gpio=6;device_seq=77539;time_source=device_synced;device_timestamp_utc=2026-07-28T07:45:01.915Z;config_id=170b1c1e;rssi=-56;uptime_s=581550;heap=152388;cal_tier=board-cal;cal_src=wet_rederive_1236_20260719;pressure_context_source=weather_openmeteo;transport=wifi_poll,
plants.env,2026-07-28T07:45:13.744Z,2026-07-28 02:45:13.744,23345,2a89d4,8gtt1h,0.7.3,fleet_logger_0_1,581550719,ESP32,esp32_die,on_chip,die_temp,,23.70,degC,OK,,,,,name=c5off1;source=esp32_die;cal=uncalibrated_board_proxy;api=temperatureRead;config_id=170b1c1e;transport=wifi_poll,
plants.soil,2026-07-28T07:45:44.054Z,2026-07-28 02:45:44.054,23346,2a89d4,8gtt1h,0.7.3,fleet_logger_0_1,581580035,UMLIFE_v2_TLC555,ch0,origplant,soil_moisture,1230,,,OK,,,982.8,,name=c5off1;level=overwatered;role=disp;spread=13;gpio=1;device_seq=77540;time_source=device_synced;device_timestamp_utc=2026-07-28T07:45:31.915Z;config_id=170b1c1e;rssi=-57;uptime_s=581580;heap=152644;cal_tier=board-cal;cal_src=wet_rederive_1236_20260719;pressure_context_source=weather_openmeteo;transport=wifi_poll,
plants.soil,2026-07-28T07:45:44.054Z,2026-07-28 02:45:44.054,23347,2a89d4,8gtt1h,0.7.3,fleet_logger_0_1,581580035,UMLIFE_v2_TLC555,ch1,origplant,soil_moisture,1387,,,OK,,,982.8,,name=c5off1;level=well watered;role=disp;spread=20;gpio=4;device_seq=77541;time_source=device_synced;device_timestamp_utc=2026-07-28T07:45:31.915Z;config_id=170b1c1e;rssi=-57;uptime_s=581580;heap=152644;cal_tier=board-cal;cal_src=wet_rederive_1236_20260719;pressure_context_source=weather_openmeteo;transport=wifi_poll,
plants.soil,2026-07-28T07:45:44.054Z,2026-07-28 02:45:44.054,23348,2a89d4,8gtt1h,0.7.3,fleet_logger_0_1,581580035,UMLIFE_v2_TLC555,ch2,origplant,soil_moisture,1249,,,OK,,,982.8,,name=c5off1;level=overwatered;role=disp;spread=9;gpio=5;device_seq=77542;time_source=device_synced;device_timestamp_utc=2026-07-28T07:45:31.915Z;config_id=170b1c1e;rssi=-57;uptime_s=581580;heap=152644;cal_tier=board-cal;cal_src=wet_rederive_1236_20260719;pressure_context_source=weather_openmeteo;transport=wifi_poll,
plants.soil,2026-07-28T07:45:44.054Z,2026-07-28 02:45:44.054,23349,2a89d4,8gtt1h,0.7.3,fleet_logger_0_1,581580035,UMLIFE_v2_TLC555,ch3,origplant,soil_moisture,1609,,,OK,,,982.8,,name=c5off1;level=OK;role=disp;spread=23;gpio=6;device_seq=77543;time_source=device_synced;device_timestamp_utc=2026-07-28T07:45:31.915Z;config_id=170b1c1e;rssi=-57;uptime_s=581580;heap=152644;cal_tier=board-cal;cal_src=wet_rederive_1236_20260719;pressure_context_source=weather_openmeteo;transport=wifi_poll,
plants.env,2026-07-28T07:45:44.054Z,2026-07-28 02:45:44.054,23350,2a89d4,8gtt1h,0.7.3,fleet_logger_0_1,581580719,ESP32,esp32_die,on_chip,die_temp,,23.70,degC,OK,,,,,name=c5off1;source=esp32_die;cal=uncalibrated_board_proxy;api=temperatureRead;config_id=170b1c1e;transport=wifi_poll,
plants.soil,2026-07-28T07:46:15.509Z,2026-07-28 02:46:15.509,23351,2a89d4,8gtt1h,0.7.3,fleet_logger_0_1,581610035,UMLIFE_v2_TLC555,ch0,origplant,soil_moisture,1231,,,OK,,,982.8,,name=c5off1;level=overwatered;role=disp;spread=10;gpio=1;device_seq=77544;time_source=device_synced;device_timestamp_utc=2026-07-28T07:46:01.989Z;config_id=170b1c1e;rssi=-55;uptime_s=581610;heap=152580;cal_tier=board-cal;cal_src=wet_rederive_1236_20260719;pressure_context_source=weather_openmeteo;transport=wifi_poll,
plants.soil,2026-07-28T07:46:15.509Z,2026-07-28 02:46:15.509,23352,2a89d4,8gtt1h,0.7.3,fleet_logger_0_1,581610035,UMLIFE_v2_TLC555,ch1,origplant,soil_moisture,1388,,,OK,,,982.8,,name=c5off1;level=well watered;role=disp;spread=19;gpio=4;device_seq=77545;time_source=device_synced;device_timestamp_utc=2026-07-28T07:46:01.989Z;config_id=170b1c1e;rssi=-55;uptime_s=581610;heap=152580;cal_tier=board-cal;cal_src=wet_rederive_1236_20260719;pressure_context_source=weather_openmeteo;transport=wifi_poll,
plants.soil,2026-07-28T07:46:15.509Z,2026-07-28 02:46:15.509,23353,2a89d4,8gtt1h,0.7.3,fleet_logger_0_1,581610035,UMLIFE_v2_TLC555,ch2,origplant,soil_moisture,1249,,,OK,,,982.8,,name=c5off1;level=overwatered;role=disp;spread=18;gpio=5;device_seq=77546;time_source=device_synced;device_timestamp_utc=2026-07-28T07:46:01.989Z;config_id=170b1c1e;rssi=-55;uptime_s=581610;heap=152580;cal_tier=board-cal;cal_src=wet_rederive_1236_20260719;pressure_context_source=weather_openmeteo;transport=wifi_poll,
plants.soil,2026-07-28T07:46:15.509Z,2026-07-28 02:46:15.509,23354,2a89d4,8gtt1h,0.7.3,fleet_logger_0_1,581610035,UMLIFE_v2_TLC555,ch3,origplant,soil_moisture,1608,,,OK,,,982.8,,name=c5off1;level=OK;role=disp;spread=28;gpio=6;device_seq=77547;time_source=device_synced;device_timestamp_utc=2026-07-28T07:46:01.989Z;config_id=170b1c1e;rssi=-55;uptime_s=581610;heap=152580;cal_tier=board-cal;cal_src=wet_rederive_1236_20260719;pressure_context_source=weather_openmeteo;transport=wifi_poll,
plants.env,2026-07-28T07:46:15.509Z,2026-07-28 02:46:15.509,23355,2a89d4,8gtt1h,0.7.3,fleet_logger_0_1,581610719,ESP32,esp32_die,on_chip,die_temp,,23.70,degC,OK,,,,,name=c5off1;source=esp32_die;cal=uncalibrated_board_proxy;api=temperatureRead;config_id=170b1c1e;transport=wifi_poll,
plants.soil,2026-07-28T07:46:47.132Z,2026-07-28 02:46:47.132,23356,2a89d4,8gtt1h,0.7.3,fleet_logger_0_1,581640035,UMLIFE_v2_TLC555,ch0,origplant,soil_moisture,1233,,,OK,,,982.8,,name=c5off1;level=overwatered;role=disp;spread=15;gpio=1;device_seq=77548;time_source=device_synced;device_timestamp_utc=2026-07-28T07:46:31.989Z;config_id=170b1c1e;rssi=-58;uptime_s=581640;heap=152612;cal_tier=board-cal;cal_src=wet_rederive_1236_20260719;pressure_context_source=weather_openmeteo;transport=wifi_poll,
plants.soil,2026-07-28T07:46:47.132Z,2026-07-28 02:46:47.132,23357,2a89d4,8gtt1h,0.7.3,fleet_logger_0_1,581640035,UMLIFE_v2_TLC555,ch1,origplant,soil_moisture,1390,,,OK,,,982.8,,name=c5off1;level=well watered;role=disp;spread=11;gpio=4;device_seq=77549;time_source=device_synced;device_timestamp_utc=2026-07-28T07:46:31.989Z;config_id=170b1c1e;rssi=-58;uptime_s=581640;heap=152612;cal_tier=board-cal;cal_src=wet_rederive_1236_20260719;pressure_context_source=weather_openmeteo;transport=wifi_poll,
plants.soil,2026-07-28T07:46:47.132Z,2026-07-28 02:46:47.132,23358,2a89d4,8gtt1h,0.7.3,fleet_logger_0_1,581640035,UMLIFE_v2_TLC555,ch2,origplant,soil_moisture,1249,,,OK,,,982.8,,name=c5off1;level=overwatered;role=disp;spread=24;gpio=5;device_seq=77550;time_source=device_synced;device_timestamp_utc=2026-07-28T07:46:31.989Z;config_id=170b1c1e;rssi=-58;uptime_s=581640;heap=152612;cal_tier=board-cal;cal_src=wet_rederive_1236_20260719;pressure_context_source=weather_openmeteo;transport=wifi_poll,
plants.soil,2026-07-28T07:46:47.132Z,2026-07-28 02:46:47.132,23359,2a89d4,8gtt1h,0.7.3,fleet_logger_0_1,581640035,UMLIFE_v2_TLC555,ch3,origplant,soil_moisture,1607,,,OK,,,982.8,,name=c5off1;level=OK;role=disp;spread=27;gpio=6;device_seq=77551;time_source=device_synced;device_timestamp_utc=2026-07-28T07:46:31.989Z;config_id=170b1c1e;rssi=-58;uptime_s=581640;heap=152612;cal_tier=board-cal;cal_src=wet_rederive_1236_20260719;pressure_context_source=weather_openmeteo;transport=wifi_poll,
plants.env,2026-07-28T07:46:47.132Z,2026-07-28 02:46:47.132,23360,2a89d4,8gtt1h,0.7.3,fleet_logger_0_1,581640719,ESP32,esp32_die,on_chip,die_temp,,23.70,degC,OK,,,,,name=c5off1;source=esp32_die;cal=uncalibrated_board_proxy;api=temperatureRead;config_id=170b1c1e;transport=wifi_poll,
plants.soil,2026-07-28T07:47:17.824Z,2026-07-28 02:47:17.824,23361,2a89d4,8gtt1h,0.7.3,fleet_logger_0_1,581670035,UMLIFE_v2_TLC555,ch0,origplant,soil_moisture,1231,,,OK,,,982.8,,name=c5off1;level=overwatered;role=disp;spread=9;gpio=1;device_seq=77552;time_source=device_synced;device_timestamp_utc=2026-07-28T07:47:01.989Z;config_id=170b1c1e;rssi=-57;uptime_s=581670;heap=152644;cal_tier=board-cal;cal_src=wet_rederive_1236_20260719;pressure_context_source=weather_openmeteo;transport=wifi_poll,
plants.soil,2026-07-28T07:47:17.824Z,2026-07-28 02:47:17.824,23362,2a89d4,8gtt1h,0.7.3,fleet_logger_0_1,581670035,UMLIFE_v2_TLC555,ch1,origplant,soil_moisture,1387,,,OK,,,982.8,,name=c5off1;level=well watered;role=disp;spread=6;gpio=4;device_seq=77553;time_source=device_synced;device_timestamp_utc=2026-07-28T07:47:01.989Z;config_id=170b1c1e;rssi=-57;uptime_s=581670;heap=152644;cal_tier=board-cal;cal_src=wet_rederive_1236_20260719;pressure_context_source=weather_openmeteo;transport=wifi_poll,
plants.soil,2026-07-28T07:47:17.824Z,2026-07-28 02:47:17.824,23363,2a89d4,8gtt1h,0.7.3,fleet_logger_0_1,581670035,UMLIFE_v2_TLC555,ch2,origplant,soil_moisture,1249,,,OK,,,982.8,,name=c5off1;level=overwatered;role=disp;spread=15;gpio=5;device_seq=77554;time_source=device_synced;device_timestamp_utc=2026-07-28T07:47:01.989Z;config_id=170b1c1e;rssi=-57;uptime_s=581670;heap=152644;cal_tier=board-cal;cal_src=wet_rederive_1236_20260719;pressure_context_source=weather_openmeteo;transport=wifi_poll,
plants.soil,2026-07-28T07:47:17.824Z,2026-07-28 02:47:17.824,23364,2a89d4,8gtt1h,0.7.3,fleet_logger_0_1,581670035,UMLIFE_v2_TLC555,ch3,origplant,soil_moisture,1605,,,OK,,,982.8,,name=c5off1;level=OK;role=disp;spread=24;gpio=6;device_seq=77555;time_source=device_synced;device_timestamp_utc=2026-07-28T07:47:01.989Z;config_id=170b1c1e;rssi=-57;uptime_s=581670;heap=152644;cal_tier=board-cal;cal_src=wet_rederive_1236_20260719;pressure_context_source=weather_openmeteo;transport=wifi_poll,
plants.env,2026-07-28T07:47:17.824Z,2026-07-28 02:47:17.824,23365,2a89d4,8gtt1h,0.7.3,fleet_logger_0_1,581670719,ESP32,esp32_die,on_chip,die_temp,,23.70,degC,OK,,,,,name=c5off1;source=esp32_die;cal=uncalibrated_board_proxy;api=temperatureRead;config_id=170b1c1e;transport=wifi_poll,
plants.soil,2026-07-28T07:47:50.485Z,2026-07-28 02:47:50.485,23366,2a89d4,8gtt1h,0.7.3,fleet_logger_0_1,581700035,UMLIFE_v2_TLC555,ch0,origplant,soil_moisture,1223,,,OK,,,982.8,,name=c5off1;level=overwatered;role=disp;spread=11;gpio=1;device_seq=77556;time_source=device_synced;device_timestamp_utc=2026-07-28T07:47:31.989Z;config_id=170b1c1e;rssi=-56;uptime_s=581700;heap=152380;cal_tier=board-cal;cal_src=wet_rederive_1236_20260719;pressure_context_source=weather_openmeteo;transport=wifi_poll,
plants.soil,2026-07-28T07:47:50.485Z,2026-07-28 02:47:50.485,23367,2a89d4,8gtt1h,0.7.3,fleet_logger_0_1,581700035,UMLIFE_v2_TLC555,ch1,origplant,soil_moisture,1385,,,OK,,,982.8,,name=c5off1;level=well watered;role=disp;spread=15;gpio=4;device_seq=77557;time_source=device_synced;device_timestamp_utc=2026-07-28T07:47:31.989Z;config_id=170b1c1e;rssi=-56;uptime_s=581700;heap=152380;cal_tier=board-cal;cal_src=wet_rederive_1236_20260719;pressure_context_source=weather_openmeteo;transport=wifi_poll,
plants.soil,2026-07-28T07:47:50.485Z,2026-07-28 02:47:50.485,23368,2a89d4,8gtt1h,0.7.3,fleet_logger_0_1,581700035,UMLIFE_v2_TLC555,ch2,origplant,soil_moisture,1247,,,OK,,,982.8,,name=c5off1;level=overwatered;role=disp;spread=15;gpio=5;device_seq=77558;time_source=device_synced;device_timestamp_utc=2026-07-28T07:47:31.989Z;config_id=170b1c1e;rssi=-56;uptime_s=581700;heap=152380;cal_tier=board-cal;cal_src=wet_rederive_1236_20260719;pressure_context_source=weather_openmeteo;transport=wifi_poll,
plants.soil,2026-07-28T07:47:50.485Z,2026-07-28 02:47:50.485,23369,2a89d4,8gtt1h,0.7.3,fleet_logger_0_1,581700035,UMLIFE_v2_TLC555,ch3,origplant,soil_moisture,1607,,,OK,,,982.8,,name=c5off1;level=OK;role=disp;spread=28;gpio=6;device_seq=77559;time_source=device_synced;device_timestamp_utc=2026-07-28T07:47:31.989Z;config_id=170b1c1e;rssi=-56;uptime_s=581700;heap=152380;cal_tier=board-cal;cal_src=wet_rederive_1236_20260719;pressure_context_source=weather_openmeteo;transport=wifi_poll,
plants.env,2026-07-28T07:47:50.485Z,2026-07-28 02:47:50.485,23370,2a89d4,8gtt1h,0.7.3,fleet_logger_0_1,581700719,ESP32,esp32_die,on_chip,die_temp,,23.70,degC,OK,,,,,name=c5off1;source=esp32_die;cal=uncalibrated_board_proxy;api=temperatureRead;config_id=170b1c1e;transport=wifi_poll,
plants.soil,2026-07-28T07:48:21.034Z,2026-07-28 02:48:21.034,23371,2a89d4,8gtt1h,0.7.3,fleet_logger_0_1,581730035,UMLIFE_v2_TLC555,ch0,origplant,soil_moisture,1230,,,OK,,,982.8,,name=c5off1;level=overwatered;role=disp;spread=10;gpio=1;device_seq=77560;time_source=device_synced;device_timestamp_utc=2026-07-28T07:48:01.989Z;config_id=170b1c1e;rssi=-56;uptime_s=581730;heap=152376;cal_tier=board-cal;cal_src=wet_rederive_1236_20260719;pressure_context_source=weather_openmeteo;transport=wifi_poll,
plants.soil,2026-07-28T07:48:21.034Z,2026-07-28 02:48:21.034,23372,2a89d4,8gtt1h,0.7.3,fleet_logger_0_1,581730035,UMLIFE_v2_TLC555,ch1,origplant,soil_moisture,1386,,,OK,,,982.8,,name=c5off1;level=well watered;role=disp;spread=22;gpio=4;device_seq=77561;time_source=device_synced;device_timestamp_utc=2026-07-28T07:48:01.989Z;config_id=170b1c1e;rssi=-56;uptime_s=581730;heap=152376;cal_tier=board-cal;cal_src=wet_rederive_1236_20260719;pressure_context_source=weather_openmeteo;transport=wifi_poll,
plants.soil,2026-07-28T07:48:21.034Z,2026-07-28 02:48:21.034,23373,2a89d4,8gtt1h,0.7.3,fleet_logger_0_1,581730035,UMLIFE_v2_TLC555,ch2,origplant,soil_moisture,1247,,,OK,,,982.8,,name=c5off1;level=overwatered;role=disp;spread=15;gpio=5;device_seq=77562;time_source=device_synced;device_timestamp_utc=2026-07-28T07:48:01.989Z;config_id=170b1c1e;rssi=-56;uptime_s=581730;heap=152376;cal_tier=board-cal;cal_src=wet_rederive_1236_20260719;pressure_context_source=weather_openmeteo;transport=wifi_poll,
plants.soil,2026-07-28T07:48:21.034Z,2026-07-28 02:48:21.034,23374,2a89d4,8gtt1h,0.7.3,fleet_logger_0_1,581730035,UMLIFE_v2_TLC555,ch3,origplant,soil_moisture,1607,,,OK,,,982.8,,name=c5off1;level=OK;role=disp;spread=30;gpio=6;device_seq=77563;time_source=device_synced;device_timestamp_utc=2026-07-28T07:48:01.989Z;config_id=170b1c1e;rssi=-56;uptime_s=581730;heap=152376;cal_tier=board-cal;cal_src=wet_rederive_1236_20260719;pressure_context_source=weather_openmeteo;transport=wifi_poll,
plants.env,2026-07-28T07:48:21.034Z,2026-07-28 02:48:21.034,23375,2a89d4,8gtt1h,0.7.3,fleet_logger_0_1,581730719,ESP32,esp32_die,on_chip,die_temp,,24.70,degC,OK,,,,,name=c5off1;source=esp32_die;cal=uncalibrated_board_proxy;api=temperatureRead;config_id=170b1c1e;transport=wifi_poll,
plants.soil,2026-07-28T07:48:51.278Z,2026-07-28 02:48:51.278,23376,2a89d4,8gtt1h,0.7.3,fleet_logger_0_1,581760035,UMLIFE_v2_TLC555,ch0,origplant,soil_moisture,1212,,,OK,,,982.8,,name=c5off1;level=overwatered;role=disp;spread=10;gpio=1;device_seq=77564;time_source=device_synced;device_timestamp_utc=2026-07-28T07:48:31.989Z;config_id=170b1c1e;rssi=-55;uptime_s=581760;heap=152636;cal_tier=board-cal;cal_src=wet_rederive_1236_20260719;pressure_context_source=weather_openmeteo;transport=wifi_poll,
plants.soil,2026-07-28T07:48:51.278Z,2026-07-28 02:48:51.278,23377,2a89d4,8gtt1h,0.7.3,fleet_logger_0_1,581760035,UMLIFE_v2_TLC555,ch1,origplant,soil_moisture,1370,,,OK,,,982.8,,name=c5off1;level=well watered;role=disp;spread=20;gpio=4;device_seq=77565;time_source=device_synced;device_timestamp_utc=2026-07-28T07:48:31.989Z;config_id=170b1c1e;rssi=-55;uptime_s=581760;heap=152636;cal_tier=board-cal;cal_src=wet_rederive_1236_20260719;pressure_context_source=weather_openmeteo;transport=wifi_poll,
plants.soil,2026-07-28T07:48:51.278Z,2026-07-28 02:48:51.278,23378,2a89d4,8gtt1h,0.7.3,fleet_logger_0_1,581760035,UMLIFE_v2_TLC555,ch2,origplant,soil_moisture,1246,,,OK,,,982.8,,name=c5off1;level=overwatered;role=disp;spread=10;gpio=5;device_seq=77566;time_source=device_synced;device_timestamp_utc=2026-07-28T07:48:31.989Z;config_id=170b1c1e;rssi=-55;uptime_s=581760;heap=152636;cal_tier=board-cal;cal_src=wet_rederive_1236_20260719;pressure_context_source=weather_openmeteo;transport=wifi_poll,
plants.soil,2026-07-28T07:48:51.278Z,2026-07-28 02:48:51.278,23379,2a89d4,8gtt1h,0.7.3,fleet_logger_0_1,581760035,UMLIFE_v2_TLC555,ch3,origplant,soil_moisture,1599,,,OK,,,982.8,,name=c5off1;level=OK;role=disp;spread=17;gpio=6;device_seq=77567;time_source=device_synced;device_timestamp_utc=2026-07-28T07:48:31.989Z;config_id=170b1c1e;rssi=-55;uptime_s=581760;heap=152636;cal_tier=board-cal;cal_src=wet_rederive_1236_20260719;pressure_context_source=weather_openmeteo;transport=wifi_poll,
plants.env,2026-07-28T07:48:51.278Z,2026-07-28 02:48:51.278,23380,2a89d4,8gtt1h,0.7.3,fleet_logger_0_1,581760719,ESP32,esp32_die,on_chip,die_temp,,24.70,degC,OK,,,,,name=c5off1;source=esp32_die;cal=uncalibrated_board_proxy;api=temperatureRead;config_id=170b1c1e;transport=wifi_poll,
plants.soil,2026-07-28T07:49:21.858Z,2026-07-28 02:49:21.858,23381,2a89d4,8gtt1h,0.7.3,fleet_logger_0_1,581790035,UMLIFE_v2_TLC555,ch0,origplant,soil_moisture,1230,,,OK,,,982.8,,name=c5off1;level=overwatered;role=disp;spread=12;gpio=1;device_seq=77568;time_source=device_synced;device_timestamp_utc=2026-07-28T07:49:01.989Z;config_id=170b1c1e;rssi=-57;uptime_s=581790;heap=152636;cal_tier=board-cal;cal_src=wet_rederive_1236_20260719;pressure_context_source=weather_openmeteo;transport=wifi_poll,
plants.soil,2026-07-28T07:49:21.858Z,2026-07-28 02:49:21.858,23382,2a89d4,8gtt1h,0.7.3,fleet_logger_0_1,581790035,UMLIFE_v2_TLC555,ch1,origplant,soil_moisture,1386,,,OK,,,982.8,,name=c5off1;level=well watered;role=disp;spread=22;gpio=4;device_seq=77569;time_source=device_synced;device_timestamp_utc=2026-07-28T07:49:01.989Z;config_id=170b1c1e;rssi=-57;uptime_s=581790;heap=152636;cal_tier=board-cal;cal_src=wet_rederive_1236_20260719;pressure_context_source=weather_openmeteo;transport=wifi_poll,
plants.soil,2026-07-28T07:49:21.858Z,2026-07-28 02:49:21.858,23383,2a89d4,8gtt1h,0.7.3,fleet_logger_0_1,581790035,UMLIFE_v2_TLC555,ch2,origplant,soil_moisture,1248,,,OK,,,982.8,,name=c5off1;level=overwatered;role=disp;spread=16;gpio=5;device_seq=77570;time_source=device_synced;device_timestamp_utc=2026-07-28T07:49:01.989Z;config_id=170b1c1e;rssi=-57;uptime_s=581790;heap=152636;cal_tier=board-cal;cal_src=wet_rederive_1236_20260719;pressure_context_source=weather_openmeteo;transport=wifi_poll,
plants.soil,2026-07-28T07:49:21.858Z,2026-07-28 02:49:21.858,23384,2a89d4,8gtt1h,0.7.3,fleet_logger_0_1,581790035,UMLIFE_v2_TLC555,ch3,origplant,soil_moisture,1609,,,OK,,,982.8,,name=c5off1;level=OK;role=disp;spread=23;gpio=6;device_seq=77571;time_source=device_synced;device_timestamp_utc=2026-07-28T07:49:01.989Z;config_id=170b1c1e;rssi=-57;uptime_s=581790;heap=152636;cal_tier=board-cal;cal_src=wet_rederive_1236_20260719;pressure_context_source=weather_openmeteo;transport=wifi_poll,
plants.env,2026-07-28T07:49:21.858Z,2026-07-28 02:49:21.858,23385,2a89d4,8gtt1h,0.7.3,fleet_logger_0_1,581790719,ESP32,esp32_die,on_chip,die_temp,,24.70,degC,OK,,,,,name=c5off1;source=esp32_die;cal=uncalibrated_board_proxy;api=temperatureRead;config_id=170b1c1e;transport=wifi_poll,
plants.soil,2026-07-28T07:49:52.373Z,2026-07-28 02:49:52.373,23386,2a89d4,8gtt1h,0.7.3,fleet_logger_0_1,581820035,UMLIFE_v2_TLC555,ch0,origplant,soil_moisture,1213,,,OK,,,982.8,,name=c5off1;level=overwatered;role=disp;spread=8;gpio=1;device_seq=77572;time_source=device_synced;device_timestamp_utc=2026-07-28T07:49:31.989Z;config_id=170b1c1e;rssi=-56;uptime_s=581820;heap=152596;cal_tier=board-cal;cal_src=wet_rederive_1236_20260719;pressure_context_source=weather_openmeteo;transport=wifi_poll,
plants.soil,2026-07-28T07:49:52.373Z,2026-07-28 02:49:52.373,23387,2a89d4,8gtt1h,0.7.3,fleet_logger_0_1,581820035,UMLIFE_v2_TLC555,ch1,origplant,soil_moisture,1374,,,OK,,,982.8,,name=c5off1;level=well watered;role=disp;spread=18;gpio=4;device_seq=77573;time_source=device_synced;device_timestamp_utc=2026-07-28T07:49:31.989Z;config_id=170b1c1e;rssi=-56;uptime_s=581820;heap=152596;cal_tier=board-cal;cal_src=wet_rederive_1236_20260719;pressure_context_source=weather_openmeteo;transport=wifi_poll,
plants.soil,2026-07-28T07:49:52.373Z,2026-07-28 02:49:52.373,23388,2a89d4,8gtt1h,0.7.3,fleet_logger_0_1,581820035,UMLIFE_v2_TLC555,ch2,origplant,soil_moisture,1250,,,OK,,,982.8,,name=c5off1;level=overwatered;role=disp;spread=21;gpio=5;device_seq=77574;time_source=device_synced;device_timestamp_utc=2026-07-28T07:49:31.989Z;config_id=170b1c1e;rssi=-56;uptime_s=581820;heap=152596;cal_tier=board-cal;cal_src=wet_rederive_1236_20260719;pressure_context_source=weather_openmeteo;transport=wifi_poll,
plants.soil,2026-07-28T07:49:52.373Z,2026-07-28 02:49:52.373,23389,2a89d4,8gtt1h,0.7.3,fleet_logger_0_1,581820035,UMLIFE_v2_TLC555,ch3,origplant,soil_moisture,1604,,,OK,,,982.8,,name=c5off1;level=OK;role=disp;spread=26;gpio=6;device_seq=77575;time_source=device_synced;device_timestamp_utc=2026-07-28T07:49:31.989Z;config_id=170b1c1e;rssi=-56;uptime_s=581820;heap=152596;cal_tier=board-cal;cal_src=wet_rederive_1236_20260719;pressure_context_source=weather_openmeteo;transport=wifi_poll,
plants.env,2026-07-28T07:49:52.373Z,2026-07-28 02:49:52.373,23390,2a89d4,8gtt1h,0.7.3,fleet_logger_0_1,581820719,ESP32,esp32_die,on_chip,die_temp,,24.70,degC,OK,,,,,name=c5off1;source=esp32_die;cal=uncalibrated_board_proxy;api=temperatureRead;config_id=170b1c1e;transport=wifi_poll,
plants.soil,2026-07-28T07:50:22.888Z,2026-07-28 02:50:22.888,23391,2a89d4,8gtt1h,0.7.3,fleet_logger_0_1,581850035,UMLIFE_v2_TLC555,ch0,origplant,soil_moisture,1222,,,OK,,,982.8,,name=c5off1;level=overwatered;role=disp;spread=14;gpio=1;device_seq=77576;time_source=device_synced;device_timestamp_utc=2026-07-28T07:50:01.989Z;config_id=170b1c1e;rssi=-57;uptime_s=581850;heap=152644;cal_tier=board-cal;cal_src=wet_rederive_1236_20260719;pressure_context_source=weather_openmeteo;transport=wifi_poll,
plants.soil,2026-07-28T07:50:22.888Z,2026-07-28 02:50:22.888,23392,2a89d4,8gtt1h,0.7.3,fleet_logger_0_1,581850035,UMLIFE_v2_TLC555,ch1,origplant,soil_moisture,1384,,,OK,,,982.8,,name=c5off1;level=well watered;role=disp;spread=12;gpio=4;device_seq=77577;time_source=device_synced;device_timestamp_utc=2026-07-28T07:50:01.989Z;config_id=170b1c1e;rssi=-57;uptime_s=581850;heap=152644;cal_tier=board-cal;cal_src=wet_rederive_1236_20260719;pressure_context_source=weather_openmeteo;transport=wifi_poll,
plants.soil,2026-07-28T07:50:22.888Z,2026-07-28 02:50:22.888,23393,2a89d4,8gtt1h,0.7.3,fleet_logger_0_1,581850035,UMLIFE_v2_TLC555,ch2,origplant,soil_moisture,1249,,,OK,,,982.8,,name=c5off1;level=overwatered;role=disp;spread=13;gpio=5;device_seq=77578;time_source=device_synced;device_timestamp_utc=2026-07-28T07:50:01.989Z;config_id=170b1c1e;rssi=-57;uptime_s=581850;heap=152644;cal_tier=board-cal;cal_src=wet_rederive_1236_20260719;pressure_context_source=weather_openmeteo;transport=wifi_poll,
plants.soil,2026-07-28T07:50:22.888Z,2026-07-28 02:50:22.888,23394,2a89d4,8gtt1h,0.7.3,fleet_logger_0_1,581850035,UMLIFE_v2_TLC555,ch3,origplant,soil_moisture,1606,,,OK,,,982.8,,name=c5off1;level=OK;role=disp;spread=21;gpio=6;device_seq=77579;time_source=device_synced;device_timestamp_utc=2026-07-28T07:50:01.989Z;config_id=170b1c1e;rssi=-57;uptime_s=581850;heap=152644;cal_tier=board-cal;cal_src=wet_rederive_1236_20260719;pressure_context_source=weather_openmeteo;transport=wifi_poll,
plants.env,2026-07-28T07:50:22.888Z,2026-07-28 02:50:22.888,23395,2a89d4,8gtt1h,0.7.3,fleet_logger_0_1,581850720,ESP32,esp32_die,on_chip,die_temp,,23.70,degC,OK,,,,,name=c5off1;source=esp32_die;cal=uncalibrated_board_proxy;api=temperatureRead;config_id=170b1c1e;transport=wifi_poll,
plants.soil,2026-07-28T07:50:53.199Z,2026-07-28 02:50:53.199,23396,2a89d4,8gtt1h,0.7.3,fleet_logger_0_1,581880035,UMLIFE_v2_TLC555,ch0,origplant,soil_moisture,1212,,,OK,,,982.8,,name=c5off1;level=overwatered;role=disp;spread=10;gpio=1;device_seq=77580;time_source=device_synced;device_timestamp_utc=2026-07-28T07:50:31.989Z;config_id=170b1c1e;rssi=-55;uptime_s=581880;heap=152392;cal_tier=board-cal;cal_src=wet_rederive_1236_20260719;pressure_context_source=weather_openmeteo;transport=wifi_poll,
plants.soil,2026-07-28T07:50:53.199Z,2026-07-28 02:50:53.199,23397,2a89d4,8gtt1h,0.7.3,fleet_logger_0_1,581880035,UMLIFE_v2_TLC555,ch1,origplant,soil_moisture,1369,,,OK,,,982.8,,name=c5off1;level=well watered;role=disp;spread=13;gpio=4;device_seq=77581;time_source=device_synced;device_timestamp_utc=2026-07-28T07:50:31.989Z;config_id=170b1c1e;rssi=-55;uptime_s=581880;heap=152392;cal_tier=board-cal;cal_src=wet_rederive_1236_20260719;pressure_context_source=weather_openmeteo;transport=wifi_poll,
plants.soil,2026-07-28T07:50:53.199Z,2026-07-28 02:50:53.199,23398,2a89d4,8gtt1h,0.7.3,fleet_logger_0_1,581880035,UMLIFE_v2_TLC555,ch2,origplant,soil_moisture,1250,,,OK,,,982.8,,name=c5off1;level=overwatered;role=disp;spread=15;gpio=5;device_seq=77582;time_source=device_synced;device_timestamp_utc=2026-07-28T07:50:31.989Z;config_id=170b1c1e;rssi=-55;uptime_s=581880;heap=152392;cal_tier=board-cal;cal_src=wet_rederive_1236_20260719;pressure_context_source=weather_openmeteo;transport=wifi_poll,
plants.soil,2026-07-28T07:50:53.199Z,2026-07-28 02:50:53.199,23399,2a89d4,8gtt1h,0.7.3,fleet_logger_0_1,581880035,UMLIFE_v2_TLC555,ch3,origplant,soil_moisture,1601,,,OK,,,982.8,,name=c5off1;level=OK;role=disp;spread=15;gpio=6;device_seq=77583;time_source=device_synced;device_timestamp_utc=2026-07-28T07:50:31.989Z;config_id=170b1c1e;rssi=-55;uptime_s=581880;heap=152392;cal_tier=board-cal;cal_src=wet_rederive_1236_20260719;pressure_context_source=weather_openmeteo;transport=wifi_poll,
plants.env,2026-07-28T07:50:53.199Z,2026-07-28 02:50:53.199,23400,2a89d4,8gtt1h,0.7.3,fleet_logger_0_1,581880719,ESP32,esp32_die,on_chip,die_temp,,24.70,degC,OK,,,,,name=c5off1;source=esp32_die;cal=uncalibrated_board_proxy;api=temperatureRead;config_id=170b1c1e;transport=wifi_poll,
plants.soil,2026-07-28T07:51:23.713Z,2026-07-28 02:51:23.713,23401,2a89d4,8gtt1h,0.7.3,fleet_logger_0_1,581910035,UMLIFE_v2_TLC555,ch0,origplant,soil_moisture,1212,,,OK,,,982.8,,name=c5off1;level=overwatered;role=disp;spread=12;gpio=1;device_seq=77584;time_source=device_synced;device_timestamp_utc=2026-07-28T07:51:01.989Z;config_id=170b1c1e;rssi=-56;uptime_s=581910;heap=152392;cal_tier=board-cal;cal_src=wet_rederive_1236_20260719;pressure_context_source=weather_openmeteo;transport=wifi_poll,
plants.soil,2026-07-28T07:51:23.713Z,2026-07-28 02:51:23.713,23402,2a89d4,8gtt1h,0.7.3,fleet_logger_0_1,581910035,UMLIFE_v2_TLC555,ch1,origplant,soil_moisture,1378,,,OK,,,982.8,,name=c5off1;level=well watered;role=disp;spread=28;gpio=4;device_seq=77585;time_source=device_synced;device_timestamp_utc=2026-07-28T07:51:01.989Z;config_id=170b1c1e;rssi=-56;uptime_s=581910;heap=152392;cal_tier=board-cal;cal_src=wet_rederive_1236_20260719;pressure_context_source=weather_openmeteo;transport=wifi_poll,
plants.soil,2026-07-28T07:51:23.713Z,2026-07-28 02:51:23.713,23403,2a89d4,8gtt1h,0.7.3,fleet_logger_0_1,581910035,UMLIFE_v2_TLC555,ch2,origplant,soil_moisture,1249,,,OK,,,982.8,,name=c5off1;level=overwatered;role=disp;spread=16;gpio=5;device_seq=77586;time_source=device_synced;device_timestamp_utc=2026-07-28T07:51:01.989Z;config_id=170b1c1e;rssi=-56;uptime_s=581910;heap=152392;cal_tier=board-cal;cal_src=wet_rederive_1236_20260719;pressure_context_source=weather_openmeteo;transport=wifi_poll,
plants.soil,2026-07-28T07:51:23.713Z,2026-07-28 02:51:23.713,23404,2a89d4,8gtt1h,0.7.3,fleet_logger_0_1,581910035,UMLIFE_v2_TLC555,ch3,origplant,soil_moisture,1606,,,OK,,,982.8,,name=c5off1;level=OK;role=disp;spread=22;gpio=6;device_seq=77587;time_source=device_synced;device_timestamp_utc=2026-07-28T07:51:01.989Z;config_id=170b1c1e;rssi=-56;uptime_s=581910;heap=152392;cal_tier=board-cal;cal_src=wet_rederive_1236_20260719;pressure_context_source=weather_openmeteo;transport=wifi_poll,
plants.env,2026-07-28T07:51:23.713Z,2026-07-28 02:51:23.713,23405,2a89d4,8gtt1h,0.7.3,fleet_logger_0_1,581910719,ESP32,esp32_die,on_chip,die_temp,,23.70,degC,OK,,,,,name=c5off1;source=esp32_die;cal=uncalibrated_board_proxy;api=temperatureRead;config_id=170b1c1e;transport=wifi_poll,
plants.soil,2026-07-28T07:51:54.348Z,2026-07-28 02:51:54.348,23406,2a89d4,8gtt1h,0.7.3,fleet_logger_0_1,581940035,UMLIFE_v2_TLC555,ch0,origplant,soil_moisture,1211,,,OK,,,982.8,,name=c5off1;level=overwatered;role=disp;spread=10;gpio=1;device_seq=77588;time_source=device_synced;device_timestamp_utc=2026-07-28T07:51:31.989Z;config_id=170b1c1e;rssi=-57;uptime_s=581940;heap=152600;cal_tier=board-cal;cal_src=wet_rederive_1236_20260719;pressure_context_source=weather_openmeteo;transport=wifi_poll,
plants.soil,2026-07-28T07:51:54.348Z,2026-07-28 02:51:54.348,23407,2a89d4,8gtt1h,0.7.3,fleet_logger_0_1,581940035,UMLIFE_v2_TLC555,ch1,origplant,soil_moisture,1368,,,OK,,,982.8,,name=c5off1;level=well watered;role=disp;spread=6;gpio=4;device_seq=77589;time_source=device_synced;device_timestamp_utc=2026-07-28T07:51:31.989Z;config_id=170b1c1e;rssi=-57;uptime_s=581940;heap=152600;cal_tier=board-cal;cal_src=wet_rederive_1236_20260719;pressure_context_source=weather_openmeteo;transport=wifi_poll,
plants.soil,2026-07-28T07:51:54.348Z,2026-07-28 02:51:54.348,23408,2a89d4,8gtt1h,0.7.3,fleet_logger_0_1,581940035,UMLIFE_v2_TLC555,ch2,origplant,soil_moisture,1248,,,OK,,,982.8,,name=c5off1;level=overwatered;role=disp;spread=15;gpio=5;device_seq=77590;time_source=device_synced;device_timestamp_utc=2026-07-28T07:51:31.989Z;config_id=170b1c1e;rssi=-57;uptime_s=581940;heap=152600;cal_tier=board-cal;cal_src=wet_rederive_1236_20260719;pressure_context_source=weather_openmeteo;transport=wifi_poll,
plants.soil,2026-07-28T07:51:54.348Z,2026-07-28 02:51:54.348,23409,2a89d4,8gtt1h,0.7.3,fleet_logger_0_1,581940035,UMLIFE_v2_TLC555,ch3,origplant,soil_moisture,1590,,,OK,,,982.8,,name=c5off1;level=OK;role=disp;spread=27;gpio=6;device_seq=77591;time_source=device_synced;device_timestamp_utc=2026-07-28T07:51:31.989Z;config_id=170b1c1e;rssi=-57;uptime_s=581940;heap=152600;cal_tier=board-cal;cal_src=wet_rederive_1236_20260719;pressure_context_source=weather_openmeteo;transport=wifi_poll,
plants.env,2026-07-28T07:51:54.348Z,2026-07-28 02:51:54.348,23410,2a89d4,8gtt1h,0.7.3,fleet_logger_0_1,581940719,ESP32,esp32_die,on_chip,die_temp,,23.70,degC,OK,,,,,name=c5off1;source=esp32_die;cal=uncalibrated_board_proxy;api=temperatureRead;config_id=170b1c1e;transport=wifi_poll,
plants.soil,2026-07-28T07:52:24.756Z,2026-07-28 02:52:24.756,23411,2a89d4,8gtt1h,0.7.3,fleet_logger_0_1,581970035,UMLIFE_v2_TLC555,ch0,origplant,soil_moisture,1213,,,OK,,,982.8,,name=c5off1;level=overwatered;role=disp;spread=12;gpio=1;device_seq=77592;time_source=device_synced;device_timestamp_utc=2026-07-28T07:52:01.989Z;config_id=170b1c1e;rssi=-56;uptime_s=581970;heap=152648;cal_tier=board-cal;cal_src=wet_rederive_1236_20260719;pressure_context_source=weather_openmeteo;transport=wifi_poll,
plants.soil,2026-07-28T07:52:24.756Z,2026-07-28 02:52:24.756,23412,2a89d4,8gtt1h,0.7.3,fleet_logger_0_1,581970035,UMLIFE_v2_TLC555,ch1,origplant,soil_moisture,1369,,,OK,,,982.8,,name=c5off1;level=well watered;role=disp;spread=21;gpio=4;device_seq=77593;time_source=device_synced;device_timestamp_utc=2026-07-28T07:52:01.989Z;config_id=170b1c1e;rssi=-56;uptime_s=581970;heap=152648;cal_tier=board-cal;cal_src=wet_rederive_1236_20260719;pressure_context_source=weather_openmeteo;transport=wifi_poll,
plants.soil,2026-07-28T07:52:24.756Z,2026-07-28 02:52:24.756,23413,2a89d4,8gtt1h,0.7.3,fleet_logger_0_1,581970035,UMLIFE_v2_TLC555,ch2,origplant,soil_moisture,1250,,,OK,,,982.8,,name=c5off1;level=overwatered;role=disp;spread=14;gpio=5;device_seq=77594;time_source=device_synced;device_timestamp_utc=2026-07-28T07:52:01.989Z;config_id=170b1c1e;rssi=-56;uptime_s=581970;heap=152648;cal_tier=board-cal;cal_src=wet_rederive_1236_20260719;pressure_context_source=weather_openmeteo;transport=wifi_poll,
plants.soil,2026-07-28T07:52:24.756Z,2026-07-28 02:52:24.756,23414,2a89d4,8gtt1h,0.7.3,fleet_logger_0_1,581970035,UMLIFE_v2_TLC555,ch3,origplant,soil_moisture,1599,,,OK,,,982.8,,name=c5off1;level=OK;role=disp;spread=25;gpio=6;device_seq=77595;time_source=device_synced;device_timestamp_utc=2026-07-28T07:52:01.989Z;config_id=170b1c1e;rssi=-56;uptime_s=581970;heap=152648;cal_tier=board-cal;cal_src=wet_rederive_1236_20260719;pressure_context_source=weather_openmeteo;transport=wifi_poll,
plants.env,2026-07-28T07:52:24.756Z,2026-07-28 02:52:24.756,23415,2a89d4,8gtt1h,0.7.3,fleet_logger_0_1,581970719,ESP32,esp32_die,on_chip,die_temp,,23.70,degC,OK,,,,,name=c5off1;source=esp32_die;cal=uncalibrated_board_proxy;api=temperatureRead;config_id=170b1c1e;transport=wifi_poll,
plants.soil,2026-07-28T07:52:55.054Z,2026-07-28 02:52:55.054,23416,2a89d4,8gtt1h,0.7.3,fleet_logger_0_1,582000035,UMLIFE_v2_TLC555,ch0,origplant,soil_moisture,1214,,,OK,,,982.8,,name=c5off1;level=overwatered;role=disp;spread=12;gpio=1;device_seq=77596;time_source=device_synced;device_timestamp_utc=2026-07-28T07:52:31.989Z;config_id=170b1c1e;rssi=-56;uptime_s=582000;heap=152600;cal_tier=board-cal;cal_src=wet_rederive_1236_20260719;pressure_context_source=weather_openmeteo;transport=wifi_poll,
plants.soil,2026-07-28T07:52:55.054Z,2026-07-28 02:52:55.054,23417,2a89d4,8gtt1h,0.7.3,fleet_logger_0_1,582000035,UMLIFE_v2_TLC555,ch1,origplant,soil_moisture,1369,,,OK,,,982.8,,name=c5off1;level=well watered;role=disp;spread=18;gpio=4;device_seq=77597;time_source=device_synced;device_timestamp_utc=2026-07-28T07:52:31.989Z;config_id=170b1c1e;rssi=-56;uptime_s=582000;heap=152600;cal_tier=board-cal;cal_src=wet_rederive_1236_20260719;pressure_context_source=weather_openmeteo;transport=wifi_poll,
plants.soil,2026-07-28T07:52:55.054Z,2026-07-28 02:52:55.054,23418,2a89d4,8gtt1h,0.7.3,fleet_logger_0_1,582000035,UMLIFE_v2_TLC555,ch2,origplant,soil_moisture,1250,,,OK,,,982.8,,name=c5off1;level=overwatered;role=disp;spread=19;gpio=5;device_seq=77598;time_source=device_synced;device_timestamp_utc=2026-07-28T07:52:31.989Z;config_id=170b1c1e;rssi=-56;uptime_s=582000;heap=152600;cal_tier=board-cal;cal_src=wet_rederive_1236_20260719;pressure_context_source=weather_openmeteo;transport=wifi_poll,
plants.soil,2026-07-28T07:52:55.054Z,2026-07-28 02:52:55.054,23419,2a89d4,8gtt1h,0.7.3,fleet_logger_0_1,582000035,UMLIFE_v2_TLC555,ch3,origplant,soil_moisture,1589,,,OK,,,982.8,,name=c5off1;level=OK;role=disp;spread=27;gpio=6;device_seq=77599;time_source=device_synced;device_timestamp_utc=2026-07-28T07:52:31.989Z;config_id=170b1c1e;rssi=-56;uptime_s=582000;heap=152600;cal_tier=board-cal;cal_src=wet_rederive_1236_20260719;pressure_context_source=weather_openmeteo;transport=wifi_poll,
plants.env,2026-07-28T07:52:55.054Z,2026-07-28 02:52:55.054,23420,2a89d4,8gtt1h,0.7.3,fleet_logger_0_1,582001819,ESP32,esp32_die,on_chip,die_temp,,23.70,degC,OK,,,,,name=c5off1;source=esp32_die;cal=uncalibrated_board_proxy;api=temperatureRead;config_id=170b1c1e;transport=wifi_poll,
plants.soil,2026-07-28T07:53:25.672Z,2026-07-28 02:53:25.672,23421,2a89d4,8gtt1h,0.7.3,fleet_logger_0_1,582030035,UMLIFE_v2_TLC555,ch0,origplant,soil_moisture,1218,,,OK,,,982.8,,name=c5off1;level=overwatered;role=disp;spread=23;gpio=1;device_seq=77600;time_source=device_synced;device_timestamp_utc=2026-07-28T07:53:01.989Z;config_id=170b1c1e;rssi=-55;uptime_s=582030;heap=152648;cal_tier=board-cal;cal_src=wet_rederive_1236_20260719;pressure_context_source=weather_openmeteo;transport=wifi_poll,
plants.soil,2026-07-28T07:53:25.672Z,2026-07-28 02:53:25.672,23422,2a89d4,8gtt1h,0.7.3,fleet_logger_0_1,582030035,UMLIFE_v2_TLC555,ch1,origplant,soil_moisture,1369,,,OK,,,982.8,,name=c5off1;level=well watered;role=disp;spread=9;gpio=4;device_seq=77601;time_source=device_synced;device_timestamp_utc=2026-07-28T07:53:01.989Z;config_id=170b1c1e;rssi=-55;uptime_s=582030;heap=152648;cal_tier=board-cal;cal_src=wet_rederive_1236_20260719;pressure_context_source=weather_openmeteo;transport=wifi_poll,
plants.soil,2026-07-28T07:53:25.672Z,2026-07-28 02:53:25.672,23423,2a89d4,8gtt1h,0.7.3,fleet_logger_0_1,582030035,UMLIFE_v2_TLC555,ch2,origplant,soil_moisture,1248,,,OK,,,982.8,,name=c5off1;level=overwatered;role=disp;spread=16;gpio=5;device_seq=77602;time_source=device_synced;device_timestamp_utc=2026-07-28T07:53:01.989Z;config_id=170b1c1e;rssi=-55;uptime_s=582030;heap=152648;cal_tier=board-cal;cal_src=wet_rederive_1236_20260719;pressure_context_source=weather_openmeteo;transport=wifi_poll,
plants.soil,2026-07-28T07:53:25.672Z,2026-07-28 02:53:25.672,23424,2a89d4,8gtt1h,0.7.3,fleet_logger_0_1,582030035,UMLIFE_v2_TLC555,ch3,origplant,soil_moisture,1590,,,OK,,,982.8,,name=c5off1;level=OK;role=disp;spread=11;gpio=6;device_seq=77603;time_source=device_synced;device_timestamp_utc=2026-07-28T07:53:01.989Z;config_id=170b1c1e;rssi=-55;uptime_s=582030;heap=152648;cal_tier=board-cal;cal_src=wet_rederive_1236_20260719;pressure_context_source=weather_openmeteo;transport=wifi_poll,
plants.env,2026-07-28T07:53:25.672Z,2026-07-28 02:53:25.672,23425,2a89d4,8gtt1h,0.7.3,fleet_logger_0_1,582030719,ESP32,esp32_die,on_chip,die_temp,,23.70,degC,OK,,,,,name=c5off1;source=esp32_die;cal=uncalibrated_board_proxy;api=temperatureRead;config_id=170b1c1e;transport=wifi_poll,
plants.soil,2026-07-28T07:53:56.000Z,2026-07-28 02:53:56.000,23426,2a89d4,8gtt1h,0.7.3,fleet_logger_0_1,582060035,UMLIFE_v2_TLC555,ch0,origplant,soil_moisture,1221,,,OK,,,982.8,,name=c5off1;level=overwatered;role=disp;spread=11;gpio=1;device_seq=77604;time_source=device_synced;device_timestamp_utc=2026-07-28T07:53:31.989Z;config_id=170b1c1e;rssi=-56;uptime_s=582060;heap=152344;cal_tier=board-cal;cal_src=wet_rederive_1236_20260719;pressure_context_source=weather_openmeteo;transport=wifi_poll,
plants.soil,2026-07-28T07:53:56.000Z,2026-07-28 02:53:56.000,23427,2a89d4,8gtt1h,0.7.3,fleet_logger_0_1,582060035,UMLIFE_v2_TLC555,ch1,origplant,soil_moisture,1374,,,OK,,,982.8,,name=c5off1;level=well watered;role=disp;spread=20;gpio=4;device_seq=77605;time_source=device_synced;device_timestamp_utc=2026-07-28T07:53:31.989Z;config_id=170b1c1e;rssi=-56;uptime_s=582060;heap=152344;cal_tier=board-cal;cal_src=wet_rederive_1236_20260719;pressure_context_source=weather_openmeteo;transport=wifi_poll,
plants.soil,2026-07-28T07:53:56.000Z,2026-07-28 02:53:56.000,23428,2a89d4,8gtt1h,0.7.3,fleet_logger_0_1,582060035,UMLIFE_v2_TLC555,ch2,origplant,soil_moisture,1249,,,OK,,,982.8,,name=c5off1;level=overwatered;role=disp;spread=9;gpio=5;device_seq=77606;time_source=device_synced;device_timestamp_utc=2026-07-28T07:53:31.989Z;config_id=170b1c1e;rssi=-56;uptime_s=582060;heap=152344;cal_tier=board-cal;cal_src=wet_rederive_1236_20260719;pressure_context_source=weather_openmeteo;transport=wifi_poll,
plants.soil,2026-07-28T07:53:56.000Z,2026-07-28 02:53:56.000,23429,2a89d4,8gtt1h,0.7.3,fleet_logger_0_1,582060035,UMLIFE_v2_TLC555,ch3,origplant,soil_moisture,1593,,,OK,,,982.8,,name=c5off1;level=OK;role=disp;spread=18;gpio=6;device_seq=77607;time_source=device_synced;device_timestamp_utc=2026-07-28T07:53:31.989Z;config_id=170b1c1e;rssi=-56;uptime_s=582060;heap=152344;cal_tier=board-cal;cal_src=wet_rederive_1236_20260719;pressure_context_source=weather_openmeteo;transport=wifi_poll,
plants.env,2026-07-28T07:53:56.000Z,2026-07-28 02:53:56.000,23430,2a89d4,8gtt1h,0.7.3,fleet_logger_0_1,582060719,ESP32,esp32_die,on_chip,die_temp,,23.70,degC,OK,,,,,name=c5off1;source=esp32_die;cal=uncalibrated_board_proxy;api=temperatureRead;config_id=170b1c1e;transport=wifi_poll,
plants.soil,2026-07-28T07:54:26.804Z,2026-07-28 02:54:26.804,23431,2a89d4,8gtt1h,0.7.3,fleet_logger_0_1,582090035,UMLIFE_v2_TLC555,ch0,origplant,soil_moisture,1230,,,OK,,,982.8,,name=c5off1;level=overwatered;role=disp;spread=16;gpio=1;device_seq=77608;time_source=device_synced;device_timestamp_utc=2026-07-28T07:54:01.989Z;config_id=170b1c1e;rssi=-56;uptime_s=582090;heap=152392;cal_tier=board-cal;cal_src=wet_rederive_1236_20260719;pressure_context_source=weather_openmeteo;transport=wifi_poll,
plants.soil,2026-07-28T07:54:26.804Z,2026-07-28 02:54:26.804,23432,2a89d4,8gtt1h,0.7.3,fleet_logger_0_1,582090035,UMLIFE_v2_TLC555,ch1,origplant,soil_moisture,1375,,,OK,,,982.8,,name=c5off1;level=well watered;role=disp;spread=16;gpio=4;device_seq=77609;time_source=device_synced;device_timestamp_utc=2026-07-28T07:54:01.989Z;config_id=170b1c1e;rssi=-56;uptime_s=582090;heap=152392;cal_tier=board-cal;cal_src=wet_rederive_1236_20260719;pressure_context_source=weather_openmeteo;transport=wifi_poll,
plants.soil,2026-07-28T07:54:26.804Z,2026-07-28 02:54:26.804,23433,2a89d4,8gtt1h,0.7.3,fleet_logger_0_1,582090035,UMLIFE_v2_TLC555,ch2,origplant,soil_moisture,1248,,,OK,,,982.8,,name=c5off1;level=overwatered;role=disp;spread=13;gpio=5;device_seq=77610;time_source=device_synced;device_timestamp_utc=2026-07-28T07:54:01.989Z;config_id=170b1c1e;rssi=-56;uptime_s=582090;heap=152392;cal_tier=board-cal;cal_src=wet_rederive_1236_20260719;pressure_context_source=weather_openmeteo;transport=wifi_poll,
plants.soil,2026-07-28T07:54:26.804Z,2026-07-28 02:54:26.804,23434,2a89d4,8gtt1h,0.7.3,fleet_logger_0_1,582090035,UMLIFE_v2_TLC555,ch3,origplant,soil_moisture,1590,,,OK,,,982.8,,name=c5off1;level=OK;role=disp;spread=18;gpio=6;device_seq=77611;time_source=device_synced;device_timestamp_utc=2026-07-28T07:54:01.989Z;config_id=170b1c1e;rssi=-56;uptime_s=582090;heap=152392;cal_tier=board-cal;cal_src=wet_rederive_1236_20260719;pressure_context_source=weather_openmeteo;transport=wifi_poll,
plants.env,2026-07-28T07:54:26.804Z,2026-07-28 02:54:26.804,23435,2a89d4,8gtt1h,0.7.3,fleet_logger_0_1,582090719,ESP32,esp32_die,on_chip,die_temp,,23.70,degC,OK,,,,,name=c5off1;source=esp32_die;cal=uncalibrated_board_proxy;api=temperatureRead;config_id=170b1c1e;transport=wifi_poll,
plants.soil,2026-07-28T07:54:57.694Z,2026-07-28 02:54:57.694,23436,2a89d4,8gtt1h,0.7.3,fleet_logger_0_1,582120035,UMLIFE_v2_TLC555,ch0,origplant,soil_moisture,1233,,,OK,,,982.8,,name=c5off1;level=overwatered;role=disp;spread=8;gpio=1;device_seq=77612;time_source=device_synced;device_timestamp_utc=2026-07-28T07:54:31.989Z;config_id=170b1c1e;rssi=-57;uptime_s=582120;heap=152608;cal_tier=board-cal;cal_src=wet_rederive_1236_20260719;pressure_context_source=weather_openmeteo;transport=wifi_poll,
plants.soil,2026-07-28T07:54:57.694Z,2026-07-28 02:54:57.694,23437,2a89d4,8gtt1h,0.7.3,fleet_logger_0_1,582120035,UMLIFE_v2_TLC555,ch1,origplant,soil_moisture,1385,,,OK,,,982.8,,name=c5off1;level=well watered;role=disp;spread=21;gpio=4;device_seq=77613;time_source=device_synced;device_timestamp_utc=2026-07-28T07:54:31.989Z;config_id=170b1c1e;rssi=-57;uptime_s=582120;heap=152608;cal_tier=board-cal;cal_src=wet_rederive_1236_20260719;pressure_context_source=weather_openmeteo;transport=wifi_poll,
plants.soil,2026-07-28T07:54:57.694Z,2026-07-28 02:54:57.694,23438,2a89d4,8gtt1h,0.7.3,fleet_logger_0_1,582120035,UMLIFE_v2_TLC555,ch2,origplant,soil_moisture,1250,,,OK,,,982.8,,name=c5off1;level=overwatered;role=disp;spread=8;gpio=5;device_seq=77614;time_source=device_synced;device_timestamp_utc=2026-07-28T07:54:31.989Z;config_id=170b1c1e;rssi=-57;uptime_s=582120;heap=152608;cal_tier=board-cal;cal_src=wet_rederive_1236_20260719;pressure_context_source=weather_openmeteo;transport=wifi_poll,
plants.soil,2026-07-28T07:54:57.694Z,2026-07-28 02:54:57.694,23439,2a89d4,8gtt1h,0.7.3,fleet_logger_0_1,582120035,UMLIFE_v2_TLC555,ch3,origplant,soil_moisture,1593,,,OK,,,982.8,,name=c5off1;level=OK;role=disp;spread=32;gpio=6;device_seq=77615;time_source=device_synced;device_timestamp_utc=2026-07-28T07:54:31.989Z;config_id=170b1c1e;rssi=-57;uptime_s=582120;heap=152608;cal_tier=board-cal;cal_src=wet_rederive_1236_20260719;pressure_context_source=weather_openmeteo;transport=wifi_poll,
plants.env,2026-07-28T07:54:57.694Z,2026-07-28 02:54:57.694,23440,2a89d4,8gtt1h,0.7.3,fleet_logger_0_1,582120719,ESP32,esp32_die,on_chip,die_temp,,23.70,degC,OK,,,,,name=c5off1;source=esp32_die;cal=uncalibrated_board_proxy;api=temperatureRead;config_id=170b1c1e;transport=wifi_poll,
plants.soil,2026-07-28T07:55:28.040Z,2026-07-28 02:55:28.040,23441,2a89d4,8gtt1h,0.7.3,fleet_logger_0_1,582150035,UMLIFE_v2_TLC555,ch0,origplant,soil_moisture,1231,,,OK,,,982.8,,name=c5off1;level=overwatered;role=disp;spread=9;gpio=1;device_seq=77616;time_source=device_synced;device_timestamp_utc=2026-07-28T07:55:01.989Z;config_id=170b1c1e;rssi=-57;uptime_s=582150;heap=152600;cal_tier=board-cal;cal_src=wet_rederive_1236_20260719;pressure_context_source=weather_openmeteo;transport=wifi_poll,
plants.soil,2026-07-28T07:55:28.040Z,2026-07-28 02:55:28.040,23442,2a89d4,8gtt1h,0.7.3,fleet_logger_0_1,582150035,UMLIFE_v2_TLC555,ch1,origplant,soil_moisture,1387,,,OK,,,982.8,,name=c5off1;level=well watered;role=disp;spread=14;gpio=4;device_seq=77617;time_source=device_synced;device_timestamp_utc=2026-07-28T07:55:01.989Z;config_id=170b1c1e;rssi=-57;uptime_s=582150;heap=152600;cal_tier=board-cal;cal_src=wet_rederive_1236_20260719;pressure_context_source=weather_openmeteo;transport=wifi_poll,
plants.soil,2026-07-28T07:55:28.040Z,2026-07-28 02:55:28.040,23443,2a89d4,8gtt1h,0.7.3,fleet_logger_0_1,582150035,UMLIFE_v2_TLC555,ch2,origplant,soil_moisture,1248,,,OK,,,982.8,,name=c5off1;level=overwatered;role=disp;spread=9;gpio=5;device_seq=77618;time_source=device_synced;device_timestamp_utc=2026-07-28T07:55:01.989Z;config_id=170b1c1e;rssi=-57;uptime_s=582150;heap=152600;cal_tier=board-cal;cal_src=wet_rederive_1236_20260719;pressure_context_source=weather_openmeteo;transport=wifi_poll,
plants.soil,2026-07-28T07:55:28.040Z,2026-07-28 02:55:28.040,23444,2a89d4,8gtt1h,0.7.3,fleet_logger_0_1,582150035,UMLIFE_v2_TLC555,ch3,origplant,soil_moisture,1592,,,OK,,,982.8,,name=c5off1;level=OK;role=disp;spread=34;gpio=6;device_seq=77619;time_source=device_synced;device_timestamp_utc=2026-07-28T07:55:01.989Z;config_id=170b1c1e;rssi=-57;uptime_s=582150;heap=152600;cal_tier=board-cal;cal_src=wet_rederive_1236_20260719;pressure_context_source=weather_openmeteo;transport=wifi_poll,
plants.env,2026-07-28T07:55:28.040Z,2026-07-28 02:55:28.040,23445,2a89d4,8gtt1h,0.7.3,fleet_logger_0_1,582150719,ESP32,esp32_die,on_chip,die_temp,,23.70,degC,OK,,,,,name=c5off1;source=esp32_die;cal=uncalibrated_board_proxy;api=temperatureRead;config_id=170b1c1e;transport=wifi_poll,
plants.soil,2026-07-28T07:55:59.125Z,2026-07-28 02:55:59.125,23446,2a89d4,8gtt1h,0.7.3,fleet_logger_0_1,582180035,UMLIFE_v2_TLC555,ch0,origplant,soil_moisture,1231,,,OK,,,982.8,,name=c5off1;level=overwatered;role=disp;spread=13;gpio=1;device_seq=77620;time_source=device_synced;device_timestamp_utc=2026-07-28T07:55:31.989Z;config_id=170b1c1e;rssi=-55;uptime_s=582180;heap=152592;cal_tier=board-cal;cal_src=wet_rederive_1236_20260719;pressure_context_source=weather_openmeteo;transport=wifi_poll,
plants.soil,2026-07-28T07:55:59.125Z,2026-07-28 02:55:59.125,23447,2a89d4,8gtt1h,0.7.3,fleet_logger_0_1,582180035,UMLIFE_v2_TLC555,ch1,origplant,soil_moisture,1388,,,OK,,,982.8,,name=c5off1;level=well watered;role=disp;spread=14;gpio=4;device_seq=77621;time_source=device_synced;device_timestamp_utc=2026-07-28T07:55:31.989Z;config_id=170b1c1e;rssi=-55;uptime_s=582180;heap=152592;cal_tier=board-cal;cal_src=wet_rederive_1236_20260719;pressure_context_source=weather_openmeteo;transport=wifi_poll,
plants.soil,2026-07-28T07:55:59.125Z,2026-07-28 02:55:59.125,23448,2a89d4,8gtt1h,0.7.3,fleet_logger_0_1,582180035,UMLIFE_v2_TLC555,ch2,origplant,soil_moisture,1250,,,OK,,,982.8,,name=c5off1;level=overwatered;role=disp;spread=18;gpio=5;device_seq=77622;time_source=device_synced;device_timestamp_utc=2026-07-28T07:55:31.989Z;config_id=170b1c1e;rssi=-55;uptime_s=582180;heap=152592;cal_tier=board-cal;cal_src=wet_rederive_1236_20260719;pressure_context_source=weather_openmeteo;transport=wifi_poll,
plants.soil,2026-07-28T07:55:59.125Z,2026-07-28 02:55:59.125,23449,2a89d4,8gtt1h,0.7.3,fleet_logger_0_1,582180035,UMLIFE_v2_TLC555,ch3,origplant,soil_moisture,1602,,,OK,,,982.8,,name=c5off1;level=OK;role=disp;spread=27;gpio=6;device_seq=77623;time_source=device_synced;device_timestamp_utc=2026-07-28T07:55:31.989Z;config_id=170b1c1e;rssi=-55;uptime_s=582180;heap=152592;cal_tier=board-cal;cal_src=wet_rederive_1236_20260719;pressure_context_source=weather_openmeteo;transport=wifi_poll,
plants.env,2026-07-28T07:55:59.125Z,2026-07-28 02:55:59.125,23450,2a89d4,8gtt1h,0.7.3,fleet_logger_0_1,582180719,ESP32,esp32_die,on_chip,die_temp,,23.70,degC,OK,,,,,name=c5off1;source=esp32_die;cal=uncalibrated_board_proxy;api=temperatureRead;config_id=170b1c1e;transport=wifi_poll,
plants.soil,2026-07-28T07:56:30.402Z,2026-07-28 02:56:30.402,23451,2a89d4,8gtt1h,0.7.3,fleet_logger_0_1,582210035,UMLIFE_v2_TLC555,ch0,origplant,soil_moisture,1231,,,OK,,,982.8,,name=c5off1;level=overwatered;role=disp;spread=11;gpio=1;device_seq=77624;time_source=device_synced;device_timestamp_utc=2026-07-28T07:56:01.989Z;config_id=170b1c1e;rssi=-56;uptime_s=582210;heap=152592;cal_tier=board-cal;cal_src=wet_rederive_1236_20260719;pressure_context_source=weather_openmeteo;transport=wifi_poll,
plants.soil,2026-07-28T07:56:30.402Z,2026-07-28 02:56:30.402,23452,2a89d4,8gtt1h,0.7.3,fleet_logger_0_1,582210035,UMLIFE_v2_TLC555,ch1,origplant,soil_moisture,1387,,,OK,,,982.8,,name=c5off1;level=well watered;role=disp;spread=21;gpio=4;device_seq=77625;time_source=device_synced;device_timestamp_utc=2026-07-28T07:56:01.989Z;config_id=170b1c1e;rssi=-56;uptime_s=582210;heap=152592;cal_tier=board-cal;cal_src=wet_rederive_1236_20260719;pressure_context_source=weather_openmeteo;transport=wifi_poll,
plants.soil,2026-07-28T07:56:30.402Z,2026-07-28 02:56:30.402,23453,2a89d4,8gtt1h,0.7.3,fleet_logger_0_1,582210035,UMLIFE_v2_TLC555,ch2,origplant,soil_moisture,1249,,,OK,,,982.8,,name=c5off1;level=overwatered;role=disp;spread=6;gpio=5;device_seq=77626;time_source=device_synced;device_timestamp_utc=2026-07-28T07:56:01.989Z;config_id=170b1c1e;rssi=-56;uptime_s=582210;heap=152592;cal_tier=board-cal;cal_src=wet_rederive_1236_20260719;pressure_context_source=weather_openmeteo;transport=wifi_poll,
plants.soil,2026-07-28T07:56:30.402Z,2026-07-28 02:56:30.402,23454,2a89d4,8gtt1h,0.7.3,fleet_logger_0_1,582210035,UMLIFE_v2_TLC555,ch3,origplant,soil_moisture,1606,,,OK,,,982.8,,name=c5off1;level=OK;role=disp;spread=19;gpio=6;device_seq=77627;time_source=device_synced;device_timestamp_utc=2026-07-28T07:56:01.989Z;config_id=170b1c1e;rssi=-56;uptime_s=582210;heap=152592;cal_tier=board-cal;cal_src=wet_rederive_1236_20260719;pressure_context_source=weather_openmeteo;transport=wifi_poll,
plants.env,2026-07-28T07:56:30.402Z,2026-07-28 02:56:30.402,23455,2a89d4,8gtt1h,0.7.3,fleet_logger_0_1,582210719,ESP32,esp32_die,on_chip,die_temp,,23.70,degC,OK,,,,,name=c5off1;source=esp32_die;cal=uncalibrated_board_proxy;api=temperatureRead;config_id=170b1c1e;transport=wifi_poll,
plants.soil,2026-07-28T07:57:00.815Z,2026-07-28 02:57:00.815,23456,2a89d4,8gtt1h,0.7.3,fleet_logger_0_1,582240035,UMLIFE_v2_TLC555,ch0,origplant,soil_moisture,1232,,,OK,,,982.8,,name=c5off1;level=overwatered;role=disp;spread=17;gpio=1;device_seq=77628;time_source=device_synced;device_timestamp_utc=2026-07-28T07:56:31.989Z;config_id=170b1c1e;rssi=-58;uptime_s=582240;heap=152340;cal_tier=board-cal;cal_src=wet_rederive_1236_20260719;pressure_context_source=weather_openmeteo;transport=wifi_poll,
plants.soil,2026-07-28T07:57:00.815Z,2026-07-28 02:57:00.815,23457,2a89d4,8gtt1h,0.7.3,fleet_logger_0_1,582240035,UMLIFE_v2_TLC555,ch1,origplant,soil_moisture,1386,,,OK,,,982.8,,name=c5off1;level=well watered;role=disp;spread=17;gpio=4;device_seq=77629;time_source=device_synced;device_timestamp_utc=2026-07-28T07:56:31.989Z;config_id=170b1c1e;rssi=-58;uptime_s=582240;heap=152340;cal_tier=board-cal;cal_src=wet_rederive_1236_20260719;pressure_context_source=weather_openmeteo;transport=wifi_poll,
plants.soil,2026-07-28T07:57:00.815Z,2026-07-28 02:57:00.815,23458,2a89d4,8gtt1h,0.7.3,fleet_logger_0_1,582240035,UMLIFE_v2_TLC555,ch2,origplant,soil_moisture,1251,,,OK,,,982.8,,name=c5off1;level=overwatered;role=disp;spread=14;gpio=5;device_seq=77630;time_source=device_synced;device_timestamp_utc=2026-07-28T07:56:31.989Z;config_id=170b1c1e;rssi=-58;uptime_s=582240;heap=152340;cal_tier=board-cal;cal_src=wet_rederive_1236_20260719;pressure_context_source=weather_openmeteo;transport=wifi_poll,
plants.soil,2026-07-28T07:57:00.815Z,2026-07-28 02:57:00.815,23459,2a89d4,8gtt1h,0.7.3,fleet_logger_0_1,582240035,UMLIFE_v2_TLC555,ch3,origplant,soil_moisture,1608,,,OK,,,982.8,,name=c5off1;level=OK;role=disp;spread=12;gpio=6;device_seq=77631;time_source=device_synced;device_timestamp_utc=2026-07-28T07:56:31.989Z;config_id=170b1c1e;rssi=-58;uptime_s=582240;heap=152340;cal_tier=board-cal;cal_src=wet_rederive_1236_20260719;pressure_context_source=weather_openmeteo;transport=wifi_poll,
plants.env,2026-07-28T07:57:00.815Z,2026-07-28 02:57:00.815,23460,2a89d4,8gtt1h,0.7.3,fleet_logger_0_1,582240719,ESP32,esp32_die,on_chip,die_temp,,23.70,degC,OK,,,,,name=c5off1;source=esp32_die;cal=uncalibrated_board_proxy;api=temperatureRead;config_id=170b1c1e;transport=wifi_poll,
plants.soil,2026-07-28T07:57:31.770Z,2026-07-28 02:57:31.770,23461,2a89d4,8gtt1h,0.7.3,fleet_logger_0_1,582270035,UMLIFE_v2_TLC555,ch0,origplant,soil_moisture,1230,,,OK,,,982.8,,name=c5off1;level=overwatered;role=disp;spread=11;gpio=1;device_seq=77632;time_source=device_synced;device_timestamp_utc=2026-07-28T07:57:01.989Z;config_id=170b1c1e;rssi=-57;uptime_s=582270;heap=152388;cal_tier=board-cal;cal_src=wet_rederive_1236_20260719;pressure_context_source=weather_openmeteo;transport=wifi_poll,
plants.soil,2026-07-28T07:57:31.770Z,2026-07-28 02:57:31.770,23462,2a89d4,8gtt1h,0.7.3,fleet_logger_0_1,582270035,UMLIFE_v2_TLC555,ch1,origplant,soil_moisture,1387,,,OK,,,982.8,,name=c5off1;level=well watered;role=disp;spread=16;gpio=4;device_seq=77633;time_source=device_synced;device_timestamp_utc=2026-07-28T07:57:01.989Z;config_id=170b1c1e;rssi=-57;uptime_s=582270;heap=152388;cal_tier=board-cal;cal_src=wet_rederive_1236_20260719;pressure_context_source=weather_openmeteo;transport=wifi_poll,
plants.soil,2026-07-28T07:57:31.770Z,2026-07-28 02:57:31.770,23463,2a89d4,8gtt1h,0.7.3,fleet_logger_0_1,582270035,UMLIFE_v2_TLC555,ch2,origplant,soil_moisture,1251,,,OK,,,982.8,,name=c5off1;level=overwatered;role=disp;spread=16;gpio=5;device_seq=77634;time_source=device_synced;device_timestamp_utc=2026-07-28T07:57:01.989Z;config_id=170b1c1e;rssi=-57;uptime_s=582270;heap=152388;cal_tier=board-cal;cal_src=wet_rederive_1236_20260719;pressure_context_source=weather_openmeteo;transport=wifi_poll,
plants.soil,2026-07-28T07:57:31.770Z,2026-07-28 02:57:31.770,23464,2a89d4,8gtt1h,0.7.3,fleet_logger_0_1,582270035,UMLIFE_v2_TLC555,ch3,origplant,soil_moisture,1607,,,OK,,,982.8,,name=c5off1;level=OK;role=disp;spread=18;gpio=6;device_seq=77635;time_source=device_synced;device_timestamp_utc=2026-07-28T07:57:01.989Z;config_id=170b1c1e;rssi=-57;uptime_s=582270;heap=152388;cal_tier=board-cal;cal_src=wet_rederive_1236_20260719;pressure_context_source=weather_openmeteo;transport=wifi_poll,
plants.env,2026-07-28T07:57:31.770Z,2026-07-28 02:57:31.770,23465,2a89d4,8gtt1h,0.7.3,fleet_logger_0_1,582270719,ESP32,esp32_die,on_chip,die_temp,,23.70,degC,OK,,,,,name=c5off1;source=esp32_die;cal=uncalibrated_board_proxy;api=temperatureRead;config_id=170b1c1e;transport=wifi_poll,
plants.soil,2026-07-28T07:58:02.669Z,2026-07-28 02:58:02.669,23466,2a89d4,8gtt1h,0.7.3,fleet_logger_0_1,582330035,UMLIFE_v2_TLC555,ch0,origplant,soil_moisture,1231,,,OK,,,982.8,,name=c5off1;level=overwatered;role=disp;spread=9;gpio=1;device_seq=77640;time_source=device_synced;device_timestamp_utc=2026-07-28T07:58:01.989Z;config_id=170b1c1e;rssi=-55;uptime_s=582330;heap=152912;cal_tier=board-cal;cal_src=wet_rederive_1236_20260719;pressure_context_source=weather_openmeteo;transport=wifi_poll,
plants.soil,2026-07-28T07:58:02.669Z,2026-07-28 02:58:02.669,23467,2a89d4,8gtt1h,0.7.3,fleet_logger_0_1,582330035,UMLIFE_v2_TLC555,ch1,origplant,soil_moisture,1386,,,OK,,,982.8,,name=c5off1;level=well watered;role=disp;spread=27;gpio=4;device_seq=77641;time_source=device_synced;device_timestamp_utc=2026-07-28T07:58:01.989Z;config_id=170b1c1e;rssi=-55;uptime_s=582330;heap=152912;cal_tier=board-cal;cal_src=wet_rederive_1236_20260719;pressure_context_source=weather_openmeteo;transport=wifi_poll,
plants.soil,2026-07-28T07:58:02.669Z,2026-07-28 02:58:02.669,23468,2a89d4,8gtt1h,0.7.3,fleet_logger_0_1,582330035,UMLIFE_v2_TLC555,ch2,origplant,soil_moisture,1251,,,OK,,,982.8,,name=c5off1;level=overwatered;role=disp;spread=16;gpio=5;device_seq=77642;time_source=device_synced;device_timestamp_utc=2026-07-28T07:58:01.989Z;config_id=170b1c1e;rssi=-55;uptime_s=582330;heap=152912;cal_tier=board-cal;cal_src=wet_rederive_1236_20260719;pressure_context_source=weather_openmeteo;transport=wifi_poll,
plants.soil,2026-07-28T07:58:02.669Z,2026-07-28 02:58:02.669,23469,2a89d4,8gtt1h,0.7.3,fleet_logger_0_1,582330035,UMLIFE_v2_TLC555,ch3,origplant,soil_moisture,1607,,,OK,,,982.8,,name=c5off1;level=OK;role=disp;spread=25;gpio=6;device_seq=77643;time_source=device_synced;device_timestamp_utc=2026-07-28T07:58:01.989Z;config_id=170b1c1e;rssi=-55;uptime_s=582330;heap=152912;cal_tier=board-cal;cal_src=wet_rederive_1236_20260719;pressure_context_source=weather_openmeteo;transport=wifi_poll,
plants.env,2026-07-28T07:58:02.669Z,2026-07-28 02:58:02.669,23470,2a89d4,8gtt1h,0.7.3,fleet_logger_0_1,582330719,ESP32,esp32_die,on_chip,die_temp,,24.70,degC,OK,,,,,name=c5off1;source=esp32_die;cal=uncalibrated_board_proxy;api=temperatureRead;config_id=170b1c1e;transport=wifi_poll,
plants.soil,2026-07-28T07:58:33.589Z,2026-07-28 02:58:33.589,23471,2a89d4,8gtt1h,0.7.3,fleet_logger_0_1,582360035,UMLIFE_v2_TLC555,ch0,origplant,soil_moisture,1232,,,OK,,,982.8,,name=c5off1;level=overwatered;role=disp;spread=11;gpio=1;device_seq=77644;time_source=device_synced;device_timestamp_utc=2026-07-28T07:58:31.989Z;config_id=170b1c1e;rssi=-57;uptime_s=582360;heap=152912;cal_tier=board-cal;cal_src=wet_rederive_1236_20260719;pressure_context_source=weather_openmeteo;transport=wifi_poll,
plants.soil,2026-07-28T07:58:33.589Z,2026-07-28 02:58:33.589,23472,2a89d4,8gtt1h,0.7.3,fleet_logger_0_1,582360035,UMLIFE_v2_TLC555,ch1,origplant,soil_moisture,1384,,,OK,,,982.8,,name=c5off1;level=well watered;role=disp;spread=38;gpio=4;device_seq=77645;time_source=device_synced;device_timestamp_utc=2026-07-28T07:58:31.989Z;config_id=170b1c1e;rssi=-57;uptime_s=582360;heap=152912;cal_tier=board-cal;cal_src=wet_rederive_1236_20260719;pressure_context_source=weather_openmeteo;transport=wifi_poll,
plants.soil,2026-07-28T07:58:33.589Z,2026-07-28 02:58:33.589,23473,2a89d4,8gtt1h,0.7.3,fleet_logger_0_1,582360035,UMLIFE_v2_TLC555,ch2,origplant,soil_moisture,1250,,,OK,,,982.8,,name=c5off1;level=overwatered;role=disp;spread=12;gpio=5;device_seq=77646;time_source=device_synced;device_timestamp_utc=2026-07-28T07:58:31.989Z;config_id=170b1c1e;rssi=-57;uptime_s=582360;heap=152912;cal_tier=board-cal;cal_src=wet_rederive_1236_20260719;pressure_context_source=weather_openmeteo;transport=wifi_poll,
plants.soil,2026-07-28T07:58:33.589Z,2026-07-28 02:58:33.589,23474,2a89d4,8gtt1h,0.7.3,fleet_logger_0_1,582360035,UMLIFE_v2_TLC555,ch3,origplant,soil_moisture,1609,,,OK,,,982.8,,name=c5off1;level=OK;role=disp;spread=20;gpio=6;device_seq=77647;time_source=device_synced;device_timestamp_utc=2026-07-28T07:58:31.989Z;config_id=170b1c1e;rssi=-57;uptime_s=582360;heap=152912;cal_tier=board-cal;cal_src=wet_rederive_1236_20260719;pressure_context_source=weather_openmeteo;transport=wifi_poll,
plants.env,2026-07-28T07:58:33.589Z,2026-07-28 02:58:33.589,23475,2a89d4,8gtt1h,0.7.3,fleet_logger_0_1,582360719,ESP32,esp32_die,on_chip,die_temp,,23.70,degC,OK,,,,,name=c5off1;source=esp32_die;cal=uncalibrated_board_proxy;api=temperatureRead;config_id=170b1c1e;transport=wifi_poll,
plants.soil,2026-07-28T07:59:04.114Z,2026-07-28 02:59:04.114,23476,2a89d4,8gtt1h,0.7.3,fleet_logger_0_1,582390035,UMLIFE_v2_TLC555,ch0,origplant,soil_moisture,1232,,,OK,,,982.8,,name=c5off1;level=overwatered;role=disp;spread=19;gpio=1;device_seq=77648;time_source=device_synced;device_timestamp_utc=2026-07-28T07:59:01.989Z;config_id=170b1c1e;rssi=-54;uptime_s=582390;heap=152900;cal_tier=board-cal;cal_src=wet_rederive_1236_20260719;pressure_context_source=weather_openmeteo;transport=wifi_poll,
plants.soil,2026-07-28T07:59:04.114Z,2026-07-28 02:59:04.114,23477,2a89d4,8gtt1h,0.7.3,fleet_logger_0_1,582390035,UMLIFE_v2_TLC555,ch1,origplant,soil_moisture,1387,,,OK,,,982.8,,name=c5off1;level=well watered;role=disp;spread=14;gpio=4;device_seq=77649;time_source=device_synced;device_timestamp_utc=2026-07-28T07:59:01.989Z;config_id=170b1c1e;rssi=-54;uptime_s=582390;heap=152900;cal_tier=board-cal;cal_src=wet_rederive_1236_20260719;pressure_context_source=weather_openmeteo;transport=wifi_poll,
plants.soil,2026-07-28T07:59:04.114Z,2026-07-28 02:59:04.114,23478,2a89d4,8gtt1h,0.7.3,fleet_logger_0_1,582390035,UMLIFE_v2_TLC555,ch2,origplant,soil_moisture,1250,,,OK,,,982.8,,name=c5off1;level=overwatered;role=disp;spread=18;gpio=5;device_seq=77650;time_source=device_synced;device_timestamp_utc=2026-07-28T07:59:01.989Z;config_id=170b1c1e;rssi=-54;uptime_s=582390;heap=152900;cal_tier=board-cal;cal_src=wet_rederive_1236_20260719;pressure_context_source=weather_openmeteo;transport=wifi_poll,
plants.soil,2026-07-28T07:59:04.114Z,2026-07-28 02:59:04.114,23479,2a89d4,8gtt1h,0.7.3,fleet_logger_0_1,582390035,UMLIFE_v2_TLC555,ch3,origplant,soil_moisture,1608,,,OK,,,982.8,,name=c5off1;level=OK;role=disp;spread=19;gpio=6;device_seq=77651;time_source=device_synced;device_timestamp_utc=2026-07-28T07:59:01.989Z;config_id=170b1c1e;rssi=-54;uptime_s=582390;heap=152900;cal_tier=board-cal;cal_src=wet_rederive_1236_20260719;pressure_context_source=weather_openmeteo;transport=wifi_poll,
plants.env,2026-07-28T07:59:04.114Z,2026-07-28 02:59:04.114,23480,2a89d4,8gtt1h,0.7.3,fleet_logger_0_1,582390719,ESP32,esp32_die,on_chip,die_temp,,23.70,degC,OK,,,,,name=c5off1;source=esp32_die;cal=uncalibrated_board_proxy;api=temperatureRead;config_id=170b1c1e;transport=wifi_poll,
plants.soil,2026-07-28T07:59:34.618Z,2026-07-28 02:59:34.618,23481,2a89d4,8gtt1h,0.7.3,fleet_logger_0_1,582420035,UMLIFE_v2_TLC555,ch0,origplant,soil_moisture,1231,,,OK,,,982.8,,name=c5off1;level=overwatered;role=disp;spread=7;gpio=1;device_seq=77652;time_source=device_synced;device_timestamp_utc=2026-07-28T07:59:31.989Z;config_id=170b1c1e;rssi=-56;uptime_s=582420;heap=152388;cal_tier=board-cal;cal_src=wet_rederive_1236_20260719;pressure_context_source=weather_openmeteo;transport=wifi_poll,
plants.soil,2026-07-28T07:59:34.618Z,2026-07-28 02:59:34.618,23482,2a89d4,8gtt1h,0.7.3,fleet_logger_0_1,582420035,UMLIFE_v2_TLC555,ch1,origplant,soil_moisture,1389,,,OK,,,982.8,,name=c5off1;level=well watered;role=disp;spread=23;gpio=4;device_seq=77653;time_source=device_synced;device_timestamp_utc=2026-07-28T07:59:31.989Z;config_id=170b1c1e;rssi=-56;uptime_s=582420;heap=152388;cal_tier=board-cal;cal_src=wet_rederive_1236_20260719;pressure_context_source=weather_openmeteo;transport=wifi_poll,
plants.soil,2026-07-28T07:59:34.618Z,2026-07-28 02:59:34.618,23483,2a89d4,8gtt1h,0.7.3,fleet_logger_0_1,582420035,UMLIFE_v2_TLC555,ch2,origplant,soil_moisture,1251,,,OK,,,982.8,,name=c5off1;level=overwatered;role=disp;spread=14;gpio=5;device_seq=77654;time_source=device_synced;device_timestamp_utc=2026-07-28T07:59:31.989Z;config_id=170b1c1e;rssi=-56;uptime_s=582420;heap=152388;cal_tier=board-cal;cal_src=wet_rederive_1236_20260719;pressure_context_source=weather_openmeteo;transport=wifi_poll,
plants.soil,2026-07-28T07:59:34.618Z,2026-07-28 02:59:34.618,23484,2a89d4,8gtt1h,0.7.3,fleet_logger_0_1,582420035,UMLIFE_v2_TLC555,ch3,origplant,soil_moisture,1606,,,OK,,,982.8,,name=c5off1;level=OK;role=disp;spread=25;gpio=6;device_seq=77655;time_source=device_synced;device_timestamp_utc=2026-07-28T07:59:31.989Z;config_id=170b1c1e;rssi=-56;uptime_s=582420;heap=152388;cal_tier=board-cal;cal_src=wet_rederive_1236_20260719;pressure_context_source=weather_openmeteo;transport=wifi_poll,
plants.env,2026-07-28T07:59:34.618Z,2026-07-28 02:59:34.618,23485,2a89d4,8gtt1h,0.7.3,fleet_logger_0_1,582420719,ESP32,esp32_die,on_chip,die_temp,,23.70,degC,OK,,,,,name=c5off1;source=esp32_die;cal=uncalibrated_board_proxy;api=temperatureRead;config_id=170b1c1e;transport=wifi_poll,
plants.soil,2026-07-28T08:00:06.090Z,2026-07-28 03:00:06.090,23486,2a89d4,8gtt1h,0.7.3,fleet_logger_0_1,582450035,UMLIFE_v2_TLC555,ch0,origplant,soil_moisture,1228,,,OK,,,982.8,,name=c5off1;level=overwatered;role=disp;spread=19;gpio=1;device_seq=77656;time_source=device_synced;device_timestamp_utc=2026-07-28T08:00:01.989Z;config_id=170b1c1e;rssi=-55;uptime_s=582450;heap=152388;cal_tier=board-cal;cal_src=wet_rederive_1236_20260719;pressure_context_source=weather_openmeteo;transport=wifi_poll,
plants.soil,2026-07-28T08:00:06.090Z,2026-07-28 03:00:06.090,23487,2a89d4,8gtt1h,0.7.3,fleet_logger_0_1,582450035,UMLIFE_v2_TLC555,ch1,origplant,soil_moisture,1387,,,OK,,,982.8,,name=c5off1;level=well watered;role=disp;spread=19;gpio=4;device_seq=77657;time_source=device_synced;device_timestamp_utc=2026-07-28T08:00:01.989Z;config_id=170b1c1e;rssi=-55;uptime_s=582450;heap=152388;cal_tier=board-cal;cal_src=wet_rederive_1236_20260719;pressure_context_source=weather_openmeteo;transport=wifi_poll,
plants.soil,2026-07-28T08:00:06.090Z,2026-07-28 03:00:06.090,23488,2a89d4,8gtt1h,0.7.3,fleet_logger_0_1,582450035,UMLIFE_v2_TLC555,ch2,origplant,soil_moisture,1252,,,OK,,,982.8,,name=c5off1;level=overwatered;role=disp;spread=13;gpio=5;device_seq=77658;time_source=device_synced;device_timestamp_utc=2026-07-28T08:00:01.989Z;config_id=170b1c1e;rssi=-55;uptime_s=582450;heap=152388;cal_tier=board-cal;cal_src=wet_rederive_1236_20260719;pressure_context_source=weather_openmeteo;transport=wifi_poll,
plants.soil,2026-07-28T08:00:06.090Z,2026-07-28 03:00:06.090,23489,2a89d4,8gtt1h,0.7.3,fleet_logger_0_1,582450035,UMLIFE_v2_TLC555,ch3,origplant,soil_moisture,1607,,,OK,,,982.8,,name=c5off1;level=OK;role=disp;spread=20;gpio=6;device_seq=77659;time_source=device_synced;device_timestamp_utc=2026-07-28T08:00:01.989Z;config_id=170b1c1e;rssi=-55;uptime_s=582450;heap=152388;cal_tier=board-cal;cal_src=wet_rederive_1236_20260719;pressure_context_source=weather_openmeteo;transport=wifi_poll,
plants.env,2026-07-28T08:00:06.090Z,2026-07-28 03:00:06.090,23490,2a89d4,8gtt1h,0.7.3,fleet_logger_0_1,582450719,ESP32,esp32_die,on_chip,die_temp,,23.70,degC,OK,,,,,name=c5off1;source=esp32_die;cal=uncalibrated_board_proxy;api=temperatureRead;config_id=170b1c1e;transport=wifi_poll,
plants.soil,2026-07-28T08:00:36.672Z,2026-07-28 03:00:36.672,23491,2a89d4,8gtt1h,0.7.3,fleet_logger_0_1,582480035,UMLIFE_v2_TLC555,ch0,origplant,soil_moisture,1231,,,OK,,,982.8,,name=c5off1;level=overwatered;role=disp;spread=12;gpio=1;device_seq=77660;time_source=device_synced;device_timestamp_utc=2026-07-28T08:00:31.989Z;config_id=170b1c1e;rssi=-57;uptime_s=582480;heap=152644;cal_tier=board-cal;cal_src=wet_rederive_1236_20260719;pressure_context_source=weather_openmeteo;transport=wifi_poll,
plants.soil,2026-07-28T08:00:36.672Z,2026-07-28 03:00:36.672,23492,2a89d4,8gtt1h,0.7.3,fleet_logger_0_1,582480035,UMLIFE_v2_TLC555,ch1,origplant,soil_moisture,1388,,,OK,,,982.8,,name=c5off1;level=well watered;role=disp;spread=11;gpio=4;device_seq=77661;time_source=device_synced;device_timestamp_utc=2026-07-28T08:00:31.989Z;config_id=170b1c1e;rssi=-57;uptime_s=582480;heap=152644;cal_tier=board-cal;cal_src=wet_rederive_1236_20260719;pressure_context_source=weather_openmeteo;transport=wifi_poll,
plants.soil,2026-07-28T08:00:36.672Z,2026-07-28 03:00:36.672,23493,2a89d4,8gtt1h,0.7.3,fleet_logger_0_1,582480035,UMLIFE_v2_TLC555,ch2,origplant,soil_moisture,1251,,,OK,,,982.8,,name=c5off1;level=overwatered;role=disp;spread=7;gpio=5;device_seq=77662;time_source=device_synced;device_timestamp_utc=2026-07-28T08:00:31.989Z;config_id=170b1c1e;rssi=-57;uptime_s=582480;heap=152644;cal_tier=board-cal;cal_src=wet_rederive_1236_20260719;pressure_context_source=weather_openmeteo;transport=wifi_poll,
plants.soil,2026-07-28T08:00:36.672Z,2026-07-28 03:00:36.672,23494,2a89d4,8gtt1h,0.7.3,fleet_logger_0_1,582480035,UMLIFE_v2_TLC555,ch3,origplant,soil_moisture,1608,,,OK,,,982.8,,name=c5off1;level=OK;role=disp;spread=14;gpio=6;device_seq=77663;time_source=device_synced;device_timestamp_utc=2026-07-28T08:00:31.989Z;config_id=170b1c1e;rssi=-57;uptime_s=582480;heap=152644;cal_tier=board-cal;cal_src=wet_rederive_1236_20260719;pressure_context_source=weather_openmeteo;transport=wifi_poll,
plants.env,2026-07-28T08:00:36.672Z,2026-07-28 03:00:36.672,23495,2a89d4,8gtt1h,0.7.3,fleet_logger_0_1,582480719,ESP32,esp32_die,on_chip,die_temp,,23.70,degC,OK,,,,,name=c5off1;source=esp32_die;cal=uncalibrated_board_proxy;api=temperatureRead;config_id=170b1c1e;transport=wifi_poll,
plants.soil,2026-07-28T08:01:07.354Z,2026-07-28 03:01:07.354,23496,2a89d4,8gtt1h,0.7.3,fleet_logger_0_1,582510035,UMLIFE_v2_TLC555,ch0,origplant,soil_moisture,1230,,,OK,,,982.8,,name=c5off1;level=overwatered;role=disp;spread=16;gpio=1;device_seq=77664;time_source=device_synced;device_timestamp_utc=2026-07-28T08:01:01.989Z;config_id=170b1c1e;rssi=-58;uptime_s=582510;heap=152648;cal_tier=board-cal;cal_src=wet_rederive_1236_20260719;pressure_context_source=weather_openmeteo;transport=wifi_poll,
plants.soil,2026-07-28T08:01:07.354Z,2026-07-28 03:01:07.354,23497,2a89d4,8gtt1h,0.7.3,fleet_logger_0_1,582510035,UMLIFE_v2_TLC555,ch1,origplant,soil_moisture,1386,,,OK,,,982.8,,name=c5off1;level=well watered;role=disp;spread=15;gpio=4;device_seq=77665;time_source=device_synced;device_timestamp_utc=2026-07-28T08:01:01.989Z;config_id=170b1c1e;rssi=-58;uptime_s=582510;heap=152648;cal_tier=board-cal;cal_src=wet_rederive_1236_20260719;pressure_context_source=weather_openmeteo;transport=wifi_poll,
plants.soil,2026-07-28T08:01:07.354Z,2026-07-28 03:01:07.354,23498,2a89d4,8gtt1h,0.7.3,fleet_logger_0_1,582510035,UMLIFE_v2_TLC555,ch2,origplant,soil_moisture,1250,,,OK,,,982.8,,name=c5off1;level=overwatered;role=disp;spread=10;gpio=5;device_seq=77666;time_source=device_synced;device_timestamp_utc=2026-07-28T08:01:01.989Z;config_id=170b1c1e;rssi=-58;uptime_s=582510;heap=152648;cal_tier=board-cal;cal_src=wet_rederive_1236_20260719;pressure_context_source=weather_openmeteo;transport=wifi_poll,
plants.soil,2026-07-28T08:01:07.354Z,2026-07-28 03:01:07.354,23499,2a89d4,8gtt1h,0.7.3,fleet_logger_0_1,582510035,UMLIFE_v2_TLC555,ch3,origplant,soil_moisture,1607,,,OK,,,982.8,,name=c5off1;level=OK;role=disp;spread=24;gpio=6;device_seq=77667;time_source=device_synced;device_timestamp_utc=2026-07-28T08:01:01.989Z;config_id=170b1c1e;rssi=-58;uptime_s=582510;heap=152648;cal_tier=board-cal;cal_src=wet_rederive_1236_20260719;pressure_context_source=weather_openmeteo;transport=wifi_poll,
plants.env,2026-07-28T08:01:07.354Z,2026-07-28 03:01:07.354,23500,2a89d4,8gtt1h,0.7.3,fleet_logger_0_1,582510719,ESP32,esp32_die,on_chip,die_temp,,24.70,degC,OK,,,,,name=c5off1;source=esp32_die;cal=uncalibrated_board_proxy;api=temperatureRead;config_id=170b1c1e;transport=wifi_poll,
plants.soil,2026-07-28T08:01:38.325Z,2026-07-28 03:01:38.325,23501,2a89d4,8gtt1h,0.7.3,fleet_logger_0_1,582540035,UMLIFE_v2_TLC555,ch0,origplant,soil_moisture,1231,,,OK,,,982.8,,name=c5off1;level=overwatered;role=disp;spread=12;gpio=1;device_seq=77668;time_source=device_synced;device_timestamp_utc=2026-07-28T08:01:31.989Z;config_id=170b1c1e;rssi=-57;uptime_s=582540;heap=152644;cal_tier=board-cal;cal_src=wet_rederive_1236_20260719;pressure_context_source=weather_openmeteo;transport=wifi_poll,
plants.soil,2026-07-28T08:01:38.325Z,2026-07-28 03:01:38.325,23502,2a89d4,8gtt1h,0.7.3,fleet_logger_0_1,582540035,UMLIFE_v2_TLC555,ch1,origplant,soil_moisture,1388,,,OK,,,982.8,,name=c5off1;level=well watered;role=disp;spread=11;gpio=4;device_seq=77669;time_source=device_synced;device_timestamp_utc=2026-07-28T08:01:31.989Z;config_id=170b1c1e;rssi=-57;uptime_s=582540;heap=152644;cal_tier=board-cal;cal_src=wet_rederive_1236_20260719;pressure_context_source=weather_openmeteo;transport=wifi_poll,
plants.soil,2026-07-28T08:01:38.325Z,2026-07-28 03:01:38.325,23503,2a89d4,8gtt1h,0.7.3,fleet_logger_0_1,582540035,UMLIFE_v2_TLC555,ch2,origplant,soil_moisture,1252,,,OK,,,982.8,,name=c5off1;level=overwatered;role=disp;spread=8;gpio=5;device_seq=77670;time_source=device_synced;device_timestamp_utc=2026-07-28T08:01:31.989Z;config_id=170b1c1e;rssi=-57;uptime_s=582540;heap=152644;cal_tier=board-cal;cal_src=wet_rederive_1236_20260719;pressure_context_source=weather_openmeteo;transport=wifi_poll,
plants.soil,2026-07-28T08:01:38.325Z,2026-07-28 03:01:38.325,23504,2a89d4,8gtt1h,0.7.3,fleet_logger_0_1,582540035,UMLIFE_v2_TLC555,ch3,origplant,soil_moisture,1609,,,OK,,,982.8,,name=c5off1;level=OK;role=disp;spread=17;gpio=6;device_seq=77671;time_source=device_synced;device_timestamp_utc=2026-07-28T08:01:31.989Z;config_id=170b1c1e;rssi=-57;uptime_s=582540;heap=152644;cal_tier=board-cal;cal_src=wet_rederive_1236_20260719;pressure_context_source=weather_openmeteo;transport=wifi_poll,
plants.env,2026-07-28T08:01:38.325Z,2026-07-28 03:01:38.325,23505,2a89d4,8gtt1h,0.7.3,fleet_logger_0_1,582540719,ESP32,esp32_die,on_chip,die_temp,,23.70,degC,OK,,,,,name=c5off1;source=esp32_die;cal=uncalibrated_board_proxy;api=temperatureRead;config_id=170b1c1e;transport=wifi_poll,
plants.soil,2026-07-28T08:02:08.630Z,2026-07-28 03:02:08.630,23506,2a89d4,8gtt1h,0.7.3,fleet_logger_0_1,582570035,UMLIFE_v2_TLC555,ch0,origplant,soil_moisture,1229,,,OK,,,982.8,,name=c5off1;level=overwatered;role=disp;spread=6;gpio=1;device_seq=77672;time_source=device_synced;device_timestamp_utc=2026-07-28T08:02:01.989Z;config_id=170b1c1e;rssi=-56;uptime_s=582570;heap=152656;cal_tier=board-cal;cal_src=wet_rederive_1236_20260719;pressure_context_source=weather_openmeteo;transport=wifi_poll,
plants.soil,2026-07-28T08:02:08.630Z,2026-07-28 03:02:08.630,23507,2a89d4,8gtt1h,0.7.3,fleet_logger_0_1,582570035,UMLIFE_v2_TLC555,ch1,origplant,soil_moisture,1386,,,OK,,,982.8,,name=c5off1;level=well watered;role=disp;spread=30;gpio=4;device_seq=77673;time_source=device_synced;device_timestamp_utc=2026-07-28T08:02:01.989Z;config_id=170b1c1e;rssi=-56;uptime_s=582570;heap=152656;cal_tier=board-cal;cal_src=wet_rederive_1236_20260719;pressure_context_source=weather_openmeteo;transport=wifi_poll,
plants.soil,2026-07-28T08:02:08.630Z,2026-07-28 03:02:08.630,23508,2a89d4,8gtt1h,0.7.3,fleet_logger_0_1,582570035,UMLIFE_v2_TLC555,ch2,origplant,soil_moisture,1250,,,OK,,,982.8,,name=c5off1;level=overwatered;role=disp;spread=8;gpio=5;device_seq=77674;time_source=device_synced;device_timestamp_utc=2026-07-28T08:02:01.989Z;config_id=170b1c1e;rssi=-56;uptime_s=582570;heap=152656;cal_tier=board-cal;cal_src=wet_rederive_1236_20260719;pressure_context_source=weather_openmeteo;transport=wifi_poll,
plants.soil,2026-07-28T08:02:08.630Z,2026-07-28 03:02:08.630,23509,2a89d4,8gtt1h,0.7.3,fleet_logger_0_1,582570035,UMLIFE_v2_TLC555,ch3,origplant,soil_moisture,1610,,,OK,,,982.8,,name=c5off1;level=OK;role=disp;spread=21;gpio=6;device_seq=77675;time_source=device_synced;device_timestamp_utc=2026-07-28T08:02:01.989Z;config_id=170b1c1e;rssi=-56;uptime_s=582570;heap=152656;cal_tier=board-cal;cal_src=wet_rederive_1236_20260719;pressure_context_source=weather_openmeteo;transport=wifi_poll,
plants.env,2026-07-28T08:02:08.630Z,2026-07-28 03:02:08.630,23510,2a89d4,8gtt1h,0.7.3,fleet_logger_0_1,582570719,ESP32,esp32_die,on_chip,die_temp,,23.70,degC,OK,,,,,name=c5off1;source=esp32_die;cal=uncalibrated_board_proxy;api=temperatureRead;config_id=170b1c1e;transport=wifi_poll,
plants.soil,2026-07-28T08:02:39.555Z,2026-07-28 03:02:39.555,23511,2a89d4,8gtt1h,0.7.3,fleet_logger_0_1,582600035,UMLIFE_v2_TLC555,ch0,origplant,soil_moisture,1230,,,OK,,,982.8,,name=c5off1;level=overwatered;role=disp;spread=16;gpio=1;device_seq=77676;time_source=device_synced;device_timestamp_utc=2026-07-28T08:02:31.989Z;config_id=170b1c1e;rssi=-59;uptime_s=582600;heap=152392;cal_tier=board-cal;cal_src=wet_rederive_1236_20260719;pressure_context_source=weather_openmeteo;transport=wifi_poll,
plants.soil,2026-07-28T08:02:39.555Z,2026-07-28 03:02:39.555,23512,2a89d4,8gtt1h,0.7.3,fleet_logger_0_1,582600035,UMLIFE_v2_TLC555,ch1,origplant,soil_moisture,1387,,,OK,,,982.8,,name=c5off1;level=well watered;role=disp;spread=25;gpio=4;device_seq=77677;time_source=device_synced;device_timestamp_utc=2026-07-28T08:02:31.989Z;config_id=170b1c1e;rssi=-59;uptime_s=582600;heap=152392;cal_tier=board-cal;cal_src=wet_rederive_1236_20260719;pressure_context_source=weather_openmeteo;transport=wifi_poll,
plants.soil,2026-07-28T08:02:39.555Z,2026-07-28 03:02:39.555,23513,2a89d4,8gtt1h,0.7.3,fleet_logger_0_1,582600035,UMLIFE_v2_TLC555,ch2,origplant,soil_moisture,1250,,,OK,,,982.8,,name=c5off1;level=overwatered;role=disp;spread=9;gpio=5;device_seq=77678;time_source=device_synced;device_timestamp_utc=2026-07-28T08:02:31.989Z;config_id=170b1c1e;rssi=-59;uptime_s=582600;heap=152392;cal_tier=board-cal;cal_src=wet_rederive_1236_20260719;pressure_context_source=weather_openmeteo;transport=wifi_poll,
plants.soil,2026-07-28T08:02:39.555Z,2026-07-28 03:02:39.555,23514,2a89d4,8gtt1h,0.7.3,fleet_logger_0_1,582600035,UMLIFE_v2_TLC555,ch3,origplant,soil_moisture,1607,,,OK,,,982.8,,name=c5off1;level=OK;role=disp;spread=21;gpio=6;device_seq=77679;time_source=device_synced;device_timestamp_utc=2026-07-28T08:02:31.989Z;config_id=170b1c1e;rssi=-59;uptime_s=582600;heap=152392;cal_tier=board-cal;cal_src=wet_rederive_1236_20260719;pressure_context_source=weather_openmeteo;transport=wifi_poll,
plants.env,2026-07-28T08:02:39.555Z,2026-07-28 03:02:39.555,23515,2a89d4,8gtt1h,0.7.3,fleet_logger_0_1,582601820,ESP32,esp32_die,on_chip,die_temp,,23.70,degC,OK,,,,,name=c5off1;source=esp32_die;cal=uncalibrated_board_proxy;api=temperatureRead;config_id=170b1c1e;transport=wifi_poll,
plants.soil,2026-07-28T08:03:10.475Z,2026-07-28 03:03:10.475,23516,2a89d4,8gtt1h,0.7.3,fleet_logger_0_1,582630035,UMLIFE_v2_TLC555,ch0,origplant,soil_moisture,1227,,,OK,,,982.8,,name=c5off1;level=overwatered;role=disp;spread=14;gpio=1;device_seq=77680;time_source=device_synced;device_timestamp_utc=2026-07-28T08:03:01.989Z;config_id=170b1c1e;rssi=-59;uptime_s=582630;heap=152392;cal_tier=board-cal;cal_src=wet_rederive_1236_20260719;pressure_context_source=weather_openmeteo;transport=wifi_poll,
plants.soil,2026-07-28T08:03:10.475Z,2026-07-28 03:03:10.475,23517,2a89d4,8gtt1h,0.7.3,fleet_logger_0_1,582630035,UMLIFE_v2_TLC555,ch1,origplant,soil_moisture,1384,,,OK,,,982.8,,name=c5off1;level=well watered;role=disp;spread=27;gpio=4;device_seq=77681;time_source=device_synced;device_timestamp_utc=2026-07-28T08:03:01.989Z;config_id=170b1c1e;rssi=-59;uptime_s=582630;heap=152392;cal_tier=board-cal;cal_src=wet_rederive_1236_20260719;pressure_context_source=weather_openmeteo;transport=wifi_poll,
plants.soil,2026-07-28T08:03:10.475Z,2026-07-28 03:03:10.475,23518,2a89d4,8gtt1h,0.7.3,fleet_logger_0_1,582630035,UMLIFE_v2_TLC555,ch2,origplant,soil_moisture,1251,,,OK,,,982.8,,name=c5off1;level=overwatered;role=disp;spread=17;gpio=5;device_seq=77682;time_source=device_synced;device_timestamp_utc=2026-07-28T08:03:01.989Z;config_id=170b1c1e;rssi=-59;uptime_s=582630;heap=152392;cal_tier=board-cal;cal_src=wet_rederive_1236_20260719;pressure_context_source=weather_openmeteo;transport=wifi_poll,
plants.soil,2026-07-28T08:03:10.475Z,2026-07-28 03:03:10.475,23519,2a89d4,8gtt1h,0.7.3,fleet_logger_0_1,582630035,UMLIFE_v2_TLC555,ch3,origplant,soil_moisture,1607,,,OK,,,982.8,,name=c5off1;level=OK;role=disp;spread=41;gpio=6;device_seq=77683;time_source=device_synced;device_timestamp_utc=2026-07-28T08:03:01.989Z;config_id=170b1c1e;rssi=-59;uptime_s=582630;heap=152392;cal_tier=board-cal;cal_src=wet_rederive_1236_20260719;pressure_context_source=weather_openmeteo;transport=wifi_poll,
plants.env,2026-07-28T08:03:10.475Z,2026-07-28 03:03:10.475,23520,2a89d4,8gtt1h,0.7.3,fleet_logger_0_1,582630719,ESP32,esp32_die,on_chip,die_temp,,23.70,degC,OK,,,,,name=c5off1;source=esp32_die;cal=uncalibrated_board_proxy;api=temperatureRead;config_id=170b1c1e;transport=wifi_poll,
plants.soil,2026-07-28T08:03:40.993Z,2026-07-28 03:03:40.993,23521,2a89d4,8gtt1h,0.7.3,fleet_logger_0_1,582660035,UMLIFE_v2_TLC555,ch0,origplant,soil_moisture,1223,,,OK,,,982.8,,name=c5off1;level=overwatered;role=disp;spread=15;gpio=1;device_seq=77684;time_source=device_synced;device_timestamp_utc=2026-07-28T08:03:31.989Z;config_id=170b1c1e;rssi=-56;uptime_s=582660;heap=152648;cal_tier=board-cal;cal_src=wet_rederive_1236_20260719;pressure_context_source=weather_openmeteo;transport=wifi_poll,
plants.soil,2026-07-28T08:03:40.993Z,2026-07-28 03:03:40.993,23522,2a89d4,8gtt1h,0.7.3,fleet_logger_0_1,582660035,UMLIFE_v2_TLC555,ch1,origplant,soil_moisture,1388,,,OK,,,982.8,,name=c5off1;level=well watered;role=disp;spread=21;gpio=4;device_seq=77685;time_source=device_synced;device_timestamp_utc=2026-07-28T08:03:31.989Z;config_id=170b1c1e;rssi=-56;uptime_s=582660;heap=152648;cal_tier=board-cal;cal_src=wet_rederive_1236_20260719;pressure_context_source=weather_openmeteo;transport=wifi_poll,
plants.soil,2026-07-28T08:03:40.993Z,2026-07-28 03:03:40.993,23523,2a89d4,8gtt1h,0.7.3,fleet_logger_0_1,582660035,UMLIFE_v2_TLC555,ch2,origplant,soil_moisture,1250,,,OK,,,982.8,,name=c5off1;level=overwatered;role=disp;spread=18;gpio=5;device_seq=77686;time_source=device_synced;device_timestamp_utc=2026-07-28T08:03:31.989Z;config_id=170b1c1e;rssi=-56;uptime_s=582660;heap=152648;cal_tier=board-cal;cal_src=wet_rederive_1236_20260719;pressure_context_source=weather_openmeteo;transport=wifi_poll,
plants.soil,2026-07-28T08:03:40.993Z,2026-07-28 03:03:40.993,23524,2a89d4,8gtt1h,0.7.3,fleet_logger_0_1,582660035,UMLIFE_v2_TLC555,ch3,origplant,soil_moisture,1608,,,OK,,,982.8,,name=c5off1;level=OK;role=disp;spread=11;gpio=6;device_seq=77687;time_source=device_synced;device_timestamp_utc=2026-07-28T08:03:31.989Z;config_id=170b1c1e;rssi=-56;uptime_s=582660;heap=152648;cal_tier=board-cal;cal_src=wet_rederive_1236_20260719;pressure_context_source=weather_openmeteo;transport=wifi_poll,
plants.env,2026-07-28T08:03:40.993Z,2026-07-28 03:03:40.993,23525,2a89d4,8gtt1h,0.7.3,fleet_logger_0_1,582660719,ESP32,esp32_die,on_chip,die_temp,,24.70,degC,OK,,,,,name=c5off1;source=esp32_die;cal=uncalibrated_board_proxy;api=temperatureRead;config_id=170b1c1e;transport=wifi_poll,
plants.soil,2026-07-28T08:04:11.405Z,2026-07-28 03:04:11.405,23526,2a89d4,8gtt1h,0.7.3,fleet_logger_0_1,582690035,UMLIFE_v2_TLC555,ch0,origplant,soil_moisture,1212,,,OK,,,982.8,,name=c5off1;level=overwatered;role=disp;spread=13;gpio=1;device_seq=77688;time_source=device_synced;device_timestamp_utc=2026-07-28T08:04:01.989Z;config_id=170b1c1e;rssi=-57;uptime_s=582690;heap=152648;cal_tier=board-cal;cal_src=wet_rederive_1236_20260719;pressure_context_source=weather_openmeteo;transport=wifi_poll,
plants.soil,2026-07-28T08:04:11.405Z,2026-07-28 03:04:11.405,23527,2a89d4,8gtt1h,0.7.3,fleet_logger_0_1,582690035,UMLIFE_v2_TLC555,ch1,origplant,soil_moisture,1371,,,OK,,,982.8,,name=c5off1;level=well watered;role=disp;spread=33;gpio=4;device_seq=77689;time_source=device_synced;device_timestamp_utc=2026-07-28T08:04:01.989Z;config_id=170b1c1e;rssi=-57;uptime_s=582690;heap=152648;cal_tier=board-cal;cal_src=wet_rederive_1236_20260719;pressure_context_source=weather_openmeteo;transport=wifi_poll,
plants.soil,2026-07-28T08:04:11.405Z,2026-07-28 03:04:11.405,23528,2a89d4,8gtt1h,0.7.3,fleet_logger_0_1,582690035,UMLIFE_v2_TLC555,ch2,origplant,soil_moisture,1253,,,OK,,,982.8,,name=c5off1;level=overwatered;role=disp;spread=8;gpio=5;device_seq=77690;time_source=device_synced;device_timestamp_utc=2026-07-28T08:04:01.989Z;config_id=170b1c1e;rssi=-57;uptime_s=582690;heap=152648;cal_tier=board-cal;cal_src=wet_rederive_1236_20260719;pressure_context_source=weather_openmeteo;transport=wifi_poll,
plants.soil,2026-07-28T08:04:11.405Z,2026-07-28 03:04:11.405,23529,2a89d4,8gtt1h,0.7.3,fleet_logger_0_1,582690035,UMLIFE_v2_TLC555,ch3,origplant,soil_moisture,1607,,,OK,,,982.8,,name=c5off1;level=OK;role=disp;spread=32;gpio=6;device_seq=77691;time_source=device_synced;device_timestamp_utc=2026-07-28T08:04:01.989Z;config_id=170b1c1e;rssi=-57;uptime_s=582690;heap=152648;cal_tier=board-cal;cal_src=wet_rederive_1236_20260719;pressure_context_source=weather_openmeteo;transport=wifi_poll,
plants.env,2026-07-28T08:04:11.405Z,2026-07-28 03:04:11.405,23530,2a89d4,8gtt1h,0.7.3,fleet_logger_0_1,582690719,ESP32,esp32_die,on_chip,die_temp,,23.70,degC,OK,,,,,name=c5off1;source=esp32_die;cal=uncalibrated_board_proxy;api=temperatureRead;config_id=170b1c1e;transport=wifi_poll,
plants.soil,2026-07-28T08:04:42.227Z,2026-07-28 03:04:42.227,23531,2a89d4,8gtt1h,0.7.3,fleet_logger_0_1,582720035,UMLIFE_v2_TLC555,ch0,origplant,soil_moisture,1211,,,OK,,,982.8,,name=c5off1;level=overwatered;role=disp;spread=26;gpio=1;device_seq=77692;time_source=device_synced;device_timestamp_utc=2026-07-28T08:04:31.989Z;config_id=170b1c1e;rssi=-57;uptime_s=582720;heap=152648;cal_tier=board-cal;cal_src=wet_rederive_1236_20260719;pressure_context_source=weather_openmeteo;transport=wifi_poll,
plants.soil,2026-07-28T08:04:42.227Z,2026-07-28 03:04:42.227,23532,2a89d4,8gtt1h,0.7.3,fleet_logger_0_1,582720035,UMLIFE_v2_TLC555,ch1,origplant,soil_moisture,1373,,,OK,,,982.8,,name=c5off1;level=well watered;role=disp;spread=18;gpio=4;device_seq=77693;time_source=device_synced;device_timestamp_utc=2026-07-28T08:04:31.989Z;config_id=170b1c1e;rssi=-57;uptime_s=582720;heap=152648;cal_tier=board-cal;cal_src=wet_rederive_1236_20260719;pressure_context_source=weather_openmeteo;transport=wifi_poll,
plants.soil,2026-07-28T08:04:42.227Z,2026-07-28 03:04:42.227,23533,2a89d4,8gtt1h,0.7.3,fleet_logger_0_1,582720035,UMLIFE_v2_TLC555,ch2,origplant,soil_moisture,1250,,,OK,,,982.8,,name=c5off1;level=overwatered;role=disp;spread=8;gpio=5;device_seq=77694;time_source=device_synced;device_timestamp_utc=2026-07-28T08:04:31.989Z;config_id=170b1c1e;rssi=-57;uptime_s=582720;heap=152648;cal_tier=board-cal;cal_src=wet_rederive_1236_20260719;pressure_context_source=weather_openmeteo;transport=wifi_poll,
plants.soil,2026-07-28T08:04:42.227Z,2026-07-28 03:04:42.227,23534,2a89d4,8gtt1h,0.7.3,fleet_logger_0_1,582720035,UMLIFE_v2_TLC555,ch3,origplant,soil_moisture,1605,,,OK,,,982.8,,name=c5off1;level=OK;role=disp;spread=22;gpio=6;device_seq=77695;time_source=device_synced;device_timestamp_utc=2026-07-28T08:04:31.989Z;config_id=170b1c1e;rssi=-57;uptime_s=582720;heap=152648;cal_tier=board-cal;cal_src=wet_rederive_1236_20260719;pressure_context_source=weather_openmeteo;transport=wifi_poll,
plants.env,2026-07-28T08:04:42.227Z,2026-07-28 03:04:42.227,23535,2a89d4,8gtt1h,0.7.3,fleet_logger_0_1,582720719,ESP32,esp32_die,on_chip,die_temp,,24.70,degC,OK,,,,,name=c5off1;source=esp32_die;cal=uncalibrated_board_proxy;api=temperatureRead;config_id=170b1c1e;transport=wifi_poll,
plants.soil,2026-07-28T08:05:13.672Z,2026-07-28 03:05:13.672,23536,2a89d4,8gtt1h,0.7.3,fleet_logger_0_1,582750035,UMLIFE_v2_TLC555,ch0,origplant,soil_moisture,1212,,,OK,,,982.8,,name=c5off1;level=overwatered;role=disp;spread=7;gpio=1;device_seq=77696;time_source=device_synced;device_timestamp_utc=2026-07-28T08:05:01.989Z;config_id=170b1c1e;rssi=-57;uptime_s=582750;heap=152648;cal_tier=board-cal;cal_src=wet_rederive_1236_20260719;pressure_context_source=weather_openmeteo;transport=wifi_poll,
plants.soil,2026-07-28T08:05:13.672Z,2026-07-28 03:05:13.672,23537,2a89d4,8gtt1h,0.7.3,fleet_logger_0_1,582750035,UMLIFE_v2_TLC555,ch1,origplant,soil_moisture,1367,,,OK,,,982.8,,name=c5off1;level=well watered;role=disp;spread=20;gpio=4;device_seq=77697;time_source=device_synced;device_timestamp_utc=2026-07-28T08:05:01.989Z;config_id=170b1c1e;rssi=-57;uptime_s=582750;heap=152648;cal_tier=board-cal;cal_src=wet_rederive_1236_20260719;pressure_context_source=weather_openmeteo;transport=wifi_poll,
plants.soil,2026-07-28T08:05:13.672Z,2026-07-28 03:05:13.672,23538,2a89d4,8gtt1h,0.7.3,fleet_logger_0_1,582750035,UMLIFE_v2_TLC555,ch2,origplant,soil_moisture,1250,,,OK,,,982.8,,name=c5off1;level=overwatered;role=disp;spread=13;gpio=5;device_seq=77698;time_source=device_synced;device_timestamp_utc=2026-07-28T08:05:01.989Z;config_id=170b1c1e;rssi=-57;uptime_s=582750;heap=152648;cal_tier=board-cal;cal_src=wet_rederive_1236_20260719;pressure_context_source=weather_openmeteo;transport=wifi_poll,
plants.soil,2026-07-28T08:05:13.672Z,2026-07-28 03:05:13.672,23539,2a89d4,8gtt1h,0.7.3,fleet_logger_0_1,582750035,UMLIFE_v2_TLC555,ch3,origplant,soil_moisture,1603,,,OK,,,982.8,,name=c5off1;level=OK;role=disp;spread=23;gpio=6;device_seq=77699;time_source=device_synced;device_timestamp_utc=2026-07-28T08:05:01.989Z;config_id=170b1c1e;rssi=-57;uptime_s=582750;heap=152648;cal_tier=board-cal;cal_src=wet_rederive_1236_20260719;pressure_context_source=weather_openmeteo;transport=wifi_poll,
plants.env,2026-07-28T08:05:13.672Z,2026-07-28 03:05:13.672,23540,2a89d4,8gtt1h,0.7.3,fleet_logger_0_1,582750719,ESP32,esp32_die,on_chip,die_temp,,24.70,degC,OK,,,,,name=c5off1;source=esp32_die;cal=uncalibrated_board_proxy;api=temperatureRead;config_id=170b1c1e;transport=wifi_poll,
plants.soil,2026-07-28T08:05:44.184Z,2026-07-28 03:05:44.184,23541,2a89d4,8gtt1h,0.7.3,fleet_logger_0_1,582780035,UMLIFE_v2_TLC555,ch0,origplant,soil_moisture,1211,,,OK,,,982.8,,name=c5off1;level=overwatered;role=disp;spread=12;gpio=1;device_seq=77700;time_source=device_synced;device_timestamp_utc=2026-07-28T08:05:31.989Z;config_id=170b1c1e;rssi=-57;uptime_s=582780;heap=152392;cal_tier=board-cal;cal_src=wet_rederive_1236_20260719;pressure_context_source=weather_openmeteo;transport=wifi_poll,
plants.soil,2026-07-28T08:05:44.184Z,2026-07-28 03:05:44.184,23542,2a89d4,8gtt1h,0.7.3,fleet_logger_0_1,582780035,UMLIFE_v2_TLC555,ch1,origplant,soil_moisture,1367,,,OK,,,982.8,,name=c5off1;level=well watered;role=disp;spread=13;gpio=4;device_seq=77701;time_source=device_synced;device_timestamp_utc=2026-07-28T08:05:31.989Z;config_id=170b1c1e;rssi=-57;uptime_s=582780;heap=152392;cal_tier=board-cal;cal_src=wet_rederive_1236_20260719;pressure_context_source=weather_openmeteo;transport=wifi_poll,
plants.soil,2026-07-28T08:05:44.184Z,2026-07-28 03:05:44.184,23543,2a89d4,8gtt1h,0.7.3,fleet_logger_0_1,582780035,UMLIFE_v2_TLC555,ch2,origplant,soil_moisture,1249,,,OK,,,982.8,,name=c5off1;level=overwatered;role=disp;spread=18;gpio=5;device_seq=77702;time_source=device_synced;device_timestamp_utc=2026-07-28T08:05:31.989Z;config_id=170b1c1e;rssi=-57;uptime_s=582780;heap=152392;cal_tier=board-cal;cal_src=wet_rederive_1236_20260719;pressure_context_source=weather_openmeteo;transport=wifi_poll,
plants.soil,2026-07-28T08:05:44.184Z,2026-07-28 03:05:44.184,23544,2a89d4,8gtt1h,0.7.3,fleet_logger_0_1,582780035,UMLIFE_v2_TLC555,ch3,origplant,soil_moisture,1593,,,OK,,,982.8,,name=c5off1;level=OK;role=disp;spread=19;gpio=6;device_seq=77703;time_source=device_synced;device_timestamp_utc=2026-07-28T08:05:31.989Z;config_id=170b1c1e;rssi=-57;uptime_s=582780;heap=152392;cal_tier=board-cal;cal_src=wet_rederive_1236_20260719;pressure_context_source=weather_openmeteo;transport=wifi_poll,
plants.env,2026-07-28T08:05:44.184Z,2026-07-28 03:05:44.184,23545,2a89d4,8gtt1h,0.7.3,fleet_logger_0_1,582780719,ESP32,esp32_die,on_chip,die_temp,,25.70,degC,OK,,,,,name=c5off1;source=esp32_die;cal=uncalibrated_board_proxy;api=temperatureRead;config_id=170b1c1e;transport=wifi_poll,
plants.soil,2026-07-28T08:06:15.315Z,2026-07-28 03:06:15.315,23546,2a89d4,8gtt1h,0.7.3,fleet_logger_0_1,582810035,UMLIFE_v2_TLC555,ch0,origplant,soil_moisture,1212,,,OK,,,982.8,,name=c5off1;level=overwatered;role=disp;spread=13;gpio=1;device_seq=77704;time_source=device_synced;device_timestamp_utc=2026-07-28T08:06:01.989Z;config_id=170b1c1e;rssi=-56;uptime_s=582810;heap=152396;cal_tier=board-cal;cal_src=wet_rederive_1236_20260719;pressure_context_source=weather_openmeteo;transport=wifi_poll,
plants.soil,2026-07-28T08:06:15.315Z,2026-07-28 03:06:15.315,23547,2a89d4,8gtt1h,0.7.3,fleet_logger_0_1,582810035,UMLIFE_v2_TLC555,ch1,origplant,soil_moisture,1368,,,OK,,,982.8,,name=c5off1;level=well watered;role=disp;spread=23;gpio=4;device_seq=77705;time_source=device_synced;device_timestamp_utc=2026-07-28T08:06:01.989Z;config_id=170b1c1e;rssi=-56;uptime_s=582810;heap=152396;cal_tier=board-cal;cal_src=wet_rederive_1236_20260719;pressure_context_source=weather_openmeteo;transport=wifi_poll,
plants.soil,2026-07-28T08:06:15.315Z,2026-07-28 03:06:15.315,23548,2a89d4,8gtt1h,0.7.3,fleet_logger_0_1,582810035,UMLIFE_v2_TLC555,ch2,origplant,soil_moisture,1250,,,OK,,,982.8,,name=c5off1;level=overwatered;role=disp;spread=12;gpio=5;device_seq=77706;time_source=device_synced;device_timestamp_utc=2026-07-28T08:06:01.989Z;config_id=170b1c1e;rssi=-56;uptime_s=582810;heap=152396;cal_tier=board-cal;cal_src=wet_rederive_1236_20260719;pressure_context_source=weather_openmeteo;transport=wifi_poll,
plants.soil,2026-07-28T08:06:15.315Z,2026-07-28 03:06:15.315,23549,2a89d4,8gtt1h,0.7.3,fleet_logger_0_1,582810035,UMLIFE_v2_TLC555,ch3,origplant,soil_moisture,1588,,,OK,,,982.8,,name=c5off1;level=OK;role=disp;spread=22;gpio=6;device_seq=77707;time_source=device_synced;device_timestamp_utc=2026-07-28T08:06:01.989Z;config_id=170b1c1e;rssi=-56;uptime_s=582810;heap=152396;cal_tier=board-cal;cal_src=wet_rederive_1236_20260719;pressure_context_source=weather_openmeteo;transport=wifi_poll,
plants.env,2026-07-28T08:06:15.315Z,2026-07-28 03:06:15.315,23550,2a89d4,8gtt1h,0.7.3,fleet_logger_0_1,582810719,ESP32,esp32_die,on_chip,die_temp,,24.70,degC,OK,,,,,name=c5off1;source=esp32_die;cal=uncalibrated_board_proxy;api=temperatureRead;config_id=170b1c1e;transport=wifi_poll,
plants.soil,2026-07-28T08:06:47.462Z,2026-07-28 03:06:47.462,23551,2a89d4,8gtt1h,0.7.3,fleet_logger_0_1,582840035,UMLIFE_v2_TLC555,ch0,origplant,soil_moisture,1217,,,OK,,,982.8,,name=c5off1;level=overwatered;role=disp;spread=20;gpio=1;device_seq=77708;time_source=device_synced;device_timestamp_utc=2026-07-28T08:06:31.989Z;config_id=170b1c1e;rssi=-58;uptime_s=582840;heap=152652;cal_tier=board-cal;cal_src=wet_rederive_1236_20260719;pressure_context_source=weather_openmeteo;transport=wifi_poll,
plants.soil,2026-07-28T08:06:47.462Z,2026-07-28 03:06:47.462,23552,2a89d4,8gtt1h,0.7.3,fleet_logger_0_1,582840035,UMLIFE_v2_TLC555,ch1,origplant,soil_moisture,1372,,,OK,,,982.8,,name=c5off1;level=well watered;role=disp;spread=20;gpio=4;device_seq=77709;time_source=device_synced;device_timestamp_utc=2026-07-28T08:06:31.989Z;config_id=170b1c1e;rssi=-58;uptime_s=582840;heap=152652;cal_tier=board-cal;cal_src=wet_rederive_1236_20260719;pressure_context_source=weather_openmeteo;transport=wifi_poll,
plants.soil,2026-07-28T08:06:47.462Z,2026-07-28 03:06:47.462,23553,2a89d4,8gtt1h,0.7.3,fleet_logger_0_1,582840035,UMLIFE_v2_TLC555,ch2,origplant,soil_moisture,1251,,,OK,,,982.8,,name=c5off1;level=overwatered;role=disp;spread=18;gpio=5;device_seq=77710;time_source=device_synced;device_timestamp_utc=2026-07-28T08:06:31.989Z;config_id=170b1c1e;rssi=-58;uptime_s=582840;heap=152652;cal_tier=board-cal;cal_src=wet_rederive_1236_20260719;pressure_context_source=weather_openmeteo;transport=wifi_poll,
plants.soil,2026-07-28T08:06:47.462Z,2026-07-28 03:06:47.462,23554,2a89d4,8gtt1h,0.7.3,fleet_logger_0_1,582840035,UMLIFE_v2_TLC555,ch3,origplant,soil_moisture,1591,,,OK,,,982.8,,name=c5off1;level=OK;role=disp;spread=16;gpio=6;device_seq=77711;time_source=device_synced;device_timestamp_utc=2026-07-28T08:06:31.989Z;config_id=170b1c1e;rssi=-58;uptime_s=582840;heap=152652;cal_tier=board-cal;cal_src=wet_rederive_1236_20260719;pressure_context_source=weather_openmeteo;transport=wifi_poll,
plants.env,2026-07-28T08:06:47.462Z,2026-07-28 03:06:47.462,23555,2a89d4,8gtt1h,0.7.3,fleet_logger_0_1,582840719,ESP32,esp32_die,on_chip,die_temp,,24.70,degC,OK,,,,,name=c5off1;source=esp32_die;cal=uncalibrated_board_proxy;api=temperatureRead;config_id=170b1c1e;transport=wifi_poll,
plants.soil,2026-07-28T08:07:17.808Z,2026-07-28 03:07:17.808,23556,2a89d4,8gtt1h,0.7.3,fleet_logger_0_1,582870035,UMLIFE_v2_TLC555,ch0,origplant,soil_moisture,1222,,,OK,,,982.8,,name=c5off1;level=overwatered;role=disp;spread=7;gpio=1;device_seq=77712;time_source=device_synced;device_timestamp_utc=2026-07-28T08:07:01.989Z;config_id=170b1c1e;rssi=-58;uptime_s=582870;heap=152604;cal_tier=board-cal;cal_src=wet_rederive_1236_20260719;pressure_context_source=weather_openmeteo;transport=wifi_poll,
plants.soil,2026-07-28T08:07:17.808Z,2026-07-28 03:07:17.808,23557,2a89d4,8gtt1h,0.7.3,fleet_logger_0_1,582870035,UMLIFE_v2_TLC555,ch1,origplant,soil_moisture,1369,,,OK,,,982.8,,name=c5off1;level=well watered;role=disp;spread=10;gpio=4;device_seq=77713;time_source=device_synced;device_timestamp_utc=2026-07-28T08:07:01.989Z;config_id=170b1c1e;rssi=-58;uptime_s=582870;heap=152604;cal_tier=board-cal;cal_src=wet_rederive_1236_20260719;pressure_context_source=weather_openmeteo;transport=wifi_poll,
plants.soil,2026-07-28T08:07:17.808Z,2026-07-28 03:07:17.808,23558,2a89d4,8gtt1h,0.7.3,fleet_logger_0_1,582870035,UMLIFE_v2_TLC555,ch2,origplant,soil_moisture,1250,,,OK,,,982.8,,name=c5off1;level=overwatered;role=disp;spread=15;gpio=5;device_seq=77714;time_source=device_synced;device_timestamp_utc=2026-07-28T08:07:01.989Z;config_id=170b1c1e;rssi=-58;uptime_s=582870;heap=152604;cal_tier=board-cal;cal_src=wet_rederive_1236_20260719;pressure_context_source=weather_openmeteo;transport=wifi_poll,
plants.soil,2026-07-28T08:07:17.808Z,2026-07-28 03:07:17.808,23559,2a89d4,8gtt1h,0.7.3,fleet_logger_0_1,582870035,UMLIFE_v2_TLC555,ch3,origplant,soil_moisture,1590,,,OK,,,982.8,,name=c5off1;level=OK;role=disp;spread=20;gpio=6;device_seq=77715;time_source=device_synced;device_timestamp_utc=2026-07-28T08:07:01.989Z;config_id=170b1c1e;rssi=-58;uptime_s=582870;heap=152604;cal_tier=board-cal;cal_src=wet_rederive_1236_20260719;pressure_context_source=weather_openmeteo;transport=wifi_poll,
plants.env,2026-07-28T08:07:17.808Z,2026-07-28 03:07:17.808,23560,2a89d4,8gtt1h,0.7.3,fleet_logger_0_1,582870719,ESP32,esp32_die,on_chip,die_temp,,24.70,degC,OK,,,,,name=c5off1;source=esp32_die;cal=uncalibrated_board_proxy;api=temperatureRead;config_id=170b1c1e;transport=wifi_poll,
plants.soil,2026-07-28T08:07:49.272Z,2026-07-28 03:07:49.272,23561,2a89d4,8gtt1h,0.7.3,fleet_logger_0_1,582900035,UMLIFE_v2_TLC555,ch0,origplant,soil_moisture,1230,,,OK,,,982.8,,name=c5off1;level=overwatered;role=disp;spread=11;gpio=1;device_seq=77716;time_source=device_synced;device_timestamp_utc=2026-07-28T08:07:31.989Z;config_id=170b1c1e;rssi=-60;uptime_s=582900;heap=152652;cal_tier=board-cal;cal_src=wet_rederive_1236_20260719;pressure_context_source=weather_openmeteo;transport=wifi_poll,
plants.soil,2026-07-28T08:07:49.272Z,2026-07-28 03:07:49.272,23562,2a89d4,8gtt1h,0.7.3,fleet_logger_0_1,582900035,UMLIFE_v2_TLC555,ch1,origplant,soil_moisture,1377,,,OK,,,982.8,,name=c5off1;level=well watered;role=disp;spread=25;gpio=4;device_seq=77717;time_source=device_synced;device_timestamp_utc=2026-07-28T08:07:31.989Z;config_id=170b1c1e;rssi=-60;uptime_s=582900;heap=152652;cal_tier=board-cal;cal_src=wet_rederive_1236_20260719;pressure_context_source=weather_openmeteo;transport=wifi_poll,
plants.soil,2026-07-28T08:07:49.272Z,2026-07-28 03:07:49.272,23563,2a89d4,8gtt1h,0.7.3,fleet_logger_0_1,582900035,UMLIFE_v2_TLC555,ch2,origplant,soil_moisture,1248,,,OK,,,982.8,,name=c5off1;level=overwatered;role=disp;spread=18;gpio=5;device_seq=77718;time_source=device_synced;device_timestamp_utc=2026-07-28T08:07:31.989Z;config_id=170b1c1e;rssi=-60;uptime_s=582900;heap=152652;cal_tier=board-cal;cal_src=wet_rederive_1236_20260719;pressure_context_source=weather_openmeteo;transport=wifi_poll,
plants.soil,2026-07-28T08:07:49.272Z,2026-07-28 03:07:49.272,23564,2a89d4,8gtt1h,0.7.3,fleet_logger_0_1,582900035,UMLIFE_v2_TLC555,ch3,origplant,soil_moisture,1590,,,OK,,,982.8,,name=c5off1;level=OK;role=disp;spread=38;gpio=6;device_seq=77719;time_source=device_synced;device_timestamp_utc=2026-07-28T08:07:31.989Z;config_id=170b1c1e;rssi=-60;uptime_s=582900;heap=152652;cal_tier=board-cal;cal_src=wet_rederive_1236_20260719;pressure_context_source=weather_openmeteo;transport=wifi_poll,
plants.env,2026-07-28T08:07:49.272Z,2026-07-28 03:07:49.272,23565,2a89d4,8gtt1h,0.7.3,fleet_logger_0_1,582900719,ESP32,esp32_die,on_chip,die_temp,,24.70,degC,OK,,,,,name=c5off1;source=esp32_die;cal=uncalibrated_board_proxy;api=temperatureRead;config_id=170b1c1e;transport=wifi_poll,
plants.soil,2026-07-28T08:08:19.929Z,2026-07-28 03:08:19.929,23566,2a89d4,8gtt1h,0.7.3,fleet_logger_0_1,582930035,UMLIFE_v2_TLC555,ch0,origplant,soil_moisture,1230,,,OK,,,982.8,,name=c5off1;level=overwatered;role=disp;spread=11;gpio=1;device_seq=77720;time_source=device_synced;device_timestamp_utc=2026-07-28T08:08:01.989Z;config_id=170b1c1e;rssi=-55;uptime_s=582930;heap=152604;cal_tier=board-cal;cal_src=wet_rederive_1236_20260719;pressure_context_source=weather_openmeteo;transport=wifi_poll,
plants.soil,2026-07-28T08:08:19.929Z,2026-07-28 03:08:19.929,23567,2a89d4,8gtt1h,0.7.3,fleet_logger_0_1,582930035,UMLIFE_v2_TLC555,ch1,origplant,soil_moisture,1386,,,OK,,,982.8,,name=c5off1;level=well watered;role=disp;spread=24;gpio=4;device_seq=77721;time_source=device_synced;device_timestamp_utc=2026-07-28T08:08:01.989Z;config_id=170b1c1e;rssi=-55;uptime_s=582930;heap=152604;cal_tier=board-cal;cal_src=wet_rederive_1236_20260719;pressure_context_source=weather_openmeteo;transport=wifi_poll,
plants.soil,2026-07-28T08:08:19.929Z,2026-07-28 03:08:19.929,23568,2a89d4,8gtt1h,0.7.3,fleet_logger_0_1,582930035,UMLIFE_v2_TLC555,ch2,origplant,soil_moisture,1251,,,OK,,,982.8,,name=c5off1;level=overwatered;role=disp;spread=12;gpio=5;device_seq=77722;time_source=device_synced;device_timestamp_utc=2026-07-28T08:08:01.989Z;config_id=170b1c1e;rssi=-55;uptime_s=582930;heap=152604;cal_tier=board-cal;cal_src=wet_rederive_1236_20260719;pressure_context_source=weather_openmeteo;transport=wifi_poll,
plants.soil,2026-07-28T08:08:19.929Z,2026-07-28 03:08:19.929,23569,2a89d4,8gtt1h,0.7.3,fleet_logger_0_1,582930035,UMLIFE_v2_TLC555,ch3,origplant,soil_moisture,1590,,,OK,,,982.8,,name=c5off1;level=OK;role=disp;spread=7;gpio=6;device_seq=77723;time_source=device_synced;device_timestamp_utc=2026-07-28T08:08:01.989Z;config_id=170b1c1e;rssi=-55;uptime_s=582930;heap=152604;cal_tier=board-cal;cal_src=wet_rederive_1236_20260719;pressure_context_source=weather_openmeteo;transport=wifi_poll,
plants.env,2026-07-28T08:08:19.929Z,2026-07-28 03:08:19.929,23570,2a89d4,8gtt1h,0.7.3,fleet_logger_0_1,582930719,ESP32,esp32_die,on_chip,die_temp,,24.70,degC,OK,,,,,name=c5off1;source=esp32_die;cal=uncalibrated_board_proxy;api=temperatureRead;config_id=170b1c1e;transport=wifi_poll,
plants.soil,2026-07-28T08:08:50.891Z,2026-07-28 03:08:50.891,23571,2a89d4,8gtt1h,0.7.3,fleet_logger_0_1,582960035,UMLIFE_v2_TLC555,ch0,origplant,soil_moisture,1232,,,OK,,,982.8,,name=c5off1;level=overwatered;role=disp;spread=13;gpio=1;device_seq=77724;time_source=device_synced;device_timestamp_utc=2026-07-28T08:08:31.989Z;config_id=170b1c1e;rssi=-57;uptime_s=582960;heap=152344;cal_tier=board-cal;cal_src=wet_rederive_1236_20260719;pressure_context_source=weather_openmeteo;transport=wifi_poll,
plants.soil,2026-07-28T08:08:50.891Z,2026-07-28 03:08:50.891,23572,2a89d4,8gtt1h,0.7.3,fleet_logger_0_1,582960035,UMLIFE_v2_TLC555,ch1,origplant,soil_moisture,1388,,,OK,,,982.8,,name=c5off1;level=well watered;role=disp;spread=22;gpio=4;device_seq=77725;time_source=device_synced;device_timestamp_utc=2026-07-28T08:08:31.989Z;config_id=170b1c1e;rssi=-57;uptime_s=582960;heap=152344;cal_tier=board-cal;cal_src=wet_rederive_1236_20260719;pressure_context_source=weather_openmeteo;transport=wifi_poll,
plants.soil,2026-07-28T08:08:50.891Z,2026-07-28 03:08:50.891,23573,2a89d4,8gtt1h,0.7.3,fleet_logger_0_1,582960035,UMLIFE_v2_TLC555,ch2,origplant,soil_moisture,1250,,,OK,,,982.8,,name=c5off1;level=overwatered;role=disp;spread=20;gpio=5;device_seq=77726;time_source=device_synced;device_timestamp_utc=2026-07-28T08:08:31.989Z;config_id=170b1c1e;rssi=-57;uptime_s=582960;heap=152344;cal_tier=board-cal;cal_src=wet_rederive_1236_20260719;pressure_context_source=weather_openmeteo;transport=wifi_poll,
plants.soil,2026-07-28T08:08:50.891Z,2026-07-28 03:08:50.891,23574,2a89d4,8gtt1h,0.7.3,fleet_logger_0_1,582960035,UMLIFE_v2_TLC555,ch3,origplant,soil_moisture,1598,,,OK,,,982.8,,name=c5off1;level=OK;role=disp;spread=31;gpio=6;device_seq=77727;time_source=device_synced;device_timestamp_utc=2026-07-28T08:08:31.989Z;config_id=170b1c1e;rssi=-57;uptime_s=582960;heap=152344;cal_tier=board-cal;cal_src=wet_rederive_1236_20260719;pressure_context_source=weather_openmeteo;transport=wifi_poll,
plants.env,2026-07-28T08:08:50.891Z,2026-07-28 03:08:50.891,23575,2a89d4,8gtt1h,0.7.3,fleet_logger_0_1,582960719,ESP32,esp32_die,on_chip,die_temp,,24.70,degC,OK,,,,,name=c5off1;source=esp32_die;cal=uncalibrated_board_proxy;api=temperatureRead;config_id=170b1c1e;transport=wifi_poll,
plants.soil,2026-07-28T08:09:22.393Z,2026-07-28 03:09:22.393,23576,2a89d4,8gtt1h,0.7.3,fleet_logger_0_1,582990035,UMLIFE_v2_TLC555,ch0,origplant,soil_moisture,1231,,,OK,,,982.8,,name=c5off1;level=overwatered;role=disp;spread=24;gpio=1;device_seq=77728;time_source=device_synced;device_timestamp_utc=2026-07-28T08:09:01.989Z;config_id=170b1c1e;rssi=-57;uptime_s=582990;heap=152344;cal_tier=board-cal;cal_src=wet_rederive_1236_20260719;pressure_context_source=weather_openmeteo;transport=wifi_poll,
plants.soil,2026-07-28T08:09:22.393Z,2026-07-28 03:09:22.393,23577,2a89d4,8gtt1h,0.7.3,fleet_logger_0_1,582990035,UMLIFE_v2_TLC555,ch1,origplant,soil_moisture,1388,,,OK,,,982.8,,name=c5off1;level=well watered;role=disp;spread=19;gpio=4;device_seq=77729;time_source=device_synced;device_timestamp_utc=2026-07-28T08:09:01.989Z;config_id=170b1c1e;rssi=-57;uptime_s=582990;heap=152344;cal_tier=board-cal;cal_src=wet_rederive_1236_20260719;pressure_context_source=weather_openmeteo;transport=wifi_poll,
plants.soil,2026-07-28T08:09:22.393Z,2026-07-28 03:09:22.393,23578,2a89d4,8gtt1h,0.7.3,fleet_logger_0_1,582990035,UMLIFE_v2_TLC555,ch2,origplant,soil_moisture,1251,,,OK,,,982.8,,name=c5off1;level=overwatered;role=disp;spread=14;gpio=5;device_seq=77730;time_source=device_synced;device_timestamp_utc=2026-07-28T08:09:01.989Z;config_id=170b1c1e;rssi=-57;uptime_s=582990;heap=152344;cal_tier=board-cal;cal_src=wet_rederive_1236_20260719;pressure_context_source=weather_openmeteo;transport=wifi_poll,
plants.soil,2026-07-28T08:09:22.393Z,2026-07-28 03:09:22.393,23579,2a89d4,8gtt1h,0.7.3,fleet_logger_0_1,582990035,UMLIFE_v2_TLC555,ch3,origplant,soil_moisture,1603,,,OK,,,982.8,,name=c5off1;level=OK;role=disp;spread=29;gpio=6;device_seq=77731;time_source=device_synced;device_timestamp_utc=2026-07-28T08:09:01.989Z;config_id=170b1c1e;rssi=-57;uptime_s=582990;heap=152344;cal_tier=board-cal;cal_src=wet_rederive_1236_20260719;pressure_context_source=weather_openmeteo;transport=wifi_poll,
plants.env,2026-07-28T08:09:22.393Z,2026-07-28 03:09:22.393,23580,2a89d4,8gtt1h,0.7.3,fleet_logger_0_1,582990719,ESP32,esp32_die,on_chip,die_temp,,25.70,degC,OK,,,,,name=c5off1;source=esp32_die;cal=uncalibrated_board_proxy;api=temperatureRead;config_id=170b1c1e;transport=wifi_poll,
plants.soil,2026-07-28T08:09:52.940Z,2026-07-28 03:09:52.940,23581,2a89d4,8gtt1h,0.7.3,fleet_logger_0_1,583020035,UMLIFE_v2_TLC555,ch0,origplant,soil_moisture,1231,,,OK,,,982.8,,name=c5off1;level=overwatered;role=disp;spread=18;gpio=1;device_seq=77732;time_source=device_synced;device_timestamp_utc=2026-07-28T08:09:31.989Z;config_id=170b1c1e;rssi=-56;uptime_s=583020;heap=152600;cal_tier=board-cal;cal_src=wet_rederive_1236_20260719;pressure_context_source=weather_openmeteo;transport=wifi_poll,
plants.soil,2026-07-28T08:09:52.940Z,2026-07-28 03:09:52.940,23582,2a89d4,8gtt1h,0.7.3,fleet_logger_0_1,583020035,UMLIFE_v2_TLC555,ch1,origplant,soil_moisture,1387,,,OK,,,982.8,,name=c5off1;level=well watered;role=disp;spread=28;gpio=4;device_seq=77733;time_source=device_synced;device_timestamp_utc=2026-07-28T08:09:31.989Z;config_id=170b1c1e;rssi=-56;uptime_s=583020;heap=152600;cal_tier=board-cal;cal_src=wet_rederive_1236_20260719;pressure_context_source=weather_openmeteo;transport=wifi_poll,
plants.soil,2026-07-28T08:09:52.940Z,2026-07-28 03:09:52.940,23583,2a89d4,8gtt1h,0.7.3,fleet_logger_0_1,583020035,UMLIFE_v2_TLC555,ch2,origplant,soil_moisture,1252,,,OK,,,982.8,,name=c5off1;level=overwatered;role=disp;spread=12;gpio=5;device_seq=77734;time_source=device_synced;device_timestamp_utc=2026-07-28T08:09:31.989Z;config_id=170b1c1e;rssi=-56;uptime_s=583020;heap=152600;cal_tier=board-cal;cal_src=wet_rederive_1236_20260719;pressure_context_source=weather_openmeteo;transport=wifi_poll,
plants.soil,2026-07-28T08:09:52.940Z,2026-07-28 03:09:52.940,23584,2a89d4,8gtt1h,0.7.3,fleet_logger_0_1,583020035,UMLIFE_v2_TLC555,ch3,origplant,soil_moisture,1609,,,OK,,,982.8,,name=c5off1;level=OK;role=disp;spread=17;gpio=6;device_seq=77735;time_source=device_synced;device_timestamp_utc=2026-07-28T08:09:31.989Z;config_id=170b1c1e;rssi=-56;uptime_s=583020;heap=152600;cal_tier=board-cal;cal_src=wet_rederive_1236_20260719;pressure_context_source=weather_openmeteo;transport=wifi_poll,
plants.env,2026-07-28T08:09:52.940Z,2026-07-28 03:09:52.940,23585,2a89d4,8gtt1h,0.7.3,fleet_logger_0_1,583020719,ESP32,esp32_die,on_chip,die_temp,,24.70,degC,OK,,,,,name=c5off1;source=esp32_die;cal=uncalibrated_board_proxy;api=temperatureRead;config_id=170b1c1e;transport=wifi_poll,
plants.soil,2026-07-28T08:10:23.424Z,2026-07-28 03:10:23.424,23586,2a89d4,8gtt1h,0.7.3,fleet_logger_0_1,583050035,UMLIFE_v2_TLC555,ch0,origplant,soil_moisture,1231,,,OK,,,982.8,,name=c5off1;level=overwatered;role=disp;spread=12;gpio=1;device_seq=77736;time_source=device_synced;device_timestamp_utc=2026-07-28T08:10:01.989Z;config_id=170b1c1e;rssi=-57;uptime_s=583050;heap=152596;cal_tier=board-cal;cal_src=wet_rederive_1236_20260719;pressure_context_source=weather_openmeteo;transport=wifi_poll,
plants.soil,2026-07-28T08:10:23.424Z,2026-07-28 03:10:23.424,23587,2a89d4,8gtt1h,0.7.3,fleet_logger_0_1,583050035,UMLIFE_v2_TLC555,ch1,origplant,soil_moisture,1390,,,OK,,,982.8,,name=c5off1;level=well watered;role=disp;spread=17;gpio=4;device_seq=77737;time_source=device_synced;device_timestamp_utc=2026-07-28T08:10:01.989Z;config_id=170b1c1e;rssi=-57;uptime_s=583050;heap=152596;cal_tier=board-cal;cal_src=wet_rederive_1236_20260719;pressure_context_source=weather_openmeteo;transport=wifi_poll,
plants.soil,2026-07-28T08:10:23.424Z,2026-07-28 03:10:23.424,23588,2a89d4,8gtt1h,0.7.3,fleet_logger_0_1,583050035,UMLIFE_v2_TLC555,ch2,origplant,soil_moisture,1252,,,OK,,,982.8,,name=c5off1;level=overwatered;role=disp;spread=4;gpio=5;device_seq=77738;time_source=device_synced;device_timestamp_utc=2026-07-28T08:10:01.989Z;config_id=170b1c1e;rssi=-57;uptime_s=583050;heap=152596;cal_tier=board-cal;cal_src=wet_rederive_1236_20260719;pressure_context_source=weather_openmeteo;transport=wifi_poll,
plants.soil,2026-07-28T08:10:23.424Z,2026-07-28 03:10:23.424,23589,2a89d4,8gtt1h,0.7.3,fleet_logger_0_1,583050035,UMLIFE_v2_TLC555,ch3,origplant,soil_moisture,1607,,,OK,,,982.8,,name=c5off1;level=OK;role=disp;spread=23;gpio=6;device_seq=77739;time_source=device_synced;device_timestamp_utc=2026-07-28T08:10:01.989Z;config_id=170b1c1e;rssi=-57;uptime_s=583050;heap=152596;cal_tier=board-cal;cal_src=wet_rederive_1236_20260719;pressure_context_source=weather_openmeteo;transport=wifi_poll,
plants.env,2026-07-28T08:10:23.424Z,2026-07-28 03:10:23.424,23590,2a89d4,8gtt1h,0.7.3,fleet_logger_0_1,583050719,ESP32,esp32_die,on_chip,die_temp,,25.70,degC,OK,,,,,name=c5off1;source=esp32_die;cal=uncalibrated_board_proxy;api=temperatureRead;config_id=170b1c1e;transport=wifi_poll,
plants.soil,2026-07-28T08:10:53.970Z,2026-07-28 03:10:53.970,23591,2a89d4,8gtt1h,0.7.3,fleet_logger_0_1,583080035,UMLIFE_v2_TLC555,ch0,origplant,soil_moisture,1230,,,OK,,,982.8,,name=c5off1;level=overwatered;role=disp;spread=12;gpio=1;device_seq=77740;time_source=device_synced;device_timestamp_utc=2026-07-28T08:10:31.989Z;config_id=170b1c1e;rssi=-57;uptime_s=583080;heap=152660;cal_tier=board-cal;cal_src=wet_rederive_1236_20260719;pressure_context_source=weather_openmeteo;transport=wifi_poll,
plants.soil,2026-07-28T08:10:53.970Z,2026-07-28 03:10:53.970,23592,2a89d4,8gtt1h,0.7.3,fleet_logger_0_1,583080035,UMLIFE_v2_TLC555,ch1,origplant,soil_moisture,1390,,,OK,,,982.8,,name=c5off1;level=well watered;role=disp;spread=7;gpio=4;device_seq=77741;time_source=device_synced;device_timestamp_utc=2026-07-28T08:10:31.989Z;config_id=170b1c1e;rssi=-57;uptime_s=583080;heap=152660;cal_tier=board-cal;cal_src=wet_rederive_1236_20260719;pressure_context_source=weather_openmeteo;transport=wifi_poll,
plants.soil,2026-07-28T08:10:53.970Z,2026-07-28 03:10:53.970,23593,2a89d4,8gtt1h,0.7.3,fleet_logger_0_1,583080035,UMLIFE_v2_TLC555,ch2,origplant,soil_moisture,1251,,,OK,,,982.8,,name=c5off1;level=overwatered;role=disp;spread=12;gpio=5;device_seq=77742;time_source=device_synced;device_timestamp_utc=2026-07-28T08:10:31.989Z;config_id=170b1c1e;rssi=-57;uptime_s=583080;heap=152660;cal_tier=board-cal;cal_src=wet_rederive_1236_20260719;pressure_context_source=weather_openmeteo;transport=wifi_poll,
plants.soil,2026-07-28T08:10:53.970Z,2026-07-28 03:10:53.970,23594,2a89d4,8gtt1h,0.7.3,fleet_logger_0_1,583080035,UMLIFE_v2_TLC555,ch3,origplant,soil_moisture,1609,,,OK,,,982.8,,name=c5off1;level=OK;role=disp;spread=16;gpio=6;device_seq=77743;time_source=device_synced;device_timestamp_utc=2026-07-28T08:10:31.989Z;config_id=170b1c1e;rssi=-57;uptime_s=583080;heap=152660;cal_tier=board-cal;cal_src=wet_rederive_1236_20260719;pressure_context_source=weather_openmeteo;transport=wifi_poll,
plants.env,2026-07-28T08:10:53.970Z,2026-07-28 03:10:53.970,23595,2a89d4,8gtt1h,0.7.3,fleet_logger_0_1,583080719,ESP32,esp32_die,on_chip,die_temp,,24.70,degC,OK,,,,,name=c5off1;source=esp32_die;cal=uncalibrated_board_proxy;api=temperatureRead;config_id=170b1c1e;transport=wifi_poll,
plants.soil,2026-07-28T08:11:24.716Z,2026-07-28 03:11:24.716,23596,2a89d4,8gtt1h,0.7.3,fleet_logger_0_1,583110035,UMLIFE_v2_TLC555,ch0,origplant,soil_moisture,1231,,,OK,,,982.8,,name=c5off1;level=overwatered;role=disp;spread=8;gpio=1;device_seq=77744;time_source=device_synced;device_timestamp_utc=2026-07-28T08:11:01.989Z;config_id=170b1c1e;rssi=-57;uptime_s=583110;heap=152612;cal_tier=board-cal;cal_src=wet_rederive_1236_20260719;pressure_context_source=weather_openmeteo;transport=wifi_poll,
plants.soil,2026-07-28T08:11:24.716Z,2026-07-28 03:11:24.716,23597,2a89d4,8gtt1h,0.7.3,fleet_logger_0_1,583110035,UMLIFE_v2_TLC555,ch1,origplant,soil_moisture,1388,,,OK,,,982.8,,name=c5off1;level=well watered;role=disp;spread=12;gpio=4;device_seq=77745;time_source=device_synced;device_timestamp_utc=2026-07-28T08:11:01.989Z;config_id=170b1c1e;rssi=-57;uptime_s=583110;heap=152612;cal_tier=board-cal;cal_src=wet_rederive_1236_20260719;pressure_context_source=weather_openmeteo;transport=wifi_poll,
plants.soil,2026-07-28T08:11:24.716Z,2026-07-28 03:11:24.716,23598,2a89d4,8gtt1h,0.7.3,fleet_logger_0_1,583110035,UMLIFE_v2_TLC555,ch2,origplant,soil_moisture,1251,,,OK,,,982.8,,name=c5off1;level=overwatered;role=disp;spread=18;gpio=5;device_seq=77746;time_source=device_synced;device_timestamp_utc=2026-07-28T08:11:01.989Z;config_id=170b1c1e;rssi=-57;uptime_s=583110;heap=152612;cal_tier=board-cal;cal_src=wet_rederive_1236_20260719;pressure_context_source=weather_openmeteo;transport=wifi_poll,
plants.soil,2026-07-28T08:11:24.716Z,2026-07-28 03:11:24.716,23599,2a89d4,8gtt1h,0.7.3,fleet_logger_0_1,583110035,UMLIFE_v2_TLC555,ch3,origplant,soil_moisture,1607,,,OK,,,982.8,,name=c5off1;level=OK;role=disp;spread=13;gpio=6;device_seq=77747;time_source=device_synced;device_timestamp_utc=2026-07-28T08:11:01.989Z;config_id=170b1c1e;rssi=-57;uptime_s=583110;heap=152612;cal_tier=board-cal;cal_src=wet_rederive_1236_20260719;pressure_context_source=weather_openmeteo;transport=wifi_poll,
plants.env,2026-07-28T08:11:24.716Z,2026-07-28 03:11:24.716,23600,2a89d4,8gtt1h,0.7.3,fleet_logger_0_1,583110719,ESP32,esp32_die,on_chip,die_temp,,25.70,degC,OK,,,,,name=c5off1;source=esp32_die;cal=uncalibrated_board_proxy;api=temperatureRead;config_id=170b1c1e;transport=wifi_poll,
plants.soil,2026-07-28T08:11:57.223Z,2026-07-28 03:11:57.223,23601,2a89d4,8gtt1h,0.7.3,fleet_logger_0_1,583140035,UMLIFE_v2_TLC555,ch0,origplant,soil_moisture,1213,,,OK,,,982.8,,name=c5off1;level=overwatered;role=disp;spread=11;gpio=1;device_seq=77748;time_source=device_synced;device_timestamp_utc=2026-07-28T08:11:31.989Z;config_id=170b1c1e;rssi=-56;uptime_s=583140;heap=152388;cal_tier=board-cal;cal_src=wet_rederive_1236_20260719;pressure_context_source=weather_openmeteo;transport=wifi_poll,
plants.soil,2026-07-28T08:11:57.223Z,2026-07-28 03:11:57.223,23602,2a89d4,8gtt1h,0.7.3,fleet_logger_0_1,583140035,UMLIFE_v2_TLC555,ch1,origplant,soil_moisture,1370,,,OK,,,982.8,,name=c5off1;level=well watered;role=disp;spread=20;gpio=4;device_seq=77749;time_source=device_synced;device_timestamp_utc=2026-07-28T08:11:31.989Z;config_id=170b1c1e;rssi=-56;uptime_s=583140;heap=152388;cal_tier=board-cal;cal_src=wet_rederive_1236_20260719;pressure_context_source=weather_openmeteo;transport=wifi_poll,
plants.soil,2026-07-28T08:11:57.223Z,2026-07-28 03:11:57.223,23603,2a89d4,8gtt1h,0.7.3,fleet_logger_0_1,583140035,UMLIFE_v2_TLC555,ch2,origplant,soil_moisture,1250,,,OK,,,982.8,,name=c5off1;level=overwatered;role=disp;spread=13;gpio=5;device_seq=77750;time_source=device_synced;device_timestamp_utc=2026-07-28T08:11:31.989Z;config_id=170b1c1e;rssi=-56;uptime_s=583140;heap=152388;cal_tier=board-cal;cal_src=wet_rederive_1236_20260719;pressure_context_source=weather_openmeteo;transport=wifi_poll,
plants.soil,2026-07-28T08:11:57.223Z,2026-07-28 03:11:57.223,23604,2a89d4,8gtt1h,0.7.3,fleet_logger_0_1,583140035,UMLIFE_v2_TLC555,ch3,origplant,soil_moisture,1588,,,OK,,,982.8,,name=c5off1;level=OK;role=disp;spread=19;gpio=6;device_seq=77751;time_source=device_synced;device_timestamp_utc=2026-07-28T08:11:31.989Z;config_id=170b1c1e;rssi=-56;uptime_s=583140;heap=152388;cal_tier=board-cal;cal_src=wet_rederive_1236_20260719;pressure_context_source=weather_openmeteo;transport=wifi_poll,
plants.env,2026-07-28T08:11:57.223Z,2026-07-28 03:11:57.223,23605,2a89d4,8gtt1h,0.7.3,fleet_logger_0_1,583140719,ESP32,esp32_die,on_chip,die_temp,,25.70,degC,OK,,,,,name=c5off1;source=esp32_die;cal=uncalibrated_board_proxy;api=temperatureRead;config_id=170b1c1e;transport=wifi_poll,
plants.soil,2026-07-28T08:12:27.736Z,2026-07-28 03:12:27.736,23606,2a89d4,8gtt1h,0.7.3,fleet_logger_0_1,583170035,UMLIFE_v2_TLC555,ch0,origplant,soil_moisture,1231,,,OK,,,982.8,,name=c5off1;level=overwatered;role=disp;spread=13;gpio=1;device_seq=77752;time_source=device_synced;device_timestamp_utc=2026-07-28T08:12:01.989Z;config_id=170b1c1e;rssi=-57;uptime_s=583170;heap=152388;cal_tier=board-cal;cal_src=wet_rederive_1236_20260719;pressure_context_source=weather_openmeteo;transport=wifi_poll,
plants.soil,2026-07-28T08:12:27.736Z,2026-07-28 03:12:27.736,23607,2a89d4,8gtt1h,0.7.3,fleet_logger_0_1,583170035,UMLIFE_v2_TLC555,ch1,origplant,soil_moisture,1389,,,OK,,,982.8,,name=c5off1;level=well watered;role=disp;spread=17;gpio=4;device_seq=77753;time_source=device_synced;device_timestamp_utc=2026-07-28T08:12:01.989Z;config_id=170b1c1e;rssi=-57;uptime_s=583170;heap=152388;cal_tier=board-cal;cal_src=wet_rederive_1236_20260719;pressure_context_source=weather_openmeteo;transport=wifi_poll,
plants.soil,2026-07-28T08:12:27.736Z,2026-07-28 03:12:27.736,23608,2a89d4,8gtt1h,0.7.3,fleet_logger_0_1,583170035,UMLIFE_v2_TLC555,ch2,origplant,soil_moisture,1252,,,OK,,,982.8,,name=c5off1;level=overwatered;role=disp;spread=13;gpio=5;device_seq=77754;time_source=device_synced;device_timestamp_utc=2026-07-28T08:12:01.989Z;config_id=170b1c1e;rssi=-57;uptime_s=583170;heap=152388;cal_tier=board-cal;cal_src=wet_rederive_1236_20260719;pressure_context_source=weather_openmeteo;transport=wifi_poll,
plants.soil,2026-07-28T08:12:27.736Z,2026-07-28 03:12:27.736,23609,2a89d4,8gtt1h,0.7.3,fleet_logger_0_1,583170035,UMLIFE_v2_TLC555,ch3,origplant,soil_moisture,1607,,,OK,,,982.8,,name=c5off1;level=OK;role=disp;spread=16;gpio=6;device_seq=77755;time_source=device_synced;device_timestamp_utc=2026-07-28T08:12:01.989Z;config_id=170b1c1e;rssi=-57;uptime_s=583170;heap=152388;cal_tier=board-cal;cal_src=wet_rederive_1236_20260719;pressure_context_source=weather_openmeteo;transport=wifi_poll,
plants.env,2026-07-28T08:12:27.736Z,2026-07-28 03:12:27.736,23610,2a89d4,8gtt1h,0.7.3,fleet_logger_0_1,583170720,ESP32,esp32_die,on_chip,die_temp,,25.70,degC,OK,,,,,name=c5off1;source=esp32_die;cal=uncalibrated_board_proxy;api=temperatureRead;config_id=170b1c1e;transport=wifi_poll,
plants.soil,2026-07-28T08:12:58.373Z,2026-07-28 03:12:58.373,23611,2a89d4,8gtt1h,0.7.3,fleet_logger_0_1,583200035,UMLIFE_v2_TLC555,ch0,origplant,soil_moisture,1231,,,OK,,,982.8,,name=c5off1;level=overwatered;role=disp;spread=15;gpio=1;device_seq=77756;time_source=device_synced;device_timestamp_utc=2026-07-28T08:12:31.989Z;config_id=170b1c1e;rssi=-59;uptime_s=583200;heap=152660;cal_tier=board-cal;cal_src=wet_rederive_1236_20260719;pressure_context_source=weather_openmeteo;transport=wifi_poll,
plants.soil,2026-07-28T08:12:58.373Z,2026-07-28 03:12:58.373,23612,2a89d4,8gtt1h,0.7.3,fleet_logger_0_1,583200035,UMLIFE_v2_TLC555,ch1,origplant,soil_moisture,1389,,,OK,,,982.8,,name=c5off1;level=well watered;role=disp;spread=29;gpio=4;device_seq=77757;time_source=device_synced;device_timestamp_utc=2026-07-28T08:12:31.989Z;config_id=170b1c1e;rssi=-59;uptime_s=583200;heap=152660;cal_tier=board-cal;cal_src=wet_rederive_1236_20260719;pressure_context_source=weather_openmeteo;transport=wifi_poll,
plants.soil,2026-07-28T08:12:58.373Z,2026-07-28 03:12:58.373,23613,2a89d4,8gtt1h,0.7.3,fleet_logger_0_1,583200035,UMLIFE_v2_TLC555,ch2,origplant,soil_moisture,1252,,,OK,,,982.8,,name=c5off1;level=overwatered;role=disp;spread=14;gpio=5;device_seq=77758;time_source=device_synced;device_timestamp_utc=2026-07-28T08:12:31.989Z;config_id=170b1c1e;rssi=-59;uptime_s=583200;heap=152660;cal_tier=board-cal;cal_src=wet_rederive_1236_20260719;pressure_context_source=weather_openmeteo;transport=wifi_poll,
plants.soil,2026-07-28T08:12:58.373Z,2026-07-28 03:12:58.373,23614,2a89d4,8gtt1h,0.7.3,fleet_logger_0_1,583200035,UMLIFE_v2_TLC555,ch3,origplant,soil_moisture,1607,,,OK,,,982.8,,name=c5off1;level=OK;role=disp;spread=22;gpio=6;device_seq=77759;time_source=device_synced;device_timestamp_utc=2026-07-28T08:12:31.989Z;config_id=170b1c1e;rssi=-59;uptime_s=583200;heap=152660;cal_tier=board-cal;cal_src=wet_rederive_1236_20260719;pressure_context_source=weather_openmeteo;transport=wifi_poll,
plants.env,2026-07-28T08:12:58.373Z,2026-07-28 03:12:58.373,23615,2a89d4,8gtt1h,0.7.3,fleet_logger_0_1,583201819,ESP32,esp32_die,on_chip,die_temp,,25.70,degC,OK,,,,,name=c5off1;source=esp32_die;cal=uncalibrated_board_proxy;api=temperatureRead;config_id=170b1c1e;transport=wifi_poll,
plants.soil,2026-07-28T08:13:29.083Z,2026-07-28 03:13:29.083,23616,2a89d4,8gtt1h,0.7.3,fleet_logger_0_1,583230035,UMLIFE_v2_TLC555,ch0,origplant,soil_moisture,1230,,,OK,,,982.8,,name=c5off1;level=overwatered;role=disp;spread=7;gpio=1;device_seq=77760;time_source=device_synced;device_timestamp_utc=2026-07-28T08:13:01.989Z;config_id=170b1c1e;rssi=-55;uptime_s=583230;heap=152648;cal_tier=board-cal;cal_src=wet_rederive_1236_20260719;pressure_context_source=weather_openmeteo;transport=wifi_poll,
plants.soil,2026-07-28T08:13:29.083Z,2026-07-28 03:13:29.083,23617,2a89d4,8gtt1h,0.7.3,fleet_logger_0_1,583230035,UMLIFE_v2_TLC555,ch1,origplant,soil_moisture,1389,,,OK,,,982.8,,name=c5off1;level=well watered;role=disp;spread=15;gpio=4;device_seq=77761;time_source=device_synced;device_timestamp_utc=2026-07-28T08:13:01.989Z;config_id=170b1c1e;rssi=-55;uptime_s=583230;heap=152648;cal_tier=board-cal;cal_src=wet_rederive_1236_20260719;pressure_context_source=weather_openmeteo;transport=wifi_poll,
plants.soil,2026-07-28T08:13:29.083Z,2026-07-28 03:13:29.083,23618,2a89d4,8gtt1h,0.7.3,fleet_logger_0_1,583230035,UMLIFE_v2_TLC555,ch2,origplant,soil_moisture,1252,,,OK,,,982.8,,name=c5off1;level=overwatered;role=disp;spread=17;gpio=5;device_seq=77762;time_source=device_synced;device_timestamp_utc=2026-07-28T08:13:01.989Z;config_id=170b1c1e;rssi=-55;uptime_s=583230;heap=152648;cal_tier=board-cal;cal_src=wet_rederive_1236_20260719;pressure_context_source=weather_openmeteo;transport=wifi_poll,
plants.soil,2026-07-28T08:13:29.083Z,2026-07-28 03:13:29.083,23619,2a89d4,8gtt1h,0.7.3,fleet_logger_0_1,583230035,UMLIFE_v2_TLC555,ch3,origplant,soil_moisture,1610,,,OK,,,982.8,,name=c5off1;level=OK;role=disp;spread=26;gpio=6;device_seq=77763;time_source=device_synced;device_timestamp_utc=2026-07-28T08:13:01.989Z;config_id=170b1c1e;rssi=-55;uptime_s=583230;heap=152648;cal_tier=board-cal;cal_src=wet_rederive_1236_20260719;pressure_context_source=weather_openmeteo;transport=wifi_poll,
plants.env,2026-07-28T08:13:29.083Z,2026-07-28 03:13:29.083,23620,2a89d4,8gtt1h,0.7.3,fleet_logger_0_1,583230719,ESP32,esp32_die,on_chip,die_temp,,24.70,degC,OK,,,,,name=c5off1;source=esp32_die;cal=uncalibrated_board_proxy;api=temperatureRead;config_id=170b1c1e;transport=wifi_poll,
plants.soil,2026-07-28T08:13:59.719Z,2026-07-28 03:13:59.719,23621,2a89d4,8gtt1h,0.7.3,fleet_logger_0_1,583260035,UMLIFE_v2_TLC555,ch0,origplant,soil_moisture,1232,,,OK,,,982.8,,name=c5off1;level=overwatered;role=disp;spread=21;gpio=1;device_seq=77764;time_source=device_synced;device_timestamp_utc=2026-07-28T08:13:31.989Z;config_id=170b1c1e;rssi=-57;uptime_s=583260;heap=152656;cal_tier=board-cal;cal_src=wet_rederive_1236_20260719;pressure_context_source=weather_openmeteo;transport=wifi_poll,
plants.soil,2026-07-28T08:13:59.719Z,2026-07-28 03:13:59.719,23622,2a89d4,8gtt1h,0.7.3,fleet_logger_0_1,583260035,UMLIFE_v2_TLC555,ch1,origplant,soil_moisture,1390,,,OK,,,982.8,,name=c5off1;level=well watered;role=disp;spread=12;gpio=4;device_seq=77765;time_source=device_synced;device_timestamp_utc=2026-07-28T08:13:31.989Z;config_id=170b1c1e;rssi=-57;uptime_s=583260;heap=152656;cal_tier=board-cal;cal_src=wet_rederive_1236_20260719;pressure_context_source=weather_openmeteo;transport=wifi_poll,
plants.soil,2026-07-28T08:13:59.719Z,2026-07-28 03:13:59.719,23623,2a89d4,8gtt1h,0.7.3,fleet_logger_0_1,583260035,UMLIFE_v2_TLC555,ch2,origplant,soil_moisture,1249,,,OK,,,982.8,,name=c5off1;level=overwatered;role=disp;spread=12;gpio=5;device_seq=77766;time_source=device_synced;device_timestamp_utc=2026-07-28T08:13:31.989Z;config_id=170b1c1e;rssi=-57;uptime_s=583260;heap=152656;cal_tier=board-cal;cal_src=wet_rederive_1236_20260719;pressure_context_source=weather_openmeteo;transport=wifi_poll,
plants.soil,2026-07-28T08:13:59.719Z,2026-07-28 03:13:59.719,23624,2a89d4,8gtt1h,0.7.3,fleet_logger_0_1,583260035,UMLIFE_v2_TLC555,ch3,origplant,soil_moisture,1611,,,OK,,,982.8,,name=c5off1;level=OK;role=disp;spread=28;gpio=6;device_seq=77767;time_source=device_synced;device_timestamp_utc=2026-07-28T08:13:31.989Z;config_id=170b1c1e;rssi=-57;uptime_s=583260;heap=152656;cal_tier=board-cal;cal_src=wet_rederive_1236_20260719;pressure_context_source=weather_openmeteo;transport=wifi_poll,
plants.env,2026-07-28T08:13:59.719Z,2026-07-28 03:13:59.719,23625,2a89d4,8gtt1h,0.7.3,fleet_logger_0_1,583260719,ESP32,esp32_die,on_chip,die_temp,,25.70,degC,OK,,,,,name=c5off1;source=esp32_die;cal=uncalibrated_board_proxy;api=temperatureRead;config_id=170b1c1e;transport=wifi_poll,
plants.soil,2026-07-28T08:14:30.440Z,2026-07-28 03:14:30.440,23626,2a89d4,8gtt1h,0.7.3,fleet_logger_0_1,583290035,UMLIFE_v2_TLC555,ch0,origplant,soil_moisture,1232,,,OK,,,982.8,,name=c5off1;level=overwatered;role=disp;spread=13;gpio=1;device_seq=77768;time_source=device_synced;device_timestamp_utc=2026-07-28T08:14:01.989Z;config_id=170b1c1e;rssi=-57;uptime_s=583290;heap=152596;cal_tier=board-cal;cal_src=wet_rederive_1236_20260719;pressure_context_source=weather_openmeteo;transport=wifi_poll,
plants.soil,2026-07-28T08:14:30.440Z,2026-07-28 03:14:30.440,23627,2a89d4,8gtt1h,0.7.3,fleet_logger_0_1,583290035,UMLIFE_v2_TLC555,ch1,origplant,soil_moisture,1387,,,OK,,,982.8,,name=c5off1;level=well watered;role=disp;spread=27;gpio=4;device_seq=77769;time_source=device_synced;device_timestamp_utc=2026-07-28T08:14:01.989Z;config_id=170b1c1e;rssi=-57;uptime_s=583290;heap=152596;cal_tier=board-cal;cal_src=wet_rederive_1236_20260719;pressure_context_source=weather_openmeteo;transport=wifi_poll,
plants.soil,2026-07-28T08:14:30.440Z,2026-07-28 03:14:30.440,23628,2a89d4,8gtt1h,0.7.3,fleet_logger_0_1,583290035,UMLIFE_v2_TLC555,ch2,origplant,soil_moisture,1251,,,OK,,,982.8,,name=c5off1;level=overwatered;role=disp;spread=13;gpio=5;device_seq=77770;time_source=device_synced;device_timestamp_utc=2026-07-28T08:14:01.989Z;config_id=170b1c1e;rssi=-57;uptime_s=583290;heap=152596;cal_tier=board-cal;cal_src=wet_rederive_1236_20260719;pressure_context_source=weather_openmeteo;transport=wifi_poll,
plants.soil,2026-07-28T08:14:30.440Z,2026-07-28 03:14:30.440,23629,2a89d4,8gtt1h,0.7.3,fleet_logger_0_1,583290035,UMLIFE_v2_TLC555,ch3,origplant,soil_moisture,1609,,,OK,,,982.8,,name=c5off1;level=OK;role=disp;spread=15;gpio=6;device_seq=77771;time_source=device_synced;device_timestamp_utc=2026-07-28T08:14:01.989Z;config_id=170b1c1e;rssi=-57;uptime_s=583290;heap=152596;cal_tier=board-cal;cal_src=wet_rederive_1236_20260719;pressure_context_source=weather_openmeteo;transport=wifi_poll,
plants.env,2026-07-28T08:14:30.440Z,2026-07-28 03:14:30.440,23630,2a89d4,8gtt1h,0.7.3,fleet_logger_0_1,583290719,ESP32,esp32_die,on_chip,die_temp,,25.70,degC,OK,,,,,name=c5off1;source=esp32_die;cal=uncalibrated_board_proxy;api=temperatureRead;config_id=170b1c1e;transport=wifi_poll,
plants.soil,2026-07-28T08:15:01.365Z,2026-07-28 03:15:01.365,23631,2a89d4,8gtt1h,0.7.3,fleet_logger_0_1,583320035,UMLIFE_v2_TLC555,ch0,origplant,soil_moisture,1212,,,OK,,,982.8,,name=c5off1;level=overwatered;role=disp;spread=14;gpio=1;device_seq=77772;time_source=device_synced;device_timestamp_utc=2026-07-28T08:14:31.989Z;config_id=170b1c1e;rssi=-56;uptime_s=583320;heap=152388;cal_tier=board-cal;cal_src=wet_rederive_1236_20260719;pressure_context_source=weather_openmeteo;transport=wifi_poll,
plants.soil,2026-07-28T08:15:01.365Z,2026-07-28 03:15:01.365,23632,2a89d4,8gtt1h,0.7.3,fleet_logger_0_1,583320035,UMLIFE_v2_TLC555,ch1,origplant,soil_moisture,1370,,,OK,,,982.8,,name=c5off1;level=well watered;role=disp;spread=12;gpio=4;device_seq=77773;time_source=device_synced;device_timestamp_utc=2026-07-28T08:14:31.989Z;config_id=170b1c1e;rssi=-56;uptime_s=583320;heap=152388;cal_tier=board-cal;cal_src=wet_rederive_1236_20260719;pressure_context_source=weather_openmeteo;transport=wifi_poll,
plants.soil,2026-07-28T08:15:01.365Z,2026-07-28 03:15:01.365,23633,2a89d4,8gtt1h,0.7.3,fleet_logger_0_1,583320035,UMLIFE_v2_TLC555,ch2,origplant,soil_moisture,1250,,,OK,,,982.8,,name=c5off1;level=overwatered;role=disp;spread=8;gpio=5;device_seq=77774;time_source=device_synced;device_timestamp_utc=2026-07-28T08:14:31.989Z;config_id=170b1c1e;rssi=-56;uptime_s=583320;heap=152388;cal_tier=board-cal;cal_src=wet_rederive_1236_20260719;pressure_context_source=weather_openmeteo;transport=wifi_poll,
plants.soil,2026-07-28T08:15:01.365Z,2026-07-28 03:15:01.365,23634,2a89d4,8gtt1h,0.7.3,fleet_logger_0_1,583320035,UMLIFE_v2_TLC555,ch3,origplant,soil_moisture,1590,,,OK,,,982.8,,name=c5off1;level=OK;role=disp;spread=18;gpio=6;device_seq=77775;time_source=device_synced;device_timestamp_utc=2026-07-28T08:14:31.989Z;config_id=170b1c1e;rssi=-56;uptime_s=583320;heap=152388;cal_tier=board-cal;cal_src=wet_rederive_1236_20260719;pressure_context_source=weather_openmeteo;transport=wifi_poll,
plants.env,2026-07-28T08:15:01.365Z,2026-07-28 03:15:01.365,23635,2a89d4,8gtt1h,0.7.3,fleet_logger_0_1,583320719,ESP32,esp32_die,on_chip,die_temp,,25.70,degC,OK,,,,,name=c5off1;source=esp32_die;cal=uncalibrated_board_proxy;api=temperatureRead;config_id=170b1c1e;transport=wifi_poll,
plants.soil,2026-07-28T08:15:32.671Z,2026-07-28 03:15:32.671,23636,2a89d4,8gtt1h,0.7.3,fleet_logger_0_1,583380035,UMLIFE_v2_TLC555,ch0,origplant,soil_moisture,1231,,,OK,,,982.8,,name=c5off1;level=overwatered;role=disp;spread=11;gpio=1;device_seq=77780;time_source=device_synced;device_timestamp_utc=2026-07-28T08:15:31.989Z;config_id=170b1c1e;rssi=-58;uptime_s=583380;heap=152852;cal_tier=board-cal;cal_src=wet_rederive_1236_20260719;pressure_context_source=weather_openmeteo;transport=wifi_poll,
plants.soil,2026-07-28T08:15:32.671Z,2026-07-28 03:15:32.671,23637,2a89d4,8gtt1h,0.7.3,fleet_logger_0_1,583380035,UMLIFE_v2_TLC555,ch1,origplant,soil_moisture,1389,,,OK,,,982.8,,name=c5off1;level=well watered;role=disp;spread=18;gpio=4;device_seq=77781;time_source=device_synced;device_timestamp_utc=2026-07-28T08:15:31.989Z;config_id=170b1c1e;rssi=-58;uptime_s=583380;heap=152852;cal_tier=board-cal;cal_src=wet_rederive_1236_20260719;pressure_context_source=weather_openmeteo;transport=wifi_poll,
plants.soil,2026-07-28T08:15:32.671Z,2026-07-28 03:15:32.671,23638,2a89d4,8gtt1h,0.7.3,fleet_logger_0_1,583380035,UMLIFE_v2_TLC555,ch2,origplant,soil_moisture,1251,,,OK,,,982.8,,name=c5off1;level=overwatered;role=disp;spread=15;gpio=5;device_seq=77782;time_source=device_synced;device_timestamp_utc=2026-07-28T08:15:31.989Z;config_id=170b1c1e;rssi=-58;uptime_s=583380;heap=152852;cal_tier=board-cal;cal_src=wet_rederive_1236_20260719;pressure_context_source=weather_openmeteo;transport=wifi_poll,
plants.soil,2026-07-28T08:15:32.671Z,2026-07-28 03:15:32.671,23639,2a89d4,8gtt1h,0.7.3,fleet_logger_0_1,583380035,UMLIFE_v2_TLC555,ch3,origplant,soil_moisture,1608,,,OK,,,982.8,,name=c5off1;level=OK;role=disp;spread=28;gpio=6;device_seq=77783;time_source=device_synced;device_timestamp_utc=2026-07-28T08:15:31.989Z;config_id=170b1c1e;rssi=-58;uptime_s=583380;heap=152852;cal_tier=board-cal;cal_src=wet_rederive_1236_20260719;pressure_context_source=weather_openmeteo;transport=wifi_poll,
plants.env,2026-07-28T08:15:32.671Z,2026-07-28 03:15:32.671,23640,2a89d4,8gtt1h,0.7.3,fleet_logger_0_1,583380719,ESP32,esp32_die,on_chip,die_temp,,25.70,degC,OK,,,,,name=c5off1;source=esp32_die;cal=uncalibrated_board_proxy;api=temperatureRead;config_id=170b1c1e;transport=wifi_poll,
plants.soil,2026-07-28T08:16:03.519Z,2026-07-28 03:16:03.519,23641,2a89d4,8gtt1h,0.7.3,fleet_logger_0_1,583410035,UMLIFE_v2_TLC555,ch0,origplant,soil_moisture,1213,,,OK,,,982.8,,name=c5off1;level=overwatered;role=disp;spread=11;gpio=1;device_seq=77784;time_source=device_synced;device_timestamp_utc=2026-07-28T08:16:01.989Z;config_id=170b1c1e;rssi=-56;uptime_s=583410;heap=152900;cal_tier=board-cal;cal_src=wet_rederive_1236_20260719;pressure_context_source=weather_openmeteo;transport=wifi_poll,
plants.soil,2026-07-28T08:16:03.519Z,2026-07-28 03:16:03.519,23642,2a89d4,8gtt1h,0.7.3,fleet_logger_0_1,583410035,UMLIFE_v2_TLC555,ch1,origplant,soil_moisture,1370,,,OK,,,982.8,,name=c5off1;level=well watered;role=disp;spread=18;gpio=4;device_seq=77785;time_source=device_synced;device_timestamp_utc=2026-07-28T08:16:01.989Z;config_id=170b1c1e;rssi=-56;uptime_s=583410;heap=152900;cal_tier=board-cal;cal_src=wet_rederive_1236_20260719;pressure_context_source=weather_openmeteo;transport=wifi_poll,
plants.soil,2026-07-28T08:16:03.519Z,2026-07-28 03:16:03.519,23643,2a89d4,8gtt1h,0.7.3,fleet_logger_0_1,583410035,UMLIFE_v2_TLC555,ch2,origplant,soil_moisture,1253,,,OK,,,982.8,,name=c5off1;level=overwatered;role=disp;spread=11;gpio=5;device_seq=77786;time_source=device_synced;device_timestamp_utc=2026-07-28T08:16:01.989Z;config_id=170b1c1e;rssi=-56;uptime_s=583410;heap=152900;cal_tier=board-cal;cal_src=wet_rederive_1236_20260719;pressure_context_source=weather_openmeteo;transport=wifi_poll,
plants.soil,2026-07-28T08:16:03.519Z,2026-07-28 03:16:03.519,23644,2a89d4,8gtt1h,0.7.3,fleet_logger_0_1,583410035,UMLIFE_v2_TLC555,ch3,origplant,soil_moisture,1588,,,OK,,,982.8,,name=c5off1;level=OK;role=disp;spread=21;gpio=6;device_seq=77787;time_source=device_synced;device_timestamp_utc=2026-07-28T08:16:01.989Z;config_id=170b1c1e;rssi=-56;uptime_s=583410;heap=152900;cal_tier=board-cal;cal_src=wet_rederive_1236_20260719;pressure_context_source=weather_openmeteo;transport=wifi_poll,
plants.env,2026-07-28T08:16:03.519Z,2026-07-28 03:16:03.519,23645,2a89d4,8gtt1h,0.7.3,fleet_logger_0_1,583410719,ESP32,esp32_die,on_chip,die_temp,,25.70,degC,OK,,,,,name=c5off1;source=esp32_die;cal=uncalibrated_board_proxy;api=temperatureRead;config_id=170b1c1e;transport=wifi_poll,
plants.soil,2026-07-28T08:16:34.623Z,2026-07-28 03:16:34.623,23646,2a89d4,8gtt1h,0.7.3,fleet_logger_0_1,583440035,UMLIFE_v2_TLC555,ch0,origplant,soil_moisture,1231,,,OK,,,982.8,,name=c5off1;level=overwatered;role=disp;spread=11;gpio=1;device_seq=77788;time_source=device_synced;device_timestamp_utc=2026-07-28T08:16:31.989Z;config_id=170b1c1e;rssi=-57;uptime_s=583440;heap=152848;cal_tier=board-cal;cal_src=wet_rederive_1236_20260719;pressure_context_source=weather_openmeteo;transport=wifi_poll,
plants.soil,2026-07-28T08:16:34.623Z,2026-07-28 03:16:34.623,23647,2a89d4,8gtt1h,0.7.3,fleet_logger_0_1,583440035,UMLIFE_v2_TLC555,ch1,origplant,soil_moisture,1387,,,OK,,,982.8,,name=c5off1;level=well watered;role=disp;spread=18;gpio=4;device_seq=77789;time_source=device_synced;device_timestamp_utc=2026-07-28T08:16:31.989Z;config_id=170b1c1e;rssi=-57;uptime_s=583440;heap=152848;cal_tier=board-cal;cal_src=wet_rederive_1236_20260719;pressure_context_source=weather_openmeteo;transport=wifi_poll,
plants.soil,2026-07-28T08:16:34.623Z,2026-07-28 03:16:34.623,23648,2a89d4,8gtt1h,0.7.3,fleet_logger_0_1,583440035,UMLIFE_v2_TLC555,ch2,origplant,soil_moisture,1253,,,OK,,,982.8,,name=c5off1;level=overwatered;role=disp;spread=8;gpio=5;device_seq=77790;time_source=device_synced;device_timestamp_utc=2026-07-28T08:16:31.989Z;config_id=170b1c1e;rssi=-57;uptime_s=583440;heap=152848;cal_tier=board-cal;cal_src=wet_rederive_1236_20260719;pressure_context_source=weather_openmeteo;transport=wifi_poll,
plants.soil,2026-07-28T08:16:34.623Z,2026-07-28 03:16:34.623,23649,2a89d4,8gtt1h,0.7.3,fleet_logger_0_1,583440035,UMLIFE_v2_TLC555,ch3,origplant,soil_moisture,1608,,,OK,,,982.8,,name=c5off1;level=OK;role=disp;spread=14;gpio=6;device_seq=77791;time_source=device_synced;device_timestamp_utc=2026-07-28T08:16:31.989Z;config_id=170b1c1e;rssi=-57;uptime_s=583440;heap=152848;cal_tier=board-cal;cal_src=wet_rederive_1236_20260719;pressure_context_source=weather_openmeteo;transport=wifi_poll,
plants.env,2026-07-28T08:16:34.623Z,2026-07-28 03:16:34.623,23650,2a89d4,8gtt1h,0.7.3,fleet_logger_0_1,583440719,ESP32,esp32_die,on_chip,die_temp,,25.70,degC,OK,,,,,name=c5off1;source=esp32_die;cal=uncalibrated_board_proxy;api=temperatureRead;config_id=170b1c1e;transport=wifi_poll,
plants.soil,2026-07-28T08:17:05.169Z,2026-07-28 03:17:05.169,23651,2a89d4,8gtt1h,0.7.3,fleet_logger_0_1,583470035,UMLIFE_v2_TLC555,ch0,origplant,soil_moisture,1225,,,OK,,,982.8,,name=c5off1;level=overwatered;role=disp;spread=15;gpio=1;device_seq=77792;time_source=device_synced;device_timestamp_utc=2026-07-28T08:17:01.989Z;config_id=170b1c1e;rssi=-57;uptime_s=583470;heap=152900;cal_tier=board-cal;cal_src=wet_rederive_1236_20260719;pressure_context_source=weather_openmeteo;transport=wifi_poll,
plants.soil,2026-07-28T08:17:05.169Z,2026-07-28 03:17:05.169,23652,2a89d4,8gtt1h,0.7.3,fleet_logger_0_1,583470035,UMLIFE_v2_TLC555,ch1,origplant,soil_moisture,1386,,,OK,,,982.8,,name=c5off1;level=well watered;role=disp;spread=13;gpio=4;device_seq=77793;time_source=device_synced;device_timestamp_utc=2026-07-28T08:17:01.989Z;config_id=170b1c1e;rssi=-57;uptime_s=583470;heap=152900;cal_tier=board-cal;cal_src=wet_rederive_1236_20260719;pressure_context_source=weather_openmeteo;transport=wifi_poll,
plants.soil,2026-07-28T08:17:05.169Z,2026-07-28 03:17:05.169,23653,2a89d4,8gtt1h,0.7.3,fleet_logger_0_1,583470035,UMLIFE_v2_TLC555,ch2,origplant,soil_moisture,1252,,,OK,,,982.8,,name=c5off1;level=overwatered;role=disp;spread=16;gpio=5;device_seq=77794;time_source=device_synced;device_timestamp_utc=2026-07-28T08:17:01.989Z;config_id=170b1c1e;rssi=-57;uptime_s=583470;heap=152900;cal_tier=board-cal;cal_src=wet_rederive_1236_20260719;pressure_context_source=weather_openmeteo;transport=wifi_poll,
plants.soil,2026-07-28T08:17:05.169Z,2026-07-28 03:17:05.169,23654,2a89d4,8gtt1h,0.7.3,fleet_logger_0_1,583470035,UMLIFE_v2_TLC555,ch3,origplant,soil_moisture,1609,,,OK,,,982.8,,name=c5off1;level=OK;role=disp;spread=24;gpio=6;device_seq=77795;time_source=device_synced;device_timestamp_utc=2026-07-28T08:17:01.989Z;config_id=170b1c1e;rssi=-57;uptime_s=583470;heap=152900;cal_tier=board-cal;cal_src=wet_rederive_1236_20260719;pressure_context_source=weather_openmeteo;transport=wifi_poll,
plants.env,2026-07-28T08:17:05.169Z,2026-07-28 03:17:05.169,23655,2a89d4,8gtt1h,0.7.3,fleet_logger_0_1,583470719,ESP32,esp32_die,on_chip,die_temp,,25.70,degC,OK,,,,,name=c5off1;source=esp32_die;cal=uncalibrated_board_proxy;api=temperatureRead;config_id=170b1c1e;transport=wifi_poll,
plants.soil,2026-07-28T08:17:35.652Z,2026-07-28 03:17:35.652,23656,2a89d4,8gtt1h,0.7.3,fleet_logger_0_1,583500035,UMLIFE_v2_TLC555,ch0,origplant,soil_moisture,1213,,,OK,,,982.8,,name=c5off1;level=overwatered;role=disp;spread=6;gpio=1;device_seq=77796;time_source=device_synced;device_timestamp_utc=2026-07-28T08:17:31.989Z;config_id=170b1c1e;rssi=-58;uptime_s=583500;heap=152380;cal_tier=board-cal;cal_src=wet_rederive_1236_20260719;pressure_context_source=weather_openmeteo;transport=wifi_poll,
plants.soil,2026-07-28T08:17:35.652Z,2026-07-28 03:17:35.652,23657,2a89d4,8gtt1h,0.7.3,fleet_logger_0_1,583500035,UMLIFE_v2_TLC555,ch1,origplant,soil_moisture,1371,,,OK,,,982.8,,name=c5off1;level=well watered;role=disp;spread=15;gpio=4;device_seq=77797;time_source=device_synced;device_timestamp_utc=2026-07-28T08:17:31.989Z;config_id=170b1c1e;rssi=-58;uptime_s=583500;heap=152380;cal_tier=board-cal;cal_src=wet_rederive_1236_20260719;pressure_context_source=weather_openmeteo;transport=wifi_poll,
plants.soil,2026-07-28T08:17:35.652Z,2026-07-28 03:17:35.652,23658,2a89d4,8gtt1h,0.7.3,fleet_logger_0_1,583500035,UMLIFE_v2_TLC555,ch2,origplant,soil_moisture,1251,,,OK,,,982.8,,name=c5off1;level=overwatered;role=disp;spread=11;gpio=5;device_seq=77798;time_source=device_synced;device_timestamp_utc=2026-07-28T08:17:31.989Z;config_id=170b1c1e;rssi=-58;uptime_s=583500;heap=152380;cal_tier=board-cal;cal_src=wet_rederive_1236_20260719;pressure_context_source=weather_openmeteo;transport=wifi_poll,
plants.soil,2026-07-28T08:17:35.652Z,2026-07-28 03:17:35.652,23659,2a89d4,8gtt1h,0.7.3,fleet_logger_0_1,583500035,UMLIFE_v2_TLC555,ch3,origplant,soil_moisture,1590,,,OK,,,982.8,,name=c5off1;level=OK;role=disp;spread=13;gpio=6;device_seq=77799;time_source=device_synced;device_timestamp_utc=2026-07-28T08:17:31.989Z;config_id=170b1c1e;rssi=-58;uptime_s=583500;heap=152380;cal_tier=board-cal;cal_src=wet_rederive_1236_20260719;pressure_context_source=weather_openmeteo;transport=wifi_poll,
plants.env,2026-07-28T08:17:35.652Z,2026-07-28 03:17:35.652,23660,2a89d4,8gtt1h,0.7.3,fleet_logger_0_1,583500719,ESP32,esp32_die,on_chip,die_temp,,24.70,degC,OK,,,,,name=c5off1;source=esp32_die;cal=uncalibrated_board_proxy;api=temperatureRead;config_id=170b1c1e;transport=wifi_poll,
plants.soil,2026-07-28T08:18:05.861Z,2026-07-28 03:18:05.861,23661,2a89d4,8gtt1h,0.7.3,fleet_logger_0_1,583530035,UMLIFE_v2_TLC555,ch0,origplant,soil_moisture,1232,,,OK,,,982.8,,name=c5off1;level=overwatered;role=disp;spread=13;gpio=1;device_seq=77800;time_source=device_synced;device_timestamp_utc=2026-07-28T08:18:01.989Z;config_id=170b1c1e;rssi=-59;uptime_s=583530;heap=152368;cal_tier=board-cal;cal_src=wet_rederive_1236_20260719;pressure_context_source=weather_openmeteo;transport=wifi_poll,
plants.soil,2026-07-28T08:18:05.861Z,2026-07-28 03:18:05.861,23662,2a89d4,8gtt1h,0.7.3,fleet_logger_0_1,583530035,UMLIFE_v2_TLC555,ch1,origplant,soil_moisture,1387,,,OK,,,982.8,,name=c5off1;level=well watered;role=disp;spread=12;gpio=4;device_seq=77801;time_source=device_synced;device_timestamp_utc=2026-07-28T08:18:01.989Z;config_id=170b1c1e;rssi=-59;uptime_s=583530;heap=152368;cal_tier=board-cal;cal_src=wet_rederive_1236_20260719;pressure_context_source=weather_openmeteo;transport=wifi_poll,
plants.soil,2026-07-28T08:18:05.861Z,2026-07-28 03:18:05.861,23663,2a89d4,8gtt1h,0.7.3,fleet_logger_0_1,583530035,UMLIFE_v2_TLC555,ch2,origplant,soil_moisture,1253,,,OK,,,982.8,,name=c5off1;level=overwatered;role=disp;spread=9;gpio=5;device_seq=77802;time_source=device_synced;device_timestamp_utc=2026-07-28T08:18:01.989Z;config_id=170b1c1e;rssi=-59;uptime_s=583530;heap=152368;cal_tier=board-cal;cal_src=wet_rederive_1236_20260719;pressure_context_source=weather_openmeteo;transport=wifi_poll,
plants.soil,2026-07-28T08:18:05.861Z,2026-07-28 03:18:05.861,23664,2a89d4,8gtt1h,0.7.3,fleet_logger_0_1,583530035,UMLIFE_v2_TLC555,ch3,origplant,soil_moisture,1608,,,OK,,,982.8,,name=c5off1;level=OK;role=disp;spread=19;gpio=6;device_seq=77803;time_source=device_synced;device_timestamp_utc=2026-07-28T08:18:01.989Z;config_id=170b1c1e;rssi=-59;uptime_s=583530;heap=152368;cal_tier=board-cal;cal_src=wet_rederive_1236_20260719;pressure_context_source=weather_openmeteo;transport=wifi_poll,
plants.env,2026-07-28T08:18:05.861Z,2026-07-28 03:18:05.861,23665,2a89d4,8gtt1h,0.7.3,fleet_logger_0_1,583530719,ESP32,esp32_die,on_chip,die_temp,,24.70,degC,OK,,,,,name=c5off1;source=esp32_die;cal=uncalibrated_board_proxy;api=temperatureRead;config_id=170b1c1e;transport=wifi_poll,
plants.soil,2026-07-28T08:18:37.505Z,2026-07-28 03:18:37.505,23666,2a89d4,8gtt1h,0.7.3,fleet_logger_0_1,583560035,UMLIFE_v2_TLC555,ch0,origplant,soil_moisture,1212,,,OK,,,982.8,,name=c5off1;level=overwatered;role=disp;spread=17;gpio=1;device_seq=77804;time_source=device_synced;device_timestamp_utc=2026-07-28T08:18:31.989Z;config_id=170b1c1e;rssi=-56;uptime_s=583560;heap=152636;cal_tier=board-cal;cal_src=wet_rederive_1236_20260719;pressure_context_source=weather_openmeteo;transport=wifi_poll,
plants.soil,2026-07-28T08:18:37.505Z,2026-07-28 03:18:37.505,23667,2a89d4,8gtt1h,0.7.3,fleet_logger_0_1,583560035,UMLIFE_v2_TLC555,ch1,origplant,soil_moisture,1368,,,OK,,,982.8,,name=c5off1;level=well watered;role=disp;spread=23;gpio=4;device_seq=77805;time_source=device_synced;device_timestamp_utc=2026-07-28T08:18:31.989Z;config_id=170b1c1e;rssi=-56;uptime_s=583560;heap=152636;cal_tier=board-cal;cal_src=wet_rederive_1236_20260719;pressure_context_source=weather_openmeteo;transport=wifi_poll,
plants.soil,2026-07-28T08:18:37.505Z,2026-07-28 03:18:37.505,23668,2a89d4,8gtt1h,0.7.3,fleet_logger_0_1,583560035,UMLIFE_v2_TLC555,ch2,origplant,soil_moisture,1252,,,OK,,,982.8,,name=c5off1;level=overwatered;role=disp;spread=9;gpio=5;device_seq=77806;time_source=device_synced;device_timestamp_utc=2026-07-28T08:18:31.989Z;config_id=170b1c1e;rssi=-56;uptime_s=583560;heap=152636;cal_tier=board-cal;cal_src=wet_rederive_1236_20260719;pressure_context_source=weather_openmeteo;transport=wifi_poll,
plants.soil,2026-07-28T08:18:37.505Z,2026-07-28 03:18:37.505,23669,2a89d4,8gtt1h,0.7.3,fleet_logger_0_1,583560035,UMLIFE_v2_TLC555,ch3,origplant,soil_moisture,1607,,,OK,,,982.8,,name=c5off1;level=OK;role=disp;spread=22;gpio=6;device_seq=77807;time_source=device_synced;device_timestamp_utc=2026-07-28T08:18:31.989Z;config_id=170b1c1e;rssi=-56;uptime_s=583560;heap=152636;cal_tier=board-cal;cal_src=wet_rederive_1236_20260719;pressure_context_source=weather_openmeteo;transport=wifi_poll,
plants.env,2026-07-28T08:18:37.505Z,2026-07-28 03:18:37.505,23670,2a89d4,8gtt1h,0.7.3,fleet_logger_0_1,583560719,ESP32,esp32_die,on_chip,die_temp,,24.70,degC,OK,,,,,name=c5off1;source=esp32_die;cal=uncalibrated_board_proxy;api=temperatureRead;config_id=170b1c1e;transport=wifi_poll,
plants.soil,2026-07-28T08:19:08.223Z,2026-07-28 03:19:08.223,23671,2a89d4,8gtt1h,0.7.3,fleet_logger_0_1,583590035,UMLIFE_v2_TLC555,ch0,origplant,soil_moisture,1214,,,OK,,,982.8,,name=c5off1;level=overwatered;role=disp;spread=20;gpio=1;device_seq=77808;time_source=device_synced;device_timestamp_utc=2026-07-28T08:19:01.989Z;config_id=170b1c1e;rssi=-58;uptime_s=583590;heap=152636;cal_tier=board-cal;cal_src=wet_rederive_1236_20260719;pressure_context_source=weather_openmeteo;transport=wifi_poll,
plants.soil,2026-07-28T08:19:08.223Z,2026-07-28 03:19:08.223,23672,2a89d4,8gtt1h,0.7.3,fleet_logger_0_1,583590035,UMLIFE_v2_TLC555,ch1,origplant,soil_moisture,1371,,,OK,,,982.8,,name=c5off1;level=well watered;role=disp;spread=15;gpio=4;device_seq=77809;time_source=device_synced;device_timestamp_utc=2026-07-28T08:19:01.989Z;config_id=170b1c1e;rssi=-58;uptime_s=583590;heap=152636;cal_tier=board-cal;cal_src=wet_rederive_1236_20260719;pressure_context_source=weather_openmeteo;transport=wifi_poll,
plants.soil,2026-07-28T08:19:08.223Z,2026-07-28 03:19:08.223,23673,2a89d4,8gtt1h,0.7.3,fleet_logger_0_1,583590035,UMLIFE_v2_TLC555,ch2,origplant,soil_moisture,1252,,,OK,,,982.8,,name=c5off1;level=overwatered;role=disp;spread=9;gpio=5;device_seq=77810;time_source=device_synced;device_timestamp_utc=2026-07-28T08:19:01.989Z;config_id=170b1c1e;rssi=-58;uptime_s=583590;heap=152636;cal_tier=board-cal;cal_src=wet_rederive_1236_20260719;pressure_context_source=weather_openmeteo;transport=wifi_poll,
plants.soil,2026-07-28T08:19:08.223Z,2026-07-28 03:19:08.223,23674,2a89d4,8gtt1h,0.7.3,fleet_logger_0_1,583590035,UMLIFE_v2_TLC555,ch3,origplant,soil_moisture,1592,,,OK,,,982.8,,name=c5off1;level=OK;role=disp;spread=24;gpio=6;device_seq=77811;time_source=device_synced;device_timestamp_utc=2026-07-28T08:19:01.989Z;config_id=170b1c1e;rssi=-58;uptime_s=583590;heap=152636;cal_tier=board-cal;cal_src=wet_rederive_1236_20260719;pressure_context_source=weather_openmeteo;transport=wifi_poll,
plants.env,2026-07-28T08:19:08.223Z,2026-07-28 03:19:08.223,23675,2a89d4,8gtt1h,0.7.3,fleet_logger_0_1,583590719,ESP32,esp32_die,on_chip,die_temp,,24.70,degC,OK,,,,,name=c5off1;source=esp32_die;cal=uncalibrated_board_proxy;api=temperatureRead;config_id=170b1c1e;transport=wifi_poll,
plants.soil,2026-07-28T08:19:39.074Z,2026-07-28 03:19:39.074,23676,2a89d4,8gtt1h,0.7.3,fleet_logger_0_1,583620035,UMLIFE_v2_TLC555,ch0,origplant,soil_moisture,1214,,,OK,,,982.8,,name=c5off1;level=overwatered;role=disp;spread=17;gpio=1;device_seq=77812;time_source=device_synced;device_timestamp_utc=2026-07-28T08:19:31.989Z;config_id=170b1c1e;rssi=-58;uptime_s=583620;heap=152600;cal_tier=board-cal;cal_src=wet_rederive_1236_20260719;pressure_context_source=weather_openmeteo;transport=wifi_poll,
plants.soil,2026-07-28T08:19:39.074Z,2026-07-28 03:19:39.074,23677,2a89d4,8gtt1h,0.7.3,fleet_logger_0_1,583620035,UMLIFE_v2_TLC555,ch1,origplant,soil_moisture,1374,,,OK,,,982.8,,name=c5off1;level=well watered;role=disp;spread=17;gpio=4;device_seq=77813;time_source=device_synced;device_timestamp_utc=2026-07-28T08:19:31.989Z;config_id=170b1c1e;rssi=-58;uptime_s=583620;heap=152600;cal_tier=board-cal;cal_src=wet_rederive_1236_20260719;pressure_context_source=weather_openmeteo;transport=wifi_poll,
plants.soil,2026-07-28T08:19:39.074Z,2026-07-28 03:19:39.074,23678,2a89d4,8gtt1h,0.7.3,fleet_logger_0_1,583620035,UMLIFE_v2_TLC555,ch2,origplant,soil_moisture,1253,,,OK,,,982.8,,name=c5off1;level=overwatered;role=disp;spread=7;gpio=5;device_seq=77814;time_source=device_synced;device_timestamp_utc=2026-07-28T08:19:31.989Z;config_id=170b1c1e;rssi=-58;uptime_s=583620;heap=152600;cal_tier=board-cal;cal_src=wet_rederive_1236_20260719;pressure_context_source=weather_openmeteo;transport=wifi_poll,
plants.soil,2026-07-28T08:19:39.074Z,2026-07-28 03:19:39.074,23679,2a89d4,8gtt1h,0.7.3,fleet_logger_0_1,583620035,UMLIFE_v2_TLC555,ch3,origplant,soil_moisture,1607,,,OK,,,982.8,,name=c5off1;level=OK;role=disp;spread=9;gpio=6;device_seq=77815;time_source=device_synced;device_timestamp_utc=2026-07-28T08:19:31.989Z;config_id=170b1c1e;rssi=-58;uptime_s=583620;heap=152600;cal_tier=board-cal;cal_src=wet_rederive_1236_20260719;pressure_context_source=weather_openmeteo;transport=wifi_poll,
plants.env,2026-07-28T08:19:39.074Z,2026-07-28 03:19:39.074,23680,2a89d4,8gtt1h,0.7.3,fleet_logger_0_1,583620719,ESP32,esp32_die,on_chip,die_temp,,24.70,degC,OK,,,,,name=c5off1;source=esp32_die;cal=uncalibrated_board_proxy;api=temperatureRead;config_id=170b1c1e;transport=wifi_poll,
plants.soil,2026-07-28T08:20:09.457Z,2026-07-28 03:20:09.457,23681,2a89d4,8gtt1h,0.7.3,fleet_logger_0_1,583650035,UMLIFE_v2_TLC555,ch0,origplant,soil_moisture,1216,,,OK,,,982.8,,name=c5off1;level=overwatered;role=disp;spread=10;gpio=1;device_seq=77816;time_source=device_synced;device_timestamp_utc=2026-07-28T08:20:01.989Z;config_id=170b1c1e;rssi=-59;uptime_s=583650;heap=152648;cal_tier=board-cal;cal_src=wet_rederive_1236_20260719;pressure_context_source=weather_openmeteo;transport=wifi_poll,
plants.soil,2026-07-28T08:20:09.457Z,2026-07-28 03:20:09.457,23682,2a89d4,8gtt1h,0.7.3,fleet_logger_0_1,583650035,UMLIFE_v2_TLC555,ch1,origplant,soil_moisture,1373,,,OK,,,982.8,,name=c5off1;level=well watered;role=disp;spread=17;gpio=4;device_seq=77817;time_source=device_synced;device_timestamp_utc=2026-07-28T08:20:01.989Z;config_id=170b1c1e;rssi=-59;uptime_s=583650;heap=152648;cal_tier=board-cal;cal_src=wet_rederive_1236_20260719;pressure_context_source=weather_openmeteo;transport=wifi_poll,
plants.soil,2026-07-28T08:20:09.457Z,2026-07-28 03:20:09.457,23683,2a89d4,8gtt1h,0.7.3,fleet_logger_0_1,583650035,UMLIFE_v2_TLC555,ch2,origplant,soil_moisture,1250,,,OK,,,982.8,,name=c5off1;level=overwatered;role=disp;spread=19;gpio=5;device_seq=77818;time_source=device_synced;device_timestamp_utc=2026-07-28T08:20:01.989Z;config_id=170b1c1e;rssi=-59;uptime_s=583650;heap=152648;cal_tier=board-cal;cal_src=wet_rederive_1236_20260719;pressure_context_source=weather_openmeteo;transport=wifi_poll,
plants.soil,2026-07-28T08:20:09.457Z,2026-07-28 03:20:09.457,23684,2a89d4,8gtt1h,0.7.3,fleet_logger_0_1,583650035,UMLIFE_v2_TLC555,ch3,origplant,soil_moisture,1589,,,OK,,,982.8,,name=c5off1;level=OK;role=disp;spread=22;gpio=6;device_seq=77819;time_source=device_synced;device_timestamp_utc=2026-07-28T08:20:01.989Z;config_id=170b1c1e;rssi=-59;uptime_s=583650;heap=152648;cal_tier=board-cal;cal_src=wet_rederive_1236_20260719;pressure_context_source=weather_openmeteo;transport=wifi_poll,
plants.env,2026-07-28T08:20:09.457Z,2026-07-28 03:20:09.457,23685,2a89d4,8gtt1h,0.7.3,fleet_logger_0_1,583650719,ESP32,esp32_die,on_chip,die_temp,,24.70,degC,OK,,,,,name=c5off1;source=esp32_die;cal=uncalibrated_board_proxy;api=temperatureRead;config_id=170b1c1e;transport=wifi_poll,
plants.soil,2026-07-28T08:20:39.754Z,2026-07-28 03:20:39.754,23686,2a89d4,8gtt1h,0.7.3,fleet_logger_0_1,583680035,UMLIFE_v2_TLC555,ch0,origplant,soil_moisture,1224,,,OK,,,982.8,,name=c5off1;level=overwatered;role=disp;spread=17;gpio=1;device_seq=77820;time_source=device_synced;device_timestamp_utc=2026-07-28T08:20:31.989Z;config_id=170b1c1e;rssi=-56;uptime_s=583680;heap=152352;cal_tier=board-cal;cal_src=wet_rederive_1236_20260719;pressure_context_source=weather_openmeteo;transport=wifi_poll,
plants.soil,2026-07-28T08:20:39.754Z,2026-07-28 03:20:39.754,23687,2a89d4,8gtt1h,0.7.3,fleet_logger_0_1,583680035,UMLIFE_v2_TLC555,ch1,origplant,soil_moisture,1375,,,OK,,,982.8,,name=c5off1;level=well watered;role=disp;spread=11;gpio=4;device_seq=77821;time_source=device_synced;device_timestamp_utc=2026-07-28T08:20:31.989Z;config_id=170b1c1e;rssi=-56;uptime_s=583680;heap=152352;cal_tier=board-cal;cal_src=wet_rederive_1236_20260719;pressure_context_source=weather_openmeteo;transport=wifi_poll,
plants.soil,2026-07-28T08:20:39.754Z,2026-07-28 03:20:39.754,23688,2a89d4,8gtt1h,0.7.3,fleet_logger_0_1,583680035,UMLIFE_v2_TLC555,ch2,origplant,soil_moisture,1252,,,OK,,,982.8,,name=c5off1;level=overwatered;role=disp;spread=16;gpio=5;device_seq=77822;time_source=device_synced;device_timestamp_utc=2026-07-28T08:20:31.989Z;config_id=170b1c1e;rssi=-56;uptime_s=583680;heap=152352;cal_tier=board-cal;cal_src=wet_rederive_1236_20260719;pressure_context_source=weather_openmeteo;transport=wifi_poll,
plants.soil,2026-07-28T08:20:39.754Z,2026-07-28 03:20:39.754,23689,2a89d4,8gtt1h,0.7.3,fleet_logger_0_1,583680035,UMLIFE_v2_TLC555,ch3,origplant,soil_moisture,1591,,,OK,,,982.8,,name=c5off1;level=OK;role=disp;spread=22;gpio=6;device_seq=77823;time_source=device_synced;device_timestamp_utc=2026-07-28T08:20:31.989Z;config_id=170b1c1e;rssi=-56;uptime_s=583680;heap=152352;cal_tier=board-cal;cal_src=wet_rederive_1236_20260719;pressure_context_source=weather_openmeteo;transport=wifi_poll,
plants.env,2026-07-28T08:20:39.754Z,2026-07-28 03:20:39.754,23690,2a89d4,8gtt1h,0.7.3,fleet_logger_0_1,583680719,ESP32,esp32_die,on_chip,die_temp,,24.70,degC,OK,,,,,name=c5off1;source=esp32_die;cal=uncalibrated_board_proxy;api=temperatureRead;config_id=170b1c1e;transport=wifi_poll,
plants.soil,2026-07-28T08:21:10.309Z,2026-07-28 03:21:10.309,23691,2a89d4,8gtt1h,0.7.3,fleet_logger_0_1,583710035,UMLIFE_v2_TLC555,ch0,origplant,soil_moisture,1230,,,OK,,,982.8,,name=c5off1;level=overwatered;role=disp;spread=11;gpio=1;device_seq=77824;time_source=device_synced;device_timestamp_utc=2026-07-28T08:21:01.989Z;config_id=170b1c1e;rssi=-58;uptime_s=583710;heap=152356;cal_tier=board-cal;cal_src=wet_rederive_1236_20260719;pressure_context_source=weather_openmeteo;transport=wifi_poll,
plants.soil,2026-07-28T08:21:10.309Z,2026-07-28 03:21:10.309,23692,2a89d4,8gtt1h,0.7.3,fleet_logger_0_1,583710035,UMLIFE_v2_TLC555,ch1,origplant,soil_moisture,1378,,,OK,,,982.8,,name=c5off1;level=well watered;role=disp;spread=19;gpio=4;device_seq=77825;time_source=device_synced;device_timestamp_utc=2026-07-28T08:21:01.989Z;config_id=170b1c1e;rssi=-58;uptime_s=583710;heap=152356;cal_tier=board-cal;cal_src=wet_rederive_1236_20260719;pressure_context_source=weather_openmeteo;transport=wifi_poll,
plants.soil,2026-07-28T08:21:10.309Z,2026-07-28 03:21:10.309,23693,2a89d4,8gtt1h,0.7.3,fleet_logger_0_1,583710035,UMLIFE_v2_TLC555,ch2,origplant,soil_moisture,1253,,,OK,,,982.8,,name=c5off1;level=overwatered;role=disp;spread=16;gpio=5;device_seq=77826;time_source=device_synced;device_timestamp_utc=2026-07-28T08:21:01.989Z;config_id=170b1c1e;rssi=-58;uptime_s=583710;heap=152356;cal_tier=board-cal;cal_src=wet_rederive_1236_20260719;pressure_context_source=weather_openmeteo;transport=wifi_poll,
plants.soil,2026-07-28T08:21:10.309Z,2026-07-28 03:21:10.309,23694,2a89d4,8gtt1h,0.7.3,fleet_logger_0_1,583710035,UMLIFE_v2_TLC555,ch3,origplant,soil_moisture,1590,,,OK,,,982.8,,name=c5off1;level=OK;role=disp;spread=27;gpio=6;device_seq=77827;time_source=device_synced;device_timestamp_utc=2026-07-28T08:21:01.989Z;config_id=170b1c1e;rssi=-58;uptime_s=583710;heap=152356;cal_tier=board-cal;cal_src=wet_rederive_1236_20260719;pressure_context_source=weather_openmeteo;transport=wifi_poll,
plants.env,2026-07-28T08:21:10.309Z,2026-07-28 03:21:10.309,23695,2a89d4,8gtt1h,0.7.3,fleet_logger_0_1,583710719,ESP32,esp32_die,on_chip,die_temp,,23.70,degC,OK,,,,,name=c5off1;source=esp32_die;cal=uncalibrated_board_proxy;api=temperatureRead;config_id=170b1c1e;transport=wifi_poll,
plants.soil,2026-07-28T08:21:40.797Z,2026-07-28 03:21:40.797,23696,2a89d4,8gtt1h,0.7.3,fleet_logger_0_1,583740035,UMLIFE_v2_TLC555,ch0,origplant,soil_moisture,1230,,,OK,,,982.8,,name=c5off1;level=overwatered;role=disp;spread=12;gpio=1;device_seq=77828;time_source=device_synced;device_timestamp_utc=2026-07-28T08:21:31.989Z;config_id=170b1c1e;rssi=-56;uptime_s=583740;heap=152600;cal_tier=board-cal;cal_src=wet_rederive_1236_20260719;pressure_context_source=weather_openmeteo;transport=wifi_poll,
plants.soil,2026-07-28T08:21:40.797Z,2026-07-28 03:21:40.797,23697,2a89d4,8gtt1h,0.7.3,fleet_logger_0_1,583740035,UMLIFE_v2_TLC555,ch1,origplant,soil_moisture,1387,,,OK,,,982.8,,name=c5off1;level=well watered;role=disp;spread=12;gpio=4;device_seq=77829;time_source=device_synced;device_timestamp_utc=2026-07-28T08:21:31.989Z;config_id=170b1c1e;rssi=-56;uptime_s=583740;heap=152600;cal_tier=board-cal;cal_src=wet_rederive_1236_20260719;pressure_context_source=weather_openmeteo;transport=wifi_poll,
plants.soil,2026-07-28T08:21:40.797Z,2026-07-28 03:21:40.797,23698,2a89d4,8gtt1h,0.7.3,fleet_logger_0_1,583740035,UMLIFE_v2_TLC555,ch2,origplant,soil_moisture,1252,,,OK,,,982.8,,name=c5off1;level=overwatered;role=disp;spread=15;gpio=5;device_seq=77830;time_source=device_synced;device_timestamp_utc=2026-07-28T08:21:31.989Z;config_id=170b1c1e;rssi=-56;uptime_s=583740;heap=152600;cal_tier=board-cal;cal_src=wet_rederive_1236_20260719;pressure_context_source=weather_openmeteo;transport=wifi_poll,
plants.soil,2026-07-28T08:21:40.797Z,2026-07-28 03:21:40.797,23699,2a89d4,8gtt1h,0.7.3,fleet_logger_0_1,583740035,UMLIFE_v2_TLC555,ch3,origplant,soil_moisture,1596,,,OK,,,982.8,,name=c5off1;level=OK;role=disp;spread=21;gpio=6;device_seq=77831;time_source=device_synced;device_timestamp_utc=2026-07-28T08:21:31.989Z;config_id=170b1c1e;rssi=-56;uptime_s=583740;heap=152600;cal_tier=board-cal;cal_src=wet_rederive_1236_20260719;pressure_context_source=weather_openmeteo;transport=wifi_poll,
plants.env,2026-07-28T08:21:40.797Z,2026-07-28 03:21:40.797,23700,2a89d4,8gtt1h,0.7.3,fleet_logger_0_1,583740719,ESP32,esp32_die,on_chip,die_temp,,24.70,degC,OK,,,,,name=c5off1;source=esp32_die;cal=uncalibrated_board_proxy;api=temperatureRead;config_id=170b1c1e;transport=wifi_poll,
plants.soil,2026-07-28T08:22:11.518Z,2026-07-28 03:22:11.518,23701,2a89d4,8gtt1h,0.7.3,fleet_logger_0_1,583770035,UMLIFE_v2_TLC555,ch0,origplant,soil_moisture,1232,,,OK,,,982.8,,name=c5off1;level=overwatered;role=disp;spread=4;gpio=1;device_seq=77832;time_source=device_synced;device_timestamp_utc=2026-07-28T08:22:01.989Z;config_id=170b1c1e;rssi=-56;uptime_s=583770;heap=152600;cal_tier=board-cal;cal_src=wet_rederive_1236_20260719;pressure_context_source=weather_openmeteo;transport=wifi_poll,
plants.soil,2026-07-28T08:22:11.518Z,2026-07-28 03:22:11.518,23702,2a89d4,8gtt1h,0.7.3,fleet_logger_0_1,583770035,UMLIFE_v2_TLC555,ch1,origplant,soil_moisture,1389,,,OK,,,982.8,,name=c5off1;level=well watered;role=disp;spread=25;gpio=4;device_seq=77833;time_source=device_synced;device_timestamp_utc=2026-07-28T08:22:01.989Z;config_id=170b1c1e;rssi=-56;uptime_s=583770;heap=152600;cal_tier=board-cal;cal_src=wet_rederive_1236_20260719;pressure_context_source=weather_openmeteo;transport=wifi_poll,
plants.soil,2026-07-28T08:22:11.518Z,2026-07-28 03:22:11.518,23703,2a89d4,8gtt1h,0.7.3,fleet_logger_0_1,583770035,UMLIFE_v2_TLC555,ch2,origplant,soil_moisture,1251,,,OK,,,982.8,,name=c5off1;level=overwatered;role=disp;spread=7;gpio=5;device_seq=77834;time_source=device_synced;device_timestamp_utc=2026-07-28T08:22:01.989Z;config_id=170b1c1e;rssi=-56;uptime_s=583770;heap=152600;cal_tier=board-cal;cal_src=wet_rederive_1236_20260719;pressure_context_source=weather_openmeteo;transport=wifi_poll,
plants.soil,2026-07-28T08:22:11.518Z,2026-07-28 03:22:11.518,23704,2a89d4,8gtt1h,0.7.3,fleet_logger_0_1,583770035,UMLIFE_v2_TLC555,ch3,origplant,soil_moisture,1597,,,OK,,,982.8,,name=c5off1;level=OK;role=disp;spread=23;gpio=6;device_seq=77835;time_source=device_synced;device_timestamp_utc=2026-07-28T08:22:01.989Z;config_id=170b1c1e;rssi=-56;uptime_s=583770;heap=152600;cal_tier=board-cal;cal_src=wet_rederive_1236_20260719;pressure_context_source=weather_openmeteo;transport=wifi_poll,
plants.env,2026-07-28T08:22:11.518Z,2026-07-28 03:22:11.518,23705,2a89d4,8gtt1h,0.7.3,fleet_logger_0_1,583770719,ESP32,esp32_die,on_chip,die_temp,,24.70,degC,OK,,,,,name=c5off1;source=esp32_die;cal=uncalibrated_board_proxy;api=temperatureRead;config_id=170b1c1e;transport=wifi_poll,
plants.soil,2026-07-28T08:22:42.135Z,2026-07-28 03:22:42.135,23706,2a89d4,8gtt1h,0.7.3,fleet_logger_0_1,583800035,UMLIFE_v2_TLC555,ch0,origplant,soil_moisture,1231,,,OK,,,982.8,,name=c5off1;level=overwatered;role=disp;spread=19;gpio=1;device_seq=77836;time_source=device_synced;device_timestamp_utc=2026-07-28T08:22:31.989Z;config_id=170b1c1e;rssi=-56;uptime_s=583800;heap=152596;cal_tier=board-cal;cal_src=wet_rederive_1236_20260719;pressure_context_source=weather_openmeteo;transport=wifi_poll,
plants.soil,2026-07-28T08:22:42.135Z,2026-07-28 03:22:42.135,23707,2a89d4,8gtt1h,0.7.3,fleet_logger_0_1,583800035,UMLIFE_v2_TLC555,ch1,origplant,soil_moisture,1391,,,OK,,,982.8,,name=c5off1;level=well watered;role=disp;spread=26;gpio=4;device_seq=77837;time_source=device_synced;device_timestamp_utc=2026-07-28T08:22:31.989Z;config_id=170b1c1e;rssi=-56;uptime_s=583800;heap=152596;cal_tier=board-cal;cal_src=wet_rederive_1236_20260719;pressure_context_source=weather_openmeteo;transport=wifi_poll,
plants.soil,2026-07-28T08:22:42.135Z,2026-07-28 03:22:42.135,23708,2a89d4,8gtt1h,0.7.3,fleet_logger_0_1,583800035,UMLIFE_v2_TLC555,ch2,origplant,soil_moisture,1253,,,OK,,,982.8,,name=c5off1;level=overwatered;role=disp;spread=13;gpio=5;device_seq=77838;time_source=device_synced;device_timestamp_utc=2026-07-28T08:22:31.989Z;config_id=170b1c1e;rssi=-56;uptime_s=583800;heap=152596;cal_tier=board-cal;cal_src=wet_rederive_1236_20260719;pressure_context_source=weather_openmeteo;transport=wifi_poll,
plants.soil,2026-07-28T08:22:42.135Z,2026-07-28 03:22:42.135,23709,2a89d4,8gtt1h,0.7.3,fleet_logger_0_1,583800035,UMLIFE_v2_TLC555,ch3,origplant,soil_moisture,1604,,,OK,,,982.8,,name=c5off1;level=OK;role=disp;spread=13;gpio=6;device_seq=77839;time_source=device_synced;device_timestamp_utc=2026-07-28T08:22:31.989Z;config_id=170b1c1e;rssi=-56;uptime_s=583800;heap=152596;cal_tier=board-cal;cal_src=wet_rederive_1236_20260719;pressure_context_source=weather_openmeteo;transport=wifi_poll,
plants.env,2026-07-28T08:22:42.135Z,2026-07-28 03:22:42.135,23710,2a89d4,8gtt1h,0.7.3,fleet_logger_0_1,583801819,ESP32,esp32_die,on_chip,die_temp,,24.70,degC,OK,,,,,name=c5off1;source=esp32_die;cal=uncalibrated_board_proxy;api=temperatureRead;config_id=170b1c1e;transport=wifi_poll,
plants.soil,2026-07-28T08:23:12.580Z,2026-07-28 03:23:12.580,23711,2a89d4,8gtt1h,0.7.3,fleet_logger_0_1,583830035,UMLIFE_v2_TLC555,ch0,origplant,soil_moisture,1233,,,OK,,,982.8,,name=c5off1;level=overwatered;role=disp;spread=10;gpio=1;device_seq=77840;time_source=device_synced;device_timestamp_utc=2026-07-28T08:23:01.989Z;config_id=170b1c1e;rssi=-58;uptime_s=583830;heap=152608;cal_tier=board-cal;cal_src=wet_rederive_1236_20260719;pressure_context_source=weather_openmeteo;transport=wifi_poll,
plants.soil,2026-07-28T08:23:12.580Z,2026-07-28 03:23:12.580,23712,2a89d4,8gtt1h,0.7.3,fleet_logger_0_1,583830035,UMLIFE_v2_TLC555,ch1,origplant,soil_moisture,1391,,,OK,,,982.8,,name=c5off1;level=well watered;role=disp;spread=19;gpio=4;device_seq=77841;time_source=device_synced;device_timestamp_utc=2026-07-28T08:23:01.989Z;config_id=170b1c1e;rssi=-58;uptime_s=583830;heap=152608;cal_tier=board-cal;cal_src=wet_rederive_1236_20260719;pressure_context_source=weather_openmeteo;transport=wifi_poll,
plants.soil,2026-07-28T08:23:12.580Z,2026-07-28 03:23:12.580,23713,2a89d4,8gtt1h,0.7.3,fleet_logger_0_1,583830035,UMLIFE_v2_TLC555,ch2,origplant,soil_moisture,1253,,,OK,,,982.8,,name=c5off1;level=overwatered;role=disp;spread=20;gpio=5;device_seq=77842;time_source=device_synced;device_timestamp_utc=2026-07-28T08:23:01.989Z;config_id=170b1c1e;rssi=-58;uptime_s=583830;heap=152608;cal_tier=board-cal;cal_src=wet_rederive_1236_20260719;pressure_context_source=weather_openmeteo;transport=wifi_poll,
plants.soil,2026-07-28T08:23:12.580Z,2026-07-28 03:23:12.580,23714,2a89d4,8gtt1h,0.7.3,fleet_logger_0_1,583830035,UMLIFE_v2_TLC555,ch3,origplant,soil_moisture,1608,,,OK,,,982.8,,name=c5off1;level=OK;role=disp;spread=25;gpio=6;device_seq=77843;time_source=device_synced;device_timestamp_utc=2026-07-28T08:23:01.989Z;config_id=170b1c1e;rssi=-58;uptime_s=583830;heap=152608;cal_tier=board-cal;cal_src=wet_rederive_1236_20260719;pressure_context_source=weather_openmeteo;transport=wifi_poll,
plants.env,2026-07-28T08:23:12.580Z,2026-07-28 03:23:12.580,23715,2a89d4,8gtt1h,0.7.3,fleet_logger_0_1,583830719,ESP32,esp32_die,on_chip,die_temp,,24.70,degC,OK,,,,,name=c5off1;source=esp32_die;cal=uncalibrated_board_proxy;api=temperatureRead;config_id=170b1c1e;transport=wifi_poll,
plants.soil,2026-07-28T08:23:43.515Z,2026-07-28 03:23:43.515,23716,2a89d4,8gtt1h,0.7.3,fleet_logger_0_1,583860035,UMLIFE_v2_TLC555,ch0,origplant,soil_moisture,1232,,,OK,,,982.8,,name=c5off1;level=overwatered;role=disp;spread=13;gpio=1;device_seq=77844;time_source=device_synced;device_timestamp_utc=2026-07-28T08:23:31.989Z;config_id=170b1c1e;rssi=-58;uptime_s=583860;heap=152352;cal_tier=board-cal;cal_src=wet_rederive_1236_20260719;pressure_context_source=weather_openmeteo;transport=wifi_poll,
plants.soil,2026-07-28T08:23:43.515Z,2026-07-28 03:23:43.515,23717,2a89d4,8gtt1h,0.7.3,fleet_logger_0_1,583860035,UMLIFE_v2_TLC555,ch1,origplant,soil_moisture,1389,,,OK,,,982.8,,name=c5off1;level=well watered;role=disp;spread=14;gpio=4;device_seq=77845;time_source=device_synced;device_timestamp_utc=2026-07-28T08:23:31.989Z;config_id=170b1c1e;rssi=-58;uptime_s=583860;heap=152352;cal_tier=board-cal;cal_src=wet_rederive_1236_20260719;pressure_context_source=weather_openmeteo;transport=wifi_poll,
plants.soil,2026-07-28T08:23:43.515Z,2026-07-28 03:23:43.515,23718,2a89d4,8gtt1h,0.7.3,fleet_logger_0_1,583860035,UMLIFE_v2_TLC555,ch2,origplant,soil_moisture,1252,,,OK,,,982.8,,name=c5off1;level=overwatered;role=disp;spread=16;gpio=5;device_seq=77846;time_source=device_synced;device_timestamp_utc=2026-07-28T08:23:31.989Z;config_id=170b1c1e;rssi=-58;uptime_s=583860;heap=152352;cal_tier=board-cal;cal_src=wet_rederive_1236_20260719;pressure_context_source=weather_openmeteo;transport=wifi_poll,
plants.soil,2026-07-28T08:23:43.515Z,2026-07-28 03:23:43.515,23719,2a89d4,8gtt1h,0.7.3,fleet_logger_0_1,583860035,UMLIFE_v2_TLC555,ch3,origplant,soil_moisture,1611,,,OK,,,982.8,,name=c5off1;level=OK;role=disp;spread=18;gpio=6;device_seq=77847;time_source=device_synced;device_timestamp_utc=2026-07-28T08:23:31.989Z;config_id=170b1c1e;rssi=-58;uptime_s=583860;heap=152352;cal_tier=board-cal;cal_src=wet_rederive_1236_20260719;pressure_context_source=weather_openmeteo;transport=wifi_poll,
plants.env,2026-07-28T08:23:43.515Z,2026-07-28 03:23:43.515,23720,2a89d4,8gtt1h,0.7.3,fleet_logger_0_1,583860719,ESP32,esp32_die,on_chip,die_temp,,25.70,degC,OK,,,,,name=c5off1;source=esp32_die;cal=uncalibrated_board_proxy;api=temperatureRead;config_id=170b1c1e;transport=wifi_poll,
plants.soil,2026-07-28T08:24:14.814Z,2026-07-28 03:24:14.814,23721,2a89d4,8gtt1h,0.7.3,fleet_logger_0_1,583890035,UMLIFE_v2_TLC555,ch0,origplant,soil_moisture,1233,,,OK,,,982.8,,name=c5off1;level=overwatered;role=disp;spread=7;gpio=1;device_seq=77848;time_source=device_synced;device_timestamp_utc=2026-07-28T08:24:01.989Z;config_id=170b1c1e;rssi=-56;uptime_s=583890;heap=152400;cal_tier=board-cal;cal_src=wet_rederive_1236_20260719;pressure_context_source=weather_openmeteo;transport=wifi_poll,
plants.soil,2026-07-28T08:24:14.814Z,2026-07-28 03:24:14.814,23722,2a89d4,8gtt1h,0.7.3,fleet_logger_0_1,583890035,UMLIFE_v2_TLC555,ch1,origplant,soil_moisture,1388,,,OK,,,982.8,,name=c5off1;level=well watered;role=disp;spread=18;gpio=4;device_seq=77849;time_source=device_synced;device_timestamp_utc=2026-07-28T08:24:01.989Z;config_id=170b1c1e;rssi=-56;uptime_s=583890;heap=152400;cal_tier=board-cal;cal_src=wet_rederive_1236_20260719;pressure_context_source=weather_openmeteo;transport=wifi_poll,
plants.soil,2026-07-28T08:24:14.814Z,2026-07-28 03:24:14.814,23723,2a89d4,8gtt1h,0.7.3,fleet_logger_0_1,583890035,UMLIFE_v2_TLC555,ch2,origplant,soil_moisture,1252,,,OK,,,982.8,,name=c5off1;level=overwatered;role=disp;spread=18;gpio=5;device_seq=77850;time_source=device_synced;device_timestamp_utc=2026-07-28T08:24:01.989Z;config_id=170b1c1e;rssi=-56;uptime_s=583890;heap=152400;cal_tier=board-cal;cal_src=wet_rederive_1236_20260719;pressure_context_source=weather_openmeteo;transport=wifi_poll,
plants.soil,2026-07-28T08:24:14.814Z,2026-07-28 03:24:14.814,23724,2a89d4,8gtt1h,0.7.3,fleet_logger_0_1,583890035,UMLIFE_v2_TLC555,ch3,origplant,soil_moisture,1607,,,OK,,,982.8,,name=c5off1;level=OK;role=disp;spread=22;gpio=6;device_seq=77851;time_source=device_synced;device_timestamp_utc=2026-07-28T08:24:01.989Z;config_id=170b1c1e;rssi=-56;uptime_s=583890;heap=152400;cal_tier=board-cal;cal_src=wet_rederive_1236_20260719;pressure_context_source=weather_openmeteo;transport=wifi_poll,
plants.env,2026-07-28T08:24:14.814Z,2026-07-28 03:24:14.814,23725,2a89d4,8gtt1h,0.7.3,fleet_logger_0_1,583890719,ESP32,esp32_die,on_chip,die_temp,,24.70,degC,OK,,,,,name=c5off1;source=esp32_die;cal=uncalibrated_board_proxy;api=temperatureRead;config_id=170b1c1e;transport=wifi_poll,
plants.soil,2026-07-28T08:24:47.143Z,2026-07-28 03:24:47.143,23726,2a89d4,8gtt1h,0.7.3,fleet_logger_0_1,583920035,UMLIFE_v2_TLC555,ch0,origplant,soil_moisture,1232,,,OK,,,982.8,,name=c5off1;level=overwatered;role=disp;spread=12;gpio=1;device_seq=77852;time_source=device_synced;device_timestamp_utc=2026-07-28T08:24:31.989Z;config_id=170b1c1e;rssi=-58;uptime_s=583920;heap=152656;cal_tier=board-cal;cal_src=wet_rederive_1236_20260719;pressure_context_source=weather_openmeteo;transport=wifi_poll,
plants.soil,2026-07-28T08:24:47.143Z,2026-07-28 03:24:47.143,23727,2a89d4,8gtt1h,0.7.3,fleet_logger_0_1,583920035,UMLIFE_v2_TLC555,ch1,origplant,soil_moisture,1390,,,OK,,,982.8,,name=c5off1;level=well watered;role=disp;spread=28;gpio=4;device_seq=77853;time_source=device_synced;device_timestamp_utc=2026-07-28T08:24:31.989Z;config_id=170b1c1e;rssi=-58;uptime_s=583920;heap=152656;cal_tier=board-cal;cal_src=wet_rederive_1236_20260719;pressure_context_source=weather_openmeteo;transport=wifi_poll,
plants.soil,2026-07-28T08:24:47.143Z,2026-07-28 03:24:47.143,23728,2a89d4,8gtt1h,0.7.3,fleet_logger_0_1,583920035,UMLIFE_v2_TLC555,ch2,origplant,soil_moisture,1252,,,OK,,,982.8,,name=c5off1;level=overwatered;role=disp;spread=17;gpio=5;device_seq=77854;time_source=device_synced;device_timestamp_utc=2026-07-28T08:24:31.989Z;config_id=170b1c1e;rssi=-58;uptime_s=583920;heap=152656;cal_tier=board-cal;cal_src=wet_rederive_1236_20260719;pressure_context_source=weather_openmeteo;transport=wifi_poll,
plants.soil,2026-07-28T08:24:47.143Z,2026-07-28 03:24:47.143,23729,2a89d4,8gtt1h,0.7.3,fleet_logger_0_1,583920035,UMLIFE_v2_TLC555,ch3,origplant,soil_moisture,1610,,,OK,,,982.8,,name=c5off1;level=OK;role=disp;spread=15;gpio=6;device_seq=77855;time_source=device_synced;device_timestamp_utc=2026-07-28T08:24:31.989Z;config_id=170b1c1e;rssi=-58;uptime_s=583920;heap=152656;cal_tier=board-cal;cal_src=wet_rederive_1236_20260719;pressure_context_source=weather_openmeteo;transport=wifi_poll,
plants.env,2026-07-28T08:24:47.143Z,2026-07-28 03:24:47.143,23730,2a89d4,8gtt1h,0.7.3,fleet_logger_0_1,583920719,ESP32,esp32_die,on_chip,die_temp,,23.70,degC,OK,,,,,name=c5off1;source=esp32_die;cal=uncalibrated_board_proxy;api=temperatureRead;config_id=170b1c1e;transport=wifi_poll,
plants.soil,2026-07-28T08:25:17.475Z,2026-07-28 03:25:17.475,23731,2a89d4,8gtt1h,0.7.3,fleet_logger_0_1,583950035,UMLIFE_v2_TLC555,ch0,origplant,soil_moisture,1231,,,OK,,,982.8,,name=c5off1;level=overwatered;role=disp;spread=19;gpio=1;device_seq=77856;time_source=device_synced;device_timestamp_utc=2026-07-28T08:25:01.989Z;config_id=170b1c1e;rssi=-56;uptime_s=583950;heap=152656;cal_tier=board-cal;cal_src=wet_rederive_1236_20260719;pressure_context_source=weather_openmeteo;transport=wifi_poll,
plants.soil,2026-07-28T08:25:17.475Z,2026-07-28 03:25:17.475,23732,2a89d4,8gtt1h,0.7.3,fleet_logger_0_1,583950035,UMLIFE_v2_TLC555,ch1,origplant,soil_moisture,1388,,,OK,,,982.8,,name=c5off1;level=well watered;role=disp;spread=11;gpio=4;device_seq=77857;time_source=device_synced;device_timestamp_utc=2026-07-28T08:25:01.989Z;config_id=170b1c1e;rssi=-56;uptime_s=583950;heap=152656;cal_tier=board-cal;cal_src=wet_rederive_1236_20260719;pressure_context_source=weather_openmeteo;transport=wifi_poll,
plants.soil,2026-07-28T08:25:17.475Z,2026-07-28 03:25:17.475,23733,2a89d4,8gtt1h,0.7.3,fleet_logger_0_1,583950035,UMLIFE_v2_TLC555,ch2,origplant,soil_moisture,1252,,,OK,,,982.8,,name=c5off1;level=overwatered;role=disp;spread=7;gpio=5;device_seq=77858;time_source=device_synced;device_timestamp_utc=2026-07-28T08:25:01.989Z;config_id=170b1c1e;rssi=-56;uptime_s=583950;heap=152656;cal_tier=board-cal;cal_src=wet_rederive_1236_20260719;pressure_context_source=weather_openmeteo;transport=wifi_poll,
plants.soil,2026-07-28T08:25:17.475Z,2026-07-28 03:25:17.475,23734,2a89d4,8gtt1h,0.7.3,fleet_logger_0_1,583950035,UMLIFE_v2_TLC555,ch3,origplant,soil_moisture,1610,,,OK,,,982.8,,name=c5off1;level=OK;role=disp;spread=21;gpio=6;device_seq=77859;time_source=device_synced;device_timestamp_utc=2026-07-28T08:25:01.989Z;config_id=170b1c1e;rssi=-56;uptime_s=583950;heap=152656;cal_tier=board-cal;cal_src=wet_rederive_1236_20260719;pressure_context_source=weather_openmeteo;transport=wifi_poll,
plants.env,2026-07-28T08:25:17.475Z,2026-07-28 03:25:17.475,23735,2a89d4,8gtt1h,0.7.3,fleet_logger_0_1,583950719,ESP32,esp32_die,on_chip,die_temp,,23.70,degC,OK,,,,,name=c5off1;source=esp32_die;cal=uncalibrated_board_proxy;api=temperatureRead;config_id=170b1c1e;transport=wifi_poll,
plants.soil,2026-07-28T08:25:47.890Z,2026-07-28 03:25:47.890,23736,2a89d4,8gtt1h,0.7.3,fleet_logger_0_1,583980035,UMLIFE_v2_TLC555,ch0,origplant,soil_moisture,1231,,,OK,,,982.8,,name=c5off1;level=overwatered;role=disp;spread=12;gpio=1;device_seq=77860;time_source=device_synced;device_timestamp_utc=2026-07-28T08:25:31.989Z;config_id=170b1c1e;rssi=-59;uptime_s=583980;heap=152644;cal_tier=board-cal;cal_src=wet_rederive_1236_20260719;pressure_context_source=weather_openmeteo;transport=wifi_poll,
plants.soil,2026-07-28T08:25:47.890Z,2026-07-28 03:25:47.890,23737,2a89d4,8gtt1h,0.7.3,fleet_logger_0_1,583980035,UMLIFE_v2_TLC555,ch1,origplant,soil_moisture,1390,,,OK,,,982.8,,name=c5off1;level=well watered;role=disp;spread=13;gpio=4;device_seq=77861;time_source=device_synced;device_timestamp_utc=2026-07-28T08:25:31.989Z;config_id=170b1c1e;rssi=-59;uptime_s=583980;heap=152644;cal_tier=board-cal;cal_src=wet_rederive_1236_20260719;pressure_context_source=weather_openmeteo;transport=wifi_poll,
plants.soil,2026-07-28T08:25:47.890Z,2026-07-28 03:25:47.890,23738,2a89d4,8gtt1h,0.7.3,fleet_logger_0_1,583980035,UMLIFE_v2_TLC555,ch2,origplant,soil_moisture,1254,,,OK,,,982.8,,name=c5off1;level=overwatered;role=disp;spread=21;gpio=5;device_seq=77862;time_source=device_synced;device_timestamp_utc=2026-07-28T08:25:31.989Z;config_id=170b1c1e;rssi=-59;uptime_s=583980;heap=152644;cal_tier=board-cal;cal_src=wet_rederive_1236_20260719;pressure_context_source=weather_openmeteo;transport=wifi_poll,
plants.soil,2026-07-28T08:25:47.890Z,2026-07-28 03:25:47.890,23739,2a89d4,8gtt1h,0.7.3,fleet_logger_0_1,583980035,UMLIFE_v2_TLC555,ch3,origplant,soil_moisture,1610,,,OK,,,982.8,,name=c5off1;level=OK;role=disp;spread=17;gpio=6;device_seq=77863;time_source=device_synced;device_timestamp_utc=2026-07-28T08:25:31.989Z;config_id=170b1c1e;rssi=-59;uptime_s=583980;heap=152644;cal_tier=board-cal;cal_src=wet_rederive_1236_20260719;pressure_context_source=weather_openmeteo;transport=wifi_poll,
plants.env,2026-07-28T08:25:47.890Z,2026-07-28 03:25:47.890,23740,2a89d4,8gtt1h,0.7.3,fleet_logger_0_1,583980719,ESP32,esp32_die,on_chip,die_temp,,24.70,degC,OK,,,,,name=c5off1;source=esp32_die;cal=uncalibrated_board_proxy;api=temperatureRead;config_id=170b1c1e;transport=wifi_poll,
plants.soil,2026-07-28T08:26:18.225Z,2026-07-28 03:26:18.225,23741,2a89d4,8gtt1h,0.7.3,fleet_logger_0_1,584010035,UMLIFE_v2_TLC555,ch0,origplant,soil_moisture,1232,,,OK,,,982.8,,name=c5off1;level=overwatered;role=disp;spread=14;gpio=1;device_seq=77864;time_source=device_synced;device_timestamp_utc=2026-07-28T08:26:01.989Z;config_id=170b1c1e;rssi=-56;uptime_s=584010;heap=152644;cal_tier=board-cal;cal_src=wet_rederive_1236_20260719;pressure_context_source=weather_openmeteo;transport=wifi_poll,
plants.soil,2026-07-28T08:26:18.225Z,2026-07-28 03:26:18.225,23742,2a89d4,8gtt1h,0.7.3,fleet_logger_0_1,584010035,UMLIFE_v2_TLC555,ch1,origplant,soil_moisture,1390,,,OK,,,982.8,,name=c5off1;level=well watered;role=disp;spread=8;gpio=4;device_seq=77865;time_source=device_synced;device_timestamp_utc=2026-07-28T08:26:01.989Z;config_id=170b1c1e;rssi=-56;uptime_s=584010;heap=152644;cal_tier=board-cal;cal_src=wet_rederive_1236_20260719;pressure_context_source=weather_openmeteo;transport=wifi_poll,
plants.soil,2026-07-28T08:26:18.225Z,2026-07-28 03:26:18.225,23743,2a89d4,8gtt1h,0.7.3,fleet_logger_0_1,584010035,UMLIFE_v2_TLC555,ch2,origplant,soil_moisture,1253,,,OK,,,982.8,,name=c5off1;level=overwatered;role=disp;spread=13;gpio=5;device_seq=77866;time_source=device_synced;device_timestamp_utc=2026-07-28T08:26:01.989Z;config_id=170b1c1e;rssi=-56;uptime_s=584010;heap=152644;cal_tier=board-cal;cal_src=wet_rederive_1236_20260719;pressure_context_source=weather_openmeteo;transport=wifi_poll,
plants.soil,2026-07-28T08:26:18.225Z,2026-07-28 03:26:18.225,23744,2a89d4,8gtt1h,0.7.3,fleet_logger_0_1,584010035,UMLIFE_v2_TLC555,ch3,origplant,soil_moisture,1609,,,OK,,,982.8,,name=c5off1;level=OK;role=disp;spread=23;gpio=6;device_seq=77867;time_source=device_synced;device_timestamp_utc=2026-07-28T08:26:01.989Z;config_id=170b1c1e;rssi=-56;uptime_s=584010;heap=152644;cal_tier=board-cal;cal_src=wet_rederive_1236_20260719;pressure_context_source=weather_openmeteo;transport=wifi_poll,
plants.env,2026-07-28T08:26:18.225Z,2026-07-28 03:26:18.225,23745,2a89d4,8gtt1h,0.7.3,fleet_logger_0_1,584010719,ESP32,esp32_die,on_chip,die_temp,,23.70,degC,OK,,,,,name=c5off1;source=esp32_die;cal=uncalibrated_board_proxy;api=temperatureRead;config_id=170b1c1e;transport=wifi_poll,
plants.soil,2026-07-28T08:26:48.613Z,2026-07-28 03:26:48.613,23746,2a89d4,8gtt1h,0.7.3,fleet_logger_0_1,584040035,UMLIFE_v2_TLC555,ch0,origplant,soil_moisture,1230,,,OK,,,982.8,,name=c5off1;level=overwatered;role=disp;spread=15;gpio=1;device_seq=77868;time_source=device_synced;device_timestamp_utc=2026-07-28T08:26:31.989Z;config_id=170b1c1e;rssi=-57;uptime_s=584040;heap=152388;cal_tier=board-cal;cal_src=wet_rederive_1236_20260719;pressure_context_source=weather_openmeteo;transport=wifi_poll,
plants.soil,2026-07-28T08:26:48.613Z,2026-07-28 03:26:48.613,23747,2a89d4,8gtt1h,0.7.3,fleet_logger_0_1,584040035,UMLIFE_v2_TLC555,ch1,origplant,soil_moisture,1389,,,OK,,,982.8,,name=c5off1;level=well watered;role=disp;spread=32;gpio=4;device_seq=77869;time_source=device_synced;device_timestamp_utc=2026-07-28T08:26:31.989Z;config_id=170b1c1e;rssi=-57;uptime_s=584040;heap=152388;cal_tier=board-cal;cal_src=wet_rederive_1236_20260719;pressure_context_source=weather_openmeteo;transport=wifi_poll,
plants.soil,2026-07-28T08:26:48.613Z,2026-07-28 03:26:48.613,23748,2a89d4,8gtt1h,0.7.3,fleet_logger_0_1,584040035,UMLIFE_v2_TLC555,ch2,origplant,soil_moisture,1254,,,OK,,,982.8,,name=c5off1;level=overwatered;role=disp;spread=12;gpio=5;device_seq=77870;time_source=device_synced;device_timestamp_utc=2026-07-28T08:26:31.989Z;config_id=170b1c1e;rssi=-57;uptime_s=584040;heap=152388;cal_tier=board-cal;cal_src=wet_rederive_1236_20260719;pressure_context_source=weather_openmeteo;transport=wifi_poll,
plants.soil,2026-07-28T08:26:48.613Z,2026-07-28 03:26:48.613,23749,2a89d4,8gtt1h,0.7.3,fleet_logger_0_1,584040035,UMLIFE_v2_TLC555,ch3,origplant,soil_moisture,1611,,,OK,,,982.8,,name=c5off1;level=OK;role=disp;spread=14;gpio=6;device_seq=77871;time_source=device_synced;device_timestamp_utc=2026-07-28T08:26:31.989Z;config_id=170b1c1e;rssi=-57;uptime_s=584040;heap=152388;cal_tier=board-cal;cal_src=wet_rederive_1236_20260719;pressure_context_source=weather_openmeteo;transport=wifi_poll,
plants.env,2026-07-28T08:26:48.613Z,2026-07-28 03:26:48.613,23750,2a89d4,8gtt1h,0.7.3,fleet_logger_0_1,584040719,ESP32,esp32_die,on_chip,die_temp,,24.70,degC,OK,,,,,name=c5off1;source=esp32_die;cal=uncalibrated_board_proxy;api=temperatureRead;config_id=170b1c1e;transport=wifi_poll,
plants.soil,2026-07-28T08:27:19.229Z,2026-07-28 03:27:19.229,23751,2a89d4,8gtt1h,0.7.3,fleet_logger_0_1,584070035,UMLIFE_v2_TLC555,ch0,origplant,soil_moisture,1231,,,OK,,,983.4,,name=c5off1;level=overwatered;role=disp;spread=9;gpio=1;device_seq=77872;time_source=device_synced;device_timestamp_utc=2026-07-28T08:27:01.989Z;config_id=170b1c1e;rssi=-56;uptime_s=584070;heap=152388;cal_tier=board-cal;cal_src=wet_rederive_1236_20260719;pressure_context_source=weather_openmeteo;transport=wifi_poll,
plants.soil,2026-07-28T08:27:19.229Z,2026-07-28 03:27:19.229,23752,2a89d4,8gtt1h,0.7.3,fleet_logger_0_1,584070035,UMLIFE_v2_TLC555,ch1,origplant,soil_moisture,1390,,,OK,,,983.4,,name=c5off1;level=well watered;role=disp;spread=15;gpio=4;device_seq=77873;time_source=device_synced;device_timestamp_utc=2026-07-28T08:27:01.989Z;config_id=170b1c1e;rssi=-56;uptime_s=584070;heap=152388;cal_tier=board-cal;cal_src=wet_rederive_1236_20260719;pressure_context_source=weather_openmeteo;transport=wifi_poll,
plants.soil,2026-07-28T08:27:19.229Z,2026-07-28 03:27:19.229,23753,2a89d4,8gtt1h,0.7.3,fleet_logger_0_1,584070035,UMLIFE_v2_TLC555,ch2,origplant,soil_moisture,1252,,,OK,,,983.4,,name=c5off1;level=overwatered;role=disp;spread=23;gpio=5;device_seq=77874;time_source=device_synced;device_timestamp_utc=2026-07-28T08:27:01.989Z;config_id=170b1c1e;rssi=-56;uptime_s=584070;heap=152388;cal_tier=board-cal;cal_src=wet_rederive_1236_20260719;pressure_context_source=weather_openmeteo;transport=wifi_poll,
plants.soil,2026-07-28T08:27:19.229Z,2026-07-28 03:27:19.229,23754,2a89d4,8gtt1h,0.7.3,fleet_logger_0_1,584070035,UMLIFE_v2_TLC555,ch3,origplant,soil_moisture,1608,,,OK,,,983.4,,name=c5off1;level=OK;role=disp;spread=11;gpio=6;device_seq=77875;time_source=device_synced;device_timestamp_utc=2026-07-28T08:27:01.989Z;config_id=170b1c1e;rssi=-56;uptime_s=584070;heap=152388;cal_tier=board-cal;cal_src=wet_rederive_1236_20260719;pressure_context_source=weather_openmeteo;transport=wifi_poll,
plants.env,2026-07-28T08:27:19.229Z,2026-07-28 03:27:19.229,23755,2a89d4,8gtt1h,0.7.3,fleet_logger_0_1,584070719,ESP32,esp32_die,on_chip,die_temp,,24.70,degC,OK,,,,,name=c5off1;source=esp32_die;cal=uncalibrated_board_proxy;api=temperatureRead;config_id=170b1c1e;transport=wifi_poll,
plants.soil,2026-07-28T08:27:49.979Z,2026-07-28 03:27:49.979,23756,2a89d4,8gtt1h,0.7.3,fleet_logger_0_1,584100035,UMLIFE_v2_TLC555,ch0,origplant,soil_moisture,1231,,,OK,,,983.4,,name=c5off1;level=overwatered;role=disp;spread=9;gpio=1;device_seq=77876;time_source=device_synced;device_timestamp_utc=2026-07-28T08:27:31.989Z;config_id=170b1c1e;rssi=-57;uptime_s=584100;heap=152656;cal_tier=board-cal;cal_src=wet_rederive_1236_20260719;pressure_context_source=weather_openmeteo;transport=wifi_poll,
plants.soil,2026-07-28T08:27:49.979Z,2026-07-28 03:27:49.979,23757,2a89d4,8gtt1h,0.7.3,fleet_logger_0_1,584100035,UMLIFE_v2_TLC555,ch1,origplant,soil_moisture,1392,,,OK,,,983.4,,name=c5off1;level=well watered;role=disp;spread=17;gpio=4;device_seq=77877;time_source=device_synced;device_timestamp_utc=2026-07-28T08:27:31.989Z;config_id=170b1c1e;rssi=-57;uptime_s=584100;heap=152656;cal_tier=board-cal;cal_src=wet_rederive_1236_20260719;pressure_context_source=weather_openmeteo;transport=wifi_poll,
plants.soil,2026-07-28T08:27:49.979Z,2026-07-28 03:27:49.979,23758,2a89d4,8gtt1h,0.7.3,fleet_logger_0_1,584100035,UMLIFE_v2_TLC555,ch2,origplant,soil_moisture,1254,,,OK,,,983.4,,name=c5off1;level=overwatered;role=disp;spread=15;gpio=5;device_seq=77878;time_source=device_synced;device_timestamp_utc=2026-07-28T08:27:31.989Z;config_id=170b1c1e;rssi=-57;uptime_s=584100;heap=152656;cal_tier=board-cal;cal_src=wet_rederive_1236_20260719;pressure_context_source=weather_openmeteo;transport=wifi_poll,
plants.soil,2026-07-28T08:27:49.979Z,2026-07-28 03:27:49.979,23759,2a89d4,8gtt1h,0.7.3,fleet_logger_0_1,584100035,UMLIFE_v2_TLC555,ch3,origplant,soil_moisture,1612,,,OK,,,983.4,,name=c5off1;level=OK;role=disp;spread=18;gpio=6;device_seq=77879;time_source=device_synced;device_timestamp_utc=2026-07-28T08:27:31.989Z;config_id=170b1c1e;rssi=-57;uptime_s=584100;heap=152656;cal_tier=board-cal;cal_src=wet_rederive_1236_20260719;pressure_context_source=weather_openmeteo;transport=wifi_poll,
plants.env,2026-07-28T08:27:49.979Z,2026-07-28 03:27:49.979,23760,2a89d4,8gtt1h,0.7.3,fleet_logger_0_1,584100719,ESP32,esp32_die,on_chip,die_temp,,23.70,degC,OK,,,,,name=c5off1;source=esp32_die;cal=uncalibrated_board_proxy;api=temperatureRead;config_id=170b1c1e;transport=wifi_poll,
plants.soil,2026-07-28T08:28:20.976Z,2026-07-28 03:28:20.976,23761,2a89d4,8gtt1h,0.7.3,fleet_logger_0_1,584130035,UMLIFE_v2_TLC555,ch0,origplant,soil_moisture,1231,,,OK,,,983.4,,name=c5off1;level=overwatered;role=disp;spread=7;gpio=1;device_seq=77880;time_source=device_synced;device_timestamp_utc=2026-07-28T08:28:01.989Z;config_id=170b1c1e;rssi=-58;uptime_s=584130;heap=152644;cal_tier=board-cal;cal_src=wet_rederive_1236_20260719;pressure_context_source=weather_openmeteo;transport=wifi_poll,
plants.soil,2026-07-28T08:28:20.976Z,2026-07-28 03:28:20.976,23762,2a89d4,8gtt1h,0.7.3,fleet_logger_0_1,584130035,UMLIFE_v2_TLC555,ch1,origplant,soil_moisture,1389,,,OK,,,983.4,,name=c5off1;level=well watered;role=disp;spread=24;gpio=4;device_seq=77881;time_source=device_synced;device_timestamp_utc=2026-07-28T08:28:01.989Z;config_id=170b1c1e;rssi=-58;uptime_s=584130;heap=152644;cal_tier=board-cal;cal_src=wet_rederive_1236_20260719;pressure_context_source=weather_openmeteo;transport=wifi_poll,
plants.soil,2026-07-28T08:28:20.976Z,2026-07-28 03:28:20.976,23763,2a89d4,8gtt1h,0.7.3,fleet_logger_0_1,584130035,UMLIFE_v2_TLC555,ch2,origplant,soil_moisture,1252,,,OK,,,983.4,,name=c5off1;level=overwatered;role=disp;spread=17;gpio=5;device_seq=77882;time_source=device_synced;device_timestamp_utc=2026-07-28T08:28:01.989Z;config_id=170b1c1e;rssi=-58;uptime_s=584130;heap=152644;cal_tier=board-cal;cal_src=wet_rederive_1236_20260719;pressure_context_source=weather_openmeteo;transport=wifi_poll,
plants.soil,2026-07-28T08:28:20.976Z,2026-07-28 03:28:20.976,23764,2a89d4,8gtt1h,0.7.3,fleet_logger_0_1,584130035,UMLIFE_v2_TLC555,ch3,origplant,soil_moisture,1607,,,OK,,,983.4,,name=c5off1;level=OK;role=disp;spread=21;gpio=6;device_seq=77883;time_source=device_synced;device_timestamp_utc=2026-07-28T08:28:01.989Z;config_id=170b1c1e;rssi=-58;uptime_s=584130;heap=152644;cal_tier=board-cal;cal_src=wet_rederive_1236_20260719;pressure_context_source=weather_openmeteo;transport=wifi_poll,
plants.env,2026-07-28T08:28:20.976Z,2026-07-28 03:28:20.976,23765,2a89d4,8gtt1h,0.7.3,fleet_logger_0_1,584130719,ESP32,esp32_die,on_chip,die_temp,,24.70,degC,OK,,,,,name=c5off1;source=esp32_die;cal=uncalibrated_board_proxy;api=temperatureRead;config_id=170b1c1e;transport=wifi_poll,
plants.soil,2026-07-28T08:28:51.515Z,2026-07-28 03:28:51.515,23766,2a89d4,8gtt1h,0.7.3,fleet_logger_0_1,584160035,UMLIFE_v2_TLC555,ch0,origplant,soil_moisture,1231,,,OK,,,983.4,,name=c5off1;level=overwatered;role=disp;spread=11;gpio=1;device_seq=77884;time_source=device_synced;device_timestamp_utc=2026-07-28T08:28:31.989Z;config_id=170b1c1e;rssi=-56;uptime_s=584160;heap=152660;cal_tier=board-cal;cal_src=wet_rederive_1236_20260719;pressure_context_source=weather_openmeteo;transport=wifi_poll,
plants.soil,2026-07-28T08:28:51.515Z,2026-07-28 03:28:51.515,23767,2a89d4,8gtt1h,0.7.3,fleet_logger_0_1,584160035,UMLIFE_v2_TLC555,ch1,origplant,soil_moisture,1392,,,OK,,,983.4,,name=c5off1;level=well watered;role=disp;spread=16;gpio=4;device_seq=77885;time_source=device_synced;device_timestamp_utc=2026-07-28T08:28:31.989Z;config_id=170b1c1e;rssi=-56;uptime_s=584160;heap=152660;cal_tier=board-cal;cal_src=wet_rederive_1236_20260719;pressure_context_source=weather_openmeteo;transport=wifi_poll,
plants.soil,2026-07-28T08:28:51.515Z,2026-07-28 03:28:51.515,23768,2a89d4,8gtt1h,0.7.3,fleet_logger_0_1,584160035,UMLIFE_v2_TLC555,ch2,origplant,soil_moisture,1253,,,OK,,,983.4,,name=c5off1;level=overwatered;role=disp;spread=18;gpio=5;device_seq=77886;time_source=device_synced;device_timestamp_utc=2026-07-28T08:28:31.989Z;config_id=170b1c1e;rssi=-56;uptime_s=584160;heap=152660;cal_tier=board-cal;cal_src=wet_rederive_1236_20260719;pressure_context_source=weather_openmeteo;transport=wifi_poll,
plants.soil,2026-07-28T08:28:51.515Z,2026-07-28 03:28:51.515,23769,2a89d4,8gtt1h,0.7.3,fleet_logger_0_1,584160035,UMLIFE_v2_TLC555,ch3,origplant,soil_moisture,1609,,,OK,,,983.4,,name=c5off1;level=OK;role=disp;spread=12;gpio=6;device_seq=77887;time_source=device_synced;device_timestamp_utc=2026-07-28T08:28:31.989Z;config_id=170b1c1e;rssi=-56;uptime_s=584160;heap=152660;cal_tier=board-cal;cal_src=wet_rederive_1236_20260719;pressure_context_source=weather_openmeteo;transport=wifi_poll,
plants.env,2026-07-28T08:28:51.515Z,2026-07-28 03:28:51.515,23770,2a89d4,8gtt1h,0.7.3,fleet_logger_0_1,584160719,ESP32,esp32_die,on_chip,die_temp,,24.70,degC,OK,,,,,name=c5off1;source=esp32_die;cal=uncalibrated_board_proxy;api=temperatureRead;config_id=170b1c1e;transport=wifi_poll,
plants.soil,2026-07-28T08:29:22.703Z,2026-07-28 03:29:22.703,23771,2a89d4,8gtt1h,0.7.3,fleet_logger_0_1,584190035,UMLIFE_v2_TLC555,ch0,origplant,soil_moisture,1230,,,OK,,,983.4,,name=c5off1;level=overwatered;role=disp;spread=12;gpio=1;device_seq=77888;time_source=device_synced;device_timestamp_utc=2026-07-28T08:29:01.989Z;config_id=170b1c1e;rssi=-58;uptime_s=584190;heap=152648;cal_tier=board-cal;cal_src=wet_rederive_1236_20260719;pressure_context_source=weather_openmeteo;transport=wifi_poll,
plants.soil,2026-07-28T08:29:22.703Z,2026-07-28 03:29:22.703,23772,2a89d4,8gtt1h,0.7.3,fleet_logger_0_1,584190035,UMLIFE_v2_TLC555,ch1,origplant,soil_moisture,1390,,,OK,,,983.4,,name=c5off1;level=well watered;role=disp;spread=9;gpio=4;device_seq=77889;time_source=device_synced;device_timestamp_utc=2026-07-28T08:29:01.989Z;config_id=170b1c1e;rssi=-58;uptime_s=584190;heap=152648;cal_tier=board-cal;cal_src=wet_rederive_1236_20260719;pressure_context_source=weather_openmeteo;transport=wifi_poll,
plants.soil,2026-07-28T08:29:22.703Z,2026-07-28 03:29:22.703,23773,2a89d4,8gtt1h,0.7.3,fleet_logger_0_1,584190035,UMLIFE_v2_TLC555,ch2,origplant,soil_moisture,1254,,,OK,,,983.4,,name=c5off1;level=overwatered;role=disp;spread=18;gpio=5;device_seq=77890;time_source=device_synced;device_timestamp_utc=2026-07-28T08:29:01.989Z;config_id=170b1c1e;rssi=-58;uptime_s=584190;heap=152648;cal_tier=board-cal;cal_src=wet_rederive_1236_20260719;pressure_context_source=weather_openmeteo;transport=wifi_poll,
plants.soil,2026-07-28T08:29:22.703Z,2026-07-28 03:29:22.703,23774,2a89d4,8gtt1h,0.7.3,fleet_logger_0_1,584190035,UMLIFE_v2_TLC555,ch3,origplant,soil_moisture,1610,,,OK,,,983.4,,name=c5off1;level=OK;role=disp;spread=10;gpio=6;device_seq=77891;time_source=device_synced;device_timestamp_utc=2026-07-28T08:29:01.989Z;config_id=170b1c1e;rssi=-58;uptime_s=584190;heap=152648;cal_tier=board-cal;cal_src=wet_rederive_1236_20260719;pressure_context_source=weather_openmeteo;transport=wifi_poll,
plants.env,2026-07-28T08:29:22.703Z,2026-07-28 03:29:22.703,23775,2a89d4,8gtt1h,0.7.3,fleet_logger_0_1,584190719,ESP32,esp32_die,on_chip,die_temp,,24.70,degC,OK,,,,,name=c5off1;source=esp32_die;cal=uncalibrated_board_proxy;api=temperatureRead;config_id=170b1c1e;transport=wifi_poll,
plants.soil,2026-07-28T08:29:53.237Z,2026-07-28 03:29:53.237,23776,2a89d4,8gtt1h,0.7.3,fleet_logger_0_1,584220035,UMLIFE_v2_TLC555,ch0,origplant,soil_moisture,1229,,,OK,,,983.4,,name=c5off1;level=overwatered;role=disp;spread=18;gpio=1;device_seq=77892;time_source=device_synced;device_timestamp_utc=2026-07-28T08:29:31.989Z;config_id=170b1c1e;rssi=-56;uptime_s=584220;heap=152392;cal_tier=board-cal;cal_src=wet_rederive_1236_20260719;pressure_context_source=weather_openmeteo;transport=wifi_poll,
plants.soil,2026-07-28T08:29:53.237Z,2026-07-28 03:29:53.237,23777,2a89d4,8gtt1h,0.7.3,fleet_logger_0_1,584220035,UMLIFE_v2_TLC555,ch1,origplant,soil_moisture,1389,,,OK,,,983.4,,name=c5off1;level=well watered;role=disp;spread=31;gpio=4;device_seq=77893;time_source=device_synced;device_timestamp_utc=2026-07-28T08:29:31.989Z;config_id=170b1c1e;rssi=-56;uptime_s=584220;heap=152392;cal_tier=board-cal;cal_src=wet_rederive_1236_20260719;pressure_context_source=weather_openmeteo;transport=wifi_poll,
plants.soil,2026-07-28T08:29:53.237Z,2026-07-28 03:29:53.237,23778,2a89d4,8gtt1h,0.7.3,fleet_logger_0_1,584220035,UMLIFE_v2_TLC555,ch2,origplant,soil_moisture,1254,,,OK,,,983.4,,name=c5off1;level=overwatered;role=disp;spread=13;gpio=5;device_seq=77894;time_source=device_synced;device_timestamp_utc=2026-07-28T08:29:31.989Z;config_id=170b1c1e;rssi=-56;uptime_s=584220;heap=152392;cal_tier=board-cal;cal_src=wet_rederive_1236_20260719;pressure_context_source=weather_openmeteo;transport=wifi_poll,
plants.soil,2026-07-28T08:29:53.237Z,2026-07-28 03:29:53.237,23779,2a89d4,8gtt1h,0.7.3,fleet_logger_0_1,584220035,UMLIFE_v2_TLC555,ch3,origplant,soil_moisture,1608,,,OK,,,983.4,,name=c5off1;level=OK;role=disp;spread=20;gpio=6;device_seq=77895;time_source=device_synced;device_timestamp_utc=2026-07-28T08:29:31.989Z;config_id=170b1c1e;rssi=-56;uptime_s=584220;heap=152392;cal_tier=board-cal;cal_src=wet_rederive_1236_20260719;pressure_context_source=weather_openmeteo;transport=wifi_poll,
plants.env,2026-07-28T08:29:53.237Z,2026-07-28 03:29:53.237,23780,2a89d4,8gtt1h,0.7.3,fleet_logger_0_1,584220719,ESP32,esp32_die,on_chip,die_temp,,24.70,degC,OK,,,,,name=c5off1;source=esp32_die;cal=uncalibrated_board_proxy;api=temperatureRead;config_id=170b1c1e;transport=wifi_poll,
plants.soil,2026-07-28T08:30:23.753Z,2026-07-28 03:30:23.753,23781,2a89d4,8gtt1h,0.7.3,fleet_logger_0_1,584250035,UMLIFE_v2_TLC555,ch0,origplant,soil_moisture,1229,,,OK,,,983.4,,name=c5off1;level=overwatered;role=disp;spread=16;gpio=1;device_seq=77896;time_source=device_synced;device_timestamp_utc=2026-07-28T08:30:01.989Z;config_id=170b1c1e;rssi=-57;uptime_s=584250;heap=152344;cal_tier=board-cal;cal_src=wet_rederive_1236_20260719;pressure_context_source=weather_openmeteo;transport=wifi_poll,
plants.soil,2026-07-28T08:30:23.753Z,2026-07-28 03:30:23.753,23782,2a89d4,8gtt1h,0.7.3,fleet_logger_0_1,584250035,UMLIFE_v2_TLC555,ch1,origplant,soil_moisture,1388,,,OK,,,983.4,,name=c5off1;level=well watered;role=disp;spread=31;gpio=4;device_seq=77897;time_source=device_synced;device_timestamp_utc=2026-07-28T08:30:01.989Z;config_id=170b1c1e;rssi=-57;uptime_s=584250;heap=152344;cal_tier=board-cal;cal_src=wet_rederive_1236_20260719;pressure_context_source=weather_openmeteo;transport=wifi_poll,
plants.soil,2026-07-28T08:30:23.753Z,2026-07-28 03:30:23.753,23783,2a89d4,8gtt1h,0.7.3,fleet_logger_0_1,584250035,UMLIFE_v2_TLC555,ch2,origplant,soil_moisture,1253,,,OK,,,983.4,,name=c5off1;level=overwatered;role=disp;spread=15;gpio=5;device_seq=77898;time_source=device_synced;device_timestamp_utc=2026-07-28T08:30:01.989Z;config_id=170b1c1e;rssi=-57;uptime_s=584250;heap=152344;cal_tier=board-cal;cal_src=wet_rederive_1236_20260719;pressure_context_source=weather_openmeteo;transport=wifi_poll,
plants.soil,2026-07-28T08:30:23.753Z,2026-07-28 03:30:23.753,23784,2a89d4,8gtt1h,0.7.3,fleet_logger_0_1,584250035,UMLIFE_v2_TLC555,ch3,origplant,soil_moisture,1609,,,OK,,,983.4,,name=c5off1;level=OK;role=disp;spread=29;gpio=6;device_seq=77899;time_source=device_synced;device_timestamp_utc=2026-07-28T08:30:01.989Z;config_id=170b1c1e;rssi=-57;uptime_s=584250;heap=152344;cal_tier=board-cal;cal_src=wet_rederive_1236_20260719;pressure_context_source=weather_openmeteo;transport=wifi_poll,
plants.env,2026-07-28T08:30:23.753Z,2026-07-28 03:30:23.753,23785,2a89d4,8gtt1h,0.7.3,fleet_logger_0_1,584250719,ESP32,esp32_die,on_chip,die_temp,,24.70,degC,OK,,,,,name=c5off1;source=esp32_die;cal=uncalibrated_board_proxy;api=temperatureRead;config_id=170b1c1e;transport=wifi_poll,
plants.soil,2026-07-28T08:30:56.017Z,2026-07-28 03:30:56.017,23786,2a89d4,8gtt1h,0.7.3,fleet_logger_0_1,584280035,UMLIFE_v2_TLC555,ch0,origplant,soil_moisture,1224,,,OK,,,983.4,,name=c5off1;level=overwatered;role=disp;spread=15;gpio=1;device_seq=77900;time_source=device_synced;device_timestamp_utc=2026-07-28T08:30:31.989Z;config_id=170b1c1e;rssi=-57;uptime_s=584280;heap=152636;cal_tier=board-cal;cal_src=wet_rederive_1236_20260719;pressure_context_source=weather_openmeteo;transport=wifi_poll,
plants.soil,2026-07-28T08:30:56.017Z,2026-07-28 03:30:56.017,23787,2a89d4,8gtt1h,0.7.3,fleet_logger_0_1,584280035,UMLIFE_v2_TLC555,ch1,origplant,soil_moisture,1387,,,OK,,,983.4,,name=c5off1;level=well watered;role=disp;spread=17;gpio=4;device_seq=77901;time_source=device_synced;device_timestamp_utc=2026-07-28T08:30:31.989Z;config_id=170b1c1e;rssi=-57;uptime_s=584280;heap=152636;cal_tier=board-cal;cal_src=wet_rederive_1236_20260719;pressure_context_source=weather_openmeteo;transport=wifi_poll,
plants.soil,2026-07-28T08:30:56.017Z,2026-07-28 03:30:56.017,23788,2a89d4,8gtt1h,0.7.3,fleet_logger_0_1,584280035,UMLIFE_v2_TLC555,ch2,origplant,soil_moisture,1253,,,OK,,,983.4,,name=c5off1;level=overwatered;role=disp;spread=13;gpio=5;device_seq=77902;time_source=device_synced;device_timestamp_utc=2026-07-28T08:30:31.989Z;config_id=170b1c1e;rssi=-57;uptime_s=584280;heap=152636;cal_tier=board-cal;cal_src=wet_rederive_1236_20260719;pressure_context_source=weather_openmeteo;transport=wifi_poll,
plants.soil,2026-07-28T08:30:56.017Z,2026-07-28 03:30:56.017,23789,2a89d4,8gtt1h,0.7.3,fleet_logger_0_1,584280035,UMLIFE_v2_TLC555,ch3,origplant,soil_moisture,1606,,,OK,,,983.4,,name=c5off1;level=OK;role=disp;spread=26;gpio=6;device_seq=77903;time_source=device_synced;device_timestamp_utc=2026-07-28T08:30:31.989Z;config_id=170b1c1e;rssi=-57;uptime_s=584280;heap=152636;cal_tier=board-cal;cal_src=wet_rederive_1236_20260719;pressure_context_source=weather_openmeteo;transport=wifi_poll,
plants.env,2026-07-28T08:30:56.017Z,2026-07-28 03:30:56.017,23790,2a89d4,8gtt1h,0.7.3,fleet_logger_0_1,584280719,ESP32,esp32_die,on_chip,die_temp,,23.70,degC,OK,,,,,name=c5off1;source=esp32_die;cal=uncalibrated_board_proxy;api=temperatureRead;config_id=170b1c1e;transport=wifi_poll,
plants.soil,2026-07-28T08:31:26.578Z,2026-07-28 03:31:26.578,23791,2a89d4,8gtt1h,0.7.3,fleet_logger_0_1,584310035,UMLIFE_v2_TLC555,ch0,origplant,soil_moisture,1229,,,OK,,,983.4,,name=c5off1;level=overwatered;role=disp;spread=10;gpio=1;device_seq=77904;time_source=device_synced;device_timestamp_utc=2026-07-28T08:31:01.989Z;config_id=170b1c1e;rssi=-57;uptime_s=584310;heap=152648;cal_tier=board-cal;cal_src=wet_rederive_1236_20260719;pressure_context_source=weather_openmeteo;transport=wifi_poll,
plants.soil,2026-07-28T08:31:26.578Z,2026-07-28 03:31:26.578,23792,2a89d4,8gtt1h,0.7.3,fleet_logger_0_1,584310035,UMLIFE_v2_TLC555,ch1,origplant,soil_moisture,1386,,,OK,,,983.4,,name=c5off1;level=well watered;role=disp;spread=13;gpio=4;device_seq=77905;time_source=device_synced;device_timestamp_utc=2026-07-28T08:31:01.989Z;config_id=170b1c1e;rssi=-57;uptime_s=584310;heap=152648;cal_tier=board-cal;cal_src=wet_rederive_1236_20260719;pressure_context_source=weather_openmeteo;transport=wifi_poll,
plants.soil,2026-07-28T08:31:26.578Z,2026-07-28 03:31:26.578,23793,2a89d4,8gtt1h,0.7.3,fleet_logger_0_1,584310035,UMLIFE_v2_TLC555,ch2,origplant,soil_moisture,1251,,,OK,,,983.4,,name=c5off1;level=overwatered;role=disp;spread=14;gpio=5;device_seq=77906;time_source=device_synced;device_timestamp_utc=2026-07-28T08:31:01.989Z;config_id=170b1c1e;rssi=-57;uptime_s=584310;heap=152648;cal_tier=board-cal;cal_src=wet_rederive_1236_20260719;pressure_context_source=weather_openmeteo;transport=wifi_poll,
plants.soil,2026-07-28T08:31:26.578Z,2026-07-28 03:31:26.578,23794,2a89d4,8gtt1h,0.7.3,fleet_logger_0_1,584310035,UMLIFE_v2_TLC555,ch3,origplant,soil_moisture,1606,,,OK,,,983.4,,name=c5off1;level=OK;role=disp;spread=26;gpio=6;device_seq=77907;time_source=device_synced;device_timestamp_utc=2026-07-28T08:31:01.989Z;config_id=170b1c1e;rssi=-57;uptime_s=584310;heap=152648;cal_tier=board-cal;cal_src=wet_rederive_1236_20260719;pressure_context_source=weather_openmeteo;transport=wifi_poll,
plants.env,2026-07-28T08:31:26.578Z,2026-07-28 03:31:26.578,23795,2a89d4,8gtt1h,0.7.3,fleet_logger_0_1,584310719,ESP32,esp32_die,on_chip,die_temp,,24.70,degC,OK,,,,,name=c5off1;source=esp32_die;cal=uncalibrated_board_proxy;api=temperatureRead;config_id=170b1c1e;transport=wifi_poll,
plants.soil,2026-07-28T08:32:00.443Z,2026-07-28 03:32:00.443,23796,2a89d4,8gtt1h,0.7.3,fleet_logger_0_1,584340035,UMLIFE_v2_TLC555,ch0,origplant,soil_moisture,1213,,,OK,,,983.4,,name=c5off1;level=overwatered;role=disp;spread=7;gpio=1;device_seq=77908;time_source=device_synced;device_timestamp_utc=2026-07-28T08:31:31.989Z;config_id=170b1c1e;rssi=-57;uptime_s=584340;heap=152648;cal_tier=board-cal;cal_src=wet_rederive_1236_20260719;pressure_context_source=weather_openmeteo;transport=wifi_poll,
plants.soil,2026-07-28T08:32:00.443Z,2026-07-28 03:32:00.443,23797,2a89d4,8gtt1h,0.7.3,fleet_logger_0_1,584340035,UMLIFE_v2_TLC555,ch1,origplant,soil_moisture,1376,,,OK,,,983.4,,name=c5off1;level=well watered;role=disp;spread=23;gpio=4;device_seq=77909;time_source=device_synced;device_timestamp_utc=2026-07-28T08:31:31.989Z;config_id=170b1c1e;rssi=-57;uptime_s=584340;heap=152648;cal_tier=board-cal;cal_src=wet_rederive_1236_20260719;pressure_context_source=weather_openmeteo;transport=wifi_poll,
plants.soil,2026-07-28T08:32:00.443Z,2026-07-28 03:32:00.443,23798,2a89d4,8gtt1h,0.7.3,fleet_logger_0_1,584340035,UMLIFE_v2_TLC555,ch2,origplant,soil_moisture,1251,,,OK,,,983.4,,name=c5off1;level=overwatered;role=disp;spread=10;gpio=5;device_seq=77910;time_source=device_synced;device_timestamp_utc=2026-07-28T08:31:31.989Z;config_id=170b1c1e;rssi=-57;uptime_s=584340;heap=152648;cal_tier=board-cal;cal_src=wet_rederive_1236_20260719;pressure_context_source=weather_openmeteo;transport=wifi_poll,
plants.soil,2026-07-28T08:32:00.443Z,2026-07-28 03:32:00.443,23799,2a89d4,8gtt1h,0.7.3,fleet_logger_0_1,584340035,UMLIFE_v2_TLC555,ch3,origplant,soil_moisture,1607,,,OK,,,983.4,,name=c5off1;level=OK;role=disp;spread=19;gpio=6;device_seq=77911;time_source=device_synced;device_timestamp_utc=2026-07-28T08:31:31.989Z;config_id=170b1c1e;rssi=-57;uptime_s=584340;heap=152648;cal_tier=board-cal;cal_src=wet_rederive_1236_20260719;pressure_context_source=weather_openmeteo;transport=wifi_poll,
plants.env,2026-07-28T08:32:00.443Z,2026-07-28 03:32:00.443,23800,2a89d4,8gtt1h,0.7.3,fleet_logger_0_1,584340719,ESP32,esp32_die,on_chip,die_temp,,23.70,degC,OK,,,,,name=c5off1;source=esp32_die;cal=uncalibrated_board_proxy;api=temperatureRead;config_id=170b1c1e;transport=wifi_poll,
plants.soil,2026-07-28T08:32:31.037Z,2026-07-28 03:32:31.037,23801,2a89d4,8gtt1h,0.7.3,fleet_logger_0_1,584370035,UMLIFE_v2_TLC555,ch0,origplant,soil_moisture,1214,,,OK,,,983.4,,name=c5off1;level=overwatered;role=disp;spread=17;gpio=1;device_seq=77912;time_source=device_synced;device_timestamp_utc=2026-07-28T08:32:01.989Z;config_id=170b1c1e;rssi=-60;uptime_s=584370;heap=152648;cal_tier=board-cal;cal_src=wet_rederive_1236_20260719;pressure_context_source=weather_openmeteo;transport=wifi_poll,
plants.soil,2026-07-28T08:32:31.037Z,2026-07-28 03:32:31.037,23802,2a89d4,8gtt1h,0.7.3,fleet_logger_0_1,584370035,UMLIFE_v2_TLC555,ch1,origplant,soil_moisture,1370,,,OK,,,983.4,,name=c5off1;level=well watered;role=disp;spread=20;gpio=4;device_seq=77913;time_source=device_synced;device_timestamp_utc=2026-07-28T08:32:01.989Z;config_id=170b1c1e;rssi=-60;uptime_s=584370;heap=152648;cal_tier=board-cal;cal_src=wet_rederive_1236_20260719;pressure_context_source=weather_openmeteo;transport=wifi_poll,
plants.soil,2026-07-28T08:32:31.037Z,2026-07-28 03:32:31.037,23803,2a89d4,8gtt1h,0.7.3,fleet_logger_0_1,584370035,UMLIFE_v2_TLC555,ch2,origplant,soil_moisture,1251,,,OK,,,983.4,,name=c5off1;level=overwatered;role=disp;spread=18;gpio=5;device_seq=77914;time_source=device_synced;device_timestamp_utc=2026-07-28T08:32:01.989Z;config_id=170b1c1e;rssi=-60;uptime_s=584370;heap=152648;cal_tier=board-cal;cal_src=wet_rederive_1236_20260719;pressure_context_source=weather_openmeteo;transport=wifi_poll,
plants.soil,2026-07-28T08:32:31.037Z,2026-07-28 03:32:31.037,23804,2a89d4,8gtt1h,0.7.3,fleet_logger_0_1,584370035,UMLIFE_v2_TLC555,ch3,origplant,soil_moisture,1606,,,OK,,,983.4,,name=c5off1;level=OK;role=disp;spread=30;gpio=6;device_seq=77915;time_source=device_synced;device_timestamp_utc=2026-07-28T08:32:01.989Z;config_id=170b1c1e;rssi=-60;uptime_s=584370;heap=152648;cal_tier=board-cal;cal_src=wet_rederive_1236_20260719;pressure_context_source=weather_openmeteo;transport=wifi_poll,
plants.env,2026-07-28T08:32:31.037Z,2026-07-28 03:32:31.037,23805,2a89d4,8gtt1h,0.7.3,fleet_logger_0_1,584370719,ESP32,esp32_die,on_chip,die_temp,,24.70,degC,OK,,,,,name=c5off1;source=esp32_die;cal=uncalibrated_board_proxy;api=temperatureRead;config_id=170b1c1e;transport=wifi_poll,
plants.soil,2026-07-28T08:33:01.369Z,2026-07-28 03:33:01.369,23806,2a89d4,8gtt1h,0.7.3,fleet_logger_0_1,584400035,UMLIFE_v2_TLC555,ch0,origplant,soil_moisture,1215,,,OK,,,983.4,,name=c5off1;level=overwatered;role=disp;spread=12;gpio=1;device_seq=77916;time_source=device_synced;device_timestamp_utc=2026-07-28T08:32:31.989Z;config_id=170b1c1e;rssi=-55;uptime_s=584400;heap=152392;cal_tier=board-cal;cal_src=wet_rederive_1236_20260719;pressure_context_source=weather_openmeteo;transport=wifi_poll,
plants.soil,2026-07-28T08:33:01.369Z,2026-07-28 03:33:01.369,23807,2a89d4,8gtt1h,0.7.3,fleet_logger_0_1,584400035,UMLIFE_v2_TLC555,ch1,origplant,soil_moisture,1371,,,OK,,,983.4,,name=c5off1;level=well watered;role=disp;spread=24;gpio=4;device_seq=77917;time_source=device_synced;device_timestamp_utc=2026-07-28T08:32:31.989Z;config_id=170b1c1e;rssi=-55;uptime_s=584400;heap=152392;cal_tier=board-cal;cal_src=wet_rederive_1236_20260719;pressure_context_source=weather_openmeteo;transport=wifi_poll,
plants.soil,2026-07-28T08:33:01.369Z,2026-07-28 03:33:01.369,23808,2a89d4,8gtt1h,0.7.3,fleet_logger_0_1,584400035,UMLIFE_v2_TLC555,ch2,origplant,soil_moisture,1253,,,OK,,,983.4,,name=c5off1;level=overwatered;role=disp;spread=16;gpio=5;device_seq=77918;time_source=device_synced;device_timestamp_utc=2026-07-28T08:32:31.989Z;config_id=170b1c1e;rssi=-55;uptime_s=584400;heap=152392;cal_tier=board-cal;cal_src=wet_rederive_1236_20260719;pressure_context_source=weather_openmeteo;transport=wifi_poll,
plants.soil,2026-07-28T08:33:01.369Z,2026-07-28 03:33:01.369,23809,2a89d4,8gtt1h,0.7.3,fleet_logger_0_1,584400035,UMLIFE_v2_TLC555,ch3,origplant,soil_moisture,1598,,,OK,,,983.4,,name=c5off1;level=OK;role=disp;spread=20;gpio=6;device_seq=77919;time_source=device_synced;device_timestamp_utc=2026-07-28T08:32:31.989Z;config_id=170b1c1e;rssi=-55;uptime_s=584400;heap=152392;cal_tier=board-cal;cal_src=wet_rederive_1236_20260719;pressure_context_source=weather_openmeteo;transport=wifi_poll,
plants.env,2026-07-28T08:33:01.369Z,2026-07-28 03:33:01.369,23810,2a89d4,8gtt1h,0.7.3,fleet_logger_0_1,584401820,ESP32,esp32_die,on_chip,die_temp,,23.70,degC,OK,,,,,name=c5off1;source=esp32_die;cal=uncalibrated_board_proxy;api=temperatureRead;config_id=170b1c1e;transport=wifi_poll,
plants.soil,2026-07-28T08:33:31.779Z,2026-07-28 03:33:31.779,23811,2a89d4,8gtt1h,0.7.3,fleet_logger_0_1,584430035,UMLIFE_v2_TLC555,ch0,origplant,soil_moisture,1215,,,OK,,,983.4,,name=c5off1;level=overwatered;role=disp;spread=10;gpio=1;device_seq=77920;time_source=device_synced;device_timestamp_utc=2026-07-28T08:33:01.989Z;config_id=170b1c1e;rssi=-57;uptime_s=584430;heap=152344;cal_tier=board-cal;cal_src=wet_rederive_1236_20260719;pressure_context_source=weather_openmeteo;transport=wifi_poll,
plants.soil,2026-07-28T08:33:31.779Z,2026-07-28 03:33:31.779,23812,2a89d4,8gtt1h,0.7.3,fleet_logger_0_1,584430035,UMLIFE_v2_TLC555,ch1,origplant,soil_moisture,1372,,,OK,,,983.4,,name=c5off1;level=well watered;role=disp;spread=18;gpio=4;device_seq=77921;time_source=device_synced;device_timestamp_utc=2026-07-28T08:33:01.989Z;config_id=170b1c1e;rssi=-57;uptime_s=584430;heap=152344;cal_tier=board-cal;cal_src=wet_rederive_1236_20260719;pressure_context_source=weather_openmeteo;transport=wifi_poll,
plants.soil,2026-07-28T08:33:31.779Z,2026-07-28 03:33:31.779,23813,2a89d4,8gtt1h,0.7.3,fleet_logger_0_1,584430035,UMLIFE_v2_TLC555,ch2,origplant,soil_moisture,1253,,,OK,,,983.4,,name=c5off1;level=overwatered;role=disp;spread=6;gpio=5;device_seq=77922;time_source=device_synced;device_timestamp_utc=2026-07-28T08:33:01.989Z;config_id=170b1c1e;rssi=-57;uptime_s=584430;heap=152344;cal_tier=board-cal;cal_src=wet_rederive_1236_20260719;pressure_context_source=weather_openmeteo;transport=wifi_poll,
plants.soil,2026-07-28T08:33:31.779Z,2026-07-28 03:33:31.779,23814,2a89d4,8gtt1h,0.7.3,fleet_logger_0_1,584430035,UMLIFE_v2_TLC555,ch3,origplant,soil_moisture,1609,,,OK,,,983.4,,name=c5off1;level=OK;role=disp;spread=26;gpio=6;device_seq=77923;time_source=device_synced;device_timestamp_utc=2026-07-28T08:33:01.989Z;config_id=170b1c1e;rssi=-57;uptime_s=584430;heap=152344;cal_tier=board-cal;cal_src=wet_rederive_1236_20260719;pressure_context_source=weather_openmeteo;transport=wifi_poll,
plants.env,2026-07-28T08:33:31.779Z,2026-07-28 03:33:31.779,23815,2a89d4,8gtt1h,0.7.3,fleet_logger_0_1,584430719,ESP32,esp32_die,on_chip,die_temp,,23.70,degC,OK,,,,,name=c5off1;source=esp32_die;cal=uncalibrated_board_proxy;api=temperatureRead;config_id=170b1c1e;transport=wifi_poll,
plants.soil,2026-07-28T08:34:02.735Z,2026-07-28 03:34:02.735,23816,2a89d4,8gtt1h,0.7.3,fleet_logger_0_1,584490035,UMLIFE_v2_TLC555,ch0,origplant,soil_moisture,1221,,,OK,,,983.4,,name=c5off1;level=overwatered;role=disp;spread=16;gpio=1;device_seq=77928;time_source=device_synced;device_timestamp_utc=2026-07-28T08:34:01.989Z;config_id=170b1c1e;rssi=-55;uptime_s=584490;heap=152856;cal_tier=board-cal;cal_src=wet_rederive_1236_20260719;pressure_context_source=weather_openmeteo;transport=wifi_poll,
plants.soil,2026-07-28T08:34:02.735Z,2026-07-28 03:34:02.735,23817,2a89d4,8gtt1h,0.7.3,fleet_logger_0_1,584490035,UMLIFE_v2_TLC555,ch1,origplant,soil_moisture,1377,,,OK,,,983.4,,name=c5off1;level=well watered;role=disp;spread=21;gpio=4;device_seq=77929;time_source=device_synced;device_timestamp_utc=2026-07-28T08:34:01.989Z;config_id=170b1c1e;rssi=-55;uptime_s=584490;heap=152856;cal_tier=board-cal;cal_src=wet_rederive_1236_20260719;pressure_context_source=weather_openmeteo;transport=wifi_poll,
plants.soil,2026-07-28T08:34:02.735Z,2026-07-28 03:34:02.735,23818,2a89d4,8gtt1h,0.7.3,fleet_logger_0_1,584490035,UMLIFE_v2_TLC555,ch2,origplant,soil_moisture,1251,,,OK,,,983.4,,name=c5off1;level=overwatered;role=disp;spread=11;gpio=5;device_seq=77930;time_source=device_synced;device_timestamp_utc=2026-07-28T08:34:01.989Z;config_id=170b1c1e;rssi=-55;uptime_s=584490;heap=152856;cal_tier=board-cal;cal_src=wet_rederive_1236_20260719;pressure_context_source=weather_openmeteo;transport=wifi_poll,
plants.soil,2026-07-28T08:34:02.735Z,2026-07-28 03:34:02.735,23819,2a89d4,8gtt1h,0.7.3,fleet_logger_0_1,584490035,UMLIFE_v2_TLC555,ch3,origplant,soil_moisture,1592,,,OK,,,983.4,,name=c5off1;level=OK;role=disp;spread=23;gpio=6;device_seq=77931;time_source=device_synced;device_timestamp_utc=2026-07-28T08:34:01.989Z;config_id=170b1c1e;rssi=-55;uptime_s=584490;heap=152856;cal_tier=board-cal;cal_src=wet_rederive_1236_20260719;pressure_context_source=weather_openmeteo;transport=wifi_poll,
plants.env,2026-07-28T08:34:02.735Z,2026-07-28 03:34:02.735,23820,2a89d4,8gtt1h,0.7.3,fleet_logger_0_1,584490719,ESP32,esp32_die,on_chip,die_temp,,23.70,degC,OK,,,,,name=c5off1;source=esp32_die;cal=uncalibrated_board_proxy;api=temperatureRead;config_id=170b1c1e;transport=wifi_poll,
plants.soil,2026-07-28T08:34:33.121Z,2026-07-28 03:34:33.121,23821,2a89d4,8gtt1h,0.7.3,fleet_logger_0_1,584520035,UMLIFE_v2_TLC555,ch0,origplant,soil_moisture,1230,,,OK,,,983.4,,name=c5off1;level=overwatered;role=disp;spread=19;gpio=1;device_seq=77932;time_source=device_synced;device_timestamp_utc=2026-07-28T08:34:31.989Z;config_id=170b1c1e;rssi=-57;uptime_s=584520;heap=152904;cal_tier=board-cal;cal_src=wet_rederive_1236_20260719;pressure_context_source=weather_openmeteo;transport=wifi_poll,
plants.soil,2026-07-28T08:34:33.121Z,2026-07-28 03:34:33.121,23822,2a89d4,8gtt1h,0.7.3,fleet_logger_0_1,584520035,UMLIFE_v2_TLC555,ch1,origplant,soil_moisture,1379,,,OK,,,983.4,,name=c5off1;level=well watered;role=disp;spread=14;gpio=4;device_seq=77933;time_source=device_synced;device_timestamp_utc=2026-07-28T08:34:31.989Z;config_id=170b1c1e;rssi=-57;uptime_s=584520;heap=152904;cal_tier=board-cal;cal_src=wet_rederive_1236_20260719;pressure_context_source=weather_openmeteo;transport=wifi_poll,
plants.soil,2026-07-28T08:34:33.121Z,2026-07-28 03:34:33.121,23823,2a89d4,8gtt1h,0.7.3,fleet_logger_0_1,584520035,UMLIFE_v2_TLC555,ch2,origplant,soil_moisture,1254,,,OK,,,983.4,,name=c5off1;level=overwatered;role=disp;spread=16;gpio=5;device_seq=77934;time_source=device_synced;device_timestamp_utc=2026-07-28T08:34:31.989Z;config_id=170b1c1e;rssi=-57;uptime_s=584520;heap=152904;cal_tier=board-cal;cal_src=wet_rederive_1236_20260719;pressure_context_source=weather_openmeteo;transport=wifi_poll,
plants.soil,2026-07-28T08:34:33.121Z,2026-07-28 03:34:33.121,23824,2a89d4,8gtt1h,0.7.3,fleet_logger_0_1,584520035,UMLIFE_v2_TLC555,ch3,origplant,soil_moisture,1592,,,OK,,,983.4,,name=c5off1;level=OK;role=disp;spread=16;gpio=6;device_seq=77935;time_source=device_synced;device_timestamp_utc=2026-07-28T08:34:31.989Z;config_id=170b1c1e;rssi=-57;uptime_s=584520;heap=152904;cal_tier=board-cal;cal_src=wet_rederive_1236_20260719;pressure_context_source=weather_openmeteo;transport=wifi_poll,
plants.env,2026-07-28T08:34:33.121Z,2026-07-28 03:34:33.121,23825,2a89d4,8gtt1h,0.7.3,fleet_logger_0_1,584520719,ESP32,esp32_die,on_chip,die_temp,,23.70,degC,OK,,,,,name=c5off1;source=esp32_die;cal=uncalibrated_board_proxy;api=temperatureRead;config_id=170b1c1e;transport=wifi_poll,
plants.soil,2026-07-28T08:35:03.736Z,2026-07-28 03:35:03.736,23826,2a89d4,8gtt1h,0.7.3,fleet_logger_0_1,584550035,UMLIFE_v2_TLC555,ch0,origplant,soil_moisture,1231,,,OK,,,983.4,,name=c5off1;level=overwatered;role=disp;spread=12;gpio=1;device_seq=77936;time_source=device_synced;device_timestamp_utc=2026-07-28T08:35:01.989Z;config_id=170b1c1e;rssi=-57;uptime_s=584550;heap=152904;cal_tier=board-cal;cal_src=wet_rederive_1236_20260719;pressure_context_source=weather_openmeteo;transport=wifi_poll,
plants.soil,2026-07-28T08:35:03.736Z,2026-07-28 03:35:03.736,23827,2a89d4,8gtt1h,0.7.3,fleet_logger_0_1,584550035,UMLIFE_v2_TLC555,ch1,origplant,soil_moisture,1389,,,OK,,,983.4,,name=c5off1;level=well watered;role=disp;spread=32;gpio=4;device_seq=77937;time_source=device_synced;device_timestamp_utc=2026-07-28T08:35:01.989Z;config_id=170b1c1e;rssi=-57;uptime_s=584550;heap=152904;cal_tier=board-cal;cal_src=wet_rederive_1236_20260719;pressure_context_source=weather_openmeteo;transport=wifi_poll,
plants.soil,2026-07-28T08:35:03.736Z,2026-07-28 03:35:03.736,23828,2a89d4,8gtt1h,0.7.3,fleet_logger_0_1,584550035,UMLIFE_v2_TLC555,ch2,origplant,soil_moisture,1253,,,OK,,,983.4,,name=c5off1;level=overwatered;role=disp;spread=11;gpio=5;device_seq=77938;time_source=device_synced;device_timestamp_utc=2026-07-28T08:35:01.989Z;config_id=170b1c1e;rssi=-57;uptime_s=584550;heap=152904;cal_tier=board-cal;cal_src=wet_rederive_1236_20260719;pressure_context_source=weather_openmeteo;transport=wifi_poll,
plants.soil,2026-07-28T08:35:03.736Z,2026-07-28 03:35:03.736,23829,2a89d4,8gtt1h,0.7.3,fleet_logger_0_1,584550035,UMLIFE_v2_TLC555,ch3,origplant,soil_moisture,1593,,,OK,,,983.4,,name=c5off1;level=OK;role=disp;spread=20;gpio=6;device_seq=77939;time_source=device_synced;device_timestamp_utc=2026-07-28T08:35:01.989Z;config_id=170b1c1e;rssi=-57;uptime_s=584550;heap=152904;cal_tier=board-cal;cal_src=wet_rederive_1236_20260719;pressure_context_source=weather_openmeteo;transport=wifi_poll,
plants.env,2026-07-28T08:35:03.736Z,2026-07-28 03:35:03.736,23830,2a89d4,8gtt1h,0.7.3,fleet_logger_0_1,584550719,ESP32,esp32_die,on_chip,die_temp,,23.70,degC,OK,,,,,name=c5off1;source=esp32_die;cal=uncalibrated_board_proxy;api=temperatureRead;config_id=170b1c1e;transport=wifi_poll,
plants.soil,2026-07-28T08:35:34.228Z,2026-07-28 03:35:34.228,23831,2a89d4,8gtt1h,0.7.3,fleet_logger_0_1,584580035,UMLIFE_v2_TLC555,ch0,origplant,soil_moisture,1230,,,OK,,,983.4,,name=c5off1;level=overwatered;role=disp;spread=12;gpio=1;device_seq=77940;time_source=device_synced;device_timestamp_utc=2026-07-28T08:35:31.989Z;config_id=170b1c1e;rssi=-58;uptime_s=584580;heap=152344;cal_tier=board-cal;cal_src=wet_rederive_1236_20260719;pressure_context_source=weather_openmeteo;transport=wifi_poll,
plants.soil,2026-07-28T08:35:34.228Z,2026-07-28 03:35:34.228,23832,2a89d4,8gtt1h,0.7.3,fleet_logger_0_1,584580035,UMLIFE_v2_TLC555,ch1,origplant,soil_moisture,1390,,,OK,,,983.4,,name=c5off1;level=well watered;role=disp;spread=24;gpio=4;device_seq=77941;time_source=device_synced;device_timestamp_utc=2026-07-28T08:35:31.989Z;config_id=170b1c1e;rssi=-58;uptime_s=584580;heap=152344;cal_tier=board-cal;cal_src=wet_rederive_1236_20260719;pressure_context_source=weather_openmeteo;transport=wifi_poll,
plants.soil,2026-07-28T08:35:34.228Z,2026-07-28 03:35:34.228,23833,2a89d4,8gtt1h,0.7.3,fleet_logger_0_1,584580035,UMLIFE_v2_TLC555,ch2,origplant,soil_moisture,1251,,,OK,,,983.4,,name=c5off1;level=overwatered;role=disp;spread=9;gpio=5;device_seq=77942;time_source=device_synced;device_timestamp_utc=2026-07-28T08:35:31.989Z;config_id=170b1c1e;rssi=-58;uptime_s=584580;heap=152344;cal_tier=board-cal;cal_src=wet_rederive_1236_20260719;pressure_context_source=weather_openmeteo;transport=wifi_poll,
plants.soil,2026-07-28T08:35:34.228Z,2026-07-28 03:35:34.228,23834,2a89d4,8gtt1h,0.7.3,fleet_logger_0_1,584580035,UMLIFE_v2_TLC555,ch3,origplant,soil_moisture,1593,,,OK,,,983.4,,name=c5off1;level=OK;role=disp;spread=46;gpio=6;device_seq=77943;time_source=device_synced;device_timestamp_utc=2026-07-28T08:35:31.989Z;config_id=170b1c1e;rssi=-58;uptime_s=584580;heap=152344;cal_tier=board-cal;cal_src=wet_rederive_1236_20260719;pressure_context_source=weather_openmeteo;transport=wifi_poll,
plants.env,2026-07-28T08:35:34.228Z,2026-07-28 03:35:34.228,23835,2a89d4,8gtt1h,0.7.3,fleet_logger_0_1,584580719,ESP32,esp32_die,on_chip,die_temp,,24.70,degC,OK,,,,,name=c5off1;source=esp32_die;cal=uncalibrated_board_proxy;api=temperatureRead;config_id=170b1c1e;transport=wifi_poll,
plants.soil,2026-07-28T08:36:05.809Z,2026-07-28 03:36:05.809,23836,2a89d4,8gtt1h,0.7.3,fleet_logger_0_1,584610035,UMLIFE_v2_TLC555,ch0,origplant,soil_moisture,1233,,,OK,,,983.4,,name=c5off1;level=overwatered;role=disp;spread=13;gpio=1;device_seq=77944;time_source=device_synced;device_timestamp_utc=2026-07-28T08:36:01.989Z;config_id=170b1c1e;rssi=-57;uptime_s=584610;heap=152344;cal_tier=board-cal;cal_src=wet_rederive_1236_20260719;pressure_context_source=weather_openmeteo;transport=wifi_poll,
plants.soil,2026-07-28T08:36:05.809Z,2026-07-28 03:36:05.809,23837,2a89d4,8gtt1h,0.7.3,fleet_logger_0_1,584610035,UMLIFE_v2_TLC555,ch1,origplant,soil_moisture,1392,,,OK,,,983.4,,name=c5off1;level=well watered;role=disp;spread=30;gpio=4;device_seq=77945;time_source=device_synced;device_timestamp_utc=2026-07-28T08:36:01.989Z;config_id=170b1c1e;rssi=-57;uptime_s=584610;heap=152344;cal_tier=board-cal;cal_src=wet_rederive_1236_20260719;pressure_context_source=weather_openmeteo;transport=wifi_poll,
plants.soil,2026-07-28T08:36:05.809Z,2026-07-28 03:36:05.809,23838,2a89d4,8gtt1h,0.7.3,fleet_logger_0_1,584610035,UMLIFE_v2_TLC555,ch2,origplant,soil_moisture,1253,,,OK,,,983.4,,name=c5off1;level=overwatered;role=disp;spread=24;gpio=5;device_seq=77946;time_source=device_synced;device_timestamp_utc=2026-07-28T08:36:01.989Z;config_id=170b1c1e;rssi=-57;uptime_s=584610;heap=152344;cal_tier=board-cal;cal_src=wet_rederive_1236_20260719;pressure_context_source=weather_openmeteo;transport=wifi_poll,
plants.soil,2026-07-28T08:36:05.809Z,2026-07-28 03:36:05.809,23839,2a89d4,8gtt1h,0.7.3,fleet_logger_0_1,584610035,UMLIFE_v2_TLC555,ch3,origplant,soil_moisture,1606,,,OK,,,983.4,,name=c5off1;level=OK;role=disp;spread=21;gpio=6;device_seq=77947;time_source=device_synced;device_timestamp_utc=2026-07-28T08:36:01.989Z;config_id=170b1c1e;rssi=-57;uptime_s=584610;heap=152344;cal_tier=board-cal;cal_src=wet_rederive_1236_20260719;pressure_context_source=weather_openmeteo;transport=wifi_poll,
plants.env,2026-07-28T08:36:05.809Z,2026-07-28 03:36:05.809,23840,2a89d4,8gtt1h,0.7.3,fleet_logger_0_1,584610719,ESP32,esp32_die,on_chip,die_temp,,23.70,degC,OK,,,,,name=c5off1;source=esp32_die;cal=uncalibrated_board_proxy;api=temperatureRead;config_id=170b1c1e;transport=wifi_poll,
plants.soil,2026-07-28T08:36:36.181Z,2026-07-28 03:36:36.181,23841,2a89d4,8gtt1h,0.7.3,fleet_logger_0_1,584640035,UMLIFE_v2_TLC555,ch0,origplant,soil_moisture,1233,,,OK,,,983.4,,name=c5off1;level=overwatered;role=disp;spread=15;gpio=1;device_seq=77948;time_source=device_synced;device_timestamp_utc=2026-07-28T08:36:31.989Z;config_id=170b1c1e;rssi=-58;uptime_s=584640;heap=152600;cal_tier=board-cal;cal_src=wet_rederive_1236_20260719;pressure_context_source=weather_openmeteo;transport=wifi_poll,
plants.soil,2026-07-28T08:36:36.181Z,2026-07-28 03:36:36.181,23842,2a89d4,8gtt1h,0.7.3,fleet_logger_0_1,584640035,UMLIFE_v2_TLC555,ch1,origplant,soil_moisture,1391,,,OK,,,983.4,,name=c5off1;level=well watered;role=disp;spread=16;gpio=4;device_seq=77949;time_source=device_synced;device_timestamp_utc=2026-07-28T08:36:31.989Z;config_id=170b1c1e;rssi=-58;uptime_s=584640;heap=152600;cal_tier=board-cal;cal_src=wet_rederive_1236_20260719;pressure_context_source=weather_openmeteo;transport=wifi_poll,
plants.soil,2026-07-28T08:36:36.181Z,2026-07-28 03:36:36.181,23843,2a89d4,8gtt1h,0.7.3,fleet_logger_0_1,584640035,UMLIFE_v2_TLC555,ch2,origplant,soil_moisture,1253,,,OK,,,983.4,,name=c5off1;level=overwatered;role=disp;spread=16;gpio=5;device_seq=77950;time_source=device_synced;device_timestamp_utc=2026-07-28T08:36:31.989Z;config_id=170b1c1e;rssi=-58;uptime_s=584640;heap=152600;cal_tier=board-cal;cal_src=wet_rederive_1236_20260719;pressure_context_source=weather_openmeteo;transport=wifi_poll,
plants.soil,2026-07-28T08:36:36.181Z,2026-07-28 03:36:36.181,23844,2a89d4,8gtt1h,0.7.3,fleet_logger_0_1,584640035,UMLIFE_v2_TLC555,ch3,origplant,soil_moisture,1610,,,OK,,,983.4,,name=c5off1;level=OK;role=disp;spread=10;gpio=6;device_seq=77951;time_source=device_synced;device_timestamp_utc=2026-07-28T08:36:31.989Z;config_id=170b1c1e;rssi=-58;uptime_s=584640;heap=152600;cal_tier=board-cal;cal_src=wet_rederive_1236_20260719;pressure_context_source=weather_openmeteo;transport=wifi_poll,
plants.env,2026-07-28T08:36:36.181Z,2026-07-28 03:36:36.181,23845,2a89d4,8gtt1h,0.7.3,fleet_logger_0_1,584640719,ESP32,esp32_die,on_chip,die_temp,,23.70,degC,OK,,,,,name=c5off1;source=esp32_die;cal=uncalibrated_board_proxy;api=temperatureRead;config_id=170b1c1e;transport=wifi_poll,
plants.soil,2026-07-28T08:37:06.909Z,2026-07-28 03:37:06.909,23846,2a89d4,8gtt1h,0.7.3,fleet_logger_0_1,584670035,UMLIFE_v2_TLC555,ch0,origplant,soil_moisture,1231,,,OK,,,983.4,,name=c5off1;level=overwatered;role=disp;spread=6;gpio=1;device_seq=77952;time_source=device_synced;device_timestamp_utc=2026-07-28T08:37:01.989Z;config_id=170b1c1e;rssi=-57;uptime_s=584670;heap=152604;cal_tier=board-cal;cal_src=wet_rederive_1236_20260719;pressure_context_source=weather_openmeteo;transport=wifi_poll,
plants.soil,2026-07-28T08:37:06.909Z,2026-07-28 03:37:06.909,23847,2a89d4,8gtt1h,0.7.3,fleet_logger_0_1,584670035,UMLIFE_v2_TLC555,ch1,origplant,soil_moisture,1392,,,OK,,,983.4,,name=c5off1;level=well watered;role=disp;spread=27;gpio=4;device_seq=77953;time_source=device_synced;device_timestamp_utc=2026-07-28T08:37:01.989Z;config_id=170b1c1e;rssi=-57;uptime_s=584670;heap=152604;cal_tier=board-cal;cal_src=wet_rederive_1236_20260719;pressure_context_source=weather_openmeteo;transport=wifi_poll,
plants.soil,2026-07-28T08:37:06.909Z,2026-07-28 03:37:06.909,23848,2a89d4,8gtt1h,0.7.3,fleet_logger_0_1,584670035,UMLIFE_v2_TLC555,ch2,origplant,soil_moisture,1253,,,OK,,,983.4,,name=c5off1;level=overwatered;role=disp;spread=12;gpio=5;device_seq=77954;time_source=device_synced;device_timestamp_utc=2026-07-28T08:37:01.989Z;config_id=170b1c1e;rssi=-57;uptime_s=584670;heap=152604;cal_tier=board-cal;cal_src=wet_rederive_1236_20260719;pressure_context_source=weather_openmeteo;transport=wifi_poll,
plants.soil,2026-07-28T08:37:06.909Z,2026-07-28 03:37:06.909,23849,2a89d4,8gtt1h,0.7.3,fleet_logger_0_1,584670035,UMLIFE_v2_TLC555,ch3,origplant,soil_moisture,1609,,,OK,,,983.4,,name=c5off1;level=OK;role=disp;spread=25;gpio=6;device_seq=77955;time_source=device_synced;device_timestamp_utc=2026-07-28T08:37:01.989Z;config_id=170b1c1e;rssi=-57;uptime_s=584670;heap=152604;cal_tier=board-cal;cal_src=wet_rederive_1236_20260719;pressure_context_source=weather_openmeteo;transport=wifi_poll,
plants.env,2026-07-28T08:37:06.909Z,2026-07-28 03:37:06.909,23850,2a89d4,8gtt1h,0.7.3,fleet_logger_0_1,584670719,ESP32,esp32_die,on_chip,die_temp,,23.70,degC,OK,,,,,name=c5off1;source=esp32_die;cal=uncalibrated_board_proxy;api=temperatureRead;config_id=170b1c1e;transport=wifi_poll,
plants.soil,2026-07-28T08:37:37.418Z,2026-07-28 03:37:37.418,23851,2a89d4,8gtt1h,0.7.3,fleet_logger_0_1,584700035,UMLIFE_v2_TLC555,ch0,origplant,soil_moisture,1233,,,OK,,,983.4,,name=c5off1;level=overwatered;role=disp;spread=15;gpio=1;device_seq=77956;time_source=device_synced;device_timestamp_utc=2026-07-28T08:37:31.989Z;config_id=170b1c1e;rssi=-57;uptime_s=584700;heap=152640;cal_tier=board-cal;cal_src=wet_rederive_1236_20260719;pressure_context_source=weather_openmeteo;transport=wifi_poll,
plants.soil,2026-07-28T08:37:37.418Z,2026-07-28 03:37:37.418,23852,2a89d4,8gtt1h,0.7.3,fleet_logger_0_1,584700035,UMLIFE_v2_TLC555,ch1,origplant,soil_moisture,1392,,,OK,,,983.4,,name=c5off1;level=well watered;role=disp;spread=7;gpio=4;device_seq=77957;time_source=device_synced;device_timestamp_utc=2026-07-28T08:37:31.989Z;config_id=170b1c1e;rssi=-57;uptime_s=584700;heap=152640;cal_tier=board-cal;cal_src=wet_rederive_1236_20260719;pressure_context_source=weather_openmeteo;transport=wifi_poll,
plants.soil,2026-07-28T08:37:37.418Z,2026-07-28 03:37:37.418,23853,2a89d4,8gtt1h,0.7.3,fleet_logger_0_1,584700035,UMLIFE_v2_TLC555,ch2,origplant,soil_moisture,1255,,,OK,,,983.4,,name=c5off1;level=overwatered;role=disp;spread=12;gpio=5;device_seq=77958;time_source=device_synced;device_timestamp_utc=2026-07-28T08:37:31.989Z;config_id=170b1c1e;rssi=-57;uptime_s=584700;heap=152640;cal_tier=board-cal;cal_src=wet_rederive_1236_20260719;pressure_context_source=weather_openmeteo;transport=wifi_poll,
plants.soil,2026-07-28T08:37:37.418Z,2026-07-28 03:37:37.418,23854,2a89d4,8gtt1h,0.7.3,fleet_logger_0_1,584700035,UMLIFE_v2_TLC555,ch3,origplant,soil_moisture,1610,,,OK,,,983.4,,name=c5off1;level=OK;role=disp;spread=19;gpio=6;device_seq=77959;time_source=device_synced;device_timestamp_utc=2026-07-28T08:37:31.989Z;config_id=170b1c1e;rssi=-57;uptime_s=584700;heap=152640;cal_tier=board-cal;cal_src=wet_rederive_1236_20260719;pressure_context_source=weather_openmeteo;transport=wifi_poll,
plants.env,2026-07-28T08:37:37.418Z,2026-07-28 03:37:37.418,23855,2a89d4,8gtt1h,0.7.3,fleet_logger_0_1,584700719,ESP32,esp32_die,on_chip,die_temp,,23.70,degC,OK,,,,,name=c5off1;source=esp32_die;cal=uncalibrated_board_proxy;api=temperatureRead;config_id=170b1c1e;transport=wifi_poll,
plants.soil,2026-07-28T08:38:08.061Z,2026-07-28 03:38:08.061,23856,2a89d4,8gtt1h,0.7.3,fleet_logger_0_1,584730035,UMLIFE_v2_TLC555,ch0,origplant,soil_moisture,1232,,,OK,,,983.4,,name=c5off1;level=overwatered;role=disp;spread=17;gpio=1;device_seq=77960;time_source=device_synced;device_timestamp_utc=2026-07-28T08:38:01.989Z;config_id=170b1c1e;rssi=-58;uptime_s=584730;heap=152640;cal_tier=board-cal;cal_src=wet_rederive_1236_20260719;pressure_context_source=weather_openmeteo;transport=wifi_poll,
plants.soil,2026-07-28T08:38:08.061Z,2026-07-28 03:38:08.061,23857,2a89d4,8gtt1h,0.7.3,fleet_logger_0_1,584730035,UMLIFE_v2_TLC555,ch1,origplant,soil_moisture,1392,,,OK,,,983.4,,name=c5off1;level=well watered;role=disp;spread=15;gpio=4;device_seq=77961;time_source=device_synced;device_timestamp_utc=2026-07-28T08:38:01.989Z;config_id=170b1c1e;rssi=-58;uptime_s=584730;heap=152640;cal_tier=board-cal;cal_src=wet_rederive_1236_20260719;pressure_context_source=weather_openmeteo;transport=wifi_poll,
plants.soil,2026-07-28T08:38:08.061Z,2026-07-28 03:38:08.061,23858,2a89d4,8gtt1h,0.7.3,fleet_logger_0_1,584730035,UMLIFE_v2_TLC555,ch2,origplant,soil_moisture,1254,,,OK,,,983.4,,name=c5off1;level=overwatered;role=disp;spread=12;gpio=5;device_seq=77962;time_source=device_synced;device_timestamp_utc=2026-07-28T08:38:01.989Z;config_id=170b1c1e;rssi=-58;uptime_s=584730;heap=152640;cal_tier=board-cal;cal_src=wet_rederive_1236_20260719;pressure_context_source=weather_openmeteo;transport=wifi_poll,
plants.soil,2026-07-28T08:38:08.061Z,2026-07-28 03:38:08.061,23859,2a89d4,8gtt1h,0.7.3,fleet_logger_0_1,584730035,UMLIFE_v2_TLC555,ch3,origplant,soil_moisture,1611,,,OK,,,983.4,,name=c5off1;level=OK;role=disp;spread=31;gpio=6;device_seq=77963;time_source=device_synced;device_timestamp_utc=2026-07-28T08:38:01.989Z;config_id=170b1c1e;rssi=-58;uptime_s=584730;heap=152640;cal_tier=board-cal;cal_src=wet_rederive_1236_20260719;pressure_context_source=weather_openmeteo;transport=wifi_poll,
plants.env,2026-07-28T08:38:08.061Z,2026-07-28 03:38:08.061,23860,2a89d4,8gtt1h,0.7.3,fleet_logger_0_1,584730719,ESP32,esp32_die,on_chip,die_temp,,23.70,degC,OK,,,,,name=c5off1;source=esp32_die;cal=uncalibrated_board_proxy;api=temperatureRead;config_id=170b1c1e;transport=wifi_poll,
plants.soil,2026-07-28T08:38:38.524Z,2026-07-28 03:38:38.524,23861,2a89d4,8gtt1h,0.7.3,fleet_logger_0_1,584760035,UMLIFE_v2_TLC555,ch0,origplant,soil_moisture,1231,,,OK,,,983.4,,name=c5off1;level=overwatered;role=disp;spread=19;gpio=1;device_seq=77964;time_source=device_synced;device_timestamp_utc=2026-07-28T08:38:31.989Z;config_id=170b1c1e;rssi=-58;uptime_s=584760;heap=152384;cal_tier=board-cal;cal_src=wet_rederive_1236_20260719;pressure_context_source=weather_openmeteo;transport=wifi_poll,
plants.soil,2026-07-28T08:38:38.524Z,2026-07-28 03:38:38.524,23862,2a89d4,8gtt1h,0.7.3,fleet_logger_0_1,584760035,UMLIFE_v2_TLC555,ch1,origplant,soil_moisture,1391,,,OK,,,983.4,,name=c5off1;level=well watered;role=disp;spread=15;gpio=4;device_seq=77965;time_source=device_synced;device_timestamp_utc=2026-07-28T08:38:31.989Z;config_id=170b1c1e;rssi=-58;uptime_s=584760;heap=152384;cal_tier=board-cal;cal_src=wet_rederive_1236_20260719;pressure_context_source=weather_openmeteo;transport=wifi_poll,
plants.soil,2026-07-28T08:38:38.524Z,2026-07-28 03:38:38.524,23863,2a89d4,8gtt1h,0.7.3,fleet_logger_0_1,584760035,UMLIFE_v2_TLC555,ch2,origplant,soil_moisture,1253,,,OK,,,983.4,,name=c5off1;level=overwatered;role=disp;spread=15;gpio=5;device_seq=77966;time_source=device_synced;device_timestamp_utc=2026-07-28T08:38:31.989Z;config_id=170b1c1e;rssi=-58;uptime_s=584760;heap=152384;cal_tier=board-cal;cal_src=wet_rederive_1236_20260719;pressure_context_source=weather_openmeteo;transport=wifi_poll,
plants.soil,2026-07-28T08:38:38.524Z,2026-07-28 03:38:38.524,23864,2a89d4,8gtt1h,0.7.3,fleet_logger_0_1,584760035,UMLIFE_v2_TLC555,ch3,origplant,soil_moisture,1609,,,OK,,,983.4,,name=c5off1;level=OK;role=disp;spread=29;gpio=6;device_seq=77967;time_source=device_synced;device_timestamp_utc=2026-07-28T08:38:31.989Z;config_id=170b1c1e;rssi=-58;uptime_s=584760;heap=152384;cal_tier=board-cal;cal_src=wet_rederive_1236_20260719;pressure_context_source=weather_openmeteo;transport=wifi_poll,
plants.env,2026-07-28T08:38:38.524Z,2026-07-28 03:38:38.524,23865,2a89d4,8gtt1h,0.7.3,fleet_logger_0_1,584760719,ESP32,esp32_die,on_chip,die_temp,,23.70,degC,OK,,,,,name=c5off1;source=esp32_die;cal=uncalibrated_board_proxy;api=temperatureRead;config_id=170b1c1e;transport=wifi_poll,
plants.soil,2026-07-28T08:39:09.119Z,2026-07-28 03:39:09.119,23866,2a89d4,8gtt1h,0.7.3,fleet_logger_0_1,584790035,UMLIFE_v2_TLC555,ch0,origplant,soil_moisture,1231,,,OK,,,983.4,,name=c5off1;level=overwatered;role=disp;spread=15;gpio=1;device_seq=77968;time_source=device_synced;device_timestamp_utc=2026-07-28T08:39:01.989Z;config_id=170b1c1e;rssi=-57;uptime_s=584790;heap=152384;cal_tier=board-cal;cal_src=wet_rederive_1236_20260719;pressure_context_source=weather_openmeteo;transport=wifi_poll,
plants.soil,2026-07-28T08:39:09.119Z,2026-07-28 03:39:09.119,23867,2a89d4,8gtt1h,0.7.3,fleet_logger_0_1,584790035,UMLIFE_v2_TLC555,ch1,origplant,soil_moisture,1391,,,OK,,,983.4,,name=c5off1;level=well watered;role=disp;spread=26;gpio=4;device_seq=77969;time_source=device_synced;device_timestamp_utc=2026-07-28T08:39:01.989Z;config_id=170b1c1e;rssi=-57;uptime_s=584790;heap=152384;cal_tier=board-cal;cal_src=wet_rederive_1236_20260719;pressure_context_source=weather_openmeteo;transport=wifi_poll,
plants.soil,2026-07-28T08:39:09.119Z,2026-07-28 03:39:09.119,23868,2a89d4,8gtt1h,0.7.3,fleet_logger_0_1,584790035,UMLIFE_v2_TLC555,ch2,origplant,soil_moisture,1254,,,OK,,,983.4,,name=c5off1;level=overwatered;role=disp;spread=13;gpio=5;device_seq=77970;time_source=device_synced;device_timestamp_utc=2026-07-28T08:39:01.989Z;config_id=170b1c1e;rssi=-57;uptime_s=584790;heap=152384;cal_tier=board-cal;cal_src=wet_rederive_1236_20260719;pressure_context_source=weather_openmeteo;transport=wifi_poll,
plants.soil,2026-07-28T08:39:09.119Z,2026-07-28 03:39:09.119,23869,2a89d4,8gtt1h,0.7.3,fleet_logger_0_1,584790035,UMLIFE_v2_TLC555,ch3,origplant,soil_moisture,1611,,,OK,,,983.4,,name=c5off1;level=OK;role=disp;spread=12;gpio=6;device_seq=77971;time_source=device_synced;device_timestamp_utc=2026-07-28T08:39:01.989Z;config_id=170b1c1e;rssi=-57;uptime_s=584790;heap=152384;cal_tier=board-cal;cal_src=wet_rederive_1236_20260719;pressure_context_source=weather_openmeteo;transport=wifi_poll,
plants.env,2026-07-28T08:39:09.119Z,2026-07-28 03:39:09.119,23870,2a89d4,8gtt1h,0.7.3,fleet_logger_0_1,584790719,ESP32,esp32_die,on_chip,die_temp,,24.70,degC,OK,,,,,name=c5off1;source=esp32_die;cal=uncalibrated_board_proxy;api=temperatureRead;config_id=170b1c1e;transport=wifi_poll,
plants.soil,2026-07-28T08:39:39.477Z,2026-07-28 03:39:39.477,23871,2a89d4,8gtt1h,0.7.3,fleet_logger_0_1,584820035,UMLIFE_v2_TLC555,ch0,origplant,soil_moisture,1232,,,OK,,,983.4,,name=c5off1;level=overwatered;role=disp;spread=13;gpio=1;device_seq=77972;time_source=device_synced;device_timestamp_utc=2026-07-28T08:39:31.989Z;config_id=170b1c1e;rssi=-57;uptime_s=584820;heap=152644;cal_tier=board-cal;cal_src=wet_rederive_1236_20260719;pressure_context_source=weather_openmeteo;transport=wifi_poll,
plants.soil,2026-07-28T08:39:39.477Z,2026-07-28 03:39:39.477,23872,2a89d4,8gtt1h,0.7.3,fleet_logger_0_1,584820035,UMLIFE_v2_TLC555,ch1,origplant,soil_moisture,1392,,,OK,,,983.4,,name=c5off1;level=well watered;role=disp;spread=21;gpio=4;device_seq=77973;time_source=device_synced;device_timestamp_utc=2026-07-28T08:39:31.989Z;config_id=170b1c1e;rssi=-57;uptime_s=584820;heap=152644;cal_tier=board-cal;cal_src=wet_rederive_1236_20260719;pressure_context_source=weather_openmeteo;transport=wifi_poll,
plants.soil,2026-07-28T08:39:39.477Z,2026-07-28 03:39:39.477,23873,2a89d4,8gtt1h,0.7.3,fleet_logger_0_1,584820035,UMLIFE_v2_TLC555,ch2,origplant,soil_moisture,1252,,,OK,,,983.4,,name=c5off1;level=overwatered;role=disp;spread=5;gpio=5;device_seq=77974;time_source=device_synced;device_timestamp_utc=2026-07-28T08:39:31.989Z;config_id=170b1c1e;rssi=-57;uptime_s=584820;heap=152644;cal_tier=board-cal;cal_src=wet_rederive_1236_20260719;pressure_context_source=weather_openmeteo;transport=wifi_poll,
plants.soil,2026-07-28T08:39:39.477Z,2026-07-28 03:39:39.477,23874,2a89d4,8gtt1h,0.7.3,fleet_logger_0_1,584820035,UMLIFE_v2_TLC555,ch3,origplant,soil_moisture,1609,,,OK,,,983.4,,name=c5off1;level=OK;role=disp;spread=23;gpio=6;device_seq=77975;time_source=device_synced;device_timestamp_utc=2026-07-28T08:39:31.989Z;config_id=170b1c1e;rssi=-57;uptime_s=584820;heap=152644;cal_tier=board-cal;cal_src=wet_rederive_1236_20260719;pressure_context_source=weather_openmeteo;transport=wifi_poll,
plants.env,2026-07-28T08:39:39.477Z,2026-07-28 03:39:39.477,23875,2a89d4,8gtt1h,0.7.3,fleet_logger_0_1,584820719,ESP32,esp32_die,on_chip,die_temp,,23.70,degC,OK,,,,,name=c5off1;source=esp32_die;cal=uncalibrated_board_proxy;api=temperatureRead;config_id=170b1c1e;transport=wifi_poll,
plants.soil,2026-07-28T08:40:10.402Z,2026-07-28 03:40:10.402,23876,2a89d4,8gtt1h,0.7.3,fleet_logger_0_1,584850035,UMLIFE_v2_TLC555,ch0,origplant,soil_moisture,1232,,,OK,,,983.4,,name=c5off1;level=overwatered;role=disp;spread=13;gpio=1;device_seq=77976;time_source=device_synced;device_timestamp_utc=2026-07-28T08:40:01.989Z;config_id=170b1c1e;rssi=-57;uptime_s=584850;heap=152644;cal_tier=board-cal;cal_src=wet_rederive_1236_20260719;pressure_context_source=weather_openmeteo;transport=wifi_poll,
plants.soil,2026-07-28T08:40:10.402Z,2026-07-28 03:40:10.402,23877,2a89d4,8gtt1h,0.7.3,fleet_logger_0_1,584850035,UMLIFE_v2_TLC555,ch1,origplant,soil_moisture,1391,,,OK,,,983.4,,name=c5off1;level=well watered;role=disp;spread=31;gpio=4;device_seq=77977;time_source=device_synced;device_timestamp_utc=2026-07-28T08:40:01.989Z;config_id=170b1c1e;rssi=-57;uptime_s=584850;heap=152644;cal_tier=board-cal;cal_src=wet_rederive_1236_20260719;pressure_context_source=weather_openmeteo;transport=wifi_poll,
plants.soil,2026-07-28T08:40:10.402Z,2026-07-28 03:40:10.402,23878,2a89d4,8gtt1h,0.7.3,fleet_logger_0_1,584850035,UMLIFE_v2_TLC555,ch2,origplant,soil_moisture,1255,,,OK,,,983.4,,name=c5off1;level=overwatered;role=disp;spread=8;gpio=5;device_seq=77978;time_source=device_synced;device_timestamp_utc=2026-07-28T08:40:01.989Z;config_id=170b1c1e;rssi=-57;uptime_s=584850;heap=152644;cal_tier=board-cal;cal_src=wet_rederive_1236_20260719;pressure_context_source=weather_openmeteo;transport=wifi_poll,
plants.soil,2026-07-28T08:40:10.402Z,2026-07-28 03:40:10.402,23879,2a89d4,8gtt1h,0.7.3,fleet_logger_0_1,584850035,UMLIFE_v2_TLC555,ch3,origplant,soil_moisture,1609,,,OK,,,983.4,,name=c5off1;level=OK;role=disp;spread=25;gpio=6;device_seq=77979;time_source=device_synced;device_timestamp_utc=2026-07-28T08:40:01.989Z;config_id=170b1c1e;rssi=-57;uptime_s=584850;heap=152644;cal_tier=board-cal;cal_src=wet_rederive_1236_20260719;pressure_context_source=weather_openmeteo;transport=wifi_poll,
plants.env,2026-07-28T08:40:10.402Z,2026-07-28 03:40:10.402,23880,2a89d4,8gtt1h,0.7.3,fleet_logger_0_1,584850719,ESP32,esp32_die,on_chip,die_temp,,23.70,degC,OK,,,,,name=c5off1;source=esp32_die;cal=uncalibrated_board_proxy;api=temperatureRead;config_id=170b1c1e;transport=wifi_poll,
plants.soil,2026-07-28T08:40:41.633Z,2026-07-28 03:40:41.633,23881,2a89d4,8gtt1h,0.7.3,fleet_logger_0_1,584880035,UMLIFE_v2_TLC555,ch0,origplant,soil_moisture,1230,,,OK,,,983.4,,name=c5off1;level=overwatered;role=disp;spread=25;gpio=1;device_seq=77980;time_source=device_synced;device_timestamp_utc=2026-07-28T08:40:31.989Z;config_id=170b1c1e;rssi=-58;uptime_s=584880;heap=152656;cal_tier=board-cal;cal_src=wet_rederive_1236_20260719;pressure_context_source=weather_openmeteo;transport=wifi_poll,
plants.soil,2026-07-28T08:40:41.633Z,2026-07-28 03:40:41.633,23882,2a89d4,8gtt1h,0.7.3,fleet_logger_0_1,584880035,UMLIFE_v2_TLC555,ch1,origplant,soil_moisture,1390,,,OK,,,983.4,,name=c5off1;level=well watered;role=disp;spread=14;gpio=4;device_seq=77981;time_source=device_synced;device_timestamp_utc=2026-07-28T08:40:31.989Z;config_id=170b1c1e;rssi=-58;uptime_s=584880;heap=152656;cal_tier=board-cal;cal_src=wet_rederive_1236_20260719;pressure_context_source=weather_openmeteo;transport=wifi_poll,
plants.soil,2026-07-28T08:40:41.633Z,2026-07-28 03:40:41.633,23883,2a89d4,8gtt1h,0.7.3,fleet_logger_0_1,584880035,UMLIFE_v2_TLC555,ch2,origplant,soil_moisture,1253,,,OK,,,983.4,,name=c5off1;level=overwatered;role=disp;spread=20;gpio=5;device_seq=77982;time_source=device_synced;device_timestamp_utc=2026-07-28T08:40:31.989Z;config_id=170b1c1e;rssi=-58;uptime_s=584880;heap=152656;cal_tier=board-cal;cal_src=wet_rederive_1236_20260719;pressure_context_source=weather_openmeteo;transport=wifi_poll,
plants.soil,2026-07-28T08:40:41.633Z,2026-07-28 03:40:41.633,23884,2a89d4,8gtt1h,0.7.3,fleet_logger_0_1,584880035,UMLIFE_v2_TLC555,ch3,origplant,soil_moisture,1607,,,OK,,,983.4,,name=c5off1;level=OK;role=disp;spread=21;gpio=6;device_seq=77983;time_source=device_synced;device_timestamp_utc=2026-07-28T08:40:31.989Z;config_id=170b1c1e;rssi=-58;uptime_s=584880;heap=152656;cal_tier=board-cal;cal_src=wet_rederive_1236_20260719;pressure_context_source=weather_openmeteo;transport=wifi_poll,
plants.env,2026-07-28T08:40:41.633Z,2026-07-28 03:40:41.633,23885,2a89d4,8gtt1h,0.7.3,fleet_logger_0_1,584880719,ESP32,esp32_die,on_chip,die_temp,,23.70,degC,OK,,,,,name=c5off1;source=esp32_die;cal=uncalibrated_board_proxy;api=temperatureRead;config_id=170b1c1e;transport=wifi_poll,
plants.soil,2026-07-28T08:41:12.046Z,2026-07-28 03:41:12.046,23886,2a89d4,8gtt1h,0.7.3,fleet_logger_0_1,584910035,UMLIFE_v2_TLC555,ch0,origplant,soil_moisture,1233,,,OK,,,983.4,,name=c5off1;level=overwatered;role=disp;spread=18;gpio=1;device_seq=77984;time_source=device_synced;device_timestamp_utc=2026-07-28T08:41:01.989Z;config_id=170b1c1e;rssi=-59;uptime_s=584910;heap=152648;cal_tier=board-cal;cal_src=wet_rederive_1236_20260719;pressure_context_source=weather_openmeteo;transport=wifi_poll,
plants.soil,2026-07-28T08:41:12.046Z,2026-07-28 03:41:12.046,23887,2a89d4,8gtt1h,0.7.3,fleet_logger_0_1,584910035,UMLIFE_v2_TLC555,ch1,origplant,soil_moisture,1392,,,OK,,,983.4,,name=c5off1;level=well watered;role=disp;spread=15;gpio=4;device_seq=77985;time_source=device_synced;device_timestamp_utc=2026-07-28T08:41:01.989Z;config_id=170b1c1e;rssi=-59;uptime_s=584910;heap=152648;cal_tier=board-cal;cal_src=wet_rederive_1236_20260719;pressure_context_source=weather_openmeteo;transport=wifi_poll,
plants.soil,2026-07-28T08:41:12.046Z,2026-07-28 03:41:12.046,23888,2a89d4,8gtt1h,0.7.3,fleet_logger_0_1,584910035,UMLIFE_v2_TLC555,ch2,origplant,soil_moisture,1253,,,OK,,,983.4,,name=c5off1;level=overwatered;role=disp;spread=16;gpio=5;device_seq=77986;time_source=device_synced;device_timestamp_utc=2026-07-28T08:41:01.989Z;config_id=170b1c1e;rssi=-59;uptime_s=584910;heap=152648;cal_tier=board-cal;cal_src=wet_rederive_1236_20260719;pressure_context_source=weather_openmeteo;transport=wifi_poll,
plants.soil,2026-07-28T08:41:12.046Z,2026-07-28 03:41:12.046,23889,2a89d4,8gtt1h,0.7.3,fleet_logger_0_1,584910035,UMLIFE_v2_TLC555,ch3,origplant,soil_moisture,1609,,,OK,,,983.4,,name=c5off1;level=OK;role=disp;spread=29;gpio=6;device_seq=77987;time_source=device_synced;device_timestamp_utc=2026-07-28T08:41:01.989Z;config_id=170b1c1e;rssi=-59;uptime_s=584910;heap=152648;cal_tier=board-cal;cal_src=wet_rederive_1236_20260719;pressure_context_source=weather_openmeteo;transport=wifi_poll,
plants.env,2026-07-28T08:41:12.046Z,2026-07-28 03:41:12.046,23890,2a89d4,8gtt1h,0.7.3,fleet_logger_0_1,584910719,ESP32,esp32_die,on_chip,die_temp,,24.70,degC,OK,,,,,name=c5off1;source=esp32_die;cal=uncalibrated_board_proxy;api=temperatureRead;config_id=170b1c1e;transport=wifi_poll,
plants.soil,2026-07-28T08:41:42.663Z,2026-07-28 03:41:42.663,23891,2a89d4,8gtt1h,0.7.3,fleet_logger_0_1,584940035,UMLIFE_v2_TLC555,ch0,origplant,soil_moisture,1233,,,OK,,,983.4,,name=c5off1;level=overwatered;role=disp;spread=14;gpio=1;device_seq=77988;time_source=device_synced;device_timestamp_utc=2026-07-28T08:41:31.989Z;config_id=170b1c1e;rssi=-59;uptime_s=584940;heap=152380;cal_tier=board-cal;cal_src=wet_rederive_1236_20260719;pressure_context_source=weather_openmeteo;transport=wifi_poll,
plants.soil,2026-07-28T08:41:42.663Z,2026-07-28 03:41:42.663,23892,2a89d4,8gtt1h,0.7.3,fleet_logger_0_1,584940035,UMLIFE_v2_TLC555,ch1,origplant,soil_moisture,1389,,,OK,,,983.4,,name=c5off1;level=well watered;role=disp;spread=17;gpio=4;device_seq=77989;time_source=device_synced;device_timestamp_utc=2026-07-28T08:41:31.989Z;config_id=170b1c1e;rssi=-59;uptime_s=584940;heap=152380;cal_tier=board-cal;cal_src=wet_rederive_1236_20260719;pressure_context_source=weather_openmeteo;transport=wifi_poll,
plants.soil,2026-07-28T08:41:42.663Z,2026-07-28 03:41:42.663,23893,2a89d4,8gtt1h,0.7.3,fleet_logger_0_1,584940035,UMLIFE_v2_TLC555,ch2,origplant,soil_moisture,1254,,,OK,,,983.4,,name=c5off1;level=overwatered;role=disp;spread=10;gpio=5;device_seq=77990;time_source=device_synced;device_timestamp_utc=2026-07-28T08:41:31.989Z;config_id=170b1c1e;rssi=-59;uptime_s=584940;heap=152380;cal_tier=board-cal;cal_src=wet_rederive_1236_20260719;pressure_context_source=weather_openmeteo;transport=wifi_poll,
plants.soil,2026-07-28T08:41:42.663Z,2026-07-28 03:41:42.663,23894,2a89d4,8gtt1h,0.7.3,fleet_logger_0_1,584940035,UMLIFE_v2_TLC555,ch3,origplant,soil_moisture,1609,,,OK,,,983.4,,name=c5off1;level=OK;role=disp;spread=22;gpio=6;device_seq=77991;time_source=device_synced;device_timestamp_utc=2026-07-28T08:41:31.989Z;config_id=170b1c1e;rssi=-59;uptime_s=584940;heap=152380;cal_tier=board-cal;cal_src=wet_rederive_1236_20260719;pressure_context_source=weather_openmeteo;transport=wifi_poll,
plants.env,2026-07-28T08:41:42.663Z,2026-07-28 03:41:42.663,23895,2a89d4,8gtt1h,0.7.3,fleet_logger_0_1,584940719,ESP32,esp32_die,on_chip,die_temp,,23.70,degC,OK,,,,,name=c5off1;source=esp32_die;cal=uncalibrated_board_proxy;api=temperatureRead;config_id=170b1c1e;transport=wifi_poll,
plants.soil,2026-07-28T08:42:12.974Z,2026-07-28 03:42:12.974,23896,2a89d4,8gtt1h,0.7.3,fleet_logger_0_1,584970035,UMLIFE_v2_TLC555,ch0,origplant,soil_moisture,1232,,,OK,,,983.4,,name=c5off1;level=overwatered;role=disp;spread=20;gpio=1;device_seq=77992;time_source=device_synced;device_timestamp_utc=2026-07-28T08:42:01.989Z;config_id=170b1c1e;rssi=-58;uptime_s=584970;heap=152380;cal_tier=board-cal;cal_src=wet_rederive_1236_20260719;pressure_context_source=weather_openmeteo;transport=wifi_poll,
plants.soil,2026-07-28T08:42:12.974Z,2026-07-28 03:42:12.974,23897,2a89d4,8gtt1h,0.7.3,fleet_logger_0_1,584970035,UMLIFE_v2_TLC555,ch1,origplant,soil_moisture,1392,,,OK,,,983.4,,name=c5off1;level=well watered;role=disp;spread=14;gpio=4;device_seq=77993;time_source=device_synced;device_timestamp_utc=2026-07-28T08:42:01.989Z;config_id=170b1c1e;rssi=-58;uptime_s=584970;heap=152380;cal_tier=board-cal;cal_src=wet_rederive_1236_20260719;pressure_context_source=weather_openmeteo;transport=wifi_poll,
plants.soil,2026-07-28T08:42:12.974Z,2026-07-28 03:42:12.974,23898,2a89d4,8gtt1h,0.7.3,fleet_logger_0_1,584970035,UMLIFE_v2_TLC555,ch2,origplant,soil_moisture,1256,,,OK,,,983.4,,name=c5off1;level=overwatered;role=disp;spread=20;gpio=5;device_seq=77994;time_source=device_synced;device_timestamp_utc=2026-07-28T08:42:01.989Z;config_id=170b1c1e;rssi=-58;uptime_s=584970;heap=152380;cal_tier=board-cal;cal_src=wet_rederive_1236_20260719;pressure_context_source=weather_openmeteo;transport=wifi_poll,
plants.soil,2026-07-28T08:42:12.974Z,2026-07-28 03:42:12.974,23899,2a89d4,8gtt1h,0.7.3,fleet_logger_0_1,584970035,UMLIFE_v2_TLC555,ch3,origplant,soil_moisture,1612,,,OK,,,983.4,,name=c5off1;level=OK;role=disp;spread=21;gpio=6;device_seq=77995;time_source=device_synced;device_timestamp_utc=2026-07-28T08:42:01.989Z;config_id=170b1c1e;rssi=-58;uptime_s=584970;heap=152380;cal_tier=board-cal;cal_src=wet_rederive_1236_20260719;pressure_context_source=weather_openmeteo;transport=wifi_poll,
plants.env,2026-07-28T08:42:12.974Z,2026-07-28 03:42:12.974,23900,2a89d4,8gtt1h,0.7.3,fleet_logger_0_1,584970719,ESP32,esp32_die,on_chip,die_temp,,23.70,degC,OK,,,,,name=c5off1;source=esp32_die;cal=uncalibrated_board_proxy;api=temperatureRead;config_id=170b1c1e;transport=wifi_poll,
plants.soil,2026-07-28T08:42:43.285Z,2026-07-28 03:42:43.285,23901,2a89d4,8gtt1h,0.7.3,fleet_logger_0_1,585000035,UMLIFE_v2_TLC555,ch0,origplant,soil_moisture,1231,,,OK,,,983.4,,name=c5off1;level=overwatered;role=disp;spread=24;gpio=1;device_seq=77996;time_source=device_synced;device_timestamp_utc=2026-07-28T08:42:31.989Z;config_id=170b1c1e;rssi=-60;uptime_s=585000;heap=152636;cal_tier=board-cal;cal_src=wet_rederive_1236_20260719;pressure_context_source=weather_openmeteo;transport=wifi_poll,
plants.soil,2026-07-28T08:42:43.285Z,2026-07-28 03:42:43.285,23902,2a89d4,8gtt1h,0.7.3,fleet_logger_0_1,585000035,UMLIFE_v2_TLC555,ch1,origplant,soil_moisture,1391,,,OK,,,983.4,,name=c5off1;level=well watered;role=disp;spread=31;gpio=4;device_seq=77997;time_source=device_synced;device_timestamp_utc=2026-07-28T08:42:31.989Z;config_id=170b1c1e;rssi=-60;uptime_s=585000;heap=152636;cal_tier=board-cal;cal_src=wet_rederive_1236_20260719;pressure_context_source=weather_openmeteo;transport=wifi_poll,
plants.soil,2026-07-28T08:42:43.285Z,2026-07-28 03:42:43.285,23903,2a89d4,8gtt1h,0.7.3,fleet_logger_0_1,585000035,UMLIFE_v2_TLC555,ch2,origplant,soil_moisture,1254,,,OK,,,983.4,,name=c5off1;level=overwatered;role=disp;spread=18;gpio=5;device_seq=77998;time_source=device_synced;device_timestamp_utc=2026-07-28T08:42:31.989Z;config_id=170b1c1e;rssi=-60;uptime_s=585000;heap=152636;cal_tier=board-cal;cal_src=wet_rederive_1236_20260719;pressure_context_source=weather_openmeteo;transport=wifi_poll,
plants.soil,2026-07-28T08:42:43.285Z,2026-07-28 03:42:43.285,23904,2a89d4,8gtt1h,0.7.3,fleet_logger_0_1,585000035,UMLIFE_v2_TLC555,ch3,origplant,soil_moisture,1612,,,OK,,,983.4,,name=c5off1;level=OK;role=disp;spread=7;gpio=6;device_seq=77999;time_source=device_synced;device_timestamp_utc=2026-07-28T08:42:31.989Z;config_id=170b1c1e;rssi=-60;uptime_s=585000;heap=152636;cal_tier=board-cal;cal_src=wet_rederive_1236_20260719;pressure_context_source=weather_openmeteo;transport=wifi_poll,
plants.env,2026-07-28T08:42:43.285Z,2026-07-28 03:42:43.285,23905,2a89d4,8gtt1h,0.7.3,fleet_logger_0_1,585001819,ESP32,esp32_die,on_chip,die_temp,,23.70,degC,OK,,,,,name=c5off1;source=esp32_die;cal=uncalibrated_board_proxy;api=temperatureRead;config_id=170b1c1e;transport=wifi_poll,
plants.soil,2026-07-28T08:43:13.824Z,2026-07-28 03:43:13.824,23906,2a89d4,8gtt1h,0.7.3,fleet_logger_0_1,585030035,UMLIFE_v2_TLC555,ch0,origplant,soil_moisture,1231,,,OK,,,983.4,,name=c5off1;level=overwatered;role=disp;spread=13;gpio=1;device_seq=78000;time_source=device_synced;device_timestamp_utc=2026-07-28T08:43:01.989Z;config_id=170b1c1e;rssi=-60;uptime_s=585030;heap=152580;cal_tier=board-cal;cal_src=wet_rederive_1236_20260719;pressure_context_source=weather_openmeteo;transport=wifi_poll,
plants.soil,2026-07-28T08:43:13.824Z,2026-07-28 03:43:13.824,23907,2a89d4,8gtt1h,0.7.3,fleet_logger_0_1,585030035,UMLIFE_v2_TLC555,ch1,origplant,soil_moisture,1392,,,OK,,,983.4,,name=c5off1;level=well watered;role=disp;spread=13;gpio=4;device_seq=78001;time_source=device_synced;device_timestamp_utc=2026-07-28T08:43:01.989Z;config_id=170b1c1e;rssi=-60;uptime_s=585030;heap=152580;cal_tier=board-cal;cal_src=wet_rederive_1236_20260719;pressure_context_source=weather_openmeteo;transport=wifi_poll,
plants.soil,2026-07-28T08:43:13.824Z,2026-07-28 03:43:13.824,23908,2a89d4,8gtt1h,0.7.3,fleet_logger_0_1,585030035,UMLIFE_v2_TLC555,ch2,origplant,soil_moisture,1257,,,OK,,,983.4,,name=c5off1;level=overwatered;role=disp;spread=8;gpio=5;device_seq=78002;time_source=device_synced;device_timestamp_utc=2026-07-28T08:43:01.989Z;config_id=170b1c1e;rssi=-60;uptime_s=585030;heap=152580;cal_tier=board-cal;cal_src=wet_rederive_1236_20260719;pressure_context_source=weather_openmeteo;transport=wifi_poll,
plants.soil,2026-07-28T08:43:13.824Z,2026-07-28 03:43:13.824,23909,2a89d4,8gtt1h,0.7.3,fleet_logger_0_1,585030035,UMLIFE_v2_TLC555,ch3,origplant,soil_moisture,1609,,,OK,,,983.4,,name=c5off1;level=OK;role=disp;spread=35;gpio=6;device_seq=78003;time_source=device_synced;device_timestamp_utc=2026-07-28T08:43:01.989Z;config_id=170b1c1e;rssi=-60;uptime_s=585030;heap=152580;cal_tier=board-cal;cal_src=wet_rederive_1236_20260719;pressure_context_source=weather_openmeteo;transport=wifi_poll,
plants.env,2026-07-28T08:43:13.824Z,2026-07-28 03:43:13.824,23910,2a89d4,8gtt1h,0.7.3,fleet_logger_0_1,585030719,ESP32,esp32_die,on_chip,die_temp,,24.70,degC,OK,,,,,name=c5off1;source=esp32_die;cal=uncalibrated_board_proxy;api=temperatureRead;config_id=170b1c1e;transport=wifi_poll,
plants.soil,2026-07-28T08:43:46.670Z,2026-07-28 03:43:46.670,23911,2a89d4,8gtt1h,0.7.3,fleet_logger_0_1,585060035,UMLIFE_v2_TLC555,ch0,origplant,soil_moisture,1215,,,OK,,,983.4,,name=c5off1;level=overwatered;role=disp;spread=12;gpio=1;device_seq=78004;time_source=device_synced;device_timestamp_utc=2026-07-28T08:43:31.989Z;config_id=170b1c1e;rssi=-57;uptime_s=585060;heap=152644;cal_tier=board-cal;cal_src=wet_rederive_1236_20260719;pressure_context_source=weather_openmeteo;transport=wifi_poll,
plants.soil,2026-07-28T08:43:46.670Z,2026-07-28 03:43:46.670,23912,2a89d4,8gtt1h,0.7.3,fleet_logger_0_1,585060035,UMLIFE_v2_TLC555,ch1,origplant,soil_moisture,1372,,,OK,,,983.4,,name=c5off1;level=well watered;role=disp;spread=8;gpio=4;device_seq=78005;time_source=device_synced;device_timestamp_utc=2026-07-28T08:43:31.989Z;config_id=170b1c1e;rssi=-57;uptime_s=585060;heap=152644;cal_tier=board-cal;cal_src=wet_rederive_1236_20260719;pressure_context_source=weather_openmeteo;transport=wifi_poll,
plants.soil,2026-07-28T08:43:46.670Z,2026-07-28 03:43:46.670,23913,2a89d4,8gtt1h,0.7.3,fleet_logger_0_1,585060035,UMLIFE_v2_TLC555,ch2,origplant,soil_moisture,1254,,,OK,,,983.4,,name=c5off1;level=overwatered;role=disp;spread=13;gpio=5;device_seq=78006;time_source=device_synced;device_timestamp_utc=2026-07-28T08:43:31.989Z;config_id=170b1c1e;rssi=-57;uptime_s=585060;heap=152644;cal_tier=board-cal;cal_src=wet_rederive_1236_20260719;pressure_context_source=weather_openmeteo;transport=wifi_poll,
plants.soil,2026-07-28T08:43:46.670Z,2026-07-28 03:43:46.670,23914,2a89d4,8gtt1h,0.7.3,fleet_logger_0_1,585060035,UMLIFE_v2_TLC555,ch3,origplant,soil_moisture,1604,,,OK,,,983.4,,name=c5off1;level=OK;role=disp;spread=21;gpio=6;device_seq=78007;time_source=device_synced;device_timestamp_utc=2026-07-28T08:43:31.989Z;config_id=170b1c1e;rssi=-57;uptime_s=585060;heap=152644;cal_tier=board-cal;cal_src=wet_rederive_1236_20260719;pressure_context_source=weather_openmeteo;transport=wifi_poll,
plants.env,2026-07-28T08:43:46.670Z,2026-07-28 03:43:46.670,23915,2a89d4,8gtt1h,0.7.3,fleet_logger_0_1,585060719,ESP32,esp32_die,on_chip,die_temp,,23.70,degC,OK,,,,,name=c5off1;source=esp32_die;cal=uncalibrated_board_proxy;api=temperatureRead;config_id=170b1c1e;transport=wifi_poll,
plants.soil,2026-07-28T08:44:17.304Z,2026-07-28 03:44:17.304,23916,2a89d4,8gtt1h,0.7.3,fleet_logger_0_1,585090035,UMLIFE_v2_TLC555,ch0,origplant,soil_moisture,1231,,,OK,,,983.4,,name=c5off1;level=overwatered;role=disp;spread=8;gpio=1;device_seq=78008;time_source=device_synced;device_timestamp_utc=2026-07-28T08:44:01.989Z;config_id=170b1c1e;rssi=-57;uptime_s=585090;heap=152220;cal_tier=board-cal;cal_src=wet_rederive_1236_20260719;pressure_context_source=weather_openmeteo;transport=wifi_poll,
plants.soil,2026-07-28T08:44:17.304Z,2026-07-28 03:44:17.304,23917,2a89d4,8gtt1h,0.7.3,fleet_logger_0_1,585090035,UMLIFE_v2_TLC555,ch1,origplant,soil_moisture,1391,,,OK,,,983.4,,name=c5off1;level=well watered;role=disp;spread=26;gpio=4;device_seq=78009;time_source=device_synced;device_timestamp_utc=2026-07-28T08:44:01.989Z;config_id=170b1c1e;rssi=-57;uptime_s=585090;heap=152220;cal_tier=board-cal;cal_src=wet_rederive_1236_20260719;pressure_context_source=weather_openmeteo;transport=wifi_poll,
plants.soil,2026-07-28T08:44:17.304Z,2026-07-28 03:44:17.304,23918,2a89d4,8gtt1h,0.7.3,fleet_logger_0_1,585090035,UMLIFE_v2_TLC555,ch2,origplant,soil_moisture,1254,,,OK,,,983.4,,name=c5off1;level=overwatered;role=disp;spread=20;gpio=5;device_seq=78010;time_source=device_synced;device_timestamp_utc=2026-07-28T08:44:01.989Z;config_id=170b1c1e;rssi=-57;uptime_s=585090;heap=152220;cal_tier=board-cal;cal_src=wet_rederive_1236_20260719;pressure_context_source=weather_openmeteo;transport=wifi_poll,
plants.soil,2026-07-28T08:44:17.304Z,2026-07-28 03:44:17.304,23919,2a89d4,8gtt1h,0.7.3,fleet_logger_0_1,585090035,UMLIFE_v2_TLC555,ch3,origplant,soil_moisture,1611,,,OK,,,983.4,,name=c5off1;level=OK;role=disp;spread=38;gpio=6;device_seq=78011;time_source=device_synced;device_timestamp_utc=2026-07-28T08:44:01.989Z;config_id=170b1c1e;rssi=-57;uptime_s=585090;heap=152220;cal_tier=board-cal;cal_src=wet_rederive_1236_20260719;pressure_context_source=weather_openmeteo;transport=wifi_poll,
plants.env,2026-07-28T08:44:17.304Z,2026-07-28 03:44:17.304,23920,2a89d4,8gtt1h,0.7.3,fleet_logger_0_1,585090719,ESP32,esp32_die,on_chip,die_temp,,23.70,degC,OK,,,,,name=c5off1;source=esp32_die;cal=uncalibrated_board_proxy;api=temperatureRead;config_id=170b1c1e;transport=wifi_poll,
plants.soil,2026-07-28T08:44:48.081Z,2026-07-28 03:44:48.081,23921,2a89d4,8gtt1h,0.7.3,fleet_logger_0_1,585120035,UMLIFE_v2_TLC555,ch0,origplant,soil_moisture,1230,,,OK,,,983.4,,name=c5off1;level=overwatered;role=disp;spread=10;gpio=1;device_seq=78012;time_source=device_synced;device_timestamp_utc=2026-07-28T08:44:31.989Z;config_id=170b1c1e;rssi=-57;uptime_s=585120;heap=152388;cal_tier=board-cal;cal_src=wet_rederive_1236_20260719;pressure_context_source=weather_openmeteo;transport=wifi_poll,
plants.soil,2026-07-28T08:44:48.081Z,2026-07-28 03:44:48.081,23922,2a89d4,8gtt1h,0.7.3,fleet_logger_0_1,585120035,UMLIFE_v2_TLC555,ch1,origplant,soil_moisture,1391,,,OK,,,983.4,,name=c5off1;level=well watered;role=disp;spread=12;gpio=4;device_seq=78013;time_source=device_synced;device_timestamp_utc=2026-07-28T08:44:31.989Z;config_id=170b1c1e;rssi=-57;uptime_s=585120;heap=152388;cal_tier=board-cal;cal_src=wet_rederive_1236_20260719;pressure_context_source=weather_openmeteo;transport=wifi_poll,
plants.soil,2026-07-28T08:44:48.081Z,2026-07-28 03:44:48.081,23923,2a89d4,8gtt1h,0.7.3,fleet_logger_0_1,585120035,UMLIFE_v2_TLC555,ch2,origplant,soil_moisture,1255,,,OK,,,983.4,,name=c5off1;level=overwatered;role=disp;spread=17;gpio=5;device_seq=78014;time_source=device_synced;device_timestamp_utc=2026-07-28T08:44:31.989Z;config_id=170b1c1e;rssi=-57;uptime_s=585120;heap=152388;cal_tier=board-cal;cal_src=wet_rederive_1236_20260719;pressure_context_source=weather_openmeteo;transport=wifi_poll,
plants.soil,2026-07-28T08:44:48.081Z,2026-07-28 03:44:48.081,23924,2a89d4,8gtt1h,0.7.3,fleet_logger_0_1,585120035,UMLIFE_v2_TLC555,ch3,origplant,soil_moisture,1609,,,OK,,,983.4,,name=c5off1;level=OK;role=disp;spread=22;gpio=6;device_seq=78015;time_source=device_synced;device_timestamp_utc=2026-07-28T08:44:31.989Z;config_id=170b1c1e;rssi=-57;uptime_s=585120;heap=152388;cal_tier=board-cal;cal_src=wet_rederive_1236_20260719;pressure_context_source=weather_openmeteo;transport=wifi_poll,
plants.env,2026-07-28T08:44:48.081Z,2026-07-28 03:44:48.081,23925,2a89d4,8gtt1h,0.7.3,fleet_logger_0_1,585120719,ESP32,esp32_die,on_chip,die_temp,,23.70,degC,OK,,,,,name=c5off1;source=esp32_die;cal=uncalibrated_board_proxy;api=temperatureRead;config_id=170b1c1e;transport=wifi_poll,
plants.soil,2026-07-28T08:45:18.522Z,2026-07-28 03:45:18.522,23926,2a89d4,8gtt1h,0.7.3,fleet_logger_0_1,585150035,UMLIFE_v2_TLC555,ch0,origplant,soil_moisture,1213,,,OK,,,983.4,,name=c5off1;level=overwatered;role=disp;spread=20;gpio=1;device_seq=78016;time_source=device_synced;device_timestamp_utc=2026-07-28T08:45:01.989Z;config_id=170b1c1e;rssi=-56;uptime_s=585150;heap=152388;cal_tier=board-cal;cal_src=wet_rederive_1236_20260719;pressure_context_source=weather_openmeteo;transport=wifi_poll,
plants.soil,2026-07-28T08:45:18.522Z,2026-07-28 03:45:18.522,23927,2a89d4,8gtt1h,0.7.3,fleet_logger_0_1,585150035,UMLIFE_v2_TLC555,ch1,origplant,soil_moisture,1376,,,OK,,,983.4,,name=c5off1;level=well watered;role=disp;spread=13;gpio=4;device_seq=78017;time_source=device_synced;device_timestamp_utc=2026-07-28T08:45:01.989Z;config_id=170b1c1e;rssi=-56;uptime_s=585150;heap=152388;cal_tier=board-cal;cal_src=wet_rederive_1236_20260719;pressure_context_source=weather_openmeteo;transport=wifi_poll,
plants.soil,2026-07-28T08:45:18.522Z,2026-07-28 03:45:18.522,23928,2a89d4,8gtt1h,0.7.3,fleet_logger_0_1,585150035,UMLIFE_v2_TLC555,ch2,origplant,soil_moisture,1255,,,OK,,,983.4,,name=c5off1;level=overwatered;role=disp;spread=11;gpio=5;device_seq=78018;time_source=device_synced;device_timestamp_utc=2026-07-28T08:45:01.989Z;config_id=170b1c1e;rssi=-56;uptime_s=585150;heap=152388;cal_tier=board-cal;cal_src=wet_rederive_1236_20260719;pressure_context_source=weather_openmeteo;transport=wifi_poll,
plants.soil,2026-07-28T08:45:18.522Z,2026-07-28 03:45:18.522,23929,2a89d4,8gtt1h,0.7.3,fleet_logger_0_1,585150035,UMLIFE_v2_TLC555,ch3,origplant,soil_moisture,1609,,,OK,,,983.4,,name=c5off1;level=OK;role=disp;spread=17;gpio=6;device_seq=78019;time_source=device_synced;device_timestamp_utc=2026-07-28T08:45:01.989Z;config_id=170b1c1e;rssi=-56;uptime_s=585150;heap=152388;cal_tier=board-cal;cal_src=wet_rederive_1236_20260719;pressure_context_source=weather_openmeteo;transport=wifi_poll,
plants.env,2026-07-28T08:45:18.522Z,2026-07-28 03:45:18.522,23930,2a89d4,8gtt1h,0.7.3,fleet_logger_0_1,585150719,ESP32,esp32_die,on_chip,die_temp,,23.70,degC,OK,,,,,name=c5off1;source=esp32_die;cal=uncalibrated_board_proxy;api=temperatureRead;config_id=170b1c1e;transport=wifi_poll,
plants.soil,2026-07-28T08:45:49.037Z,2026-07-28 03:45:49.037,23931,2a89d4,8gtt1h,0.7.3,fleet_logger_0_1,585180035,UMLIFE_v2_TLC555,ch0,origplant,soil_moisture,1214,,,OK,,,983.4,,name=c5off1;level=overwatered;role=disp;spread=9;gpio=1;device_seq=78020;time_source=device_synced;device_timestamp_utc=2026-07-28T08:45:31.989Z;config_id=170b1c1e;rssi=-58;uptime_s=585180;heap=152644;cal_tier=board-cal;cal_src=wet_rederive_1236_20260719;pressure_context_source=weather_openmeteo;transport=wifi_poll,
plants.soil,2026-07-28T08:45:49.037Z,2026-07-28 03:45:49.037,23932,2a89d4,8gtt1h,0.7.3,fleet_logger_0_1,585180035,UMLIFE_v2_TLC555,ch1,origplant,soil_moisture,1372,,,OK,,,983.4,,name=c5off1;level=well watered;role=disp;spread=19;gpio=4;device_seq=78021;time_source=device_synced;device_timestamp_utc=2026-07-28T08:45:31.989Z;config_id=170b1c1e;rssi=-58;uptime_s=585180;heap=152644;cal_tier=board-cal;cal_src=wet_rederive_1236_20260719;pressure_context_source=weather_openmeteo;transport=wifi_poll,
plants.soil,2026-07-28T08:45:49.037Z,2026-07-28 03:45:49.037,23933,2a89d4,8gtt1h,0.7.3,fleet_logger_0_1,585180035,UMLIFE_v2_TLC555,ch2,origplant,soil_moisture,1255,,,OK,,,983.4,,name=c5off1;level=overwatered;role=disp;spread=9;gpio=5;device_seq=78022;time_source=device_synced;device_timestamp_utc=2026-07-28T08:45:31.989Z;config_id=170b1c1e;rssi=-58;uptime_s=585180;heap=152644;cal_tier=board-cal;cal_src=wet_rederive_1236_20260719;pressure_context_source=weather_openmeteo;transport=wifi_poll,
plants.soil,2026-07-28T08:45:49.037Z,2026-07-28 03:45:49.037,23934,2a89d4,8gtt1h,0.7.3,fleet_logger_0_1,585180035,UMLIFE_v2_TLC555,ch3,origplant,soil_moisture,1591,,,OK,,,983.4,,name=c5off1;level=OK;role=disp;spread=21;gpio=6;device_seq=78023;time_source=device_synced;device_timestamp_utc=2026-07-28T08:45:31.989Z;config_id=170b1c1e;rssi=-58;uptime_s=585180;heap=152644;cal_tier=board-cal;cal_src=wet_rederive_1236_20260719;pressure_context_source=weather_openmeteo;transport=wifi_poll,
plants.env,2026-07-28T08:45:49.037Z,2026-07-28 03:45:49.037,23935,2a89d4,8gtt1h,0.7.3,fleet_logger_0_1,585180719,ESP32,esp32_die,on_chip,die_temp,,23.70,degC,OK,,,,,name=c5off1;source=esp32_die;cal=uncalibrated_board_proxy;api=temperatureRead;config_id=170b1c1e;transport=wifi_poll,
plants.soil,2026-07-28T08:46:19.348Z,2026-07-28 03:46:19.348,23936,2a89d4,8gtt1h,0.7.3,fleet_logger_0_1,585210035,UMLIFE_v2_TLC555,ch0,origplant,soil_moisture,1215,,,OK,,,983.4,,name=c5off1;level=overwatered;role=disp;spread=9;gpio=1;device_seq=78024;time_source=device_synced;device_timestamp_utc=2026-07-28T08:46:01.989Z;config_id=170b1c1e;rssi=-59;uptime_s=585210;heap=152644;cal_tier=board-cal;cal_src=wet_rederive_1236_20260719;pressure_context_source=weather_openmeteo;transport=wifi_poll,
plants.soil,2026-07-28T08:46:19.348Z,2026-07-28 03:46:19.348,23937,2a89d4,8gtt1h,0.7.3,fleet_logger_0_1,585210035,UMLIFE_v2_TLC555,ch1,origplant,soil_moisture,1375,,,OK,,,983.4,,name=c5off1;level=well watered;role=disp;spread=13;gpio=4;device_seq=78025;time_source=device_synced;device_timestamp_utc=2026-07-28T08:46:01.989Z;config_id=170b1c1e;rssi=-59;uptime_s=585210;heap=152644;cal_tier=board-cal;cal_src=wet_rederive_1236_20260719;pressure_context_source=weather_openmeteo;transport=wifi_poll,
plants.soil,2026-07-28T08:46:19.348Z,2026-07-28 03:46:19.348,23938,2a89d4,8gtt1h,0.7.3,fleet_logger_0_1,585210035,UMLIFE_v2_TLC555,ch2,origplant,soil_moisture,1254,,,OK,,,983.4,,name=c5off1;level=overwatered;role=disp;spread=16;gpio=5;device_seq=78026;time_source=device_synced;device_timestamp_utc=2026-07-28T08:46:01.989Z;config_id=170b1c1e;rssi=-59;uptime_s=585210;heap=152644;cal_tier=board-cal;cal_src=wet_rederive_1236_20260719;pressure_context_source=weather_openmeteo;transport=wifi_poll,
plants.soil,2026-07-28T08:46:19.348Z,2026-07-28 03:46:19.348,23939,2a89d4,8gtt1h,0.7.3,fleet_logger_0_1,585210035,UMLIFE_v2_TLC555,ch3,origplant,soil_moisture,1607,,,OK,,,983.4,,name=c5off1;level=OK;role=disp;spread=13;gpio=6;device_seq=78027;time_source=device_synced;device_timestamp_utc=2026-07-28T08:46:01.989Z;config_id=170b1c1e;rssi=-59;uptime_s=585210;heap=152644;cal_tier=board-cal;cal_src=wet_rederive_1236_20260719;pressure_context_source=weather_openmeteo;transport=wifi_poll,
plants.env,2026-07-28T08:46:19.348Z,2026-07-28 03:46:19.348,23940,2a89d4,8gtt1h,0.7.3,fleet_logger_0_1,585210719,ESP32,esp32_die,on_chip,die_temp,,23.70,degC,OK,,,,,name=c5off1;source=esp32_die;cal=uncalibrated_board_proxy;api=temperatureRead;config_id=170b1c1e;transport=wifi_poll,
plants.soil,2026-07-28T08:46:49.623Z,2026-07-28 03:46:49.623,23941,2a89d4,8gtt1h,0.7.3,fleet_logger_0_1,585240035,UMLIFE_v2_TLC555,ch0,origplant,soil_moisture,1215,,,OK,,,983.4,,name=c5off1;level=overwatered;role=disp;spread=9;gpio=1;device_seq=78028;time_source=device_synced;device_timestamp_utc=2026-07-28T08:46:31.989Z;config_id=170b1c1e;rssi=-57;uptime_s=585240;heap=152644;cal_tier=board-cal;cal_src=wet_rederive_1236_20260719;pressure_context_source=weather_openmeteo;transport=wifi_poll,
plants.soil,2026-07-28T08:46:49.623Z,2026-07-28 03:46:49.623,23942,2a89d4,8gtt1h,0.7.3,fleet_logger_0_1,585240035,UMLIFE_v2_TLC555,ch1,origplant,soil_moisture,1375,,,OK,,,983.4,,name=c5off1;level=well watered;role=disp;spread=35;gpio=4;device_seq=78029;time_source=device_synced;device_timestamp_utc=2026-07-28T08:46:31.989Z;config_id=170b1c1e;rssi=-57;uptime_s=585240;heap=152644;cal_tier=board-cal;cal_src=wet_rederive_1236_20260719;pressure_context_source=weather_openmeteo;transport=wifi_poll,
plants.soil,2026-07-28T08:46:49.623Z,2026-07-28 03:46:49.623,23943,2a89d4,8gtt1h,0.7.3,fleet_logger_0_1,585240035,UMLIFE_v2_TLC555,ch2,origplant,soil_moisture,1254,,,OK,,,983.4,,name=c5off1;level=overwatered;role=disp;spread=12;gpio=5;device_seq=78030;time_source=device_synced;device_timestamp_utc=2026-07-28T08:46:31.989Z;config_id=170b1c1e;rssi=-57;uptime_s=585240;heap=152644;cal_tier=board-cal;cal_src=wet_rederive_1236_20260719;pressure_context_source=weather_openmeteo;transport=wifi_poll,
plants.soil,2026-07-28T08:46:49.623Z,2026-07-28 03:46:49.623,23944,2a89d4,8gtt1h,0.7.3,fleet_logger_0_1,585240035,UMLIFE_v2_TLC555,ch3,origplant,soil_moisture,1600,,,OK,,,983.4,,name=c5off1;level=OK;role=disp;spread=24;gpio=6;device_seq=78031;time_source=device_synced;device_timestamp_utc=2026-07-28T08:46:31.989Z;config_id=170b1c1e;rssi=-57;uptime_s=585240;heap=152644;cal_tier=board-cal;cal_src=wet_rederive_1236_20260719;pressure_context_source=weather_openmeteo;transport=wifi_poll,
plants.env,2026-07-28T08:46:49.623Z,2026-07-28 03:46:49.623,23945,2a89d4,8gtt1h,0.7.3,fleet_logger_0_1,585240719,ESP32,esp32_die,on_chip,die_temp,,24.70,degC,OK,,,,,name=c5off1;source=esp32_die;cal=uncalibrated_board_proxy;api=temperatureRead;config_id=170b1c1e;transport=wifi_poll,
plants.soil,2026-07-28T08:47:20.964Z,2026-07-28 03:47:20.964,23946,2a89d4,8gtt1h,0.7.3,fleet_logger_0_1,585270035,UMLIFE_v2_TLC555,ch0,origplant,soil_moisture,1217,,,OK,,,983.4,,name=c5off1;level=overwatered;role=disp;spread=10;gpio=1;device_seq=78032;time_source=device_synced;device_timestamp_utc=2026-07-28T08:47:01.989Z;config_id=170b1c1e;rssi=-56;uptime_s=585270;heap=152644;cal_tier=board-cal;cal_src=wet_rederive_1236_20260719;pressure_context_source=weather_openmeteo;transport=wifi_poll,
plants.soil,2026-07-28T08:47:20.964Z,2026-07-28 03:47:20.964,23947,2a89d4,8gtt1h,0.7.3,fleet_logger_0_1,585270035,UMLIFE_v2_TLC555,ch1,origplant,soil_moisture,1372,,,OK,,,983.4,,name=c5off1;level=well watered;role=disp;spread=12;gpio=4;device_seq=78033;time_source=device_synced;device_timestamp_utc=2026-07-28T08:47:01.989Z;config_id=170b1c1e;rssi=-56;uptime_s=585270;heap=152644;cal_tier=board-cal;cal_src=wet_rederive_1236_20260719;pressure_context_source=weather_openmeteo;transport=wifi_poll,
plants.soil,2026-07-28T08:47:20.964Z,2026-07-28 03:47:20.964,23948,2a89d4,8gtt1h,0.7.3,fleet_logger_0_1,585270035,UMLIFE_v2_TLC555,ch2,origplant,soil_moisture,1255,,,OK,,,983.4,,name=c5off1;level=overwatered;role=disp;spread=11;gpio=5;device_seq=78034;time_source=device_synced;device_timestamp_utc=2026-07-28T08:47:01.989Z;config_id=170b1c1e;rssi=-56;uptime_s=585270;heap=152644;cal_tier=board-cal;cal_src=wet_rederive_1236_20260719;pressure_context_source=weather_openmeteo;transport=wifi_poll,
plants.soil,2026-07-28T08:47:20.964Z,2026-07-28 03:47:20.964,23949,2a89d4,8gtt1h,0.7.3,fleet_logger_0_1,585270035,UMLIFE_v2_TLC555,ch3,origplant,soil_moisture,1597,,,OK,,,983.4,,name=c5off1;level=OK;role=disp;spread=18;gpio=6;device_seq=78035;time_source=device_synced;device_timestamp_utc=2026-07-28T08:47:01.989Z;config_id=170b1c1e;rssi=-56;uptime_s=585270;heap=152644;cal_tier=board-cal;cal_src=wet_rederive_1236_20260719;pressure_context_source=weather_openmeteo;transport=wifi_poll,
plants.env,2026-07-28T08:47:20.964Z,2026-07-28 03:47:20.964,23950,2a89d4,8gtt1h,0.7.3,fleet_logger_0_1,585270719,ESP32,esp32_die,on_chip,die_temp,,23.70,degC,OK,,,,,name=c5off1;source=esp32_die;cal=uncalibrated_board_proxy;api=temperatureRead;config_id=170b1c1e;transport=wifi_poll,
plants.soil,2026-07-28T08:47:51.530Z,2026-07-28 03:47:51.530,23951,2a89d4,8gtt1h,0.7.3,fleet_logger_0_1,585300035,UMLIFE_v2_TLC555,ch0,origplant,soil_moisture,1223,,,OK,,,983.4,,name=c5off1;level=overwatered;role=disp;spread=14;gpio=1;device_seq=78036;time_source=device_synced;device_timestamp_utc=2026-07-28T08:47:31.989Z;config_id=170b1c1e;rssi=-58;uptime_s=585300;heap=152400;cal_tier=board-cal;cal_src=wet_rederive_1236_20260719;pressure_context_source=weather_openmeteo;transport=wifi_poll,
plants.soil,2026-07-28T08:47:51.530Z,2026-07-28 03:47:51.530,23952,2a89d4,8gtt1h,0.7.3,fleet_logger_0_1,585300035,UMLIFE_v2_TLC555,ch1,origplant,soil_moisture,1374,,,OK,,,983.4,,name=c5off1;level=well watered;role=disp;spread=22;gpio=4;device_seq=78037;time_source=device_synced;device_timestamp_utc=2026-07-28T08:47:31.989Z;config_id=170b1c1e;rssi=-58;uptime_s=585300;heap=152400;cal_tier=board-cal;cal_src=wet_rederive_1236_20260719;pressure_context_source=weather_openmeteo;transport=wifi_poll,
plants.soil,2026-07-28T08:47:51.530Z,2026-07-28 03:47:51.530,23953,2a89d4,8gtt1h,0.7.3,fleet_logger_0_1,585300035,UMLIFE_v2_TLC555,ch2,origplant,soil_moisture,1253,,,OK,,,983.4,,name=c5off1;level=overwatered;role=disp;spread=11;gpio=5;device_seq=78038;time_source=device_synced;device_timestamp_utc=2026-07-28T08:47:31.989Z;config_id=170b1c1e;rssi=-58;uptime_s=585300;heap=152400;cal_tier=board-cal;cal_src=wet_rederive_1236_20260719;pressure_context_source=weather_openmeteo;transport=wifi_poll,
plants.soil,2026-07-28T08:47:51.530Z,2026-07-28 03:47:51.530,23954,2a89d4,8gtt1h,0.7.3,fleet_logger_0_1,585300035,UMLIFE_v2_TLC555,ch3,origplant,soil_moisture,1593,,,OK,,,983.4,,name=c5off1;level=OK;role=disp;spread=18;gpio=6;device_seq=78039;time_source=device_synced;device_timestamp_utc=2026-07-28T08:47:31.989Z;config_id=170b1c1e;rssi=-58;uptime_s=585300;heap=152400;cal_tier=board-cal;cal_src=wet_rederive_1236_20260719;pressure_context_source=weather_openmeteo;transport=wifi_poll,
plants.env,2026-07-28T08:47:51.530Z,2026-07-28 03:47:51.530,23955,2a89d4,8gtt1h,0.7.3,fleet_logger_0_1,585300719,ESP32,esp32_die,on_chip,die_temp,,23.70,degC,OK,,,,,name=c5off1;source=esp32_die;cal=uncalibrated_board_proxy;api=temperatureRead;config_id=170b1c1e;transport=wifi_poll,
plants.soil,2026-07-28T08:48:21.920Z,2026-07-28 03:48:21.920,23956,2a89d4,8gtt1h,0.7.3,fleet_logger_0_1,585330035,UMLIFE_v2_TLC555,ch0,origplant,soil_moisture,1231,,,OK,,,983.4,,name=c5off1;level=overwatered;role=disp;spread=10;gpio=1;device_seq=78040;time_source=device_synced;device_timestamp_utc=2026-07-28T08:48:01.989Z;config_id=170b1c1e;rssi=-56;uptime_s=585330;heap=152400;cal_tier=board-cal;cal_src=wet_rederive_1236_20260719;pressure_context_source=weather_openmeteo;transport=wifi_poll,
plants.soil,2026-07-28T08:48:21.920Z,2026-07-28 03:48:21.920,23957,2a89d4,8gtt1h,0.7.3,fleet_logger_0_1,585330035,UMLIFE_v2_TLC555,ch1,origplant,soil_moisture,1380,,,OK,,,983.4,,name=c5off1;level=well watered;role=disp;spread=16;gpio=4;device_seq=78041;time_source=device_synced;device_timestamp_utc=2026-07-28T08:48:01.989Z;config_id=170b1c1e;rssi=-56;uptime_s=585330;heap=152400;cal_tier=board-cal;cal_src=wet_rederive_1236_20260719;pressure_context_source=weather_openmeteo;transport=wifi_poll,
plants.soil,2026-07-28T08:48:21.920Z,2026-07-28 03:48:21.920,23958,2a89d4,8gtt1h,0.7.3,fleet_logger_0_1,585330035,UMLIFE_v2_TLC555,ch2,origplant,soil_moisture,1254,,,OK,,,983.4,,name=c5off1;level=overwatered;role=disp;spread=6;gpio=5;device_seq=78042;time_source=device_synced;device_timestamp_utc=2026-07-28T08:48:01.989Z;config_id=170b1c1e;rssi=-56;uptime_s=585330;heap=152400;cal_tier=board-cal;cal_src=wet_rederive_1236_20260719;pressure_context_source=weather_openmeteo;transport=wifi_poll,
plants.soil,2026-07-28T08:48:21.920Z,2026-07-28 03:48:21.920,23959,2a89d4,8gtt1h,0.7.3,fleet_logger_0_1,585330035,UMLIFE_v2_TLC555,ch3,origplant,soil_moisture,1595,,,OK,,,983.4,,name=c5off1;level=OK;role=disp;spread=23;gpio=6;device_seq=78043;time_source=device_synced;device_timestamp_utc=2026-07-28T08:48:01.989Z;config_id=170b1c1e;rssi=-56;uptime_s=585330;heap=152400;cal_tier=board-cal;cal_src=wet_rederive_1236_20260719;pressure_context_source=weather_openmeteo;transport=wifi_poll,
plants.env,2026-07-28T08:48:21.920Z,2026-07-28 03:48:21.920,23960,2a89d4,8gtt1h,0.7.3,fleet_logger_0_1,585330719,ESP32,esp32_die,on_chip,die_temp,,23.70,degC,OK,,,,,name=c5off1;source=esp32_die;cal=uncalibrated_board_proxy;api=temperatureRead;config_id=170b1c1e;transport=wifi_poll,
plants.soil,2026-07-28T08:48:52.333Z,2026-07-28 03:48:52.333,23961,2a89d4,8gtt1h,0.7.3,fleet_logger_0_1,585360035,UMLIFE_v2_TLC555,ch0,origplant,soil_moisture,1232,,,OK,,,983.4,,name=c5off1;level=overwatered;role=disp;spread=10;gpio=1;device_seq=78044;time_source=device_synced;device_timestamp_utc=2026-07-28T08:48:31.989Z;config_id=170b1c1e;rssi=-59;uptime_s=585360;heap=152596;cal_tier=board-cal;cal_src=wet_rederive_1236_20260719;pressure_context_source=weather_openmeteo;transport=wifi_poll,
plants.soil,2026-07-28T08:48:52.333Z,2026-07-28 03:48:52.333,23962,2a89d4,8gtt1h,0.7.3,fleet_logger_0_1,585360035,UMLIFE_v2_TLC555,ch1,origplant,soil_moisture,1389,,,OK,,,983.4,,name=c5off1;level=well watered;role=disp;spread=31;gpio=4;device_seq=78045;time_source=device_synced;device_timestamp_utc=2026-07-28T08:48:31.989Z;config_id=170b1c1e;rssi=-59;uptime_s=585360;heap=152596;cal_tier=board-cal;cal_src=wet_rederive_1236_20260719;pressure_context_source=weather_openmeteo;transport=wifi_poll,
plants.soil,2026-07-28T08:48:52.333Z,2026-07-28 03:48:52.333,23963,2a89d4,8gtt1h,0.7.3,fleet_logger_0_1,585360035,UMLIFE_v2_TLC555,ch2,origplant,soil_moisture,1254,,,OK,,,983.4,,name=c5off1;level=overwatered;role=disp;spread=21;gpio=5;device_seq=78046;time_source=device_synced;device_timestamp_utc=2026-07-28T08:48:31.989Z;config_id=170b1c1e;rssi=-59;uptime_s=585360;heap=152596;cal_tier=board-cal;cal_src=wet_rederive_1236_20260719;pressure_context_source=weather_openmeteo;transport=wifi_poll,
plants.soil,2026-07-28T08:48:52.333Z,2026-07-28 03:48:52.333,23964,2a89d4,8gtt1h,0.7.3,fleet_logger_0_1,585360035,UMLIFE_v2_TLC555,ch3,origplant,soil_moisture,1597,,,OK,,,983.4,,name=c5off1;level=OK;role=disp;spread=12;gpio=6;device_seq=78047;time_source=device_synced;device_timestamp_utc=2026-07-28T08:48:31.989Z;config_id=170b1c1e;rssi=-59;uptime_s=585360;heap=152596;cal_tier=board-cal;cal_src=wet_rederive_1236_20260719;pressure_context_source=weather_openmeteo;transport=wifi_poll,
plants.env,2026-07-28T08:48:52.333Z,2026-07-28 03:48:52.333,23965,2a89d4,8gtt1h,0.7.3,fleet_logger_0_1,585360719,ESP32,esp32_die,on_chip,die_temp,,23.70,degC,OK,,,,,name=c5off1;source=esp32_die;cal=uncalibrated_board_proxy;api=temperatureRead;config_id=170b1c1e;transport=wifi_poll,
plants.soil,2026-07-28T08:49:22.747Z,2026-07-28 03:49:22.747,23966,2a89d4,8gtt1h,0.7.3,fleet_logger_0_1,585390035,UMLIFE_v2_TLC555,ch0,origplant,soil_moisture,1232,,,OK,,,983.4,,name=c5off1;level=overwatered;role=disp;spread=10;gpio=1;device_seq=78048;time_source=device_synced;device_timestamp_utc=2026-07-28T08:49:01.989Z;config_id=170b1c1e;rssi=-59;uptime_s=585390;heap=152596;cal_tier=board-cal;cal_src=wet_rederive_1236_20260719;pressure_context_source=weather_openmeteo;transport=wifi_poll,
plants.soil,2026-07-28T08:49:22.747Z,2026-07-28 03:49:22.747,23967,2a89d4,8gtt1h,0.7.3,fleet_logger_0_1,585390035,UMLIFE_v2_TLC555,ch1,origplant,soil_moisture,1392,,,OK,,,983.4,,name=c5off1;level=well watered;role=disp;spread=10;gpio=4;device_seq=78049;time_source=device_synced;device_timestamp_utc=2026-07-28T08:49:01.989Z;config_id=170b1c1e;rssi=-59;uptime_s=585390;heap=152596;cal_tier=board-cal;cal_src=wet_rederive_1236_20260719;pressure_context_source=weather_openmeteo;transport=wifi_poll,
plants.soil,2026-07-28T08:49:22.747Z,2026-07-28 03:49:22.747,23968,2a89d4,8gtt1h,0.7.3,fleet_logger_0_1,585390035,UMLIFE_v2_TLC555,ch2,origplant,soil_moisture,1254,,,OK,,,983.4,,name=c5off1;level=overwatered;role=disp;spread=16;gpio=5;device_seq=78050;time_source=device_synced;device_timestamp_utc=2026-07-28T08:49:01.989Z;config_id=170b1c1e;rssi=-59;uptime_s=585390;heap=152596;cal_tier=board-cal;cal_src=wet_rederive_1236_20260719;pressure_context_source=weather_openmeteo;transport=wifi_poll,
plants.soil,2026-07-28T08:49:22.747Z,2026-07-28 03:49:22.747,23969,2a89d4,8gtt1h,0.7.3,fleet_logger_0_1,585390035,UMLIFE_v2_TLC555,ch3,origplant,soil_moisture,1598,,,OK,,,983.4,,name=c5off1;level=OK;role=disp;spread=37;gpio=6;device_seq=78051;time_source=device_synced;device_timestamp_utc=2026-07-28T08:49:01.989Z;config_id=170b1c1e;rssi=-59;uptime_s=585390;heap=152596;cal_tier=board-cal;cal_src=wet_rederive_1236_20260719;pressure_context_source=weather_openmeteo;transport=wifi_poll,
plants.env,2026-07-28T08:49:22.747Z,2026-07-28 03:49:22.747,23970,2a89d4,8gtt1h,0.7.3,fleet_logger_0_1,585390719,ESP32,esp32_die,on_chip,die_temp,,23.70,degC,OK,,,,,name=c5off1;source=esp32_die;cal=uncalibrated_board_proxy;api=temperatureRead;config_id=170b1c1e;transport=wifi_poll,
plants.soil,2026-07-28T08:49:53.685Z,2026-07-28 03:49:53.685,23971,2a89d4,8gtt1h,0.7.3,fleet_logger_0_1,585420035,UMLIFE_v2_TLC555,ch0,origplant,soil_moisture,1232,,,OK,,,983.4,,name=c5off1;level=overwatered;role=disp;spread=3;gpio=1;device_seq=78052;time_source=device_synced;device_timestamp_utc=2026-07-28T08:49:31.989Z;config_id=170b1c1e;rssi=-56;uptime_s=585420;heap=152596;cal_tier=board-cal;cal_src=wet_rederive_1236_20260719;pressure_context_source=weather_openmeteo;transport=wifi_poll,
plants.soil,2026-07-28T08:49:53.685Z,2026-07-28 03:49:53.685,23972,2a89d4,8gtt1h,0.7.3,fleet_logger_0_1,585420035,UMLIFE_v2_TLC555,ch1,origplant,soil_moisture,1392,,,OK,,,983.4,,name=c5off1;level=well watered;role=disp;spread=17;gpio=4;device_seq=78053;time_source=device_synced;device_timestamp_utc=2026-07-28T08:49:31.989Z;config_id=170b1c1e;rssi=-56;uptime_s=585420;heap=152596;cal_tier=board-cal;cal_src=wet_rederive_1236_20260719;pressure_context_source=weather_openmeteo;transport=wifi_poll,
plants.soil,2026-07-28T08:49:53.685Z,2026-07-28 03:49:53.685,23973,2a89d4,8gtt1h,0.7.3,fleet_logger_0_1,585420035,UMLIFE_v2_TLC555,ch2,origplant,soil_moisture,1255,,,OK,,,983.4,,name=c5off1;level=overwatered;role=disp;spread=21;gpio=5;device_seq=78054;time_source=device_synced;device_timestamp_utc=2026-07-28T08:49:31.989Z;config_id=170b1c1e;rssi=-56;uptime_s=585420;heap=152596;cal_tier=board-cal;cal_src=wet_rederive_1236_20260719;pressure_context_source=weather_openmeteo;transport=wifi_poll,
plants.soil,2026-07-28T08:49:53.685Z,2026-07-28 03:49:53.685,23974,2a89d4,8gtt1h,0.7.3,fleet_logger_0_1,585420035,UMLIFE_v2_TLC555,ch3,origplant,soil_moisture,1608,,,OK,,,983.4,,name=c5off1;level=OK;role=disp;spread=17;gpio=6;device_seq=78055;time_source=device_synced;device_timestamp_utc=2026-07-28T08:49:31.989Z;config_id=170b1c1e;rssi=-56;uptime_s=585420;heap=152596;cal_tier=board-cal;cal_src=wet_rederive_1236_20260719;pressure_context_source=weather_openmeteo;transport=wifi_poll,
plants.env,2026-07-28T08:49:53.685Z,2026-07-28 03:49:53.685,23975,2a89d4,8gtt1h,0.7.3,fleet_logger_0_1,585420719,ESP32,esp32_die,on_chip,die_temp,,23.70,degC,OK,,,,,name=c5off1;source=esp32_die;cal=uncalibrated_board_proxy;api=temperatureRead;config_id=170b1c1e;transport=wifi_poll,
plants.soil,2026-07-28T08:50:24.105Z,2026-07-28 03:50:24.105,23976,2a89d4,8gtt1h,0.7.3,fleet_logger_0_1,585450035,UMLIFE_v2_TLC555,ch0,origplant,soil_moisture,1232,,,OK,,,983.4,,name=c5off1;level=overwatered;role=disp;spread=18;gpio=1;device_seq=78056;time_source=device_synced;device_timestamp_utc=2026-07-28T08:50:01.989Z;config_id=170b1c1e;rssi=-57;uptime_s=585450;heap=152596;cal_tier=board-cal;cal_src=wet_rederive_1236_20260719;pressure_context_source=weather_openmeteo;transport=wifi_poll,
plants.soil,2026-07-28T08:50:24.105Z,2026-07-28 03:50:24.105,23977,2a89d4,8gtt1h,0.7.3,fleet_logger_0_1,585450035,UMLIFE_v2_TLC555,ch1,origplant,soil_moisture,1392,,,OK,,,983.4,,name=c5off1;level=well watered;role=disp;spread=22;gpio=4;device_seq=78057;time_source=device_synced;device_timestamp_utc=2026-07-28T08:50:01.989Z;config_id=170b1c1e;rssi=-57;uptime_s=585450;heap=152596;cal_tier=board-cal;cal_src=wet_rederive_1236_20260719;pressure_context_source=weather_openmeteo;transport=wifi_poll,
plants.soil,2026-07-28T08:50:24.105Z,2026-07-28 03:50:24.105,23978,2a89d4,8gtt1h,0.7.3,fleet_logger_0_1,585450035,UMLIFE_v2_TLC555,ch2,origplant,soil_moisture,1253,,,OK,,,983.4,,name=c5off1;level=overwatered;role=disp;spread=19;gpio=5;device_seq=78058;time_source=device_synced;device_timestamp_utc=2026-07-28T08:50:01.989Z;config_id=170b1c1e;rssi=-57;uptime_s=585450;heap=152596;cal_tier=board-cal;cal_src=wet_rederive_1236_20260719;pressure_context_source=weather_openmeteo;transport=wifi_poll,
plants.soil,2026-07-28T08:50:24.105Z,2026-07-28 03:50:24.105,23979,2a89d4,8gtt1h,0.7.3,fleet_logger_0_1,585450035,UMLIFE_v2_TLC555,ch3,origplant,soil_moisture,1609,,,OK,,,983.4,,name=c5off1;level=OK;role=disp;spread=25;gpio=6;device_seq=78059;time_source=device_synced;device_timestamp_utc=2026-07-28T08:50:01.989Z;config_id=170b1c1e;rssi=-57;uptime_s=585450;heap=152596;cal_tier=board-cal;cal_src=wet_rederive_1236_20260719;pressure_context_source=weather_openmeteo;transport=wifi_poll,
plants.env,2026-07-28T08:50:24.105Z,2026-07-28 03:50:24.105,23980,2a89d4,8gtt1h,0.7.3,fleet_logger_0_1,585450719,ESP32,esp32_die,on_chip,die_temp,,23.70,degC,OK,,,,,name=c5off1;source=esp32_die;cal=uncalibrated_board_proxy;api=temperatureRead;config_id=170b1c1e;transport=wifi_poll,
plants.soil,2026-07-28T08:50:54.496Z,2026-07-28 03:50:54.496,23981,2a89d4,8gtt1h,0.7.3,fleet_logger_0_1,585480035,UMLIFE_v2_TLC555,ch0,origplant,soil_moisture,1232,,,OK,,,983.4,,name=c5off1;level=overwatered;role=disp;spread=15;gpio=1;device_seq=78060;time_source=device_synced;device_timestamp_utc=2026-07-28T08:50:31.989Z;config_id=170b1c1e;rssi=-56;uptime_s=585480;heap=152340;cal_tier=board-cal;cal_src=wet_rederive_1236_20260719;pressure_context_source=weather_openmeteo;transport=wifi_poll,
plants.soil,2026-07-28T08:50:54.496Z,2026-07-28 03:50:54.496,23982,2a89d4,8gtt1h,0.7.3,fleet_logger_0_1,585480035,UMLIFE_v2_TLC555,ch1,origplant,soil_moisture,1390,,,OK,,,983.4,,name=c5off1;level=well watered;role=disp;spread=10;gpio=4;device_seq=78061;time_source=device_synced;device_timestamp_utc=2026-07-28T08:50:31.989Z;config_id=170b1c1e;rssi=-56;uptime_s=585480;heap=152340;cal_tier=board-cal;cal_src=wet_rederive_1236_20260719;pressure_context_source=weather_openmeteo;transport=wifi_poll,
plants.soil,2026-07-28T08:50:54.496Z,2026-07-28 03:50:54.496,23983,2a89d4,8gtt1h,0.7.3,fleet_logger_0_1,585480035,UMLIFE_v2_TLC555,ch2,origplant,soil_moisture,1254,,,OK,,,983.4,,name=c5off1;level=overwatered;role=disp;spread=8;gpio=5;device_seq=78062;time_source=device_synced;device_timestamp_utc=2026-07-28T08:50:31.989Z;config_id=170b1c1e;rssi=-56;uptime_s=585480;heap=152340;cal_tier=board-cal;cal_src=wet_rederive_1236_20260719;pressure_context_source=weather_openmeteo;transport=wifi_poll,
plants.soil,2026-07-28T08:50:54.496Z,2026-07-28 03:50:54.496,23984,2a89d4,8gtt1h,0.7.3,fleet_logger_0_1,585480035,UMLIFE_v2_TLC555,ch3,origplant,soil_moisture,1610,,,OK,,,983.4,,name=c5off1;level=OK;role=disp;spread=6;gpio=6;device_seq=78063;time_source=device_synced;device_timestamp_utc=2026-07-28T08:50:31.989Z;config_id=170b1c1e;rssi=-56;uptime_s=585480;heap=152340;cal_tier=board-cal;cal_src=wet_rederive_1236_20260719;pressure_context_source=weather_openmeteo;transport=wifi_poll,
plants.env,2026-07-28T08:50:54.496Z,2026-07-28 03:50:54.496,23985,2a89d4,8gtt1h,0.7.3,fleet_logger_0_1,585480719,ESP32,esp32_die,on_chip,die_temp,,23.70,degC,OK,,,,,name=c5off1;source=esp32_die;cal=uncalibrated_board_proxy;api=temperatureRead;config_id=170b1c1e;transport=wifi_poll,
plants.soil,2026-07-28T08:51:24.908Z,2026-07-28 03:51:24.908,23986,2a89d4,8gtt1h,0.7.3,fleet_logger_0_1,585510035,UMLIFE_v2_TLC555,ch0,origplant,soil_moisture,1232,,,OK,,,983.4,,name=c5off1;level=overwatered;role=disp;spread=12;gpio=1;device_seq=78064;time_source=device_synced;device_timestamp_utc=2026-07-28T08:51:01.989Z;config_id=170b1c1e;rssi=-59;uptime_s=585510;heap=152388;cal_tier=board-cal;cal_src=wet_rederive_1236_20260719;pressure_context_source=weather_openmeteo;transport=wifi_poll,
plants.soil,2026-07-28T08:51:24.908Z,2026-07-28 03:51:24.908,23987,2a89d4,8gtt1h,0.7.3,fleet_logger_0_1,585510035,UMLIFE_v2_TLC555,ch1,origplant,soil_moisture,1391,,,OK,,,983.4,,name=c5off1;level=well watered;role=disp;spread=16;gpio=4;device_seq=78065;time_source=device_synced;device_timestamp_utc=2026-07-28T08:51:01.989Z;config_id=170b1c1e;rssi=-59;uptime_s=585510;heap=152388;cal_tier=board-cal;cal_src=wet_rederive_1236_20260719;pressure_context_source=weather_openmeteo;transport=wifi_poll,
plants.soil,2026-07-28T08:51:24.908Z,2026-07-28 03:51:24.908,23988,2a89d4,8gtt1h,0.7.3,fleet_logger_0_1,585510035,UMLIFE_v2_TLC555,ch2,origplant,soil_moisture,1255,,,OK,,,983.4,,name=c5off1;level=overwatered;role=disp;spread=17;gpio=5;device_seq=78066;time_source=device_synced;device_timestamp_utc=2026-07-28T08:51:01.989Z;config_id=170b1c1e;rssi=-59;uptime_s=585510;heap=152388;cal_tier=board-cal;cal_src=wet_rederive_1236_20260719;pressure_context_source=weather_openmeteo;transport=wifi_poll,
plants.soil,2026-07-28T08:51:24.908Z,2026-07-28 03:51:24.908,23989,2a89d4,8gtt1h,0.7.3,fleet_logger_0_1,585510035,UMLIFE_v2_TLC555,ch3,origplant,soil_moisture,1608,,,OK,,,983.4,,name=c5off1;level=OK;role=disp;spread=24;gpio=6;device_seq=78067;time_source=device_synced;device_timestamp_utc=2026-07-28T08:51:01.989Z;config_id=170b1c1e;rssi=-59;uptime_s=585510;heap=152388;cal_tier=board-cal;cal_src=wet_rederive_1236_20260719;pressure_context_source=weather_openmeteo;transport=wifi_poll,
plants.env,2026-07-28T08:51:24.908Z,2026-07-28 03:51:24.908,23990,2a89d4,8gtt1h,0.7.3,fleet_logger_0_1,585510719,ESP32,esp32_die,on_chip,die_temp,,23.70,degC,OK,,,,,name=c5off1;source=esp32_die;cal=uncalibrated_board_proxy;api=temperatureRead;config_id=170b1c1e;transport=wifi_poll,
plants.soil,2026-07-28T08:52:28.090Z,2026-07-28 03:52:28.090,23991,2a89d4,8gtt1h,0.7.3,fleet_logger_0_1,585570035,UMLIFE_v2_TLC555,ch0,origplant,soil_moisture,1231,,,OK,,,983.4,,name=c5off1;level=overwatered;role=disp;spread=6;gpio=1;device_seq=78072;time_source=device_synced;device_timestamp_utc=2026-07-28T08:52:01.989Z;config_id=170b1c1e;rssi=-59;uptime_s=585570;heap=152900;cal_tier=board-cal;cal_src=wet_rederive_1236_20260719;pressure_context_source=weather_openmeteo;transport=wifi_poll,
plants.soil,2026-07-28T08:52:28.090Z,2026-07-28 03:52:28.090,23992,2a89d4,8gtt1h,0.7.3,fleet_logger_0_1,585570035,UMLIFE_v2_TLC555,ch1,origplant,soil_moisture,1391,,,OK,,,983.4,,name=c5off1;level=well watered;role=disp;spread=31;gpio=4;device_seq=78073;time_source=device_synced;device_timestamp_utc=2026-07-28T08:52:01.989Z;config_id=170b1c1e;rssi=-59;uptime_s=585570;heap=152900;cal_tier=board-cal;cal_src=wet_rederive_1236_20260719;pressure_context_source=weather_openmeteo;transport=wifi_poll,
plants.soil,2026-07-28T08:52:28.090Z,2026-07-28 03:52:28.090,23993,2a89d4,8gtt1h,0.7.3,fleet_logger_0_1,585570035,UMLIFE_v2_TLC555,ch2,origplant,soil_moisture,1257,,,OK,,,983.4,,name=c5off1;level=overwatered;role=disp;spread=11;gpio=5;device_seq=78074;time_source=device_synced;device_timestamp_utc=2026-07-28T08:52:01.989Z;config_id=170b1c1e;rssi=-59;uptime_s=585570;heap=152900;cal_tier=board-cal;cal_src=wet_rederive_1236_20260719;pressure_context_source=weather_openmeteo;transport=wifi_poll,
plants.soil,2026-07-28T08:52:28.090Z,2026-07-28 03:52:28.090,23994,2a89d4,8gtt1h,0.7.3,fleet_logger_0_1,585570035,UMLIFE_v2_TLC555,ch3,origplant,soil_moisture,1610,,,OK,,,983.4,,name=c5off1;level=OK;role=disp;spread=22;gpio=6;device_seq=78075;time_source=device_synced;device_timestamp_utc=2026-07-28T08:52:01.989Z;config_id=170b1c1e;rssi=-59;uptime_s=585570;heap=152900;cal_tier=board-cal;cal_src=wet_rederive_1236_20260719;pressure_context_source=weather_openmeteo;transport=wifi_poll,
plants.env,2026-07-28T08:52:28.090Z,2026-07-28 03:52:28.090,23995,2a89d4,8gtt1h,0.7.3,fleet_logger_0_1,585570719,ESP32,esp32_die,on_chip,die_temp,,24.70,degC,OK,,,,,name=c5off1;source=esp32_die;cal=uncalibrated_board_proxy;api=temperatureRead;config_id=170b1c1e;transport=wifi_poll,
plants.soil,2026-07-28T08:52:58.400Z,2026-07-28 03:52:58.400,23996,2a89d4,8gtt1h,0.7.3,fleet_logger_0_1,585600035,UMLIFE_v2_TLC555,ch0,origplant,soil_moisture,1232,,,OK,,,983.4,,name=c5off1;level=overwatered;role=disp;spread=4;gpio=1;device_seq=78076;time_source=device_synced;device_timestamp_utc=2026-07-28T08:52:31.989Z;config_id=170b1c1e;rssi=-58;uptime_s=585600;heap=152900;cal_tier=board-cal;cal_src=wet_rederive_1236_20260719;pressure_context_source=weather_openmeteo;transport=wifi_poll,
plants.soil,2026-07-28T08:52:58.400Z,2026-07-28 03:52:58.400,23997,2a89d4,8gtt1h,0.7.3,fleet_logger_0_1,585600035,UMLIFE_v2_TLC555,ch1,origplant,soil_moisture,1391,,,OK,,,983.4,,name=c5off1;level=well watered;role=disp;spread=18;gpio=4;device_seq=78077;time_source=device_synced;device_timestamp_utc=2026-07-28T08:52:31.989Z;config_id=170b1c1e;rssi=-58;uptime_s=585600;heap=152900;cal_tier=board-cal;cal_src=wet_rederive_1236_20260719;pressure_context_source=weather_openmeteo;transport=wifi_poll,
plants.soil,2026-07-28T08:52:58.400Z,2026-07-28 03:52:58.400,23998,2a89d4,8gtt1h,0.7.3,fleet_logger_0_1,585600035,UMLIFE_v2_TLC555,ch2,origplant,soil_moisture,1255,,,OK,,,983.4,,name=c5off1;level=overwatered;role=disp;spread=17;gpio=5;device_seq=78078;time_source=device_synced;device_timestamp_utc=2026-07-28T08:52:31.989Z;config_id=170b1c1e;rssi=-58;uptime_s=585600;heap=152900;cal_tier=board-cal;cal_src=wet_rederive_1236_20260719;pressure_context_source=weather_openmeteo;transport=wifi_poll,
plants.soil,2026-07-28T08:52:58.400Z,2026-07-28 03:52:58.400,23999,2a89d4,8gtt1h,0.7.3,fleet_logger_0_1,585600035,UMLIFE_v2_TLC555,ch3,origplant,soil_moisture,1607,,,OK,,,983.4,,name=c5off1;level=OK;role=disp;spread=23;gpio=6;device_seq=78079;time_source=device_synced;device_timestamp_utc=2026-07-28T08:52:31.989Z;config_id=170b1c1e;rssi=-58;uptime_s=585600;heap=152900;cal_tier=board-cal;cal_src=wet_rederive_1236_20260719;pressure_context_source=weather_openmeteo;transport=wifi_poll,
plants.env,2026-07-28T08:52:58.400Z,2026-07-28 03:52:58.400,24000,2a89d4,8gtt1h,0.7.3,fleet_logger_0_1,585601819,ESP32,esp32_die,on_chip,die_temp,,23.70,degC,OK,,,,,name=c5off1;source=esp32_die;cal=uncalibrated_board_proxy;api=temperatureRead;config_id=170b1c1e;transport=wifi_poll,
plants.soil,2026-07-28T08:53:28.709Z,2026-07-28 03:53:28.709,24001,2a89d4,8gtt1h,0.7.3,fleet_logger_0_1,585630035,UMLIFE_v2_TLC555,ch0,origplant,soil_moisture,1233,,,OK,,,983.4,,name=c5off1;level=overwatered;role=disp;spread=8;gpio=1;device_seq=78080;time_source=device_synced;device_timestamp_utc=2026-07-28T08:53:01.989Z;config_id=170b1c1e;rssi=-57;uptime_s=585630;heap=152904;cal_tier=board-cal;cal_src=wet_rederive_1236_20260719;pressure_context_source=weather_openmeteo;transport=wifi_poll,
plants.soil,2026-07-28T08:53:28.709Z,2026-07-28 03:53:28.709,24002,2a89d4,8gtt1h,0.7.3,fleet_logger_0_1,585630035,UMLIFE_v2_TLC555,ch1,origplant,soil_moisture,1391,,,OK,,,983.4,,name=c5off1;level=well watered;role=disp;spread=9;gpio=4;device_seq=78081;time_source=device_synced;device_timestamp_utc=2026-07-28T08:53:01.989Z;config_id=170b1c1e;rssi=-57;uptime_s=585630;heap=152904;cal_tier=board-cal;cal_src=wet_rederive_1236_20260719;pressure_context_source=weather_openmeteo;transport=wifi_poll,
plants.soil,2026-07-28T08:53:28.709Z,2026-07-28 03:53:28.709,24003,2a89d4,8gtt1h,0.7.3,fleet_logger_0_1,585630035,UMLIFE_v2_TLC555,ch2,origplant,soil_moisture,1255,,,OK,,,983.4,,name=c5off1;level=overwatered;role=disp;spread=6;gpio=5;device_seq=78082;time_source=device_synced;device_timestamp_utc=2026-07-28T08:53:01.989Z;config_id=170b1c1e;rssi=-57;uptime_s=585630;heap=152904;cal_tier=board-cal;cal_src=wet_rederive_1236_20260719;pressure_context_source=weather_openmeteo;transport=wifi_poll,
plants.soil,2026-07-28T08:53:28.709Z,2026-07-28 03:53:28.709,24004,2a89d4,8gtt1h,0.7.3,fleet_logger_0_1,585630035,UMLIFE_v2_TLC555,ch3,origplant,soil_moisture,1609,,,OK,,,983.4,,name=c5off1;level=OK;role=disp;spread=19;gpio=6;device_seq=78083;time_source=device_synced;device_timestamp_utc=2026-07-28T08:53:01.989Z;config_id=170b1c1e;rssi=-57;uptime_s=585630;heap=152904;cal_tier=board-cal;cal_src=wet_rederive_1236_20260719;pressure_context_source=weather_openmeteo;transport=wifi_poll,
plants.env,2026-07-28T08:53:28.709Z,2026-07-28 03:53:28.709,24005,2a89d4,8gtt1h,0.7.3,fleet_logger_0_1,585630719,ESP32,esp32_die,on_chip,die_temp,,23.70,degC,OK,,,,,name=c5off1;source=esp32_die;cal=uncalibrated_board_proxy;api=temperatureRead;config_id=170b1c1e;transport=wifi_poll,
plants.soil,2026-07-28T08:53:59.029Z,2026-07-28 03:53:59.029,24006,2a89d4,8gtt1h,0.7.3,fleet_logger_0_1,585660035,UMLIFE_v2_TLC555,ch0,origplant,soil_moisture,1230,,,OK,,,983.4,,name=c5off1;level=overwatered;role=disp;spread=13;gpio=1;device_seq=78084;time_source=device_synced;device_timestamp_utc=2026-07-28T08:53:31.989Z;config_id=170b1c1e;rssi=-57;uptime_s=585660;heap=152644;cal_tier=board-cal;cal_src=wet_rederive_1236_20260719;pressure_context_source=weather_openmeteo;transport=wifi_poll,
plants.soil,2026-07-28T08:53:59.029Z,2026-07-28 03:53:59.029,24007,2a89d4,8gtt1h,0.7.3,fleet_logger_0_1,585660035,UMLIFE_v2_TLC555,ch1,origplant,soil_moisture,1389,,,OK,,,983.4,,name=c5off1;level=well watered;role=disp;spread=26;gpio=4;device_seq=78085;time_source=device_synced;device_timestamp_utc=2026-07-28T08:53:31.989Z;config_id=170b1c1e;rssi=-57;uptime_s=585660;heap=152644;cal_tier=board-cal;cal_src=wet_rederive_1236_20260719;pressure_context_source=weather_openmeteo;transport=wifi_poll,
plants.soil,2026-07-28T08:53:59.029Z,2026-07-28 03:53:59.029,24008,2a89d4,8gtt1h,0.7.3,fleet_logger_0_1,585660035,UMLIFE_v2_TLC555,ch2,origplant,soil_moisture,1255,,,OK,,,983.4,,name=c5off1;level=overwatered;role=disp;spread=10;gpio=5;device_seq=78086;time_source=device_synced;device_timestamp_utc=2026-07-28T08:53:31.989Z;config_id=170b1c1e;rssi=-57;uptime_s=585660;heap=152644;cal_tier=board-cal;cal_src=wet_rederive_1236_20260719;pressure_context_source=weather_openmeteo;transport=wifi_poll,
plants.soil,2026-07-28T08:53:59.029Z,2026-07-28 03:53:59.029,24009,2a89d4,8gtt1h,0.7.3,fleet_logger_0_1,585660035,UMLIFE_v2_TLC555,ch3,origplant,soil_moisture,1610,,,OK,,,983.4,,name=c5off1;level=OK;role=disp;spread=16;gpio=6;device_seq=78087;time_source=device_synced;device_timestamp_utc=2026-07-28T08:53:31.989Z;config_id=170b1c1e;rssi=-57;uptime_s=585660;heap=152644;cal_tier=board-cal;cal_src=wet_rederive_1236_20260719;pressure_context_source=weather_openmeteo;transport=wifi_poll,
plants.env,2026-07-28T08:53:59.029Z,2026-07-28 03:53:59.029,24010,2a89d4,8gtt1h,0.7.3,fleet_logger_0_1,585660720,ESP32,esp32_die,on_chip,die_temp,,23.70,degC,OK,,,,,name=c5off1;source=esp32_die;cal=uncalibrated_board_proxy;api=temperatureRead;config_id=170b1c1e;transport=wifi_poll,
plants.soil,2026-07-28T08:54:29.433Z,2026-07-28 03:54:29.433,24011,2a89d4,8gtt1h,0.7.3,fleet_logger_0_1,585690035,UMLIFE_v2_TLC555,ch0,origplant,soil_moisture,1224,,,OK,,,983.4,,name=c5off1;level=overwatered;role=disp;spread=8;gpio=1;device_seq=78088;time_source=device_synced;device_timestamp_utc=2026-07-28T08:54:01.989Z;config_id=170b1c1e;rssi=-57;uptime_s=585690;heap=152388;cal_tier=board-cal;cal_src=wet_rederive_1236_20260719;pressure_context_source=weather_openmeteo;transport=wifi_poll,
plants.soil,2026-07-28T08:54:29.433Z,2026-07-28 03:54:29.433,24012,2a89d4,8gtt1h,0.7.3,fleet_logger_0_1,585690035,UMLIFE_v2_TLC555,ch1,origplant,soil_moisture,1387,,,OK,,,983.4,,name=c5off1;level=well watered;role=disp;spread=21;gpio=4;device_seq=78089;time_source=device_synced;device_timestamp_utc=2026-07-28T08:54:01.989Z;config_id=170b1c1e;rssi=-57;uptime_s=585690;heap=152388;cal_tier=board-cal;cal_src=wet_rederive_1236_20260719;pressure_context_source=weather_openmeteo;transport=wifi_poll,
plants.soil,2026-07-28T08:54:29.433Z,2026-07-28 03:54:29.433,24013,2a89d4,8gtt1h,0.7.3,fleet_logger_0_1,585690035,UMLIFE_v2_TLC555,ch2,origplant,soil_moisture,1257,,,OK,,,983.4,,name=c5off1;level=overwatered;role=disp;spread=19;gpio=5;device_seq=78090;time_source=device_synced;device_timestamp_utc=2026-07-28T08:54:01.989Z;config_id=170b1c1e;rssi=-57;uptime_s=585690;heap=152388;cal_tier=board-cal;cal_src=wet_rederive_1236_20260719;pressure_context_source=weather_openmeteo;transport=wifi_poll,
plants.soil,2026-07-28T08:54:29.433Z,2026-07-28 03:54:29.433,24014,2a89d4,8gtt1h,0.7.3,fleet_logger_0_1,585690035,UMLIFE_v2_TLC555,ch3,origplant,soil_moisture,1608,,,OK,,,983.4,,name=c5off1;level=OK;role=disp;spread=25;gpio=6;device_seq=78091;time_source=device_synced;device_timestamp_utc=2026-07-28T08:54:01.989Z;config_id=170b1c1e;rssi=-57;uptime_s=585690;heap=152388;cal_tier=board-cal;cal_src=wet_rederive_1236_20260719;pressure_context_source=weather_openmeteo;transport=wifi_poll,
plants.env,2026-07-28T08:54:29.433Z,2026-07-28 03:54:29.433,24015,2a89d4,8gtt1h,0.7.3,fleet_logger_0_1,585690719,ESP32,esp32_die,on_chip,die_temp,,23.70,degC,OK,,,,,name=c5off1;source=esp32_die;cal=uncalibrated_board_proxy;api=temperatureRead;config_id=170b1c1e;transport=wifi_poll,
plants.soil,2026-07-28T08:54:59.950Z,2026-07-28 03:54:59.950,24016,2a89d4,8gtt1h,0.7.3,fleet_logger_0_1,585720035,UMLIFE_v2_TLC555,ch0,origplant,soil_moisture,1231,,,OK,,,983.4,,name=c5off1;level=overwatered;role=disp;spread=20;gpio=1;device_seq=78092;time_source=device_synced;device_timestamp_utc=2026-07-28T08:54:31.989Z;config_id=170b1c1e;rssi=-58;uptime_s=585720;heap=152648;cal_tier=board-cal;cal_src=wet_rederive_1236_20260719;pressure_context_source=weather_openmeteo;transport=wifi_poll,
plants.soil,2026-07-28T08:54:59.950Z,2026-07-28 03:54:59.950,24017,2a89d4,8gtt1h,0.7.3,fleet_logger_0_1,585720035,UMLIFE_v2_TLC555,ch1,origplant,soil_moisture,1391,,,OK,,,983.4,,name=c5off1;level=well watered;role=disp;spread=13;gpio=4;device_seq=78093;time_source=device_synced;device_timestamp_utc=2026-07-28T08:54:31.989Z;config_id=170b1c1e;rssi=-58;uptime_s=585720;heap=152648;cal_tier=board-cal;cal_src=wet_rederive_1236_20260719;pressure_context_source=weather_openmeteo;transport=wifi_poll,
plants.soil,2026-07-28T08:54:59.950Z,2026-07-28 03:54:59.950,24018,2a89d4,8gtt1h,0.7.3,fleet_logger_0_1,585720035,UMLIFE_v2_TLC555,ch2,origplant,soil_moisture,1255,,,OK,,,983.4,,name=c5off1;level=overwatered;role=disp;spread=18;gpio=5;device_seq=78094;time_source=device_synced;device_timestamp_utc=2026-07-28T08:54:31.989Z;config_id=170b1c1e;rssi=-58;uptime_s=585720;heap=152648;cal_tier=board-cal;cal_src=wet_rederive_1236_20260719;pressure_context_source=weather_openmeteo;transport=wifi_poll,
plants.soil,2026-07-28T08:54:59.950Z,2026-07-28 03:54:59.950,24019,2a89d4,8gtt1h,0.7.3,fleet_logger_0_1,585720035,UMLIFE_v2_TLC555,ch3,origplant,soil_moisture,1608,,,OK,,,983.4,,name=c5off1;level=OK;role=disp;spread=20;gpio=6;device_seq=78095;time_source=device_synced;device_timestamp_utc=2026-07-28T08:54:31.989Z;config_id=170b1c1e;rssi=-58;uptime_s=585720;heap=152648;cal_tier=board-cal;cal_src=wet_rederive_1236_20260719;pressure_context_source=weather_openmeteo;transport=wifi_poll,
plants.env,2026-07-28T08:54:59.950Z,2026-07-28 03:54:59.950,24020,2a89d4,8gtt1h,0.7.3,fleet_logger_0_1,585720719,ESP32,esp32_die,on_chip,die_temp,,23.70,degC,OK,,,,,name=c5off1;source=esp32_die;cal=uncalibrated_board_proxy;api=temperatureRead;config_id=170b1c1e;transport=wifi_poll,
plants.soil,2026-07-28T08:55:30.668Z,2026-07-28 03:55:30.668,24021,2a89d4,8gtt1h,0.7.3,fleet_logger_0_1,585750035,UMLIFE_v2_TLC555,ch0,origplant,soil_moisture,1232,,,OK,,,983.4,,name=c5off1;level=overwatered;role=disp;spread=8;gpio=1;device_seq=78096;time_source=device_synced;device_timestamp_utc=2026-07-28T08:55:01.989Z;config_id=170b1c1e;rssi=-57;uptime_s=585750;heap=152648;cal_tier=board-cal;cal_src=wet_rederive_1236_20260719;pressure_context_source=weather_openmeteo;transport=wifi_poll,
plants.soil,2026-07-28T08:55:30.668Z,2026-07-28 03:55:30.668,24022,2a89d4,8gtt1h,0.7.3,fleet_logger_0_1,585750035,UMLIFE_v2_TLC555,ch1,origplant,soil_moisture,1391,,,OK,,,983.4,,name=c5off1;level=well watered;role=disp;spread=9;gpio=4;device_seq=78097;time_source=device_synced;device_timestamp_utc=2026-07-28T08:55:01.989Z;config_id=170b1c1e;rssi=-57;uptime_s=585750;heap=152648;cal_tier=board-cal;cal_src=wet_rederive_1236_20260719;pressure_context_source=weather_openmeteo;transport=wifi_poll,
plants.soil,2026-07-28T08:55:30.668Z,2026-07-28 03:55:30.668,24023,2a89d4,8gtt1h,0.7.3,fleet_logger_0_1,585750035,UMLIFE_v2_TLC555,ch2,origplant,soil_moisture,1253,,,OK,,,983.4,,name=c5off1;level=overwatered;role=disp;spread=7;gpio=5;device_seq=78098;time_source=device_synced;device_timestamp_utc=2026-07-28T08:55:01.989Z;config_id=170b1c1e;rssi=-57;uptime_s=585750;heap=152648;cal_tier=board-cal;cal_src=wet_rederive_1236_20260719;pressure_context_source=weather_openmeteo;transport=wifi_poll,
plants.soil,2026-07-28T08:55:30.668Z,2026-07-28 03:55:30.668,24024,2a89d4,8gtt1h,0.7.3,fleet_logger_0_1,585750035,UMLIFE_v2_TLC555,ch3,origplant,soil_moisture,1609,,,OK,,,983.4,,name=c5off1;level=OK;role=disp;spread=10;gpio=6;device_seq=78099;time_source=device_synced;device_timestamp_utc=2026-07-28T08:55:01.989Z;config_id=170b1c1e;rssi=-57;uptime_s=585750;heap=152648;cal_tier=board-cal;cal_src=wet_rederive_1236_20260719;pressure_context_source=weather_openmeteo;transport=wifi_poll,
plants.env,2026-07-28T08:55:30.668Z,2026-07-28 03:55:30.668,24025,2a89d4,8gtt1h,0.7.3,fleet_logger_0_1,585750719,ESP32,esp32_die,on_chip,die_temp,,23.70,degC,OK,,,,,name=c5off1;source=esp32_die;cal=uncalibrated_board_proxy;api=temperatureRead;config_id=170b1c1e;transport=wifi_poll,
plants.soil,2026-07-28T08:56:01.080Z,2026-07-28 03:56:01.080,24026,2a89d4,8gtt1h,0.7.3,fleet_logger_0_1,585780035,UMLIFE_v2_TLC555,ch0,origplant,soil_moisture,1232,,,OK,,,983.4,,name=c5off1;level=overwatered;role=disp;spread=15;gpio=1;device_seq=78100;time_source=device_synced;device_timestamp_utc=2026-07-28T08:55:31.989Z;config_id=170b1c1e;rssi=-57;uptime_s=585780;heap=152644;cal_tier=board-cal;cal_src=wet_rederive_1236_20260719;pressure_context_source=weather_openmeteo;transport=wifi_poll,
plants.soil,2026-07-28T08:56:01.080Z,2026-07-28 03:56:01.080,24027,2a89d4,8gtt1h,0.7.3,fleet_logger_0_1,585780035,UMLIFE_v2_TLC555,ch1,origplant,soil_moisture,1392,,,OK,,,983.4,,name=c5off1;level=well watered;role=disp;spread=20;gpio=4;device_seq=78101;time_source=device_synced;device_timestamp_utc=2026-07-28T08:55:31.989Z;config_id=170b1c1e;rssi=-57;uptime_s=585780;heap=152644;cal_tier=board-cal;cal_src=wet_rederive_1236_20260719;pressure_context_source=weather_openmeteo;transport=wifi_poll,
plants.soil,2026-07-28T08:56:01.080Z,2026-07-28 03:56:01.080,24028,2a89d4,8gtt1h,0.7.3,fleet_logger_0_1,585780035,UMLIFE_v2_TLC555,ch2,origplant,soil_moisture,1255,,,OK,,,983.4,,name=c5off1;level=overwatered;role=disp;spread=7;gpio=5;device_seq=78102;time_source=device_synced;device_timestamp_utc=2026-07-28T08:55:31.989Z;config_id=170b1c1e;rssi=-57;uptime_s=585780;heap=152644;cal_tier=board-cal;cal_src=wet_rederive_1236_20260719;pressure_context_source=weather_openmeteo;transport=wifi_poll,
plants.soil,2026-07-28T08:56:01.080Z,2026-07-28 03:56:01.080,24029,2a89d4,8gtt1h,0.7.3,fleet_logger_0_1,585780035,UMLIFE_v2_TLC555,ch3,origplant,soil_moisture,1608,,,OK,,,983.4,,name=c5off1;level=OK;role=disp;spread=12;gpio=6;device_seq=78103;time_source=device_synced;device_timestamp_utc=2026-07-28T08:55:31.989Z;config_id=170b1c1e;rssi=-57;uptime_s=585780;heap=152644;cal_tier=board-cal;cal_src=wet_rederive_1236_20260719;pressure_context_source=weather_openmeteo;transport=wifi_poll,
plants.env,2026-07-28T08:56:01.080Z,2026-07-28 03:56:01.080,24030,2a89d4,8gtt1h,0.7.3,fleet_logger_0_1,585780719,ESP32,esp32_die,on_chip,die_temp,,23.70,degC,OK,,,,,name=c5off1;source=esp32_die;cal=uncalibrated_board_proxy;api=temperatureRead;config_id=170b1c1e;transport=wifi_poll,
plants.soil,2026-07-28T08:56:31.697Z,2026-07-28 03:56:31.697,24031,2a89d4,8gtt1h,0.7.3,fleet_logger_0_1,585810035,UMLIFE_v2_TLC555,ch0,origplant,soil_moisture,1230,,,OK,,,983.4,,name=c5off1;level=overwatered;role=disp;spread=19;gpio=1;device_seq=78104;time_source=device_synced;device_timestamp_utc=2026-07-28T08:56:01.989Z;config_id=170b1c1e;rssi=-59;uptime_s=585810;heap=152660;cal_tier=board-cal;cal_src=wet_rederive_1236_20260719;pressure_context_source=weather_openmeteo;transport=wifi_poll,
plants.soil,2026-07-28T08:56:31.697Z,2026-07-28 03:56:31.697,24032,2a89d4,8gtt1h,0.7.3,fleet_logger_0_1,585810035,UMLIFE_v2_TLC555,ch1,origplant,soil_moisture,1389,,,OK,,,983.4,,name=c5off1;level=well watered;role=disp;spread=21;gpio=4;device_seq=78105;time_source=device_synced;device_timestamp_utc=2026-07-28T08:56:01.989Z;config_id=170b1c1e;rssi=-59;uptime_s=585810;heap=152660;cal_tier=board-cal;cal_src=wet_rederive_1236_20260719;pressure_context_source=weather_openmeteo;transport=wifi_poll,
plants.soil,2026-07-28T08:56:31.697Z,2026-07-28 03:56:31.697,24033,2a89d4,8gtt1h,0.7.3,fleet_logger_0_1,585810035,UMLIFE_v2_TLC555,ch2,origplant,soil_moisture,1254,,,OK,,,983.4,,name=c5off1;level=overwatered;role=disp;spread=10;gpio=5;device_seq=78106;time_source=device_synced;device_timestamp_utc=2026-07-28T08:56:01.989Z;config_id=170b1c1e;rssi=-59;uptime_s=585810;heap=152660;cal_tier=board-cal;cal_src=wet_rederive_1236_20260719;pressure_context_source=weather_openmeteo;transport=wifi_poll,
plants.soil,2026-07-28T08:56:31.697Z,2026-07-28 03:56:31.697,24034,2a89d4,8gtt1h,0.7.3,fleet_logger_0_1,585810035,UMLIFE_v2_TLC555,ch3,origplant,soil_moisture,1609,,,OK,,,983.4,,name=c5off1;level=OK;role=disp;spread=19;gpio=6;device_seq=78107;time_source=device_synced;device_timestamp_utc=2026-07-28T08:56:01.989Z;config_id=170b1c1e;rssi=-59;uptime_s=585810;heap=152660;cal_tier=board-cal;cal_src=wet_rederive_1236_20260719;pressure_context_source=weather_openmeteo;transport=wifi_poll,
plants.env,2026-07-28T08:56:31.697Z,2026-07-28 03:56:31.697,24035,2a89d4,8gtt1h,0.7.3,fleet_logger_0_1,585810719,ESP32,esp32_die,on_chip,die_temp,,23.70,degC,OK,,,,,name=c5off1;source=esp32_die;cal=uncalibrated_board_proxy;api=temperatureRead;config_id=170b1c1e;transport=wifi_poll,
plants.soil,2026-07-28T08:57:02.628Z,2026-07-28 03:57:02.628,24036,2a89d4,8gtt1h,0.7.3,fleet_logger_0_1,585870035,UMLIFE_v2_TLC555,ch0,origplant,soil_moisture,1232,,,OK,,,983.4,,name=c5off1;level=overwatered;role=disp;spread=12;gpio=1;device_seq=78112;time_source=device_synced;device_timestamp_utc=2026-07-28T08:57:01.989Z;config_id=170b1c1e;rssi=-48;uptime_s=585870;heap=152656;cal_tier=board-cal;cal_src=wet_rederive_1236_20260719;pressure_context_source=weather_openmeteo;transport=wifi_poll,
plants.soil,2026-07-28T08:57:02.628Z,2026-07-28 03:57:02.628,24037,2a89d4,8gtt1h,0.7.3,fleet_logger_0_1,585870035,UMLIFE_v2_TLC555,ch1,origplant,soil_moisture,1390,,,OK,,,983.4,,name=c5off1;level=well watered;role=disp;spread=9;gpio=4;device_seq=78113;time_source=device_synced;device_timestamp_utc=2026-07-28T08:57:01.989Z;config_id=170b1c1e;rssi=-48;uptime_s=585870;heap=152656;cal_tier=board-cal;cal_src=wet_rederive_1236_20260719;pressure_context_source=weather_openmeteo;transport=wifi_poll,
plants.soil,2026-07-28T08:57:02.628Z,2026-07-28 03:57:02.628,24038,2a89d4,8gtt1h,0.7.3,fleet_logger_0_1,585870035,UMLIFE_v2_TLC555,ch2,origplant,soil_moisture,1254,,,OK,,,983.4,,name=c5off1;level=overwatered;role=disp;spread=16;gpio=5;device_seq=78114;time_source=device_synced;device_timestamp_utc=2026-07-28T08:57:01.989Z;config_id=170b1c1e;rssi=-48;uptime_s=585870;heap=152656;cal_tier=board-cal;cal_src=wet_rederive_1236_20260719;pressure_context_source=weather_openmeteo;transport=wifi_poll,
plants.soil,2026-07-28T08:57:02.628Z,2026-07-28 03:57:02.628,24039,2a89d4,8gtt1h,0.7.3,fleet_logger_0_1,585870035,UMLIFE_v2_TLC555,ch3,origplant,soil_moisture,1609,,,OK,,,983.4,,name=c5off1;level=OK;role=disp;spread=22;gpio=6;device_seq=78115;time_source=device_synced;device_timestamp_utc=2026-07-28T08:57:01.989Z;config_id=170b1c1e;rssi=-48;uptime_s=585870;heap=152656;cal_tier=board-cal;cal_src=wet_rederive_1236_20260719;pressure_context_source=weather_openmeteo;transport=wifi_poll,
plants.env,2026-07-28T08:57:02.628Z,2026-07-28 03:57:02.628,24040,2a89d4,8gtt1h,0.7.3,fleet_logger_0_1,585870719,ESP32,esp32_die,on_chip,die_temp,,23.70,degC,OK,,,,,name=c5off1;source=esp32_die;cal=uncalibrated_board_proxy;api=temperatureRead;config_id=170b1c1e;transport=wifi_poll,
plants.soil,2026-07-28T08:57:33.344Z,2026-07-28 03:57:33.344,24041,2a89d4,8gtt1h,0.7.3,fleet_logger_0_1,585900035,UMLIFE_v2_TLC555,ch0,origplant,soil_moisture,1229,,,OK,,,983.4,,name=c5off1;level=overwatered;role=disp;spread=16;gpio=1;device_seq=78116;time_source=device_synced;device_timestamp_utc=2026-07-28T08:57:31.989Z;config_id=170b1c1e;rssi=-60;uptime_s=585900;heap=152864;cal_tier=board-cal;cal_src=wet_rederive_1236_20260719;pressure_context_source=weather_openmeteo;transport=wifi_poll,
plants.soil,2026-07-28T08:57:33.344Z,2026-07-28 03:57:33.344,24042,2a89d4,8gtt1h,0.7.3,fleet_logger_0_1,585900035,UMLIFE_v2_TLC555,ch1,origplant,soil_moisture,1391,,,OK,,,983.4,,name=c5off1;level=well watered;role=disp;spread=20;gpio=4;device_seq=78117;time_source=device_synced;device_timestamp_utc=2026-07-28T08:57:31.989Z;config_id=170b1c1e;rssi=-60;uptime_s=585900;heap=152864;cal_tier=board-cal;cal_src=wet_rederive_1236_20260719;pressure_context_source=weather_openmeteo;transport=wifi_poll,
plants.soil,2026-07-28T08:57:33.344Z,2026-07-28 03:57:33.344,24043,2a89d4,8gtt1h,0.7.3,fleet_logger_0_1,585900035,UMLIFE_v2_TLC555,ch2,origplant,soil_moisture,1254,,,OK,,,983.4,,name=c5off1;level=overwatered;role=disp;spread=10;gpio=5;device_seq=78118;time_source=device_synced;device_timestamp_utc=2026-07-28T08:57:31.989Z;config_id=170b1c1e;rssi=-60;uptime_s=585900;heap=152864;cal_tier=board-cal;cal_src=wet_rederive_1236_20260719;pressure_context_source=weather_openmeteo;transport=wifi_poll,
plants.soil,2026-07-28T08:57:33.344Z,2026-07-28 03:57:33.344,24044,2a89d4,8gtt1h,0.7.3,fleet_logger_0_1,585900035,UMLIFE_v2_TLC555,ch3,origplant,soil_moisture,1609,,,OK,,,983.4,,name=c5off1;level=OK;role=disp;spread=31;gpio=6;device_seq=78119;time_source=device_synced;device_timestamp_utc=2026-07-28T08:57:31.989Z;config_id=170b1c1e;rssi=-60;uptime_s=585900;heap=152864;cal_tier=board-cal;cal_src=wet_rederive_1236_20260719;pressure_context_source=weather_openmeteo;transport=wifi_poll,
plants.env,2026-07-28T08:57:33.344Z,2026-07-28 03:57:33.344,24045,2a89d4,8gtt1h,0.7.3,fleet_logger_0_1,585900719,ESP32,esp32_die,on_chip,die_temp,,23.70,degC,OK,,,,,name=c5off1;source=esp32_die;cal=uncalibrated_board_proxy;api=temperatureRead;config_id=170b1c1e;transport=wifi_poll,
plants.soil,2026-07-28T08:58:03.875Z,2026-07-28 03:58:03.875,24046,2a89d4,8gtt1h,0.7.3,fleet_logger_0_1,585930035,UMLIFE_v2_TLC555,ch0,origplant,soil_moisture,1214,,,OK,,,983.4,,name=c5off1;level=overwatered;role=disp;spread=10;gpio=1;device_seq=78120;time_source=device_synced;device_timestamp_utc=2026-07-28T08:58:01.989Z;config_id=170b1c1e;rssi=-59;uptime_s=585930;heap=152900;cal_tier=board-cal;cal_src=wet_rederive_1236_20260719;pressure_context_source=weather_openmeteo;transport=wifi_poll,
plants.soil,2026-07-28T08:58:03.875Z,2026-07-28 03:58:03.875,24047,2a89d4,8gtt1h,0.7.3,fleet_logger_0_1,585930035,UMLIFE_v2_TLC555,ch1,origplant,soil_moisture,1374,,,OK,,,983.4,,name=c5off1;level=well watered;role=disp;spread=21;gpio=4;device_seq=78121;time_source=device_synced;device_timestamp_utc=2026-07-28T08:58:01.989Z;config_id=170b1c1e;rssi=-59;uptime_s=585930;heap=152900;cal_tier=board-cal;cal_src=wet_rederive_1236_20260719;pressure_context_source=weather_openmeteo;transport=wifi_poll,
plants.soil,2026-07-28T08:58:03.875Z,2026-07-28 03:58:03.875,24048,2a89d4,8gtt1h,0.7.3,fleet_logger_0_1,585930035,UMLIFE_v2_TLC555,ch2,origplant,soil_moisture,1255,,,OK,,,983.4,,name=c5off1;level=overwatered;role=disp;spread=21;gpio=5;device_seq=78122;time_source=device_synced;device_timestamp_utc=2026-07-28T08:58:01.989Z;config_id=170b1c1e;rssi=-59;uptime_s=585930;heap=152900;cal_tier=board-cal;cal_src=wet_rederive_1236_20260719;pressure_context_source=weather_openmeteo;transport=wifi_poll,
plants.soil,2026-07-28T08:58:03.875Z,2026-07-28 03:58:03.875,24049,2a89d4,8gtt1h,0.7.3,fleet_logger_0_1,585930035,UMLIFE_v2_TLC555,ch3,origplant,soil_moisture,1605,,,OK,,,983.4,,name=c5off1;level=OK;role=disp;spread=17;gpio=6;device_seq=78123;time_source=device_synced;device_timestamp_utc=2026-07-28T08:58:01.989Z;config_id=170b1c1e;rssi=-59;uptime_s=585930;heap=152900;cal_tier=board-cal;cal_src=wet_rederive_1236_20260719;pressure_context_source=weather_openmeteo;transport=wifi_poll,
plants.env,2026-07-28T08:58:03.875Z,2026-07-28 03:58:03.875,24050,2a89d4,8gtt1h,0.7.3,fleet_logger_0_1,585930719,ESP32,esp32_die,on_chip,die_temp,,23.70,degC,OK,,,,,name=c5off1;source=esp32_die;cal=uncalibrated_board_proxy;api=temperatureRead;config_id=170b1c1e;transport=wifi_poll,
plants.soil,2026-07-28T08:58:34.697Z,2026-07-28 03:58:34.697,24051,2a89d4,8gtt1h,0.7.3,fleet_logger_0_1,585960035,UMLIFE_v2_TLC555,ch0,origplant,soil_moisture,1212,,,OK,,,983.4,,name=c5off1;level=overwatered;role=disp;spread=11;gpio=1;device_seq=78124;time_source=device_synced;device_timestamp_utc=2026-07-28T08:58:31.989Z;config_id=170b1c1e;rssi=-58;uptime_s=585960;heap=152644;cal_tier=board-cal;cal_src=wet_rederive_1236_20260719;pressure_context_source=weather_openmeteo;transport=wifi_poll,
plants.soil,2026-07-28T08:58:34.697Z,2026-07-28 03:58:34.697,24052,2a89d4,8gtt1h,0.7.3,fleet_logger_0_1,585960035,UMLIFE_v2_TLC555,ch1,origplant,soil_moisture,1375,,,OK,,,983.4,,name=c5off1;level=well watered;role=disp;spread=21;gpio=4;device_seq=78125;time_source=device_synced;device_timestamp_utc=2026-07-28T08:58:31.989Z;config_id=170b1c1e;rssi=-58;uptime_s=585960;heap=152644;cal_tier=board-cal;cal_src=wet_rederive_1236_20260719;pressure_context_source=weather_openmeteo;transport=wifi_poll,
plants.soil,2026-07-28T08:58:34.697Z,2026-07-28 03:58:34.697,24053,2a89d4,8gtt1h,0.7.3,fleet_logger_0_1,585960035,UMLIFE_v2_TLC555,ch2,origplant,soil_moisture,1253,,,OK,,,983.4,,name=c5off1;level=overwatered;role=disp;spread=22;gpio=5;device_seq=78126;time_source=device_synced;device_timestamp_utc=2026-07-28T08:58:31.989Z;config_id=170b1c1e;rssi=-58;uptime_s=585960;heap=152644;cal_tier=board-cal;cal_src=wet_rederive_1236_20260719;pressure_context_source=weather_openmeteo;transport=wifi_poll,
plants.soil,2026-07-28T08:58:34.697Z,2026-07-28 03:58:34.697,24054,2a89d4,8gtt1h,0.7.3,fleet_logger_0_1,585960035,UMLIFE_v2_TLC555,ch3,origplant,soil_moisture,1595,,,OK,,,983.4,,name=c5off1;level=OK;role=disp;spread=7;gpio=6;device_seq=78127;time_source=device_synced;device_timestamp_utc=2026-07-28T08:58:31.989Z;config_id=170b1c1e;rssi=-58;uptime_s=585960;heap=152644;cal_tier=board-cal;cal_src=wet_rederive_1236_20260719;pressure_context_source=weather_openmeteo;transport=wifi_poll,
plants.env,2026-07-28T08:58:34.697Z,2026-07-28 03:58:34.697,24055,2a89d4,8gtt1h,0.7.3,fleet_logger_0_1,585960719,ESP32,esp32_die,on_chip,die_temp,,23.70,degC,OK,,,,,name=c5off1;source=esp32_die;cal=uncalibrated_board_proxy;api=temperatureRead;config_id=170b1c1e;transport=wifi_poll,
plants.soil,2026-07-28T08:59:05.214Z,2026-07-28 03:59:05.214,24056,2a89d4,8gtt1h,0.7.3,fleet_logger_0_1,585990035,UMLIFE_v2_TLC555,ch0,origplant,soil_moisture,1213,,,OK,,,983.4,,name=c5off1;level=overwatered;role=disp;spread=14;gpio=1;device_seq=78128;time_source=device_synced;device_timestamp_utc=2026-07-28T08:59:01.989Z;config_id=170b1c1e;rssi=-57;uptime_s=585990;heap=152648;cal_tier=board-cal;cal_src=wet_rederive_1236_20260719;pressure_context_source=weather_openmeteo;transport=wifi_poll,
plants.soil,2026-07-28T08:59:05.214Z,2026-07-28 03:59:05.214,24057,2a89d4,8gtt1h,0.7.3,fleet_logger_0_1,585990035,UMLIFE_v2_TLC555,ch1,origplant,soil_moisture,1373,,,OK,,,983.4,,name=c5off1;level=well watered;role=disp;spread=21;gpio=4;device_seq=78129;time_source=device_synced;device_timestamp_utc=2026-07-28T08:59:01.989Z;config_id=170b1c1e;rssi=-57;uptime_s=585990;heap=152648;cal_tier=board-cal;cal_src=wet_rederive_1236_20260719;pressure_context_source=weather_openmeteo;transport=wifi_poll,
plants.soil,2026-07-28T08:59:05.214Z,2026-07-28 03:59:05.214,24058,2a89d4,8gtt1h,0.7.3,fleet_logger_0_1,585990035,UMLIFE_v2_TLC555,ch2,origplant,soil_moisture,1257,,,OK,,,983.4,,name=c5off1;level=overwatered;role=disp;spread=12;gpio=5;device_seq=78130;time_source=device_synced;device_timestamp_utc=2026-07-28T08:59:01.989Z;config_id=170b1c1e;rssi=-57;uptime_s=585990;heap=152648;cal_tier=board-cal;cal_src=wet_rederive_1236_20260719;pressure_context_source=weather_openmeteo;transport=wifi_poll,
plants.soil,2026-07-28T08:59:05.214Z,2026-07-28 03:59:05.214,24059,2a89d4,8gtt1h,0.7.3,fleet_logger_0_1,585990035,UMLIFE_v2_TLC555,ch3,origplant,soil_moisture,1591,,,OK,,,983.4,,name=c5off1;level=OK;role=disp;spread=8;gpio=6;device_seq=78131;time_source=device_synced;device_timestamp_utc=2026-07-28T08:59:01.989Z;config_id=170b1c1e;rssi=-57;uptime_s=585990;heap=152648;cal_tier=board-cal;cal_src=wet_rederive_1236_20260719;pressure_context_source=weather_openmeteo;transport=wifi_poll,
plants.env,2026-07-28T08:59:05.214Z,2026-07-28 03:59:05.214,24060,2a89d4,8gtt1h,0.7.3,fleet_logger_0_1,585990719,ESP32,esp32_die,on_chip,die_temp,,23.70,degC,OK,,,,,name=c5off1;source=esp32_die;cal=uncalibrated_board_proxy;api=temperatureRead;config_id=170b1c1e;transport=wifi_poll,
plants.soil,2026-07-28T08:59:35.916Z,2026-07-28 03:59:35.916,24061,2a89d4,8gtt1h,0.7.3,fleet_logger_0_1,586020035,UMLIFE_v2_TLC555,ch0,origplant,soil_moisture,1212,,,OK,,,983.4,,name=c5off1;level=overwatered;role=disp;spread=19;gpio=1;device_seq=78132;time_source=device_synced;device_timestamp_utc=2026-07-28T08:59:31.989Z;config_id=170b1c1e;rssi=-56;uptime_s=586020;heap=152368;cal_tier=board-cal;cal_src=wet_rederive_1236_20260719;pressure_context_source=weather_openmeteo;transport=wifi_poll,
plants.soil,2026-07-28T08:59:35.916Z,2026-07-28 03:59:35.916,24062,2a89d4,8gtt1h,0.7.3,fleet_logger_0_1,586020035,UMLIFE_v2_TLC555,ch1,origplant,soil_moisture,1376,,,OK,,,983.4,,name=c5off1;level=well watered;role=disp;spread=15;gpio=4;device_seq=78133;time_source=device_synced;device_timestamp_utc=2026-07-28T08:59:31.989Z;config_id=170b1c1e;rssi=-56;uptime_s=586020;heap=152368;cal_tier=board-cal;cal_src=wet_rederive_1236_20260719;pressure_context_source=weather_openmeteo;transport=wifi_poll,
plants.soil,2026-07-28T08:59:35.916Z,2026-07-28 03:59:35.916,24063,2a89d4,8gtt1h,0.7.3,fleet_logger_0_1,586020035,UMLIFE_v2_TLC555,ch2,origplant,soil_moisture,1255,,,OK,,,983.4,,name=c5off1;level=overwatered;role=disp;spread=25;gpio=5;device_seq=78134;time_source=device_synced;device_timestamp_utc=2026-07-28T08:59:31.989Z;config_id=170b1c1e;rssi=-56;uptime_s=586020;heap=152368;cal_tier=board-cal;cal_src=wet_rederive_1236_20260719;pressure_context_source=weather_openmeteo;transport=wifi_poll,
plants.soil,2026-07-28T08:59:35.916Z,2026-07-28 03:59:35.916,24064,2a89d4,8gtt1h,0.7.3,fleet_logger_0_1,586020035,UMLIFE_v2_TLC555,ch3,origplant,soil_moisture,1608,,,OK,,,983.4,,name=c5off1;level=OK;role=disp;spread=33;gpio=6;device_seq=78135;time_source=device_synced;device_timestamp_utc=2026-07-28T08:59:31.989Z;config_id=170b1c1e;rssi=-56;uptime_s=586020;heap=152368;cal_tier=board-cal;cal_src=wet_rederive_1236_20260719;pressure_context_source=weather_openmeteo;transport=wifi_poll,
plants.env,2026-07-28T08:59:35.916Z,2026-07-28 03:59:35.916,24065,2a89d4,8gtt1h,0.7.3,fleet_logger_0_1,586020719,ESP32,esp32_die,on_chip,die_temp,,23.70,degC,OK,,,,,name=c5off1;source=esp32_die;cal=uncalibrated_board_proxy;api=temperatureRead;config_id=170b1c1e;transport=wifi_poll,
plants.soil,2026-07-28T09:00:06.503Z,2026-07-28 04:00:06.503,24066,2a89d4,8gtt1h,0.7.3,fleet_logger_0_1,586050035,UMLIFE_v2_TLC555,ch0,origplant,soil_moisture,1215,,,OK,,,983.4,,name=c5off1;level=overwatered;role=disp;spread=16;gpio=1;device_seq=78136;time_source=device_synced;device_timestamp_utc=2026-07-28T09:00:01.989Z;config_id=170b1c1e;rssi=-57;uptime_s=586050;heap=152364;cal_tier=board-cal;cal_src=wet_rederive_1236_20260719;pressure_context_source=weather_openmeteo;transport=wifi_poll,
plants.soil,2026-07-28T09:00:06.503Z,2026-07-28 04:00:06.503,24067,2a89d4,8gtt1h,0.7.3,fleet_logger_0_1,586050035,UMLIFE_v2_TLC555,ch1,origplant,soil_moisture,1375,,,OK,,,983.4,,name=c5off1;level=well watered;role=disp;spread=9;gpio=4;device_seq=78137;time_source=device_synced;device_timestamp_utc=2026-07-28T09:00:01.989Z;config_id=170b1c1e;rssi=-57;uptime_s=586050;heap=152364;cal_tier=board-cal;cal_src=wet_rederive_1236_20260719;pressure_context_source=weather_openmeteo;transport=wifi_poll,
plants.soil,2026-07-28T09:00:06.503Z,2026-07-28 04:00:06.503,24068,2a89d4,8gtt1h,0.7.3,fleet_logger_0_1,586050035,UMLIFE_v2_TLC555,ch2,origplant,soil_moisture,1255,,,OK,,,983.4,,name=c5off1;level=overwatered;role=disp;spread=17;gpio=5;device_seq=78138;time_source=device_synced;device_timestamp_utc=2026-07-28T09:00:01.989Z;config_id=170b1c1e;rssi=-57;uptime_s=586050;heap=152364;cal_tier=board-cal;cal_src=wet_rederive_1236_20260719;pressure_context_source=weather_openmeteo;transport=wifi_poll,
plants.soil,2026-07-28T09:00:06.503Z,2026-07-28 04:00:06.503,24069,2a89d4,8gtt1h,0.7.3,fleet_logger_0_1,586050035,UMLIFE_v2_TLC555,ch3,origplant,soil_moisture,1606,,,OK,,,983.4,,name=c5off1;level=OK;role=disp;spread=12;gpio=6;device_seq=78139;time_source=device_synced;device_timestamp_utc=2026-07-28T09:00:01.989Z;config_id=170b1c1e;rssi=-57;uptime_s=586050;heap=152364;cal_tier=board-cal;cal_src=wet_rederive_1236_20260719;pressure_context_source=weather_openmeteo;transport=wifi_poll,
plants.env,2026-07-28T09:00:06.503Z,2026-07-28 04:00:06.503,24070,2a89d4,8gtt1h,0.7.3,fleet_logger_0_1,586050719,ESP32,esp32_die,on_chip,die_temp,,23.70,degC,OK,,,,,name=c5off1;source=esp32_die;cal=uncalibrated_board_proxy;api=temperatureRead;config_id=170b1c1e;transport=wifi_poll,
plants.soil,2026-07-28T09:00:37.628Z,2026-07-28 04:00:37.628,24071,2a89d4,8gtt1h,0.7.3,fleet_logger_0_1,586080035,UMLIFE_v2_TLC555,ch0,origplant,soil_moisture,1216,,,OK,,,983.4,,name=c5off1;level=overwatered;role=disp;spread=12;gpio=1;device_seq=78140;time_source=device_synced;device_timestamp_utc=2026-07-28T09:00:31.989Z;config_id=170b1c1e;rssi=-57;uptime_s=586080;heap=152624;cal_tier=board-cal;cal_src=wet_rederive_1236_20260719;pressure_context_source=weather_openmeteo;transport=wifi_poll,
plants.soil,2026-07-28T09:00:37.628Z,2026-07-28 04:00:37.628,24072,2a89d4,8gtt1h,0.7.3,fleet_logger_0_1,586080035,UMLIFE_v2_TLC555,ch1,origplant,soil_moisture,1374,,,OK,,,983.4,,name=c5off1;level=well watered;role=disp;spread=19;gpio=4;device_seq=78141;time_source=device_synced;device_timestamp_utc=2026-07-28T09:00:31.989Z;config_id=170b1c1e;rssi=-57;uptime_s=586080;heap=152624;cal_tier=board-cal;cal_src=wet_rederive_1236_20260719;pressure_context_source=weather_openmeteo;transport=wifi_poll,
plants.soil,2026-07-28T09:00:37.628Z,2026-07-28 04:00:37.628,24073,2a89d4,8gtt1h,0.7.3,fleet_logger_0_1,586080035,UMLIFE_v2_TLC555,ch2,origplant,soil_moisture,1256,,,OK,,,983.4,,name=c5off1;level=overwatered;role=disp;spread=13;gpio=5;device_seq=78142;time_source=device_synced;device_timestamp_utc=2026-07-28T09:00:31.989Z;config_id=170b1c1e;rssi=-57;uptime_s=586080;heap=152624;cal_tier=board-cal;cal_src=wet_rederive_1236_20260719;pressure_context_source=weather_openmeteo;transport=wifi_poll,
plants.soil,2026-07-28T09:00:37.628Z,2026-07-28 04:00:37.628,24074,2a89d4,8gtt1h,0.7.3,fleet_logger_0_1,586080035,UMLIFE_v2_TLC555,ch3,origplant,soil_moisture,1603,,,OK,,,983.4,,name=c5off1;level=OK;role=disp;spread=18;gpio=6;device_seq=78143;time_source=device_synced;device_timestamp_utc=2026-07-28T09:00:31.989Z;config_id=170b1c1e;rssi=-57;uptime_s=586080;heap=152624;cal_tier=board-cal;cal_src=wet_rederive_1236_20260719;pressure_context_source=weather_openmeteo;transport=wifi_poll,
plants.env,2026-07-28T09:00:37.628Z,2026-07-28 04:00:37.628,24075,2a89d4,8gtt1h,0.7.3,fleet_logger_0_1,586080719,ESP32,esp32_die,on_chip,die_temp,,23.70,degC,OK,,,,,name=c5off1;source=esp32_die;cal=uncalibrated_board_proxy;api=temperatureRead;config_id=170b1c1e;transport=wifi_poll,
plants.soil,2026-07-28T09:01:09.119Z,2026-07-28 04:01:09.119,24076,2a89d4,8gtt1h,0.7.3,fleet_logger_0_1,586110035,UMLIFE_v2_TLC555,ch0,origplant,soil_moisture,1222,,,OK,,,983.4,,name=c5off1;level=overwatered;role=disp;spread=14;gpio=1;device_seq=78144;time_source=device_synced;device_timestamp_utc=2026-07-28T09:01:01.989Z;config_id=170b1c1e;rssi=-56;uptime_s=586110;heap=152584;cal_tier=board-cal;cal_src=wet_rederive_1236_20260719;pressure_context_source=weather_openmeteo;transport=wifi_poll,
plants.soil,2026-07-28T09:01:09.119Z,2026-07-28 04:01:09.119,24077,2a89d4,8gtt1h,0.7.3,fleet_logger_0_1,586110035,UMLIFE_v2_TLC555,ch1,origplant,soil_moisture,1374,,,OK,,,983.4,,name=c5off1;level=well watered;role=disp;spread=17;gpio=4;device_seq=78145;time_source=device_synced;device_timestamp_utc=2026-07-28T09:01:01.989Z;config_id=170b1c1e;rssi=-56;uptime_s=586110;heap=152584;cal_tier=board-cal;cal_src=wet_rederive_1236_20260719;pressure_context_source=weather_openmeteo;transport=wifi_poll,
plants.soil,2026-07-28T09:01:09.119Z,2026-07-28 04:01:09.119,24078,2a89d4,8gtt1h,0.7.3,fleet_logger_0_1,586110035,UMLIFE_v2_TLC555,ch2,origplant,soil_moisture,1253,,,OK,,,983.4,,name=c5off1;level=overwatered;role=disp;spread=15;gpio=5;device_seq=78146;time_source=device_synced;device_timestamp_utc=2026-07-28T09:01:01.989Z;config_id=170b1c1e;rssi=-56;uptime_s=586110;heap=152584;cal_tier=board-cal;cal_src=wet_rederive_1236_20260719;pressure_context_source=weather_openmeteo;transport=wifi_poll,
plants.soil,2026-07-28T09:01:09.119Z,2026-07-28 04:01:09.119,24079,2a89d4,8gtt1h,0.7.3,fleet_logger_0_1,586110035,UMLIFE_v2_TLC555,ch3,origplant,soil_moisture,1600,,,OK,,,983.4,,name=c5off1;level=OK;role=disp;spread=29;gpio=6;device_seq=78147;time_source=device_synced;device_timestamp_utc=2026-07-28T09:01:01.989Z;config_id=170b1c1e;rssi=-56;uptime_s=586110;heap=152584;cal_tier=board-cal;cal_src=wet_rederive_1236_20260719;pressure_context_source=weather_openmeteo;transport=wifi_poll,
plants.env,2026-07-28T09:01:09.119Z,2026-07-28 04:01:09.119,24080,2a89d4,8gtt1h,0.7.3,fleet_logger_0_1,586110719,ESP32,esp32_die,on_chip,die_temp,,23.70,degC,OK,,,,,name=c5off1;source=esp32_die;cal=uncalibrated_board_proxy;api=temperatureRead;config_id=170b1c1e;transport=wifi_poll,
plants.soil,2026-07-28T09:01:39.717Z,2026-07-28 04:01:39.717,24081,2a89d4,8gtt1h,0.7.3,fleet_logger_0_1,586140035,UMLIFE_v2_TLC555,ch0,origplant,soil_moisture,1230,,,OK,,,983.4,,name=c5off1;level=overwatered;role=disp;spread=9;gpio=1;device_seq=78148;time_source=device_synced;device_timestamp_utc=2026-07-28T09:01:31.989Z;config_id=170b1c1e;rssi=-58;uptime_s=586140;heap=152644;cal_tier=board-cal;cal_src=wet_rederive_1236_20260719;pressure_context_source=weather_openmeteo;transport=wifi_poll,
plants.soil,2026-07-28T09:01:39.717Z,2026-07-28 04:01:39.717,24082,2a89d4,8gtt1h,0.7.3,fleet_logger_0_1,586140035,UMLIFE_v2_TLC555,ch1,origplant,soil_moisture,1379,,,OK,,,983.4,,name=c5off1;level=well watered;role=disp;spread=14;gpio=4;device_seq=78149;time_source=device_synced;device_timestamp_utc=2026-07-28T09:01:31.989Z;config_id=170b1c1e;rssi=-58;uptime_s=586140;heap=152644;cal_tier=board-cal;cal_src=wet_rederive_1236_20260719;pressure_context_source=weather_openmeteo;transport=wifi_poll,
plants.soil,2026-07-28T09:01:39.717Z,2026-07-28 04:01:39.717,24083,2a89d4,8gtt1h,0.7.3,fleet_logger_0_1,586140035,UMLIFE_v2_TLC555,ch2,origplant,soil_moisture,1253,,,OK,,,983.4,,name=c5off1;level=overwatered;role=disp;spread=7;gpio=5;device_seq=78150;time_source=device_synced;device_timestamp_utc=2026-07-28T09:01:31.989Z;config_id=170b1c1e;rssi=-58;uptime_s=586140;heap=152644;cal_tier=board-cal;cal_src=wet_rederive_1236_20260719;pressure_context_source=weather_openmeteo;transport=wifi_poll,
plants.soil,2026-07-28T09:01:39.717Z,2026-07-28 04:01:39.717,24084,2a89d4,8gtt1h,0.7.3,fleet_logger_0_1,586140035,UMLIFE_v2_TLC555,ch3,origplant,soil_moisture,1593,,,OK,,,983.4,,name=c5off1;level=OK;role=disp;spread=15;gpio=6;device_seq=78151;time_source=device_synced;device_timestamp_utc=2026-07-28T09:01:31.989Z;config_id=170b1c1e;rssi=-58;uptime_s=586140;heap=152644;cal_tier=board-cal;cal_src=wet_rederive_1236_20260719;pressure_context_source=weather_openmeteo;transport=wifi_poll,
plants.env,2026-07-28T09:01:39.717Z,2026-07-28 04:01:39.717,24085,2a89d4,8gtt1h,0.7.3,fleet_logger_0_1,586140719,ESP32,esp32_die,on_chip,die_temp,,23.70,degC,OK,,,,,name=c5off1;source=esp32_die;cal=uncalibrated_board_proxy;api=temperatureRead;config_id=170b1c1e;transport=wifi_poll,
plants.soil,2026-07-28T09:02:10.027Z,2026-07-28 04:02:10.027,24086,2a89d4,8gtt1h,0.7.3,fleet_logger_0_1,586170035,UMLIFE_v2_TLC555,ch0,origplant,soil_moisture,1231,,,OK,,,983.4,,name=c5off1;level=overwatered;role=disp;spread=9;gpio=1;device_seq=78152;time_source=device_synced;device_timestamp_utc=2026-07-28T09:02:01.989Z;config_id=170b1c1e;rssi=-57;uptime_s=586170;heap=152644;cal_tier=board-cal;cal_src=wet_rederive_1236_20260719;pressure_context_source=weather_openmeteo;transport=wifi_poll,
plants.soil,2026-07-28T09:02:10.027Z,2026-07-28 04:02:10.027,24087,2a89d4,8gtt1h,0.7.3,fleet_logger_0_1,586170035,UMLIFE_v2_TLC555,ch1,origplant,soil_moisture,1388,,,OK,,,983.4,,name=c5off1;level=well watered;role=disp;spread=15;gpio=4;device_seq=78153;time_source=device_synced;device_timestamp_utc=2026-07-28T09:02:01.989Z;config_id=170b1c1e;rssi=-57;uptime_s=586170;heap=152644;cal_tier=board-cal;cal_src=wet_rederive_1236_20260719;pressure_context_source=weather_openmeteo;transport=wifi_poll,
plants.soil,2026-07-28T09:02:10.027Z,2026-07-28 04:02:10.027,24088,2a89d4,8gtt1h,0.7.3,fleet_logger_0_1,586170035,UMLIFE_v2_TLC555,ch2,origplant,soil_moisture,1255,,,OK,,,983.4,,name=c5off1;level=overwatered;role=disp;spread=7;gpio=5;device_seq=78154;time_source=device_synced;device_timestamp_utc=2026-07-28T09:02:01.989Z;config_id=170b1c1e;rssi=-57;uptime_s=586170;heap=152644;cal_tier=board-cal;cal_src=wet_rederive_1236_20260719;pressure_context_source=weather_openmeteo;transport=wifi_poll,
plants.soil,2026-07-28T09:02:10.027Z,2026-07-28 04:02:10.027,24089,2a89d4,8gtt1h,0.7.3,fleet_logger_0_1,586170035,UMLIFE_v2_TLC555,ch3,origplant,soil_moisture,1594,,,OK,,,983.4,,name=c5off1;level=OK;role=disp;spread=16;gpio=6;device_seq=78155;time_source=device_synced;device_timestamp_utc=2026-07-28T09:02:01.989Z;config_id=170b1c1e;rssi=-57;uptime_s=586170;heap=152644;cal_tier=board-cal;cal_src=wet_rederive_1236_20260719;pressure_context_source=weather_openmeteo;transport=wifi_poll,
plants.env,2026-07-28T09:02:10.027Z,2026-07-28 04:02:10.027,24090,2a89d4,8gtt1h,0.7.3,fleet_logger_0_1,586170719,ESP32,esp32_die,on_chip,die_temp,,23.70,degC,OK,,,,,name=c5off1;source=esp32_die;cal=uncalibrated_board_proxy;api=temperatureRead;config_id=170b1c1e;transport=wifi_poll,
plants.soil,2026-07-28T09:02:40.337Z,2026-07-28 04:02:40.337,24091,2a89d4,8gtt1h,0.7.3,fleet_logger_0_1,586200035,UMLIFE_v2_TLC555,ch0,origplant,soil_moisture,1231,,,OK,,,983.4,,name=c5off1;level=overwatered;role=disp;spread=20;gpio=1;device_seq=78156;time_source=device_synced;device_timestamp_utc=2026-07-28T09:02:31.989Z;config_id=170b1c1e;rssi=-57;uptime_s=586200;heap=152392;cal_tier=board-cal;cal_src=wet_rederive_1236_20260719;pressure_context_source=weather_openmeteo;transport=wifi_poll,
plants.soil,2026-07-28T09:02:40.337Z,2026-07-28 04:02:40.337,24092,2a89d4,8gtt1h,0.7.3,fleet_logger_0_1,586200035,UMLIFE_v2_TLC555,ch1,origplant,soil_moisture,1392,,,OK,,,983.4,,name=c5off1;level=well watered;role=disp;spread=29;gpio=4;device_seq=78157;time_source=device_synced;device_timestamp_utc=2026-07-28T09:02:31.989Z;config_id=170b1c1e;rssi=-57;uptime_s=586200;heap=152392;cal_tier=board-cal;cal_src=wet_rederive_1236_20260719;pressure_context_source=weather_openmeteo;transport=wifi_poll,
plants.soil,2026-07-28T09:02:40.337Z,2026-07-28 04:02:40.337,24093,2a89d4,8gtt1h,0.7.3,fleet_logger_0_1,586200035,UMLIFE_v2_TLC555,ch2,origplant,soil_moisture,1254,,,OK,,,983.4,,name=c5off1;level=overwatered;role=disp;spread=12;gpio=5;device_seq=78158;time_source=device_synced;device_timestamp_utc=2026-07-28T09:02:31.989Z;config_id=170b1c1e;rssi=-57;uptime_s=586200;heap=152392;cal_tier=board-cal;cal_src=wet_rederive_1236_20260719;pressure_context_source=weather_openmeteo;transport=wifi_poll,
plants.soil,2026-07-28T09:02:40.337Z,2026-07-28 04:02:40.337,24094,2a89d4,8gtt1h,0.7.3,fleet_logger_0_1,586200035,UMLIFE_v2_TLC555,ch3,origplant,soil_moisture,1595,,,OK,,,983.4,,name=c5off1;level=OK;role=disp;spread=27;gpio=6;device_seq=78159;time_source=device_synced;device_timestamp_utc=2026-07-28T09:02:31.989Z;config_id=170b1c1e;rssi=-57;uptime_s=586200;heap=152392;cal_tier=board-cal;cal_src=wet_rederive_1236_20260719;pressure_context_source=weather_openmeteo;transport=wifi_poll,
plants.env,2026-07-28T09:02:40.337Z,2026-07-28 04:02:40.337,24095,2a89d4,8gtt1h,0.7.3,fleet_logger_0_1,586201819,ESP32,esp32_die,on_chip,die_temp,,23.70,degC,OK,,,,,name=c5off1;source=esp32_die;cal=uncalibrated_board_proxy;api=temperatureRead;config_id=170b1c1e;transport=wifi_poll,
plants.soil,2026-07-28T09:03:10.854Z,2026-07-28 04:03:10.854,24096,2a89d4,8gtt1h,0.7.3,fleet_logger_0_1,586230035,UMLIFE_v2_TLC555,ch0,origplant,soil_moisture,1233,,,OK,,,983.4,,name=c5off1;level=overwatered;role=disp;spread=21;gpio=1;device_seq=78160;time_source=device_synced;device_timestamp_utc=2026-07-28T09:03:01.989Z;config_id=170b1c1e;rssi=-59;uptime_s=586230;heap=152344;cal_tier=board-cal;cal_src=wet_rederive_1236_20260719;pressure_context_source=weather_openmeteo;transport=wifi_poll,
plants.soil,2026-07-28T09:03:10.854Z,2026-07-28 04:03:10.854,24097,2a89d4,8gtt1h,0.7.3,fleet_logger_0_1,586230035,UMLIFE_v2_TLC555,ch1,origplant,soil_moisture,1393,,,OK,,,983.4,,name=c5off1;level=well watered;role=disp;spread=16;gpio=4;device_seq=78161;time_source=device_synced;device_timestamp_utc=2026-07-28T09:03:01.989Z;config_id=170b1c1e;rssi=-59;uptime_s=586230;heap=152344;cal_tier=board-cal;cal_src=wet_rederive_1236_20260719;pressure_context_source=weather_openmeteo;transport=wifi_poll,
plants.soil,2026-07-28T09:03:10.854Z,2026-07-28 04:03:10.854,24098,2a89d4,8gtt1h,0.7.3,fleet_logger_0_1,586230035,UMLIFE_v2_TLC555,ch2,origplant,soil_moisture,1255,,,OK,,,983.4,,name=c5off1;level=overwatered;role=disp;spread=12;gpio=5;device_seq=78162;time_source=device_synced;device_timestamp_utc=2026-07-28T09:03:01.989Z;config_id=170b1c1e;rssi=-59;uptime_s=586230;heap=152344;cal_tier=board-cal;cal_src=wet_rederive_1236_20260719;pressure_context_source=weather_openmeteo;transport=wifi_poll,
plants.soil,2026-07-28T09:03:10.854Z,2026-07-28 04:03:10.854,24099,2a89d4,8gtt1h,0.7.3,fleet_logger_0_1,586230035,UMLIFE_v2_TLC555,ch3,origplant,soil_moisture,1607,,,OK,,,983.4,,name=c5off1;level=OK;role=disp;spread=19;gpio=6;device_seq=78163;time_source=device_synced;device_timestamp_utc=2026-07-28T09:03:01.989Z;config_id=170b1c1e;rssi=-59;uptime_s=586230;heap=152344;cal_tier=board-cal;cal_src=wet_rederive_1236_20260719;pressure_context_source=weather_openmeteo;transport=wifi_poll,
plants.env,2026-07-28T09:03:10.854Z,2026-07-28 04:03:10.854,24100,2a89d4,8gtt1h,0.7.3,fleet_logger_0_1,586230719,ESP32,esp32_die,on_chip,die_temp,,23.70,degC,OK,,,,,name=c5off1;source=esp32_die;cal=uncalibrated_board_proxy;api=temperatureRead;config_id=170b1c1e;transport=wifi_poll,
plants.soil,2026-07-28T09:03:41.206Z,2026-07-28 04:03:41.206,24101,2a89d4,8gtt1h,0.7.3,fleet_logger_0_1,586260035,UMLIFE_v2_TLC555,ch0,origplant,soil_moisture,1232,,,OK,,,983.4,,name=c5off1;level=overwatered;role=disp;spread=16;gpio=1;device_seq=78164;time_source=device_synced;device_timestamp_utc=2026-07-28T09:03:31.989Z;config_id=170b1c1e;rssi=-57;uptime_s=586260;heap=152600;cal_tier=board-cal;cal_src=wet_rederive_1236_20260719;pressure_context_source=weather_openmeteo;transport=wifi_poll,
plants.soil,2026-07-28T09:03:41.206Z,2026-07-28 04:03:41.206,24102,2a89d4,8gtt1h,0.7.3,fleet_logger_0_1,586260035,UMLIFE_v2_TLC555,ch1,origplant,soil_moisture,1389,,,OK,,,983.4,,name=c5off1;level=well watered;role=disp;spread=10;gpio=4;device_seq=78165;time_source=device_synced;device_timestamp_utc=2026-07-28T09:03:31.989Z;config_id=170b1c1e;rssi=-57;uptime_s=586260;heap=152600;cal_tier=board-cal;cal_src=wet_rederive_1236_20260719;pressure_context_source=weather_openmeteo;transport=wifi_poll,
plants.soil,2026-07-28T09:03:41.206Z,2026-07-28 04:03:41.206,24103,2a89d4,8gtt1h,0.7.3,fleet_logger_0_1,586260035,UMLIFE_v2_TLC555,ch2,origplant,soil_moisture,1256,,,OK,,,983.4,,name=c5off1;level=overwatered;role=disp;spread=22;gpio=5;device_seq=78166;time_source=device_synced;device_timestamp_utc=2026-07-28T09:03:31.989Z;config_id=170b1c1e;rssi=-57;uptime_s=586260;heap=152600;cal_tier=board-cal;cal_src=wet_rederive_1236_20260719;pressure_context_source=weather_openmeteo;transport=wifi_poll,
plants.soil,2026-07-28T09:03:41.206Z,2026-07-28 04:03:41.206,24104,2a89d4,8gtt1h,0.7.3,fleet_logger_0_1,586260035,UMLIFE_v2_TLC555,ch3,origplant,soil_moisture,1610,,,OK,,,983.4,,name=c5off1;level=OK;role=disp;spread=9;gpio=6;device_seq=78167;time_source=device_synced;device_timestamp_utc=2026-07-28T09:03:31.989Z;config_id=170b1c1e;rssi=-57;uptime_s=586260;heap=152600;cal_tier=board-cal;cal_src=wet_rederive_1236_20260719;pressure_context_source=weather_openmeteo;transport=wifi_poll,
plants.env,2026-07-28T09:03:41.206Z,2026-07-28 04:03:41.206,24105,2a89d4,8gtt1h,0.7.3,fleet_logger_0_1,586260719,ESP32,esp32_die,on_chip,die_temp,,23.70,degC,OK,,,,,name=c5off1;source=esp32_die;cal=uncalibrated_board_proxy;api=temperatureRead;config_id=170b1c1e;transport=wifi_poll,
plants.soil,2026-07-28T09:04:11.697Z,2026-07-28 04:04:11.697,24106,2a89d4,8gtt1h,0.7.3,fleet_logger_0_1,586290035,UMLIFE_v2_TLC555,ch0,origplant,soil_moisture,1232,,,OK,,,983.4,,name=c5off1;level=overwatered;role=disp;spread=12;gpio=1;device_seq=78168;time_source=device_synced;device_timestamp_utc=2026-07-28T09:04:01.989Z;config_id=170b1c1e;rssi=-57;uptime_s=586290;heap=152600;cal_tier=board-cal;cal_src=wet_rederive_1236_20260719;pressure_context_source=weather_openmeteo;transport=wifi_poll,
plants.soil,2026-07-28T09:04:11.697Z,2026-07-28 04:04:11.697,24107,2a89d4,8gtt1h,0.7.3,fleet_logger_0_1,586290035,UMLIFE_v2_TLC555,ch1,origplant,soil_moisture,1393,,,OK,,,983.4,,name=c5off1;level=well watered;role=disp;spread=19;gpio=4;device_seq=78169;time_source=device_synced;device_timestamp_utc=2026-07-28T09:04:01.989Z;config_id=170b1c1e;rssi=-57;uptime_s=586290;heap=152600;cal_tier=board-cal;cal_src=wet_rederive_1236_20260719;pressure_context_source=weather_openmeteo;transport=wifi_poll,
plants.soil,2026-07-28T09:04:11.697Z,2026-07-28 04:04:11.697,24108,2a89d4,8gtt1h,0.7.3,fleet_logger_0_1,586290035,UMLIFE_v2_TLC555,ch2,origplant,soil_moisture,1257,,,OK,,,983.4,,name=c5off1;level=overwatered;role=disp;spread=21;gpio=5;device_seq=78170;time_source=device_synced;device_timestamp_utc=2026-07-28T09:04:01.989Z;config_id=170b1c1e;rssi=-57;uptime_s=586290;heap=152600;cal_tier=board-cal;cal_src=wet_rederive_1236_20260719;pressure_context_source=weather_openmeteo;transport=wifi_poll,
plants.soil,2026-07-28T09:04:11.697Z,2026-07-28 04:04:11.697,24109,2a89d4,8gtt1h,0.7.3,fleet_logger_0_1,586290035,UMLIFE_v2_TLC555,ch3,origplant,soil_moisture,1611,,,OK,,,983.4,,name=c5off1;level=OK;role=disp;spread=25;gpio=6;device_seq=78171;time_source=device_synced;device_timestamp_utc=2026-07-28T09:04:01.989Z;config_id=170b1c1e;rssi=-57;uptime_s=586290;heap=152600;cal_tier=board-cal;cal_src=wet_rederive_1236_20260719;pressure_context_source=weather_openmeteo;transport=wifi_poll,
plants.env,2026-07-28T09:04:11.697Z,2026-07-28 04:04:11.697,24110,2a89d4,8gtt1h,0.7.3,fleet_logger_0_1,586290719,ESP32,esp32_die,on_chip,die_temp,,23.70,degC,OK,,,,,name=c5off1;source=esp32_die;cal=uncalibrated_board_proxy;api=temperatureRead;config_id=170b1c1e;transport=wifi_poll,
plants.soil,2026-07-28T09:04:42.269Z,2026-07-28 04:04:42.269,24111,2a89d4,8gtt1h,0.7.3,fleet_logger_0_1,586320035,UMLIFE_v2_TLC555,ch0,origplant,soil_moisture,1231,,,OK,,,983.4,,name=c5off1;level=overwatered;role=disp;spread=26;gpio=1;device_seq=78172;time_source=device_synced;device_timestamp_utc=2026-07-28T09:04:31.989Z;config_id=170b1c1e;rssi=-58;uptime_s=586320;heap=152644;cal_tier=board-cal;cal_src=wet_rederive_1236_20260719;pressure_context_source=weather_openmeteo;transport=wifi_poll,
plants.soil,2026-07-28T09:04:42.269Z,2026-07-28 04:04:42.269,24112,2a89d4,8gtt1h,0.7.3,fleet_logger_0_1,586320035,UMLIFE_v2_TLC555,ch1,origplant,soil_moisture,1391,,,OK,,,983.4,,name=c5off1;level=well watered;role=disp;spread=28;gpio=4;device_seq=78173;time_source=device_synced;device_timestamp_utc=2026-07-28T09:04:31.989Z;config_id=170b1c1e;rssi=-58;uptime_s=586320;heap=152644;cal_tier=board-cal;cal_src=wet_rederive_1236_20260719;pressure_context_source=weather_openmeteo;transport=wifi_poll,
plants.soil,2026-07-28T09:04:42.269Z,2026-07-28 04:04:42.269,24113,2a89d4,8gtt1h,0.7.3,fleet_logger_0_1,586320035,UMLIFE_v2_TLC555,ch2,origplant,soil_moisture,1256,,,OK,,,983.4,,name=c5off1;level=overwatered;role=disp;spread=18;gpio=5;device_seq=78174;time_source=device_synced;device_timestamp_utc=2026-07-28T09:04:31.989Z;config_id=170b1c1e;rssi=-58;uptime_s=586320;heap=152644;cal_tier=board-cal;cal_src=wet_rederive_1236_20260719;pressure_context_source=weather_openmeteo;transport=wifi_poll,
plants.soil,2026-07-28T09:04:42.269Z,2026-07-28 04:04:42.269,24114,2a89d4,8gtt1h,0.7.3,fleet_logger_0_1,586320035,UMLIFE_v2_TLC555,ch3,origplant,soil_moisture,1613,,,OK,,,983.4,,name=c5off1;level=OK;role=disp;spread=18;gpio=6;device_seq=78175;time_source=device_synced;device_timestamp_utc=2026-07-28T09:04:31.989Z;config_id=170b1c1e;rssi=-58;uptime_s=586320;heap=152644;cal_tier=board-cal;cal_src=wet_rederive_1236_20260719;pressure_context_source=weather_openmeteo;transport=wifi_poll,
plants.env,2026-07-28T09:04:42.269Z,2026-07-28 04:04:42.269,24115,2a89d4,8gtt1h,0.7.3,fleet_logger_0_1,586320719,ESP32,esp32_die,on_chip,die_temp,,23.70,degC,OK,,,,,name=c5off1;source=esp32_die;cal=uncalibrated_board_proxy;api=temperatureRead;config_id=170b1c1e;transport=wifi_poll,
plants.soil,2026-07-28T09:05:14.553Z,2026-07-28 04:05:14.553,24116,2a89d4,8gtt1h,0.7.3,fleet_logger_0_1,586350035,UMLIFE_v2_TLC555,ch0,origplant,soil_moisture,1231,,,OK,,,983.4,,name=c5off1;level=overwatered;role=disp;spread=15;gpio=1;device_seq=78176;time_source=device_synced;device_timestamp_utc=2026-07-28T09:05:01.989Z;config_id=170b1c1e;rssi=-58;uptime_s=586350;heap=152656;cal_tier=board-cal;cal_src=wet_rederive_1236_20260719;pressure_context_source=weather_openmeteo;transport=wifi_poll,
plants.soil,2026-07-28T09:05:14.553Z,2026-07-28 04:05:14.553,24117,2a89d4,8gtt1h,0.7.3,fleet_logger_0_1,586350035,UMLIFE_v2_TLC555,ch1,origplant,soil_moisture,1392,,,OK,,,983.4,,name=c5off1;level=well watered;role=disp;spread=16;gpio=4;device_seq=78177;time_source=device_synced;device_timestamp_utc=2026-07-28T09:05:01.989Z;config_id=170b1c1e;rssi=-58;uptime_s=586350;heap=152656;cal_tier=board-cal;cal_src=wet_rederive_1236_20260719;pressure_context_source=weather_openmeteo;transport=wifi_poll,
plants.soil,2026-07-28T09:05:14.553Z,2026-07-28 04:05:14.553,24118,2a89d4,8gtt1h,0.7.3,fleet_logger_0_1,586350035,UMLIFE_v2_TLC555,ch2,origplant,soil_moisture,1257,,,OK,,,983.4,,name=c5off1;level=overwatered;role=disp;spread=16;gpio=5;device_seq=78178;time_source=device_synced;device_timestamp_utc=2026-07-28T09:05:01.989Z;config_id=170b1c1e;rssi=-58;uptime_s=586350;heap=152656;cal_tier=board-cal;cal_src=wet_rederive_1236_20260719;pressure_context_source=weather_openmeteo;transport=wifi_poll,
plants.soil,2026-07-28T09:05:14.553Z,2026-07-28 04:05:14.553,24119,2a89d4,8gtt1h,0.7.3,fleet_logger_0_1,586350035,UMLIFE_v2_TLC555,ch3,origplant,soil_moisture,1611,,,OK,,,983.4,,name=c5off1;level=OK;role=disp;spread=18;gpio=6;device_seq=78179;time_source=device_synced;device_timestamp_utc=2026-07-28T09:05:01.989Z;config_id=170b1c1e;rssi=-58;uptime_s=586350;heap=152656;cal_tier=board-cal;cal_src=wet_rederive_1236_20260719;pressure_context_source=weather_openmeteo;transport=wifi_poll,
plants.env,2026-07-28T09:05:14.553Z,2026-07-28 04:05:14.553,24120,2a89d4,8gtt1h,0.7.3,fleet_logger_0_1,586350719,ESP32,esp32_die,on_chip,die_temp,,23.70,degC,OK,,,,,name=c5off1;source=esp32_die;cal=uncalibrated_board_proxy;api=temperatureRead;config_id=170b1c1e;transport=wifi_poll,
plants.soil,2026-07-28T09:05:47.525Z,2026-07-28 04:05:47.525,24121,2a89d4,8gtt1h,0.7.3,fleet_logger_0_1,586380035,UMLIFE_v2_TLC555,ch0,origplant,soil_moisture,1233,,,OK,,,983.4,,name=c5off1;level=overwatered;role=disp;spread=10;gpio=1;device_seq=78180;time_source=device_synced;device_timestamp_utc=2026-07-28T09:05:31.989Z;config_id=170b1c1e;rssi=-56;uptime_s=586380;heap=152388;cal_tier=board-cal;cal_src=wet_rederive_1236_20260719;pressure_context_source=weather_openmeteo;transport=wifi_poll,
plants.soil,2026-07-28T09:05:47.525Z,2026-07-28 04:05:47.525,24122,2a89d4,8gtt1h,0.7.3,fleet_logger_0_1,586380035,UMLIFE_v2_TLC555,ch1,origplant,soil_moisture,1391,,,OK,,,983.4,,name=c5off1;level=well watered;role=disp;spread=14;gpio=4;device_seq=78181;time_source=device_synced;device_timestamp_utc=2026-07-28T09:05:31.989Z;config_id=170b1c1e;rssi=-56;uptime_s=586380;heap=152388;cal_tier=board-cal;cal_src=wet_rederive_1236_20260719;pressure_context_source=weather_openmeteo;transport=wifi_poll,
plants.soil,2026-07-28T09:05:47.525Z,2026-07-28 04:05:47.525,24123,2a89d4,8gtt1h,0.7.3,fleet_logger_0_1,586380035,UMLIFE_v2_TLC555,ch2,origplant,soil_moisture,1256,,,OK,,,983.4,,name=c5off1;level=overwatered;role=disp;spread=16;gpio=5;device_seq=78182;time_source=device_synced;device_timestamp_utc=2026-07-28T09:05:31.989Z;config_id=170b1c1e;rssi=-56;uptime_s=586380;heap=152388;cal_tier=board-cal;cal_src=wet_rederive_1236_20260719;pressure_context_source=weather_openmeteo;transport=wifi_poll,
plants.soil,2026-07-28T09:05:47.525Z,2026-07-28 04:05:47.525,24124,2a89d4,8gtt1h,0.7.3,fleet_logger_0_1,586380035,UMLIFE_v2_TLC555,ch3,origplant,soil_moisture,1611,,,OK,,,983.4,,name=c5off1;level=OK;role=disp;spread=28;gpio=6;device_seq=78183;time_source=device_synced;device_timestamp_utc=2026-07-28T09:05:31.989Z;config_id=170b1c1e;rssi=-56;uptime_s=586380;heap=152388;cal_tier=board-cal;cal_src=wet_rederive_1236_20260719;pressure_context_source=weather_openmeteo;transport=wifi_poll,
plants.env,2026-07-28T09:05:47.525Z,2026-07-28 04:05:47.525,24125,2a89d4,8gtt1h,0.7.3,fleet_logger_0_1,586380720,ESP32,esp32_die,on_chip,die_temp,,23.70,degC,OK,,,,,name=c5off1;source=esp32_die;cal=uncalibrated_board_proxy;api=temperatureRead;config_id=170b1c1e;transport=wifi_poll,
plants.soil,2026-07-28T09:06:18.625Z,2026-07-28 04:06:18.625,24126,2a89d4,8gtt1h,0.7.3,fleet_logger_0_1,586410035,UMLIFE_v2_TLC555,ch0,origplant,soil_moisture,1232,,,OK,,,983.4,,name=c5off1;level=overwatered;role=disp;spread=5;gpio=1;device_seq=78184;time_source=device_synced;device_timestamp_utc=2026-07-28T09:06:01.989Z;config_id=170b1c1e;rssi=-57;uptime_s=586410;heap=152388;cal_tier=board-cal;cal_src=wet_rederive_1236_20260719;pressure_context_source=weather_openmeteo;transport=wifi_poll,
plants.soil,2026-07-28T09:06:18.625Z,2026-07-28 04:06:18.625,24127,2a89d4,8gtt1h,0.7.3,fleet_logger_0_1,586410035,UMLIFE_v2_TLC555,ch1,origplant,soil_moisture,1393,,,OK,,,983.4,,name=c5off1;level=well watered;role=disp;spread=19;gpio=4;device_seq=78185;time_source=device_synced;device_timestamp_utc=2026-07-28T09:06:01.989Z;config_id=170b1c1e;rssi=-57;uptime_s=586410;heap=152388;cal_tier=board-cal;cal_src=wet_rederive_1236_20260719;pressure_context_source=weather_openmeteo;transport=wifi_poll,
plants.soil,2026-07-28T09:06:18.625Z,2026-07-28 04:06:18.625,24128,2a89d4,8gtt1h,0.7.3,fleet_logger_0_1,586410035,UMLIFE_v2_TLC555,ch2,origplant,soil_moisture,1255,,,OK,,,983.4,,name=c5off1;level=overwatered;role=disp;spread=18;gpio=5;device_seq=78186;time_source=device_synced;device_timestamp_utc=2026-07-28T09:06:01.989Z;config_id=170b1c1e;rssi=-57;uptime_s=586410;heap=152388;cal_tier=board-cal;cal_src=wet_rederive_1236_20260719;pressure_context_source=weather_openmeteo;transport=wifi_poll,
plants.soil,2026-07-28T09:06:18.625Z,2026-07-28 04:06:18.625,24129,2a89d4,8gtt1h,0.7.3,fleet_logger_0_1,586410035,UMLIFE_v2_TLC555,ch3,origplant,soil_moisture,1610,,,OK,,,983.4,,name=c5off1;level=OK;role=disp;spread=20;gpio=6;device_seq=78187;time_source=device_synced;device_timestamp_utc=2026-07-28T09:06:01.989Z;config_id=170b1c1e;rssi=-57;uptime_s=586410;heap=152388;cal_tier=board-cal;cal_src=wet_rederive_1236_20260719;pressure_context_source=weather_openmeteo;transport=wifi_poll,
plants.env,2026-07-28T09:06:18.625Z,2026-07-28 04:06:18.625,24130,2a89d4,8gtt1h,0.7.3,fleet_logger_0_1,586410719,ESP32,esp32_die,on_chip,die_temp,,23.70,degC,OK,,,,,name=c5off1;source=esp32_die;cal=uncalibrated_board_proxy;api=temperatureRead;config_id=170b1c1e;transport=wifi_poll,
plants.soil,2026-07-28T09:06:49.067Z,2026-07-28 04:06:49.067,24131,2a89d4,8gtt1h,0.7.3,fleet_logger_0_1,586440035,UMLIFE_v2_TLC555,ch0,origplant,soil_moisture,1231,,,OK,,,983.4,,name=c5off1;level=overwatered;role=disp;spread=7;gpio=1;device_seq=78188;time_source=device_synced;device_timestamp_utc=2026-07-28T09:06:31.989Z;config_id=170b1c1e;rssi=-57;uptime_s=586440;heap=152644;cal_tier=board-cal;cal_src=wet_rederive_1236_20260719;pressure_context_source=weather_openmeteo;transport=wifi_poll,
plants.soil,2026-07-28T09:06:49.067Z,2026-07-28 04:06:49.067,24132,2a89d4,8gtt1h,0.7.3,fleet_logger_0_1,586440035,UMLIFE_v2_TLC555,ch1,origplant,soil_moisture,1392,,,OK,,,983.4,,name=c5off1;level=well watered;role=disp;spread=19;gpio=4;device_seq=78189;time_source=device_synced;device_timestamp_utc=2026-07-28T09:06:31.989Z;config_id=170b1c1e;rssi=-57;uptime_s=586440;heap=152644;cal_tier=board-cal;cal_src=wet_rederive_1236_20260719;pressure_context_source=weather_openmeteo;transport=wifi_poll,
plants.soil,2026-07-28T09:06:49.067Z,2026-07-28 04:06:49.067,24133,2a89d4,8gtt1h,0.7.3,fleet_logger_0_1,586440035,UMLIFE_v2_TLC555,ch2,origplant,soil_moisture,1256,,,OK,,,983.4,,name=c5off1;level=overwatered;role=disp;spread=22;gpio=5;device_seq=78190;time_source=device_synced;device_timestamp_utc=2026-07-28T09:06:31.989Z;config_id=170b1c1e;rssi=-57;uptime_s=586440;heap=152644;cal_tier=board-cal;cal_src=wet_rederive_1236_20260719;pressure_context_source=weather_openmeteo;transport=wifi_poll,
plants.soil,2026-07-28T09:06:49.067Z,2026-07-28 04:06:49.067,24134,2a89d4,8gtt1h,0.7.3,fleet_logger_0_1,586440035,UMLIFE_v2_TLC555,ch3,origplant,soil_moisture,1611,,,OK,,,983.4,,name=c5off1;level=OK;role=disp;spread=10;gpio=6;device_seq=78191;time_source=device_synced;device_timestamp_utc=2026-07-28T09:06:31.989Z;config_id=170b1c1e;rssi=-57;uptime_s=586440;heap=152644;cal_tier=board-cal;cal_src=wet_rederive_1236_20260719;pressure_context_source=weather_openmeteo;transport=wifi_poll,
plants.env,2026-07-28T09:06:49.067Z,2026-07-28 04:06:49.067,24135,2a89d4,8gtt1h,0.7.3,fleet_logger_0_1,586440719,ESP32,esp32_die,on_chip,die_temp,,23.70,degC,OK,,,,,name=c5off1;source=esp32_die;cal=uncalibrated_board_proxy;api=temperatureRead;config_id=170b1c1e;transport=wifi_poll,
plants.soil,2026-07-28T09:07:19.479Z,2026-07-28 04:07:19.479,24136,2a89d4,8gtt1h,0.7.3,fleet_logger_0_1,586470035,UMLIFE_v2_TLC555,ch0,origplant,soil_moisture,1232,,,OK,,,983.4,,name=c5off1;level=overwatered;role=disp;spread=13;gpio=1;device_seq=78192;time_source=device_synced;device_timestamp_utc=2026-07-28T09:07:01.989Z;config_id=170b1c1e;rssi=-59;uptime_s=586470;heap=152644;cal_tier=board-cal;cal_src=wet_rederive_1236_20260719;pressure_context_source=weather_openmeteo;transport=wifi_poll,
plants.soil,2026-07-28T09:07:19.479Z,2026-07-28 04:07:19.479,24137,2a89d4,8gtt1h,0.7.3,fleet_logger_0_1,586470035,UMLIFE_v2_TLC555,ch1,origplant,soil_moisture,1390,,,OK,,,983.4,,name=c5off1;level=well watered;role=disp;spread=22;gpio=4;device_seq=78193;time_source=device_synced;device_timestamp_utc=2026-07-28T09:07:01.989Z;config_id=170b1c1e;rssi=-59;uptime_s=586470;heap=152644;cal_tier=board-cal;cal_src=wet_rederive_1236_20260719;pressure_context_source=weather_openmeteo;transport=wifi_poll,
plants.soil,2026-07-28T09:07:19.479Z,2026-07-28 04:07:19.479,24138,2a89d4,8gtt1h,0.7.3,fleet_logger_0_1,586470035,UMLIFE_v2_TLC555,ch2,origplant,soil_moisture,1255,,,OK,,,983.4,,name=c5off1;level=overwatered;role=disp;spread=17;gpio=5;device_seq=78194;time_source=device_synced;device_timestamp_utc=2026-07-28T09:07:01.989Z;config_id=170b1c1e;rssi=-59;uptime_s=586470;heap=152644;cal_tier=board-cal;cal_src=wet_rederive_1236_20260719;pressure_context_source=weather_openmeteo;transport=wifi_poll,
plants.soil,2026-07-28T09:07:19.479Z,2026-07-28 04:07:19.479,24139,2a89d4,8gtt1h,0.7.3,fleet_logger_0_1,586470035,UMLIFE_v2_TLC555,ch3,origplant,soil_moisture,1612,,,OK,,,983.4,,name=c5off1;level=OK;role=disp;spread=25;gpio=6;device_seq=78195;time_source=device_synced;device_timestamp_utc=2026-07-28T09:07:01.989Z;config_id=170b1c1e;rssi=-59;uptime_s=586470;heap=152644;cal_tier=board-cal;cal_src=wet_rederive_1236_20260719;pressure_context_source=weather_openmeteo;transport=wifi_poll,
plants.env,2026-07-28T09:07:19.479Z,2026-07-28 04:07:19.479,24140,2a89d4,8gtt1h,0.7.3,fleet_logger_0_1,586470719,ESP32,esp32_die,on_chip,die_temp,,23.70,degC,OK,,,,,name=c5off1;source=esp32_die;cal=uncalibrated_board_proxy;api=temperatureRead;config_id=170b1c1e;transport=wifi_poll,
plants.soil,2026-07-28T09:07:50.404Z,2026-07-28 04:07:50.404,24141,2a89d4,8gtt1h,0.7.3,fleet_logger_0_1,586500035,UMLIFE_v2_TLC555,ch0,origplant,soil_moisture,1231,,,OK,,,983.4,,name=c5off1;level=overwatered;role=disp;spread=24;gpio=1;device_seq=78196;time_source=device_synced;device_timestamp_utc=2026-07-28T09:07:31.989Z;config_id=170b1c1e;rssi=-57;uptime_s=586500;heap=152648;cal_tier=board-cal;cal_src=wet_rederive_1236_20260719;pressure_context_source=weather_openmeteo;transport=wifi_poll,
plants.soil,2026-07-28T09:07:50.404Z,2026-07-28 04:07:50.404,24142,2a89d4,8gtt1h,0.7.3,fleet_logger_0_1,586500035,UMLIFE_v2_TLC555,ch1,origplant,soil_moisture,1390,,,OK,,,983.4,,name=c5off1;level=well watered;role=disp;spread=18;gpio=4;device_seq=78197;time_source=device_synced;device_timestamp_utc=2026-07-28T09:07:31.989Z;config_id=170b1c1e;rssi=-57;uptime_s=586500;heap=152648;cal_tier=board-cal;cal_src=wet_rederive_1236_20260719;pressure_context_source=weather_openmeteo;transport=wifi_poll,
plants.soil,2026-07-28T09:07:50.404Z,2026-07-28 04:07:50.404,24143,2a89d4,8gtt1h,0.7.3,fleet_logger_0_1,586500035,UMLIFE_v2_TLC555,ch2,origplant,soil_moisture,1255,,,OK,,,983.4,,name=c5off1;level=overwatered;role=disp;spread=32;gpio=5;device_seq=78198;time_source=device_synced;device_timestamp_utc=2026-07-28T09:07:31.989Z;config_id=170b1c1e;rssi=-57;uptime_s=586500;heap=152648;cal_tier=board-cal;cal_src=wet_rederive_1236_20260719;pressure_context_source=weather_openmeteo;transport=wifi_poll,
plants.soil,2026-07-28T09:07:50.404Z,2026-07-28 04:07:50.404,24144,2a89d4,8gtt1h,0.7.3,fleet_logger_0_1,586500035,UMLIFE_v2_TLC555,ch3,origplant,soil_moisture,1609,,,OK,,,983.4,,name=c5off1;level=OK;role=disp;spread=30;gpio=6;device_seq=78199;time_source=device_synced;device_timestamp_utc=2026-07-28T09:07:31.989Z;config_id=170b1c1e;rssi=-57;uptime_s=586500;heap=152648;cal_tier=board-cal;cal_src=wet_rederive_1236_20260719;pressure_context_source=weather_openmeteo;transport=wifi_poll,
plants.env,2026-07-28T09:07:50.404Z,2026-07-28 04:07:50.404,24145,2a89d4,8gtt1h,0.7.3,fleet_logger_0_1,586500719,ESP32,esp32_die,on_chip,die_temp,,23.70,degC,OK,,,,,name=c5off1;source=esp32_die;cal=uncalibrated_board_proxy;api=temperatureRead;config_id=170b1c1e;transport=wifi_poll,
plants.soil,2026-07-28T09:08:20.995Z,2026-07-28 04:08:20.995,24146,2a89d4,8gtt1h,0.7.3,fleet_logger_0_1,586530035,UMLIFE_v2_TLC555,ch0,origplant,soil_moisture,1231,,,OK,,,983.4,,name=c5off1;level=overwatered;role=disp;spread=14;gpio=1;device_seq=78200;time_source=device_synced;device_timestamp_utc=2026-07-28T09:08:01.989Z;config_id=170b1c1e;rssi=-57;uptime_s=586530;heap=152648;cal_tier=board-cal;cal_src=wet_rederive_1236_20260719;pressure_context_source=weather_openmeteo;transport=wifi_poll,
plants.soil,2026-07-28T09:08:20.995Z,2026-07-28 04:08:20.995,24147,2a89d4,8gtt1h,0.7.3,fleet_logger_0_1,586530035,UMLIFE_v2_TLC555,ch1,origplant,soil_moisture,1391,,,OK,,,983.4,,name=c5off1;level=well watered;role=disp;spread=20;gpio=4;device_seq=78201;time_source=device_synced;device_timestamp_utc=2026-07-28T09:08:01.989Z;config_id=170b1c1e;rssi=-57;uptime_s=586530;heap=152648;cal_tier=board-cal;cal_src=wet_rederive_1236_20260719;pressure_context_source=weather_openmeteo;transport=wifi_poll,
plants.soil,2026-07-28T09:08:20.995Z,2026-07-28 04:08:20.995,24148,2a89d4,8gtt1h,0.7.3,fleet_logger_0_1,586530035,UMLIFE_v2_TLC555,ch2,origplant,soil_moisture,1254,,,OK,,,983.4,,name=c5off1;level=overwatered;role=disp;spread=13;gpio=5;device_seq=78202;time_source=device_synced;device_timestamp_utc=2026-07-28T09:08:01.989Z;config_id=170b1c1e;rssi=-57;uptime_s=586530;heap=152648;cal_tier=board-cal;cal_src=wet_rederive_1236_20260719;pressure_context_source=weather_openmeteo;transport=wifi_poll,
plants.soil,2026-07-28T09:08:20.995Z,2026-07-28 04:08:20.995,24149,2a89d4,8gtt1h,0.7.3,fleet_logger_0_1,586530035,UMLIFE_v2_TLC555,ch3,origplant,soil_moisture,1612,,,OK,,,983.4,,name=c5off1;level=OK;role=disp;spread=12;gpio=6;device_seq=78203;time_source=device_synced;device_timestamp_utc=2026-07-28T09:08:01.989Z;config_id=170b1c1e;rssi=-57;uptime_s=586530;heap=152648;cal_tier=board-cal;cal_src=wet_rederive_1236_20260719;pressure_context_source=weather_openmeteo;transport=wifi_poll,
plants.env,2026-07-28T09:08:20.995Z,2026-07-28 04:08:20.995,24150,2a89d4,8gtt1h,0.7.3,fleet_logger_0_1,586530719,ESP32,esp32_die,on_chip,die_temp,,23.70,degC,OK,,,,,name=c5off1;source=esp32_die;cal=uncalibrated_board_proxy;api=temperatureRead;config_id=170b1c1e;transport=wifi_poll,
plants.soil,2026-07-28T09:08:51.407Z,2026-07-28 04:08:51.407,24151,2a89d4,8gtt1h,0.7.3,fleet_logger_0_1,586560035,UMLIFE_v2_TLC555,ch0,origplant,soil_moisture,1231,,,OK,,,983.4,,name=c5off1;level=overwatered;role=disp;spread=18;gpio=1;device_seq=78204;time_source=device_synced;device_timestamp_utc=2026-07-28T09:08:31.989Z;config_id=170b1c1e;rssi=-56;uptime_s=586560;heap=152392;cal_tier=board-cal;cal_src=wet_rederive_1236_20260719;pressure_context_source=weather_openmeteo;transport=wifi_poll,
plants.soil,2026-07-28T09:08:51.407Z,2026-07-28 04:08:51.407,24152,2a89d4,8gtt1h,0.7.3,fleet_logger_0_1,586560035,UMLIFE_v2_TLC555,ch1,origplant,soil_moisture,1391,,,OK,,,983.4,,name=c5off1;level=well watered;role=disp;spread=20;gpio=4;device_seq=78205;time_source=device_synced;device_timestamp_utc=2026-07-28T09:08:31.989Z;config_id=170b1c1e;rssi=-56;uptime_s=586560;heap=152392;cal_tier=board-cal;cal_src=wet_rederive_1236_20260719;pressure_context_source=weather_openmeteo;transport=wifi_poll,
plants.soil,2026-07-28T09:08:51.407Z,2026-07-28 04:08:51.407,24153,2a89d4,8gtt1h,0.7.3,fleet_logger_0_1,586560035,UMLIFE_v2_TLC555,ch2,origplant,soil_moisture,1255,,,OK,,,983.4,,name=c5off1;level=overwatered;role=disp;spread=11;gpio=5;device_seq=78206;time_source=device_synced;device_timestamp_utc=2026-07-28T09:08:31.989Z;config_id=170b1c1e;rssi=-56;uptime_s=586560;heap=152392;cal_tier=board-cal;cal_src=wet_rederive_1236_20260719;pressure_context_source=weather_openmeteo;transport=wifi_poll,
plants.soil,2026-07-28T09:08:51.407Z,2026-07-28 04:08:51.407,24154,2a89d4,8gtt1h,0.7.3,fleet_logger_0_1,586560035,UMLIFE_v2_TLC555,ch3,origplant,soil_moisture,1608,,,OK,,,983.4,,name=c5off1;level=OK;role=disp;spread=28;gpio=6;device_seq=78207;time_source=device_synced;device_timestamp_utc=2026-07-28T09:08:31.989Z;config_id=170b1c1e;rssi=-56;uptime_s=586560;heap=152392;cal_tier=board-cal;cal_src=wet_rederive_1236_20260719;pressure_context_source=weather_openmeteo;transport=wifi_poll,
plants.env,2026-07-28T09:08:51.407Z,2026-07-28 04:08:51.407,24155,2a89d4,8gtt1h,0.7.3,fleet_logger_0_1,586560719,ESP32,esp32_die,on_chip,die_temp,,23.70,degC,OK,,,,,name=c5off1;source=esp32_die;cal=uncalibrated_board_proxy;api=temperatureRead;config_id=170b1c1e;transport=wifi_poll,
plants.soil,2026-07-28T09:09:21.746Z,2026-07-28 04:09:21.746,24156,2a89d4,8gtt1h,0.7.3,fleet_logger_0_1,586590035,UMLIFE_v2_TLC555,ch0,origplant,soil_moisture,1231,,,OK,,,983.4,,name=c5off1;level=overwatered;role=disp;spread=7;gpio=1;device_seq=78208;time_source=device_synced;device_timestamp_utc=2026-07-28T09:09:01.989Z;config_id=170b1c1e;rssi=-59;uptime_s=586590;heap=152392;cal_tier=board-cal;cal_src=wet_rederive_1236_20260719;pressure_context_source=weather_openmeteo;transport=wifi_poll,
plants.soil,2026-07-28T09:09:21.746Z,2026-07-28 04:09:21.746,24157,2a89d4,8gtt1h,0.7.3,fleet_logger_0_1,586590035,UMLIFE_v2_TLC555,ch1,origplant,soil_moisture,1393,,,OK,,,983.4,,name=c5off1;level=well watered;role=disp;spread=8;gpio=4;device_seq=78209;time_source=device_synced;device_timestamp_utc=2026-07-28T09:09:01.989Z;config_id=170b1c1e;rssi=-59;uptime_s=586590;heap=152392;cal_tier=board-cal;cal_src=wet_rederive_1236_20260719;pressure_context_source=weather_openmeteo;transport=wifi_poll,
plants.soil,2026-07-28T09:09:21.746Z,2026-07-28 04:09:21.746,24158,2a89d4,8gtt1h,0.7.3,fleet_logger_0_1,586590035,UMLIFE_v2_TLC555,ch2,origplant,soil_moisture,1256,,,OK,,,983.4,,name=c5off1;level=overwatered;role=disp;spread=12;gpio=5;device_seq=78210;time_source=device_synced;device_timestamp_utc=2026-07-28T09:09:01.989Z;config_id=170b1c1e;rssi=-59;uptime_s=586590;heap=152392;cal_tier=board-cal;cal_src=wet_rederive_1236_20260719;pressure_context_source=weather_openmeteo;transport=wifi_poll,
plants.soil,2026-07-28T09:09:21.746Z,2026-07-28 04:09:21.746,24159,2a89d4,8gtt1h,0.7.3,fleet_logger_0_1,586590035,UMLIFE_v2_TLC555,ch3,origplant,soil_moisture,1611,,,OK,,,983.4,,name=c5off1;level=OK;role=disp;spread=21;gpio=6;device_seq=78211;time_source=device_synced;device_timestamp_utc=2026-07-28T09:09:01.989Z;config_id=170b1c1e;rssi=-59;uptime_s=586590;heap=152392;cal_tier=board-cal;cal_src=wet_rederive_1236_20260719;pressure_context_source=weather_openmeteo;transport=wifi_poll,
plants.env,2026-07-28T09:09:21.746Z,2026-07-28 04:09:21.746,24160,2a89d4,8gtt1h,0.7.3,fleet_logger_0_1,586590719,ESP32,esp32_die,on_chip,die_temp,,23.70,degC,OK,,,,,name=c5off1;source=esp32_die;cal=uncalibrated_board_proxy;api=temperatureRead;config_id=170b1c1e;transport=wifi_poll,
plants.soil,2026-07-28T09:09:52.260Z,2026-07-28 04:09:52.260,24161,2a89d4,8gtt1h,0.7.3,fleet_logger_0_1,586620035,UMLIFE_v2_TLC555,ch0,origplant,soil_moisture,1232,,,OK,,,983.4,,name=c5off1;level=overwatered;role=disp;spread=12;gpio=1;device_seq=78212;time_source=device_synced;device_timestamp_utc=2026-07-28T09:09:31.989Z;config_id=170b1c1e;rssi=-59;uptime_s=586620;heap=152648;cal_tier=board-cal;cal_src=wet_rederive_1236_20260719;pressure_context_source=weather_openmeteo;transport=wifi_poll,
plants.soil,2026-07-28T09:09:52.260Z,2026-07-28 04:09:52.260,24162,2a89d4,8gtt1h,0.7.3,fleet_logger_0_1,586620035,UMLIFE_v2_TLC555,ch1,origplant,soil_moisture,1393,,,OK,,,983.4,,name=c5off1;level=well watered;role=disp;spread=8;gpio=4;device_seq=78213;time_source=device_synced;device_timestamp_utc=2026-07-28T09:09:31.989Z;config_id=170b1c1e;rssi=-59;uptime_s=586620;heap=152648;cal_tier=board-cal;cal_src=wet_rederive_1236_20260719;pressure_context_source=weather_openmeteo;transport=wifi_poll,
plants.soil,2026-07-28T09:09:52.260Z,2026-07-28 04:09:52.260,24163,2a89d4,8gtt1h,0.7.3,fleet_logger_0_1,586620035,UMLIFE_v2_TLC555,ch2,origplant,soil_moisture,1256,,,OK,,,983.4,,name=c5off1;level=overwatered;role=disp;spread=26;gpio=5;device_seq=78214;time_source=device_synced;device_timestamp_utc=2026-07-28T09:09:31.989Z;config_id=170b1c1e;rssi=-59;uptime_s=586620;heap=152648;cal_tier=board-cal;cal_src=wet_rederive_1236_20260719;pressure_context_source=weather_openmeteo;transport=wifi_poll,
plants.soil,2026-07-28T09:09:52.260Z,2026-07-28 04:09:52.260,24164,2a89d4,8gtt1h,0.7.3,fleet_logger_0_1,586620035,UMLIFE_v2_TLC555,ch3,origplant,soil_moisture,1611,,,OK,,,983.4,,name=c5off1;level=OK;role=disp;spread=28;gpio=6;device_seq=78215;time_source=device_synced;device_timestamp_utc=2026-07-28T09:09:31.989Z;config_id=170b1c1e;rssi=-59;uptime_s=586620;heap=152648;cal_tier=board-cal;cal_src=wet_rederive_1236_20260719;pressure_context_source=weather_openmeteo;transport=wifi_poll,
plants.env,2026-07-28T09:09:52.260Z,2026-07-28 04:09:52.260,24165,2a89d4,8gtt1h,0.7.3,fleet_logger_0_1,586620719,ESP32,esp32_die,on_chip,die_temp,,23.70,degC,OK,,,,,name=c5off1;source=esp32_die;cal=uncalibrated_board_proxy;api=temperatureRead;config_id=170b1c1e;transport=wifi_poll,
plants.soil,2026-07-28T09:10:22.569Z,2026-07-28 04:10:22.569,24166,2a89d4,8gtt1h,0.7.3,fleet_logger_0_1,586650035,UMLIFE_v2_TLC555,ch0,origplant,soil_moisture,1214,,,OK,,,983.4,,name=c5off1;level=overwatered;role=disp;spread=5;gpio=1;device_seq=78216;time_source=device_synced;device_timestamp_utc=2026-07-28T09:10:01.989Z;config_id=170b1c1e;rssi=-55;uptime_s=586650;heap=152648;cal_tier=board-cal;cal_src=wet_rederive_1236_20260719;pressure_context_source=weather_openmeteo;transport=wifi_poll,
plants.soil,2026-07-28T09:10:22.569Z,2026-07-28 04:10:22.569,24167,2a89d4,8gtt1h,0.7.3,fleet_logger_0_1,586650035,UMLIFE_v2_TLC555,ch1,origplant,soil_moisture,1375,,,OK,,,983.4,,name=c5off1;level=well watered;role=disp;spread=28;gpio=4;device_seq=78217;time_source=device_synced;device_timestamp_utc=2026-07-28T09:10:01.989Z;config_id=170b1c1e;rssi=-55;uptime_s=586650;heap=152648;cal_tier=board-cal;cal_src=wet_rederive_1236_20260719;pressure_context_source=weather_openmeteo;transport=wifi_poll,
plants.soil,2026-07-28T09:10:22.569Z,2026-07-28 04:10:22.569,24168,2a89d4,8gtt1h,0.7.3,fleet_logger_0_1,586650035,UMLIFE_v2_TLC555,ch2,origplant,soil_moisture,1257,,,OK,,,983.4,,name=c5off1;level=overwatered;role=disp;spread=13;gpio=5;device_seq=78218;time_source=device_synced;device_timestamp_utc=2026-07-28T09:10:01.989Z;config_id=170b1c1e;rssi=-55;uptime_s=586650;heap=152648;cal_tier=board-cal;cal_src=wet_rederive_1236_20260719;pressure_context_source=weather_openmeteo;transport=wifi_poll,
plants.soil,2026-07-28T09:10:22.569Z,2026-07-28 04:10:22.569,24169,2a89d4,8gtt1h,0.7.3,fleet_logger_0_1,586650035,UMLIFE_v2_TLC555,ch3,origplant,soil_moisture,1608,,,OK,,,983.4,,name=c5off1;level=OK;role=disp;spread=22;gpio=6;device_seq=78219;time_source=device_synced;device_timestamp_utc=2026-07-28T09:10:01.989Z;config_id=170b1c1e;rssi=-55;uptime_s=586650;heap=152648;cal_tier=board-cal;cal_src=wet_rederive_1236_20260719;pressure_context_source=weather_openmeteo;transport=wifi_poll,
plants.env,2026-07-28T09:10:22.569Z,2026-07-28 04:10:22.569,24170,2a89d4,8gtt1h,0.7.3,fleet_logger_0_1,586650719,ESP32,esp32_die,on_chip,die_temp,,23.70,degC,OK,,,,,name=c5off1;source=esp32_die;cal=uncalibrated_board_proxy;api=temperatureRead;config_id=170b1c1e;transport=wifi_poll,
plants.soil,2026-07-28T09:10:54.009Z,2026-07-28 04:10:54.009,24171,2a89d4,8gtt1h,0.7.3,fleet_logger_0_1,586680035,UMLIFE_v2_TLC555,ch0,origplant,soil_moisture,1232,,,OK,,,983.4,,name=c5off1;level=overwatered;role=disp;spread=9;gpio=1;device_seq=78220;time_source=device_synced;device_timestamp_utc=2026-07-28T09:10:31.989Z;config_id=170b1c1e;rssi=-58;uptime_s=586680;heap=152636;cal_tier=board-cal;cal_src=wet_rederive_1236_20260719;pressure_context_source=weather_openmeteo;transport=wifi_poll,
plants.soil,2026-07-28T09:10:54.009Z,2026-07-28 04:10:54.009,24172,2a89d4,8gtt1h,0.7.3,fleet_logger_0_1,586680035,UMLIFE_v2_TLC555,ch1,origplant,soil_moisture,1389,,,OK,,,983.4,,name=c5off1;level=well watered;role=disp;spread=30;gpio=4;device_seq=78221;time_source=device_synced;device_timestamp_utc=2026-07-28T09:10:31.989Z;config_id=170b1c1e;rssi=-58;uptime_s=586680;heap=152636;cal_tier=board-cal;cal_src=wet_rederive_1236_20260719;pressure_context_source=weather_openmeteo;transport=wifi_poll,
plants.soil,2026-07-28T09:10:54.009Z,2026-07-28 04:10:54.009,24173,2a89d4,8gtt1h,0.7.3,fleet_logger_0_1,586680035,UMLIFE_v2_TLC555,ch2,origplant,soil_moisture,1255,,,OK,,,983.4,,name=c5off1;level=overwatered;role=disp;spread=9;gpio=5;device_seq=78222;time_source=device_synced;device_timestamp_utc=2026-07-28T09:10:31.989Z;config_id=170b1c1e;rssi=-58;uptime_s=586680;heap=152636;cal_tier=board-cal;cal_src=wet_rederive_1236_20260719;pressure_context_source=weather_openmeteo;transport=wifi_poll,
plants.soil,2026-07-28T09:10:54.009Z,2026-07-28 04:10:54.009,24174,2a89d4,8gtt1h,0.7.3,fleet_logger_0_1,586680035,UMLIFE_v2_TLC555,ch3,origplant,soil_moisture,1608,,,OK,,,983.4,,name=c5off1;level=OK;role=disp;spread=13;gpio=6;device_seq=78223;time_source=device_synced;device_timestamp_utc=2026-07-28T09:10:31.989Z;config_id=170b1c1e;rssi=-58;uptime_s=586680;heap=152636;cal_tier=board-cal;cal_src=wet_rederive_1236_20260719;pressure_context_source=weather_openmeteo;transport=wifi_poll,
plants.env,2026-07-28T09:10:54.009Z,2026-07-28 04:10:54.009,24175,2a89d4,8gtt1h,0.7.3,fleet_logger_0_1,586680719,ESP32,esp32_die,on_chip,die_temp,,23.70,degC,OK,,,,,name=c5off1;source=esp32_die;cal=uncalibrated_board_proxy;api=temperatureRead;config_id=170b1c1e;transport=wifi_poll,
plants.soil,2026-07-28T09:11:24.531Z,2026-07-28 04:11:24.531,24176,2a89d4,8gtt1h,0.7.3,fleet_logger_0_1,586710035,UMLIFE_v2_TLC555,ch0,origplant,soil_moisture,1215,,,OK,,,983.4,,name=c5off1;level=overwatered;role=disp;spread=20;gpio=1;device_seq=78224;time_source=device_synced;device_timestamp_utc=2026-07-28T09:11:01.989Z;config_id=170b1c1e;rssi=-56;uptime_s=586710;heap=152644;cal_tier=board-cal;cal_src=wet_rederive_1236_20260719;pressure_context_source=weather_openmeteo;transport=wifi_poll,
plants.soil,2026-07-28T09:11:24.531Z,2026-07-28 04:11:24.531,24177,2a89d4,8gtt1h,0.7.3,fleet_logger_0_1,586710035,UMLIFE_v2_TLC555,ch1,origplant,soil_moisture,1384,,,OK,,,983.4,,name=c5off1;level=well watered;role=disp;spread=38;gpio=4;device_seq=78225;time_source=device_synced;device_timestamp_utc=2026-07-28T09:11:01.989Z;config_id=170b1c1e;rssi=-56;uptime_s=586710;heap=152644;cal_tier=board-cal;cal_src=wet_rederive_1236_20260719;pressure_context_source=weather_openmeteo;transport=wifi_poll,
plants.soil,2026-07-28T09:11:24.531Z,2026-07-28 04:11:24.531,24178,2a89d4,8gtt1h,0.7.3,fleet_logger_0_1,586710035,UMLIFE_v2_TLC555,ch2,origplant,soil_moisture,1256,,,OK,,,983.4,,name=c5off1;level=overwatered;role=disp;spread=17;gpio=5;device_seq=78226;time_source=device_synced;device_timestamp_utc=2026-07-28T09:11:01.989Z;config_id=170b1c1e;rssi=-56;uptime_s=586710;heap=152644;cal_tier=board-cal;cal_src=wet_rederive_1236_20260719;pressure_context_source=weather_openmeteo;transport=wifi_poll,
plants.soil,2026-07-28T09:11:24.531Z,2026-07-28 04:11:24.531,24179,2a89d4,8gtt1h,0.7.3,fleet_logger_0_1,586710035,UMLIFE_v2_TLC555,ch3,origplant,soil_moisture,1612,,,OK,,,983.4,,name=c5off1;level=OK;role=disp;spread=28;gpio=6;device_seq=78227;time_source=device_synced;device_timestamp_utc=2026-07-28T09:11:01.989Z;config_id=170b1c1e;rssi=-56;uptime_s=586710;heap=152644;cal_tier=board-cal;cal_src=wet_rederive_1236_20260719;pressure_context_source=weather_openmeteo;transport=wifi_poll,
plants.env,2026-07-28T09:11:24.531Z,2026-07-28 04:11:24.531,24180,2a89d4,8gtt1h,0.7.3,fleet_logger_0_1,586710719,ESP32,esp32_die,on_chip,die_temp,,23.70,degC,OK,,,,,name=c5off1;source=esp32_die;cal=uncalibrated_board_proxy;api=temperatureRead;config_id=170b1c1e;transport=wifi_poll,
plants.soil,2026-07-28T09:11:55.038Z,2026-07-28 04:11:55.038,24181,2a89d4,8gtt1h,0.7.3,fleet_logger_0_1,586740035,UMLIFE_v2_TLC555,ch0,origplant,soil_moisture,1221,,,OK,,,983.4,,name=c5off1;level=overwatered;role=disp;spread=20;gpio=1;device_seq=78228;time_source=device_synced;device_timestamp_utc=2026-07-28T09:11:31.989Z;config_id=170b1c1e;rssi=-57;uptime_s=586740;heap=152392;cal_tier=board-cal;cal_src=wet_rederive_1236_20260719;pressure_context_source=weather_openmeteo;transport=wifi_poll,
plants.soil,2026-07-28T09:11:55.038Z,2026-07-28 04:11:55.038,24182,2a89d4,8gtt1h,0.7.3,fleet_logger_0_1,586740035,UMLIFE_v2_TLC555,ch1,origplant,soil_moisture,1387,,,OK,,,983.4,,name=c5off1;level=well watered;role=disp;spread=19;gpio=4;device_seq=78229;time_source=device_synced;device_timestamp_utc=2026-07-28T09:11:31.989Z;config_id=170b1c1e;rssi=-57;uptime_s=586740;heap=152392;cal_tier=board-cal;cal_src=wet_rederive_1236_20260719;pressure_context_source=weather_openmeteo;transport=wifi_poll,
plants.soil,2026-07-28T09:11:55.038Z,2026-07-28 04:11:55.038,24183,2a89d4,8gtt1h,0.7.3,fleet_logger_0_1,586740035,UMLIFE_v2_TLC555,ch2,origplant,soil_moisture,1256,,,OK,,,983.4,,name=c5off1;level=overwatered;role=disp;spread=19;gpio=5;device_seq=78230;time_source=device_synced;device_timestamp_utc=2026-07-28T09:11:31.989Z;config_id=170b1c1e;rssi=-57;uptime_s=586740;heap=152392;cal_tier=board-cal;cal_src=wet_rederive_1236_20260719;pressure_context_source=weather_openmeteo;transport=wifi_poll,
plants.soil,2026-07-28T09:11:55.038Z,2026-07-28 04:11:55.038,24184,2a89d4,8gtt1h,0.7.3,fleet_logger_0_1,586740035,UMLIFE_v2_TLC555,ch3,origplant,soil_moisture,1609,,,OK,,,983.4,,name=c5off1;level=OK;role=disp;spread=21;gpio=6;device_seq=78231;time_source=device_synced;device_timestamp_utc=2026-07-28T09:11:31.989Z;config_id=170b1c1e;rssi=-57;uptime_s=586740;heap=152392;cal_tier=board-cal;cal_src=wet_rederive_1236_20260719;pressure_context_source=weather_openmeteo;transport=wifi_poll,
plants.env,2026-07-28T09:11:55.038Z,2026-07-28 04:11:55.038,24185,2a89d4,8gtt1h,0.7.3,fleet_logger_0_1,586740719,ESP32,esp32_die,on_chip,die_temp,,23.70,degC,OK,,,,,name=c5off1;source=esp32_die;cal=uncalibrated_board_proxy;api=temperatureRead;config_id=170b1c1e;transport=wifi_poll,
plants.soil,2026-07-28T09:12:25.347Z,2026-07-28 04:12:25.347,24186,2a89d4,8gtt1h,0.7.3,fleet_logger_0_1,586770035,UMLIFE_v2_TLC555,ch0,origplant,soil_moisture,1227,,,OK,,,983.4,,name=c5off1;level=overwatered;role=disp;spread=13;gpio=1;device_seq=78232;time_source=device_synced;device_timestamp_utc=2026-07-28T09:12:01.989Z;config_id=170b1c1e;rssi=-56;uptime_s=586770;heap=152384;cal_tier=board-cal;cal_src=wet_rederive_1236_20260719;pressure_context_source=weather_openmeteo;transport=wifi_poll,
plants.soil,2026-07-28T09:12:25.347Z,2026-07-28 04:12:25.347,24187,2a89d4,8gtt1h,0.7.3,fleet_logger_0_1,586770035,UMLIFE_v2_TLC555,ch1,origplant,soil_moisture,1393,,,OK,,,983.4,,name=c5off1;level=well watered;role=disp;spread=14;gpio=4;device_seq=78233;time_source=device_synced;device_timestamp_utc=2026-07-28T09:12:01.989Z;config_id=170b1c1e;rssi=-56;uptime_s=586770;heap=152384;cal_tier=board-cal;cal_src=wet_rederive_1236_20260719;pressure_context_source=weather_openmeteo;transport=wifi_poll,
plants.soil,2026-07-28T09:12:25.347Z,2026-07-28 04:12:25.347,24188,2a89d4,8gtt1h,0.7.3,fleet_logger_0_1,586770035,UMLIFE_v2_TLC555,ch2,origplant,soil_moisture,1256,,,OK,,,983.4,,name=c5off1;level=overwatered;role=disp;spread=14;gpio=5;device_seq=78234;time_source=device_synced;device_timestamp_utc=2026-07-28T09:12:01.989Z;config_id=170b1c1e;rssi=-56;uptime_s=586770;heap=152384;cal_tier=board-cal;cal_src=wet_rederive_1236_20260719;pressure_context_source=weather_openmeteo;transport=wifi_poll,
plants.soil,2026-07-28T09:12:25.347Z,2026-07-28 04:12:25.347,24189,2a89d4,8gtt1h,0.7.3,fleet_logger_0_1,586770035,UMLIFE_v2_TLC555,ch3,origplant,soil_moisture,1608,,,OK,,,983.4,,name=c5off1;level=OK;role=disp;spread=24;gpio=6;device_seq=78235;time_source=device_synced;device_timestamp_utc=2026-07-28T09:12:01.989Z;config_id=170b1c1e;rssi=-56;uptime_s=586770;heap=152384;cal_tier=board-cal;cal_src=wet_rederive_1236_20260719;pressure_context_source=weather_openmeteo;transport=wifi_poll,
plants.env,2026-07-28T09:12:25.347Z,2026-07-28 04:12:25.347,24190,2a89d4,8gtt1h,0.7.3,fleet_logger_0_1,586770719,ESP32,esp32_die,on_chip,die_temp,,23.70,degC,OK,,,,,name=c5off1;source=esp32_die;cal=uncalibrated_board_proxy;api=temperatureRead;config_id=170b1c1e;transport=wifi_poll,
plants.soil,2026-07-28T09:12:55.863Z,2026-07-28 04:12:55.863,24191,2a89d4,8gtt1h,0.7.3,fleet_logger_0_1,586800035,UMLIFE_v2_TLC555,ch0,origplant,soil_moisture,1221,,,OK,,,983.4,,name=c5off1;level=overwatered;role=disp;spread=16;gpio=1;device_seq=78236;time_source=device_synced;device_timestamp_utc=2026-07-28T09:12:31.989Z;config_id=170b1c1e;rssi=-58;uptime_s=586800;heap=152656;cal_tier=board-cal;cal_src=wet_rederive_1236_20260719;pressure_context_source=weather_openmeteo;transport=wifi_poll,
plants.soil,2026-07-28T09:12:55.863Z,2026-07-28 04:12:55.863,24192,2a89d4,8gtt1h,0.7.3,fleet_logger_0_1,586800035,UMLIFE_v2_TLC555,ch1,origplant,soil_moisture,1389,,,OK,,,983.4,,name=c5off1;level=well watered;role=disp;spread=12;gpio=4;device_seq=78237;time_source=device_synced;device_timestamp_utc=2026-07-28T09:12:31.989Z;config_id=170b1c1e;rssi=-58;uptime_s=586800;heap=152656;cal_tier=board-cal;cal_src=wet_rederive_1236_20260719;pressure_context_source=weather_openmeteo;transport=wifi_poll,
plants.soil,2026-07-28T09:12:55.863Z,2026-07-28 04:12:55.863,24193,2a89d4,8gtt1h,0.7.3,fleet_logger_0_1,586800035,UMLIFE_v2_TLC555,ch2,origplant,soil_moisture,1259,,,OK,,,983.4,,name=c5off1;level=overwatered;role=disp;spread=16;gpio=5;device_seq=78238;time_source=device_synced;device_timestamp_utc=2026-07-28T09:12:31.989Z;config_id=170b1c1e;rssi=-58;uptime_s=586800;heap=152656;cal_tier=board-cal;cal_src=wet_rederive_1236_20260719;pressure_context_source=weather_openmeteo;transport=wifi_poll,
plants.soil,2026-07-28T09:12:55.863Z,2026-07-28 04:12:55.863,24194,2a89d4,8gtt1h,0.7.3,fleet_logger_0_1,586800035,UMLIFE_v2_TLC555,ch3,origplant,soil_moisture,1610,,,OK,,,983.4,,name=c5off1;level=OK;role=disp;spread=19;gpio=6;device_seq=78239;time_source=device_synced;device_timestamp_utc=2026-07-28T09:12:31.989Z;config_id=170b1c1e;rssi=-58;uptime_s=586800;heap=152656;cal_tier=board-cal;cal_src=wet_rederive_1236_20260719;pressure_context_source=weather_openmeteo;transport=wifi_poll,
plants.env,2026-07-28T09:12:55.863Z,2026-07-28 04:12:55.863,24195,2a89d4,8gtt1h,0.7.3,fleet_logger_0_1,586801819,ESP32,esp32_die,on_chip,die_temp,,23.70,degC,OK,,,,,name=c5off1;source=esp32_die;cal=uncalibrated_board_proxy;api=temperatureRead;config_id=170b1c1e;transport=wifi_poll,
plants.soil,2026-07-28T09:13:26.377Z,2026-07-28 04:13:26.377,24196,2a89d4,8gtt1h,0.7.3,fleet_logger_0_1,586830035,UMLIFE_v2_TLC555,ch0,origplant,soil_moisture,1223,,,OK,,,983.4,,name=c5off1;level=overwatered;role=disp;spread=6;gpio=1;device_seq=78240;time_source=device_synced;device_timestamp_utc=2026-07-28T09:13:01.989Z;config_id=170b1c1e;rssi=-57;uptime_s=586830;heap=152660;cal_tier=board-cal;cal_src=wet_rederive_1236_20260719;pressure_context_source=weather_openmeteo;transport=wifi_poll,
plants.soil,2026-07-28T09:13:26.377Z,2026-07-28 04:13:26.377,24197,2a89d4,8gtt1h,0.7.3,fleet_logger_0_1,586830035,UMLIFE_v2_TLC555,ch1,origplant,soil_moisture,1390,,,OK,,,983.4,,name=c5off1;level=well watered;role=disp;spread=28;gpio=4;device_seq=78241;time_source=device_synced;device_timestamp_utc=2026-07-28T09:13:01.989Z;config_id=170b1c1e;rssi=-57;uptime_s=586830;heap=152660;cal_tier=board-cal;cal_src=wet_rederive_1236_20260719;pressure_context_source=weather_openmeteo;transport=wifi_poll,
plants.soil,2026-07-28T09:13:26.377Z,2026-07-28 04:13:26.377,24198,2a89d4,8gtt1h,0.7.3,fleet_logger_0_1,586830035,UMLIFE_v2_TLC555,ch2,origplant,soil_moisture,1255,,,OK,,,983.4,,name=c5off1;level=overwatered;role=disp;spread=22;gpio=5;device_seq=78242;time_source=device_synced;device_timestamp_utc=2026-07-28T09:13:01.989Z;config_id=170b1c1e;rssi=-57;uptime_s=586830;heap=152660;cal_tier=board-cal;cal_src=wet_rederive_1236_20260719;pressure_context_source=weather_openmeteo;transport=wifi_poll,
plants.soil,2026-07-28T09:13:26.377Z,2026-07-28 04:13:26.377,24199,2a89d4,8gtt1h,0.7.3,fleet_logger_0_1,586830035,UMLIFE_v2_TLC555,ch3,origplant,soil_moisture,1608,,,OK,,,983.4,,name=c5off1;level=OK;role=disp;spread=33;gpio=6;device_seq=78243;time_source=device_synced;device_timestamp_utc=2026-07-28T09:13:01.989Z;config_id=170b1c1e;rssi=-57;uptime_s=586830;heap=152660;cal_tier=board-cal;cal_src=wet_rederive_1236_20260719;pressure_context_source=weather_openmeteo;transport=wifi_poll,
plants.env,2026-07-28T09:13:26.377Z,2026-07-28 04:13:26.377,24200,2a89d4,8gtt1h,0.7.3,fleet_logger_0_1,586830719,ESP32,esp32_die,on_chip,die_temp,,23.70,degC,OK,,,,,name=c5off1;source=esp32_die;cal=uncalibrated_board_proxy;api=temperatureRead;config_id=170b1c1e;transport=wifi_poll,
plants.soil,2026-07-28T09:13:57.303Z,2026-07-28 04:13:57.303,24201,2a89d4,8gtt1h,0.7.3,fleet_logger_0_1,586860035,UMLIFE_v2_TLC555,ch0,origplant,soil_moisture,1217,,,OK,,,983.4,,name=c5off1;level=overwatered;role=disp;spread=20;gpio=1;device_seq=78244;time_source=device_synced;device_timestamp_utc=2026-07-28T09:13:31.989Z;config_id=170b1c1e;rssi=-57;uptime_s=586860;heap=152644;cal_tier=board-cal;cal_src=wet_rederive_1236_20260719;pressure_context_source=weather_openmeteo;transport=wifi_poll,
plants.soil,2026-07-28T09:13:57.303Z,2026-07-28 04:13:57.303,24202,2a89d4,8gtt1h,0.7.3,fleet_logger_0_1,586860035,UMLIFE_v2_TLC555,ch1,origplant,soil_moisture,1376,,,OK,,,983.4,,name=c5off1;level=well watered;role=disp;spread=23;gpio=4;device_seq=78245;time_source=device_synced;device_timestamp_utc=2026-07-28T09:13:31.989Z;config_id=170b1c1e;rssi=-57;uptime_s=586860;heap=152644;cal_tier=board-cal;cal_src=wet_rederive_1236_20260719;pressure_context_source=weather_openmeteo;transport=wifi_poll,
plants.soil,2026-07-28T09:13:57.303Z,2026-07-28 04:13:57.303,24203,2a89d4,8gtt1h,0.7.3,fleet_logger_0_1,586860035,UMLIFE_v2_TLC555,ch2,origplant,soil_moisture,1254,,,OK,,,983.4,,name=c5off1;level=overwatered;role=disp;spread=13;gpio=5;device_seq=78246;time_source=device_synced;device_timestamp_utc=2026-07-28T09:13:31.989Z;config_id=170b1c1e;rssi=-57;uptime_s=586860;heap=152644;cal_tier=board-cal;cal_src=wet_rederive_1236_20260719;pressure_context_source=weather_openmeteo;transport=wifi_poll,
plants.soil,2026-07-28T09:13:57.303Z,2026-07-28 04:13:57.303,24204,2a89d4,8gtt1h,0.7.3,fleet_logger_0_1,586860035,UMLIFE_v2_TLC555,ch3,origplant,soil_moisture,1595,,,OK,,,983.4,,name=c5off1;level=OK;role=disp;spread=31;gpio=6;device_seq=78247;time_source=device_synced;device_timestamp_utc=2026-07-28T09:13:31.989Z;config_id=170b1c1e;rssi=-57;uptime_s=586860;heap=152644;cal_tier=board-cal;cal_src=wet_rederive_1236_20260719;pressure_context_source=weather_openmeteo;transport=wifi_poll,
plants.env,2026-07-28T09:13:57.303Z,2026-07-28 04:13:57.303,24205,2a89d4,8gtt1h,0.7.3,fleet_logger_0_1,586860719,ESP32,esp32_die,on_chip,die_temp,,23.70,degC,OK,,,,,name=c5off1;source=esp32_die;cal=uncalibrated_board_proxy;api=temperatureRead;config_id=170b1c1e;transport=wifi_poll,
plants.soil,2026-07-28T09:14:27.920Z,2026-07-28 04:14:27.920,24206,2a89d4,8gtt1h,0.7.3,fleet_logger_0_1,586890035,UMLIFE_v2_TLC555,ch0,origplant,soil_moisture,1217,,,OK,,,983.4,,name=c5off1;level=overwatered;role=disp;spread=18;gpio=1;device_seq=78248;time_source=device_synced;device_timestamp_utc=2026-07-28T09:14:01.989Z;config_id=170b1c1e;rssi=-57;uptime_s=586890;heap=152644;cal_tier=board-cal;cal_src=wet_rederive_1236_20260719;pressure_context_source=weather_openmeteo;transport=wifi_poll,
plants.soil,2026-07-28T09:14:27.920Z,2026-07-28 04:14:27.920,24207,2a89d4,8gtt1h,0.7.3,fleet_logger_0_1,586890035,UMLIFE_v2_TLC555,ch1,origplant,soil_moisture,1374,,,OK,,,983.4,,name=c5off1;level=well watered;role=disp;spread=14;gpio=4;device_seq=78249;time_source=device_synced;device_timestamp_utc=2026-07-28T09:14:01.989Z;config_id=170b1c1e;rssi=-57;uptime_s=586890;heap=152644;cal_tier=board-cal;cal_src=wet_rederive_1236_20260719;pressure_context_source=weather_openmeteo;transport=wifi_poll,
plants.soil,2026-07-28T09:14:27.920Z,2026-07-28 04:14:27.920,24208,2a89d4,8gtt1h,0.7.3,fleet_logger_0_1,586890035,UMLIFE_v2_TLC555,ch2,origplant,soil_moisture,1256,,,OK,,,983.4,,name=c5off1;level=overwatered;role=disp;spread=10;gpio=5;device_seq=78250;time_source=device_synced;device_timestamp_utc=2026-07-28T09:14:01.989Z;config_id=170b1c1e;rssi=-57;uptime_s=586890;heap=152644;cal_tier=board-cal;cal_src=wet_rederive_1236_20260719;pressure_context_source=weather_openmeteo;transport=wifi_poll,
plants.soil,2026-07-28T09:14:27.920Z,2026-07-28 04:14:27.920,24209,2a89d4,8gtt1h,0.7.3,fleet_logger_0_1,586890035,UMLIFE_v2_TLC555,ch3,origplant,soil_moisture,1589,,,OK,,,983.4,,name=c5off1;level=OK;role=disp;spread=12;gpio=6;device_seq=78251;time_source=device_synced;device_timestamp_utc=2026-07-28T09:14:01.989Z;config_id=170b1c1e;rssi=-57;uptime_s=586890;heap=152644;cal_tier=board-cal;cal_src=wet_rederive_1236_20260719;pressure_context_source=weather_openmeteo;transport=wifi_poll,
plants.env,2026-07-28T09:14:27.920Z,2026-07-28 04:14:27.920,24210,2a89d4,8gtt1h,0.7.3,fleet_logger_0_1,586890719,ESP32,esp32_die,on_chip,die_temp,,23.70,degC,OK,,,,,name=c5off1;source=esp32_die;cal=uncalibrated_board_proxy;api=temperatureRead;config_id=170b1c1e;transport=wifi_poll,
plants.soil,2026-07-28T09:14:58.434Z,2026-07-28 04:14:58.434,24211,2a89d4,8gtt1h,0.7.3,fleet_logger_0_1,586920035,UMLIFE_v2_TLC555,ch0,origplant,soil_moisture,1226,,,OK,,,983.4,,name=c5off1;level=overwatered;role=disp;spread=14;gpio=1;device_seq=78252;time_source=device_synced;device_timestamp_utc=2026-07-28T09:14:31.989Z;config_id=170b1c1e;rssi=-57;uptime_s=586920;heap=152384;cal_tier=board-cal;cal_src=wet_rederive_1236_20260719;pressure_context_source=weather_openmeteo;transport=wifi_poll,
plants.soil,2026-07-28T09:14:58.434Z,2026-07-28 04:14:58.434,24212,2a89d4,8gtt1h,0.7.3,fleet_logger_0_1,586920035,UMLIFE_v2_TLC555,ch1,origplant,soil_moisture,1377,,,OK,,,983.4,,name=c5off1;level=well watered;role=disp;spread=18;gpio=4;device_seq=78253;time_source=device_synced;device_timestamp_utc=2026-07-28T09:14:31.989Z;config_id=170b1c1e;rssi=-57;uptime_s=586920;heap=152384;cal_tier=board-cal;cal_src=wet_rederive_1236_20260719;pressure_context_source=weather_openmeteo;transport=wifi_poll,
plants.soil,2026-07-28T09:14:58.434Z,2026-07-28 04:14:58.434,24213,2a89d4,8gtt1h,0.7.3,fleet_logger_0_1,586920035,UMLIFE_v2_TLC555,ch2,origplant,soil_moisture,1257,,,OK,,,983.4,,name=c5off1;level=overwatered;role=disp;spread=8;gpio=5;device_seq=78254;time_source=device_synced;device_timestamp_utc=2026-07-28T09:14:31.989Z;config_id=170b1c1e;rssi=-57;uptime_s=586920;heap=152384;cal_tier=board-cal;cal_src=wet_rederive_1236_20260719;pressure_context_source=weather_openmeteo;transport=wifi_poll,
plants.soil,2026-07-28T09:14:58.434Z,2026-07-28 04:14:58.434,24214,2a89d4,8gtt1h,0.7.3,fleet_logger_0_1,586920035,UMLIFE_v2_TLC555,ch3,origplant,soil_moisture,1593,,,OK,,,983.4,,name=c5off1;level=OK;role=disp;spread=16;gpio=6;device_seq=78255;time_source=device_synced;device_timestamp_utc=2026-07-28T09:14:31.989Z;config_id=170b1c1e;rssi=-57;uptime_s=586920;heap=152384;cal_tier=board-cal;cal_src=wet_rederive_1236_20260719;pressure_context_source=weather_openmeteo;transport=wifi_poll,
plants.env,2026-07-28T09:14:58.434Z,2026-07-28 04:14:58.434,24215,2a89d4,8gtt1h,0.7.3,fleet_logger_0_1,586920720,ESP32,esp32_die,on_chip,die_temp,,23.70,degC,OK,,,,,name=c5off1;source=esp32_die;cal=uncalibrated_board_proxy;api=temperatureRead;config_id=170b1c1e;transport=wifi_poll,
plants.soil,2026-07-28T09:15:28.777Z,2026-07-28 04:15:28.777,24216,2a89d4,8gtt1h,0.7.3,fleet_logger_0_1,586950035,UMLIFE_v2_TLC555,ch0,origplant,soil_moisture,1232,,,OK,,,983.4,,name=c5off1;level=overwatered;role=disp;spread=11;gpio=1;device_seq=78256;time_source=device_synced;device_timestamp_utc=2026-07-28T09:15:01.989Z;config_id=170b1c1e;rssi=-58;uptime_s=586950;heap=152388;cal_tier=board-cal;cal_src=wet_rederive_1236_20260719;pressure_context_source=weather_openmeteo;transport=wifi_poll,
plants.soil,2026-07-28T09:15:28.777Z,2026-07-28 04:15:28.777,24217,2a89d4,8gtt1h,0.7.3,fleet_logger_0_1,586950035,UMLIFE_v2_TLC555,ch1,origplant,soil_moisture,1383,,,OK,,,983.4,,name=c5off1;level=well watered;role=disp;spread=12;gpio=4;device_seq=78257;time_source=device_synced;device_timestamp_utc=2026-07-28T09:15:01.989Z;config_id=170b1c1e;rssi=-58;uptime_s=586950;heap=152388;cal_tier=board-cal;cal_src=wet_rederive_1236_20260719;pressure_context_source=weather_openmeteo;transport=wifi_poll,
plants.soil,2026-07-28T09:15:28.777Z,2026-07-28 04:15:28.777,24218,2a89d4,8gtt1h,0.7.3,fleet_logger_0_1,586950035,UMLIFE_v2_TLC555,ch2,origplant,soil_moisture,1257,,,OK,,,983.4,,name=c5off1;level=overwatered;role=disp;spread=20;gpio=5;device_seq=78258;time_source=device_synced;device_timestamp_utc=2026-07-28T09:15:01.989Z;config_id=170b1c1e;rssi=-58;uptime_s=586950;heap=152388;cal_tier=board-cal;cal_src=wet_rederive_1236_20260719;pressure_context_source=weather_openmeteo;transport=wifi_poll,
plants.soil,2026-07-28T09:15:28.777Z,2026-07-28 04:15:28.777,24219,2a89d4,8gtt1h,0.7.3,fleet_logger_0_1,586950035,UMLIFE_v2_TLC555,ch3,origplant,soil_moisture,1594,,,OK,,,983.4,,name=c5off1;level=OK;role=disp;spread=12;gpio=6;device_seq=78259;time_source=device_synced;device_timestamp_utc=2026-07-28T09:15:01.989Z;config_id=170b1c1e;rssi=-58;uptime_s=586950;heap=152388;cal_tier=board-cal;cal_src=wet_rederive_1236_20260719;pressure_context_source=weather_openmeteo;transport=wifi_poll,
plants.env,2026-07-28T09:15:28.777Z,2026-07-28 04:15:28.777,24220,2a89d4,8gtt1h,0.7.3,fleet_logger_0_1,586950719,ESP32,esp32_die,on_chip,die_temp,,23.70,degC,OK,,,,,name=c5off1;source=esp32_die;cal=uncalibrated_board_proxy;api=temperatureRead;config_id=170b1c1e;transport=wifi_poll,
plants.soil,2026-07-28T09:15:59.158Z,2026-07-28 04:15:59.158,24221,2a89d4,8gtt1h,0.7.3,fleet_logger_0_1,586980035,UMLIFE_v2_TLC555,ch0,origplant,soil_moisture,1231,,,OK,,,983.4,,name=c5off1;level=overwatered;role=disp;spread=13;gpio=1;device_seq=78260;time_source=device_synced;device_timestamp_utc=2026-07-28T09:15:31.989Z;config_id=170b1c1e;rssi=-59;uptime_s=586980;heap=152608;cal_tier=board-cal;cal_src=wet_rederive_1236_20260719;pressure_context_source=weather_openmeteo;transport=wifi_poll,
plants.soil,2026-07-28T09:15:59.158Z,2026-07-28 04:15:59.158,24222,2a89d4,8gtt1h,0.7.3,fleet_logger_0_1,586980035,UMLIFE_v2_TLC555,ch1,origplant,soil_moisture,1390,,,OK,,,983.4,,name=c5off1;level=well watered;role=disp;spread=17;gpio=4;device_seq=78261;time_source=device_synced;device_timestamp_utc=2026-07-28T09:15:31.989Z;config_id=170b1c1e;rssi=-59;uptime_s=586980;heap=152608;cal_tier=board-cal;cal_src=wet_rederive_1236_20260719;pressure_context_source=weather_openmeteo;transport=wifi_poll,
plants.soil,2026-07-28T09:15:59.158Z,2026-07-28 04:15:59.158,24223,2a89d4,8gtt1h,0.7.3,fleet_logger_0_1,586980035,UMLIFE_v2_TLC555,ch2,origplant,soil_moisture,1255,,,OK,,,983.4,,name=c5off1;level=overwatered;role=disp;spread=13;gpio=5;device_seq=78262;time_source=device_synced;device_timestamp_utc=2026-07-28T09:15:31.989Z;config_id=170b1c1e;rssi=-59;uptime_s=586980;heap=152608;cal_tier=board-cal;cal_src=wet_rederive_1236_20260719;pressure_context_source=weather_openmeteo;transport=wifi_poll,
plants.soil,2026-07-28T09:15:59.158Z,2026-07-28 04:15:59.158,24224,2a89d4,8gtt1h,0.7.3,fleet_logger_0_1,586980035,UMLIFE_v2_TLC555,ch3,origplant,soil_moisture,1596,,,OK,,,983.4,,name=c5off1;level=OK;role=disp;spread=23;gpio=6;device_seq=78263;time_source=device_synced;device_timestamp_utc=2026-07-28T09:15:31.989Z;config_id=170b1c1e;rssi=-59;uptime_s=586980;heap=152608;cal_tier=board-cal;cal_src=wet_rederive_1236_20260719;pressure_context_source=weather_openmeteo;transport=wifi_poll,
plants.env,2026-07-28T09:15:59.158Z,2026-07-28 04:15:59.158,24225,2a89d4,8gtt1h,0.7.3,fleet_logger_0_1,586980719,ESP32,esp32_die,on_chip,die_temp,,23.70,degC,OK,,,,,name=c5off1;source=esp32_die;cal=uncalibrated_board_proxy;api=temperatureRead;config_id=170b1c1e;transport=wifi_poll,
plants.soil,2026-07-28T09:16:30.014Z,2026-07-28 04:16:30.014,24226,2a89d4,8gtt1h,0.7.3,fleet_logger_0_1,587010035,UMLIFE_v2_TLC555,ch0,origplant,soil_moisture,1233,,,OK,,,983.4,,name=c5off1;level=overwatered;role=disp;spread=11;gpio=1;device_seq=78264;time_source=device_synced;device_timestamp_utc=2026-07-28T09:16:01.989Z;config_id=170b1c1e;rssi=-56;uptime_s=587010;heap=152644;cal_tier=board-cal;cal_src=wet_rederive_1236_20260719;pressure_context_source=weather_openmeteo;transport=wifi_poll,
plants.soil,2026-07-28T09:16:30.014Z,2026-07-28 04:16:30.014,24227,2a89d4,8gtt1h,0.7.3,fleet_logger_0_1,587010035,UMLIFE_v2_TLC555,ch1,origplant,soil_moisture,1391,,,OK,,,983.4,,name=c5off1;level=well watered;role=disp;spread=13;gpio=4;device_seq=78265;time_source=device_synced;device_timestamp_utc=2026-07-28T09:16:01.989Z;config_id=170b1c1e;rssi=-56;uptime_s=587010;heap=152644;cal_tier=board-cal;cal_src=wet_rederive_1236_20260719;pressure_context_source=weather_openmeteo;transport=wifi_poll,
plants.soil,2026-07-28T09:16:30.014Z,2026-07-28 04:16:30.014,24228,2a89d4,8gtt1h,0.7.3,fleet_logger_0_1,587010035,UMLIFE_v2_TLC555,ch2,origplant,soil_moisture,1257,,,OK,,,983.4,,name=c5off1;level=overwatered;role=disp;spread=13;gpio=5;device_seq=78266;time_source=device_synced;device_timestamp_utc=2026-07-28T09:16:01.989Z;config_id=170b1c1e;rssi=-56;uptime_s=587010;heap=152644;cal_tier=board-cal;cal_src=wet_rederive_1236_20260719;pressure_context_source=weather_openmeteo;transport=wifi_poll,
plants.soil,2026-07-28T09:16:30.014Z,2026-07-28 04:16:30.014,24229,2a89d4,8gtt1h,0.7.3,fleet_logger_0_1,587010035,UMLIFE_v2_TLC555,ch3,origplant,soil_moisture,1597,,,OK,,,983.4,,name=c5off1;level=OK;role=disp;spread=27;gpio=6;device_seq=78267;time_source=device_synced;device_timestamp_utc=2026-07-28T09:16:01.989Z;config_id=170b1c1e;rssi=-56;uptime_s=587010;heap=152644;cal_tier=board-cal;cal_src=wet_rederive_1236_20260719;pressure_context_source=weather_openmeteo;transport=wifi_poll,
plants.env,2026-07-28T09:16:30.014Z,2026-07-28 04:16:30.014,24230,2a89d4,8gtt1h,0.7.3,fleet_logger_0_1,587010719,ESP32,esp32_die,on_chip,die_temp,,23.70,degC,OK,,,,,name=c5off1;source=esp32_die;cal=uncalibrated_board_proxy;api=temperatureRead;config_id=170b1c1e;transport=wifi_poll,
plants.soil,2026-07-28T09:17:00.700Z,2026-07-28 04:17:00.700,24231,2a89d4,8gtt1h,0.7.3,fleet_logger_0_1,587040035,UMLIFE_v2_TLC555,ch0,origplant,soil_moisture,1233,,,OK,,,983.4,,name=c5off1;level=overwatered;role=disp;spread=14;gpio=1;device_seq=78268;time_source=device_synced;device_timestamp_utc=2026-07-28T09:16:31.989Z;config_id=170b1c1e;rssi=-57;uptime_s=587040;heap=152592;cal_tier=board-cal;cal_src=wet_rederive_1236_20260719;pressure_context_source=weather_openmeteo;transport=wifi_poll,
plants.soil,2026-07-28T09:17:00.700Z,2026-07-28 04:17:00.700,24232,2a89d4,8gtt1h,0.7.3,fleet_logger_0_1,587040035,UMLIFE_v2_TLC555,ch1,origplant,soil_moisture,1394,,,OK,,,983.4,,name=c5off1;level=well watered;role=disp;spread=13;gpio=4;device_seq=78269;time_source=device_synced;device_timestamp_utc=2026-07-28T09:16:31.989Z;config_id=170b1c1e;rssi=-57;uptime_s=587040;heap=152592;cal_tier=board-cal;cal_src=wet_rederive_1236_20260719;pressure_context_source=weather_openmeteo;transport=wifi_poll,
plants.soil,2026-07-28T09:17:00.700Z,2026-07-28 04:17:00.700,24233,2a89d4,8gtt1h,0.7.3,fleet_logger_0_1,587040035,UMLIFE_v2_TLC555,ch2,origplant,soil_moisture,1258,,,OK,,,983.4,,name=c5off1;level=overwatered;role=disp;spread=19;gpio=5;device_seq=78270;time_source=device_synced;device_timestamp_utc=2026-07-28T09:16:31.989Z;config_id=170b1c1e;rssi=-57;uptime_s=587040;heap=152592;cal_tier=board-cal;cal_src=wet_rederive_1236_20260719;pressure_context_source=weather_openmeteo;transport=wifi_poll,
plants.soil,2026-07-28T09:17:00.700Z,2026-07-28 04:17:00.700,24234,2a89d4,8gtt1h,0.7.3,fleet_logger_0_1,587040035,UMLIFE_v2_TLC555,ch3,origplant,soil_moisture,1609,,,OK,,,983.4,,name=c5off1;level=OK;role=disp;spread=19;gpio=6;device_seq=78271;time_source=device_synced;device_timestamp_utc=2026-07-28T09:16:31.989Z;config_id=170b1c1e;rssi=-57;uptime_s=587040;heap=152592;cal_tier=board-cal;cal_src=wet_rederive_1236_20260719;pressure_context_source=weather_openmeteo;transport=wifi_poll,
plants.env,2026-07-28T09:17:00.700Z,2026-07-28 04:17:00.700,24235,2a89d4,8gtt1h,0.7.3,fleet_logger_0_1,587040719,ESP32,esp32_die,on_chip,die_temp,,23.70,degC,OK,,,,,name=c5off1;source=esp32_die;cal=uncalibrated_board_proxy;api=temperatureRead;config_id=170b1c1e;transport=wifi_poll,
plants.soil,2026-07-28T09:17:31.012Z,2026-07-28 04:17:31.012,24236,2a89d4,8gtt1h,0.7.3,fleet_logger_0_1,587070035,UMLIFE_v2_TLC555,ch0,origplant,soil_moisture,1232,,,OK,,,983.4,,name=c5off1;level=overwatered;role=disp;spread=16;gpio=1;device_seq=78272;time_source=device_synced;device_timestamp_utc=2026-07-28T09:17:01.989Z;config_id=170b1c1e;rssi=-57;uptime_s=587070;heap=152596;cal_tier=board-cal;cal_src=wet_rederive_1236_20260719;pressure_context_source=weather_openmeteo;transport=wifi_poll,
plants.soil,2026-07-28T09:17:31.012Z,2026-07-28 04:17:31.012,24237,2a89d4,8gtt1h,0.7.3,fleet_logger_0_1,587070035,UMLIFE_v2_TLC555,ch1,origplant,soil_moisture,1394,,,OK,,,983.4,,name=c5off1;level=well watered;role=disp;spread=9;gpio=4;device_seq=78273;time_source=device_synced;device_timestamp_utc=2026-07-28T09:17:01.989Z;config_id=170b1c1e;rssi=-57;uptime_s=587070;heap=152596;cal_tier=board-cal;cal_src=wet_rederive_1236_20260719;pressure_context_source=weather_openmeteo;transport=wifi_poll,
plants.soil,2026-07-28T09:17:31.012Z,2026-07-28 04:17:31.012,24238,2a89d4,8gtt1h,0.7.3,fleet_logger_0_1,587070035,UMLIFE_v2_TLC555,ch2,origplant,soil_moisture,1258,,,OK,,,983.4,,name=c5off1;level=overwatered;role=disp;spread=13;gpio=5;device_seq=78274;time_source=device_synced;device_timestamp_utc=2026-07-28T09:17:01.989Z;config_id=170b1c1e;rssi=-57;uptime_s=587070;heap=152596;cal_tier=board-cal;cal_src=wet_rederive_1236_20260719;pressure_context_source=weather_openmeteo;transport=wifi_poll,
plants.soil,2026-07-28T09:17:31.012Z,2026-07-28 04:17:31.012,24239,2a89d4,8gtt1h,0.7.3,fleet_logger_0_1,587070035,UMLIFE_v2_TLC555,ch3,origplant,soil_moisture,1609,,,OK,,,983.4,,name=c5off1;level=OK;role=disp;spread=27;gpio=6;device_seq=78275;time_source=device_synced;device_timestamp_utc=2026-07-28T09:17:01.989Z;config_id=170b1c1e;rssi=-57;uptime_s=587070;heap=152596;cal_tier=board-cal;cal_src=wet_rederive_1236_20260719;pressure_context_source=weather_openmeteo;transport=wifi_poll,
plants.env,2026-07-28T09:17:31.012Z,2026-07-28 04:17:31.012,24240,2a89d4,8gtt1h,0.7.3,fleet_logger_0_1,587070719,ESP32,esp32_die,on_chip,die_temp,,23.70,degC,OK,,,,,name=c5off1;source=esp32_die;cal=uncalibrated_board_proxy;api=temperatureRead;config_id=170b1c1e;transport=wifi_poll,
plants.soil,2026-07-28T09:18:01.328Z,2026-07-28 04:18:01.328,24241,2a89d4,8gtt1h,0.7.3,fleet_logger_0_1,587100035,UMLIFE_v2_TLC555,ch0,origplant,soil_moisture,1233,,,OK,,,983.4,,name=c5off1;level=overwatered;role=disp;spread=10;gpio=1;device_seq=78276;time_source=device_synced;device_timestamp_utc=2026-07-28T09:17:31.989Z;config_id=170b1c1e;rssi=-57;uptime_s=587100;heap=152340;cal_tier=board-cal;cal_src=wet_rederive_1236_20260719;pressure_context_source=weather_openmeteo;transport=wifi_poll,
plants.soil,2026-07-28T09:18:01.328Z,2026-07-28 04:18:01.328,24242,2a89d4,8gtt1h,0.7.3,fleet_logger_0_1,587100035,UMLIFE_v2_TLC555,ch1,origplant,soil_moisture,1393,,,OK,,,983.4,,name=c5off1;level=well watered;role=disp;spread=11;gpio=4;device_seq=78277;time_source=device_synced;device_timestamp_utc=2026-07-28T09:17:31.989Z;config_id=170b1c1e;rssi=-57;uptime_s=587100;heap=152340;cal_tier=board-cal;cal_src=wet_rederive_1236_20260719;pressure_context_source=weather_openmeteo;transport=wifi_poll,
plants.soil,2026-07-28T09:18:01.328Z,2026-07-28 04:18:01.328,24243,2a89d4,8gtt1h,0.7.3,fleet_logger_0_1,587100035,UMLIFE_v2_TLC555,ch2,origplant,soil_moisture,1256,,,OK,,,983.4,,name=c5off1;level=overwatered;role=disp;spread=17;gpio=5;device_seq=78278;time_source=device_synced;device_timestamp_utc=2026-07-28T09:17:31.989Z;config_id=170b1c1e;rssi=-57;uptime_s=587100;heap=152340;cal_tier=board-cal;cal_src=wet_rederive_1236_20260719;pressure_context_source=weather_openmeteo;transport=wifi_poll,
plants.soil,2026-07-28T09:18:01.328Z,2026-07-28 04:18:01.328,24244,2a89d4,8gtt1h,0.7.3,fleet_logger_0_1,587100035,UMLIFE_v2_TLC555,ch3,origplant,soil_moisture,1611,,,OK,,,983.4,,name=c5off1;level=OK;role=disp;spread=33;gpio=6;device_seq=78279;time_source=device_synced;device_timestamp_utc=2026-07-28T09:17:31.989Z;config_id=170b1c1e;rssi=-57;uptime_s=587100;heap=152340;cal_tier=board-cal;cal_src=wet_rederive_1236_20260719;pressure_context_source=weather_openmeteo;transport=wifi_poll,
plants.env,2026-07-28T09:18:01.328Z,2026-07-28 04:18:01.328,24245,2a89d4,8gtt1h,0.7.3,fleet_logger_0_1,587100719,ESP32,esp32_die,on_chip,die_temp,,23.70,degC,OK,,,,,name=c5off1;source=esp32_die;cal=uncalibrated_board_proxy;api=temperatureRead;config_id=170b1c1e;transport=wifi_poll,
plants.soil,2026-07-28T09:18:31.734Z,2026-07-28 04:18:31.734,24246,2a89d4,8gtt1h,0.7.3,fleet_logger_0_1,587130035,UMLIFE_v2_TLC555,ch0,origplant,soil_moisture,1232,,,OK,,,983.4,,name=c5off1;level=overwatered;role=disp;spread=13;gpio=1;device_seq=78280;time_source=device_synced;device_timestamp_utc=2026-07-28T09:18:01.989Z;config_id=170b1c1e;rssi=-55;uptime_s=587130;heap=152388;cal_tier=board-cal;cal_src=wet_rederive_1236_20260719;pressure_context_source=weather_openmeteo;transport=wifi_poll,
plants.soil,2026-07-28T09:18:31.734Z,2026-07-28 04:18:31.734,24247,2a89d4,8gtt1h,0.7.3,fleet_logger_0_1,587130035,UMLIFE_v2_TLC555,ch1,origplant,soil_moisture,1395,,,OK,,,983.4,,name=c5off1;level=well watered;role=disp;spread=12;gpio=4;device_seq=78281;time_source=device_synced;device_timestamp_utc=2026-07-28T09:18:01.989Z;config_id=170b1c1e;rssi=-55;uptime_s=587130;heap=152388;cal_tier=board-cal;cal_src=wet_rederive_1236_20260719;pressure_context_source=weather_openmeteo;transport=wifi_poll,
plants.soil,2026-07-28T09:18:31.734Z,2026-07-28 04:18:31.734,24248,2a89d4,8gtt1h,0.7.3,fleet_logger_0_1,587130035,UMLIFE_v2_TLC555,ch2,origplant,soil_moisture,1258,,,OK,,,983.4,,name=c5off1;level=overwatered;role=disp;spread=14;gpio=5;device_seq=78282;time_source=device_synced;device_timestamp_utc=2026-07-28T09:18:01.989Z;config_id=170b1c1e;rssi=-55;uptime_s=587130;heap=152388;cal_tier=board-cal;cal_src=wet_rederive_1236_20260719;pressure_context_source=weather_openmeteo;transport=wifi_poll,
plants.soil,2026-07-28T09:18:31.734Z,2026-07-28 04:18:31.734,24249,2a89d4,8gtt1h,0.7.3,fleet_logger_0_1,587130035,UMLIFE_v2_TLC555,ch3,origplant,soil_moisture,1613,,,OK,,,983.4,,name=c5off1;level=OK;role=disp;spread=21;gpio=6;device_seq=78283;time_source=device_synced;device_timestamp_utc=2026-07-28T09:18:01.989Z;config_id=170b1c1e;rssi=-55;uptime_s=587130;heap=152388;cal_tier=board-cal;cal_src=wet_rederive_1236_20260719;pressure_context_source=weather_openmeteo;transport=wifi_poll,
plants.env,2026-07-28T09:18:31.734Z,2026-07-28 04:18:31.734,24250,2a89d4,8gtt1h,0.7.3,fleet_logger_0_1,587130719,ESP32,esp32_die,on_chip,die_temp,,23.70,degC,OK,,,,,name=c5off1;source=esp32_die;cal=uncalibrated_board_proxy;api=temperatureRead;config_id=170b1c1e;transport=wifi_poll,
plants.soil,2026-07-28T09:19:02.619Z,2026-07-28 04:19:02.619,24251,2a89d4,8gtt1h,0.7.3,fleet_logger_0_1,587190035,UMLIFE_v2_TLC555,ch0,origplant,soil_moisture,1234,,,OK,,,983.4,,name=c5off1;level=overwatered;role=disp;spread=25;gpio=1;device_seq=78288;time_source=device_synced;device_timestamp_utc=2026-07-28T09:19:01.989Z;config_id=170b1c1e;rssi=-55;uptime_s=587190;heap=152900;cal_tier=board-cal;cal_src=wet_rederive_1236_20260719;pressure_context_source=weather_openmeteo;transport=wifi_poll,
plants.soil,2026-07-28T09:19:02.619Z,2026-07-28 04:19:02.619,24252,2a89d4,8gtt1h,0.7.3,fleet_logger_0_1,587190035,UMLIFE_v2_TLC555,ch1,origplant,soil_moisture,1394,,,OK,,,983.4,,name=c5off1;level=well watered;role=disp;spread=26;gpio=4;device_seq=78289;time_source=device_synced;device_timestamp_utc=2026-07-28T09:19:01.989Z;config_id=170b1c1e;rssi=-55;uptime_s=587190;heap=152900;cal_tier=board-cal;cal_src=wet_rederive_1236_20260719;pressure_context_source=weather_openmeteo;transport=wifi_poll,
plants.soil,2026-07-28T09:19:02.619Z,2026-07-28 04:19:02.619,24253,2a89d4,8gtt1h,0.7.3,fleet_logger_0_1,587190035,UMLIFE_v2_TLC555,ch2,origplant,soil_moisture,1257,,,OK,,,983.4,,name=c5off1;level=overwatered;role=disp;spread=12;gpio=5;device_seq=78290;time_source=device_synced;device_timestamp_utc=2026-07-28T09:19:01.989Z;config_id=170b1c1e;rssi=-55;uptime_s=587190;heap=152900;cal_tier=board-cal;cal_src=wet_rederive_1236_20260719;pressure_context_source=weather_openmeteo;transport=wifi_poll,
plants.soil,2026-07-28T09:19:02.619Z,2026-07-28 04:19:02.619,24254,2a89d4,8gtt1h,0.7.3,fleet_logger_0_1,587190035,UMLIFE_v2_TLC555,ch3,origplant,soil_moisture,1609,,,OK,,,983.4,,name=c5off1;level=OK;role=disp;spread=13;gpio=6;device_seq=78291;time_source=device_synced;device_timestamp_utc=2026-07-28T09:19:01.989Z;config_id=170b1c1e;rssi=-55;uptime_s=587190;heap=152900;cal_tier=board-cal;cal_src=wet_rederive_1236_20260719;pressure_context_source=weather_openmeteo;transport=wifi_poll,
plants.env,2026-07-28T09:19:02.619Z,2026-07-28 04:19:02.619,24255,2a89d4,8gtt1h,0.7.3,fleet_logger_0_1,587190719,ESP32,esp32_die,on_chip,die_temp,,24.70,degC,OK,,,,,name=c5off1;source=esp32_die;cal=uncalibrated_board_proxy;api=temperatureRead;config_id=170b1c1e;transport=wifi_poll,
plants.soil,2026-07-28T09:19:32.936Z,2026-07-28 04:19:32.936,24256,2a89d4,8gtt1h,0.7.3,fleet_logger_0_1,587220035,UMLIFE_v2_TLC555,ch0,origplant,soil_moisture,1233,,,OK,,,983.4,,name=c5off1;level=overwatered;role=disp;spread=14;gpio=1;device_seq=78292;time_source=device_synced;device_timestamp_utc=2026-07-28T09:19:31.989Z;config_id=170b1c1e;rssi=-57;uptime_s=587220;heap=152900;cal_tier=board-cal;cal_src=wet_rederive_1236_20260719;pressure_context_source=weather_openmeteo;transport=wifi_poll,
plants.soil,2026-07-28T09:19:32.936Z,2026-07-28 04:19:32.936,24257,2a89d4,8gtt1h,0.7.3,fleet_logger_0_1,587220035,UMLIFE_v2_TLC555,ch1,origplant,soil_moisture,1393,,,OK,,,983.4,,name=c5off1;level=well watered;role=disp;spread=10;gpio=4;device_seq=78293;time_source=device_synced;device_timestamp_utc=2026-07-28T09:19:31.989Z;config_id=170b1c1e;rssi=-57;uptime_s=587220;heap=152900;cal_tier=board-cal;cal_src=wet_rederive_1236_20260719;pressure_context_source=weather_openmeteo;transport=wifi_poll,
plants.soil,2026-07-28T09:19:32.936Z,2026-07-28 04:19:32.936,24258,2a89d4,8gtt1h,0.7.3,fleet_logger_0_1,587220035,UMLIFE_v2_TLC555,ch2,origplant,soil_moisture,1257,,,OK,,,983.4,,name=c5off1;level=overwatered;role=disp;spread=10;gpio=5;device_seq=78294;time_source=device_synced;device_timestamp_utc=2026-07-28T09:19:31.989Z;config_id=170b1c1e;rssi=-57;uptime_s=587220;heap=152900;cal_tier=board-cal;cal_src=wet_rederive_1236_20260719;pressure_context_source=weather_openmeteo;transport=wifi_poll,
plants.soil,2026-07-28T09:19:32.936Z,2026-07-28 04:19:32.936,24259,2a89d4,8gtt1h,0.7.3,fleet_logger_0_1,587220035,UMLIFE_v2_TLC555,ch3,origplant,soil_moisture,1611,,,OK,,,983.4,,name=c5off1;level=OK;role=disp;spread=23;gpio=6;device_seq=78295;time_source=device_synced;device_timestamp_utc=2026-07-28T09:19:31.989Z;config_id=170b1c1e;rssi=-57;uptime_s=587220;heap=152900;cal_tier=board-cal;cal_src=wet_rederive_1236_20260719;pressure_context_source=weather_openmeteo;transport=wifi_poll,
plants.env,2026-07-28T09:19:32.936Z,2026-07-28 04:19:32.936,24260,2a89d4,8gtt1h,0.7.3,fleet_logger_0_1,587220719,ESP32,esp32_die,on_chip,die_temp,,23.70,degC,OK,,,,,name=c5off1;source=esp32_die;cal=uncalibrated_board_proxy;api=temperatureRead;config_id=170b1c1e;transport=wifi_poll,
plants.soil,2026-07-28T09:20:03.178Z,2026-07-28 04:20:03.178,24261,2a89d4,8gtt1h,0.7.3,fleet_logger_0_1,587250035,UMLIFE_v2_TLC555,ch0,origplant,soil_moisture,1234,,,OK,,,983.4,,name=c5off1;level=overwatered;role=disp;spread=5;gpio=1;device_seq=78296;time_source=device_synced;device_timestamp_utc=2026-07-28T09:20:01.989Z;config_id=170b1c1e;rssi=-57;uptime_s=587250;heap=152888;cal_tier=board-cal;cal_src=wet_rederive_1236_20260719;pressure_context_source=weather_openmeteo;transport=wifi_poll,
plants.soil,2026-07-28T09:20:03.178Z,2026-07-28 04:20:03.178,24262,2a89d4,8gtt1h,0.7.3,fleet_logger_0_1,587250035,UMLIFE_v2_TLC555,ch1,origplant,soil_moisture,1392,,,OK,,,983.4,,name=c5off1;level=well watered;role=disp;spread=27;gpio=4;device_seq=78297;time_source=device_synced;device_timestamp_utc=2026-07-28T09:20:01.989Z;config_id=170b1c1e;rssi=-57;uptime_s=587250;heap=152888;cal_tier=board-cal;cal_src=wet_rederive_1236_20260719;pressure_context_source=weather_openmeteo;transport=wifi_poll,
plants.soil,2026-07-28T09:20:03.178Z,2026-07-28 04:20:03.178,24263,2a89d4,8gtt1h,0.7.3,fleet_logger_0_1,587250035,UMLIFE_v2_TLC555,ch2,origplant,soil_moisture,1257,,,OK,,,983.4,,name=c5off1;level=overwatered;role=disp;spread=13;gpio=5;device_seq=78298;time_source=device_synced;device_timestamp_utc=2026-07-28T09:20:01.989Z;config_id=170b1c1e;rssi=-57;uptime_s=587250;heap=152888;cal_tier=board-cal;cal_src=wet_rederive_1236_20260719;pressure_context_source=weather_openmeteo;transport=wifi_poll,
plants.soil,2026-07-28T09:20:03.178Z,2026-07-28 04:20:03.178,24264,2a89d4,8gtt1h,0.7.3,fleet_logger_0_1,587250035,UMLIFE_v2_TLC555,ch3,origplant,soil_moisture,1613,,,OK,,,983.4,,name=c5off1;level=OK;role=disp;spread=21;gpio=6;device_seq=78299;time_source=device_synced;device_timestamp_utc=2026-07-28T09:20:01.989Z;config_id=170b1c1e;rssi=-57;uptime_s=587250;heap=152888;cal_tier=board-cal;cal_src=wet_rederive_1236_20260719;pressure_context_source=weather_openmeteo;transport=wifi_poll,
plants.env,2026-07-28T09:20:03.178Z,2026-07-28 04:20:03.178,24265,2a89d4,8gtt1h,0.7.3,fleet_logger_0_1,587250719,ESP32,esp32_die,on_chip,die_temp,,23.70,degC,OK,,,,,name=c5off1;source=esp32_die;cal=uncalibrated_board_proxy;api=temperatureRead;config_id=170b1c1e;transport=wifi_poll,
plants.soil,2026-07-28T09:20:33.591Z,2026-07-28 04:20:33.591,24266,2a89d4,8gtt1h,0.7.3,fleet_logger_0_1,587280035,UMLIFE_v2_TLC555,ch0,origplant,soil_moisture,1233,,,OK,,,983.4,,name=c5off1;level=overwatered;role=disp;spread=7;gpio=1;device_seq=78300;time_source=device_synced;device_timestamp_utc=2026-07-28T09:20:31.989Z;config_id=170b1c1e;rssi=-59;uptime_s=587280;heap=152376;cal_tier=board-cal;cal_src=wet_rederive_1236_20260719;pressure_context_source=weather_openmeteo;transport=wifi_poll,
plants.soil,2026-07-28T09:20:33.591Z,2026-07-28 04:20:33.591,24267,2a89d4,8gtt1h,0.7.3,fleet_logger_0_1,587280035,UMLIFE_v2_TLC555,ch1,origplant,soil_moisture,1392,,,OK,,,983.4,,name=c5off1;level=well watered;role=disp;spread=39;gpio=4;device_seq=78301;time_source=device_synced;device_timestamp_utc=2026-07-28T09:20:31.989Z;config_id=170b1c1e;rssi=-59;uptime_s=587280;heap=152376;cal_tier=board-cal;cal_src=wet_rederive_1236_20260719;pressure_context_source=weather_openmeteo;transport=wifi_poll,
plants.soil,2026-07-28T09:20:33.591Z,2026-07-28 04:20:33.591,24268,2a89d4,8gtt1h,0.7.3,fleet_logger_0_1,587280035,UMLIFE_v2_TLC555,ch2,origplant,soil_moisture,1258,,,OK,,,983.4,,name=c5off1;level=overwatered;role=disp;spread=9;gpio=5;device_seq=78302;time_source=device_synced;device_timestamp_utc=2026-07-28T09:20:31.989Z;config_id=170b1c1e;rssi=-59;uptime_s=587280;heap=152376;cal_tier=board-cal;cal_src=wet_rederive_1236_20260719;pressure_context_source=weather_openmeteo;transport=wifi_poll,
plants.soil,2026-07-28T09:20:33.591Z,2026-07-28 04:20:33.591,24269,2a89d4,8gtt1h,0.7.3,fleet_logger_0_1,587280035,UMLIFE_v2_TLC555,ch3,origplant,soil_moisture,1612,,,OK,,,983.4,,name=c5off1;level=OK;role=disp;spread=25;gpio=6;device_seq=78303;time_source=device_synced;device_timestamp_utc=2026-07-28T09:20:31.989Z;config_id=170b1c1e;rssi=-59;uptime_s=587280;heap=152376;cal_tier=board-cal;cal_src=wet_rederive_1236_20260719;pressure_context_source=weather_openmeteo;transport=wifi_poll,
plants.env,2026-07-28T09:20:33.591Z,2026-07-28 04:20:33.591,24270,2a89d4,8gtt1h,0.7.3,fleet_logger_0_1,587280719,ESP32,esp32_die,on_chip,die_temp,,23.70,degC,OK,,,,,name=c5off1;source=esp32_die;cal=uncalibrated_board_proxy;api=temperatureRead;config_id=170b1c1e;transport=wifi_poll,
plants.soil,2026-07-28T09:21:04.412Z,2026-07-28 04:21:04.412,24271,2a89d4,8gtt1h,0.7.3,fleet_logger_0_1,587310035,UMLIFE_v2_TLC555,ch0,origplant,soil_moisture,1232,,,OK,,,983.4,,name=c5off1;level=overwatered;role=disp;spread=15;gpio=1;device_seq=78304;time_source=device_synced;device_timestamp_utc=2026-07-28T09:21:01.989Z;config_id=170b1c1e;rssi=-56;uptime_s=587310;heap=152376;cal_tier=board-cal;cal_src=wet_rederive_1236_20260719;pressure_context_source=weather_openmeteo;transport=wifi_poll,
plants.soil,2026-07-28T09:21:04.412Z,2026-07-28 04:21:04.412,24272,2a89d4,8gtt1h,0.7.3,fleet_logger_0_1,587310035,UMLIFE_v2_TLC555,ch1,origplant,soil_moisture,1395,,,OK,,,983.4,,name=c5off1;level=well watered;role=disp;spread=24;gpio=4;device_seq=78305;time_source=device_synced;device_timestamp_utc=2026-07-28T09:21:01.989Z;config_id=170b1c1e;rssi=-56;uptime_s=587310;heap=152376;cal_tier=board-cal;cal_src=wet_rederive_1236_20260719;pressure_context_source=weather_openmeteo;transport=wifi_poll,
plants.soil,2026-07-28T09:21:04.412Z,2026-07-28 04:21:04.412,24273,2a89d4,8gtt1h,0.7.3,fleet_logger_0_1,587310035,UMLIFE_v2_TLC555,ch2,origplant,soil_moisture,1257,,,OK,,,983.4,,name=c5off1;level=overwatered;role=disp;spread=20;gpio=5;device_seq=78306;time_source=device_synced;device_timestamp_utc=2026-07-28T09:21:01.989Z;config_id=170b1c1e;rssi=-56;uptime_s=587310;heap=152376;cal_tier=board-cal;cal_src=wet_rederive_1236_20260719;pressure_context_source=weather_openmeteo;transport=wifi_poll,
plants.soil,2026-07-28T09:21:04.412Z,2026-07-28 04:21:04.412,24274,2a89d4,8gtt1h,0.7.3,fleet_logger_0_1,587310035,UMLIFE_v2_TLC555,ch3,origplant,soil_moisture,1609,,,OK,,,983.4,,name=c5off1;level=OK;role=disp;spread=21;gpio=6;device_seq=78307;time_source=device_synced;device_timestamp_utc=2026-07-28T09:21:01.989Z;config_id=170b1c1e;rssi=-56;uptime_s=587310;heap=152376;cal_tier=board-cal;cal_src=wet_rederive_1236_20260719;pressure_context_source=weather_openmeteo;transport=wifi_poll,
plants.env,2026-07-28T09:21:04.412Z,2026-07-28 04:21:04.412,24275,2a89d4,8gtt1h,0.7.3,fleet_logger_0_1,587310719,ESP32,esp32_die,on_chip,die_temp,,23.70,degC,OK,,,,,name=c5off1;source=esp32_die;cal=uncalibrated_board_proxy;api=temperatureRead;config_id=170b1c1e;transport=wifi_poll,
plants.soil,2026-07-28T09:21:34.793Z,2026-07-28 04:21:34.793,24276,2a89d4,8gtt1h,0.7.3,fleet_logger_0_1,587340035,UMLIFE_v2_TLC555,ch0,origplant,soil_moisture,1232,,,OK,,,983.4,,name=c5off1;level=overwatered;role=disp;spread=22;gpio=1;device_seq=78308;time_source=device_synced;device_timestamp_utc=2026-07-28T09:21:31.989Z;config_id=170b1c1e;rssi=-59;uptime_s=587340;heap=152636;cal_tier=board-cal;cal_src=wet_rederive_1236_20260719;pressure_context_source=weather_openmeteo;transport=wifi_poll,
plants.soil,2026-07-28T09:21:34.793Z,2026-07-28 04:21:34.793,24277,2a89d4,8gtt1h,0.7.3,fleet_logger_0_1,587340035,UMLIFE_v2_TLC555,ch1,origplant,soil_moisture,1394,,,OK,,,983.4,,name=c5off1;level=well watered;role=disp;spread=22;gpio=4;device_seq=78309;time_source=device_synced;device_timestamp_utc=2026-07-28T09:21:31.989Z;config_id=170b1c1e;rssi=-59;uptime_s=587340;heap=152636;cal_tier=board-cal;cal_src=wet_rederive_1236_20260719;pressure_context_source=weather_openmeteo;transport=wifi_poll,
plants.soil,2026-07-28T09:21:34.793Z,2026-07-28 04:21:34.793,24278,2a89d4,8gtt1h,0.7.3,fleet_logger_0_1,587340035,UMLIFE_v2_TLC555,ch2,origplant,soil_moisture,1257,,,OK,,,983.4,,name=c5off1;level=overwatered;role=disp;spread=23;gpio=5;device_seq=78310;time_source=device_synced;device_timestamp_utc=2026-07-28T09:21:31.989Z;config_id=170b1c1e;rssi=-59;uptime_s=587340;heap=152636;cal_tier=board-cal;cal_src=wet_rederive_1236_20260719;pressure_context_source=weather_openmeteo;transport=wifi_poll,
plants.soil,2026-07-28T09:21:34.793Z,2026-07-28 04:21:34.793,24279,2a89d4,8gtt1h,0.7.3,fleet_logger_0_1,587340035,UMLIFE_v2_TLC555,ch3,origplant,soil_moisture,1613,,,OK,,,983.4,,name=c5off1;level=OK;role=disp;spread=16;gpio=6;device_seq=78311;time_source=device_synced;device_timestamp_utc=2026-07-28T09:21:31.989Z;config_id=170b1c1e;rssi=-59;uptime_s=587340;heap=152636;cal_tier=board-cal;cal_src=wet_rederive_1236_20260719;pressure_context_source=weather_openmeteo;transport=wifi_poll,
plants.env,2026-07-28T09:21:34.793Z,2026-07-28 04:21:34.793,24280,2a89d4,8gtt1h,0.7.3,fleet_logger_0_1,587340719,ESP32,esp32_die,on_chip,die_temp,,23.70,degC,OK,,,,,name=c5off1;source=esp32_die;cal=uncalibrated_board_proxy;api=temperatureRead;config_id=170b1c1e;transport=wifi_poll,
plants.soil,2026-07-28T09:22:07.491Z,2026-07-28 04:22:07.491,24281,2a89d4,8gtt1h,0.7.3,fleet_logger_0_1,587370035,UMLIFE_v2_TLC555,ch0,origplant,soil_moisture,1232,,,OK,,,983.4,,name=c5off1;level=overwatered;role=disp;spread=12;gpio=1;device_seq=78312;time_source=device_synced;device_timestamp_utc=2026-07-28T09:22:01.989Z;config_id=170b1c1e;rssi=-57;uptime_s=587370;heap=152648;cal_tier=board-cal;cal_src=wet_rederive_1236_20260719;pressure_context_source=weather_openmeteo;transport=wifi_poll,
plants.soil,2026-07-28T09:22:07.491Z,2026-07-28 04:22:07.491,24282,2a89d4,8gtt1h,0.7.3,fleet_logger_0_1,587370035,UMLIFE_v2_TLC555,ch1,origplant,soil_moisture,1394,,,OK,,,983.4,,name=c5off1;level=well watered;role=disp;spread=15;gpio=4;device_seq=78313;time_source=device_synced;device_timestamp_utc=2026-07-28T09:22:01.989Z;config_id=170b1c1e;rssi=-57;uptime_s=587370;heap=152648;cal_tier=board-cal;cal_src=wet_rederive_1236_20260719;pressure_context_source=weather_openmeteo;transport=wifi_poll,
plants.soil,2026-07-28T09:22:07.491Z,2026-07-28 04:22:07.491,24283,2a89d4,8gtt1h,0.7.3,fleet_logger_0_1,587370035,UMLIFE_v2_TLC555,ch2,origplant,soil_moisture,1258,,,OK,,,983.4,,name=c5off1;level=overwatered;role=disp;spread=10;gpio=5;device_seq=78314;time_source=device_synced;device_timestamp_utc=2026-07-28T09:22:01.989Z;config_id=170b1c1e;rssi=-57;uptime_s=587370;heap=152648;cal_tier=board-cal;cal_src=wet_rederive_1236_20260719;pressure_context_source=weather_openmeteo;transport=wifi_poll,
plants.soil,2026-07-28T09:22:07.491Z,2026-07-28 04:22:07.491,24284,2a89d4,8gtt1h,0.7.3,fleet_logger_0_1,587370035,UMLIFE_v2_TLC555,ch3,origplant,soil_moisture,1610,,,OK,,,983.4,,name=c5off1;level=OK;role=disp;spread=23;gpio=6;device_seq=78315;time_source=device_synced;device_timestamp_utc=2026-07-28T09:22:01.989Z;config_id=170b1c1e;rssi=-57;uptime_s=587370;heap=152648;cal_tier=board-cal;cal_src=wet_rederive_1236_20260719;pressure_context_source=weather_openmeteo;transport=wifi_poll,
plants.env,2026-07-28T09:22:07.491Z,2026-07-28 04:22:07.491,24285,2a89d4,8gtt1h,0.7.3,fleet_logger_0_1,587370719,ESP32,esp32_die,on_chip,die_temp,,23.70,degC,OK,,,,,name=c5off1;source=esp32_die;cal=uncalibrated_board_proxy;api=temperatureRead;config_id=170b1c1e;transport=wifi_poll,
plants.soil,2026-07-28T09:22:37.800Z,2026-07-28 04:22:37.800,24286,2a89d4,8gtt1h,0.7.3,fleet_logger_0_1,587400035,UMLIFE_v2_TLC555,ch0,origplant,soil_moisture,1232,,,OK,,,983.4,,name=c5off1;level=overwatered;role=disp;spread=20;gpio=1;device_seq=78316;time_source=device_synced;device_timestamp_utc=2026-07-28T09:22:31.989Z;config_id=170b1c1e;rssi=-57;uptime_s=587400;heap=152644;cal_tier=board-cal;cal_src=wet_rederive_1236_20260719;pressure_context_source=weather_openmeteo;transport=wifi_poll,
plants.soil,2026-07-28T09:22:37.800Z,2026-07-28 04:22:37.800,24287,2a89d4,8gtt1h,0.7.3,fleet_logger_0_1,587400035,UMLIFE_v2_TLC555,ch1,origplant,soil_moisture,1392,,,OK,,,983.4,,name=c5off1;level=well watered;role=disp;spread=15;gpio=4;device_seq=78317;time_source=device_synced;device_timestamp_utc=2026-07-28T09:22:31.989Z;config_id=170b1c1e;rssi=-57;uptime_s=587400;heap=152644;cal_tier=board-cal;cal_src=wet_rederive_1236_20260719;pressure_context_source=weather_openmeteo;transport=wifi_poll,
plants.soil,2026-07-28T09:22:37.800Z,2026-07-28 04:22:37.800,24288,2a89d4,8gtt1h,0.7.3,fleet_logger_0_1,587400035,UMLIFE_v2_TLC555,ch2,origplant,soil_moisture,1256,,,OK,,,983.4,,name=c5off1;level=overwatered;role=disp;spread=12;gpio=5;device_seq=78318;time_source=device_synced;device_timestamp_utc=2026-07-28T09:22:31.989Z;config_id=170b1c1e;rssi=-57;uptime_s=587400;heap=152644;cal_tier=board-cal;cal_src=wet_rederive_1236_20260719;pressure_context_source=weather_openmeteo;transport=wifi_poll,
plants.soil,2026-07-28T09:22:37.800Z,2026-07-28 04:22:37.800,24289,2a89d4,8gtt1h,0.7.3,fleet_logger_0_1,587400035,UMLIFE_v2_TLC555,ch3,origplant,soil_moisture,1609,,,OK,,,983.4,,name=c5off1;level=OK;role=disp;spread=19;gpio=6;device_seq=78319;time_source=device_synced;device_timestamp_utc=2026-07-28T09:22:31.989Z;config_id=170b1c1e;rssi=-57;uptime_s=587400;heap=152644;cal_tier=board-cal;cal_src=wet_rederive_1236_20260719;pressure_context_source=weather_openmeteo;transport=wifi_poll,
plants.env,2026-07-28T09:22:37.800Z,2026-07-28 04:22:37.800,24290,2a89d4,8gtt1h,0.7.3,fleet_logger_0_1,587401819,ESP32,esp32_die,on_chip,die_temp,,23.70,degC,OK,,,,,name=c5off1;source=esp32_die;cal=uncalibrated_board_proxy;api=temperatureRead;config_id=170b1c1e;transport=wifi_poll,
plants.soil,2026-07-28T09:23:08.112Z,2026-07-28 04:23:08.112,24291,2a89d4,8gtt1h,0.7.3,fleet_logger_0_1,587430035,UMLIFE_v2_TLC555,ch0,origplant,soil_moisture,1220,,,OK,,,983.4,,name=c5off1;level=overwatered;role=disp;spread=12;gpio=1;device_seq=78320;time_source=device_synced;device_timestamp_utc=2026-07-28T09:23:01.989Z;config_id=170b1c1e;rssi=-58;uptime_s=587430;heap=152640;cal_tier=board-cal;cal_src=wet_rederive_1236_20260719;pressure_context_source=weather_openmeteo;transport=wifi_poll,
plants.soil,2026-07-28T09:23:08.112Z,2026-07-28 04:23:08.112,24292,2a89d4,8gtt1h,0.7.3,fleet_logger_0_1,587430035,UMLIFE_v2_TLC555,ch1,origplant,soil_moisture,1390,,,OK,,,983.4,,name=c5off1;level=well watered;role=disp;spread=38;gpio=4;device_seq=78321;time_source=device_synced;device_timestamp_utc=2026-07-28T09:23:01.989Z;config_id=170b1c1e;rssi=-58;uptime_s=587430;heap=152640;cal_tier=board-cal;cal_src=wet_rederive_1236_20260719;pressure_context_source=weather_openmeteo;transport=wifi_poll,
plants.soil,2026-07-28T09:23:08.112Z,2026-07-28 04:23:08.112,24293,2a89d4,8gtt1h,0.7.3,fleet_logger_0_1,587430035,UMLIFE_v2_TLC555,ch2,origplant,soil_moisture,1256,,,OK,,,983.4,,name=c5off1;level=overwatered;role=disp;spread=6;gpio=5;device_seq=78322;time_source=device_synced;device_timestamp_utc=2026-07-28T09:23:01.989Z;config_id=170b1c1e;rssi=-58;uptime_s=587430;heap=152640;cal_tier=board-cal;cal_src=wet_rederive_1236_20260719;pressure_context_source=weather_openmeteo;transport=wifi_poll,
plants.soil,2026-07-28T09:23:08.112Z,2026-07-28 04:23:08.112,24294,2a89d4,8gtt1h,0.7.3,fleet_logger_0_1,587430035,UMLIFE_v2_TLC555,ch3,origplant,soil_moisture,1610,,,OK,,,983.4,,name=c5off1;level=OK;role=disp;spread=13;gpio=6;device_seq=78323;time_source=device_synced;device_timestamp_utc=2026-07-28T09:23:01.989Z;config_id=170b1c1e;rssi=-58;uptime_s=587430;heap=152640;cal_tier=board-cal;cal_src=wet_rederive_1236_20260719;pressure_context_source=weather_openmeteo;transport=wifi_poll,
plants.env,2026-07-28T09:23:08.112Z,2026-07-28 04:23:08.112,24295,2a89d4,8gtt1h,0.7.3,fleet_logger_0_1,587430719,ESP32,esp32_die,on_chip,die_temp,,23.70,degC,OK,,,,,name=c5off1;source=esp32_die;cal=uncalibrated_board_proxy;api=temperatureRead;config_id=170b1c1e;transport=wifi_poll,
plants.soil,2026-07-28T09:23:38.422Z,2026-07-28 04:23:38.422,24296,2a89d4,8gtt1h,0.7.3,fleet_logger_0_1,587460035,UMLIFE_v2_TLC555,ch0,origplant,soil_moisture,1230,,,OK,,,983.4,,name=c5off1;level=overwatered;role=disp;spread=14;gpio=1;device_seq=78324;time_source=device_synced;device_timestamp_utc=2026-07-28T09:23:31.989Z;config_id=170b1c1e;rssi=-56;uptime_s=587460;heap=152384;cal_tier=board-cal;cal_src=wet_rederive_1236_20260719;pressure_context_source=weather_openmeteo;transport=wifi_poll,
plants.soil,2026-07-28T09:23:38.422Z,2026-07-28 04:23:38.422,24297,2a89d4,8gtt1h,0.7.3,fleet_logger_0_1,587460035,UMLIFE_v2_TLC555,ch1,origplant,soil_moisture,1392,,,OK,,,983.4,,name=c5off1;level=well watered;role=disp;spread=12;gpio=4;device_seq=78325;time_source=device_synced;device_timestamp_utc=2026-07-28T09:23:31.989Z;config_id=170b1c1e;rssi=-56;uptime_s=587460;heap=152384;cal_tier=board-cal;cal_src=wet_rederive_1236_20260719;pressure_context_source=weather_openmeteo;transport=wifi_poll,
plants.soil,2026-07-28T09:23:38.422Z,2026-07-28 04:23:38.422,24298,2a89d4,8gtt1h,0.7.3,fleet_logger_0_1,587460035,UMLIFE_v2_TLC555,ch2,origplant,soil_moisture,1255,,,OK,,,983.4,,name=c5off1;level=overwatered;role=disp;spread=25;gpio=5;device_seq=78326;time_source=device_synced;device_timestamp_utc=2026-07-28T09:23:31.989Z;config_id=170b1c1e;rssi=-56;uptime_s=587460;heap=152384;cal_tier=board-cal;cal_src=wet_rederive_1236_20260719;pressure_context_source=weather_openmeteo;transport=wifi_poll,
plants.soil,2026-07-28T09:23:38.422Z,2026-07-28 04:23:38.422,24299,2a89d4,8gtt1h,0.7.3,fleet_logger_0_1,587460035,UMLIFE_v2_TLC555,ch3,origplant,soil_moisture,1609,,,OK,,,983.4,,name=c5off1;level=OK;role=disp;spread=17;gpio=6;device_seq=78327;time_source=device_synced;device_timestamp_utc=2026-07-28T09:23:31.989Z;config_id=170b1c1e;rssi=-56;uptime_s=587460;heap=152384;cal_tier=board-cal;cal_src=wet_rederive_1236_20260719;pressure_context_source=weather_openmeteo;transport=wifi_poll,
plants.env,2026-07-28T09:23:38.422Z,2026-07-28 04:23:38.422,24300,2a89d4,8gtt1h,0.7.3,fleet_logger_0_1,587460719,ESP32,esp32_die,on_chip,die_temp,,23.70,degC,OK,,,,,name=c5off1;source=esp32_die;cal=uncalibrated_board_proxy;api=temperatureRead;config_id=170b1c1e;transport=wifi_poll,
plants.soil,2026-07-28T09:24:08.833Z,2026-07-28 04:24:08.833,24301,2a89d4,8gtt1h,0.7.3,fleet_logger_0_1,587490035,UMLIFE_v2_TLC555,ch0,origplant,soil_moisture,1227,,,OK,,,983.4,,name=c5off1;level=overwatered;role=disp;spread=15;gpio=1;device_seq=78328;time_source=device_synced;device_timestamp_utc=2026-07-28T09:24:01.989Z;config_id=170b1c1e;rssi=-57;uptime_s=587490;heap=152352;cal_tier=board-cal;cal_src=wet_rederive_1236_20260719;pressure_context_source=weather_openmeteo;transport=wifi_poll,
plants.soil,2026-07-28T09:24:08.833Z,2026-07-28 04:24:08.833,24302,2a89d4,8gtt1h,0.7.3,fleet_logger_0_1,587490035,UMLIFE_v2_TLC555,ch1,origplant,soil_moisture,1391,,,OK,,,983.4,,name=c5off1;level=well watered;role=disp;spread=12;gpio=4;device_seq=78329;time_source=device_synced;device_timestamp_utc=2026-07-28T09:24:01.989Z;config_id=170b1c1e;rssi=-57;uptime_s=587490;heap=152352;cal_tier=board-cal;cal_src=wet_rederive_1236_20260719;pressure_context_source=weather_openmeteo;transport=wifi_poll,
plants.soil,2026-07-28T09:24:08.833Z,2026-07-28 04:24:08.833,24303,2a89d4,8gtt1h,0.7.3,fleet_logger_0_1,587490035,UMLIFE_v2_TLC555,ch2,origplant,soil_moisture,1258,,,OK,,,983.4,,name=c5off1;level=overwatered;role=disp;spread=12;gpio=5;device_seq=78330;time_source=device_synced;device_timestamp_utc=2026-07-28T09:24:01.989Z;config_id=170b1c1e;rssi=-57;uptime_s=587490;heap=152352;cal_tier=board-cal;cal_src=wet_rederive_1236_20260719;pressure_context_source=weather_openmeteo;transport=wifi_poll,
plants.soil,2026-07-28T09:24:08.833Z,2026-07-28 04:24:08.833,24304,2a89d4,8gtt1h,0.7.3,fleet_logger_0_1,587490035,UMLIFE_v2_TLC555,ch3,origplant,soil_moisture,1608,,,OK,,,983.4,,name=c5off1;level=OK;role=disp;spread=24;gpio=6;device_seq=78331;time_source=device_synced;device_timestamp_utc=2026-07-28T09:24:01.989Z;config_id=170b1c1e;rssi=-57;uptime_s=587490;heap=152352;cal_tier=board-cal;cal_src=wet_rederive_1236_20260719;pressure_context_source=weather_openmeteo;transport=wifi_poll,
plants.env,2026-07-28T09:24:08.833Z,2026-07-28 04:24:08.833,24305,2a89d4,8gtt1h,0.7.3,fleet_logger_0_1,587490719,ESP32,esp32_die,on_chip,die_temp,,23.70,degC,OK,,,,,name=c5off1;source=esp32_die;cal=uncalibrated_board_proxy;api=temperatureRead;config_id=170b1c1e;transport=wifi_poll,
plants.soil,2026-07-28T09:24:39.144Z,2026-07-28 04:24:39.144,24306,2a89d4,8gtt1h,0.7.3,fleet_logger_0_1,587520035,UMLIFE_v2_TLC555,ch0,origplant,soil_moisture,1223,,,OK,,,983.4,,name=c5off1;level=overwatered;role=disp;spread=18;gpio=1;device_seq=78332;time_source=device_synced;device_timestamp_utc=2026-07-28T09:24:31.989Z;config_id=170b1c1e;rssi=-58;uptime_s=587520;heap=152644;cal_tier=board-cal;cal_src=wet_rederive_1236_20260719;pressure_context_source=weather_openmeteo;transport=wifi_poll,
plants.soil,2026-07-28T09:24:39.144Z,2026-07-28 04:24:39.144,24307,2a89d4,8gtt1h,0.7.3,fleet_logger_0_1,587520035,UMLIFE_v2_TLC555,ch1,origplant,soil_moisture,1389,,,OK,,,983.4,,name=c5off1;level=well watered;role=disp;spread=14;gpio=4;device_seq=78333;time_source=device_synced;device_timestamp_utc=2026-07-28T09:24:31.989Z;config_id=170b1c1e;rssi=-58;uptime_s=587520;heap=152644;cal_tier=board-cal;cal_src=wet_rederive_1236_20260719;pressure_context_source=weather_openmeteo;transport=wifi_poll,
plants.soil,2026-07-28T09:24:39.144Z,2026-07-28 04:24:39.144,24308,2a89d4,8gtt1h,0.7.3,fleet_logger_0_1,587520035,UMLIFE_v2_TLC555,ch2,origplant,soil_moisture,1257,,,OK,,,983.4,,name=c5off1;level=overwatered;role=disp;spread=18;gpio=5;device_seq=78334;time_source=device_synced;device_timestamp_utc=2026-07-28T09:24:31.989Z;config_id=170b1c1e;rssi=-58;uptime_s=587520;heap=152644;cal_tier=board-cal;cal_src=wet_rederive_1236_20260719;pressure_context_source=weather_openmeteo;transport=wifi_poll,
plants.soil,2026-07-28T09:24:39.144Z,2026-07-28 04:24:39.144,24309,2a89d4,8gtt1h,0.7.3,fleet_logger_0_1,587520035,UMLIFE_v2_TLC555,ch3,origplant,soil_moisture,1610,,,OK,,,983.4,,name=c5off1;level=OK;role=disp;spread=28;gpio=6;device_seq=78335;time_source=device_synced;device_timestamp_utc=2026-07-28T09:24:31.989Z;config_id=170b1c1e;rssi=-58;uptime_s=587520;heap=152644;cal_tier=board-cal;cal_src=wet_rederive_1236_20260719;pressure_context_source=weather_openmeteo;transport=wifi_poll,
plants.env,2026-07-28T09:24:39.144Z,2026-07-28 04:24:39.144,24310,2a89d4,8gtt1h,0.7.3,fleet_logger_0_1,587520719,ESP32,esp32_die,on_chip,die_temp,,23.70,degC,OK,,,,,name=c5off1;source=esp32_die;cal=uncalibrated_board_proxy;api=temperatureRead;config_id=170b1c1e;transport=wifi_poll,
plants.soil,2026-07-28T09:25:09.351Z,2026-07-28 04:25:09.351,24311,2a89d4,8gtt1h,0.7.3,fleet_logger_0_1,587550035,UMLIFE_v2_TLC555,ch0,origplant,soil_moisture,1231,,,OK,,,983.4,,name=c5off1;level=overwatered;role=disp;spread=16;gpio=1;device_seq=78336;time_source=device_synced;device_timestamp_utc=2026-07-28T09:25:01.989Z;config_id=170b1c1e;rssi=-58;uptime_s=587550;heap=152600;cal_tier=board-cal;cal_src=wet_rederive_1236_20260719;pressure_context_source=weather_openmeteo;transport=wifi_poll,
plants.soil,2026-07-28T09:25:09.351Z,2026-07-28 04:25:09.351,24312,2a89d4,8gtt1h,0.7.3,fleet_logger_0_1,587550035,UMLIFE_v2_TLC555,ch1,origplant,soil_moisture,1389,,,OK,,,983.4,,name=c5off1;level=well watered;role=disp;spread=18;gpio=4;device_seq=78337;time_source=device_synced;device_timestamp_utc=2026-07-28T09:25:01.989Z;config_id=170b1c1e;rssi=-58;uptime_s=587550;heap=152600;cal_tier=board-cal;cal_src=wet_rederive_1236_20260719;pressure_context_source=weather_openmeteo;transport=wifi_poll,
plants.soil,2026-07-28T09:25:09.351Z,2026-07-28 04:25:09.351,24313,2a89d4,8gtt1h,0.7.3,fleet_logger_0_1,587550035,UMLIFE_v2_TLC555,ch2,origplant,soil_moisture,1256,,,OK,,,983.4,,name=c5off1;level=overwatered;role=disp;spread=8;gpio=5;device_seq=78338;time_source=device_synced;device_timestamp_utc=2026-07-28T09:25:01.989Z;config_id=170b1c1e;rssi=-58;uptime_s=587550;heap=152600;cal_tier=board-cal;cal_src=wet_rederive_1236_20260719;pressure_context_source=weather_openmeteo;transport=wifi_poll,
plants.soil,2026-07-28T09:25:09.351Z,2026-07-28 04:25:09.351,24314,2a89d4,8gtt1h,0.7.3,fleet_logger_0_1,587550035,UMLIFE_v2_TLC555,ch3,origplant,soil_moisture,1609,,,OK,,,983.4,,name=c5off1;level=OK;role=disp;spread=24;gpio=6;device_seq=78339;time_source=device_synced;device_timestamp_utc=2026-07-28T09:25:01.989Z;config_id=170b1c1e;rssi=-58;uptime_s=587550;heap=152600;cal_tier=board-cal;cal_src=wet_rederive_1236_20260719;pressure_context_source=weather_openmeteo;transport=wifi_poll,
plants.env,2026-07-28T09:25:09.351Z,2026-07-28 04:25:09.351,24315,2a89d4,8gtt1h,0.7.3,fleet_logger_0_1,587550719,ESP32,esp32_die,on_chip,die_temp,,23.70,degC,OK,,,,,name=c5off1;source=esp32_die;cal=uncalibrated_board_proxy;api=temperatureRead;config_id=170b1c1e;transport=wifi_poll,
plants.soil,2026-07-28T09:25:39.665Z,2026-07-28 04:25:39.665,24316,2a89d4,8gtt1h,0.7.3,fleet_logger_0_1,587580035,UMLIFE_v2_TLC555,ch0,origplant,soil_moisture,1214,,,OK,,,983.4,,name=c5off1;level=overwatered;role=disp;spread=6;gpio=1;device_seq=78340;time_source=device_synced;device_timestamp_utc=2026-07-28T09:25:31.989Z;config_id=170b1c1e;rssi=-57;uptime_s=587580;heap=152640;cal_tier=board-cal;cal_src=wet_rederive_1236_20260719;pressure_context_source=weather_openmeteo;transport=wifi_poll,
plants.soil,2026-07-28T09:25:39.665Z,2026-07-28 04:25:39.665,24317,2a89d4,8gtt1h,0.7.3,fleet_logger_0_1,587580035,UMLIFE_v2_TLC555,ch1,origplant,soil_moisture,1373,,,OK,,,983.4,,name=c5off1;level=well watered;role=disp;spread=28;gpio=4;device_seq=78341;time_source=device_synced;device_timestamp_utc=2026-07-28T09:25:31.989Z;config_id=170b1c1e;rssi=-57;uptime_s=587580;heap=152640;cal_tier=board-cal;cal_src=wet_rederive_1236_20260719;pressure_context_source=weather_openmeteo;transport=wifi_poll,
plants.soil,2026-07-28T09:25:39.665Z,2026-07-28 04:25:39.665,24318,2a89d4,8gtt1h,0.7.3,fleet_logger_0_1,587580035,UMLIFE_v2_TLC555,ch2,origplant,soil_moisture,1257,,,OK,,,983.4,,name=c5off1;level=overwatered;role=disp;spread=22;gpio=5;device_seq=78342;time_source=device_synced;device_timestamp_utc=2026-07-28T09:25:31.989Z;config_id=170b1c1e;rssi=-57;uptime_s=587580;heap=152640;cal_tier=board-cal;cal_src=wet_rederive_1236_20260719;pressure_context_source=weather_openmeteo;transport=wifi_poll,
plants.soil,2026-07-28T09:25:39.665Z,2026-07-28 04:25:39.665,24319,2a89d4,8gtt1h,0.7.3,fleet_logger_0_1,587580035,UMLIFE_v2_TLC555,ch3,origplant,soil_moisture,1605,,,OK,,,983.4,,name=c5off1;level=OK;role=disp;spread=15;gpio=6;device_seq=78343;time_source=device_synced;device_timestamp_utc=2026-07-28T09:25:31.989Z;config_id=170b1c1e;rssi=-57;uptime_s=587580;heap=152640;cal_tier=board-cal;cal_src=wet_rederive_1236_20260719;pressure_context_source=weather_openmeteo;transport=wifi_poll,
plants.env,2026-07-28T09:25:39.665Z,2026-07-28 04:25:39.665,24320,2a89d4,8gtt1h,0.7.3,fleet_logger_0_1,587580719,ESP32,esp32_die,on_chip,die_temp,,23.70,degC,OK,,,,,name=c5off1;source=esp32_die;cal=uncalibrated_board_proxy;api=temperatureRead;config_id=170b1c1e;transport=wifi_poll,
plants.soil,2026-07-28T09:26:10.177Z,2026-07-28 04:26:10.177,24321,2a89d4,8gtt1h,0.7.3,fleet_logger_0_1,587610035,UMLIFE_v2_TLC555,ch0,origplant,soil_moisture,1214,,,OK,,,983.4,,name=c5off1;level=overwatered;role=disp;spread=7;gpio=1;device_seq=78344;time_source=device_synced;device_timestamp_utc=2026-07-28T09:26:01.989Z;config_id=170b1c1e;rssi=-55;uptime_s=587610;heap=152604;cal_tier=board-cal;cal_src=wet_rederive_1236_20260719;pressure_context_source=weather_openmeteo;transport=wifi_poll,
plants.soil,2026-07-28T09:26:10.177Z,2026-07-28 04:26:10.177,24322,2a89d4,8gtt1h,0.7.3,fleet_logger_0_1,587610035,UMLIFE_v2_TLC555,ch1,origplant,soil_moisture,1374,,,OK,,,983.4,,name=c5off1;level=well watered;role=disp;spread=27;gpio=4;device_seq=78345;time_source=device_synced;device_timestamp_utc=2026-07-28T09:26:01.989Z;config_id=170b1c1e;rssi=-55;uptime_s=587610;heap=152604;cal_tier=board-cal;cal_src=wet_rederive_1236_20260719;pressure_context_source=weather_openmeteo;transport=wifi_poll,
plants.soil,2026-07-28T09:26:10.177Z,2026-07-28 04:26:10.177,24323,2a89d4,8gtt1h,0.7.3,fleet_logger_0_1,587610035,UMLIFE_v2_TLC555,ch2,origplant,soil_moisture,1257,,,OK,,,983.4,,name=c5off1;level=overwatered;role=disp;spread=14;gpio=5;device_seq=78346;time_source=device_synced;device_timestamp_utc=2026-07-28T09:26:01.989Z;config_id=170b1c1e;rssi=-55;uptime_s=587610;heap=152604;cal_tier=board-cal;cal_src=wet_rederive_1236_20260719;pressure_context_source=weather_openmeteo;transport=wifi_poll,
plants.soil,2026-07-28T09:26:10.177Z,2026-07-28 04:26:10.177,24324,2a89d4,8gtt1h,0.7.3,fleet_logger_0_1,587610035,UMLIFE_v2_TLC555,ch3,origplant,soil_moisture,1592,,,OK,,,983.4,,name=c5off1;level=OK;role=disp;spread=27;gpio=6;device_seq=78347;time_source=device_synced;device_timestamp_utc=2026-07-28T09:26:01.989Z;config_id=170b1c1e;rssi=-55;uptime_s=587610;heap=152604;cal_tier=board-cal;cal_src=wet_rederive_1236_20260719;pressure_context_source=weather_openmeteo;transport=wifi_poll,
plants.env,2026-07-28T09:26:10.177Z,2026-07-28 04:26:10.177,24325,2a89d4,8gtt1h,0.7.3,fleet_logger_0_1,587610719,ESP32,esp32_die,on_chip,die_temp,,23.70,degC,OK,,,,,name=c5off1;source=esp32_die;cal=uncalibrated_board_proxy;api=temperatureRead;config_id=170b1c1e;transport=wifi_poll,
plants.soil,2026-07-28T09:26:40.487Z,2026-07-28 04:26:40.487,24326,2a89d4,8gtt1h,0.7.3,fleet_logger_0_1,587640035,UMLIFE_v2_TLC555,ch0,origplant,soil_moisture,1212,,,OK,,,983.4,,name=c5off1;level=overwatered;role=disp;spread=9;gpio=1;device_seq=78348;time_source=device_synced;device_timestamp_utc=2026-07-28T09:26:31.989Z;config_id=170b1c1e;rssi=-57;uptime_s=587640;heap=152392;cal_tier=board-cal;cal_src=wet_rederive_1236_20260719;pressure_context_source=weather_openmeteo;transport=wifi_poll,
plants.soil,2026-07-28T09:26:40.487Z,2026-07-28 04:26:40.487,24327,2a89d4,8gtt1h,0.7.3,fleet_logger_0_1,587640035,UMLIFE_v2_TLC555,ch1,origplant,soil_moisture,1375,,,OK,,,983.4,,name=c5off1;level=well watered;role=disp;spread=12;gpio=4;device_seq=78349;time_source=device_synced;device_timestamp_utc=2026-07-28T09:26:31.989Z;config_id=170b1c1e;rssi=-57;uptime_s=587640;heap=152392;cal_tier=board-cal;cal_src=wet_rederive_1236_20260719;pressure_context_source=weather_openmeteo;transport=wifi_poll,
plants.soil,2026-07-28T09:26:40.487Z,2026-07-28 04:26:40.487,24328,2a89d4,8gtt1h,0.7.3,fleet_logger_0_1,587640035,UMLIFE_v2_TLC555,ch2,origplant,soil_moisture,1256,,,OK,,,983.4,,name=c5off1;level=overwatered;role=disp;spread=7;gpio=5;device_seq=78350;time_source=device_synced;device_timestamp_utc=2026-07-28T09:26:31.989Z;config_id=170b1c1e;rssi=-57;uptime_s=587640;heap=152392;cal_tier=board-cal;cal_src=wet_rederive_1236_20260719;pressure_context_source=weather_openmeteo;transport=wifi_poll,
plants.soil,2026-07-28T09:26:40.487Z,2026-07-28 04:26:40.487,24329,2a89d4,8gtt1h,0.7.3,fleet_logger_0_1,587640035,UMLIFE_v2_TLC555,ch3,origplant,soil_moisture,1593,,,OK,,,983.4,,name=c5off1;level=OK;role=disp;spread=12;gpio=6;device_seq=78351;time_source=device_synced;device_timestamp_utc=2026-07-28T09:26:31.989Z;config_id=170b1c1e;rssi=-57;uptime_s=587640;heap=152392;cal_tier=board-cal;cal_src=wet_rederive_1236_20260719;pressure_context_source=weather_openmeteo;transport=wifi_poll,
plants.env,2026-07-28T09:26:40.487Z,2026-07-28 04:26:40.487,24330,2a89d4,8gtt1h,0.7.3,fleet_logger_0_1,587640719,ESP32,esp32_die,on_chip,die_temp,,23.70,degC,OK,,,,,name=c5off1;source=esp32_die;cal=uncalibrated_board_proxy;api=temperatureRead;config_id=170b1c1e;transport=wifi_poll,
plants.soil,2026-07-28T09:27:11.105Z,2026-07-28 04:27:11.105,24331,2a89d4,8gtt1h,0.7.3,fleet_logger_0_1,587670035,UMLIFE_v2_TLC555,ch0,origplant,soil_moisture,1216,,,OK,,,983.9,,name=c5off1;level=overwatered;role=disp;spread=12;gpio=1;device_seq=78352;time_source=device_synced;device_timestamp_utc=2026-07-28T09:27:01.989Z;config_id=170b1c1e;rssi=-55;uptime_s=587670;heap=152404;cal_tier=board-cal;cal_src=wet_rederive_1236_20260719;pressure_context_source=weather_openmeteo;transport=wifi_poll,
plants.soil,2026-07-28T09:27:11.105Z,2026-07-28 04:27:11.105,24332,2a89d4,8gtt1h,0.7.3,fleet_logger_0_1,587670035,UMLIFE_v2_TLC555,ch1,origplant,soil_moisture,1374,,,OK,,,983.9,,name=c5off1;level=well watered;role=disp;spread=23;gpio=4;device_seq=78353;time_source=device_synced;device_timestamp_utc=2026-07-28T09:27:01.989Z;config_id=170b1c1e;rssi=-55;uptime_s=587670;heap=152404;cal_tier=board-cal;cal_src=wet_rederive_1236_20260719;pressure_context_source=weather_openmeteo;transport=wifi_poll,
plants.soil,2026-07-28T09:27:11.105Z,2026-07-28 04:27:11.105,24333,2a89d4,8gtt1h,0.7.3,fleet_logger_0_1,587670035,UMLIFE_v2_TLC555,ch2,origplant,soil_moisture,1258,,,OK,,,983.9,,name=c5off1;level=overwatered;role=disp;spread=13;gpio=5;device_seq=78354;time_source=device_synced;device_timestamp_utc=2026-07-28T09:27:01.989Z;config_id=170b1c1e;rssi=-55;uptime_s=587670;heap=152404;cal_tier=board-cal;cal_src=wet_rederive_1236_20260719;pressure_context_source=weather_openmeteo;transport=wifi_poll,
plants.soil,2026-07-28T09:27:11.105Z,2026-07-28 04:27:11.105,24334,2a89d4,8gtt1h,0.7.3,fleet_logger_0_1,587670035,UMLIFE_v2_TLC555,ch3,origplant,soil_moisture,1592,,,OK,,,983.9,,name=c5off1;level=OK;role=disp;spread=19;gpio=6;device_seq=78355;time_source=device_synced;device_timestamp_utc=2026-07-28T09:27:01.989Z;config_id=170b1c1e;rssi=-55;uptime_s=587670;heap=152404;cal_tier=board-cal;cal_src=wet_rederive_1236_20260719;pressure_context_source=weather_openmeteo;transport=wifi_poll,
plants.env,2026-07-28T09:27:11.105Z,2026-07-28 04:27:11.105,24335,2a89d4,8gtt1h,0.7.3,fleet_logger_0_1,587670719,ESP32,esp32_die,on_chip,die_temp,,23.70,degC,OK,,,,,name=c5off1;source=esp32_die;cal=uncalibrated_board_proxy;api=temperatureRead;config_id=170b1c1e;transport=wifi_poll,
plants.soil,2026-07-28T09:27:41.415Z,2026-07-28 04:27:41.415,24336,2a89d4,8gtt1h,0.7.3,fleet_logger_0_1,587700035,UMLIFE_v2_TLC555,ch0,origplant,soil_moisture,1219,,,OK,,,983.9,,name=c5off1;level=overwatered;role=disp;spread=15;gpio=1;device_seq=78356;time_source=device_synced;device_timestamp_utc=2026-07-28T09:27:31.989Z;config_id=170b1c1e;rssi=-57;uptime_s=587700;heap=152660;cal_tier=board-cal;cal_src=wet_rederive_1236_20260719;pressure_context_source=weather_openmeteo;transport=wifi_poll,
plants.soil,2026-07-28T09:27:41.415Z,2026-07-28 04:27:41.415,24337,2a89d4,8gtt1h,0.7.3,fleet_logger_0_1,587700035,UMLIFE_v2_TLC555,ch1,origplant,soil_moisture,1376,,,OK,,,983.9,,name=c5off1;level=well watered;role=disp;spread=7;gpio=4;device_seq=78357;time_source=device_synced;device_timestamp_utc=2026-07-28T09:27:31.989Z;config_id=170b1c1e;rssi=-57;uptime_s=587700;heap=152660;cal_tier=board-cal;cal_src=wet_rederive_1236_20260719;pressure_context_source=weather_openmeteo;transport=wifi_poll,
plants.soil,2026-07-28T09:27:41.415Z,2026-07-28 04:27:41.415,24338,2a89d4,8gtt1h,0.7.3,fleet_logger_0_1,587700035,UMLIFE_v2_TLC555,ch2,origplant,soil_moisture,1258,,,OK,,,983.9,,name=c5off1;level=overwatered;role=disp;spread=13;gpio=5;device_seq=78358;time_source=device_synced;device_timestamp_utc=2026-07-28T09:27:31.989Z;config_id=170b1c1e;rssi=-57;uptime_s=587700;heap=152660;cal_tier=board-cal;cal_src=wet_rederive_1236_20260719;pressure_context_source=weather_openmeteo;transport=wifi_poll,
plants.soil,2026-07-28T09:27:41.415Z,2026-07-28 04:27:41.415,24339,2a89d4,8gtt1h,0.7.3,fleet_logger_0_1,587700035,UMLIFE_v2_TLC555,ch3,origplant,soil_moisture,1588,,,OK,,,983.9,,name=c5off1;level=OK;role=disp;spread=18;gpio=6;device_seq=78359;time_source=device_synced;device_timestamp_utc=2026-07-28T09:27:31.989Z;config_id=170b1c1e;rssi=-57;uptime_s=587700;heap=152660;cal_tier=board-cal;cal_src=wet_rederive_1236_20260719;pressure_context_source=weather_openmeteo;transport=wifi_poll,
plants.env,2026-07-28T09:27:41.415Z,2026-07-28 04:27:41.415,24340,2a89d4,8gtt1h,0.7.3,fleet_logger_0_1,587700719,ESP32,esp32_die,on_chip,die_temp,,23.70,degC,OK,,,,,name=c5off1;source=esp32_die;cal=uncalibrated_board_proxy;api=temperatureRead;config_id=170b1c1e;transport=wifi_poll,
plants.soil,2026-07-28T09:28:11.837Z,2026-07-28 04:28:11.837,24341,2a89d4,8gtt1h,0.7.3,fleet_logger_0_1,587730035,UMLIFE_v2_TLC555,ch0,origplant,soil_moisture,1225,,,OK,,,983.9,,name=c5off1;level=overwatered;role=disp;spread=11;gpio=1;device_seq=78360;time_source=device_synced;device_timestamp_utc=2026-07-28T09:28:01.989Z;config_id=170b1c1e;rssi=-59;uptime_s=587730;heap=152660;cal_tier=board-cal;cal_src=wet_rederive_1236_20260719;pressure_context_source=weather_openmeteo;transport=wifi_poll,
plants.soil,2026-07-28T09:28:11.837Z,2026-07-28 04:28:11.837,24342,2a89d4,8gtt1h,0.7.3,fleet_logger_0_1,587730035,UMLIFE_v2_TLC555,ch1,origplant,soil_moisture,1380,,,OK,,,983.9,,name=c5off1;level=well watered;role=disp;spread=13;gpio=4;device_seq=78361;time_source=device_synced;device_timestamp_utc=2026-07-28T09:28:01.989Z;config_id=170b1c1e;rssi=-59;uptime_s=587730;heap=152660;cal_tier=board-cal;cal_src=wet_rederive_1236_20260719;pressure_context_source=weather_openmeteo;transport=wifi_poll,
plants.soil,2026-07-28T09:28:11.837Z,2026-07-28 04:28:11.837,24343,2a89d4,8gtt1h,0.7.3,fleet_logger_0_1,587730035,UMLIFE_v2_TLC555,ch2,origplant,soil_moisture,1256,,,OK,,,983.9,,name=c5off1;level=overwatered;role=disp;spread=19;gpio=5;device_seq=78362;time_source=device_synced;device_timestamp_utc=2026-07-28T09:28:01.989Z;config_id=170b1c1e;rssi=-59;uptime_s=587730;heap=152660;cal_tier=board-cal;cal_src=wet_rederive_1236_20260719;pressure_context_source=weather_openmeteo;transport=wifi_poll,
plants.soil,2026-07-28T09:28:11.837Z,2026-07-28 04:28:11.837,24344,2a89d4,8gtt1h,0.7.3,fleet_logger_0_1,587730035,UMLIFE_v2_TLC555,ch3,origplant,soil_moisture,1592,,,OK,,,983.9,,name=c5off1;level=OK;role=disp;spread=32;gpio=6;device_seq=78363;time_source=device_synced;device_timestamp_utc=2026-07-28T09:28:01.989Z;config_id=170b1c1e;rssi=-59;uptime_s=587730;heap=152660;cal_tier=board-cal;cal_src=wet_rederive_1236_20260719;pressure_context_source=weather_openmeteo;transport=wifi_poll,
plants.env,2026-07-28T09:28:11.837Z,2026-07-28 04:28:11.837,24345,2a89d4,8gtt1h,0.7.3,fleet_logger_0_1,587730719,ESP32,esp32_die,on_chip,die_temp,,24.70,degC,OK,,,,,name=c5off1;source=esp32_die;cal=uncalibrated_board_proxy;api=temperatureRead;config_id=170b1c1e;transport=wifi_poll,
plants.soil,2026-07-28T09:28:42.243Z,2026-07-28 04:28:42.243,24346,2a89d4,8gtt1h,0.7.3,fleet_logger_0_1,587760035,UMLIFE_v2_TLC555,ch0,origplant,soil_moisture,1231,,,OK,,,983.9,,name=c5off1;level=overwatered;role=disp;spread=16;gpio=1;device_seq=78364;time_source=device_synced;device_timestamp_utc=2026-07-28T09:28:31.989Z;config_id=170b1c1e;rssi=-57;uptime_s=587760;heap=152612;cal_tier=board-cal;cal_src=wet_rederive_1236_20260719;pressure_context_source=weather_openmeteo;transport=wifi_poll,
plants.soil,2026-07-28T09:28:42.243Z,2026-07-28 04:28:42.243,24347,2a89d4,8gtt1h,0.7.3,fleet_logger_0_1,587760035,UMLIFE_v2_TLC555,ch1,origplant,soil_moisture,1384,,,OK,,,983.9,,name=c5off1;level=well watered;role=disp;spread=11;gpio=4;device_seq=78365;time_source=device_synced;device_timestamp_utc=2026-07-28T09:28:31.989Z;config_id=170b1c1e;rssi=-57;uptime_s=587760;heap=152612;cal_tier=board-cal;cal_src=wet_rederive_1236_20260719;pressure_context_source=weather_openmeteo;transport=wifi_poll,
plants.soil,2026-07-28T09:28:42.243Z,2026-07-28 04:28:42.243,24348,2a89d4,8gtt1h,0.7.3,fleet_logger_0_1,587760035,UMLIFE_v2_TLC555,ch2,origplant,soil_moisture,1258,,,OK,,,983.9,,name=c5off1;level=overwatered;role=disp;spread=19;gpio=5;device_seq=78366;time_source=device_synced;device_timestamp_utc=2026-07-28T09:28:31.989Z;config_id=170b1c1e;rssi=-57;uptime_s=587760;heap=152612;cal_tier=board-cal;cal_src=wet_rederive_1236_20260719;pressure_context_source=weather_openmeteo;transport=wifi_poll,
plants.soil,2026-07-28T09:28:42.243Z,2026-07-28 04:28:42.243,24349,2a89d4,8gtt1h,0.7.3,fleet_logger_0_1,587760035,UMLIFE_v2_TLC555,ch3,origplant,soil_moisture,1592,,,OK,,,983.9,,name=c5off1;level=OK;role=disp;spread=18;gpio=6;device_seq=78367;time_source=device_synced;device_timestamp_utc=2026-07-28T09:28:31.989Z;config_id=170b1c1e;rssi=-57;uptime_s=587760;heap=152612;cal_tier=board-cal;cal_src=wet_rederive_1236_20260719;pressure_context_source=weather_openmeteo;transport=wifi_poll,
plants.env,2026-07-28T09:28:42.243Z,2026-07-28 04:28:42.243,24350,2a89d4,8gtt1h,0.7.3,fleet_logger_0_1,587760719,ESP32,esp32_die,on_chip,die_temp,,23.70,degC,OK,,,,,name=c5off1;source=esp32_die;cal=uncalibrated_board_proxy;api=temperatureRead;config_id=170b1c1e;transport=wifi_poll,
plants.soil,2026-07-28T09:29:13.139Z,2026-07-28 04:29:13.139,24351,2a89d4,8gtt1h,0.7.3,fleet_logger_0_1,587790035,UMLIFE_v2_TLC555,ch0,origplant,soil_moisture,1233,,,OK,,,983.9,,name=c5off1;level=overwatered;role=disp;spread=6;gpio=1;device_seq=78368;time_source=device_synced;device_timestamp_utc=2026-07-28T09:29:01.989Z;config_id=170b1c1e;rssi=-58;uptime_s=587790;heap=152612;cal_tier=board-cal;cal_src=wet_rederive_1236_20260719;pressure_context_source=weather_openmeteo;transport=wifi_poll,
plants.soil,2026-07-28T09:29:13.139Z,2026-07-28 04:29:13.139,24352,2a89d4,8gtt1h,0.7.3,fleet_logger_0_1,587790035,UMLIFE_v2_TLC555,ch1,origplant,soil_moisture,1392,,,OK,,,983.9,,name=c5off1;level=well watered;role=disp;spread=16;gpio=4;device_seq=78369;time_source=device_synced;device_timestamp_utc=2026-07-28T09:29:01.989Z;config_id=170b1c1e;rssi=-58;uptime_s=587790;heap=152612;cal_tier=board-cal;cal_src=wet_rederive_1236_20260719;pressure_context_source=weather_openmeteo;transport=wifi_poll,
plants.soil,2026-07-28T09:29:13.139Z,2026-07-28 04:29:13.139,24353,2a89d4,8gtt1h,0.7.3,fleet_logger_0_1,587790035,UMLIFE_v2_TLC555,ch2,origplant,soil_moisture,1258,,,OK,,,983.9,,name=c5off1;level=overwatered;role=disp;spread=8;gpio=5;device_seq=78370;time_source=device_synced;device_timestamp_utc=2026-07-28T09:29:01.989Z;config_id=170b1c1e;rssi=-58;uptime_s=587790;heap=152612;cal_tier=board-cal;cal_src=wet_rederive_1236_20260719;pressure_context_source=weather_openmeteo;transport=wifi_poll,
plants.soil,2026-07-28T09:29:13.139Z,2026-07-28 04:29:13.139,24354,2a89d4,8gtt1h,0.7.3,fleet_logger_0_1,587790035,UMLIFE_v2_TLC555,ch3,origplant,soil_moisture,1592,,,OK,,,983.9,,name=c5off1;level=OK;role=disp;spread=18;gpio=6;device_seq=78371;time_source=device_synced;device_timestamp_utc=2026-07-28T09:29:01.989Z;config_id=170b1c1e;rssi=-58;uptime_s=587790;heap=152612;cal_tier=board-cal;cal_src=wet_rederive_1236_20260719;pressure_context_source=weather_openmeteo;transport=wifi_poll,
plants.env,2026-07-28T09:29:13.139Z,2026-07-28 04:29:13.139,24355,2a89d4,8gtt1h,0.7.3,fleet_logger_0_1,587790719,ESP32,esp32_die,on_chip,die_temp,,23.70,degC,OK,,,,,name=c5off1;source=esp32_die;cal=uncalibrated_board_proxy;api=temperatureRead;config_id=170b1c1e;transport=wifi_poll,
plants.soil,2026-07-28T09:29:43.485Z,2026-07-28 04:29:43.485,24356,2a89d4,8gtt1h,0.7.3,fleet_logger_0_1,587820035,UMLIFE_v2_TLC555,ch0,origplant,soil_moisture,1232,,,OK,,,983.9,,name=c5off1;level=overwatered;role=disp;spread=12;gpio=1;device_seq=78372;time_source=device_synced;device_timestamp_utc=2026-07-28T09:29:31.989Z;config_id=170b1c1e;rssi=-55;uptime_s=587820;heap=152356;cal_tier=board-cal;cal_src=wet_rederive_1236_20260719;pressure_context_source=weather_openmeteo;transport=wifi_poll,
plants.soil,2026-07-28T09:29:43.485Z,2026-07-28 04:29:43.485,24357,2a89d4,8gtt1h,0.7.3,fleet_logger_0_1,587820035,UMLIFE_v2_TLC555,ch1,origplant,soil_moisture,1391,,,OK,,,983.9,,name=c5off1;level=well watered;role=disp;spread=14;gpio=4;device_seq=78373;time_source=device_synced;device_timestamp_utc=2026-07-28T09:29:31.989Z;config_id=170b1c1e;rssi=-55;uptime_s=587820;heap=152356;cal_tier=board-cal;cal_src=wet_rederive_1236_20260719;pressure_context_source=weather_openmeteo;transport=wifi_poll,
plants.soil,2026-07-28T09:29:43.485Z,2026-07-28 04:29:43.485,24358,2a89d4,8gtt1h,0.7.3,fleet_logger_0_1,587820035,UMLIFE_v2_TLC555,ch2,origplant,soil_moisture,1259,,,OK,,,983.9,,name=c5off1;level=overwatered;role=disp;spread=19;gpio=5;device_seq=78374;time_source=device_synced;device_timestamp_utc=2026-07-28T09:29:31.989Z;config_id=170b1c1e;rssi=-55;uptime_s=587820;heap=152356;cal_tier=board-cal;cal_src=wet_rederive_1236_20260719;pressure_context_source=weather_openmeteo;transport=wifi_poll,
plants.soil,2026-07-28T09:29:43.485Z,2026-07-28 04:29:43.485,24359,2a89d4,8gtt1h,0.7.3,fleet_logger_0_1,587820035,UMLIFE_v2_TLC555,ch3,origplant,soil_moisture,1600,,,OK,,,983.9,,name=c5off1;level=OK;role=disp;spread=30;gpio=6;device_seq=78375;time_source=device_synced;device_timestamp_utc=2026-07-28T09:29:31.989Z;config_id=170b1c1e;rssi=-55;uptime_s=587820;heap=152356;cal_tier=board-cal;cal_src=wet_rederive_1236_20260719;pressure_context_source=weather_openmeteo;transport=wifi_poll,
plants.env,2026-07-28T09:29:43.485Z,2026-07-28 04:29:43.485,24360,2a89d4,8gtt1h,0.7.3,fleet_logger_0_1,587820719,ESP32,esp32_die,on_chip,die_temp,,24.70,degC,OK,,,,,name=c5off1;source=esp32_die;cal=uncalibrated_board_proxy;api=temperatureRead;config_id=170b1c1e;transport=wifi_poll,
plants.soil,2026-07-28T09:30:14.022Z,2026-07-28 04:30:14.022,24361,2a89d4,8gtt1h,0.7.3,fleet_logger_0_1,587850035,UMLIFE_v2_TLC555,ch0,origplant,soil_moisture,1231,,,OK,,,983.9,,name=c5off1;level=overwatered;role=disp;spread=15;gpio=1;device_seq=78376;time_source=device_synced;device_timestamp_utc=2026-07-28T09:30:01.989Z;config_id=170b1c1e;rssi=-59;uptime_s=587850;heap=152356;cal_tier=board-cal;cal_src=wet_rederive_1236_20260719;pressure_context_source=weather_openmeteo;transport=wifi_poll,
plants.soil,2026-07-28T09:30:14.022Z,2026-07-28 04:30:14.022,24362,2a89d4,8gtt1h,0.7.3,fleet_logger_0_1,587850035,UMLIFE_v2_TLC555,ch1,origplant,soil_moisture,1394,,,OK,,,983.9,,name=c5off1;level=well watered;role=disp;spread=20;gpio=4;device_seq=78377;time_source=device_synced;device_timestamp_utc=2026-07-28T09:30:01.989Z;config_id=170b1c1e;rssi=-59;uptime_s=587850;heap=152356;cal_tier=board-cal;cal_src=wet_rederive_1236_20260719;pressure_context_source=weather_openmeteo;transport=wifi_poll,
plants.soil,2026-07-28T09:30:14.022Z,2026-07-28 04:30:14.022,24363,2a89d4,8gtt1h,0.7.3,fleet_logger_0_1,587850035,UMLIFE_v2_TLC555,ch2,origplant,soil_moisture,1258,,,OK,,,983.9,,name=c5off1;level=overwatered;role=disp;spread=12;gpio=5;device_seq=78378;time_source=device_synced;device_timestamp_utc=2026-07-28T09:30:01.989Z;config_id=170b1c1e;rssi=-59;uptime_s=587850;heap=152356;cal_tier=board-cal;cal_src=wet_rederive_1236_20260719;pressure_context_source=weather_openmeteo;transport=wifi_poll,
plants.soil,2026-07-28T09:30:14.022Z,2026-07-28 04:30:14.022,24364,2a89d4,8gtt1h,0.7.3,fleet_logger_0_1,587850035,UMLIFE_v2_TLC555,ch3,origplant,soil_moisture,1610,,,OK,,,983.9,,name=c5off1;level=OK;role=disp;spread=15;gpio=6;device_seq=78379;time_source=device_synced;device_timestamp_utc=2026-07-28T09:30:01.989Z;config_id=170b1c1e;rssi=-59;uptime_s=587850;heap=152356;cal_tier=board-cal;cal_src=wet_rederive_1236_20260719;pressure_context_source=weather_openmeteo;transport=wifi_poll,
plants.env,2026-07-28T09:30:14.022Z,2026-07-28 04:30:14.022,24365,2a89d4,8gtt1h,0.7.3,fleet_logger_0_1,587850719,ESP32,esp32_die,on_chip,die_temp,,23.70,degC,OK,,,,,name=c5off1;source=esp32_die;cal=uncalibrated_board_proxy;api=temperatureRead;config_id=170b1c1e;transport=wifi_poll,
plants.soil,2026-07-28T09:30:44.404Z,2026-07-28 04:30:44.404,24366,2a89d4,8gtt1h,0.7.3,fleet_logger_0_1,587880035,UMLIFE_v2_TLC555,ch0,origplant,soil_moisture,1234,,,OK,,,983.9,,name=c5off1;level=overwatered;role=disp;spread=10;gpio=1;device_seq=78380;time_source=device_synced;device_timestamp_utc=2026-07-28T09:30:31.989Z;config_id=170b1c1e;rssi=-55;uptime_s=587880;heap=152600;cal_tier=board-cal;cal_src=wet_rederive_1236_20260719;pressure_context_source=weather_openmeteo;transport=wifi_poll,
plants.soil,2026-07-28T09:30:44.404Z,2026-07-28 04:30:44.404,24367,2a89d4,8gtt1h,0.7.3,fleet_logger_0_1,587880035,UMLIFE_v2_TLC555,ch1,origplant,soil_moisture,1392,,,OK,,,983.9,,name=c5off1;level=well watered;role=disp;spread=19;gpio=4;device_seq=78381;time_source=device_synced;device_timestamp_utc=2026-07-28T09:30:31.989Z;config_id=170b1c1e;rssi=-55;uptime_s=587880;heap=152600;cal_tier=board-cal;cal_src=wet_rederive_1236_20260719;pressure_context_source=weather_openmeteo;transport=wifi_poll,
plants.soil,2026-07-28T09:30:44.404Z,2026-07-28 04:30:44.404,24368,2a89d4,8gtt1h,0.7.3,fleet_logger_0_1,587880035,UMLIFE_v2_TLC555,ch2,origplant,soil_moisture,1258,,,OK,,,983.9,,name=c5off1;level=overwatered;role=disp;spread=11;gpio=5;device_seq=78382;time_source=device_synced;device_timestamp_utc=2026-07-28T09:30:31.989Z;config_id=170b1c1e;rssi=-55;uptime_s=587880;heap=152600;cal_tier=board-cal;cal_src=wet_rederive_1236_20260719;pressure_context_source=weather_openmeteo;transport=wifi_poll,
plants.soil,2026-07-28T09:30:44.404Z,2026-07-28 04:30:44.404,24369,2a89d4,8gtt1h,0.7.3,fleet_logger_0_1,587880035,UMLIFE_v2_TLC555,ch3,origplant,soil_moisture,1610,,,OK,,,983.9,,name=c5off1;level=OK;role=disp;spread=22;gpio=6;device_seq=78383;time_source=device_synced;device_timestamp_utc=2026-07-28T09:30:31.989Z;config_id=170b1c1e;rssi=-55;uptime_s=587880;heap=152600;cal_tier=board-cal;cal_src=wet_rederive_1236_20260719;pressure_context_source=weather_openmeteo;transport=wifi_poll,
plants.env,2026-07-28T09:30:44.404Z,2026-07-28 04:30:44.404,24370,2a89d4,8gtt1h,0.7.3,fleet_logger_0_1,587880719,ESP32,esp32_die,on_chip,die_temp,,23.70,degC,OK,,,,,name=c5off1;source=esp32_die;cal=uncalibrated_board_proxy;api=temperatureRead;config_id=170b1c1e;transport=wifi_poll,
plants.soil,2026-07-28T09:31:14.851Z,2026-07-28 04:31:14.851,24371,2a89d4,8gtt1h,0.7.3,fleet_logger_0_1,587910035,UMLIFE_v2_TLC555,ch0,origplant,soil_moisture,1233,,,OK,,,983.9,,name=c5off1;level=overwatered;role=disp;spread=16;gpio=1;device_seq=78384;time_source=device_synced;device_timestamp_utc=2026-07-28T09:31:01.989Z;config_id=170b1c1e;rssi=-59;uptime_s=587910;heap=152600;cal_tier=board-cal;cal_src=wet_rederive_1236_20260719;pressure_context_source=weather_openmeteo;transport=wifi_poll,
plants.soil,2026-07-28T09:31:14.851Z,2026-07-28 04:31:14.851,24372,2a89d4,8gtt1h,0.7.3,fleet_logger_0_1,587910035,UMLIFE_v2_TLC555,ch1,origplant,soil_moisture,1393,,,OK,,,983.9,,name=c5off1;level=well watered;role=disp;spread=16;gpio=4;device_seq=78385;time_source=device_synced;device_timestamp_utc=2026-07-28T09:31:01.989Z;config_id=170b1c1e;rssi=-59;uptime_s=587910;heap=152600;cal_tier=board-cal;cal_src=wet_rederive_1236_20260719;pressure_context_source=weather_openmeteo;transport=wifi_poll,
plants.soil,2026-07-28T09:31:14.851Z,2026-07-28 04:31:14.851,24373,2a89d4,8gtt1h,0.7.3,fleet_logger_0_1,587910035,UMLIFE_v2_TLC555,ch2,origplant,soil_moisture,1258,,,OK,,,983.9,,name=c5off1;level=overwatered;role=disp;spread=12;gpio=5;device_seq=78386;time_source=device_synced;device_timestamp_utc=2026-07-28T09:31:01.989Z;config_id=170b1c1e;rssi=-59;uptime_s=587910;heap=152600;cal_tier=board-cal;cal_src=wet_rederive_1236_20260719;pressure_context_source=weather_openmeteo;transport=wifi_poll,
plants.soil,2026-07-28T09:31:14.851Z,2026-07-28 04:31:14.851,24374,2a89d4,8gtt1h,0.7.3,fleet_logger_0_1,587910035,UMLIFE_v2_TLC555,ch3,origplant,soil_moisture,1609,,,OK,,,983.9,,name=c5off1;level=OK;role=disp;spread=10;gpio=6;device_seq=78387;time_source=device_synced;device_timestamp_utc=2026-07-28T09:31:01.989Z;config_id=170b1c1e;rssi=-59;uptime_s=587910;heap=152600;cal_tier=board-cal;cal_src=wet_rederive_1236_20260719;pressure_context_source=weather_openmeteo;transport=wifi_poll,
plants.env,2026-07-28T09:31:14.851Z,2026-07-28 04:31:14.851,24375,2a89d4,8gtt1h,0.7.3,fleet_logger_0_1,587910719,ESP32,esp32_die,on_chip,die_temp,,23.70,degC,OK,,,,,name=c5off1;source=esp32_die;cal=uncalibrated_board_proxy;api=temperatureRead;config_id=170b1c1e;transport=wifi_poll,
plants.soil,2026-07-28T09:31:47.414Z,2026-07-28 04:31:47.414,24376,2a89d4,8gtt1h,0.7.3,fleet_logger_0_1,587940035,UMLIFE_v2_TLC555,ch0,origplant,soil_moisture,1233,,,OK,,,983.9,,name=c5off1;level=overwatered;role=disp;spread=18;gpio=1;device_seq=78388;time_source=device_synced;device_timestamp_utc=2026-07-28T09:31:31.989Z;config_id=170b1c1e;rssi=-57;uptime_s=587940;heap=152656;cal_tier=board-cal;cal_src=wet_rederive_1236_20260719;pressure_context_source=weather_openmeteo;transport=wifi_poll,
plants.soil,2026-07-28T09:31:47.414Z,2026-07-28 04:31:47.414,24377,2a89d4,8gtt1h,0.7.3,fleet_logger_0_1,587940035,UMLIFE_v2_TLC555,ch1,origplant,soil_moisture,1394,,,OK,,,983.9,,name=c5off1;level=well watered;role=disp;spread=14;gpio=4;device_seq=78389;time_source=device_synced;device_timestamp_utc=2026-07-28T09:31:31.989Z;config_id=170b1c1e;rssi=-57;uptime_s=587940;heap=152656;cal_tier=board-cal;cal_src=wet_rederive_1236_20260719;pressure_context_source=weather_openmeteo;transport=wifi_poll,
plants.soil,2026-07-28T09:31:47.414Z,2026-07-28 04:31:47.414,24378,2a89d4,8gtt1h,0.7.3,fleet_logger_0_1,587940035,UMLIFE_v2_TLC555,ch2,origplant,soil_moisture,1257,,,OK,,,983.9,,name=c5off1;level=overwatered;role=disp;spread=17;gpio=5;device_seq=78390;time_source=device_synced;device_timestamp_utc=2026-07-28T09:31:31.989Z;config_id=170b1c1e;rssi=-57;uptime_s=587940;heap=152656;cal_tier=board-cal;cal_src=wet_rederive_1236_20260719;pressure_context_source=weather_openmeteo;transport=wifi_poll,
plants.soil,2026-07-28T09:31:47.414Z,2026-07-28 04:31:47.414,24379,2a89d4,8gtt1h,0.7.3,fleet_logger_0_1,587940035,UMLIFE_v2_TLC555,ch3,origplant,soil_moisture,1608,,,OK,,,983.9,,name=c5off1;level=OK;role=disp;spread=13;gpio=6;device_seq=78391;time_source=device_synced;device_timestamp_utc=2026-07-28T09:31:31.989Z;config_id=170b1c1e;rssi=-57;uptime_s=587940;heap=152656;cal_tier=board-cal;cal_src=wet_rederive_1236_20260719;pressure_context_source=weather_openmeteo;transport=wifi_poll,
plants.env,2026-07-28T09:31:47.414Z,2026-07-28 04:31:47.414,24380,2a89d4,8gtt1h,0.7.3,fleet_logger_0_1,587940719,ESP32,esp32_die,on_chip,die_temp,,23.70,degC,OK,,,,,name=c5off1;source=esp32_die;cal=uncalibrated_board_proxy;api=temperatureRead;config_id=170b1c1e;transport=wifi_poll,
plants.soil,2026-07-28T09:32:17.894Z,2026-07-28 04:32:17.894,24381,2a89d4,8gtt1h,0.7.3,fleet_logger_0_1,587970035,UMLIFE_v2_TLC555,ch0,origplant,soil_moisture,1232,,,OK,,,983.9,,name=c5off1;level=overwatered;role=disp;spread=14;gpio=1;device_seq=78392;time_source=device_synced;device_timestamp_utc=2026-07-28T09:32:01.989Z;config_id=170b1c1e;rssi=-56;uptime_s=587970;heap=152656;cal_tier=board-cal;cal_src=wet_rederive_1236_20260719;pressure_context_source=weather_openmeteo;transport=wifi_poll,
plants.soil,2026-07-28T09:32:17.894Z,2026-07-28 04:32:17.894,24382,2a89d4,8gtt1h,0.7.3,fleet_logger_0_1,587970035,UMLIFE_v2_TLC555,ch1,origplant,soil_moisture,1391,,,OK,,,983.9,,name=c5off1;level=well watered;role=disp;spread=16;gpio=4;device_seq=78393;time_source=device_synced;device_timestamp_utc=2026-07-28T09:32:01.989Z;config_id=170b1c1e;rssi=-56;uptime_s=587970;heap=152656;cal_tier=board-cal;cal_src=wet_rederive_1236_20260719;pressure_context_source=weather_openmeteo;transport=wifi_poll,
plants.soil,2026-07-28T09:32:17.894Z,2026-07-28 04:32:17.894,24383,2a89d4,8gtt1h,0.7.3,fleet_logger_0_1,587970035,UMLIFE_v2_TLC555,ch2,origplant,soil_moisture,1258,,,OK,,,983.9,,name=c5off1;level=overwatered;role=disp;spread=13;gpio=5;device_seq=78394;time_source=device_synced;device_timestamp_utc=2026-07-28T09:32:01.989Z;config_id=170b1c1e;rssi=-56;uptime_s=587970;heap=152656;cal_tier=board-cal;cal_src=wet_rederive_1236_20260719;pressure_context_source=weather_openmeteo;transport=wifi_poll,
plants.soil,2026-07-28T09:32:17.894Z,2026-07-28 04:32:17.894,24384,2a89d4,8gtt1h,0.7.3,fleet_logger_0_1,587970035,UMLIFE_v2_TLC555,ch3,origplant,soil_moisture,1608,,,OK,,,983.9,,name=c5off1;level=OK;role=disp;spread=20;gpio=6;device_seq=78395;time_source=device_synced;device_timestamp_utc=2026-07-28T09:32:01.989Z;config_id=170b1c1e;rssi=-56;uptime_s=587970;heap=152656;cal_tier=board-cal;cal_src=wet_rederive_1236_20260719;pressure_context_source=weather_openmeteo;transport=wifi_poll,
plants.env,2026-07-28T09:32:17.894Z,2026-07-28 04:32:17.894,24385,2a89d4,8gtt1h,0.7.3,fleet_logger_0_1,587970720,ESP32,esp32_die,on_chip,die_temp,,23.70,degC,OK,,,,,name=c5off1;source=esp32_die;cal=uncalibrated_board_proxy;api=temperatureRead;config_id=170b1c1e;transport=wifi_poll,
plants.soil,2026-07-28T09:32:48.307Z,2026-07-28 04:32:48.307,24386,2a89d4,8gtt1h,0.7.3,fleet_logger_0_1,588000035,UMLIFE_v2_TLC555,ch0,origplant,soil_moisture,1232,,,OK,,,983.9,,name=c5off1;level=overwatered;role=disp;spread=10;gpio=1;device_seq=78396;time_source=device_synced;device_timestamp_utc=2026-07-28T09:32:31.989Z;config_id=170b1c1e;rssi=-56;uptime_s=588000;heap=152404;cal_tier=board-cal;cal_src=wet_rederive_1236_20260719;pressure_context_source=weather_openmeteo;transport=wifi_poll,
plants.soil,2026-07-28T09:32:48.307Z,2026-07-28 04:32:48.307,24387,2a89d4,8gtt1h,0.7.3,fleet_logger_0_1,588000035,UMLIFE_v2_TLC555,ch1,origplant,soil_moisture,1392,,,OK,,,983.9,,name=c5off1;level=well watered;role=disp;spread=18;gpio=4;device_seq=78397;time_source=device_synced;device_timestamp_utc=2026-07-28T09:32:31.989Z;config_id=170b1c1e;rssi=-56;uptime_s=588000;heap=152404;cal_tier=board-cal;cal_src=wet_rederive_1236_20260719;pressure_context_source=weather_openmeteo;transport=wifi_poll,
plants.soil,2026-07-28T09:32:48.307Z,2026-07-28 04:32:48.307,24388,2a89d4,8gtt1h,0.7.3,fleet_logger_0_1,588000035,UMLIFE_v2_TLC555,ch2,origplant,soil_moisture,1259,,,OK,,,983.9,,name=c5off1;level=overwatered;role=disp;spread=19;gpio=5;device_seq=78398;time_source=device_synced;device_timestamp_utc=2026-07-28T09:32:31.989Z;config_id=170b1c1e;rssi=-56;uptime_s=588000;heap=152404;cal_tier=board-cal;cal_src=wet_rederive_1236_20260719;pressure_context_source=weather_openmeteo;transport=wifi_poll,
plants.soil,2026-07-28T09:32:48.307Z,2026-07-28 04:32:48.307,24389,2a89d4,8gtt1h,0.7.3,fleet_logger_0_1,588000035,UMLIFE_v2_TLC555,ch3,origplant,soil_moisture,1609,,,OK,,,983.9,,name=c5off1;level=OK;role=disp;spread=23;gpio=6;device_seq=78399;time_source=device_synced;device_timestamp_utc=2026-07-28T09:32:31.989Z;config_id=170b1c1e;rssi=-56;uptime_s=588000;heap=152404;cal_tier=board-cal;cal_src=wet_rederive_1236_20260719;pressure_context_source=weather_openmeteo;transport=wifi_poll,
plants.env,2026-07-28T09:32:48.307Z,2026-07-28 04:32:48.307,24390,2a89d4,8gtt1h,0.7.3,fleet_logger_0_1,588001819,ESP32,esp32_die,on_chip,die_temp,,23.70,degC,OK,,,,,name=c5off1;source=esp32_die;cal=uncalibrated_board_proxy;api=temperatureRead;config_id=170b1c1e;transport=wifi_poll,
plants.soil,2026-07-28T09:33:18.689Z,2026-07-28 04:33:18.689,24391,2a89d4,8gtt1h,0.7.3,fleet_logger_0_1,588030035,UMLIFE_v2_TLC555,ch0,origplant,soil_moisture,1232,,,OK,,,983.9,,name=c5off1;level=overwatered;role=disp;spread=11;gpio=1;device_seq=78400;time_source=device_synced;device_timestamp_utc=2026-07-28T09:33:01.989Z;config_id=170b1c1e;rssi=-56;uptime_s=588030;heap=152404;cal_tier=board-cal;cal_src=wet_rederive_1236_20260719;pressure_context_source=weather_openmeteo;transport=wifi_poll,
plants.soil,2026-07-28T09:33:18.689Z,2026-07-28 04:33:18.689,24392,2a89d4,8gtt1h,0.7.3,fleet_logger_0_1,588030035,UMLIFE_v2_TLC555,ch1,origplant,soil_moisture,1394,,,OK,,,983.9,,name=c5off1;level=well watered;role=disp;spread=26;gpio=4;device_seq=78401;time_source=device_synced;device_timestamp_utc=2026-07-28T09:33:01.989Z;config_id=170b1c1e;rssi=-56;uptime_s=588030;heap=152404;cal_tier=board-cal;cal_src=wet_rederive_1236_20260719;pressure_context_source=weather_openmeteo;transport=wifi_poll,
plants.soil,2026-07-28T09:33:18.689Z,2026-07-28 04:33:18.689,24393,2a89d4,8gtt1h,0.7.3,fleet_logger_0_1,588030035,UMLIFE_v2_TLC555,ch2,origplant,soil_moisture,1258,,,OK,,,983.9,,name=c5off1;level=overwatered;role=disp;spread=9;gpio=5;device_seq=78402;time_source=device_synced;device_timestamp_utc=2026-07-28T09:33:01.989Z;config_id=170b1c1e;rssi=-56;uptime_s=588030;heap=152404;cal_tier=board-cal;cal_src=wet_rederive_1236_20260719;pressure_context_source=weather_openmeteo;transport=wifi_poll,
plants.soil,2026-07-28T09:33:18.689Z,2026-07-28 04:33:18.689,24394,2a89d4,8gtt1h,0.7.3,fleet_logger_0_1,588030035,UMLIFE_v2_TLC555,ch3,origplant,soil_moisture,1612,,,OK,,,983.9,,name=c5off1;level=OK;role=disp;spread=28;gpio=6;device_seq=78403;time_source=device_synced;device_timestamp_utc=2026-07-28T09:33:01.989Z;config_id=170b1c1e;rssi=-56;uptime_s=588030;heap=152404;cal_tier=board-cal;cal_src=wet_rederive_1236_20260719;pressure_context_source=weather_openmeteo;transport=wifi_poll,
plants.env,2026-07-28T09:33:18.689Z,2026-07-28 04:33:18.689,24395,2a89d4,8gtt1h,0.7.3,fleet_logger_0_1,588030719,ESP32,esp32_die,on_chip,die_temp,,23.70,degC,OK,,,,,name=c5off1;source=esp32_die;cal=uncalibrated_board_proxy;api=temperatureRead;config_id=170b1c1e;transport=wifi_poll,
plants.soil,2026-07-28T09:33:49.272Z,2026-07-28 04:33:49.272,24396,2a89d4,8gtt1h,0.7.3,fleet_logger_0_1,588060035,UMLIFE_v2_TLC555,ch0,origplant,soil_moisture,1230,,,OK,,,983.9,,name=c5off1;level=overwatered;role=disp;spread=15;gpio=1;device_seq=78404;time_source=device_synced;device_timestamp_utc=2026-07-28T09:33:31.989Z;config_id=170b1c1e;rssi=-58;uptime_s=588060;heap=152656;cal_tier=board-cal;cal_src=wet_rederive_1236_20260719;pressure_context_source=weather_openmeteo;transport=wifi_poll,
plants.soil,2026-07-28T09:33:49.272Z,2026-07-28 04:33:49.272,24397,2a89d4,8gtt1h,0.7.3,fleet_logger_0_1,588060035,UMLIFE_v2_TLC555,ch1,origplant,soil_moisture,1393,,,OK,,,983.9,,name=c5off1;level=well watered;role=disp;spread=27;gpio=4;device_seq=78405;time_source=device_synced;device_timestamp_utc=2026-07-28T09:33:31.989Z;config_id=170b1c1e;rssi=-58;uptime_s=588060;heap=152656;cal_tier=board-cal;cal_src=wet_rederive_1236_20260719;pressure_context_source=weather_openmeteo;transport=wifi_poll,
plants.soil,2026-07-28T09:33:49.272Z,2026-07-28 04:33:49.272,24398,2a89d4,8gtt1h,0.7.3,fleet_logger_0_1,588060035,UMLIFE_v2_TLC555,ch2,origplant,soil_moisture,1258,,,OK,,,983.9,,name=c5off1;level=overwatered;role=disp;spread=12;gpio=5;device_seq=78406;time_source=device_synced;device_timestamp_utc=2026-07-28T09:33:31.989Z;config_id=170b1c1e;rssi=-58;uptime_s=588060;heap=152656;cal_tier=board-cal;cal_src=wet_rederive_1236_20260719;pressure_context_source=weather_openmeteo;transport=wifi_poll,
plants.soil,2026-07-28T09:33:49.272Z,2026-07-28 04:33:49.272,24399,2a89d4,8gtt1h,0.7.3,fleet_logger_0_1,588060035,UMLIFE_v2_TLC555,ch3,origplant,soil_moisture,1611,,,OK,,,983.9,,name=c5off1;level=OK;role=disp;spread=12;gpio=6;device_seq=78407;time_source=device_synced;device_timestamp_utc=2026-07-28T09:33:31.989Z;config_id=170b1c1e;rssi=-58;uptime_s=588060;heap=152656;cal_tier=board-cal;cal_src=wet_rederive_1236_20260719;pressure_context_source=weather_openmeteo;transport=wifi_poll,
plants.env,2026-07-28T09:33:49.272Z,2026-07-28 04:33:49.272,24400,2a89d4,8gtt1h,0.7.3,fleet_logger_0_1,588060719,ESP32,esp32_die,on_chip,die_temp,,23.70,degC,OK,,,,,name=c5off1;source=esp32_die;cal=uncalibrated_board_proxy;api=temperatureRead;config_id=170b1c1e;transport=wifi_poll,
plants.soil,2026-07-28T09:34:19.648Z,2026-07-28 04:34:19.648,24401,2a89d4,8gtt1h,0.7.3,fleet_logger_0_1,588090035,UMLIFE_v2_TLC555,ch0,origplant,soil_moisture,1231,,,OK,,,983.9,,name=c5off1;level=overwatered;role=disp;spread=17;gpio=1;device_seq=78408;time_source=device_synced;device_timestamp_utc=2026-07-28T09:34:01.989Z;config_id=170b1c1e;rssi=-56;uptime_s=588090;heap=152656;cal_tier=board-cal;cal_src=wet_rederive_1236_20260719;pressure_context_source=weather_openmeteo;transport=wifi_poll,
plants.soil,2026-07-28T09:34:19.648Z,2026-07-28 04:34:19.648,24402,2a89d4,8gtt1h,0.7.3,fleet_logger_0_1,588090035,UMLIFE_v2_TLC555,ch1,origplant,soil_moisture,1392,,,OK,,,983.9,,name=c5off1;level=well watered;role=disp;spread=26;gpio=4;device_seq=78409;time_source=device_synced;device_timestamp_utc=2026-07-28T09:34:01.989Z;config_id=170b1c1e;rssi=-56;uptime_s=588090;heap=152656;cal_tier=board-cal;cal_src=wet_rederive_1236_20260719;pressure_context_source=weather_openmeteo;transport=wifi_poll,
plants.soil,2026-07-28T09:34:19.648Z,2026-07-28 04:34:19.648,24403,2a89d4,8gtt1h,0.7.3,fleet_logger_0_1,588090035,UMLIFE_v2_TLC555,ch2,origplant,soil_moisture,1257,,,OK,,,983.9,,name=c5off1;level=overwatered;role=disp;spread=9;gpio=5;device_seq=78410;time_source=device_synced;device_timestamp_utc=2026-07-28T09:34:01.989Z;config_id=170b1c1e;rssi=-56;uptime_s=588090;heap=152656;cal_tier=board-cal;cal_src=wet_rederive_1236_20260719;pressure_context_source=weather_openmeteo;transport=wifi_poll,
plants.soil,2026-07-28T09:34:19.648Z,2026-07-28 04:34:19.648,24404,2a89d4,8gtt1h,0.7.3,fleet_logger_0_1,588090035,UMLIFE_v2_TLC555,ch3,origplant,soil_moisture,1608,,,OK,,,983.9,,name=c5off1;level=OK;role=disp;spread=17;gpio=6;device_seq=78411;time_source=device_synced;device_timestamp_utc=2026-07-28T09:34:01.989Z;config_id=170b1c1e;rssi=-56;uptime_s=588090;heap=152656;cal_tier=board-cal;cal_src=wet_rederive_1236_20260719;pressure_context_source=weather_openmeteo;transport=wifi_poll,
plants.env,2026-07-28T09:34:19.648Z,2026-07-28 04:34:19.648,24405,2a89d4,8gtt1h,0.7.3,fleet_logger_0_1,588090719,ESP32,esp32_die,on_chip,die_temp,,23.70,degC,OK,,,,,name=c5off1;source=esp32_die;cal=uncalibrated_board_proxy;api=temperatureRead;config_id=170b1c1e;transport=wifi_poll,
plants.soil,2026-07-28T09:35:23.549Z,2026-07-28 04:35:23.549,24406,2a89d4,8gtt1h,0.7.3,fleet_logger_0_1,588150035,UMLIFE_v2_TLC555,ch0,origplant,soil_moisture,1232,,,OK,,,983.9,,name=c5off1;level=overwatered;role=disp;spread=8;gpio=1;device_seq=78416;time_source=device_synced;device_timestamp_utc=2026-07-28T09:35:01.989Z;config_id=170b1c1e;rssi=-57;uptime_s=588150;heap=152480;cal_tier=board-cal;cal_src=wet_rederive_1236_20260719;pressure_context_source=weather_openmeteo;transport=wifi_poll,
plants.soil,2026-07-28T09:35:23.549Z,2026-07-28 04:35:23.549,24407,2a89d4,8gtt1h,0.7.3,fleet_logger_0_1,588150035,UMLIFE_v2_TLC555,ch1,origplant,soil_moisture,1393,,,OK,,,983.9,,name=c5off1;level=well watered;role=disp;spread=19;gpio=4;device_seq=78417;time_source=device_synced;device_timestamp_utc=2026-07-28T09:35:01.989Z;config_id=170b1c1e;rssi=-57;uptime_s=588150;heap=152480;cal_tier=board-cal;cal_src=wet_rederive_1236_20260719;pressure_context_source=weather_openmeteo;transport=wifi_poll,
plants.soil,2026-07-28T09:35:23.549Z,2026-07-28 04:35:23.549,24408,2a89d4,8gtt1h,0.7.3,fleet_logger_0_1,588150035,UMLIFE_v2_TLC555,ch2,origplant,soil_moisture,1257,,,OK,,,983.9,,name=c5off1;level=overwatered;role=disp;spread=13;gpio=5;device_seq=78418;time_source=device_synced;device_timestamp_utc=2026-07-28T09:35:01.989Z;config_id=170b1c1e;rssi=-57;uptime_s=588150;heap=152480;cal_tier=board-cal;cal_src=wet_rederive_1236_20260719;pressure_context_source=weather_openmeteo;transport=wifi_poll,
plants.soil,2026-07-28T09:35:23.549Z,2026-07-28 04:35:23.549,24409,2a89d4,8gtt1h,0.7.3,fleet_logger_0_1,588150035,UMLIFE_v2_TLC555,ch3,origplant,soil_moisture,1610,,,OK,,,983.9,,name=c5off1;level=OK;role=disp;spread=25;gpio=6;device_seq=78419;time_source=device_synced;device_timestamp_utc=2026-07-28T09:35:01.989Z;config_id=170b1c1e;rssi=-57;uptime_s=588150;heap=152480;cal_tier=board-cal;cal_src=wet_rederive_1236_20260719;pressure_context_source=weather_openmeteo;transport=wifi_poll,
plants.env,2026-07-28T09:35:23.549Z,2026-07-28 04:35:23.549,24410,2a89d4,8gtt1h,0.7.3,fleet_logger_0_1,588150719,ESP32,esp32_die,on_chip,die_temp,,23.70,degC,OK,,,,,name=c5off1;source=esp32_die;cal=uncalibrated_board_proxy;api=temperatureRead;config_id=170b1c1e;transport=wifi_poll,
plants.soil,2026-07-28T09:35:54.266Z,2026-07-28 04:35:54.266,24411,2a89d4,8gtt1h,0.7.3,fleet_logger_0_1,588180035,UMLIFE_v2_TLC555,ch0,origplant,soil_moisture,1233,,,OK,,,983.9,,name=c5off1;level=overwatered;role=disp;spread=15;gpio=1;device_seq=78420;time_source=device_synced;device_timestamp_utc=2026-07-28T09:35:31.989Z;config_id=170b1c1e;rssi=-55;uptime_s=588180;heap=152660;cal_tier=board-cal;cal_src=wet_rederive_1236_20260719;pressure_context_source=weather_openmeteo;transport=wifi_poll,
plants.soil,2026-07-28T09:35:54.266Z,2026-07-28 04:35:54.266,24412,2a89d4,8gtt1h,0.7.3,fleet_logger_0_1,588180035,UMLIFE_v2_TLC555,ch1,origplant,soil_moisture,1396,,,OK,,,983.9,,name=c5off1;level=well watered;role=disp;spread=15;gpio=4;device_seq=78421;time_source=device_synced;device_timestamp_utc=2026-07-28T09:35:31.989Z;config_id=170b1c1e;rssi=-55;uptime_s=588180;heap=152660;cal_tier=board-cal;cal_src=wet_rederive_1236_20260719;pressure_context_source=weather_openmeteo;transport=wifi_poll,
plants.soil,2026-07-28T09:35:54.266Z,2026-07-28 04:35:54.266,24413,2a89d4,8gtt1h,0.7.3,fleet_logger_0_1,588180035,UMLIFE_v2_TLC555,ch2,origplant,soil_moisture,1259,,,OK,,,983.9,,name=c5off1;level=overwatered;role=disp;spread=25;gpio=5;device_seq=78422;time_source=device_synced;device_timestamp_utc=2026-07-28T09:35:31.989Z;config_id=170b1c1e;rssi=-55;uptime_s=588180;heap=152660;cal_tier=board-cal;cal_src=wet_rederive_1236_20260719;pressure_context_source=weather_openmeteo;transport=wifi_poll,
plants.soil,2026-07-28T09:35:54.266Z,2026-07-28 04:35:54.266,24414,2a89d4,8gtt1h,0.7.3,fleet_logger_0_1,588180035,UMLIFE_v2_TLC555,ch3,origplant,soil_moisture,1610,,,OK,,,983.9,,name=c5off1;level=OK;role=disp;spread=27;gpio=6;device_seq=78423;time_source=device_synced;device_timestamp_utc=2026-07-28T09:35:31.989Z;config_id=170b1c1e;rssi=-55;uptime_s=588180;heap=152660;cal_tier=board-cal;cal_src=wet_rederive_1236_20260719;pressure_context_source=weather_openmeteo;transport=wifi_poll,
plants.env,2026-07-28T09:35:54.266Z,2026-07-28 04:35:54.266,24415,2a89d4,8gtt1h,0.7.3,fleet_logger_0_1,588180719,ESP32,esp32_die,on_chip,die_temp,,23.70,degC,OK,,,,,name=c5off1;source=esp32_die;cal=uncalibrated_board_proxy;api=temperatureRead;config_id=170b1c1e;transport=wifi_poll,
plants.soil,2026-07-28T09:36:25.400Z,2026-07-28 04:36:25.400,24416,2a89d4,8gtt1h,0.7.3,fleet_logger_0_1,588210035,UMLIFE_v2_TLC555,ch0,origplant,soil_moisture,1230,,,OK,,,983.9,,name=c5off1;level=overwatered;role=disp;spread=7;gpio=1;device_seq=78424;time_source=device_synced;device_timestamp_utc=2026-07-28T09:36:01.989Z;config_id=170b1c1e;rssi=-57;uptime_s=588210;heap=152644;cal_tier=board-cal;cal_src=wet_rederive_1236_20260719;pressure_context_source=weather_openmeteo;transport=wifi_poll,
plants.soil,2026-07-28T09:36:25.400Z,2026-07-28 04:36:25.400,24417,2a89d4,8gtt1h,0.7.3,fleet_logger_0_1,588210035,UMLIFE_v2_TLC555,ch1,origplant,soil_moisture,1391,,,OK,,,983.9,,name=c5off1;level=well watered;role=disp;spread=24;gpio=4;device_seq=78425;time_source=device_synced;device_timestamp_utc=2026-07-28T09:36:01.989Z;config_id=170b1c1e;rssi=-57;uptime_s=588210;heap=152644;cal_tier=board-cal;cal_src=wet_rederive_1236_20260719;pressure_context_source=weather_openmeteo;transport=wifi_poll,
plants.soil,2026-07-28T09:36:25.400Z,2026-07-28 04:36:25.400,24418,2a89d4,8gtt1h,0.7.3,fleet_logger_0_1,588210035,UMLIFE_v2_TLC555,ch2,origplant,soil_moisture,1258,,,OK,,,983.9,,name=c5off1;level=overwatered;role=disp;spread=9;gpio=5;device_seq=78426;time_source=device_synced;device_timestamp_utc=2026-07-28T09:36:01.989Z;config_id=170b1c1e;rssi=-57;uptime_s=588210;heap=152644;cal_tier=board-cal;cal_src=wet_rederive_1236_20260719;pressure_context_source=weather_openmeteo;transport=wifi_poll,
plants.soil,2026-07-28T09:36:25.400Z,2026-07-28 04:36:25.400,24419,2a89d4,8gtt1h,0.7.3,fleet_logger_0_1,588210035,UMLIFE_v2_TLC555,ch3,origplant,soil_moisture,1607,,,OK,,,983.9,,name=c5off1;level=OK;role=disp;spread=27;gpio=6;device_seq=78427;time_source=device_synced;device_timestamp_utc=2026-07-28T09:36:01.989Z;config_id=170b1c1e;rssi=-57;uptime_s=588210;heap=152644;cal_tier=board-cal;cal_src=wet_rederive_1236_20260719;pressure_context_source=weather_openmeteo;transport=wifi_poll,
plants.env,2026-07-28T09:36:25.400Z,2026-07-28 04:36:25.400,24420,2a89d4,8gtt1h,0.7.3,fleet_logger_0_1,588210719,ESP32,esp32_die,on_chip,die_temp,,23.70,degC,OK,,,,,name=c5off1;source=esp32_die;cal=uncalibrated_board_proxy;api=temperatureRead;config_id=170b1c1e;transport=wifi_poll,
plants.soil,2026-07-28T09:36:55.809Z,2026-07-28 04:36:55.809,24421,2a89d4,8gtt1h,0.7.3,fleet_logger_0_1,588240035,UMLIFE_v2_TLC555,ch0,origplant,soil_moisture,1231,,,OK,,,983.9,,name=c5off1;level=overwatered;role=disp;spread=16;gpio=1;device_seq=78428;time_source=device_synced;device_timestamp_utc=2026-07-28T09:36:31.989Z;config_id=170b1c1e;rssi=-56;uptime_s=588240;heap=152912;cal_tier=board-cal;cal_src=wet_rederive_1236_20260719;pressure_context_source=weather_openmeteo;transport=wifi_poll,
plants.soil,2026-07-28T09:36:55.809Z,2026-07-28 04:36:55.809,24422,2a89d4,8gtt1h,0.7.3,fleet_logger_0_1,588240035,UMLIFE_v2_TLC555,ch1,origplant,soil_moisture,1392,,,OK,,,983.9,,name=c5off1;level=well watered;role=disp;spread=12;gpio=4;device_seq=78429;time_source=device_synced;device_timestamp_utc=2026-07-28T09:36:31.989Z;config_id=170b1c1e;rssi=-56;uptime_s=588240;heap=152912;cal_tier=board-cal;cal_src=wet_rederive_1236_20260719;pressure_context_source=weather_openmeteo;transport=wifi_poll,
plants.soil,2026-07-28T09:36:55.809Z,2026-07-28 04:36:55.809,24423,2a89d4,8gtt1h,0.7.3,fleet_logger_0_1,588240035,UMLIFE_v2_TLC555,ch2,origplant,soil_moisture,1260,,,OK,,,983.9,,name=c5off1;level=overwatered;role=disp;spread=19;gpio=5;device_seq=78430;time_source=device_synced;device_timestamp_utc=2026-07-28T09:36:31.989Z;config_id=170b1c1e;rssi=-56;uptime_s=588240;heap=152912;cal_tier=board-cal;cal_src=wet_rederive_1236_20260719;pressure_context_source=weather_openmeteo;transport=wifi_poll,
plants.soil,2026-07-28T09:36:55.809Z,2026-07-28 04:36:55.809,24424,2a89d4,8gtt1h,0.7.3,fleet_logger_0_1,588240035,UMLIFE_v2_TLC555,ch3,origplant,soil_moisture,1610,,,OK,,,983.9,,name=c5off1;level=OK;role=disp;spread=29;gpio=6;device_seq=78431;time_source=device_synced;device_timestamp_utc=2026-07-28T09:36:31.989Z;config_id=170b1c1e;rssi=-56;uptime_s=588240;heap=152912;cal_tier=board-cal;cal_src=wet_rederive_1236_20260719;pressure_context_source=weather_openmeteo;transport=wifi_poll,
plants.env,2026-07-28T09:36:55.809Z,2026-07-28 04:36:55.809,24425,2a89d4,8gtt1h,0.7.3,fleet_logger_0_1,588240719,ESP32,esp32_die,on_chip,die_temp,,24.70,degC,OK,,,,,name=c5off1;source=esp32_die;cal=uncalibrated_board_proxy;api=temperatureRead;config_id=170b1c1e;transport=wifi_poll,
plants.soil,2026-07-28T09:37:26.527Z,2026-07-28 04:37:26.527,24426,2a89d4,8gtt1h,0.7.3,fleet_logger_0_1,588270035,UMLIFE_v2_TLC555,ch0,origplant,soil_moisture,1227,,,OK,,,983.9,,name=c5off1;level=overwatered;role=disp;spread=15;gpio=1;device_seq=78432;time_source=device_synced;device_timestamp_utc=2026-07-28T09:37:01.989Z;config_id=170b1c1e;rssi=-57;uptime_s=588270;heap=152656;cal_tier=board-cal;cal_src=wet_rederive_1236_20260719;pressure_context_source=weather_openmeteo;transport=wifi_poll,
plants.soil,2026-07-28T09:37:26.527Z,2026-07-28 04:37:26.527,24427,2a89d4,8gtt1h,0.7.3,fleet_logger_0_1,588270035,UMLIFE_v2_TLC555,ch1,origplant,soil_moisture,1390,,,OK,,,983.9,,name=c5off1;level=well watered;role=disp;spread=22;gpio=4;device_seq=78433;time_source=device_synced;device_timestamp_utc=2026-07-28T09:37:01.989Z;config_id=170b1c1e;rssi=-57;uptime_s=588270;heap=152656;cal_tier=board-cal;cal_src=wet_rederive_1236_20260719;pressure_context_source=weather_openmeteo;transport=wifi_poll,
plants.soil,2026-07-28T09:37:26.527Z,2026-07-28 04:37:26.527,24428,2a89d4,8gtt1h,0.7.3,fleet_logger_0_1,588270035,UMLIFE_v2_TLC555,ch2,origplant,soil_moisture,1259,,,OK,,,983.9,,name=c5off1;level=overwatered;role=disp;spread=15;gpio=5;device_seq=78434;time_source=device_synced;device_timestamp_utc=2026-07-28T09:37:01.989Z;config_id=170b1c1e;rssi=-57;uptime_s=588270;heap=152656;cal_tier=board-cal;cal_src=wet_rederive_1236_20260719;pressure_context_source=weather_openmeteo;transport=wifi_poll,
plants.soil,2026-07-28T09:37:26.527Z,2026-07-28 04:37:26.527,24429,2a89d4,8gtt1h,0.7.3,fleet_logger_0_1,588270035,UMLIFE_v2_TLC555,ch3,origplant,soil_moisture,1610,,,OK,,,983.9,,name=c5off1;level=OK;role=disp;spread=26;gpio=6;device_seq=78435;time_source=device_synced;device_timestamp_utc=2026-07-28T09:37:01.989Z;config_id=170b1c1e;rssi=-57;uptime_s=588270;heap=152656;cal_tier=board-cal;cal_src=wet_rederive_1236_20260719;pressure_context_source=weather_openmeteo;transport=wifi_poll,
plants.env,2026-07-28T09:37:26.527Z,2026-07-28 04:37:26.527,24430,2a89d4,8gtt1h,0.7.3,fleet_logger_0_1,588270719,ESP32,esp32_die,on_chip,die_temp,,23.70,degC,OK,,,,,name=c5off1;source=esp32_die;cal=uncalibrated_board_proxy;api=temperatureRead;config_id=170b1c1e;transport=wifi_poll,
plants.soil,2026-07-28T09:37:56.966Z,2026-07-28 04:37:56.966,24431,2a89d4,8gtt1h,0.7.3,fleet_logger_0_1,588300035,UMLIFE_v2_TLC555,ch0,origplant,soil_moisture,1231,,,OK,,,983.9,,name=c5off1;level=overwatered;role=disp;spread=12;gpio=1;device_seq=78436;time_source=device_synced;device_timestamp_utc=2026-07-28T09:37:31.989Z;config_id=170b1c1e;rssi=-57;uptime_s=588300;heap=152648;cal_tier=board-cal;cal_src=wet_rederive_1236_20260719;pressure_context_source=weather_openmeteo;transport=wifi_poll,
plants.soil,2026-07-28T09:37:56.966Z,2026-07-28 04:37:56.966,24432,2a89d4,8gtt1h,0.7.3,fleet_logger_0_1,588300035,UMLIFE_v2_TLC555,ch1,origplant,soil_moisture,1392,,,OK,,,983.9,,name=c5off1;level=well watered;role=disp;spread=26;gpio=4;device_seq=78437;time_source=device_synced;device_timestamp_utc=2026-07-28T09:37:31.989Z;config_id=170b1c1e;rssi=-57;uptime_s=588300;heap=152648;cal_tier=board-cal;cal_src=wet_rederive_1236_20260719;pressure_context_source=weather_openmeteo;transport=wifi_poll,
plants.soil,2026-07-28T09:37:56.966Z,2026-07-28 04:37:56.966,24433,2a89d4,8gtt1h,0.7.3,fleet_logger_0_1,588300035,UMLIFE_v2_TLC555,ch2,origplant,soil_moisture,1258,,,OK,,,983.9,,name=c5off1;level=overwatered;role=disp;spread=11;gpio=5;device_seq=78438;time_source=device_synced;device_timestamp_utc=2026-07-28T09:37:31.989Z;config_id=170b1c1e;rssi=-57;uptime_s=588300;heap=152648;cal_tier=board-cal;cal_src=wet_rederive_1236_20260719;pressure_context_source=weather_openmeteo;transport=wifi_poll,
plants.soil,2026-07-28T09:37:56.966Z,2026-07-28 04:37:56.966,24434,2a89d4,8gtt1h,0.7.3,fleet_logger_0_1,588300035,UMLIFE_v2_TLC555,ch3,origplant,soil_moisture,1611,,,OK,,,983.9,,name=c5off1;level=OK;role=disp;spread=21;gpio=6;device_seq=78439;time_source=device_synced;device_timestamp_utc=2026-07-28T09:37:31.989Z;config_id=170b1c1e;rssi=-57;uptime_s=588300;heap=152648;cal_tier=board-cal;cal_src=wet_rederive_1236_20260719;pressure_context_source=weather_openmeteo;transport=wifi_poll,
plants.env,2026-07-28T09:37:56.966Z,2026-07-28 04:37:56.966,24435,2a89d4,8gtt1h,0.7.3,fleet_logger_0_1,588300719,ESP32,esp32_die,on_chip,die_temp,,23.70,degC,OK,,,,,name=c5off1;source=esp32_die;cal=uncalibrated_board_proxy;api=temperatureRead;config_id=170b1c1e;transport=wifi_poll,
plants.soil,2026-07-28T09:38:59.712Z,2026-07-28 04:38:59.712,24436,2a89d4,8gtt1h,0.7.3,fleet_logger_0_1,588360035,UMLIFE_v2_TLC555,ch0,origplant,soil_moisture,1222,,,OK,,,983.9,,name=c5off1;level=overwatered;role=disp;spread=13;gpio=1;device_seq=78444;time_source=device_synced;device_timestamp_utc=2026-07-28T09:38:31.989Z;config_id=170b1c1e;rssi=-57;uptime_s=588360;heap=152624;cal_tier=board-cal;cal_src=wet_rederive_1236_20260719;pressure_context_source=weather_openmeteo;transport=wifi_poll,
plants.soil,2026-07-28T09:38:59.712Z,2026-07-28 04:38:59.712,24437,2a89d4,8gtt1h,0.7.3,fleet_logger_0_1,588360035,UMLIFE_v2_TLC555,ch1,origplant,soil_moisture,1389,,,OK,,,983.9,,name=c5off1;level=well watered;role=disp;spread=16;gpio=4;device_seq=78445;time_source=device_synced;device_timestamp_utc=2026-07-28T09:38:31.989Z;config_id=170b1c1e;rssi=-57;uptime_s=588360;heap=152624;cal_tier=board-cal;cal_src=wet_rederive_1236_20260719;pressure_context_source=weather_openmeteo;transport=wifi_poll,
plants.soil,2026-07-28T09:38:59.712Z,2026-07-28 04:38:59.712,24438,2a89d4,8gtt1h,0.7.3,fleet_logger_0_1,588360035,UMLIFE_v2_TLC555,ch2,origplant,soil_moisture,1259,,,OK,,,983.9,,name=c5off1;level=overwatered;role=disp;spread=9;gpio=5;device_seq=78446;time_source=device_synced;device_timestamp_utc=2026-07-28T09:38:31.989Z;config_id=170b1c1e;rssi=-57;uptime_s=588360;heap=152624;cal_tier=board-cal;cal_src=wet_rederive_1236_20260719;pressure_context_source=weather_openmeteo;transport=wifi_poll,
plants.soil,2026-07-28T09:38:59.712Z,2026-07-28 04:38:59.712,24439,2a89d4,8gtt1h,0.7.3,fleet_logger_0_1,588360035,UMLIFE_v2_TLC555,ch3,origplant,soil_moisture,1608,,,OK,,,983.9,,name=c5off1;level=OK;role=disp;spread=14;gpio=6;device_seq=78447;time_source=device_synced;device_timestamp_utc=2026-07-28T09:38:31.989Z;config_id=170b1c1e;rssi=-57;uptime_s=588360;heap=152624;cal_tier=board-cal;cal_src=wet_rederive_1236_20260719;pressure_context_source=weather_openmeteo;transport=wifi_poll,
plants.env,2026-07-28T09:38:59.712Z,2026-07-28 04:38:59.712,24440,2a89d4,8gtt1h,0.7.3,fleet_logger_0_1,588360719,ESP32,esp32_die,on_chip,die_temp,,23.70,degC,OK,,,,,name=c5off1;source=esp32_die;cal=uncalibrated_board_proxy;api=temperatureRead;config_id=170b1c1e;transport=wifi_poll,
plants.soil,2026-07-28T09:39:30.329Z,2026-07-28 04:39:30.329,24441,2a89d4,8gtt1h,0.7.3,fleet_logger_0_1,588390035,UMLIFE_v2_TLC555,ch0,origplant,soil_moisture,1213,,,OK,,,983.9,,name=c5off1;level=overwatered;role=disp;spread=12;gpio=1;device_seq=78448;time_source=device_synced;device_timestamp_utc=2026-07-28T09:39:01.989Z;config_id=170b1c1e;rssi=-57;uptime_s=588390;heap=152660;cal_tier=board-cal;cal_src=wet_rederive_1236_20260719;pressure_context_source=weather_openmeteo;transport=wifi_poll,
plants.soil,2026-07-28T09:39:30.329Z,2026-07-28 04:39:30.329,24442,2a89d4,8gtt1h,0.7.3,fleet_logger_0_1,588390035,UMLIFE_v2_TLC555,ch1,origplant,soil_moisture,1384,,,OK,,,983.9,,name=c5off1;level=well watered;role=disp;spread=33;gpio=4;device_seq=78449;time_source=device_synced;device_timestamp_utc=2026-07-28T09:39:01.989Z;config_id=170b1c1e;rssi=-57;uptime_s=588390;heap=152660;cal_tier=board-cal;cal_src=wet_rederive_1236_20260719;pressure_context_source=weather_openmeteo;transport=wifi_poll,
plants.soil,2026-07-28T09:39:30.329Z,2026-07-28 04:39:30.329,24443,2a89d4,8gtt1h,0.7.3,fleet_logger_0_1,588390035,UMLIFE_v2_TLC555,ch2,origplant,soil_moisture,1259,,,OK,,,983.9,,name=c5off1;level=overwatered;role=disp;spread=20;gpio=5;device_seq=78450;time_source=device_synced;device_timestamp_utc=2026-07-28T09:39:01.989Z;config_id=170b1c1e;rssi=-57;uptime_s=588390;heap=152660;cal_tier=board-cal;cal_src=wet_rederive_1236_20260719;pressure_context_source=weather_openmeteo;transport=wifi_poll,
plants.soil,2026-07-28T09:39:30.329Z,2026-07-28 04:39:30.329,24444,2a89d4,8gtt1h,0.7.3,fleet_logger_0_1,588390035,UMLIFE_v2_TLC555,ch3,origplant,soil_moisture,1608,,,OK,,,983.9,,name=c5off1;level=OK;role=disp;spread=20;gpio=6;device_seq=78451;time_source=device_synced;device_timestamp_utc=2026-07-28T09:39:01.989Z;config_id=170b1c1e;rssi=-57;uptime_s=588390;heap=152660;cal_tier=board-cal;cal_src=wet_rederive_1236_20260719;pressure_context_source=weather_openmeteo;transport=wifi_poll,
plants.env,2026-07-28T09:39:30.329Z,2026-07-28 04:39:30.329,24445,2a89d4,8gtt1h,0.7.3,fleet_logger_0_1,588390719,ESP32,esp32_die,on_chip,die_temp,,23.70,degC,OK,,,,,name=c5off1;source=esp32_die;cal=uncalibrated_board_proxy;api=temperatureRead;config_id=170b1c1e;transport=wifi_poll,
plants.soil,2026-07-28T09:40:00.742Z,2026-07-28 04:40:00.742,24446,2a89d4,8gtt1h,0.7.3,fleet_logger_0_1,588420035,UMLIFE_v2_TLC555,ch0,origplant,soil_moisture,1216,,,OK,,,983.9,,name=c5off1;level=overwatered;role=disp;spread=28;gpio=1;device_seq=78452;time_source=device_synced;device_timestamp_utc=2026-07-28T09:39:31.989Z;config_id=170b1c1e;rssi=-58;uptime_s=588420;heap=152916;cal_tier=board-cal;cal_src=wet_rederive_1236_20260719;pressure_context_source=weather_openmeteo;transport=wifi_poll,
plants.soil,2026-07-28T09:40:00.742Z,2026-07-28 04:40:00.742,24447,2a89d4,8gtt1h,0.7.3,fleet_logger_0_1,588420035,UMLIFE_v2_TLC555,ch1,origplant,soil_moisture,1375,,,OK,,,983.9,,name=c5off1;level=well watered;role=disp;spread=23;gpio=4;device_seq=78453;time_source=device_synced;device_timestamp_utc=2026-07-28T09:39:31.989Z;config_id=170b1c1e;rssi=-58;uptime_s=588420;heap=152916;cal_tier=board-cal;cal_src=wet_rederive_1236_20260719;pressure_context_source=weather_openmeteo;transport=wifi_poll,
plants.soil,2026-07-28T09:40:00.742Z,2026-07-28 04:40:00.742,24448,2a89d4,8gtt1h,0.7.3,fleet_logger_0_1,588420035,UMLIFE_v2_TLC555,ch2,origplant,soil_moisture,1258,,,OK,,,983.9,,name=c5off1;level=overwatered;role=disp;spread=12;gpio=5;device_seq=78454;time_source=device_synced;device_timestamp_utc=2026-07-28T09:39:31.989Z;config_id=170b1c1e;rssi=-58;uptime_s=588420;heap=152916;cal_tier=board-cal;cal_src=wet_rederive_1236_20260719;pressure_context_source=weather_openmeteo;transport=wifi_poll,
plants.soil,2026-07-28T09:40:00.742Z,2026-07-28 04:40:00.742,24449,2a89d4,8gtt1h,0.7.3,fleet_logger_0_1,588420035,UMLIFE_v2_TLC555,ch3,origplant,soil_moisture,1598,,,OK,,,983.9,,name=c5off1;level=OK;role=disp;spread=13;gpio=6;device_seq=78455;time_source=device_synced;device_timestamp_utc=2026-07-28T09:39:31.989Z;config_id=170b1c1e;rssi=-58;uptime_s=588420;heap=152916;cal_tier=board-cal;cal_src=wet_rederive_1236_20260719;pressure_context_source=weather_openmeteo;transport=wifi_poll,
plants.env,2026-07-28T09:40:00.742Z,2026-07-28 04:40:00.742,24450,2a89d4,8gtt1h,0.7.3,fleet_logger_0_1,588420719,ESP32,esp32_die,on_chip,die_temp,,23.70,degC,OK,,,,,name=c5off1;source=esp32_die;cal=uncalibrated_board_proxy;api=temperatureRead;config_id=170b1c1e;transport=wifi_poll,
plants.soil,2026-07-28T09:40:32.552Z,2026-07-28 04:40:32.552,24451,2a89d4,8gtt1h,0.7.3,fleet_logger_0_1,588480035,UMLIFE_v2_TLC555,ch0,origplant,soil_moisture,1217,,,OK,,,983.9,,name=c5off1;level=overwatered;role=disp;spread=16;gpio=1;device_seq=78460;time_source=device_synced;device_timestamp_utc=2026-07-28T09:40:31.989Z;config_id=170b1c1e;rssi=-58;uptime_s=588480;heap=152852;cal_tier=board-cal;cal_src=wet_rederive_1236_20260719;pressure_context_source=weather_openmeteo;transport=wifi_poll,
plants.soil,2026-07-28T09:40:32.552Z,2026-07-28 04:40:32.552,24452,2a89d4,8gtt1h,0.7.3,fleet_logger_0_1,588480035,UMLIFE_v2_TLC555,ch1,origplant,soil_moisture,1375,,,OK,,,983.9,,name=c5off1;level=well watered;role=disp;spread=9;gpio=4;device_seq=78461;time_source=device_synced;device_timestamp_utc=2026-07-28T09:40:31.989Z;config_id=170b1c1e;rssi=-58;uptime_s=588480;heap=152852;cal_tier=board-cal;cal_src=wet_rederive_1236_20260719;pressure_context_source=weather_openmeteo;transport=wifi_poll,
plants.soil,2026-07-28T09:40:32.552Z,2026-07-28 04:40:32.552,24453,2a89d4,8gtt1h,0.7.3,fleet_logger_0_1,588480035,UMLIFE_v2_TLC555,ch2,origplant,soil_moisture,1258,,,OK,,,983.9,,name=c5off1;level=overwatered;role=disp;spread=18;gpio=5;device_seq=78462;time_source=device_synced;device_timestamp_utc=2026-07-28T09:40:31.989Z;config_id=170b1c1e;rssi=-58;uptime_s=588480;heap=152852;cal_tier=board-cal;cal_src=wet_rederive_1236_20260719;pressure_context_source=weather_openmeteo;transport=wifi_poll,
plants.soil,2026-07-28T09:40:32.552Z,2026-07-28 04:40:32.552,24454,2a89d4,8gtt1h,0.7.3,fleet_logger_0_1,588480035,UMLIFE_v2_TLC555,ch3,origplant,soil_moisture,1592,,,OK,,,983.9,,name=c5off1;level=OK;role=disp;spread=22;gpio=6;device_seq=78463;time_source=device_synced;device_timestamp_utc=2026-07-28T09:40:31.989Z;config_id=170b1c1e;rssi=-58;uptime_s=588480;heap=152852;cal_tier=board-cal;cal_src=wet_rederive_1236_20260719;pressure_context_source=weather_openmeteo;transport=wifi_poll,
plants.env,2026-07-28T09:40:32.552Z,2026-07-28 04:40:32.552,24455,2a89d4,8gtt1h,0.7.3,fleet_logger_0_1,588480719,ESP32,esp32_die,on_chip,die_temp,,23.70,degC,OK,,,,,name=c5off1;source=esp32_die;cal=uncalibrated_board_proxy;api=temperatureRead;config_id=170b1c1e;transport=wifi_poll,
plants.soil,2026-07-28T09:41:03.001Z,2026-07-28 04:41:03.001,24456,2a89d4,8gtt1h,0.7.3,fleet_logger_0_1,588510035,UMLIFE_v2_TLC555,ch0,origplant,soil_moisture,1221,,,OK,,,983.9,,name=c5off1;level=overwatered;role=disp;spread=21;gpio=1;device_seq=78464;time_source=device_synced;device_timestamp_utc=2026-07-28T09:41:01.989Z;config_id=170b1c1e;rssi=-57;uptime_s=588510;heap=152900;cal_tier=board-cal;cal_src=wet_rederive_1236_20260719;pressure_context_source=weather_openmeteo;transport=wifi_poll,
plants.soil,2026-07-28T09:41:03.001Z,2026-07-28 04:41:03.001,24457,2a89d4,8gtt1h,0.7.3,fleet_logger_0_1,588510035,UMLIFE_v2_TLC555,ch1,origplant,soil_moisture,1378,,,OK,,,983.9,,name=c5off1;level=well watered;role=disp;spread=21;gpio=4;device_seq=78465;time_source=device_synced;device_timestamp_utc=2026-07-28T09:41:01.989Z;config_id=170b1c1e;rssi=-57;uptime_s=588510;heap=152900;cal_tier=board-cal;cal_src=wet_rederive_1236_20260719;pressure_context_source=weather_openmeteo;transport=wifi_poll,
plants.soil,2026-07-28T09:41:03.001Z,2026-07-28 04:41:03.001,24458,2a89d4,8gtt1h,0.7.3,fleet_logger_0_1,588510035,UMLIFE_v2_TLC555,ch2,origplant,soil_moisture,1259,,,OK,,,983.9,,name=c5off1;level=overwatered;role=disp;spread=20;gpio=5;device_seq=78466;time_source=device_synced;device_timestamp_utc=2026-07-28T09:41:01.989Z;config_id=170b1c1e;rssi=-57;uptime_s=588510;heap=152900;cal_tier=board-cal;cal_src=wet_rederive_1236_20260719;pressure_context_source=weather_openmeteo;transport=wifi_poll,
plants.soil,2026-07-28T09:41:03.001Z,2026-07-28 04:41:03.001,24459,2a89d4,8gtt1h,0.7.3,fleet_logger_0_1,588510035,UMLIFE_v2_TLC555,ch3,origplant,soil_moisture,1592,,,OK,,,983.9,,name=c5off1;level=OK;role=disp;spread=14;gpio=6;device_seq=78467;time_source=device_synced;device_timestamp_utc=2026-07-28T09:41:01.989Z;config_id=170b1c1e;rssi=-57;uptime_s=588510;heap=152900;cal_tier=board-cal;cal_src=wet_rederive_1236_20260719;pressure_context_source=weather_openmeteo;transport=wifi_poll,
plants.env,2026-07-28T09:41:03.001Z,2026-07-28 04:41:03.001,24460,2a89d4,8gtt1h,0.7.3,fleet_logger_0_1,588510719,ESP32,esp32_die,on_chip,die_temp,,23.70,degC,OK,,,,,name=c5off1;source=esp32_die;cal=uncalibrated_board_proxy;api=temperatureRead;config_id=170b1c1e;transport=wifi_poll,
plants.soil,2026-07-28T09:41:33.414Z,2026-07-28 04:41:33.414,24461,2a89d4,8gtt1h,0.7.3,fleet_logger_0_1,588540035,UMLIFE_v2_TLC555,ch0,origplant,soil_moisture,1223,,,OK,,,983.9,,name=c5off1;level=overwatered;role=disp;spread=11;gpio=1;device_seq=78468;time_source=device_synced;device_timestamp_utc=2026-07-28T09:41:31.989Z;config_id=170b1c1e;rssi=-58;uptime_s=588540;heap=152636;cal_tier=board-cal;cal_src=wet_rederive_1236_20260719;pressure_context_source=weather_openmeteo;transport=wifi_poll,
plants.soil,2026-07-28T09:41:33.414Z,2026-07-28 04:41:33.414,24462,2a89d4,8gtt1h,0.7.3,fleet_logger_0_1,588540035,UMLIFE_v2_TLC555,ch1,origplant,soil_moisture,1379,,,OK,,,983.9,,name=c5off1;level=well watered;role=disp;spread=21;gpio=4;device_seq=78469;time_source=device_synced;device_timestamp_utc=2026-07-28T09:41:31.989Z;config_id=170b1c1e;rssi=-58;uptime_s=588540;heap=152636;cal_tier=board-cal;cal_src=wet_rederive_1236_20260719;pressure_context_source=weather_openmeteo;transport=wifi_poll,
plants.soil,2026-07-28T09:41:33.414Z,2026-07-28 04:41:33.414,24463,2a89d4,8gtt1h,0.7.3,fleet_logger_0_1,588540035,UMLIFE_v2_TLC555,ch2,origplant,soil_moisture,1259,,,OK,,,983.9,,name=c5off1;level=overwatered;role=disp;spread=18;gpio=5;device_seq=78470;time_source=device_synced;device_timestamp_utc=2026-07-28T09:41:31.989Z;config_id=170b1c1e;rssi=-58;uptime_s=588540;heap=152636;cal_tier=board-cal;cal_src=wet_rederive_1236_20260719;pressure_context_source=weather_openmeteo;transport=wifi_poll,
plants.soil,2026-07-28T09:41:33.414Z,2026-07-28 04:41:33.414,24464,2a89d4,8gtt1h,0.7.3,fleet_logger_0_1,588540035,UMLIFE_v2_TLC555,ch3,origplant,soil_moisture,1596,,,OK,,,983.9,,name=c5off1;level=OK;role=disp;spread=17;gpio=6;device_seq=78471;time_source=device_synced;device_timestamp_utc=2026-07-28T09:41:31.989Z;config_id=170b1c1e;rssi=-58;uptime_s=588540;heap=152636;cal_tier=board-cal;cal_src=wet_rederive_1236_20260719;pressure_context_source=weather_openmeteo;transport=wifi_poll,
plants.env,2026-07-28T09:41:33.414Z,2026-07-28 04:41:33.414,24465,2a89d4,8gtt1h,0.7.3,fleet_logger_0_1,588540719,ESP32,esp32_die,on_chip,die_temp,,23.70,degC,OK,,,,,name=c5off1;source=esp32_die;cal=uncalibrated_board_proxy;api=temperatureRead;config_id=170b1c1e;transport=wifi_poll,
plants.soil,2026-07-28T09:42:03.928Z,2026-07-28 04:42:03.928,24466,2a89d4,8gtt1h,0.7.3,fleet_logger_0_1,588570035,UMLIFE_v2_TLC555,ch0,origplant,soil_moisture,1232,,,OK,,,983.9,,name=c5off1;level=overwatered;role=disp;spread=21;gpio=1;device_seq=78472;time_source=device_synced;device_timestamp_utc=2026-07-28T09:42:01.989Z;config_id=170b1c1e;rssi=-54;uptime_s=588570;heap=152596;cal_tier=board-cal;cal_src=wet_rederive_1236_20260719;pressure_context_source=weather_openmeteo;transport=wifi_poll,
plants.soil,2026-07-28T09:42:03.928Z,2026-07-28 04:42:03.928,24467,2a89d4,8gtt1h,0.7.3,fleet_logger_0_1,588570035,UMLIFE_v2_TLC555,ch1,origplant,soil_moisture,1381,,,OK,,,983.9,,name=c5off1;level=well watered;role=disp;spread=24;gpio=4;device_seq=78473;time_source=device_synced;device_timestamp_utc=2026-07-28T09:42:01.989Z;config_id=170b1c1e;rssi=-54;uptime_s=588570;heap=152596;cal_tier=board-cal;cal_src=wet_rederive_1236_20260719;pressure_context_source=weather_openmeteo;transport=wifi_poll,
plants.soil,2026-07-28T09:42:03.928Z,2026-07-28 04:42:03.928,24468,2a89d4,8gtt1h,0.7.3,fleet_logger_0_1,588570035,UMLIFE_v2_TLC555,ch2,origplant,soil_moisture,1256,,,OK,,,983.9,,name=c5off1;level=overwatered;role=disp;spread=16;gpio=5;device_seq=78474;time_source=device_synced;device_timestamp_utc=2026-07-28T09:42:01.989Z;config_id=170b1c1e;rssi=-54;uptime_s=588570;heap=152596;cal_tier=board-cal;cal_src=wet_rederive_1236_20260719;pressure_context_source=weather_openmeteo;transport=wifi_poll,
plants.soil,2026-07-28T09:42:03.928Z,2026-07-28 04:42:03.928,24469,2a89d4,8gtt1h,0.7.3,fleet_logger_0_1,588570035,UMLIFE_v2_TLC555,ch3,origplant,soil_moisture,1594,,,OK,,,983.9,,name=c5off1;level=OK;role=disp;spread=19;gpio=6;device_seq=78475;time_source=device_synced;device_timestamp_utc=2026-07-28T09:42:01.989Z;config_id=170b1c1e;rssi=-54;uptime_s=588570;heap=152596;cal_tier=board-cal;cal_src=wet_rederive_1236_20260719;pressure_context_source=weather_openmeteo;transport=wifi_poll,
plants.env,2026-07-28T09:42:03.928Z,2026-07-28 04:42:03.928,24470,2a89d4,8gtt1h,0.7.3,fleet_logger_0_1,588570719,ESP32,esp32_die,on_chip,die_temp,,23.70,degC,OK,,,,,name=c5off1;source=esp32_die;cal=uncalibrated_board_proxy;api=temperatureRead;config_id=170b1c1e;transport=wifi_poll,
plants.soil,2026-07-28T09:42:34.342Z,2026-07-28 04:42:34.342,24471,2a89d4,8gtt1h,0.7.3,fleet_logger_0_1,588600035,UMLIFE_v2_TLC555,ch0,origplant,soil_moisture,1215,,,OK,,,983.9,,name=c5off1;level=overwatered;role=disp;spread=16;gpio=1;device_seq=78476;time_source=device_synced;device_timestamp_utc=2026-07-28T09:42:31.989Z;config_id=170b1c1e;rssi=-56;uptime_s=588600;heap=152596;cal_tier=board-cal;cal_src=wet_rederive_1236_20260719;pressure_context_source=weather_openmeteo;transport=wifi_poll,
plants.soil,2026-07-28T09:42:34.342Z,2026-07-28 04:42:34.342,24472,2a89d4,8gtt1h,0.7.3,fleet_logger_0_1,588600035,UMLIFE_v2_TLC555,ch1,origplant,soil_moisture,1383,,,OK,,,983.9,,name=c5off1;level=well watered;role=disp;spread=10;gpio=4;device_seq=78477;time_source=device_synced;device_timestamp_utc=2026-07-28T09:42:31.989Z;config_id=170b1c1e;rssi=-56;uptime_s=588600;heap=152596;cal_tier=board-cal;cal_src=wet_rederive_1236_20260719;pressure_context_source=weather_openmeteo;transport=wifi_poll,
plants.soil,2026-07-28T09:42:34.342Z,2026-07-28 04:42:34.342,24473,2a89d4,8gtt1h,0.7.3,fleet_logger_0_1,588600035,UMLIFE_v2_TLC555,ch2,origplant,soil_moisture,1257,,,OK,,,983.9,,name=c5off1;level=overwatered;role=disp;spread=9;gpio=5;device_seq=78478;time_source=device_synced;device_timestamp_utc=2026-07-28T09:42:31.989Z;config_id=170b1c1e;rssi=-56;uptime_s=588600;heap=152596;cal_tier=board-cal;cal_src=wet_rederive_1236_20260719;pressure_context_source=weather_openmeteo;transport=wifi_poll,
plants.soil,2026-07-28T09:42:34.342Z,2026-07-28 04:42:34.342,24474,2a89d4,8gtt1h,0.7.3,fleet_logger_0_1,588600035,UMLIFE_v2_TLC555,ch3,origplant,soil_moisture,1592,,,OK,,,983.9,,name=c5off1;level=OK;role=disp;spread=17;gpio=6;device_seq=78479;time_source=device_synced;device_timestamp_utc=2026-07-28T09:42:31.989Z;config_id=170b1c1e;rssi=-56;uptime_s=588600;heap=152596;cal_tier=board-cal;cal_src=wet_rederive_1236_20260719;pressure_context_source=weather_openmeteo;transport=wifi_poll,
plants.env,2026-07-28T09:42:34.342Z,2026-07-28 04:42:34.342,24475,2a89d4,8gtt1h,0.7.3,fleet_logger_0_1,588601819,ESP32,esp32_die,on_chip,die_temp,,23.70,degC,OK,,,,,name=c5off1;source=esp32_die;cal=uncalibrated_board_proxy;api=temperatureRead;config_id=170b1c1e;transport=wifi_poll,
plants.soil,2026-07-28T09:43:04.959Z,2026-07-28 04:43:04.959,24476,2a89d4,8gtt1h,0.7.3,fleet_logger_0_1,588630035,UMLIFE_v2_TLC555,ch0,origplant,soil_moisture,1233,,,OK,,,983.9,,name=c5off1;level=overwatered;role=disp;spread=13;gpio=1;device_seq=78480;time_source=device_synced;device_timestamp_utc=2026-07-28T09:43:01.989Z;config_id=170b1c1e;rssi=-56;uptime_s=588630;heap=152596;cal_tier=board-cal;cal_src=wet_rederive_1236_20260719;pressure_context_source=weather_openmeteo;transport=wifi_poll,
plants.soil,2026-07-28T09:43:04.959Z,2026-07-28 04:43:04.959,24477,2a89d4,8gtt1h,0.7.3,fleet_logger_0_1,588630035,UMLIFE_v2_TLC555,ch1,origplant,soil_moisture,1394,,,OK,,,983.9,,name=c5off1;level=well watered;role=disp;spread=16;gpio=4;device_seq=78481;time_source=device_synced;device_timestamp_utc=2026-07-28T09:43:01.989Z;config_id=170b1c1e;rssi=-56;uptime_s=588630;heap=152596;cal_tier=board-cal;cal_src=wet_rederive_1236_20260719;pressure_context_source=weather_openmeteo;transport=wifi_poll,
plants.soil,2026-07-28T09:43:04.959Z,2026-07-28 04:43:04.959,24478,2a89d4,8gtt1h,0.7.3,fleet_logger_0_1,588630035,UMLIFE_v2_TLC555,ch2,origplant,soil_moisture,1258,,,OK,,,983.9,,name=c5off1;level=overwatered;role=disp;spread=17;gpio=5;device_seq=78482;time_source=device_synced;device_timestamp_utc=2026-07-28T09:43:01.989Z;config_id=170b1c1e;rssi=-56;uptime_s=588630;heap=152596;cal_tier=board-cal;cal_src=wet_rederive_1236_20260719;pressure_context_source=weather_openmeteo;transport=wifi_poll,
plants.soil,2026-07-28T09:43:04.959Z,2026-07-28 04:43:04.959,24479,2a89d4,8gtt1h,0.7.3,fleet_logger_0_1,588630035,UMLIFE_v2_TLC555,ch3,origplant,soil_moisture,1599,,,OK,,,983.9,,name=c5off1;level=OK;role=disp;spread=20;gpio=6;device_seq=78483;time_source=device_synced;device_timestamp_utc=2026-07-28T09:43:01.989Z;config_id=170b1c1e;rssi=-56;uptime_s=588630;heap=152596;cal_tier=board-cal;cal_src=wet_rederive_1236_20260719;pressure_context_source=weather_openmeteo;transport=wifi_poll,
plants.env,2026-07-28T09:43:04.959Z,2026-07-28 04:43:04.959,24480,2a89d4,8gtt1h,0.7.3,fleet_logger_0_1,588630719,ESP32,esp32_die,on_chip,die_temp,,23.70,degC,OK,,,,,name=c5off1;source=esp32_die;cal=uncalibrated_board_proxy;api=temperatureRead;config_id=170b1c1e;transport=wifi_poll,
plants.soil,2026-07-28T09:43:35.475Z,2026-07-28 04:43:35.475,24481,2a89d4,8gtt1h,0.7.3,fleet_logger_0_1,588660035,UMLIFE_v2_TLC555,ch0,origplant,soil_moisture,1233,,,OK,,,983.9,,name=c5off1;level=overwatered;role=disp;spread=16;gpio=1;device_seq=78484;time_source=device_synced;device_timestamp_utc=2026-07-28T09:43:31.989Z;config_id=170b1c1e;rssi=-58;uptime_s=588660;heap=152612;cal_tier=board-cal;cal_src=wet_rederive_1236_20260719;pressure_context_source=weather_openmeteo;transport=wifi_poll,
plants.soil,2026-07-28T09:43:35.475Z,2026-07-28 04:43:35.475,24482,2a89d4,8gtt1h,0.7.3,fleet_logger_0_1,588660035,UMLIFE_v2_TLC555,ch1,origplant,soil_moisture,1392,,,OK,,,983.9,,name=c5off1;level=well watered;role=disp;spread=13;gpio=4;device_seq=78485;time_source=device_synced;device_timestamp_utc=2026-07-28T09:43:31.989Z;config_id=170b1c1e;rssi=-58;uptime_s=588660;heap=152612;cal_tier=board-cal;cal_src=wet_rederive_1236_20260719;pressure_context_source=weather_openmeteo;transport=wifi_poll,
plants.soil,2026-07-28T09:43:35.475Z,2026-07-28 04:43:35.475,24483,2a89d4,8gtt1h,0.7.3,fleet_logger_0_1,588660035,UMLIFE_v2_TLC555,ch2,origplant,soil_moisture,1259,,,OK,,,983.9,,name=c5off1;level=overwatered;role=disp;spread=20;gpio=5;device_seq=78486;time_source=device_synced;device_timestamp_utc=2026-07-28T09:43:31.989Z;config_id=170b1c1e;rssi=-58;uptime_s=588660;heap=152612;cal_tier=board-cal;cal_src=wet_rederive_1236_20260719;pressure_context_source=weather_openmeteo;transport=wifi_poll,
plants.soil,2026-07-28T09:43:35.475Z,2026-07-28 04:43:35.475,24484,2a89d4,8gtt1h,0.7.3,fleet_logger_0_1,588660035,UMLIFE_v2_TLC555,ch3,origplant,soil_moisture,1606,,,OK,,,983.9,,name=c5off1;level=OK;role=disp;spread=16;gpio=6;device_seq=78487;time_source=device_synced;device_timestamp_utc=2026-07-28T09:43:31.989Z;config_id=170b1c1e;rssi=-58;uptime_s=588660;heap=152612;cal_tier=board-cal;cal_src=wet_rederive_1236_20260719;pressure_context_source=weather_openmeteo;transport=wifi_poll,
plants.env,2026-07-28T09:43:35.475Z,2026-07-28 04:43:35.475,24485,2a89d4,8gtt1h,0.7.3,fleet_logger_0_1,588660719,ESP32,esp32_die,on_chip,die_temp,,23.70,degC,OK,,,,,name=c5off1;source=esp32_die;cal=uncalibrated_board_proxy;api=temperatureRead;config_id=170b1c1e;transport=wifi_poll,
plants.soil,2026-07-28T09:44:05.886Z,2026-07-28 04:44:05.886,24486,2a89d4,8gtt1h,0.7.3,fleet_logger_0_1,588690035,UMLIFE_v2_TLC555,ch0,origplant,soil_moisture,1233,,,OK,,,983.9,,name=c5off1;level=overwatered;role=disp;spread=23;gpio=1;device_seq=78488;time_source=device_synced;device_timestamp_utc=2026-07-28T09:44:01.989Z;config_id=170b1c1e;rssi=-56;uptime_s=588690;heap=152600;cal_tier=board-cal;cal_src=wet_rederive_1236_20260719;pressure_context_source=weather_openmeteo;transport=wifi_poll,
plants.soil,2026-07-28T09:44:05.886Z,2026-07-28 04:44:05.886,24487,2a89d4,8gtt1h,0.7.3,fleet_logger_0_1,588690035,UMLIFE_v2_TLC555,ch1,origplant,soil_moisture,1394,,,OK,,,983.9,,name=c5off1;level=well watered;role=disp;spread=13;gpio=4;device_seq=78489;time_source=device_synced;device_timestamp_utc=2026-07-28T09:44:01.989Z;config_id=170b1c1e;rssi=-56;uptime_s=588690;heap=152600;cal_tier=board-cal;cal_src=wet_rederive_1236_20260719;pressure_context_source=weather_openmeteo;transport=wifi_poll,
plants.soil,2026-07-28T09:44:05.886Z,2026-07-28 04:44:05.886,24488,2a89d4,8gtt1h,0.7.3,fleet_logger_0_1,588690035,UMLIFE_v2_TLC555,ch2,origplant,soil_moisture,1259,,,OK,,,983.9,,name=c5off1;level=overwatered;role=disp;spread=20;gpio=5;device_seq=78490;time_source=device_synced;device_timestamp_utc=2026-07-28T09:44:01.989Z;config_id=170b1c1e;rssi=-56;uptime_s=588690;heap=152600;cal_tier=board-cal;cal_src=wet_rederive_1236_20260719;pressure_context_source=weather_openmeteo;transport=wifi_poll,
plants.soil,2026-07-28T09:44:05.886Z,2026-07-28 04:44:05.886,24489,2a89d4,8gtt1h,0.7.3,fleet_logger_0_1,588690035,UMLIFE_v2_TLC555,ch3,origplant,soil_moisture,1610,,,OK,,,983.9,,name=c5off1;level=OK;role=disp;spread=22;gpio=6;device_seq=78491;time_source=device_synced;device_timestamp_utc=2026-07-28T09:44:01.989Z;config_id=170b1c1e;rssi=-56;uptime_s=588690;heap=152600;cal_tier=board-cal;cal_src=wet_rederive_1236_20260719;pressure_context_source=weather_openmeteo;transport=wifi_poll,
plants.env,2026-07-28T09:44:05.886Z,2026-07-28 04:44:05.886,24490,2a89d4,8gtt1h,0.7.3,fleet_logger_0_1,588690719,ESP32,esp32_die,on_chip,die_temp,,23.70,degC,OK,,,,,name=c5off1;source=esp32_die;cal=uncalibrated_board_proxy;api=temperatureRead;config_id=170b1c1e;transport=wifi_poll,
plants.soil,2026-07-28T09:44:36.299Z,2026-07-28 04:44:36.299,24491,2a89d4,8gtt1h,0.7.3,fleet_logger_0_1,588720035,UMLIFE_v2_TLC555,ch0,origplant,soil_moisture,1233,,,OK,,,983.9,,name=c5off1;level=overwatered;role=disp;spread=10;gpio=1;device_seq=78492;time_source=device_synced;device_timestamp_utc=2026-07-28T09:44:31.989Z;config_id=170b1c1e;rssi=-56;uptime_s=588720;heap=152344;cal_tier=board-cal;cal_src=wet_rederive_1236_20260719;pressure_context_source=weather_openmeteo;transport=wifi_poll,
plants.soil,2026-07-28T09:44:36.299Z,2026-07-28 04:44:36.299,24492,2a89d4,8gtt1h,0.7.3,fleet_logger_0_1,588720035,UMLIFE_v2_TLC555,ch1,origplant,soil_moisture,1395,,,OK,,,983.9,,name=c5off1;level=well watered;role=disp;spread=21;gpio=4;device_seq=78493;time_source=device_synced;device_timestamp_utc=2026-07-28T09:44:31.989Z;config_id=170b1c1e;rssi=-56;uptime_s=588720;heap=152344;cal_tier=board-cal;cal_src=wet_rederive_1236_20260719;pressure_context_source=weather_openmeteo;transport=wifi_poll,
plants.soil,2026-07-28T09:44:36.299Z,2026-07-28 04:44:36.299,24493,2a89d4,8gtt1h,0.7.3,fleet_logger_0_1,588720035,UMLIFE_v2_TLC555,ch2,origplant,soil_moisture,1257,,,OK,,,983.9,,name=c5off1;level=overwatered;role=disp;spread=12;gpio=5;device_seq=78494;time_source=device_synced;device_timestamp_utc=2026-07-28T09:44:31.989Z;config_id=170b1c1e;rssi=-56;uptime_s=588720;heap=152344;cal_tier=board-cal;cal_src=wet_rederive_1236_20260719;pressure_context_source=weather_openmeteo;transport=wifi_poll,
plants.soil,2026-07-28T09:44:36.299Z,2026-07-28 04:44:36.299,24494,2a89d4,8gtt1h,0.7.3,fleet_logger_0_1,588720035,UMLIFE_v2_TLC555,ch3,origplant,soil_moisture,1610,,,OK,,,983.9,,name=c5off1;level=OK;role=disp;spread=26;gpio=6;device_seq=78495;time_source=device_synced;device_timestamp_utc=2026-07-28T09:44:31.989Z;config_id=170b1c1e;rssi=-56;uptime_s=588720;heap=152344;cal_tier=board-cal;cal_src=wet_rederive_1236_20260719;pressure_context_source=weather_openmeteo;transport=wifi_poll,
plants.env,2026-07-28T09:44:36.299Z,2026-07-28 04:44:36.299,24495,2a89d4,8gtt1h,0.7.3,fleet_logger_0_1,588720720,ESP32,esp32_die,on_chip,die_temp,,23.70,degC,OK,,,,,name=c5off1;source=esp32_die;cal=uncalibrated_board_proxy;api=temperatureRead;config_id=170b1c1e;transport=wifi_poll,
plants.soil,2026-07-28T09:45:08.418Z,2026-07-28 04:45:08.418,24496,2a89d4,8gtt1h,0.7.3,fleet_logger_0_1,588750035,UMLIFE_v2_TLC555,ch0,origplant,soil_moisture,1233,,,OK,,,983.9,,name=c5off1;level=overwatered;role=disp;spread=20;gpio=1;device_seq=78496;time_source=device_synced;device_timestamp_utc=2026-07-28T09:45:01.989Z;config_id=170b1c1e;rssi=-58;uptime_s=588750;heap=152392;cal_tier=board-cal;cal_src=wet_rederive_1236_20260719;pressure_context_source=weather_openmeteo;transport=wifi_poll,
plants.soil,2026-07-28T09:45:08.418Z,2026-07-28 04:45:08.418,24497,2a89d4,8gtt1h,0.7.3,fleet_logger_0_1,588750035,UMLIFE_v2_TLC555,ch1,origplant,soil_moisture,1391,,,OK,,,983.9,,name=c5off1;level=well watered;role=disp;spread=21;gpio=4;device_seq=78497;time_source=device_synced;device_timestamp_utc=2026-07-28T09:45:01.989Z;config_id=170b1c1e;rssi=-58;uptime_s=588750;heap=152392;cal_tier=board-cal;cal_src=wet_rederive_1236_20260719;pressure_context_source=weather_openmeteo;transport=wifi_poll,
plants.soil,2026-07-28T09:45:08.418Z,2026-07-28 04:45:08.418,24498,2a89d4,8gtt1h,0.7.3,fleet_logger_0_1,588750035,UMLIFE_v2_TLC555,ch2,origplant,soil_moisture,1260,,,OK,,,983.9,,name=c5off1;level=overwatered;role=disp;spread=7;gpio=5;device_seq=78498;time_source=device_synced;device_timestamp_utc=2026-07-28T09:45:01.989Z;config_id=170b1c1e;rssi=-58;uptime_s=588750;heap=152392;cal_tier=board-cal;cal_src=wet_rederive_1236_20260719;pressure_context_source=weather_openmeteo;transport=wifi_poll,
plants.soil,2026-07-28T09:45:08.418Z,2026-07-28 04:45:08.418,24499,2a89d4,8gtt1h,0.7.3,fleet_logger_0_1,588750035,UMLIFE_v2_TLC555,ch3,origplant,soil_moisture,1611,,,OK,,,983.9,,name=c5off1;level=OK;role=disp;spread=14;gpio=6;device_seq=78499;time_source=device_synced;device_timestamp_utc=2026-07-28T09:45:01.989Z;config_id=170b1c1e;rssi=-58;uptime_s=588750;heap=152392;cal_tier=board-cal;cal_src=wet_rederive_1236_20260719;pressure_context_source=weather_openmeteo;transport=wifi_poll,
plants.env,2026-07-28T09:45:08.418Z,2026-07-28 04:45:08.418,24500,2a89d4,8gtt1h,0.7.3,fleet_logger_0_1,588750720,ESP32,esp32_die,on_chip,die_temp,,23.70,degC,OK,,,,,name=c5off1;source=esp32_die;cal=uncalibrated_board_proxy;api=temperatureRead;config_id=170b1c1e;transport=wifi_poll,
plants.soil,2026-07-28T09:45:38.764Z,2026-07-28 04:45:38.764,24501,2a89d4,8gtt1h,0.7.3,fleet_logger_0_1,588780035,UMLIFE_v2_TLC555,ch0,origplant,soil_moisture,1235,,,OK,,,983.9,,name=c5off1;level=overwatered;role=disp;spread=13;gpio=1;device_seq=78500;time_source=device_synced;device_timestamp_utc=2026-07-28T09:45:31.989Z;config_id=170b1c1e;rssi=-56;uptime_s=588780;heap=152656;cal_tier=board-cal;cal_src=wet_rederive_1236_20260719;pressure_context_source=weather_openmeteo;transport=wifi_poll,
plants.soil,2026-07-28T09:45:38.764Z,2026-07-28 04:45:38.764,24502,2a89d4,8gtt1h,0.7.3,fleet_logger_0_1,588780035,UMLIFE_v2_TLC555,ch1,origplant,soil_moisture,1393,,,OK,,,983.9,,name=c5off1;level=well watered;role=disp;spread=15;gpio=4;device_seq=78501;time_source=device_synced;device_timestamp_utc=2026-07-28T09:45:31.989Z;config_id=170b1c1e;rssi=-56;uptime_s=588780;heap=152656;cal_tier=board-cal;cal_src=wet_rederive_1236_20260719;pressure_context_source=weather_openmeteo;transport=wifi_poll,
plants.soil,2026-07-28T09:45:38.764Z,2026-07-28 04:45:38.764,24503,2a89d4,8gtt1h,0.7.3,fleet_logger_0_1,588780035,UMLIFE_v2_TLC555,ch2,origplant,soil_moisture,1261,,,OK,,,983.9,,name=c5off1;level=overwatered;role=disp;spread=15;gpio=5;device_seq=78502;time_source=device_synced;device_timestamp_utc=2026-07-28T09:45:31.989Z;config_id=170b1c1e;rssi=-56;uptime_s=588780;heap=152656;cal_tier=board-cal;cal_src=wet_rederive_1236_20260719;pressure_context_source=weather_openmeteo;transport=wifi_poll,
plants.soil,2026-07-28T09:45:38.764Z,2026-07-28 04:45:38.764,24504,2a89d4,8gtt1h,0.7.3,fleet_logger_0_1,588780035,UMLIFE_v2_TLC555,ch3,origplant,soil_moisture,1611,,,OK,,,983.9,,name=c5off1;level=OK;role=disp;spread=29;gpio=6;device_seq=78503;time_source=device_synced;device_timestamp_utc=2026-07-28T09:45:31.989Z;config_id=170b1c1e;rssi=-56;uptime_s=588780;heap=152656;cal_tier=board-cal;cal_src=wet_rederive_1236_20260719;pressure_context_source=weather_openmeteo;transport=wifi_poll,
plants.env,2026-07-28T09:45:38.764Z,2026-07-28 04:45:38.764,24505,2a89d4,8gtt1h,0.7.3,fleet_logger_0_1,588780719,ESP32,esp32_die,on_chip,die_temp,,23.70,degC,OK,,,,,name=c5off1;source=esp32_die;cal=uncalibrated_board_proxy;api=temperatureRead;config_id=170b1c1e;transport=wifi_poll,
plants.soil,2026-07-28T09:46:09.278Z,2026-07-28 04:46:09.278,24506,2a89d4,8gtt1h,0.7.3,fleet_logger_0_1,588810035,UMLIFE_v2_TLC555,ch0,origplant,soil_moisture,1232,,,OK,,,983.9,,name=c5off1;level=overwatered;role=disp;spread=9;gpio=1;device_seq=78504;time_source=device_synced;device_timestamp_utc=2026-07-28T09:46:01.989Z;config_id=170b1c1e;rssi=-56;uptime_s=588810;heap=152656;cal_tier=board-cal;cal_src=wet_rederive_1236_20260719;pressure_context_source=weather_openmeteo;transport=wifi_poll,
plants.soil,2026-07-28T09:46:09.278Z,2026-07-28 04:46:09.278,24507,2a89d4,8gtt1h,0.7.3,fleet_logger_0_1,588810035,UMLIFE_v2_TLC555,ch1,origplant,soil_moisture,1392,,,OK,,,983.9,,name=c5off1;level=well watered;role=disp;spread=21;gpio=4;device_seq=78505;time_source=device_synced;device_timestamp_utc=2026-07-28T09:46:01.989Z;config_id=170b1c1e;rssi=-56;uptime_s=588810;heap=152656;cal_tier=board-cal;cal_src=wet_rederive_1236_20260719;pressure_context_source=weather_openmeteo;transport=wifi_poll,
plants.soil,2026-07-28T09:46:09.278Z,2026-07-28 04:46:09.278,24508,2a89d4,8gtt1h,0.7.3,fleet_logger_0_1,588810035,UMLIFE_v2_TLC555,ch2,origplant,soil_moisture,1258,,,OK,,,983.9,,name=c5off1;level=overwatered;role=disp;spread=16;gpio=5;device_seq=78506;time_source=device_synced;device_timestamp_utc=2026-07-28T09:46:01.989Z;config_id=170b1c1e;rssi=-56;uptime_s=588810;heap=152656;cal_tier=board-cal;cal_src=wet_rederive_1236_20260719;pressure_context_source=weather_openmeteo;transport=wifi_poll,
plants.soil,2026-07-28T09:46:09.278Z,2026-07-28 04:46:09.278,24509,2a89d4,8gtt1h,0.7.3,fleet_logger_0_1,588810035,UMLIFE_v2_TLC555,ch3,origplant,soil_moisture,1609,,,OK,,,983.9,,name=c5off1;level=OK;role=disp;spread=23;gpio=6;device_seq=78507;time_source=device_synced;device_timestamp_utc=2026-07-28T09:46:01.989Z;config_id=170b1c1e;rssi=-56;uptime_s=588810;heap=152656;cal_tier=board-cal;cal_src=wet_rederive_1236_20260719;pressure_context_source=weather_openmeteo;transport=wifi_poll,
plants.env,2026-07-28T09:46:09.278Z,2026-07-28 04:46:09.278,24510,2a89d4,8gtt1h,0.7.3,fleet_logger_0_1,588810719,ESP32,esp32_die,on_chip,die_temp,,23.70,degC,OK,,,,,name=c5off1;source=esp32_die;cal=uncalibrated_board_proxy;api=temperatureRead;config_id=170b1c1e;transport=wifi_poll,
plants.soil,2026-07-28T09:46:39.720Z,2026-07-28 04:46:39.720,24511,2a89d4,8gtt1h,0.7.3,fleet_logger_0_1,588840035,UMLIFE_v2_TLC555,ch0,origplant,soil_moisture,1214,,,OK,,,983.9,,name=c5off1;level=overwatered;role=disp;spread=28;gpio=1;device_seq=78508;time_source=device_synced;device_timestamp_utc=2026-07-28T09:46:31.989Z;config_id=170b1c1e;rssi=-54;uptime_s=588840;heap=152644;cal_tier=board-cal;cal_src=wet_rederive_1236_20260719;pressure_context_source=weather_openmeteo;transport=wifi_poll,
plants.soil,2026-07-28T09:46:39.720Z,2026-07-28 04:46:39.720,24512,2a89d4,8gtt1h,0.7.3,fleet_logger_0_1,588840035,UMLIFE_v2_TLC555,ch1,origplant,soil_moisture,1374,,,OK,,,983.9,,name=c5off1;level=well watered;role=disp;spread=24;gpio=4;device_seq=78509;time_source=device_synced;device_timestamp_utc=2026-07-28T09:46:31.989Z;config_id=170b1c1e;rssi=-54;uptime_s=588840;heap=152644;cal_tier=board-cal;cal_src=wet_rederive_1236_20260719;pressure_context_source=weather_openmeteo;transport=wifi_poll,
plants.soil,2026-07-28T09:46:39.720Z,2026-07-28 04:46:39.720,24513,2a89d4,8gtt1h,0.7.3,fleet_logger_0_1,588840035,UMLIFE_v2_TLC555,ch2,origplant,soil_moisture,1257,,,OK,,,983.9,,name=c5off1;level=overwatered;role=disp;spread=13;gpio=5;device_seq=78510;time_source=device_synced;device_timestamp_utc=2026-07-28T09:46:31.989Z;config_id=170b1c1e;rssi=-54;uptime_s=588840;heap=152644;cal_tier=board-cal;cal_src=wet_rederive_1236_20260719;pressure_context_source=weather_openmeteo;transport=wifi_poll,
plants.soil,2026-07-28T09:46:39.720Z,2026-07-28 04:46:39.720,24514,2a89d4,8gtt1h,0.7.3,fleet_logger_0_1,588840035,UMLIFE_v2_TLC555,ch3,origplant,soil_moisture,1591,,,OK,,,983.9,,name=c5off1;level=OK;role=disp;spread=30;gpio=6;device_seq=78511;time_source=device_synced;device_timestamp_utc=2026-07-28T09:46:31.989Z;config_id=170b1c1e;rssi=-54;uptime_s=588840;heap=152644;cal_tier=board-cal;cal_src=wet_rederive_1236_20260719;pressure_context_source=weather_openmeteo;transport=wifi_poll,
plants.env,2026-07-28T09:46:39.720Z,2026-07-28 04:46:39.720,24515,2a89d4,8gtt1h,0.7.3,fleet_logger_0_1,588840719,ESP32,esp32_die,on_chip,die_temp,,23.70,degC,OK,,,,,name=c5off1;source=esp32_die;cal=uncalibrated_board_proxy;api=temperatureRead;config_id=170b1c1e;transport=wifi_poll,
plants.soil,2026-07-28T09:47:10.163Z,2026-07-28 04:47:10.163,24516,2a89d4,8gtt1h,0.7.3,fleet_logger_0_1,588870035,UMLIFE_v2_TLC555,ch0,origplant,soil_moisture,1233,,,OK,,,983.9,,name=c5off1;level=overwatered;role=disp;spread=14;gpio=1;device_seq=78512;time_source=device_synced;device_timestamp_utc=2026-07-28T09:47:01.989Z;config_id=170b1c1e;rssi=-56;uptime_s=588870;heap=152632;cal_tier=board-cal;cal_src=wet_rederive_1236_20260719;pressure_context_source=weather_openmeteo;transport=wifi_poll,
plants.soil,2026-07-28T09:47:10.163Z,2026-07-28 04:47:10.163,24517,2a89d4,8gtt1h,0.7.3,fleet_logger_0_1,588870035,UMLIFE_v2_TLC555,ch1,origplant,soil_moisture,1396,,,OK,,,983.9,,name=c5off1;level=well watered;role=disp;spread=15;gpio=4;device_seq=78513;time_source=device_synced;device_timestamp_utc=2026-07-28T09:47:01.989Z;config_id=170b1c1e;rssi=-56;uptime_s=588870;heap=152632;cal_tier=board-cal;cal_src=wet_rederive_1236_20260719;pressure_context_source=weather_openmeteo;transport=wifi_poll,
plants.soil,2026-07-28T09:47:10.163Z,2026-07-28 04:47:10.163,24518,2a89d4,8gtt1h,0.7.3,fleet_logger_0_1,588870035,UMLIFE_v2_TLC555,ch2,origplant,soil_moisture,1260,,,OK,,,983.9,,name=c5off1;level=overwatered;role=disp;spread=20;gpio=5;device_seq=78514;time_source=device_synced;device_timestamp_utc=2026-07-28T09:47:01.989Z;config_id=170b1c1e;rssi=-56;uptime_s=588870;heap=152632;cal_tier=board-cal;cal_src=wet_rederive_1236_20260719;pressure_context_source=weather_openmeteo;transport=wifi_poll,
plants.soil,2026-07-28T09:47:10.163Z,2026-07-28 04:47:10.163,24519,2a89d4,8gtt1h,0.7.3,fleet_logger_0_1,588870035,UMLIFE_v2_TLC555,ch3,origplant,soil_moisture,1610,,,OK,,,983.9,,name=c5off1;level=OK;role=disp;spread=26;gpio=6;device_seq=78515;time_source=device_synced;device_timestamp_utc=2026-07-28T09:47:01.989Z;config_id=170b1c1e;rssi=-56;uptime_s=588870;heap=152632;cal_tier=board-cal;cal_src=wet_rederive_1236_20260719;pressure_context_source=weather_openmeteo;transport=wifi_poll,
plants.env,2026-07-28T09:47:10.163Z,2026-07-28 04:47:10.163,24520,2a89d4,8gtt1h,0.7.3,fleet_logger_0_1,588870719,ESP32,esp32_die,on_chip,die_temp,,23.70,degC,OK,,,,,name=c5off1;source=esp32_die;cal=uncalibrated_board_proxy;api=temperatureRead;config_id=170b1c1e;transport=wifi_poll,
plants.soil,2026-07-28T09:47:40.619Z,2026-07-28 04:47:40.619,24521,2a89d4,8gtt1h,0.7.3,fleet_logger_0_1,588900035,UMLIFE_v2_TLC555,ch0,origplant,soil_moisture,1228,,,OK,,,983.9,,name=c5off1;level=overwatered;role=disp;spread=15;gpio=1;device_seq=78516;time_source=device_synced;device_timestamp_utc=2026-07-28T09:47:31.989Z;config_id=170b1c1e;rssi=-55;uptime_s=588900;heap=152376;cal_tier=board-cal;cal_src=wet_rederive_1236_20260719;pressure_context_source=weather_openmeteo;transport=wifi_poll,
plants.soil,2026-07-28T09:47:40.619Z,2026-07-28 04:47:40.619,24522,2a89d4,8gtt1h,0.7.3,fleet_logger_0_1,588900035,UMLIFE_v2_TLC555,ch1,origplant,soil_moisture,1390,,,OK,,,983.9,,name=c5off1;level=well watered;role=disp;spread=19;gpio=4;device_seq=78517;time_source=device_synced;device_timestamp_utc=2026-07-28T09:47:31.989Z;config_id=170b1c1e;rssi=-55;uptime_s=588900;heap=152376;cal_tier=board-cal;cal_src=wet_rederive_1236_20260719;pressure_context_source=weather_openmeteo;transport=wifi_poll,
plants.soil,2026-07-28T09:47:40.619Z,2026-07-28 04:47:40.619,24523,2a89d4,8gtt1h,0.7.3,fleet_logger_0_1,588900035,UMLIFE_v2_TLC555,ch2,origplant,soil_moisture,1258,,,OK,,,983.9,,name=c5off1;level=overwatered;role=disp;spread=14;gpio=5;device_seq=78518;time_source=device_synced;device_timestamp_utc=2026-07-28T09:47:31.989Z;config_id=170b1c1e;rssi=-55;uptime_s=588900;heap=152376;cal_tier=board-cal;cal_src=wet_rederive_1236_20260719;pressure_context_source=weather_openmeteo;transport=wifi_poll,
plants.soil,2026-07-28T09:47:40.619Z,2026-07-28 04:47:40.619,24524,2a89d4,8gtt1h,0.7.3,fleet_logger_0_1,588900035,UMLIFE_v2_TLC555,ch3,origplant,soil_moisture,1610,,,OK,,,983.9,,name=c5off1;level=OK;role=disp;spread=16;gpio=6;device_seq=78519;time_source=device_synced;device_timestamp_utc=2026-07-28T09:47:31.989Z;config_id=170b1c1e;rssi=-55;uptime_s=588900;heap=152376;cal_tier=board-cal;cal_src=wet_rederive_1236_20260719;pressure_context_source=weather_openmeteo;transport=wifi_poll,
plants.env,2026-07-28T09:47:40.619Z,2026-07-28 04:47:40.619,24525,2a89d4,8gtt1h,0.7.3,fleet_logger_0_1,588900720,ESP32,esp32_die,on_chip,die_temp,,23.70,degC,OK,,,,,name=c5off1;source=esp32_die;cal=uncalibrated_board_proxy;api=temperatureRead;config_id=170b1c1e;transport=wifi_poll,
plants.soil,2026-07-28T09:48:11.034Z,2026-07-28 04:48:11.034,24526,2a89d4,8gtt1h,0.7.3,fleet_logger_0_1,588930035,UMLIFE_v2_TLC555,ch0,origplant,soil_moisture,1233,,,OK,,,983.9,,name=c5off1;level=overwatered;role=disp;spread=16;gpio=1;device_seq=78520;time_source=device_synced;device_timestamp_utc=2026-07-28T09:48:01.989Z;config_id=170b1c1e;rssi=-57;uptime_s=588930;heap=152388;cal_tier=board-cal;cal_src=wet_rederive_1236_20260719;pressure_context_source=weather_openmeteo;transport=wifi_poll,
plants.soil,2026-07-28T09:48:11.034Z,2026-07-28 04:48:11.034,24527,2a89d4,8gtt1h,0.7.3,fleet_logger_0_1,588930035,UMLIFE_v2_TLC555,ch1,origplant,soil_moisture,1394,,,OK,,,983.9,,name=c5off1;level=well watered;role=disp;spread=26;gpio=4;device_seq=78521;time_source=device_synced;device_timestamp_utc=2026-07-28T09:48:01.989Z;config_id=170b1c1e;rssi=-57;uptime_s=588930;heap=152388;cal_tier=board-cal;cal_src=wet_rederive_1236_20260719;pressure_context_source=weather_openmeteo;transport=wifi_poll,
plants.soil,2026-07-28T09:48:11.034Z,2026-07-28 04:48:11.034,24528,2a89d4,8gtt1h,0.7.3,fleet_logger_0_1,588930035,UMLIFE_v2_TLC555,ch2,origplant,soil_moisture,1260,,,OK,,,983.9,,name=c5off1;level=overwatered;role=disp;spread=14;gpio=5;device_seq=78522;time_source=device_synced;device_timestamp_utc=2026-07-28T09:48:01.989Z;config_id=170b1c1e;rssi=-57;uptime_s=588930;heap=152388;cal_tier=board-cal;cal_src=wet_rederive_1236_20260719;pressure_context_source=weather_openmeteo;transport=wifi_poll,
plants.soil,2026-07-28T09:48:11.034Z,2026-07-28 04:48:11.034,24529,2a89d4,8gtt1h,0.7.3,fleet_logger_0_1,588930035,UMLIFE_v2_TLC555,ch3,origplant,soil_moisture,1609,,,OK,,,983.9,,name=c5off1;level=OK;role=disp;spread=13;gpio=6;device_seq=78523;time_source=device_synced;device_timestamp_utc=2026-07-28T09:48:01.989Z;config_id=170b1c1e;rssi=-57;uptime_s=588930;heap=152388;cal_tier=board-cal;cal_src=wet_rederive_1236_20260719;pressure_context_source=weather_openmeteo;transport=wifi_poll,
plants.env,2026-07-28T09:48:11.034Z,2026-07-28 04:48:11.034,24530,2a89d4,8gtt1h,0.7.3,fleet_logger_0_1,588930719,ESP32,esp32_die,on_chip,die_temp,,23.70,degC,OK,,,,,name=c5off1;source=esp32_die;cal=uncalibrated_board_proxy;api=temperatureRead;config_id=170b1c1e;transport=wifi_poll,
plants.soil,2026-07-28T09:48:41.440Z,2026-07-28 04:48:41.440,24531,2a89d4,8gtt1h,0.7.3,fleet_logger_0_1,588960035,UMLIFE_v2_TLC555,ch0,origplant,soil_moisture,1231,,,OK,,,983.9,,name=c5off1;level=overwatered;role=disp;spread=19;gpio=1;device_seq=78524;time_source=device_synced;device_timestamp_utc=2026-07-28T09:48:31.989Z;config_id=170b1c1e;rssi=-56;uptime_s=588960;heap=152632;cal_tier=board-cal;cal_src=wet_rederive_1236_20260719;pressure_context_source=weather_openmeteo;transport=wifi_poll,
plants.soil,2026-07-28T09:48:41.440Z,2026-07-28 04:48:41.440,24532,2a89d4,8gtt1h,0.7.3,fleet_logger_0_1,588960035,UMLIFE_v2_TLC555,ch1,origplant,soil_moisture,1394,,,OK,,,983.9,,name=c5off1;level=well watered;role=disp;spread=16;gpio=4;device_seq=78525;time_source=device_synced;device_timestamp_utc=2026-07-28T09:48:31.989Z;config_id=170b1c1e;rssi=-56;uptime_s=588960;heap=152632;cal_tier=board-cal;cal_src=wet_rederive_1236_20260719;pressure_context_source=weather_openmeteo;transport=wifi_poll,
plants.soil,2026-07-28T09:48:41.440Z,2026-07-28 04:48:41.440,24533,2a89d4,8gtt1h,0.7.3,fleet_logger_0_1,588960035,UMLIFE_v2_TLC555,ch2,origplant,soil_moisture,1258,,,OK,,,983.9,,name=c5off1;level=overwatered;role=disp;spread=11;gpio=5;device_seq=78526;time_source=device_synced;device_timestamp_utc=2026-07-28T09:48:31.989Z;config_id=170b1c1e;rssi=-56;uptime_s=588960;heap=152632;cal_tier=board-cal;cal_src=wet_rederive_1236_20260719;pressure_context_source=weather_openmeteo;transport=wifi_poll,
plants.soil,2026-07-28T09:48:41.440Z,2026-07-28 04:48:41.440,24534,2a89d4,8gtt1h,0.7.3,fleet_logger_0_1,588960035,UMLIFE_v2_TLC555,ch3,origplant,soil_moisture,1611,,,OK,,,983.9,,name=c5off1;level=OK;role=disp;spread=7;gpio=6;device_seq=78527;time_source=device_synced;device_timestamp_utc=2026-07-28T09:48:31.989Z;config_id=170b1c1e;rssi=-56;uptime_s=588960;heap=152632;cal_tier=board-cal;cal_src=wet_rederive_1236_20260719;pressure_context_source=weather_openmeteo;transport=wifi_poll,
plants.env,2026-07-28T09:48:41.440Z,2026-07-28 04:48:41.440,24535,2a89d4,8gtt1h,0.7.3,fleet_logger_0_1,588960719,ESP32,esp32_die,on_chip,die_temp,,23.70,degC,OK,,,,,name=c5off1;source=esp32_die;cal=uncalibrated_board_proxy;api=temperatureRead;config_id=170b1c1e;transport=wifi_poll,
plants.soil,2026-07-28T09:49:11.755Z,2026-07-28 04:49:11.755,24536,2a89d4,8gtt1h,0.7.3,fleet_logger_0_1,588990035,UMLIFE_v2_TLC555,ch0,origplant,soil_moisture,1233,,,OK,,,983.9,,name=c5off1;level=overwatered;role=disp;spread=9;gpio=1;device_seq=78528;time_source=device_synced;device_timestamp_utc=2026-07-28T09:49:01.989Z;config_id=170b1c1e;rssi=-56;uptime_s=588990;heap=152632;cal_tier=board-cal;cal_src=wet_rederive_1236_20260719;pressure_context_source=weather_openmeteo;transport=wifi_poll,
plants.soil,2026-07-28T09:49:11.755Z,2026-07-28 04:49:11.755,24537,2a89d4,8gtt1h,0.7.3,fleet_logger_0_1,588990035,UMLIFE_v2_TLC555,ch1,origplant,soil_moisture,1394,,,OK,,,983.9,,name=c5off1;level=well watered;role=disp;spread=18;gpio=4;device_seq=78529;time_source=device_synced;device_timestamp_utc=2026-07-28T09:49:01.989Z;config_id=170b1c1e;rssi=-56;uptime_s=588990;heap=152632;cal_tier=board-cal;cal_src=wet_rederive_1236_20260719;pressure_context_source=weather_openmeteo;transport=wifi_poll,
plants.soil,2026-07-28T09:49:11.755Z,2026-07-28 04:49:11.755,24538,2a89d4,8gtt1h,0.7.3,fleet_logger_0_1,588990035,UMLIFE_v2_TLC555,ch2,origplant,soil_moisture,1260,,,OK,,,983.9,,name=c5off1;level=overwatered;role=disp;spread=10;gpio=5;device_seq=78530;time_source=device_synced;device_timestamp_utc=2026-07-28T09:49:01.989Z;config_id=170b1c1e;rssi=-56;uptime_s=588990;heap=152632;cal_tier=board-cal;cal_src=wet_rederive_1236_20260719;pressure_context_source=weather_openmeteo;transport=wifi_poll,
plants.soil,2026-07-28T09:49:11.755Z,2026-07-28 04:49:11.755,24539,2a89d4,8gtt1h,0.7.3,fleet_logger_0_1,588990035,UMLIFE_v2_TLC555,ch3,origplant,soil_moisture,1609,,,OK,,,983.9,,name=c5off1;level=OK;role=disp;spread=31;gpio=6;device_seq=78531;time_source=device_synced;device_timestamp_utc=2026-07-28T09:49:01.989Z;config_id=170b1c1e;rssi=-56;uptime_s=588990;heap=152632;cal_tier=board-cal;cal_src=wet_rederive_1236_20260719;pressure_context_source=weather_openmeteo;transport=wifi_poll,
plants.env,2026-07-28T09:49:11.755Z,2026-07-28 04:49:11.755,24540,2a89d4,8gtt1h,0.7.3,fleet_logger_0_1,588990719,ESP32,esp32_die,on_chip,die_temp,,23.70,degC,OK,,,,,name=c5off1;source=esp32_die;cal=uncalibrated_board_proxy;api=temperatureRead;config_id=170b1c1e;transport=wifi_poll,
plants.soil,2026-07-28T09:49:42.293Z,2026-07-28 04:49:42.293,24541,2a89d4,8gtt1h,0.7.3,fleet_logger_0_1,589020035,UMLIFE_v2_TLC555,ch0,origplant,soil_moisture,1227,,,OK,,,983.9,,name=c5off1;level=overwatered;role=disp;spread=8;gpio=1;device_seq=78532;time_source=device_synced;device_timestamp_utc=2026-07-28T09:49:31.989Z;config_id=170b1c1e;rssi=-57;uptime_s=589020;heap=152632;cal_tier=board-cal;cal_src=wet_rederive_1236_20260719;pressure_context_source=weather_openmeteo;transport=wifi_poll,
plants.soil,2026-07-28T09:49:42.293Z,2026-07-28 04:49:42.293,24542,2a89d4,8gtt1h,0.7.3,fleet_logger_0_1,589020035,UMLIFE_v2_TLC555,ch1,origplant,soil_moisture,1392,,,OK,,,983.9,,name=c5off1;level=well watered;role=disp;spread=35;gpio=4;device_seq=78533;time_source=device_synced;device_timestamp_utc=2026-07-28T09:49:31.989Z;config_id=170b1c1e;rssi=-57;uptime_s=589020;heap=152632;cal_tier=board-cal;cal_src=wet_rederive_1236_20260719;pressure_context_source=weather_openmeteo;transport=wifi_poll,
plants.soil,2026-07-28T09:49:42.293Z,2026-07-28 04:49:42.293,24543,2a89d4,8gtt1h,0.7.3,fleet_logger_0_1,589020035,UMLIFE_v2_TLC555,ch2,origplant,soil_moisture,1260,,,OK,,,983.9,,name=c5off1;level=overwatered;role=disp;spread=6;gpio=5;device_seq=78534;time_source=device_synced;device_timestamp_utc=2026-07-28T09:49:31.989Z;config_id=170b1c1e;rssi=-57;uptime_s=589020;heap=152632;cal_tier=board-cal;cal_src=wet_rederive_1236_20260719;pressure_context_source=weather_openmeteo;transport=wifi_poll,
plants.soil,2026-07-28T09:49:42.293Z,2026-07-28 04:49:42.293,24544,2a89d4,8gtt1h,0.7.3,fleet_logger_0_1,589020035,UMLIFE_v2_TLC555,ch3,origplant,soil_moisture,1609,,,OK,,,983.9,,name=c5off1;level=OK;role=disp;spread=15;gpio=6;device_seq=78535;time_source=device_synced;device_timestamp_utc=2026-07-28T09:49:31.989Z;config_id=170b1c1e;rssi=-57;uptime_s=589020;heap=152632;cal_tier=board-cal;cal_src=wet_rederive_1236_20260719;pressure_context_source=weather_openmeteo;transport=wifi_poll,
plants.env,2026-07-28T09:49:42.293Z,2026-07-28 04:49:42.293,24545,2a89d4,8gtt1h,0.7.3,fleet_logger_0_1,589020719,ESP32,esp32_die,on_chip,die_temp,,24.70,degC,OK,,,,,name=c5off1;source=esp32_die;cal=uncalibrated_board_proxy;api=temperatureRead;config_id=170b1c1e;transport=wifi_poll,
plants.soil,2026-07-28T09:50:12.818Z,2026-07-28 04:50:12.818,24546,2a89d4,8gtt1h,0.7.3,fleet_logger_0_1,589050035,UMLIFE_v2_TLC555,ch0,origplant,soil_moisture,1233,,,OK,,,983.9,,name=c5off1;level=overwatered;role=disp;spread=10;gpio=1;device_seq=78536;time_source=device_synced;device_timestamp_utc=2026-07-28T09:50:01.989Z;config_id=170b1c1e;rssi=-53;uptime_s=589050;heap=152632;cal_tier=board-cal;cal_src=wet_rederive_1236_20260719;pressure_context_source=weather_openmeteo;transport=wifi_poll,
plants.soil,2026-07-28T09:50:12.818Z,2026-07-28 04:50:12.818,24547,2a89d4,8gtt1h,0.7.3,fleet_logger_0_1,589050035,UMLIFE_v2_TLC555,ch1,origplant,soil_moisture,1394,,,OK,,,983.9,,name=c5off1;level=well watered;role=disp;spread=22;gpio=4;device_seq=78537;time_source=device_synced;device_timestamp_utc=2026-07-28T09:50:01.989Z;config_id=170b1c1e;rssi=-53;uptime_s=589050;heap=152632;cal_tier=board-cal;cal_src=wet_rederive_1236_20260719;pressure_context_source=weather_openmeteo;transport=wifi_poll,
plants.soil,2026-07-28T09:50:12.818Z,2026-07-28 04:50:12.818,24548,2a89d4,8gtt1h,0.7.3,fleet_logger_0_1,589050035,UMLIFE_v2_TLC555,ch2,origplant,soil_moisture,1261,,,OK,,,983.9,,name=c5off1;level=overwatered;role=disp;spread=18;gpio=5;device_seq=78538;time_source=device_synced;device_timestamp_utc=2026-07-28T09:50:01.989Z;config_id=170b1c1e;rssi=-53;uptime_s=589050;heap=152632;cal_tier=board-cal;cal_src=wet_rederive_1236_20260719;pressure_context_source=weather_openmeteo;transport=wifi_poll,
plants.soil,2026-07-28T09:50:12.818Z,2026-07-28 04:50:12.818,24549,2a89d4,8gtt1h,0.7.3,fleet_logger_0_1,589050035,UMLIFE_v2_TLC555,ch3,origplant,soil_moisture,1611,,,OK,,,983.9,,name=c5off1;level=OK;role=disp;spread=28;gpio=6;device_seq=78539;time_source=device_synced;device_timestamp_utc=2026-07-28T09:50:01.989Z;config_id=170b1c1e;rssi=-53;uptime_s=589050;heap=152632;cal_tier=board-cal;cal_src=wet_rederive_1236_20260719;pressure_context_source=weather_openmeteo;transport=wifi_poll,
plants.env,2026-07-28T09:50:12.818Z,2026-07-28 04:50:12.818,24550,2a89d4,8gtt1h,0.7.3,fleet_logger_0_1,589050719,ESP32,esp32_die,on_chip,die_temp,,24.70,degC,OK,,,,,name=c5off1;source=esp32_die;cal=uncalibrated_board_proxy;api=temperatureRead;config_id=170b1c1e;transport=wifi_poll,
plants.soil,2026-07-28T09:50:43.608Z,2026-07-28 04:50:43.608,24551,2a89d4,8gtt1h,0.7.3,fleet_logger_0_1,589080035,UMLIFE_v2_TLC555,ch0,origplant,soil_moisture,1224,,,OK,,,983.9,,name=c5off1;level=overwatered;role=disp;spread=14;gpio=1;device_seq=78540;time_source=device_synced;device_timestamp_utc=2026-07-28T09:50:31.989Z;config_id=170b1c1e;rssi=-56;uptime_s=589080;heap=152376;cal_tier=board-cal;cal_src=wet_rederive_1236_20260719;pressure_context_source=weather_openmeteo;transport=wifi_poll,
plants.soil,2026-07-28T09:50:43.608Z,2026-07-28 04:50:43.608,24552,2a89d4,8gtt1h,0.7.3,fleet_logger_0_1,589080035,UMLIFE_v2_TLC555,ch1,origplant,soil_moisture,1389,,,OK,,,983.9,,name=c5off1;level=well watered;role=disp;spread=11;gpio=4;device_seq=78541;time_source=device_synced;device_timestamp_utc=2026-07-28T09:50:31.989Z;config_id=170b1c1e;rssi=-56;uptime_s=589080;heap=152376;cal_tier=board-cal;cal_src=wet_rederive_1236_20260719;pressure_context_source=weather_openmeteo;transport=wifi_poll,
plants.soil,2026-07-28T09:50:43.608Z,2026-07-28 04:50:43.608,24553,2a89d4,8gtt1h,0.7.3,fleet_logger_0_1,589080035,UMLIFE_v2_TLC555,ch2,origplant,soil_moisture,1259,,,OK,,,983.9,,name=c5off1;level=overwatered;role=disp;spread=14;gpio=5;device_seq=78542;time_source=device_synced;device_timestamp_utc=2026-07-28T09:50:31.989Z;config_id=170b1c1e;rssi=-56;uptime_s=589080;heap=152376;cal_tier=board-cal;cal_src=wet_rederive_1236_20260719;pressure_context_source=weather_openmeteo;transport=wifi_poll,
plants.soil,2026-07-28T09:50:43.608Z,2026-07-28 04:50:43.608,24554,2a89d4,8gtt1h,0.7.3,fleet_logger_0_1,589080035,UMLIFE_v2_TLC555,ch3,origplant,soil_moisture,1608,,,OK,,,983.9,,name=c5off1;level=OK;role=disp;spread=19;gpio=6;device_seq=78543;time_source=device_synced;device_timestamp_utc=2026-07-28T09:50:31.989Z;config_id=170b1c1e;rssi=-56;uptime_s=589080;heap=152376;cal_tier=board-cal;cal_src=wet_rederive_1236_20260719;pressure_context_source=weather_openmeteo;transport=wifi_poll,
plants.env,2026-07-28T09:50:43.608Z,2026-07-28 04:50:43.608,24555,2a89d4,8gtt1h,0.7.3,fleet_logger_0_1,589080719,ESP32,esp32_die,on_chip,die_temp,,23.70,degC,OK,,,,,name=c5off1;source=esp32_die;cal=uncalibrated_board_proxy;api=temperatureRead;config_id=170b1c1e;transport=wifi_poll,
plants.soil,2026-07-28T09:51:14.014Z,2026-07-28 04:51:14.014,24556,2a89d4,8gtt1h,0.7.3,fleet_logger_0_1,589110035,UMLIFE_v2_TLC555,ch0,origplant,soil_moisture,1229,,,OK,,,983.9,,name=c5off1;level=overwatered;role=disp;spread=11;gpio=1;device_seq=78544;time_source=device_synced;device_timestamp_utc=2026-07-28T09:51:01.989Z;config_id=170b1c1e;rssi=-58;uptime_s=589110;heap=152380;cal_tier=board-cal;cal_src=wet_rederive_1236_20260719;pressure_context_source=weather_openmeteo;transport=wifi_poll,
plants.soil,2026-07-28T09:51:14.014Z,2026-07-28 04:51:14.014,24557,2a89d4,8gtt1h,0.7.3,fleet_logger_0_1,589110035,UMLIFE_v2_TLC555,ch1,origplant,soil_moisture,1390,,,OK,,,983.9,,name=c5off1;level=well watered;role=disp;spread=25;gpio=4;device_seq=78545;time_source=device_synced;device_timestamp_utc=2026-07-28T09:51:01.989Z;config_id=170b1c1e;rssi=-58;uptime_s=589110;heap=152380;cal_tier=board-cal;cal_src=wet_rederive_1236_20260719;pressure_context_source=weather_openmeteo;transport=wifi_poll,
plants.soil,2026-07-28T09:51:14.014Z,2026-07-28 04:51:14.014,24558,2a89d4,8gtt1h,0.7.3,fleet_logger_0_1,589110035,UMLIFE_v2_TLC555,ch2,origplant,soil_moisture,1261,,,OK,,,983.9,,name=c5off1;level=overwatered;role=disp;spread=13;gpio=5;device_seq=78546;time_source=device_synced;device_timestamp_utc=2026-07-28T09:51:01.989Z;config_id=170b1c1e;rssi=-58;uptime_s=589110;heap=152380;cal_tier=board-cal;cal_src=wet_rederive_1236_20260719;pressure_context_source=weather_openmeteo;transport=wifi_poll,
plants.soil,2026-07-28T09:51:14.014Z,2026-07-28 04:51:14.014,24559,2a89d4,8gtt1h,0.7.3,fleet_logger_0_1,589110035,UMLIFE_v2_TLC555,ch3,origplant,soil_moisture,1608,,,OK,,,983.9,,name=c5off1;level=OK;role=disp;spread=24;gpio=6;device_seq=78547;time_source=device_synced;device_timestamp_utc=2026-07-28T09:51:01.989Z;config_id=170b1c1e;rssi=-58;uptime_s=589110;heap=152380;cal_tier=board-cal;cal_src=wet_rederive_1236_20260719;pressure_context_source=weather_openmeteo;transport=wifi_poll,
plants.env,2026-07-28T09:51:14.014Z,2026-07-28 04:51:14.014,24560,2a89d4,8gtt1h,0.7.3,fleet_logger_0_1,589110719,ESP32,esp32_die,on_chip,die_temp,,23.70,degC,OK,,,,,name=c5off1;source=esp32_die;cal=uncalibrated_board_proxy;api=temperatureRead;config_id=170b1c1e;transport=wifi_poll,
plants.soil,2026-07-28T09:51:46.604Z,2026-07-28 04:51:46.604,24561,2a89d4,8gtt1h,0.7.3,fleet_logger_0_1,589140035,UMLIFE_v2_TLC555,ch0,origplant,soil_moisture,1224,,,OK,,,983.9,,name=c5off1;level=overwatered;role=disp;spread=15;gpio=1;device_seq=78548;time_source=device_synced;device_timestamp_utc=2026-07-28T09:51:31.989Z;config_id=170b1c1e;rssi=-56;uptime_s=589140;heap=152632;cal_tier=board-cal;cal_src=wet_rederive_1236_20260719;pressure_context_source=weather_openmeteo;transport=wifi_poll,
plants.soil,2026-07-28T09:51:46.604Z,2026-07-28 04:51:46.604,24562,2a89d4,8gtt1h,0.7.3,fleet_logger_0_1,589140035,UMLIFE_v2_TLC555,ch1,origplant,soil_moisture,1390,,,OK,,,983.9,,name=c5off1;level=well watered;role=disp;spread=12;gpio=4;device_seq=78549;time_source=device_synced;device_timestamp_utc=2026-07-28T09:51:31.989Z;config_id=170b1c1e;rssi=-56;uptime_s=589140;heap=152632;cal_tier=board-cal;cal_src=wet_rederive_1236_20260719;pressure_context_source=weather_openmeteo;transport=wifi_poll,
plants.soil,2026-07-28T09:51:46.604Z,2026-07-28 04:51:46.604,24563,2a89d4,8gtt1h,0.7.3,fleet_logger_0_1,589140035,UMLIFE_v2_TLC555,ch2,origplant,soil_moisture,1260,,,OK,,,983.9,,name=c5off1;level=overwatered;role=disp;spread=19;gpio=5;device_seq=78550;time_source=device_synced;device_timestamp_utc=2026-07-28T09:51:31.989Z;config_id=170b1c1e;rssi=-56;uptime_s=589140;heap=152632;cal_tier=board-cal;cal_src=wet_rederive_1236_20260719;pressure_context_source=weather_openmeteo;transport=wifi_poll,
plants.soil,2026-07-28T09:51:46.604Z,2026-07-28 04:51:46.604,24564,2a89d4,8gtt1h,0.7.3,fleet_logger_0_1,589140035,UMLIFE_v2_TLC555,ch3,origplant,soil_moisture,1610,,,OK,,,983.9,,name=c5off1;level=OK;role=disp;spread=20;gpio=6;device_seq=78551;time_source=device_synced;device_timestamp_utc=2026-07-28T09:51:31.989Z;config_id=170b1c1e;rssi=-56;uptime_s=589140;heap=152632;cal_tier=board-cal;cal_src=wet_rederive_1236_20260719;pressure_context_source=weather_openmeteo;transport=wifi_poll,
plants.env,2026-07-28T09:51:46.604Z,2026-07-28 04:51:46.604,24565,2a89d4,8gtt1h,0.7.3,fleet_logger_0_1,589140719,ESP32,esp32_die,on_chip,die_temp,,23.70,degC,OK,,,,,name=c5off1;source=esp32_die;cal=uncalibrated_board_proxy;api=temperatureRead;config_id=170b1c1e;transport=wifi_poll,
plants.soil,2026-07-28T09:52:17.267Z,2026-07-28 04:52:17.267,24566,2a89d4,8gtt1h,0.7.3,fleet_logger_0_1,589170035,UMLIFE_v2_TLC555,ch0,origplant,soil_moisture,1215,,,OK,,,983.9,,name=c5off1;level=overwatered;role=disp;spread=22;gpio=1;device_seq=78552;time_source=device_synced;device_timestamp_utc=2026-07-28T09:52:01.989Z;config_id=170b1c1e;rssi=-57;uptime_s=589170;heap=152584;cal_tier=board-cal;cal_src=wet_rederive_1236_20260719;pressure_context_source=weather_openmeteo;transport=wifi_poll,
plants.soil,2026-07-28T09:52:17.267Z,2026-07-28 04:52:17.267,24567,2a89d4,8gtt1h,0.7.3,fleet_logger_0_1,589170035,UMLIFE_v2_TLC555,ch1,origplant,soil_moisture,1377,,,OK,,,983.9,,name=c5off1;level=well watered;role=disp;spread=14;gpio=4;device_seq=78553;time_source=device_synced;device_timestamp_utc=2026-07-28T09:52:01.989Z;config_id=170b1c1e;rssi=-57;uptime_s=589170;heap=152584;cal_tier=board-cal;cal_src=wet_rederive_1236_20260719;pressure_context_source=weather_openmeteo;transport=wifi_poll,
plants.soil,2026-07-28T09:52:17.267Z,2026-07-28 04:52:17.267,24568,2a89d4,8gtt1h,0.7.3,fleet_logger_0_1,589170035,UMLIFE_v2_TLC555,ch2,origplant,soil_moisture,1259,,,OK,,,983.9,,name=c5off1;level=overwatered;role=disp;spread=16;gpio=5;device_seq=78554;time_source=device_synced;device_timestamp_utc=2026-07-28T09:52:01.989Z;config_id=170b1c1e;rssi=-57;uptime_s=589170;heap=152584;cal_tier=board-cal;cal_src=wet_rederive_1236_20260719;pressure_context_source=weather_openmeteo;transport=wifi_poll,
plants.soil,2026-07-28T09:52:17.267Z,2026-07-28 04:52:17.267,24569,2a89d4,8gtt1h,0.7.3,fleet_logger_0_1,589170035,UMLIFE_v2_TLC555,ch3,origplant,soil_moisture,1608,,,OK,,,983.9,,name=c5off1;level=OK;role=disp;spread=16;gpio=6;device_seq=78555;time_source=device_synced;device_timestamp_utc=2026-07-28T09:52:01.989Z;config_id=170b1c1e;rssi=-57;uptime_s=589170;heap=152584;cal_tier=board-cal;cal_src=wet_rederive_1236_20260719;pressure_context_source=weather_openmeteo;transport=wifi_poll,
plants.env,2026-07-28T09:52:17.267Z,2026-07-28 04:52:17.267,24570,2a89d4,8gtt1h,0.7.3,fleet_logger_0_1,589170719,ESP32,esp32_die,on_chip,die_temp,,23.70,degC,OK,,,,,name=c5off1;source=esp32_die;cal=uncalibrated_board_proxy;api=temperatureRead;config_id=170b1c1e;transport=wifi_poll,
plants.soil,2026-07-28T09:52:47.836Z,2026-07-28 04:52:47.836,24571,2a89d4,8gtt1h,0.7.3,fleet_logger_0_1,589200035,UMLIFE_v2_TLC555,ch0,origplant,soil_moisture,1213,,,OK,,,983.9,,name=c5off1;level=overwatered;role=disp;spread=21;gpio=1;device_seq=78556;time_source=device_synced;device_timestamp_utc=2026-07-28T09:52:31.989Z;config_id=170b1c1e;rssi=-55;uptime_s=589200;heap=152652;cal_tier=board-cal;cal_src=wet_rederive_1236_20260719;pressure_context_source=weather_openmeteo;transport=wifi_poll,
plants.soil,2026-07-28T09:52:47.836Z,2026-07-28 04:52:47.836,24572,2a89d4,8gtt1h,0.7.3,fleet_logger_0_1,589200035,UMLIFE_v2_TLC555,ch1,origplant,soil_moisture,1375,,,OK,,,983.9,,name=c5off1;level=well watered;role=disp;spread=34;gpio=4;device_seq=78557;time_source=device_synced;device_timestamp_utc=2026-07-28T09:52:31.989Z;config_id=170b1c1e;rssi=-55;uptime_s=589200;heap=152652;cal_tier=board-cal;cal_src=wet_rederive_1236_20260719;pressure_context_source=weather_openmeteo;transport=wifi_poll,
plants.soil,2026-07-28T09:52:47.836Z,2026-07-28 04:52:47.836,24573,2a89d4,8gtt1h,0.7.3,fleet_logger_0_1,589200035,UMLIFE_v2_TLC555,ch2,origplant,soil_moisture,1261,,,OK,,,983.9,,name=c5off1;level=overwatered;role=disp;spread=15;gpio=5;device_seq=78558;time_source=device_synced;device_timestamp_utc=2026-07-28T09:52:31.989Z;config_id=170b1c1e;rssi=-55;uptime_s=589200;heap=152652;cal_tier=board-cal;cal_src=wet_rederive_1236_20260719;pressure_context_source=weather_openmeteo;transport=wifi_poll,
plants.soil,2026-07-28T09:52:47.836Z,2026-07-28 04:52:47.836,24574,2a89d4,8gtt1h,0.7.3,fleet_logger_0_1,589200035,UMLIFE_v2_TLC555,ch3,origplant,soil_moisture,1608,,,OK,,,983.9,,name=c5off1;level=OK;role=disp;spread=36;gpio=6;device_seq=78559;time_source=device_synced;device_timestamp_utc=2026-07-28T09:52:31.989Z;config_id=170b1c1e;rssi=-55;uptime_s=589200;heap=152652;cal_tier=board-cal;cal_src=wet_rederive_1236_20260719;pressure_context_source=weather_openmeteo;transport=wifi_poll,
plants.env,2026-07-28T09:52:47.836Z,2026-07-28 04:52:47.836,24575,2a89d4,8gtt1h,0.7.3,fleet_logger_0_1,589201819,ESP32,esp32_die,on_chip,die_temp,,23.70,degC,OK,,,,,name=c5off1;source=esp32_die;cal=uncalibrated_board_proxy;api=temperatureRead;config_id=170b1c1e;transport=wifi_poll,
plants.soil,2026-07-28T09:53:18.256Z,2026-07-28 04:53:18.256,24576,2a89d4,8gtt1h,0.7.3,fleet_logger_0_1,589230035,UMLIFE_v2_TLC555,ch0,origplant,soil_moisture,1216,,,OK,,,983.9,,name=c5off1;level=overwatered;role=disp;spread=14;gpio=1;device_seq=78560;time_source=device_synced;device_timestamp_utc=2026-07-28T09:53:01.989Z;config_id=170b1c1e;rssi=-55;uptime_s=589230;heap=152656;cal_tier=board-cal;cal_src=wet_rederive_1236_20260719;pressure_context_source=weather_openmeteo;transport=wifi_poll,
plants.soil,2026-07-28T09:53:18.256Z,2026-07-28 04:53:18.256,24577,2a89d4,8gtt1h,0.7.3,fleet_logger_0_1,589230035,UMLIFE_v2_TLC555,ch1,origplant,soil_moisture,1373,,,OK,,,983.9,,name=c5off1;level=well watered;role=disp;spread=18;gpio=4;device_seq=78561;time_source=device_synced;device_timestamp_utc=2026-07-28T09:53:01.989Z;config_id=170b1c1e;rssi=-55;uptime_s=589230;heap=152656;cal_tier=board-cal;cal_src=wet_rederive_1236_20260719;pressure_context_source=weather_openmeteo;transport=wifi_poll,
plants.soil,2026-07-28T09:53:18.256Z,2026-07-28 04:53:18.256,24578,2a89d4,8gtt1h,0.7.3,fleet_logger_0_1,589230035,UMLIFE_v2_TLC555,ch2,origplant,soil_moisture,1259,,,OK,,,983.9,,name=c5off1;level=overwatered;role=disp;spread=19;gpio=5;device_seq=78562;time_source=device_synced;device_timestamp_utc=2026-07-28T09:53:01.989Z;config_id=170b1c1e;rssi=-55;uptime_s=589230;heap=152656;cal_tier=board-cal;cal_src=wet_rederive_1236_20260719;pressure_context_source=weather_openmeteo;transport=wifi_poll,
plants.soil,2026-07-28T09:53:18.256Z,2026-07-28 04:53:18.256,24579,2a89d4,8gtt1h,0.7.3,fleet_logger_0_1,589230035,UMLIFE_v2_TLC555,ch3,origplant,soil_moisture,1593,,,OK,,,983.9,,name=c5off1;level=OK;role=disp;spread=26;gpio=6;device_seq=78563;time_source=device_synced;device_timestamp_utc=2026-07-28T09:53:01.989Z;config_id=170b1c1e;rssi=-55;uptime_s=589230;heap=152656;cal_tier=board-cal;cal_src=wet_rederive_1236_20260719;pressure_context_source=weather_openmeteo;transport=wifi_poll,
plants.env,2026-07-28T09:53:18.256Z,2026-07-28 04:53:18.256,24580,2a89d4,8gtt1h,0.7.3,fleet_logger_0_1,589230719,ESP32,esp32_die,on_chip,die_temp,,23.70,degC,OK,,,,,name=c5off1;source=esp32_die;cal=uncalibrated_board_proxy;api=temperatureRead;config_id=170b1c1e;transport=wifi_poll,
plants.soil,2026-07-28T09:53:48.564Z,2026-07-28 04:53:48.564,24581,2a89d4,8gtt1h,0.7.3,fleet_logger_0_1,589260035,UMLIFE_v2_TLC555,ch0,origplant,soil_moisture,1215,,,OK,,,983.9,,name=c5off1;level=overwatered;role=disp;spread=13;gpio=1;device_seq=78564;time_source=device_synced;device_timestamp_utc=2026-07-28T09:53:31.989Z;config_id=170b1c1e;rssi=-57;uptime_s=589260;heap=152328;cal_tier=board-cal;cal_src=wet_rederive_1236_20260719;pressure_context_source=weather_openmeteo;transport=wifi_poll,
plants.soil,2026-07-28T09:53:48.564Z,2026-07-28 04:53:48.564,24582,2a89d4,8gtt1h,0.7.3,fleet_logger_0_1,589260035,UMLIFE_v2_TLC555,ch1,origplant,soil_moisture,1376,,,OK,,,983.9,,name=c5off1;level=well watered;role=disp;spread=31;gpio=4;device_seq=78565;time_source=device_synced;device_timestamp_utc=2026-07-28T09:53:31.989Z;config_id=170b1c1e;rssi=-57;uptime_s=589260;heap=152328;cal_tier=board-cal;cal_src=wet_rederive_1236_20260719;pressure_context_source=weather_openmeteo;transport=wifi_poll,
plants.soil,2026-07-28T09:53:48.564Z,2026-07-28 04:53:48.564,24583,2a89d4,8gtt1h,0.7.3,fleet_logger_0_1,589260035,UMLIFE_v2_TLC555,ch2,origplant,soil_moisture,1259,,,OK,,,983.9,,name=c5off1;level=overwatered;role=disp;spread=11;gpio=5;device_seq=78566;time_source=device_synced;device_timestamp_utc=2026-07-28T09:53:31.989Z;config_id=170b1c1e;rssi=-57;uptime_s=589260;heap=152328;cal_tier=board-cal;cal_src=wet_rederive_1236_20260719;pressure_context_source=weather_openmeteo;transport=wifi_poll,
plants.soil,2026-07-28T09:53:48.564Z,2026-07-28 04:53:48.564,24584,2a89d4,8gtt1h,0.7.3,fleet_logger_0_1,589260035,UMLIFE_v2_TLC555,ch3,origplant,soil_moisture,1592,,,OK,,,983.9,,name=c5off1;level=OK;role=disp;spread=26;gpio=6;device_seq=78567;time_source=device_synced;device_timestamp_utc=2026-07-28T09:53:31.989Z;config_id=170b1c1e;rssi=-57;uptime_s=589260;heap=152328;cal_tier=board-cal;cal_src=wet_rederive_1236_20260719;pressure_context_source=weather_openmeteo;transport=wifi_poll,
plants.env,2026-07-28T09:53:48.564Z,2026-07-28 04:53:48.564,24585,2a89d4,8gtt1h,0.7.3,fleet_logger_0_1,589260719,ESP32,esp32_die,on_chip,die_temp,,23.70,degC,OK,,,,,name=c5off1;source=esp32_die;cal=uncalibrated_board_proxy;api=temperatureRead;config_id=170b1c1e;transport=wifi_poll,
plants.soil,2026-07-28T09:54:19.057Z,2026-07-28 04:54:19.057,24586,2a89d4,8gtt1h,0.7.3,fleet_logger_0_1,589290035,UMLIFE_v2_TLC555,ch0,origplant,soil_moisture,1216,,,OK,,,983.9,,name=c5off1;level=overwatered;role=disp;spread=10;gpio=1;device_seq=78568;time_source=device_synced;device_timestamp_utc=2026-07-28T09:54:01.989Z;config_id=170b1c1e;rssi=-56;uptime_s=589290;heap=152388;cal_tier=board-cal;cal_src=wet_rederive_1236_20260719;pressure_context_source=weather_openmeteo;transport=wifi_poll,
plants.soil,2026-07-28T09:54:19.057Z,2026-07-28 04:54:19.057,24587,2a89d4,8gtt1h,0.7.3,fleet_logger_0_1,589290035,UMLIFE_v2_TLC555,ch1,origplant,soil_moisture,1375,,,OK,,,983.9,,name=c5off1;level=well watered;role=disp;spread=16;gpio=4;device_seq=78569;time_source=device_synced;device_timestamp_utc=2026-07-28T09:54:01.989Z;config_id=170b1c1e;rssi=-56;uptime_s=589290;heap=152388;cal_tier=board-cal;cal_src=wet_rederive_1236_20260719;pressure_context_source=weather_openmeteo;transport=wifi_poll,
plants.soil,2026-07-28T09:54:19.057Z,2026-07-28 04:54:19.057,24588,2a89d4,8gtt1h,0.7.3,fleet_logger_0_1,589290035,UMLIFE_v2_TLC555,ch2,origplant,soil_moisture,1259,,,OK,,,983.9,,name=c5off1;level=overwatered;role=disp;spread=14;gpio=5;device_seq=78570;time_source=device_synced;device_timestamp_utc=2026-07-28T09:54:01.989Z;config_id=170b1c1e;rssi=-56;uptime_s=589290;heap=152388;cal_tier=board-cal;cal_src=wet_rederive_1236_20260719;pressure_context_source=weather_openmeteo;transport=wifi_poll,
plants.soil,2026-07-28T09:54:19.057Z,2026-07-28 04:54:19.057,24589,2a89d4,8gtt1h,0.7.3,fleet_logger_0_1,589290035,UMLIFE_v2_TLC555,ch3,origplant,soil_moisture,1593,,,OK,,,983.9,,name=c5off1;level=OK;role=disp;spread=25;gpio=6;device_seq=78571;time_source=device_synced;device_timestamp_utc=2026-07-28T09:54:01.989Z;config_id=170b1c1e;rssi=-56;uptime_s=589290;heap=152388;cal_tier=board-cal;cal_src=wet_rederive_1236_20260719;pressure_context_source=weather_openmeteo;transport=wifi_poll,
plants.env,2026-07-28T09:54:19.057Z,2026-07-28 04:54:19.057,24590,2a89d4,8gtt1h,0.7.3,fleet_logger_0_1,589290719,ESP32,esp32_die,on_chip,die_temp,,23.70,degC,OK,,,,,name=c5off1;source=esp32_die;cal=uncalibrated_board_proxy;api=temperatureRead;config_id=170b1c1e;transport=wifi_poll,
plants.soil,2026-07-28T09:54:51.745Z,2026-07-28 04:54:51.745,24591,2a89d4,8gtt1h,0.7.3,fleet_logger_0_1,589320035,UMLIFE_v2_TLC555,ch0,origplant,soil_moisture,1217,,,OK,,,983.9,,name=c5off1;level=overwatered;role=disp;spread=11;gpio=1;device_seq=78572;time_source=device_synced;device_timestamp_utc=2026-07-28T09:54:31.989Z;config_id=170b1c1e;rssi=-55;uptime_s=589320;heap=152644;cal_tier=board-cal;cal_src=wet_rederive_1236_20260719;pressure_context_source=weather_openmeteo;transport=wifi_poll,
plants.soil,2026-07-28T09:54:51.745Z,2026-07-28 04:54:51.745,24592,2a89d4,8gtt1h,0.7.3,fleet_logger_0_1,589320035,UMLIFE_v2_TLC555,ch1,origplant,soil_moisture,1375,,,OK,,,983.9,,name=c5off1;level=well watered;role=disp;spread=18;gpio=4;device_seq=78573;time_source=device_synced;device_timestamp_utc=2026-07-28T09:54:31.989Z;config_id=170b1c1e;rssi=-55;uptime_s=589320;heap=152644;cal_tier=board-cal;cal_src=wet_rederive_1236_20260719;pressure_context_source=weather_openmeteo;transport=wifi_poll,
plants.soil,2026-07-28T09:54:51.745Z,2026-07-28 04:54:51.745,24593,2a89d4,8gtt1h,0.7.3,fleet_logger_0_1,589320035,UMLIFE_v2_TLC555,ch2,origplant,soil_moisture,1256,,,OK,,,983.9,,name=c5off1;level=overwatered;role=disp;spread=12;gpio=5;device_seq=78574;time_source=device_synced;device_timestamp_utc=2026-07-28T09:54:31.989Z;config_id=170b1c1e;rssi=-55;uptime_s=589320;heap=152644;cal_tier=board-cal;cal_src=wet_rederive_1236_20260719;pressure_context_source=weather_openmeteo;transport=wifi_poll,
plants.soil,2026-07-28T09:54:51.745Z,2026-07-28 04:54:51.745,24594,2a89d4,8gtt1h,0.7.3,fleet_logger_0_1,589320035,UMLIFE_v2_TLC555,ch3,origplant,soil_moisture,1595,,,OK,,,983.9,,name=c5off1;level=OK;role=disp;spread=20;gpio=6;device_seq=78575;time_source=device_synced;device_timestamp_utc=2026-07-28T09:54:31.989Z;config_id=170b1c1e;rssi=-55;uptime_s=589320;heap=152644;cal_tier=board-cal;cal_src=wet_rederive_1236_20260719;pressure_context_source=weather_openmeteo;transport=wifi_poll,
plants.env,2026-07-28T09:54:51.745Z,2026-07-28 04:54:51.745,24595,2a89d4,8gtt1h,0.7.3,fleet_logger_0_1,589320719,ESP32,esp32_die,on_chip,die_temp,,23.70,degC,OK,,,,,name=c5off1;source=esp32_die;cal=uncalibrated_board_proxy;api=temperatureRead;config_id=170b1c1e;transport=wifi_poll,
plants.soil,2026-07-28T09:55:22.202Z,2026-07-28 04:55:22.202,24596,2a89d4,8gtt1h,0.7.3,fleet_logger_0_1,589350035,UMLIFE_v2_TLC555,ch0,origplant,soil_moisture,1225,,,OK,,,983.9,,name=c5off1;level=overwatered;role=disp;spread=10;gpio=1;device_seq=78576;time_source=device_synced;device_timestamp_utc=2026-07-28T09:55:01.989Z;config_id=170b1c1e;rssi=-57;uptime_s=589350;heap=152648;cal_tier=board-cal;cal_src=wet_rederive_1236_20260719;pressure_context_source=weather_openmeteo;transport=wifi_poll,
plants.soil,2026-07-28T09:55:22.202Z,2026-07-28 04:55:22.202,24597,2a89d4,8gtt1h,0.7.3,fleet_logger_0_1,589350035,UMLIFE_v2_TLC555,ch1,origplant,soil_moisture,1378,,,OK,,,983.9,,name=c5off1;level=well watered;role=disp;spread=13;gpio=4;device_seq=78577;time_source=device_synced;device_timestamp_utc=2026-07-28T09:55:01.989Z;config_id=170b1c1e;rssi=-57;uptime_s=589350;heap=152648;cal_tier=board-cal;cal_src=wet_rederive_1236_20260719;pressure_context_source=weather_openmeteo;transport=wifi_poll,
plants.soil,2026-07-28T09:55:22.202Z,2026-07-28 04:55:22.202,24598,2a89d4,8gtt1h,0.7.3,fleet_logger_0_1,589350035,UMLIFE_v2_TLC555,ch2,origplant,soil_moisture,1258,,,OK,,,983.9,,name=c5off1;level=overwatered;role=disp;spread=11;gpio=5;device_seq=78578;time_source=device_synced;device_timestamp_utc=2026-07-28T09:55:01.989Z;config_id=170b1c1e;rssi=-57;uptime_s=589350;heap=152648;cal_tier=board-cal;cal_src=wet_rederive_1236_20260719;pressure_context_source=weather_openmeteo;transport=wifi_poll,
plants.soil,2026-07-28T09:55:22.202Z,2026-07-28 04:55:22.202,24599,2a89d4,8gtt1h,0.7.3,fleet_logger_0_1,589350035,UMLIFE_v2_TLC555,ch3,origplant,soil_moisture,1593,,,OK,,,983.9,,name=c5off1;level=OK;role=disp;spread=27;gpio=6;device_seq=78579;time_source=device_synced;device_timestamp_utc=2026-07-28T09:55:01.989Z;config_id=170b1c1e;rssi=-57;uptime_s=589350;heap=152648;cal_tier=board-cal;cal_src=wet_rederive_1236_20260719;pressure_context_source=weather_openmeteo;transport=wifi_poll,
plants.env,2026-07-28T09:55:22.202Z,2026-07-28 04:55:22.202,24600,2a89d4,8gtt1h,0.7.3,fleet_logger_0_1,589350719,ESP32,esp32_die,on_chip,die_temp,,23.70,degC,OK,,,,,name=c5off1;source=esp32_die;cal=uncalibrated_board_proxy;api=temperatureRead;config_id=170b1c1e;transport=wifi_poll,
plants.soil,2026-07-28T09:55:52.536Z,2026-07-28 04:55:52.536,24601,2a89d4,8gtt1h,0.7.3,fleet_logger_0_1,589380035,UMLIFE_v2_TLC555,ch0,origplant,soil_moisture,1232,,,OK,,,983.9,,name=c5off1;level=overwatered;role=disp;spread=17;gpio=1;device_seq=78580;time_source=device_synced;device_timestamp_utc=2026-07-28T09:55:31.989Z;config_id=170b1c1e;rssi=-56;uptime_s=589380;heap=152600;cal_tier=board-cal;cal_src=wet_rederive_1236_20260719;pressure_context_source=weather_openmeteo;transport=wifi_poll,
plants.soil,2026-07-28T09:55:52.536Z,2026-07-28 04:55:52.536,24602,2a89d4,8gtt1h,0.7.3,fleet_logger_0_1,589380035,UMLIFE_v2_TLC555,ch1,origplant,soil_moisture,1382,,,OK,,,983.9,,name=c5off1;level=well watered;role=disp;spread=22;gpio=4;device_seq=78581;time_source=device_synced;device_timestamp_utc=2026-07-28T09:55:31.989Z;config_id=170b1c1e;rssi=-56;uptime_s=589380;heap=152600;cal_tier=board-cal;cal_src=wet_rederive_1236_20260719;pressure_context_source=weather_openmeteo;transport=wifi_poll,
plants.soil,2026-07-28T09:55:52.536Z,2026-07-28 04:55:52.536,24603,2a89d4,8gtt1h,0.7.3,fleet_logger_0_1,589380035,UMLIFE_v2_TLC555,ch2,origplant,soil_moisture,1259,,,OK,,,983.9,,name=c5off1;level=overwatered;role=disp;spread=16;gpio=5;device_seq=78582;time_source=device_synced;device_timestamp_utc=2026-07-28T09:55:31.989Z;config_id=170b1c1e;rssi=-56;uptime_s=589380;heap=152600;cal_tier=board-cal;cal_src=wet_rederive_1236_20260719;pressure_context_source=weather_openmeteo;transport=wifi_poll,
plants.soil,2026-07-28T09:55:52.536Z,2026-07-28 04:55:52.536,24604,2a89d4,8gtt1h,0.7.3,fleet_logger_0_1,589380035,UMLIFE_v2_TLC555,ch3,origplant,soil_moisture,1593,,,OK,,,983.9,,name=c5off1;level=OK;role=disp;spread=33;gpio=6;device_seq=78583;time_source=device_synced;device_timestamp_utc=2026-07-28T09:55:31.989Z;config_id=170b1c1e;rssi=-56;uptime_s=589380;heap=152600;cal_tier=board-cal;cal_src=wet_rederive_1236_20260719;pressure_context_source=weather_openmeteo;transport=wifi_poll,
plants.env,2026-07-28T09:55:52.536Z,2026-07-28 04:55:52.536,24605,2a89d4,8gtt1h,0.7.3,fleet_logger_0_1,589380719,ESP32,esp32_die,on_chip,die_temp,,23.70,degC,OK,,,,,name=c5off1;source=esp32_die;cal=uncalibrated_board_proxy;api=temperatureRead;config_id=170b1c1e;transport=wifi_poll,
plants.soil,2026-07-28T09:56:22.879Z,2026-07-28 04:56:22.879,24606,2a89d4,8gtt1h,0.7.3,fleet_logger_0_1,589410035,UMLIFE_v2_TLC555,ch0,origplant,soil_moisture,1232,,,OK,,,983.9,,name=c5off1;level=overwatered;role=disp;spread=5;gpio=1;device_seq=78584;time_source=device_synced;device_timestamp_utc=2026-07-28T09:56:01.989Z;config_id=170b1c1e;rssi=-58;uptime_s=589410;heap=152600;cal_tier=board-cal;cal_src=wet_rederive_1236_20260719;pressure_context_source=weather_openmeteo;transport=wifi_poll,
plants.soil,2026-07-28T09:56:22.879Z,2026-07-28 04:56:22.879,24607,2a89d4,8gtt1h,0.7.3,fleet_logger_0_1,589410035,UMLIFE_v2_TLC555,ch1,origplant,soil_moisture,1392,,,OK,,,983.9,,name=c5off1;level=well watered;role=disp;spread=14;gpio=4;device_seq=78585;time_source=device_synced;device_timestamp_utc=2026-07-28T09:56:01.989Z;config_id=170b1c1e;rssi=-58;uptime_s=589410;heap=152600;cal_tier=board-cal;cal_src=wet_rederive_1236_20260719;pressure_context_source=weather_openmeteo;transport=wifi_poll,
plants.soil,2026-07-28T09:56:22.879Z,2026-07-28 04:56:22.879,24608,2a89d4,8gtt1h,0.7.3,fleet_logger_0_1,589410035,UMLIFE_v2_TLC555,ch2,origplant,soil_moisture,1258,,,OK,,,983.9,,name=c5off1;level=overwatered;role=disp;spread=8;gpio=5;device_seq=78586;time_source=device_synced;device_timestamp_utc=2026-07-28T09:56:01.989Z;config_id=170b1c1e;rssi=-58;uptime_s=589410;heap=152600;cal_tier=board-cal;cal_src=wet_rederive_1236_20260719;pressure_context_source=weather_openmeteo;transport=wifi_poll,
plants.soil,2026-07-28T09:56:22.879Z,2026-07-28 04:56:22.879,24609,2a89d4,8gtt1h,0.7.3,fleet_logger_0_1,589410035,UMLIFE_v2_TLC555,ch3,origplant,soil_moisture,1594,,,OK,,,983.9,,name=c5off1;level=OK;role=disp;spread=33;gpio=6;device_seq=78587;time_source=device_synced;device_timestamp_utc=2026-07-28T09:56:01.989Z;config_id=170b1c1e;rssi=-58;uptime_s=589410;heap=152600;cal_tier=board-cal;cal_src=wet_rederive_1236_20260719;pressure_context_source=weather_openmeteo;transport=wifi_poll,
plants.env,2026-07-28T09:56:22.879Z,2026-07-28 04:56:22.879,24610,2a89d4,8gtt1h,0.7.3,fleet_logger_0_1,589410719,ESP32,esp32_die,on_chip,die_temp,,23.70,degC,OK,,,,,name=c5off1;source=esp32_die;cal=uncalibrated_board_proxy;api=temperatureRead;config_id=170b1c1e;transport=wifi_poll,
plants.soil,2026-07-28T09:56:53.271Z,2026-07-28 04:56:53.271,24611,2a89d4,8gtt1h,0.7.3,fleet_logger_0_1,589440036,UMLIFE_v2_TLC555,ch0,origplant,soil_moisture,1231,,,OK,,,983.9,,name=c5off1;level=overwatered;role=disp;spread=22;gpio=1;device_seq=78588;time_source=device_synced;device_timestamp_utc=2026-07-28T09:56:31.990Z;config_id=170b1c1e;rssi=-56;uptime_s=589440;heap=152320;cal_tier=board-cal;cal_src=wet_rederive_1236_20260719;pressure_context_source=weather_openmeteo;transport=wifi_poll,
plants.soil,2026-07-28T09:56:53.271Z,2026-07-28 04:56:53.271,24612,2a89d4,8gtt1h,0.7.3,fleet_logger_0_1,589440036,UMLIFE_v2_TLC555,ch1,origplant,soil_moisture,1393,,,OK,,,983.9,,name=c5off1;level=well watered;role=disp;spread=14;gpio=4;device_seq=78589;time_source=device_synced;device_timestamp_utc=2026-07-28T09:56:31.990Z;config_id=170b1c1e;rssi=-56;uptime_s=589440;heap=152320;cal_tier=board-cal;cal_src=wet_rederive_1236_20260719;pressure_context_source=weather_openmeteo;transport=wifi_poll,
plants.soil,2026-07-28T09:56:53.271Z,2026-07-28 04:56:53.271,24613,2a89d4,8gtt1h,0.7.3,fleet_logger_0_1,589440036,UMLIFE_v2_TLC555,ch2,origplant,soil_moisture,1258,,,OK,,,983.9,,name=c5off1;level=overwatered;role=disp;spread=9;gpio=5;device_seq=78590;time_source=device_synced;device_timestamp_utc=2026-07-28T09:56:31.990Z;config_id=170b1c1e;rssi=-56;uptime_s=589440;heap=152320;cal_tier=board-cal;cal_src=wet_rederive_1236_20260719;pressure_context_source=weather_openmeteo;transport=wifi_poll,
plants.soil,2026-07-28T09:56:53.271Z,2026-07-28 04:56:53.271,24614,2a89d4,8gtt1h,0.7.3,fleet_logger_0_1,589440036,UMLIFE_v2_TLC555,ch3,origplant,soil_moisture,1600,,,OK,,,983.9,,name=c5off1;level=OK;role=disp;spread=23;gpio=6;device_seq=78591;time_source=device_synced;device_timestamp_utc=2026-07-28T09:56:31.990Z;config_id=170b1c1e;rssi=-56;uptime_s=589440;heap=152320;cal_tier=board-cal;cal_src=wet_rederive_1236_20260719;pressure_context_source=weather_openmeteo;transport=wifi_poll,
plants.env,2026-07-28T09:56:53.271Z,2026-07-28 04:56:53.271,24615,2a89d4,8gtt1h,0.7.3,fleet_logger_0_1,589440720,ESP32,esp32_die,on_chip,die_temp,,23.70,degC,OK,,,,,name=c5off1;source=esp32_die;cal=uncalibrated_board_proxy;api=temperatureRead;config_id=170b1c1e;transport=wifi_poll,
plants.soil,2026-07-28T09:57:24.054Z,2026-07-28 04:57:24.054,24616,2a89d4,8gtt1h,0.7.3,fleet_logger_0_1,589470035,UMLIFE_v2_TLC555,ch0,origplant,soil_moisture,1233,,,OK,,,983.9,,name=c5off1;level=overwatered;role=disp;spread=11;gpio=1;device_seq=78592;time_source=device_synced;device_timestamp_utc=2026-07-28T09:57:01.989Z;config_id=170b1c1e;rssi=-58;uptime_s=589470;heap=152332;cal_tier=board-cal;cal_src=wet_rederive_1236_20260719;pressure_context_source=weather_openmeteo;transport=wifi_poll,
plants.soil,2026-07-28T09:57:24.054Z,2026-07-28 04:57:24.054,24617,2a89d4,8gtt1h,0.7.3,fleet_logger_0_1,589470035,UMLIFE_v2_TLC555,ch1,origplant,soil_moisture,1392,,,OK,,,983.9,,name=c5off1;level=well watered;role=disp;spread=20;gpio=4;device_seq=78593;time_source=device_synced;device_timestamp_utc=2026-07-28T09:57:01.989Z;config_id=170b1c1e;rssi=-58;uptime_s=589470;heap=152332;cal_tier=board-cal;cal_src=wet_rederive_1236_20260719;pressure_context_source=weather_openmeteo;transport=wifi_poll,
plants.soil,2026-07-28T09:57:24.054Z,2026-07-28 04:57:24.054,24618,2a89d4,8gtt1h,0.7.3,fleet_logger_0_1,589470035,UMLIFE_v2_TLC555,ch2,origplant,soil_moisture,1259,,,OK,,,983.9,,name=c5off1;level=overwatered;role=disp;spread=10;gpio=5;device_seq=78594;time_source=device_synced;device_timestamp_utc=2026-07-28T09:57:01.989Z;config_id=170b1c1e;rssi=-58;uptime_s=589470;heap=152332;cal_tier=board-cal;cal_src=wet_rederive_1236_20260719;pressure_context_source=weather_openmeteo;transport=wifi_poll,
plants.soil,2026-07-28T09:57:24.054Z,2026-07-28 04:57:24.054,24619,2a89d4,8gtt1h,0.7.3,fleet_logger_0_1,589470035,UMLIFE_v2_TLC555,ch3,origplant,soil_moisture,1605,,,OK,,,983.9,,name=c5off1;level=OK;role=disp;spread=23;gpio=6;device_seq=78595;time_source=device_synced;device_timestamp_utc=2026-07-28T09:57:01.989Z;config_id=170b1c1e;rssi=-58;uptime_s=589470;heap=152332;cal_tier=board-cal;cal_src=wet_rederive_1236_20260719;pressure_context_source=weather_openmeteo;transport=wifi_poll,
plants.env,2026-07-28T09:57:24.054Z,2026-07-28 04:57:24.054,24620,2a89d4,8gtt1h,0.7.3,fleet_logger_0_1,589470719,ESP32,esp32_die,on_chip,die_temp,,23.70,degC,OK,,,,,name=c5off1;source=esp32_die;cal=uncalibrated_board_proxy;api=temperatureRead;config_id=170b1c1e;transport=wifi_poll,
plants.soil,2026-07-28T09:57:54.390Z,2026-07-28 04:57:54.390,24621,2a89d4,8gtt1h,0.7.3,fleet_logger_0_1,589500035,UMLIFE_v2_TLC555,ch0,origplant,soil_moisture,1233,,,OK,,,983.9,,name=c5off1;level=overwatered;role=disp;spread=11;gpio=1;device_seq=78596;time_source=device_synced;device_timestamp_utc=2026-07-28T09:57:31.989Z;config_id=170b1c1e;rssi=-57;uptime_s=589500;heap=152576;cal_tier=board-cal;cal_src=wet_rederive_1236_20260719;pressure_context_source=weather_openmeteo;transport=wifi_poll,
plants.soil,2026-07-28T09:57:54.390Z,2026-07-28 04:57:54.390,24622,2a89d4,8gtt1h,0.7.3,fleet_logger_0_1,589500035,UMLIFE_v2_TLC555,ch1,origplant,soil_moisture,1394,,,OK,,,983.9,,name=c5off1;level=well watered;role=disp;spread=14;gpio=4;device_seq=78597;time_source=device_synced;device_timestamp_utc=2026-07-28T09:57:31.989Z;config_id=170b1c1e;rssi=-57;uptime_s=589500;heap=152576;cal_tier=board-cal;cal_src=wet_rederive_1236_20260719;pressure_context_source=weather_openmeteo;transport=wifi_poll,
plants.soil,2026-07-28T09:57:54.390Z,2026-07-28 04:57:54.390,24623,2a89d4,8gtt1h,0.7.3,fleet_logger_0_1,589500035,UMLIFE_v2_TLC555,ch2,origplant,soil_moisture,1259,,,OK,,,983.9,,name=c5off1;level=overwatered;role=disp;spread=15;gpio=5;device_seq=78598;time_source=device_synced;device_timestamp_utc=2026-07-28T09:57:31.989Z;config_id=170b1c1e;rssi=-57;uptime_s=589500;heap=152576;cal_tier=board-cal;cal_src=wet_rederive_1236_20260719;pressure_context_source=weather_openmeteo;transport=wifi_poll,
plants.soil,2026-07-28T09:57:54.390Z,2026-07-28 04:57:54.390,24624,2a89d4,8gtt1h,0.7.3,fleet_logger_0_1,589500035,UMLIFE_v2_TLC555,ch3,origplant,soil_moisture,1610,,,OK,,,983.9,,name=c5off1;level=OK;role=disp;spread=9;gpio=6;device_seq=78599;time_source=device_synced;device_timestamp_utc=2026-07-28T09:57:31.989Z;config_id=170b1c1e;rssi=-57;uptime_s=589500;heap=152576;cal_tier=board-cal;cal_src=wet_rederive_1236_20260719;pressure_context_source=weather_openmeteo;transport=wifi_poll,
plants.env,2026-07-28T09:57:54.390Z,2026-07-28 04:57:54.390,24625,2a89d4,8gtt1h,0.7.3,fleet_logger_0_1,589500719,ESP32,esp32_die,on_chip,die_temp,,23.70,degC,OK,,,,,name=c5off1;source=esp32_die;cal=uncalibrated_board_proxy;api=temperatureRead;config_id=170b1c1e;transport=wifi_poll,
plants.soil,2026-07-28T09:58:24.892Z,2026-07-28 04:58:24.892,24626,2a89d4,8gtt1h,0.7.3,fleet_logger_0_1,589530035,UMLIFE_v2_TLC555,ch0,origplant,soil_moisture,1232,,,OK,,,983.9,,name=c5off1;level=overwatered;role=disp;spread=5;gpio=1;device_seq=78600;time_source=device_synced;device_timestamp_utc=2026-07-28T09:58:01.989Z;config_id=170b1c1e;rssi=-55;uptime_s=589530;heap=152576;cal_tier=board-cal;cal_src=wet_rederive_1236_20260719;pressure_context_source=weather_openmeteo;transport=wifi_poll,
plants.soil,2026-07-28T09:58:24.892Z,2026-07-28 04:58:24.892,24627,2a89d4,8gtt1h,0.7.3,fleet_logger_0_1,589530035,UMLIFE_v2_TLC555,ch1,origplant,soil_moisture,1391,,,OK,,,983.9,,name=c5off1;level=well watered;role=disp;spread=9;gpio=4;device_seq=78601;time_source=device_synced;device_timestamp_utc=2026-07-28T09:58:01.989Z;config_id=170b1c1e;rssi=-55;uptime_s=589530;heap=152576;cal_tier=board-cal;cal_src=wet_rederive_1236_20260719;pressure_context_source=weather_openmeteo;transport=wifi_poll,
plants.soil,2026-07-28T09:58:24.892Z,2026-07-28 04:58:24.892,24628,2a89d4,8gtt1h,0.7.3,fleet_logger_0_1,589530035,UMLIFE_v2_TLC555,ch2,origplant,soil_moisture,1260,,,OK,,,983.9,,name=c5off1;level=overwatered;role=disp;spread=15;gpio=5;device_seq=78602;time_source=device_synced;device_timestamp_utc=2026-07-28T09:58:01.989Z;config_id=170b1c1e;rssi=-55;uptime_s=589530;heap=152576;cal_tier=board-cal;cal_src=wet_rederive_1236_20260719;pressure_context_source=weather_openmeteo;transport=wifi_poll,
plants.soil,2026-07-28T09:58:24.892Z,2026-07-28 04:58:24.892,24629,2a89d4,8gtt1h,0.7.3,fleet_logger_0_1,589530035,UMLIFE_v2_TLC555,ch3,origplant,soil_moisture,1608,,,OK,,,983.9,,name=c5off1;level=OK;role=disp;spread=8;gpio=6;device_seq=78603;time_source=device_synced;device_timestamp_utc=2026-07-28T09:58:01.989Z;config_id=170b1c1e;rssi=-55;uptime_s=589530;heap=152576;cal_tier=board-cal;cal_src=wet_rederive_1236_20260719;pressure_context_source=weather_openmeteo;transport=wifi_poll,
plants.env,2026-07-28T09:58:24.892Z,2026-07-28 04:58:24.892,24630,2a89d4,8gtt1h,0.7.3,fleet_logger_0_1,589530720,ESP32,esp32_die,on_chip,die_temp,,23.70,degC,OK,,,,,name=c5off1;source=esp32_die;cal=uncalibrated_board_proxy;api=temperatureRead;config_id=170b1c1e;transport=wifi_poll,
plants.soil,2026-07-28T09:58:55.603Z,2026-07-28 04:58:55.603,24631,2a89d4,8gtt1h,0.7.3,fleet_logger_0_1,589560035,UMLIFE_v2_TLC555,ch0,origplant,soil_moisture,1233,,,OK,,,983.9,,name=c5off1;level=overwatered;role=disp;spread=12;gpio=1;device_seq=78604;time_source=device_synced;device_timestamp_utc=2026-07-28T09:58:31.989Z;config_id=170b1c1e;rssi=-57;uptime_s=589560;heap=152648;cal_tier=board-cal;cal_src=wet_rederive_1236_20260719;pressure_context_source=weather_openmeteo;transport=wifi_poll,
plants.soil,2026-07-28T09:58:55.603Z,2026-07-28 04:58:55.603,24632,2a89d4,8gtt1h,0.7.3,fleet_logger_0_1,589560035,UMLIFE_v2_TLC555,ch1,origplant,soil_moisture,1394,,,OK,,,983.9,,name=c5off1;level=well watered;role=disp;spread=17;gpio=4;device_seq=78605;time_source=device_synced;device_timestamp_utc=2026-07-28T09:58:31.989Z;config_id=170b1c1e;rssi=-57;uptime_s=589560;heap=152648;cal_tier=board-cal;cal_src=wet_rederive_1236_20260719;pressure_context_source=weather_openmeteo;transport=wifi_poll,
plants.soil,2026-07-28T09:58:55.603Z,2026-07-28 04:58:55.603,24633,2a89d4,8gtt1h,0.7.3,fleet_logger_0_1,589560035,UMLIFE_v2_TLC555,ch2,origplant,soil_moisture,1260,,,OK,,,983.9,,name=c5off1;level=overwatered;role=disp;spread=27;gpio=5;device_seq=78606;time_source=device_synced;device_timestamp_utc=2026-07-28T09:58:31.989Z;config_id=170b1c1e;rssi=-57;uptime_s=589560;heap=152648;cal_tier=board-cal;cal_src=wet_rederive_1236_20260719;pressure_context_source=weather_openmeteo;transport=wifi_poll,
plants.soil,2026-07-28T09:58:55.603Z,2026-07-28 04:58:55.603,24634,2a89d4,8gtt1h,0.7.3,fleet_logger_0_1,589560035,UMLIFE_v2_TLC555,ch3,origplant,soil_moisture,1609,,,OK,,,983.9,,name=c5off1;level=OK;role=disp;spread=32;gpio=6;device_seq=78607;time_source=device_synced;device_timestamp_utc=2026-07-28T09:58:31.989Z;config_id=170b1c1e;rssi=-57;uptime_s=589560;heap=152648;cal_tier=board-cal;cal_src=wet_rederive_1236_20260719;pressure_context_source=weather_openmeteo;transport=wifi_poll,
plants.env,2026-07-28T09:58:55.603Z,2026-07-28 04:58:55.603,24635,2a89d4,8gtt1h,0.7.3,fleet_logger_0_1,589560719,ESP32,esp32_die,on_chip,die_temp,,23.70,degC,OK,,,,,name=c5off1;source=esp32_die;cal=uncalibrated_board_proxy;api=temperatureRead;config_id=170b1c1e;transport=wifi_poll,
plants.soil,2026-07-28T09:59:25.950Z,2026-07-28 04:59:25.950,24636,2a89d4,8gtt1h,0.7.3,fleet_logger_0_1,589590035,UMLIFE_v2_TLC555,ch0,origplant,soil_moisture,1232,,,OK,,,983.9,,name=c5off1;level=overwatered;role=disp;spread=5;gpio=1;device_seq=78608;time_source=device_synced;device_timestamp_utc=2026-07-28T09:59:01.989Z;config_id=170b1c1e;rssi=-56;uptime_s=589590;heap=152644;cal_tier=board-cal;cal_src=wet_rederive_1236_20260719;pressure_context_source=weather_openmeteo;transport=wifi_poll,
plants.soil,2026-07-28T09:59:25.950Z,2026-07-28 04:59:25.950,24637,2a89d4,8gtt1h,0.7.3,fleet_logger_0_1,589590035,UMLIFE_v2_TLC555,ch1,origplant,soil_moisture,1392,,,OK,,,983.9,,name=c5off1;level=well watered;role=disp;spread=9;gpio=4;device_seq=78609;time_source=device_synced;device_timestamp_utc=2026-07-28T09:59:01.989Z;config_id=170b1c1e;rssi=-56;uptime_s=589590;heap=152644;cal_tier=board-cal;cal_src=wet_rederive_1236_20260719;pressure_context_source=weather_openmeteo;transport=wifi_poll,
plants.soil,2026-07-28T09:59:25.950Z,2026-07-28 04:59:25.950,24638,2a89d4,8gtt1h,0.7.3,fleet_logger_0_1,589590035,UMLIFE_v2_TLC555,ch2,origplant,soil_moisture,1261,,,OK,,,983.9,,name=c5off1;level=overwatered;role=disp;spread=5;gpio=5;device_seq=78610;time_source=device_synced;device_timestamp_utc=2026-07-28T09:59:01.989Z;config_id=170b1c1e;rssi=-56;uptime_s=589590;heap=152644;cal_tier=board-cal;cal_src=wet_rederive_1236_20260719;pressure_context_source=weather_openmeteo;transport=wifi_poll,
plants.soil,2026-07-28T09:59:25.950Z,2026-07-28 04:59:25.950,24639,2a89d4,8gtt1h,0.7.3,fleet_logger_0_1,589590035,UMLIFE_v2_TLC555,ch3,origplant,soil_moisture,1613,,,OK,,,983.9,,name=c5off1;level=OK;role=disp;spread=20;gpio=6;device_seq=78611;time_source=device_synced;device_timestamp_utc=2026-07-28T09:59:01.989Z;config_id=170b1c1e;rssi=-56;uptime_s=589590;heap=152644;cal_tier=board-cal;cal_src=wet_rederive_1236_20260719;pressure_context_source=weather_openmeteo;transport=wifi_poll,
plants.env,2026-07-28T09:59:25.950Z,2026-07-28 04:59:25.950,24640,2a89d4,8gtt1h,0.7.3,fleet_logger_0_1,589590719,ESP32,esp32_die,on_chip,die_temp,,23.70,degC,OK,,,,,name=c5off1;source=esp32_die;cal=uncalibrated_board_proxy;api=temperatureRead;config_id=170b1c1e;transport=wifi_poll,
plants.soil,2026-07-28T09:59:56.361Z,2026-07-28 04:59:56.361,24641,2a89d4,8gtt1h,0.7.3,fleet_logger_0_1,589620035,UMLIFE_v2_TLC555,ch0,origplant,soil_moisture,1234,,,OK,,,983.9,,name=c5off1;level=overwatered;role=disp;spread=15;gpio=1;device_seq=78612;time_source=device_synced;device_timestamp_utc=2026-07-28T09:59:31.989Z;config_id=170b1c1e;rssi=-57;uptime_s=589620;heap=152388;cal_tier=board-cal;cal_src=wet_rederive_1236_20260719;pressure_context_source=weather_openmeteo;transport=wifi_poll,
plants.soil,2026-07-28T09:59:56.361Z,2026-07-28 04:59:56.361,24642,2a89d4,8gtt1h,0.7.3,fleet_logger_0_1,589620035,UMLIFE_v2_TLC555,ch1,origplant,soil_moisture,1392,,,OK,,,983.9,,name=c5off1;level=well watered;role=disp;spread=24;gpio=4;device_seq=78613;time_source=device_synced;device_timestamp_utc=2026-07-28T09:59:31.989Z;config_id=170b1c1e;rssi=-57;uptime_s=589620;heap=152388;cal_tier=board-cal;cal_src=wet_rederive_1236_20260719;pressure_context_source=weather_openmeteo;transport=wifi_poll,
plants.soil,2026-07-28T09:59:56.361Z,2026-07-28 04:59:56.361,24643,2a89d4,8gtt1h,0.7.3,fleet_logger_0_1,589620035,UMLIFE_v2_TLC555,ch2,origplant,soil_moisture,1259,,,OK,,,983.9,,name=c5off1;level=overwatered;role=disp;spread=17;gpio=5;device_seq=78614;time_source=device_synced;device_timestamp_utc=2026-07-28T09:59:31.989Z;config_id=170b1c1e;rssi=-57;uptime_s=589620;heap=152388;cal_tier=board-cal;cal_src=wet_rederive_1236_20260719;pressure_context_source=weather_openmeteo;transport=wifi_poll,
plants.soil,2026-07-28T09:59:56.361Z,2026-07-28 04:59:56.361,24644,2a89d4,8gtt1h,0.7.3,fleet_logger_0_1,589620035,UMLIFE_v2_TLC555,ch3,origplant,soil_moisture,1610,,,OK,,,983.9,,name=c5off1;level=OK;role=disp;spread=18;gpio=6;device_seq=78615;time_source=device_synced;device_timestamp_utc=2026-07-28T09:59:31.989Z;config_id=170b1c1e;rssi=-57;uptime_s=589620;heap=152388;cal_tier=board-cal;cal_src=wet_rederive_1236_20260719;pressure_context_source=weather_openmeteo;transport=wifi_poll,
plants.env,2026-07-28T09:59:56.361Z,2026-07-28 04:59:56.361,24645,2a89d4,8gtt1h,0.7.3,fleet_logger_0_1,589620719,ESP32,esp32_die,on_chip,die_temp,,23.70,degC,OK,,,,,name=c5off1;source=esp32_die;cal=uncalibrated_board_proxy;api=temperatureRead;config_id=170b1c1e;transport=wifi_poll,
plants.soil,2026-07-28T10:00:26.774Z,2026-07-28 05:00:26.774,24646,2a89d4,8gtt1h,0.7.3,fleet_logger_0_1,589650035,UMLIFE_v2_TLC555,ch0,origplant,soil_moisture,1233,,,OK,,,983.9,,name=c5off1;level=overwatered;role=disp;spread=10;gpio=1;device_seq=78616;time_source=device_synced;device_timestamp_utc=2026-07-28T10:00:01.989Z;config_id=170b1c1e;rssi=-57;uptime_s=589650;heap=152400;cal_tier=board-cal;cal_src=wet_rederive_1236_20260719;pressure_context_source=weather_openmeteo;transport=wifi_poll,
plants.soil,2026-07-28T10:00:26.774Z,2026-07-28 05:00:26.774,24647,2a89d4,8gtt1h,0.7.3,fleet_logger_0_1,589650035,UMLIFE_v2_TLC555,ch1,origplant,soil_moisture,1393,,,OK,,,983.9,,name=c5off1;level=well watered;role=disp;spread=21;gpio=4;device_seq=78617;time_source=device_synced;device_timestamp_utc=2026-07-28T10:00:01.989Z;config_id=170b1c1e;rssi=-57;uptime_s=589650;heap=152400;cal_tier=board-cal;cal_src=wet_rederive_1236_20260719;pressure_context_source=weather_openmeteo;transport=wifi_poll,
plants.soil,2026-07-28T10:00:26.774Z,2026-07-28 05:00:26.774,24648,2a89d4,8gtt1h,0.7.3,fleet_logger_0_1,589650035,UMLIFE_v2_TLC555,ch2,origplant,soil_moisture,1260,,,OK,,,983.9,,name=c5off1;level=overwatered;role=disp;spread=14;gpio=5;device_seq=78618;time_source=device_synced;device_timestamp_utc=2026-07-28T10:00:01.989Z;config_id=170b1c1e;rssi=-57;uptime_s=589650;heap=152400;cal_tier=board-cal;cal_src=wet_rederive_1236_20260719;pressure_context_source=weather_openmeteo;transport=wifi_poll,
plants.soil,2026-07-28T10:00:26.774Z,2026-07-28 05:00:26.774,24649,2a89d4,8gtt1h,0.7.3,fleet_logger_0_1,589650035,UMLIFE_v2_TLC555,ch3,origplant,soil_moisture,1612,,,OK,,,983.9,,name=c5off1;level=OK;role=disp;spread=22;gpio=6;device_seq=78619;time_source=device_synced;device_timestamp_utc=2026-07-28T10:00:01.989Z;config_id=170b1c1e;rssi=-57;uptime_s=589650;heap=152400;cal_tier=board-cal;cal_src=wet_rederive_1236_20260719;pressure_context_source=weather_openmeteo;transport=wifi_poll,
plants.env,2026-07-28T10:00:26.774Z,2026-07-28 05:00:26.774,24650,2a89d4,8gtt1h,0.7.3,fleet_logger_0_1,589650719,ESP32,esp32_die,on_chip,die_temp,,23.70,degC,OK,,,,,name=c5off1;source=esp32_die;cal=uncalibrated_board_proxy;api=temperatureRead;config_id=170b1c1e;transport=wifi_poll,
plants.soil,2026-07-28T10:00:57.085Z,2026-07-28 05:00:57.085,24651,2a89d4,8gtt1h,0.7.3,fleet_logger_0_1,589680035,UMLIFE_v2_TLC555,ch0,origplant,soil_moisture,1233,,,OK,,,983.9,,name=c5off1;level=overwatered;role=disp;spread=18;gpio=1;device_seq=78620;time_source=device_synced;device_timestamp_utc=2026-07-28T10:00:31.989Z;config_id=170b1c1e;rssi=-56;uptime_s=589680;heap=152644;cal_tier=board-cal;cal_src=wet_rederive_1236_20260719;pressure_context_source=weather_openmeteo;transport=wifi_poll,
plants.soil,2026-07-28T10:00:57.085Z,2026-07-28 05:00:57.085,24652,2a89d4,8gtt1h,0.7.3,fleet_logger_0_1,589680035,UMLIFE_v2_TLC555,ch1,origplant,soil_moisture,1394,,,OK,,,983.9,,name=c5off1;level=well watered;role=disp;spread=19;gpio=4;device_seq=78621;time_source=device_synced;device_timestamp_utc=2026-07-28T10:00:31.989Z;config_id=170b1c1e;rssi=-56;uptime_s=589680;heap=152644;cal_tier=board-cal;cal_src=wet_rederive_1236_20260719;pressure_context_source=weather_openmeteo;transport=wifi_poll,
plants.soil,2026-07-28T10:00:57.085Z,2026-07-28 05:00:57.085,24653,2a89d4,8gtt1h,0.7.3,fleet_logger_0_1,589680035,UMLIFE_v2_TLC555,ch2,origplant,soil_moisture,1259,,,OK,,,983.9,,name=c5off1;level=overwatered;role=disp;spread=16;gpio=5;device_seq=78622;time_source=device_synced;device_timestamp_utc=2026-07-28T10:00:31.989Z;config_id=170b1c1e;rssi=-56;uptime_s=589680;heap=152644;cal_tier=board-cal;cal_src=wet_rederive_1236_20260719;pressure_context_source=weather_openmeteo;transport=wifi_poll,
plants.soil,2026-07-28T10:00:57.085Z,2026-07-28 05:00:57.085,24654,2a89d4,8gtt1h,0.7.3,fleet_logger_0_1,589680035,UMLIFE_v2_TLC555,ch3,origplant,soil_moisture,1609,,,OK,,,983.9,,name=c5off1;level=OK;role=disp;spread=23;gpio=6;device_seq=78623;time_source=device_synced;device_timestamp_utc=2026-07-28T10:00:31.989Z;config_id=170b1c1e;rssi=-56;uptime_s=589680;heap=152644;cal_tier=board-cal;cal_src=wet_rederive_1236_20260719;pressure_context_source=weather_openmeteo;transport=wifi_poll,
plants.env,2026-07-28T10:00:57.085Z,2026-07-28 05:00:57.085,24655,2a89d4,8gtt1h,0.7.3,fleet_logger_0_1,589680719,ESP32,esp32_die,on_chip,die_temp,,23.70,degC,OK,,,,,name=c5off1;source=esp32_die;cal=uncalibrated_board_proxy;api=temperatureRead;config_id=170b1c1e;transport=wifi_poll,
plants.soil,2026-07-28T10:01:27.497Z,2026-07-28 05:01:27.497,24656,2a89d4,8gtt1h,0.7.3,fleet_logger_0_1,589710035,UMLIFE_v2_TLC555,ch0,origplant,soil_moisture,1232,,,OK,,,983.9,,name=c5off1;level=overwatered;role=disp;spread=10;gpio=1;device_seq=78624;time_source=device_synced;device_timestamp_utc=2026-07-28T10:01:01.989Z;config_id=170b1c1e;rssi=-57;uptime_s=589710;heap=152656;cal_tier=board-cal;cal_src=wet_rederive_1236_20260719;pressure_context_source=weather_openmeteo;transport=wifi_poll,
plants.soil,2026-07-28T10:01:27.497Z,2026-07-28 05:01:27.497,24657,2a89d4,8gtt1h,0.7.3,fleet_logger_0_1,589710035,UMLIFE_v2_TLC555,ch1,origplant,soil_moisture,1393,,,OK,,,983.9,,name=c5off1;level=well watered;role=disp;spread=14;gpio=4;device_seq=78625;time_source=device_synced;device_timestamp_utc=2026-07-28T10:01:01.989Z;config_id=170b1c1e;rssi=-57;uptime_s=589710;heap=152656;cal_tier=board-cal;cal_src=wet_rederive_1236_20260719;pressure_context_source=weather_openmeteo;transport=wifi_poll,
plants.soil,2026-07-28T10:01:27.497Z,2026-07-28 05:01:27.497,24658,2a89d4,8gtt1h,0.7.3,fleet_logger_0_1,589710035,UMLIFE_v2_TLC555,ch2,origplant,soil_moisture,1260,,,OK,,,983.9,,name=c5off1;level=overwatered;role=disp;spread=7;gpio=5;device_seq=78626;time_source=device_synced;device_timestamp_utc=2026-07-28T10:01:01.989Z;config_id=170b1c1e;rssi=-57;uptime_s=589710;heap=152656;cal_tier=board-cal;cal_src=wet_rederive_1236_20260719;pressure_context_source=weather_openmeteo;transport=wifi_poll,
plants.soil,2026-07-28T10:01:27.497Z,2026-07-28 05:01:27.497,24659,2a89d4,8gtt1h,0.7.3,fleet_logger_0_1,589710035,UMLIFE_v2_TLC555,ch3,origplant,soil_moisture,1611,,,OK,,,983.9,,name=c5off1;level=OK;role=disp;spread=25;gpio=6;device_seq=78627;time_source=device_synced;device_timestamp_utc=2026-07-28T10:01:01.989Z;config_id=170b1c1e;rssi=-57;uptime_s=589710;heap=152656;cal_tier=board-cal;cal_src=wet_rederive_1236_20260719;pressure_context_source=weather_openmeteo;transport=wifi_poll,
plants.env,2026-07-28T10:01:27.497Z,2026-07-28 05:01:27.497,24660,2a89d4,8gtt1h,0.7.3,fleet_logger_0_1,589710719,ESP32,esp32_die,on_chip,die_temp,,23.70,degC,OK,,,,,name=c5off1;source=esp32_die;cal=uncalibrated_board_proxy;api=temperatureRead;config_id=170b1c1e;transport=wifi_poll,
plants.soil,2026-07-28T10:01:58.012Z,2026-07-28 05:01:58.012,24661,2a89d4,8gtt1h,0.7.3,fleet_logger_0_1,589740035,UMLIFE_v2_TLC555,ch0,origplant,soil_moisture,1232,,,OK,,,983.9,,name=c5off1;level=overwatered;role=disp;spread=10;gpio=1;device_seq=78628;time_source=device_synced;device_timestamp_utc=2026-07-28T10:01:31.989Z;config_id=170b1c1e;rssi=-57;uptime_s=589740;heap=152644;cal_tier=board-cal;cal_src=wet_rederive_1236_20260719;pressure_context_source=weather_openmeteo;transport=wifi_poll,
plants.soil,2026-07-28T10:01:58.012Z,2026-07-28 05:01:58.012,24662,2a89d4,8gtt1h,0.7.3,fleet_logger_0_1,589740035,UMLIFE_v2_TLC555,ch1,origplant,soil_moisture,1396,,,OK,,,983.9,,name=c5off1;level=well watered;role=disp;spread=12;gpio=4;device_seq=78629;time_source=device_synced;device_timestamp_utc=2026-07-28T10:01:31.989Z;config_id=170b1c1e;rssi=-57;uptime_s=589740;heap=152644;cal_tier=board-cal;cal_src=wet_rederive_1236_20260719;pressure_context_source=weather_openmeteo;transport=wifi_poll,
plants.soil,2026-07-28T10:01:58.012Z,2026-07-28 05:01:58.012,24663,2a89d4,8gtt1h,0.7.3,fleet_logger_0_1,589740035,UMLIFE_v2_TLC555,ch2,origplant,soil_moisture,1260,,,OK,,,983.9,,name=c5off1;level=overwatered;role=disp;spread=10;gpio=5;device_seq=78630;time_source=device_synced;device_timestamp_utc=2026-07-28T10:01:31.989Z;config_id=170b1c1e;rssi=-57;uptime_s=589740;heap=152644;cal_tier=board-cal;cal_src=wet_rederive_1236_20260719;pressure_context_source=weather_openmeteo;transport=wifi_poll,
plants.soil,2026-07-28T10:01:58.012Z,2026-07-28 05:01:58.012,24664,2a89d4,8gtt1h,0.7.3,fleet_logger_0_1,589740035,UMLIFE_v2_TLC555,ch3,origplant,soil_moisture,1611,,,OK,,,983.9,,name=c5off1;level=OK;role=disp;spread=25;gpio=6;device_seq=78631;time_source=device_synced;device_timestamp_utc=2026-07-28T10:01:31.989Z;config_id=170b1c1e;rssi=-57;uptime_s=589740;heap=152644;cal_tier=board-cal;cal_src=wet_rederive_1236_20260719;pressure_context_source=weather_openmeteo;transport=wifi_poll,
plants.env,2026-07-28T10:01:58.012Z,2026-07-28 05:01:58.012,24665,2a89d4,8gtt1h,0.7.3,fleet_logger_0_1,589740719,ESP32,esp32_die,on_chip,die_temp,,23.70,degC,OK,,,,,name=c5off1;source=esp32_die;cal=uncalibrated_board_proxy;api=temperatureRead;config_id=170b1c1e;transport=wifi_poll,
plants.soil,2026-07-28T10:02:28.800Z,2026-07-28 05:02:28.800,24666,2a89d4,8gtt1h,0.7.3,fleet_logger_0_1,589770035,UMLIFE_v2_TLC555,ch0,origplant,soil_moisture,1233,,,OK,,,983.9,,name=c5off1;level=overwatered;role=disp;spread=13;gpio=1;device_seq=78632;time_source=device_synced;device_timestamp_utc=2026-07-28T10:02:01.989Z;config_id=170b1c1e;rssi=-56;uptime_s=589770;heap=152644;cal_tier=board-cal;cal_src=wet_rederive_1236_20260719;pressure_context_source=weather_openmeteo;transport=wifi_poll,
plants.soil,2026-07-28T10:02:28.800Z,2026-07-28 05:02:28.800,24667,2a89d4,8gtt1h,0.7.3,fleet_logger_0_1,589770035,UMLIFE_v2_TLC555,ch1,origplant,soil_moisture,1391,,,OK,,,983.9,,name=c5off1;level=well watered;role=disp;spread=7;gpio=4;device_seq=78633;time_source=device_synced;device_timestamp_utc=2026-07-28T10:02:01.989Z;config_id=170b1c1e;rssi=-56;uptime_s=589770;heap=152644;cal_tier=board-cal;cal_src=wet_rederive_1236_20260719;pressure_context_source=weather_openmeteo;transport=wifi_poll,
plants.soil,2026-07-28T10:02:28.800Z,2026-07-28 05:02:28.800,24668,2a89d4,8gtt1h,0.7.3,fleet_logger_0_1,589770035,UMLIFE_v2_TLC555,ch2,origplant,soil_moisture,1257,,,OK,,,983.9,,name=c5off1;level=overwatered;role=disp;spread=10;gpio=5;device_seq=78634;time_source=device_synced;device_timestamp_utc=2026-07-28T10:02:01.989Z;config_id=170b1c1e;rssi=-56;uptime_s=589770;heap=152644;cal_tier=board-cal;cal_src=wet_rederive_1236_20260719;pressure_context_source=weather_openmeteo;transport=wifi_poll,
plants.soil,2026-07-28T10:02:28.800Z,2026-07-28 05:02:28.800,24669,2a89d4,8gtt1h,0.7.3,fleet_logger_0_1,589770035,UMLIFE_v2_TLC555,ch3,origplant,soil_moisture,1612,,,OK,,,983.9,,name=c5off1;level=OK;role=disp;spread=6;gpio=6;device_seq=78635;time_source=device_synced;device_timestamp_utc=2026-07-28T10:02:01.989Z;config_id=170b1c1e;rssi=-56;uptime_s=589770;heap=152644;cal_tier=board-cal;cal_src=wet_rederive_1236_20260719;pressure_context_source=weather_openmeteo;transport=wifi_poll,
plants.env,2026-07-28T10:02:28.800Z,2026-07-28 05:02:28.800,24670,2a89d4,8gtt1h,0.7.3,fleet_logger_0_1,589770719,ESP32,esp32_die,on_chip,die_temp,,23.70,degC,OK,,,,,name=c5off1;source=esp32_die;cal=uncalibrated_board_proxy;api=temperatureRead;config_id=170b1c1e;transport=wifi_poll,
plants.soil,2026-07-28T10:02:59.145Z,2026-07-28 05:02:59.145,24671,2a89d4,8gtt1h,0.7.3,fleet_logger_0_1,589800035,UMLIFE_v2_TLC555,ch0,origplant,soil_moisture,1227,,,OK,,,983.9,,name=c5off1;level=overwatered;role=disp;spread=13;gpio=1;device_seq=78636;time_source=device_synced;device_timestamp_utc=2026-07-28T10:02:31.989Z;config_id=170b1c1e;rssi=-59;uptime_s=589800;heap=152388;cal_tier=board-cal;cal_src=wet_rederive_1236_20260719;pressure_context_source=weather_openmeteo;transport=wifi_poll,
plants.soil,2026-07-28T10:02:59.145Z,2026-07-28 05:02:59.145,24672,2a89d4,8gtt1h,0.7.3,fleet_logger_0_1,589800035,UMLIFE_v2_TLC555,ch1,origplant,soil_moisture,1390,,,OK,,,983.9,,name=c5off1;level=well watered;role=disp;spread=14;gpio=4;device_seq=78637;time_source=device_synced;device_timestamp_utc=2026-07-28T10:02:31.989Z;config_id=170b1c1e;rssi=-59;uptime_s=589800;heap=152388;cal_tier=board-cal;cal_src=wet_rederive_1236_20260719;pressure_context_source=weather_openmeteo;transport=wifi_poll,
plants.soil,2026-07-28T10:02:59.145Z,2026-07-28 05:02:59.145,24673,2a89d4,8gtt1h,0.7.3,fleet_logger_0_1,589800035,UMLIFE_v2_TLC555,ch2,origplant,soil_moisture,1261,,,OK,,,983.9,,name=c5off1;level=overwatered;role=disp;spread=14;gpio=5;device_seq=78638;time_source=device_synced;device_timestamp_utc=2026-07-28T10:02:31.989Z;config_id=170b1c1e;rssi=-59;uptime_s=589800;heap=152388;cal_tier=board-cal;cal_src=wet_rederive_1236_20260719;pressure_context_source=weather_openmeteo;transport=wifi_poll,
plants.soil,2026-07-28T10:02:59.145Z,2026-07-28 05:02:59.145,24674,2a89d4,8gtt1h,0.7.3,fleet_logger_0_1,589800035,UMLIFE_v2_TLC555,ch3,origplant,soil_moisture,1609,,,OK,,,983.9,,name=c5off1;level=OK;role=disp;spread=24;gpio=6;device_seq=78639;time_source=device_synced;device_timestamp_utc=2026-07-28T10:02:31.989Z;config_id=170b1c1e;rssi=-59;uptime_s=589800;heap=152388;cal_tier=board-cal;cal_src=wet_rederive_1236_20260719;pressure_context_source=weather_openmeteo;transport=wifi_poll,
plants.env,2026-07-28T10:02:59.145Z,2026-07-28 05:02:59.145,24675,2a89d4,8gtt1h,0.7.3,fleet_logger_0_1,589801819,ESP32,esp32_die,on_chip,die_temp,,23.70,degC,OK,,,,,name=c5off1;source=esp32_die;cal=uncalibrated_board_proxy;api=temperatureRead;config_id=170b1c1e;transport=wifi_poll,
plants.soil,2026-07-28T10:03:29.659Z,2026-07-28 05:03:29.659,24676,2a89d4,8gtt1h,0.7.3,fleet_logger_0_1,589830035,UMLIFE_v2_TLC555,ch0,origplant,soil_moisture,1233,,,OK,,,983.9,,name=c5off1;level=overwatered;role=disp;spread=24;gpio=1;device_seq=78640;time_source=device_synced;device_timestamp_utc=2026-07-28T10:03:01.989Z;config_id=170b1c1e;rssi=-56;uptime_s=589830;heap=152400;cal_tier=board-cal;cal_src=wet_rederive_1236_20260719;pressure_context_source=weather_openmeteo;transport=wifi_poll,
plants.soil,2026-07-28T10:03:29.659Z,2026-07-28 05:03:29.659,24677,2a89d4,8gtt1h,0.7.3,fleet_logger_0_1,589830035,UMLIFE_v2_TLC555,ch1,origplant,soil_moisture,1398,,,OK,,,983.9,,name=c5off1;level=well watered;role=disp;spread=11;gpio=4;device_seq=78641;time_source=device_synced;device_timestamp_utc=2026-07-28T10:03:01.989Z;config_id=170b1c1e;rssi=-56;uptime_s=589830;heap=152400;cal_tier=board-cal;cal_src=wet_rederive_1236_20260719;pressure_context_source=weather_openmeteo;transport=wifi_poll,
plants.soil,2026-07-28T10:03:29.659Z,2026-07-28 05:03:29.659,24678,2a89d4,8gtt1h,0.7.3,fleet_logger_0_1,589830035,UMLIFE_v2_TLC555,ch2,origplant,soil_moisture,1261,,,OK,,,983.9,,name=c5off1;level=overwatered;role=disp;spread=26;gpio=5;device_seq=78642;time_source=device_synced;device_timestamp_utc=2026-07-28T10:03:01.989Z;config_id=170b1c1e;rssi=-56;uptime_s=589830;heap=152400;cal_tier=board-cal;cal_src=wet_rederive_1236_20260719;pressure_context_source=weather_openmeteo;transport=wifi_poll,
plants.soil,2026-07-28T10:03:29.659Z,2026-07-28 05:03:29.659,24679,2a89d4,8gtt1h,0.7.3,fleet_logger_0_1,589830035,UMLIFE_v2_TLC555,ch3,origplant,soil_moisture,1611,,,OK,,,983.9,,name=c5off1;level=OK;role=disp;spread=18;gpio=6;device_seq=78643;time_source=device_synced;device_timestamp_utc=2026-07-28T10:03:01.989Z;config_id=170b1c1e;rssi=-56;uptime_s=589830;heap=152400;cal_tier=board-cal;cal_src=wet_rederive_1236_20260719;pressure_context_source=weather_openmeteo;transport=wifi_poll,
plants.env,2026-07-28T10:03:29.659Z,2026-07-28 05:03:29.659,24680,2a89d4,8gtt1h,0.7.3,fleet_logger_0_1,589830719,ESP32,esp32_die,on_chip,die_temp,,23.70,degC,OK,,,,,name=c5off1;source=esp32_die;cal=uncalibrated_board_proxy;api=temperatureRead;config_id=170b1c1e;transport=wifi_poll,
plants.soil,2026-07-28T10:03:59.951Z,2026-07-28 05:03:59.951,24681,2a89d4,8gtt1h,0.7.3,fleet_logger_0_1,589860035,UMLIFE_v2_TLC555,ch0,origplant,soil_moisture,1230,,,OK,,,983.9,,name=c5off1;level=overwatered;role=disp;spread=10;gpio=1;device_seq=78644;time_source=device_synced;device_timestamp_utc=2026-07-28T10:03:31.989Z;config_id=170b1c1e;rssi=-57;uptime_s=589860;heap=152656;cal_tier=board-cal;cal_src=wet_rederive_1236_20260719;pressure_context_source=weather_openmeteo;transport=wifi_poll,
plants.soil,2026-07-28T10:03:59.951Z,2026-07-28 05:03:59.951,24682,2a89d4,8gtt1h,0.7.3,fleet_logger_0_1,589860035,UMLIFE_v2_TLC555,ch1,origplant,soil_moisture,1391,,,OK,,,983.9,,name=c5off1;level=well watered;role=disp;spread=7;gpio=4;device_seq=78645;time_source=device_synced;device_timestamp_utc=2026-07-28T10:03:31.989Z;config_id=170b1c1e;rssi=-57;uptime_s=589860;heap=152656;cal_tier=board-cal;cal_src=wet_rederive_1236_20260719;pressure_context_source=weather_openmeteo;transport=wifi_poll,
plants.soil,2026-07-28T10:03:59.951Z,2026-07-28 05:03:59.951,24683,2a89d4,8gtt1h,0.7.3,fleet_logger_0_1,589860035,UMLIFE_v2_TLC555,ch2,origplant,soil_moisture,1258,,,OK,,,983.9,,name=c5off1;level=overwatered;role=disp;spread=15;gpio=5;device_seq=78646;time_source=device_synced;device_timestamp_utc=2026-07-28T10:03:31.989Z;config_id=170b1c1e;rssi=-57;uptime_s=589860;heap=152656;cal_tier=board-cal;cal_src=wet_rederive_1236_20260719;pressure_context_source=weather_openmeteo;transport=wifi_poll,
plants.soil,2026-07-28T10:03:59.951Z,2026-07-28 05:03:59.951,24684,2a89d4,8gtt1h,0.7.3,fleet_logger_0_1,589860035,UMLIFE_v2_TLC555,ch3,origplant,soil_moisture,1609,,,OK,,,983.9,,name=c5off1;level=OK;role=disp;spread=20;gpio=6;device_seq=78647;time_source=device_synced;device_timestamp_utc=2026-07-28T10:03:31.989Z;config_id=170b1c1e;rssi=-57;uptime_s=589860;heap=152656;cal_tier=board-cal;cal_src=wet_rederive_1236_20260719;pressure_context_source=weather_openmeteo;transport=wifi_poll,
plants.env,2026-07-28T10:03:59.951Z,2026-07-28 05:03:59.951,24685,2a89d4,8gtt1h,0.7.3,fleet_logger_0_1,589860719,ESP32,esp32_die,on_chip,die_temp,,23.70,degC,OK,,,,,name=c5off1;source=esp32_die;cal=uncalibrated_board_proxy;api=temperatureRead;config_id=170b1c1e;transport=wifi_poll,
plants.soil,2026-07-28T10:04:30.139Z,2026-07-28 05:04:30.139,24686,2a89d4,8gtt1h,0.7.3,fleet_logger_0_1,589890035,UMLIFE_v2_TLC555,ch0,origplant,soil_moisture,1231,,,OK,,,983.9,,name=c5off1;level=overwatered;role=disp;spread=7;gpio=1;device_seq=78648;time_source=device_synced;device_timestamp_utc=2026-07-28T10:04:01.989Z;config_id=170b1c1e;rssi=-59;uptime_s=589890;heap=152644;cal_tier=board-cal;cal_src=wet_rederive_1236_20260719;pressure_context_source=weather_openmeteo;transport=wifi_poll,
plants.soil,2026-07-28T10:04:30.139Z,2026-07-28 05:04:30.139,24687,2a89d4,8gtt1h,0.7.3,fleet_logger_0_1,589890035,UMLIFE_v2_TLC555,ch1,origplant,soil_moisture,1394,,,OK,,,983.9,,name=c5off1;level=well watered;role=disp;spread=13;gpio=4;device_seq=78649;time_source=device_synced;device_timestamp_utc=2026-07-28T10:04:01.989Z;config_id=170b1c1e;rssi=-59;uptime_s=589890;heap=152644;cal_tier=board-cal;cal_src=wet_rederive_1236_20260719;pressure_context_source=weather_openmeteo;transport=wifi_poll,
plants.soil,2026-07-28T10:04:30.139Z,2026-07-28 05:04:30.139,24688,2a89d4,8gtt1h,0.7.3,fleet_logger_0_1,589890035,UMLIFE_v2_TLC555,ch2,origplant,soil_moisture,1260,,,OK,,,983.9,,name=c5off1;level=overwatered;role=disp;spread=23;gpio=5;device_seq=78650;time_source=device_synced;device_timestamp_utc=2026-07-28T10:04:01.989Z;config_id=170b1c1e;rssi=-59;uptime_s=589890;heap=152644;cal_tier=board-cal;cal_src=wet_rederive_1236_20260719;pressure_context_source=weather_openmeteo;transport=wifi_poll,
plants.soil,2026-07-28T10:04:30.139Z,2026-07-28 05:04:30.139,24689,2a89d4,8gtt1h,0.7.3,fleet_logger_0_1,589890035,UMLIFE_v2_TLC555,ch3,origplant,soil_moisture,1608,,,OK,,,983.9,,name=c5off1;level=OK;role=disp;spread=13;gpio=6;device_seq=78651;time_source=device_synced;device_timestamp_utc=2026-07-28T10:04:01.989Z;config_id=170b1c1e;rssi=-59;uptime_s=589890;heap=152644;cal_tier=board-cal;cal_src=wet_rederive_1236_20260719;pressure_context_source=weather_openmeteo;transport=wifi_poll,
plants.env,2026-07-28T10:04:30.139Z,2026-07-28 05:04:30.139,24690,2a89d4,8gtt1h,0.7.3,fleet_logger_0_1,589890719,ESP32,esp32_die,on_chip,die_temp,,23.70,degC,OK,,,,,name=c5off1;source=esp32_die;cal=uncalibrated_board_proxy;api=temperatureRead;config_id=170b1c1e;transport=wifi_poll,
plants.soil,2026-07-28T10:05:00.591Z,2026-07-28 05:05:00.591,24691,2a89d4,8gtt1h,0.7.3,fleet_logger_0_1,589920035,UMLIFE_v2_TLC555,ch0,origplant,soil_moisture,1229,,,OK,,,983.9,,name=c5off1;level=overwatered;role=disp;spread=8;gpio=1;device_seq=78652;time_source=device_synced;device_timestamp_utc=2026-07-28T10:04:31.989Z;config_id=170b1c1e;rssi=-56;uptime_s=589920;heap=152644;cal_tier=board-cal;cal_src=wet_rederive_1236_20260719;pressure_context_source=weather_openmeteo;transport=wifi_poll,
plants.soil,2026-07-28T10:05:00.591Z,2026-07-28 05:05:00.591,24692,2a89d4,8gtt1h,0.7.3,fleet_logger_0_1,589920035,UMLIFE_v2_TLC555,ch1,origplant,soil_moisture,1394,,,OK,,,983.9,,name=c5off1;level=well watered;role=disp;spread=26;gpio=4;device_seq=78653;time_source=device_synced;device_timestamp_utc=2026-07-28T10:04:31.989Z;config_id=170b1c1e;rssi=-56;uptime_s=589920;heap=152644;cal_tier=board-cal;cal_src=wet_rederive_1236_20260719;pressure_context_source=weather_openmeteo;transport=wifi_poll,
plants.soil,2026-07-28T10:05:00.591Z,2026-07-28 05:05:00.591,24693,2a89d4,8gtt1h,0.7.3,fleet_logger_0_1,589920035,UMLIFE_v2_TLC555,ch2,origplant,soil_moisture,1261,,,OK,,,983.9,,name=c5off1;level=overwatered;role=disp;spread=19;gpio=5;device_seq=78654;time_source=device_synced;device_timestamp_utc=2026-07-28T10:04:31.989Z;config_id=170b1c1e;rssi=-56;uptime_s=589920;heap=152644;cal_tier=board-cal;cal_src=wet_rederive_1236_20260719;pressure_context_source=weather_openmeteo;transport=wifi_poll,
plants.soil,2026-07-28T10:05:00.591Z,2026-07-28 05:05:00.591,24694,2a89d4,8gtt1h,0.7.3,fleet_logger_0_1,589920035,UMLIFE_v2_TLC555,ch3,origplant,soil_moisture,1609,,,OK,,,983.9,,name=c5off1;level=OK;role=disp;spread=16;gpio=6;device_seq=78655;time_source=device_synced;device_timestamp_utc=2026-07-28T10:04:31.989Z;config_id=170b1c1e;rssi=-56;uptime_s=589920;heap=152644;cal_tier=board-cal;cal_src=wet_rederive_1236_20260719;pressure_context_source=weather_openmeteo;transport=wifi_poll,
plants.env,2026-07-28T10:05:00.591Z,2026-07-28 05:05:00.591,24695,2a89d4,8gtt1h,0.7.3,fleet_logger_0_1,589920719,ESP32,esp32_die,on_chip,die_temp,,23.70,degC,OK,,,,,name=c5off1;source=esp32_die;cal=uncalibrated_board_proxy;api=temperatureRead;config_id=170b1c1e;transport=wifi_poll,
plants.soil,2026-07-28T10:05:31.004Z,2026-07-28 05:05:31.004,24696,2a89d4,8gtt1h,0.7.3,fleet_logger_0_1,589950035,UMLIFE_v2_TLC555,ch0,origplant,soil_moisture,1230,,,OK,,,983.9,,name=c5off1;level=overwatered;role=disp;spread=22;gpio=1;device_seq=78656;time_source=device_synced;device_timestamp_utc=2026-07-28T10:05:01.989Z;config_id=170b1c1e;rssi=-55;uptime_s=589950;heap=152660;cal_tier=board-cal;cal_src=wet_rederive_1236_20260719;pressure_context_source=weather_openmeteo;transport=wifi_poll,
plants.soil,2026-07-28T10:05:31.004Z,2026-07-28 05:05:31.004,24697,2a89d4,8gtt1h,0.7.3,fleet_logger_0_1,589950035,UMLIFE_v2_TLC555,ch1,origplant,soil_moisture,1394,,,OK,,,983.9,,name=c5off1;level=well watered;role=disp;spread=26;gpio=4;device_seq=78657;time_source=device_synced;device_timestamp_utc=2026-07-28T10:05:01.989Z;config_id=170b1c1e;rssi=-55;uptime_s=589950;heap=152660;cal_tier=board-cal;cal_src=wet_rederive_1236_20260719;pressure_context_source=weather_openmeteo;transport=wifi_poll,
plants.soil,2026-07-28T10:05:31.004Z,2026-07-28 05:05:31.004,24698,2a89d4,8gtt1h,0.7.3,fleet_logger_0_1,589950035,UMLIFE_v2_TLC555,ch2,origplant,soil_moisture,1260,,,OK,,,983.9,,name=c5off1;level=overwatered;role=disp;spread=27;gpio=5;device_seq=78658;time_source=device_synced;device_timestamp_utc=2026-07-28T10:05:01.989Z;config_id=170b1c1e;rssi=-55;uptime_s=589950;heap=152660;cal_tier=board-cal;cal_src=wet_rederive_1236_20260719;pressure_context_source=weather_openmeteo;transport=wifi_poll,
plants.soil,2026-07-28T10:05:31.004Z,2026-07-28 05:05:31.004,24699,2a89d4,8gtt1h,0.7.3,fleet_logger_0_1,589950035,UMLIFE_v2_TLC555,ch3,origplant,soil_moisture,1611,,,OK,,,983.9,,name=c5off1;level=OK;role=disp;spread=31;gpio=6;device_seq=78659;time_source=device_synced;device_timestamp_utc=2026-07-28T10:05:01.989Z;config_id=170b1c1e;rssi=-55;uptime_s=589950;heap=152660;cal_tier=board-cal;cal_src=wet_rederive_1236_20260719;pressure_context_source=weather_openmeteo;transport=wifi_poll,
plants.env,2026-07-28T10:05:31.004Z,2026-07-28 05:05:31.004,24700,2a89d4,8gtt1h,0.7.3,fleet_logger_0_1,589950719,ESP32,esp32_die,on_chip,die_temp,,23.70,degC,OK,,,,,name=c5off1;source=esp32_die;cal=uncalibrated_board_proxy;api=temperatureRead;config_id=170b1c1e;transport=wifi_poll,
plants.soil,2026-07-28T10:06:01.333Z,2026-07-28 05:06:01.333,24701,2a89d4,8gtt1h,0.7.3,fleet_logger_0_1,589980035,UMLIFE_v2_TLC555,ch0,origplant,soil_moisture,1212,,,OK,,,983.9,,name=c5off1;level=overwatered;role=disp;spread=19;gpio=1;device_seq=78660;time_source=device_synced;device_timestamp_utc=2026-07-28T10:05:31.989Z;config_id=170b1c1e;rssi=-55;uptime_s=589980;heap=152388;cal_tier=board-cal;cal_src=wet_rederive_1236_20260719;pressure_context_source=weather_openmeteo;transport=wifi_poll,
plants.soil,2026-07-28T10:06:01.333Z,2026-07-28 05:06:01.333,24702,2a89d4,8gtt1h,0.7.3,fleet_logger_0_1,589980035,UMLIFE_v2_TLC555,ch1,origplant,soil_moisture,1378,,,OK,,,983.9,,name=c5off1;level=well watered;role=disp;spread=11;gpio=4;device_seq=78661;time_source=device_synced;device_timestamp_utc=2026-07-28T10:05:31.989Z;config_id=170b1c1e;rssi=-55;uptime_s=589980;heap=152388;cal_tier=board-cal;cal_src=wet_rederive_1236_20260719;pressure_context_source=weather_openmeteo;transport=wifi_poll,
plants.soil,2026-07-28T10:06:01.333Z,2026-07-28 05:06:01.333,24703,2a89d4,8gtt1h,0.7.3,fleet_logger_0_1,589980035,UMLIFE_v2_TLC555,ch2,origplant,soil_moisture,1258,,,OK,,,983.9,,name=c5off1;level=overwatered;role=disp;spread=11;gpio=5;device_seq=78662;time_source=device_synced;device_timestamp_utc=2026-07-28T10:05:31.989Z;config_id=170b1c1e;rssi=-55;uptime_s=589980;heap=152388;cal_tier=board-cal;cal_src=wet_rederive_1236_20260719;pressure_context_source=weather_openmeteo;transport=wifi_poll,
plants.soil,2026-07-28T10:06:01.333Z,2026-07-28 05:06:01.333,24704,2a89d4,8gtt1h,0.7.3,fleet_logger_0_1,589980035,UMLIFE_v2_TLC555,ch3,origplant,soil_moisture,1609,,,OK,,,983.9,,name=c5off1;level=OK;role=disp;spread=23;gpio=6;device_seq=78663;time_source=device_synced;device_timestamp_utc=2026-07-28T10:05:31.989Z;config_id=170b1c1e;rssi=-55;uptime_s=589980;heap=152388;cal_tier=board-cal;cal_src=wet_rederive_1236_20260719;pressure_context_source=weather_openmeteo;transport=wifi_poll,
plants.env,2026-07-28T10:06:01.333Z,2026-07-28 05:06:01.333,24705,2a89d4,8gtt1h,0.7.3,fleet_logger_0_1,589980719,ESP32,esp32_die,on_chip,die_temp,,23.70,degC,OK,,,,,name=c5off1;source=esp32_die;cal=uncalibrated_board_proxy;api=temperatureRead;config_id=170b1c1e;transport=wifi_poll,
plants.soil,2026-07-28T10:06:32.499Z,2026-07-28 05:06:32.499,24706,2a89d4,8gtt1h,0.7.3,fleet_logger_0_1,590040034,UMLIFE_v2_TLC555,ch0,origplant,soil_moisture,1216,,,OK,,,983.9,,name=c5off1;level=overwatered;role=disp;spread=16;gpio=1;device_seq=78668;time_source=device_synced;device_timestamp_utc=2026-07-28T10:06:31.988Z;config_id=170b1c1e;rssi=-58;uptime_s=590040;heap=151928;cal_tier=board-cal;cal_src=wet_rederive_1236_20260719;pressure_context_source=weather_openmeteo;transport=wifi_poll,
plants.soil,2026-07-28T10:06:32.499Z,2026-07-28 05:06:32.499,24707,2a89d4,8gtt1h,0.7.3,fleet_logger_0_1,590040034,UMLIFE_v2_TLC555,ch1,origplant,soil_moisture,1387,,,OK,,,983.9,,name=c5off1;level=well watered;role=disp;spread=26;gpio=4;device_seq=78669;time_source=device_synced;device_timestamp_utc=2026-07-28T10:06:31.988Z;config_id=170b1c1e;rssi=-58;uptime_s=590040;heap=151928;cal_tier=board-cal;cal_src=wet_rederive_1236_20260719;pressure_context_source=weather_openmeteo;transport=wifi_poll,
plants.soil,2026-07-28T10:06:32.499Z,2026-07-28 05:06:32.499,24708,2a89d4,8gtt1h,0.7.3,fleet_logger_0_1,590040034,UMLIFE_v2_TLC555,ch2,origplant,soil_moisture,1259,,,OK,,,983.9,,name=c5off1;level=overwatered;role=disp;spread=7;gpio=5;device_seq=78670;time_source=device_synced;device_timestamp_utc=2026-07-28T10:06:31.988Z;config_id=170b1c1e;rssi=-58;uptime_s=590040;heap=151928;cal_tier=board-cal;cal_src=wet_rederive_1236_20260719;pressure_context_source=weather_openmeteo;transport=wifi_poll,
plants.soil,2026-07-28T10:06:32.499Z,2026-07-28 05:06:32.499,24709,2a89d4,8gtt1h,0.7.3,fleet_logger_0_1,590040034,UMLIFE_v2_TLC555,ch3,origplant,soil_moisture,1609,,,OK,,,983.9,,name=c5off1;level=OK;role=disp;spread=20;gpio=6;device_seq=78671;time_source=device_synced;device_timestamp_utc=2026-07-28T10:06:31.988Z;config_id=170b1c1e;rssi=-58;uptime_s=590040;heap=151928;cal_tier=board-cal;cal_src=wet_rederive_1236_20260719;pressure_context_source=weather_openmeteo;transport=wifi_poll,
plants.env,2026-07-28T10:06:32.499Z,2026-07-28 05:06:32.499,24710,2a89d4,8gtt1h,0.7.3,fleet_logger_0_1,590040717,ESP32,esp32_die,on_chip,die_temp,,23.70,degC,OK,,,,,name=c5off1;source=esp32_die;cal=uncalibrated_board_proxy;api=temperatureRead;config_id=170b1c1e;transport=wifi_poll,
plants.soil,2026-07-28T10:07:03.245Z,2026-07-28 05:07:03.245,24711,2a89d4,8gtt1h,0.7.3,fleet_logger_0_1,590070035,UMLIFE_v2_TLC555,ch0,origplant,soil_moisture,1214,,,OK,,,983.9,,name=c5off1;level=overwatered;role=disp;spread=10;gpio=1;device_seq=78672;time_source=device_synced;device_timestamp_utc=2026-07-28T10:07:01.989Z;config_id=170b1c1e;rssi=-56;uptime_s=590070;heap=152904;cal_tier=board-cal;cal_src=wet_rederive_1236_20260719;pressure_context_source=weather_openmeteo;transport=wifi_poll,
plants.soil,2026-07-28T10:07:03.245Z,2026-07-28 05:07:03.245,24712,2a89d4,8gtt1h,0.7.3,fleet_logger_0_1,590070035,UMLIFE_v2_TLC555,ch1,origplant,soil_moisture,1375,,,OK,,,983.9,,name=c5off1;level=well watered;role=disp;spread=17;gpio=4;device_seq=78673;time_source=device_synced;device_timestamp_utc=2026-07-28T10:07:01.989Z;config_id=170b1c1e;rssi=-56;uptime_s=590070;heap=152904;cal_tier=board-cal;cal_src=wet_rederive_1236_20260719;pressure_context_source=weather_openmeteo;transport=wifi_poll,
plants.soil,2026-07-28T10:07:03.245Z,2026-07-28 05:07:03.245,24713,2a89d4,8gtt1h,0.7.3,fleet_logger_0_1,590070035,UMLIFE_v2_TLC555,ch2,origplant,soil_moisture,1262,,,OK,,,983.9,,name=c5off1;level=overwatered;role=disp;spread=5;gpio=5;device_seq=78674;time_source=device_synced;device_timestamp_utc=2026-07-28T10:07:01.989Z;config_id=170b1c1e;rssi=-56;uptime_s=590070;heap=152904;cal_tier=board-cal;cal_src=wet_rederive_1236_20260719;pressure_context_source=weather_openmeteo;transport=wifi_poll,
plants.soil,2026-07-28T10:07:03.245Z,2026-07-28 05:07:03.245,24714,2a89d4,8gtt1h,0.7.3,fleet_logger_0_1,590070035,UMLIFE_v2_TLC555,ch3,origplant,soil_moisture,1606,,,OK,,,983.9,,name=c5off1;level=OK;role=disp;spread=21;gpio=6;device_seq=78675;time_source=device_synced;device_timestamp_utc=2026-07-28T10:07:01.989Z;config_id=170b1c1e;rssi=-56;uptime_s=590070;heap=152904;cal_tier=board-cal;cal_src=wet_rederive_1236_20260719;pressure_context_source=weather_openmeteo;transport=wifi_poll,
plants.env,2026-07-28T10:07:03.245Z,2026-07-28 05:07:03.245,24715,2a89d4,8gtt1h,0.7.3,fleet_logger_0_1,590070719,ESP32,esp32_die,on_chip,die_temp,,23.70,degC,OK,,,,,name=c5off1;source=esp32_die;cal=uncalibrated_board_proxy;api=temperatureRead;config_id=170b1c1e;transport=wifi_poll,
plants.soil,2026-07-28T10:07:33.439Z,2026-07-28 05:07:33.439,24716,2a89d4,8gtt1h,0.7.3,fleet_logger_0_1,590100035,UMLIFE_v2_TLC555,ch0,origplant,soil_moisture,1216,,,OK,,,983.9,,name=c5off1;level=overwatered;role=disp;spread=9;gpio=1;device_seq=78676;time_source=device_synced;device_timestamp_utc=2026-07-28T10:07:31.989Z;config_id=170b1c1e;rssi=-58;uptime_s=590100;heap=152900;cal_tier=board-cal;cal_src=wet_rederive_1236_20260719;pressure_context_source=weather_openmeteo;transport=wifi_poll,
plants.soil,2026-07-28T10:07:33.439Z,2026-07-28 05:07:33.439,24717,2a89d4,8gtt1h,0.7.3,fleet_logger_0_1,590100035,UMLIFE_v2_TLC555,ch1,origplant,soil_moisture,1375,,,OK,,,983.9,,name=c5off1;level=well watered;role=disp;spread=21;gpio=4;device_seq=78677;time_source=device_synced;device_timestamp_utc=2026-07-28T10:07:31.989Z;config_id=170b1c1e;rssi=-58;uptime_s=590100;heap=152900;cal_tier=board-cal;cal_src=wet_rederive_1236_20260719;pressure_context_source=weather_openmeteo;transport=wifi_poll,
plants.soil,2026-07-28T10:07:33.439Z,2026-07-28 05:07:33.439,24718,2a89d4,8gtt1h,0.7.3,fleet_logger_0_1,590100035,UMLIFE_v2_TLC555,ch2,origplant,soil_moisture,1258,,,OK,,,983.9,,name=c5off1;level=overwatered;role=disp;spread=18;gpio=5;device_seq=78678;time_source=device_synced;device_timestamp_utc=2026-07-28T10:07:31.989Z;config_id=170b1c1e;rssi=-58;uptime_s=590100;heap=152900;cal_tier=board-cal;cal_src=wet_rederive_1236_20260719;pressure_context_source=weather_openmeteo;transport=wifi_poll,
plants.soil,2026-07-28T10:07:33.439Z,2026-07-28 05:07:33.439,24719,2a89d4,8gtt1h,0.7.3,fleet_logger_0_1,590100035,UMLIFE_v2_TLC555,ch3,origplant,soil_moisture,1604,,,OK,,,983.9,,name=c5off1;level=OK;role=disp;spread=18;gpio=6;device_seq=78679;time_source=device_synced;device_timestamp_utc=2026-07-28T10:07:31.989Z;config_id=170b1c1e;rssi=-58;uptime_s=590100;heap=152900;cal_tier=board-cal;cal_src=wet_rederive_1236_20260719;pressure_context_source=weather_openmeteo;transport=wifi_poll,
plants.env,2026-07-28T10:07:33.439Z,2026-07-28 05:07:33.439,24720,2a89d4,8gtt1h,0.7.3,fleet_logger_0_1,590100719,ESP32,esp32_die,on_chip,die_temp,,23.70,degC,OK,,,,,name=c5off1;source=esp32_die;cal=uncalibrated_board_proxy;api=temperatureRead;config_id=170b1c1e;transport=wifi_poll,
plants.soil,2026-07-28T10:08:03.644Z,2026-07-28 05:08:03.644,24721,2a89d4,8gtt1h,0.7.3,fleet_logger_0_1,590130035,UMLIFE_v2_TLC555,ch0,origplant,soil_moisture,1219,,,OK,,,983.9,,name=c5off1;level=overwatered;role=disp;spread=16;gpio=1;device_seq=78680;time_source=device_synced;device_timestamp_utc=2026-07-28T10:08:01.989Z;config_id=170b1c1e;rssi=-56;uptime_s=590130;heap=152900;cal_tier=board-cal;cal_src=wet_rederive_1236_20260719;pressure_context_source=weather_openmeteo;transport=wifi_poll,
plants.soil,2026-07-28T10:08:03.644Z,2026-07-28 05:08:03.644,24722,2a89d4,8gtt1h,0.7.3,fleet_logger_0_1,590130035,UMLIFE_v2_TLC555,ch1,origplant,soil_moisture,1379,,,OK,,,983.9,,name=c5off1;level=well watered;role=disp;spread=32;gpio=4;device_seq=78681;time_source=device_synced;device_timestamp_utc=2026-07-28T10:08:01.989Z;config_id=170b1c1e;rssi=-56;uptime_s=590130;heap=152900;cal_tier=board-cal;cal_src=wet_rederive_1236_20260719;pressure_context_source=weather_openmeteo;transport=wifi_poll,
plants.soil,2026-07-28T10:08:03.644Z,2026-07-28 05:08:03.644,24723,2a89d4,8gtt1h,0.7.3,fleet_logger_0_1,590130035,UMLIFE_v2_TLC555,ch2,origplant,soil_moisture,1259,,,OK,,,983.9,,name=c5off1;level=overwatered;role=disp;spread=10;gpio=5;device_seq=78682;time_source=device_synced;device_timestamp_utc=2026-07-28T10:08:01.989Z;config_id=170b1c1e;rssi=-56;uptime_s=590130;heap=152900;cal_tier=board-cal;cal_src=wet_rederive_1236_20260719;pressure_context_source=weather_openmeteo;transport=wifi_poll,
plants.soil,2026-07-28T10:08:03.644Z,2026-07-28 05:08:03.644,24724,2a89d4,8gtt1h,0.7.3,fleet_logger_0_1,590130035,UMLIFE_v2_TLC555,ch3,origplant,soil_moisture,1597,,,OK,,,983.9,,name=c5off1;level=OK;role=disp;spread=26;gpio=6;device_seq=78683;time_source=device_synced;device_timestamp_utc=2026-07-28T10:08:01.989Z;config_id=170b1c1e;rssi=-56;uptime_s=590130;heap=152900;cal_tier=board-cal;cal_src=wet_rederive_1236_20260719;pressure_context_source=weather_openmeteo;transport=wifi_poll,
plants.env,2026-07-28T10:08:03.644Z,2026-07-28 05:08:03.644,24725,2a89d4,8gtt1h,0.7.3,fleet_logger_0_1,590130719,ESP32,esp32_die,on_chip,die_temp,,23.70,degC,OK,,,,,name=c5off1;source=esp32_die;cal=uncalibrated_board_proxy;api=temperatureRead;config_id=170b1c1e;transport=wifi_poll,
plants.soil,2026-07-28T10:08:33.945Z,2026-07-28 05:08:33.945,24726,2a89d4,8gtt1h,0.7.3,fleet_logger_0_1,590160035,UMLIFE_v2_TLC555,ch0,origplant,soil_moisture,1224,,,OK,,,983.9,,name=c5off1;level=overwatered;role=disp;spread=17;gpio=1;device_seq=78684;time_source=device_synced;device_timestamp_utc=2026-07-28T10:08:31.989Z;config_id=170b1c1e;rssi=-55;uptime_s=590160;heap=152384;cal_tier=board-cal;cal_src=wet_rederive_1236_20260719;pressure_context_source=weather_openmeteo;transport=wifi_poll,
plants.soil,2026-07-28T10:08:33.945Z,2026-07-28 05:08:33.945,24727,2a89d4,8gtt1h,0.7.3,fleet_logger_0_1,590160035,UMLIFE_v2_TLC555,ch1,origplant,soil_moisture,1381,,,OK,,,983.9,,name=c5off1;level=well watered;role=disp;spread=16;gpio=4;device_seq=78685;time_source=device_synced;device_timestamp_utc=2026-07-28T10:08:31.989Z;config_id=170b1c1e;rssi=-55;uptime_s=590160;heap=152384;cal_tier=board-cal;cal_src=wet_rederive_1236_20260719;pressure_context_source=weather_openmeteo;transport=wifi_poll,
plants.soil,2026-07-28T10:08:33.945Z,2026-07-28 05:08:33.945,24728,2a89d4,8gtt1h,0.7.3,fleet_logger_0_1,590160035,UMLIFE_v2_TLC555,ch2,origplant,soil_moisture,1256,,,OK,,,983.9,,name=c5off1;level=overwatered;role=disp;spread=17;gpio=5;device_seq=78686;time_source=device_synced;device_timestamp_utc=2026-07-28T10:08:31.989Z;config_id=170b1c1e;rssi=-55;uptime_s=590160;heap=152384;cal_tier=board-cal;cal_src=wet_rederive_1236_20260719;pressure_context_source=weather_openmeteo;transport=wifi_poll,
plants.soil,2026-07-28T10:08:33.945Z,2026-07-28 05:08:33.945,24729,2a89d4,8gtt1h,0.7.3,fleet_logger_0_1,590160035,UMLIFE_v2_TLC555,ch3,origplant,soil_moisture,1593,,,OK,,,983.9,,name=c5off1;level=OK;role=disp;spread=24;gpio=6;device_seq=78687;time_source=device_synced;device_timestamp_utc=2026-07-28T10:08:31.989Z;config_id=170b1c1e;rssi=-55;uptime_s=590160;heap=152384;cal_tier=board-cal;cal_src=wet_rederive_1236_20260719;pressure_context_source=weather_openmeteo;transport=wifi_poll,
plants.env,2026-07-28T10:08:33.945Z,2026-07-28 05:08:33.945,24730,2a89d4,8gtt1h,0.7.3,fleet_logger_0_1,590160719,ESP32,esp32_die,on_chip,die_temp,,23.70,degC,OK,,,,,name=c5off1;source=esp32_die;cal=uncalibrated_board_proxy;api=temperatureRead;config_id=170b1c1e;transport=wifi_poll,
plants.soil,2026-07-28T10:09:04.201Z,2026-07-28 05:09:04.201,24731,2a89d4,8gtt1h,0.7.3,fleet_logger_0_1,590190035,UMLIFE_v2_TLC555,ch0,origplant,soil_moisture,1231,,,OK,,,983.9,,name=c5off1;level=overwatered;role=disp;spread=5;gpio=1;device_seq=78688;time_source=device_synced;device_timestamp_utc=2026-07-28T10:09:01.989Z;config_id=170b1c1e;rssi=-58;uptime_s=590190;heap=152340;cal_tier=board-cal;cal_src=wet_rederive_1236_20260719;pressure_context_source=weather_openmeteo;transport=wifi_poll,
plants.soil,2026-07-28T10:09:04.201Z,2026-07-28 05:09:04.201,24732,2a89d4,8gtt1h,0.7.3,fleet_logger_0_1,590190035,UMLIFE_v2_TLC555,ch1,origplant,soil_moisture,1384,,,OK,,,983.9,,name=c5off1;level=well watered;role=disp;spread=19;gpio=4;device_seq=78689;time_source=device_synced;device_timestamp_utc=2026-07-28T10:09:01.989Z;config_id=170b1c1e;rssi=-58;uptime_s=590190;heap=152340;cal_tier=board-cal;cal_src=wet_rederive_1236_20260719;pressure_context_source=weather_openmeteo;transport=wifi_poll,
plants.soil,2026-07-28T10:09:04.201Z,2026-07-28 05:09:04.201,24733,2a89d4,8gtt1h,0.7.3,fleet_logger_0_1,590190035,UMLIFE_v2_TLC555,ch2,origplant,soil_moisture,1260,,,OK,,,983.9,,name=c5off1;level=overwatered;role=disp;spread=19;gpio=5;device_seq=78690;time_source=device_synced;device_timestamp_utc=2026-07-28T10:09:01.989Z;config_id=170b1c1e;rssi=-58;uptime_s=590190;heap=152340;cal_tier=board-cal;cal_src=wet_rederive_1236_20260719;pressure_context_source=weather_openmeteo;transport=wifi_poll,
plants.soil,2026-07-28T10:09:04.201Z,2026-07-28 05:09:04.201,24734,2a89d4,8gtt1h,0.7.3,fleet_logger_0_1,590190035,UMLIFE_v2_TLC555,ch3,origplant,soil_moisture,1595,,,OK,,,983.9,,name=c5off1;level=OK;role=disp;spread=8;gpio=6;device_seq=78691;time_source=device_synced;device_timestamp_utc=2026-07-28T10:09:01.989Z;config_id=170b1c1e;rssi=-58;uptime_s=590190;heap=152340;cal_tier=board-cal;cal_src=wet_rederive_1236_20260719;pressure_context_source=weather_openmeteo;transport=wifi_poll,
plants.env,2026-07-28T10:09:04.201Z,2026-07-28 05:09:04.201,24735,2a89d4,8gtt1h,0.7.3,fleet_logger_0_1,590190719,ESP32,esp32_die,on_chip,die_temp,,23.70,degC,OK,,,,,name=c5off1;source=esp32_die;cal=uncalibrated_board_proxy;api=temperatureRead;config_id=170b1c1e;transport=wifi_poll,
plants.soil,2026-07-28T10:09:34.569Z,2026-07-28 05:09:34.569,24736,2a89d4,8gtt1h,0.7.3,fleet_logger_0_1,590220035,UMLIFE_v2_TLC555,ch0,origplant,soil_moisture,1231,,,OK,,,983.9,,name=c5off1;level=overwatered;role=disp;spread=21;gpio=1;device_seq=78692;time_source=device_synced;device_timestamp_utc=2026-07-28T10:09:31.989Z;config_id=170b1c1e;rssi=-57;uptime_s=590220;heap=152592;cal_tier=board-cal;cal_src=wet_rederive_1236_20260719;pressure_context_source=weather_openmeteo;transport=wifi_poll,
plants.soil,2026-07-28T10:09:34.569Z,2026-07-28 05:09:34.569,24737,2a89d4,8gtt1h,0.7.3,fleet_logger_0_1,590220035,UMLIFE_v2_TLC555,ch1,origplant,soil_moisture,1395,,,OK,,,983.9,,name=c5off1;level=well watered;role=disp;spread=21;gpio=4;device_seq=78693;time_source=device_synced;device_timestamp_utc=2026-07-28T10:09:31.989Z;config_id=170b1c1e;rssi=-57;uptime_s=590220;heap=152592;cal_tier=board-cal;cal_src=wet_rederive_1236_20260719;pressure_context_source=weather_openmeteo;transport=wifi_poll,
plants.soil,2026-07-28T10:09:34.569Z,2026-07-28 05:09:34.569,24738,2a89d4,8gtt1h,0.7.3,fleet_logger_0_1,590220035,UMLIFE_v2_TLC555,ch2,origplant,soil_moisture,1259,,,OK,,,983.9,,name=c5off1;level=overwatered;role=disp;spread=10;gpio=5;device_seq=78694;time_source=device_synced;device_timestamp_utc=2026-07-28T10:09:31.989Z;config_id=170b1c1e;rssi=-57;uptime_s=590220;heap=152592;cal_tier=board-cal;cal_src=wet_rederive_1236_20260719;pressure_context_source=weather_openmeteo;transport=wifi_poll,
plants.soil,2026-07-28T10:09:34.569Z,2026-07-28 05:09:34.569,24739,2a89d4,8gtt1h,0.7.3,fleet_logger_0_1,590220035,UMLIFE_v2_TLC555,ch3,origplant,soil_moisture,1595,,,OK,,,983.9,,name=c5off1;level=OK;role=disp;spread=13;gpio=6;device_seq=78695;time_source=device_synced;device_timestamp_utc=2026-07-28T10:09:31.989Z;config_id=170b1c1e;rssi=-57;uptime_s=590220;heap=152592;cal_tier=board-cal;cal_src=wet_rederive_1236_20260719;pressure_context_source=weather_openmeteo;transport=wifi_poll,
plants.env,2026-07-28T10:09:34.569Z,2026-07-28 05:09:34.569,24740,2a89d4,8gtt1h,0.7.3,fleet_logger_0_1,590220719,ESP32,esp32_die,on_chip,die_temp,,23.70,degC,OK,,,,,name=c5off1;source=esp32_die;cal=uncalibrated_board_proxy;api=temperatureRead;config_id=170b1c1e;transport=wifi_poll,
plants.soil,2026-07-28T10:10:04.821Z,2026-07-28 05:10:04.821,24741,2a89d4,8gtt1h,0.7.3,fleet_logger_0_1,590250035,UMLIFE_v2_TLC555,ch0,origplant,soil_moisture,1231,,,OK,,,983.9,,name=c5off1;level=overwatered;role=disp;spread=14;gpio=1;device_seq=78696;time_source=device_synced;device_timestamp_utc=2026-07-28T10:10:01.989Z;config_id=170b1c1e;rssi=-55;uptime_s=590250;heap=152592;cal_tier=board-cal;cal_src=wet_rederive_1236_20260719;pressure_context_source=weather_openmeteo;transport=wifi_poll,
plants.soil,2026-07-28T10:10:04.821Z,2026-07-28 05:10:04.821,24742,2a89d4,8gtt1h,0.7.3,fleet_logger_0_1,590250035,UMLIFE_v2_TLC555,ch1,origplant,soil_moisture,1393,,,OK,,,983.9,,name=c5off1;level=well watered;role=disp;spread=13;gpio=4;device_seq=78697;time_source=device_synced;device_timestamp_utc=2026-07-28T10:10:01.989Z;config_id=170b1c1e;rssi=-55;uptime_s=590250;heap=152592;cal_tier=board-cal;cal_src=wet_rederive_1236_20260719;pressure_context_source=weather_openmeteo;transport=wifi_poll,
plants.soil,2026-07-28T10:10:04.821Z,2026-07-28 05:10:04.821,24743,2a89d4,8gtt1h,0.7.3,fleet_logger_0_1,590250035,UMLIFE_v2_TLC555,ch2,origplant,soil_moisture,1258,,,OK,,,983.9,,name=c5off1;level=overwatered;role=disp;spread=21;gpio=5;device_seq=78698;time_source=device_synced;device_timestamp_utc=2026-07-28T10:10:01.989Z;config_id=170b1c1e;rssi=-55;uptime_s=590250;heap=152592;cal_tier=board-cal;cal_src=wet_rederive_1236_20260719;pressure_context_source=weather_openmeteo;transport=wifi_poll,
plants.soil,2026-07-28T10:10:04.821Z,2026-07-28 05:10:04.821,24744,2a89d4,8gtt1h,0.7.3,fleet_logger_0_1,590250035,UMLIFE_v2_TLC555,ch3,origplant,soil_moisture,1598,,,OK,,,983.9,,name=c5off1;level=OK;role=disp;spread=22;gpio=6;device_seq=78699;time_source=device_synced;device_timestamp_utc=2026-07-28T10:10:01.989Z;config_id=170b1c1e;rssi=-55;uptime_s=590250;heap=152592;cal_tier=board-cal;cal_src=wet_rederive_1236_20260719;pressure_context_source=weather_openmeteo;transport=wifi_poll,
plants.env,2026-07-28T10:10:04.821Z,2026-07-28 05:10:04.821,24745,2a89d4,8gtt1h,0.7.3,fleet_logger_0_1,590250719,ESP32,esp32_die,on_chip,die_temp,,23.70,degC,OK,,,,,name=c5off1;source=esp32_die;cal=uncalibrated_board_proxy;api=temperatureRead;config_id=170b1c1e;transport=wifi_poll,
plants.soil,2026-07-28T10:10:35.211Z,2026-07-28 05:10:35.211,24746,2a89d4,8gtt1h,0.7.3,fleet_logger_0_1,590280035,UMLIFE_v2_TLC555,ch0,origplant,soil_moisture,1233,,,OK,,,983.9,,name=c5off1;level=overwatered;role=disp;spread=13;gpio=1;device_seq=78700;time_source=device_synced;device_timestamp_utc=2026-07-28T10:10:31.989Z;config_id=170b1c1e;rssi=-56;uptime_s=590280;heap=152604;cal_tier=board-cal;cal_src=wet_rederive_1236_20260719;pressure_context_source=weather_openmeteo;transport=wifi_poll,
plants.soil,2026-07-28T10:10:35.211Z,2026-07-28 05:10:35.211,24747,2a89d4,8gtt1h,0.7.3,fleet_logger_0_1,590280035,UMLIFE_v2_TLC555,ch1,origplant,soil_moisture,1394,,,OK,,,983.9,,name=c5off1;level=well watered;role=disp;spread=9;gpio=4;device_seq=78701;time_source=device_synced;device_timestamp_utc=2026-07-28T10:10:31.989Z;config_id=170b1c1e;rssi=-56;uptime_s=590280;heap=152604;cal_tier=board-cal;cal_src=wet_rederive_1236_20260719;pressure_context_source=weather_openmeteo;transport=wifi_poll,
plants.soil,2026-07-28T10:10:35.211Z,2026-07-28 05:10:35.211,24748,2a89d4,8gtt1h,0.7.3,fleet_logger_0_1,590280035,UMLIFE_v2_TLC555,ch2,origplant,soil_moisture,1259,,,OK,,,983.9,,name=c5off1;level=overwatered;role=disp;spread=23;gpio=5;device_seq=78702;time_source=device_synced;device_timestamp_utc=2026-07-28T10:10:31.989Z;config_id=170b1c1e;rssi=-56;uptime_s=590280;heap=152604;cal_tier=board-cal;cal_src=wet_rederive_1236_20260719;pressure_context_source=weather_openmeteo;transport=wifi_poll,
plants.soil,2026-07-28T10:10:35.211Z,2026-07-28 05:10:35.211,24749,2a89d4,8gtt1h,0.7.3,fleet_logger_0_1,590280035,UMLIFE_v2_TLC555,ch3,origplant,soil_moisture,1609,,,OK,,,983.9,,name=c5off1;level=OK;role=disp;spread=21;gpio=6;device_seq=78703;time_source=device_synced;device_timestamp_utc=2026-07-28T10:10:31.989Z;config_id=170b1c1e;rssi=-56;uptime_s=590280;heap=152604;cal_tier=board-cal;cal_src=wet_rederive_1236_20260719;pressure_context_source=weather_openmeteo;transport=wifi_poll,
plants.env,2026-07-28T10:10:35.211Z,2026-07-28 05:10:35.211,24750,2a89d4,8gtt1h,0.7.3,fleet_logger_0_1,590280719,ESP32,esp32_die,on_chip,die_temp,,23.70,degC,OK,,,,,name=c5off1;source=esp32_die;cal=uncalibrated_board_proxy;api=temperatureRead;config_id=170b1c1e;transport=wifi_poll,
plants.soil,2026-07-28T10:11:05.404Z,2026-07-28 05:11:05.404,24751,2a89d4,8gtt1h,0.7.3,fleet_logger_0_1,590310035,UMLIFE_v2_TLC555,ch0,origplant,soil_moisture,1233,,,OK,,,983.9,,name=c5off1;level=overwatered;role=disp;spread=18;gpio=1;device_seq=78704;time_source=device_synced;device_timestamp_utc=2026-07-28T10:11:01.989Z;config_id=170b1c1e;rssi=-57;uptime_s=590310;heap=152596;cal_tier=board-cal;cal_src=wet_rederive_1236_20260719;pressure_context_source=weather_openmeteo;transport=wifi_poll,
plants.soil,2026-07-28T10:11:05.404Z,2026-07-28 05:11:05.404,24752,2a89d4,8gtt1h,0.7.3,fleet_logger_0_1,590310035,UMLIFE_v2_TLC555,ch1,origplant,soil_moisture,1396,,,OK,,,983.9,,name=c5off1;level=well watered;role=disp;spread=19;gpio=4;device_seq=78705;time_source=device_synced;device_timestamp_utc=2026-07-28T10:11:01.989Z;config_id=170b1c1e;rssi=-57;uptime_s=590310;heap=152596;cal_tier=board-cal;cal_src=wet_rederive_1236_20260719;pressure_context_source=weather_openmeteo;transport=wifi_poll,
plants.soil,2026-07-28T10:11:05.404Z,2026-07-28 05:11:05.404,24753,2a89d4,8gtt1h,0.7.3,fleet_logger_0_1,590310035,UMLIFE_v2_TLC555,ch2,origplant,soil_moisture,1261,,,OK,,,983.9,,name=c5off1;level=overwatered;role=disp;spread=14;gpio=5;device_seq=78706;time_source=device_synced;device_timestamp_utc=2026-07-28T10:11:01.989Z;config_id=170b1c1e;rssi=-57;uptime_s=590310;heap=152596;cal_tier=board-cal;cal_src=wet_rederive_1236_20260719;pressure_context_source=weather_openmeteo;transport=wifi_poll,
plants.soil,2026-07-28T10:11:05.404Z,2026-07-28 05:11:05.404,24754,2a89d4,8gtt1h,0.7.3,fleet_logger_0_1,590310035,UMLIFE_v2_TLC555,ch3,origplant,soil_moisture,1611,,,OK,,,983.9,,name=c5off1;level=OK;role=disp;spread=25;gpio=6;device_seq=78707;time_source=device_synced;device_timestamp_utc=2026-07-28T10:11:01.989Z;config_id=170b1c1e;rssi=-57;uptime_s=590310;heap=152596;cal_tier=board-cal;cal_src=wet_rederive_1236_20260719;pressure_context_source=weather_openmeteo;transport=wifi_poll,
plants.env,2026-07-28T10:11:05.404Z,2026-07-28 05:11:05.404,24755,2a89d4,8gtt1h,0.7.3,fleet_logger_0_1,590310719,ESP32,esp32_die,on_chip,die_temp,,23.70,degC,OK,,,,,name=c5off1;source=esp32_die;cal=uncalibrated_board_proxy;api=temperatureRead;config_id=170b1c1e;transport=wifi_poll,
plants.soil,2026-07-28T10:11:35.630Z,2026-07-28 05:11:35.630,24756,2a89d4,8gtt1h,0.7.3,fleet_logger_0_1,590340035,UMLIFE_v2_TLC555,ch0,origplant,soil_moisture,1234,,,OK,,,983.9,,name=c5off1;level=overwatered;role=disp;spread=9;gpio=1;device_seq=78708;time_source=device_synced;device_timestamp_utc=2026-07-28T10:11:31.989Z;config_id=170b1c1e;rssi=-57;uptime_s=590340;heap=152344;cal_tier=board-cal;cal_src=wet_rederive_1236_20260719;pressure_context_source=weather_openmeteo;transport=wifi_poll,
plants.soil,2026-07-28T10:11:35.630Z,2026-07-28 05:11:35.630,24757,2a89d4,8gtt1h,0.7.3,fleet_logger_0_1,590340035,UMLIFE_v2_TLC555,ch1,origplant,soil_moisture,1394,,,OK,,,983.9,,name=c5off1;level=well watered;role=disp;spread=23;gpio=4;device_seq=78709;time_source=device_synced;device_timestamp_utc=2026-07-28T10:11:31.989Z;config_id=170b1c1e;rssi=-57;uptime_s=590340;heap=152344;cal_tier=board-cal;cal_src=wet_rederive_1236_20260719;pressure_context_source=weather_openmeteo;transport=wifi_poll,
plants.soil,2026-07-28T10:11:35.630Z,2026-07-28 05:11:35.630,24758,2a89d4,8gtt1h,0.7.3,fleet_logger_0_1,590340035,UMLIFE_v2_TLC555,ch2,origplant,soil_moisture,1259,,,OK,,,983.9,,name=c5off1;level=overwatered;role=disp;spread=19;gpio=5;device_seq=78710;time_source=device_synced;device_timestamp_utc=2026-07-28T10:11:31.989Z;config_id=170b1c1e;rssi=-57;uptime_s=590340;heap=152344;cal_tier=board-cal;cal_src=wet_rederive_1236_20260719;pressure_context_source=weather_openmeteo;transport=wifi_poll,
plants.soil,2026-07-28T10:11:35.630Z,2026-07-28 05:11:35.630,24759,2a89d4,8gtt1h,0.7.3,fleet_logger_0_1,590340035,UMLIFE_v2_TLC555,ch3,origplant,soil_moisture,1612,,,OK,,,983.9,,name=c5off1;level=OK;role=disp;spread=17;gpio=6;device_seq=78711;time_source=device_synced;device_timestamp_utc=2026-07-28T10:11:31.989Z;config_id=170b1c1e;rssi=-57;uptime_s=590340;heap=152344;cal_tier=board-cal;cal_src=wet_rederive_1236_20260719;pressure_context_source=weather_openmeteo;transport=wifi_poll,
plants.env,2026-07-28T10:11:35.630Z,2026-07-28 05:11:35.630,24760,2a89d4,8gtt1h,0.7.3,fleet_logger_0_1,590340719,ESP32,esp32_die,on_chip,die_temp,,23.70,degC,OK,,,,,name=c5off1;source=esp32_die;cal=uncalibrated_board_proxy;api=temperatureRead;config_id=170b1c1e;transport=wifi_poll,
plants.soil,2026-07-28T10:12:05.857Z,2026-07-28 05:12:05.857,24761,2a89d4,8gtt1h,0.7.3,fleet_logger_0_1,590370035,UMLIFE_v2_TLC555,ch0,origplant,soil_moisture,1233,,,OK,,,983.9,,name=c5off1;level=overwatered;role=disp;spread=18;gpio=1;device_seq=78712;time_source=device_synced;device_timestamp_utc=2026-07-28T10:12:01.989Z;config_id=170b1c1e;rssi=-58;uptime_s=590370;heap=152392;cal_tier=board-cal;cal_src=wet_rederive_1236_20260719;pressure_context_source=weather_openmeteo;transport=wifi_poll,
plants.soil,2026-07-28T10:12:05.857Z,2026-07-28 05:12:05.857,24762,2a89d4,8gtt1h,0.7.3,fleet_logger_0_1,590370035,UMLIFE_v2_TLC555,ch1,origplant,soil_moisture,1397,,,OK,,,983.9,,name=c5off1;level=well watered;role=disp;spread=17;gpio=4;device_seq=78713;time_source=device_synced;device_timestamp_utc=2026-07-28T10:12:01.989Z;config_id=170b1c1e;rssi=-58;uptime_s=590370;heap=152392;cal_tier=board-cal;cal_src=wet_rederive_1236_20260719;pressure_context_source=weather_openmeteo;transport=wifi_poll,
plants.soil,2026-07-28T10:12:05.857Z,2026-07-28 05:12:05.857,24763,2a89d4,8gtt1h,0.7.3,fleet_logger_0_1,590370035,UMLIFE_v2_TLC555,ch2,origplant,soil_moisture,1259,,,OK,,,983.9,,name=c5off1;level=overwatered;role=disp;spread=11;gpio=5;device_seq=78714;time_source=device_synced;device_timestamp_utc=2026-07-28T10:12:01.989Z;config_id=170b1c1e;rssi=-58;uptime_s=590370;heap=152392;cal_tier=board-cal;cal_src=wet_rederive_1236_20260719;pressure_context_source=weather_openmeteo;transport=wifi_poll,
plants.soil,2026-07-28T10:12:05.857Z,2026-07-28 05:12:05.857,24764,2a89d4,8gtt1h,0.7.3,fleet_logger_0_1,590370035,UMLIFE_v2_TLC555,ch3,origplant,soil_moisture,1610,,,OK,,,983.9,,name=c5off1;level=OK;role=disp;spread=30;gpio=6;device_seq=78715;time_source=device_synced;device_timestamp_utc=2026-07-28T10:12:01.989Z;config_id=170b1c1e;rssi=-58;uptime_s=590370;heap=152392;cal_tier=board-cal;cal_src=wet_rederive_1236_20260719;pressure_context_source=weather_openmeteo;transport=wifi_poll,
plants.env,2026-07-28T10:12:05.857Z,2026-07-28 05:12:05.857,24765,2a89d4,8gtt1h,0.7.3,fleet_logger_0_1,590370719,ESP32,esp32_die,on_chip,die_temp,,23.70,degC,OK,,,,,name=c5off1;source=esp32_die;cal=uncalibrated_board_proxy;api=temperatureRead;config_id=170b1c1e;transport=wifi_poll,
plants.soil,2026-07-28T10:12:36.167Z,2026-07-28 05:12:36.167,24766,2a89d4,8gtt1h,0.7.3,fleet_logger_0_1,590400035,UMLIFE_v2_TLC555,ch0,origplant,soil_moisture,1232,,,OK,,,983.9,,name=c5off1;level=overwatered;role=disp;spread=18;gpio=1;device_seq=78716;time_source=device_synced;device_timestamp_utc=2026-07-28T10:12:31.989Z;config_id=170b1c1e;rssi=-56;uptime_s=590400;heap=152644;cal_tier=board-cal;cal_src=wet_rederive_1236_20260719;pressure_context_source=weather_openmeteo;transport=wifi_poll,
plants.soil,2026-07-28T10:12:36.167Z,2026-07-28 05:12:36.167,24767,2a89d4,8gtt1h,0.7.3,fleet_logger_0_1,590400035,UMLIFE_v2_TLC555,ch1,origplant,soil_moisture,1392,,,OK,,,983.9,,name=c5off1;level=well watered;role=disp;spread=20;gpio=4;device_seq=78717;time_source=device_synced;device_timestamp_utc=2026-07-28T10:12:31.989Z;config_id=170b1c1e;rssi=-56;uptime_s=590400;heap=152644;cal_tier=board-cal;cal_src=wet_rederive_1236_20260719;pressure_context_source=weather_openmeteo;transport=wifi_poll,
plants.soil,2026-07-28T10:12:36.167Z,2026-07-28 05:12:36.167,24768,2a89d4,8gtt1h,0.7.3,fleet_logger_0_1,590400035,UMLIFE_v2_TLC555,ch2,origplant,soil_moisture,1261,,,OK,,,983.9,,name=c5off1;level=overwatered;role=disp;spread=10;gpio=5;device_seq=78718;time_source=device_synced;device_timestamp_utc=2026-07-28T10:12:31.989Z;config_id=170b1c1e;rssi=-56;uptime_s=590400;heap=152644;cal_tier=board-cal;cal_src=wet_rederive_1236_20260719;pressure_context_source=weather_openmeteo;transport=wifi_poll,
plants.soil,2026-07-28T10:12:36.167Z,2026-07-28 05:12:36.167,24769,2a89d4,8gtt1h,0.7.3,fleet_logger_0_1,590400035,UMLIFE_v2_TLC555,ch3,origplant,soil_moisture,1611,,,OK,,,983.9,,name=c5off1;level=OK;role=disp;spread=22;gpio=6;device_seq=78719;time_source=device_synced;device_timestamp_utc=2026-07-28T10:12:31.989Z;config_id=170b1c1e;rssi=-56;uptime_s=590400;heap=152644;cal_tier=board-cal;cal_src=wet_rederive_1236_20260719;pressure_context_source=weather_openmeteo;transport=wifi_poll,
plants.env,2026-07-28T10:12:36.167Z,2026-07-28 05:12:36.167,24770,2a89d4,8gtt1h,0.7.3,fleet_logger_0_1,590401819,ESP32,esp32_die,on_chip,die_temp,,23.70,degC,OK,,,,,name=c5off1;source=esp32_die;cal=uncalibrated_board_proxy;api=temperatureRead;config_id=170b1c1e;transport=wifi_poll,
plants.soil,2026-07-28T10:13:06.990Z,2026-07-28 05:13:06.990,24771,2a89d4,8gtt1h,0.7.3,fleet_logger_0_1,590430035,UMLIFE_v2_TLC555,ch0,origplant,soil_moisture,1233,,,OK,,,983.9,,name=c5off1;level=overwatered;role=disp;spread=7;gpio=1;device_seq=78720;time_source=device_synced;device_timestamp_utc=2026-07-28T10:13:01.989Z;config_id=170b1c1e;rssi=-55;uptime_s=590430;heap=152648;cal_tier=board-cal;cal_src=wet_rederive_1236_20260719;pressure_context_source=weather_openmeteo;transport=wifi_poll,
plants.soil,2026-07-28T10:13:06.990Z,2026-07-28 05:13:06.990,24772,2a89d4,8gtt1h,0.7.3,fleet_logger_0_1,590430035,UMLIFE_v2_TLC555,ch1,origplant,soil_moisture,1398,,,OK,,,983.9,,name=c5off1;level=well watered;role=disp;spread=11;gpio=4;device_seq=78721;time_source=device_synced;device_timestamp_utc=2026-07-28T10:13:01.989Z;config_id=170b1c1e;rssi=-55;uptime_s=590430;heap=152648;cal_tier=board-cal;cal_src=wet_rederive_1236_20260719;pressure_context_source=weather_openmeteo;transport=wifi_poll,
plants.soil,2026-07-28T10:13:06.990Z,2026-07-28 05:13:06.990,24773,2a89d4,8gtt1h,0.7.3,fleet_logger_0_1,590430035,UMLIFE_v2_TLC555,ch2,origplant,soil_moisture,1260,,,OK,,,983.9,,name=c5off1;level=overwatered;role=disp;spread=10;gpio=5;device_seq=78722;time_source=device_synced;device_timestamp_utc=2026-07-28T10:13:01.989Z;config_id=170b1c1e;rssi=-55;uptime_s=590430;heap=152648;cal_tier=board-cal;cal_src=wet_rederive_1236_20260719;pressure_context_source=weather_openmeteo;transport=wifi_poll,
plants.soil,2026-07-28T10:13:06.990Z,2026-07-28 05:13:06.990,24774,2a89d4,8gtt1h,0.7.3,fleet_logger_0_1,590430035,UMLIFE_v2_TLC555,ch3,origplant,soil_moisture,1610,,,OK,,,983.9,,name=c5off1;level=OK;role=disp;spread=26;gpio=6;device_seq=78723;time_source=device_synced;device_timestamp_utc=2026-07-28T10:13:01.989Z;config_id=170b1c1e;rssi=-55;uptime_s=590430;heap=152648;cal_tier=board-cal;cal_src=wet_rederive_1236_20260719;pressure_context_source=weather_openmeteo;transport=wifi_poll,
plants.env,2026-07-28T10:13:06.990Z,2026-07-28 05:13:06.990,24775,2a89d4,8gtt1h,0.7.3,fleet_logger_0_1,590430719,ESP32,esp32_die,on_chip,die_temp,,23.70,degC,OK,,,,,name=c5off1;source=esp32_die;cal=uncalibrated_board_proxy;api=temperatureRead;config_id=170b1c1e;transport=wifi_poll,
plants.soil,2026-07-28T10:13:37.609Z,2026-07-28 05:13:37.609,24776,2a89d4,8gtt1h,0.7.3,fleet_logger_0_1,590460035,UMLIFE_v2_TLC555,ch0,origplant,soil_moisture,1233,,,OK,,,983.9,,name=c5off1;level=overwatered;role=disp;spread=5;gpio=1;device_seq=78724;time_source=device_synced;device_timestamp_utc=2026-07-28T10:13:31.989Z;config_id=170b1c1e;rssi=-55;uptime_s=590460;heap=152648;cal_tier=board-cal;cal_src=wet_rederive_1236_20260719;pressure_context_source=weather_openmeteo;transport=wifi_poll,
plants.soil,2026-07-28T10:13:37.609Z,2026-07-28 05:13:37.609,24777,2a89d4,8gtt1h,0.7.3,fleet_logger_0_1,590460035,UMLIFE_v2_TLC555,ch1,origplant,soil_moisture,1397,,,OK,,,983.9,,name=c5off1;level=well watered;role=disp;spread=20;gpio=4;device_seq=78725;time_source=device_synced;device_timestamp_utc=2026-07-28T10:13:31.989Z;config_id=170b1c1e;rssi=-55;uptime_s=590460;heap=152648;cal_tier=board-cal;cal_src=wet_rederive_1236_20260719;pressure_context_source=weather_openmeteo;transport=wifi_poll,
plants.soil,2026-07-28T10:13:37.609Z,2026-07-28 05:13:37.609,24778,2a89d4,8gtt1h,0.7.3,fleet_logger_0_1,590460035,UMLIFE_v2_TLC555,ch2,origplant,soil_moisture,1258,,,OK,,,983.9,,name=c5off1;level=overwatered;role=disp;spread=14;gpio=5;device_seq=78726;time_source=device_synced;device_timestamp_utc=2026-07-28T10:13:31.989Z;config_id=170b1c1e;rssi=-55;uptime_s=590460;heap=152648;cal_tier=board-cal;cal_src=wet_rederive_1236_20260719;pressure_context_source=weather_openmeteo;transport=wifi_poll,
plants.soil,2026-07-28T10:13:37.609Z,2026-07-28 05:13:37.609,24779,2a89d4,8gtt1h,0.7.3,fleet_logger_0_1,590460035,UMLIFE_v2_TLC555,ch3,origplant,soil_moisture,1612,,,OK,,,983.9,,name=c5off1;level=OK;role=disp;spread=30;gpio=6;device_seq=78727;time_source=device_synced;device_timestamp_utc=2026-07-28T10:13:31.989Z;config_id=170b1c1e;rssi=-55;uptime_s=590460;heap=152648;cal_tier=board-cal;cal_src=wet_rederive_1236_20260719;pressure_context_source=weather_openmeteo;transport=wifi_poll,
plants.env,2026-07-28T10:13:37.609Z,2026-07-28 05:13:37.609,24780,2a89d4,8gtt1h,0.7.3,fleet_logger_0_1,590460719,ESP32,esp32_die,on_chip,die_temp,,23.70,degC,OK,,,,,name=c5off1;source=esp32_die;cal=uncalibrated_board_proxy;api=temperatureRead;config_id=170b1c1e;transport=wifi_poll,
plants.soil,2026-07-28T10:14:08.840Z,2026-07-28 05:14:08.840,24781,2a89d4,8gtt1h,0.7.3,fleet_logger_0_1,590490035,UMLIFE_v2_TLC555,ch0,origplant,soil_moisture,1233,,,OK,,,983.9,,name=c5off1;level=overwatered;role=disp;spread=21;gpio=1;device_seq=78728;time_source=device_synced;device_timestamp_utc=2026-07-28T10:14:01.989Z;config_id=170b1c1e;rssi=-60;uptime_s=590490;heap=152648;cal_tier=board-cal;cal_src=wet_rederive_1236_20260719;pressure_context_source=weather_openmeteo;transport=wifi_poll,
plants.soil,2026-07-28T10:14:08.840Z,2026-07-28 05:14:08.840,24782,2a89d4,8gtt1h,0.7.3,fleet_logger_0_1,590490035,UMLIFE_v2_TLC555,ch1,origplant,soil_moisture,1399,,,OK,,,983.9,,name=c5off1;level=well watered;role=disp;spread=17;gpio=4;device_seq=78729;time_source=device_synced;device_timestamp_utc=2026-07-28T10:14:01.989Z;config_id=170b1c1e;rssi=-60;uptime_s=590490;heap=152648;cal_tier=board-cal;cal_src=wet_rederive_1236_20260719;pressure_context_source=weather_openmeteo;transport=wifi_poll,
plants.soil,2026-07-28T10:14:08.840Z,2026-07-28 05:14:08.840,24783,2a89d4,8gtt1h,0.7.3,fleet_logger_0_1,590490035,UMLIFE_v2_TLC555,ch2,origplant,soil_moisture,1260,,,OK,,,983.9,,name=c5off1;level=overwatered;role=disp;spread=11;gpio=5;device_seq=78730;time_source=device_synced;device_timestamp_utc=2026-07-28T10:14:01.989Z;config_id=170b1c1e;rssi=-60;uptime_s=590490;heap=152648;cal_tier=board-cal;cal_src=wet_rederive_1236_20260719;pressure_context_source=weather_openmeteo;transport=wifi_poll,
plants.soil,2026-07-28T10:14:08.840Z,2026-07-28 05:14:08.840,24784,2a89d4,8gtt1h,0.7.3,fleet_logger_0_1,590490035,UMLIFE_v2_TLC555,ch3,origplant,soil_moisture,1611,,,OK,,,983.9,,name=c5off1;level=OK;role=disp;spread=19;gpio=6;device_seq=78731;time_source=device_synced;device_timestamp_utc=2026-07-28T10:14:01.989Z;config_id=170b1c1e;rssi=-60;uptime_s=590490;heap=152648;cal_tier=board-cal;cal_src=wet_rederive_1236_20260719;pressure_context_source=weather_openmeteo;transport=wifi_poll,
plants.env,2026-07-28T10:14:08.840Z,2026-07-28 05:14:08.840,24785,2a89d4,8gtt1h,0.7.3,fleet_logger_0_1,590490719,ESP32,esp32_die,on_chip,die_temp,,23.70,degC,OK,,,,,name=c5off1;source=esp32_die;cal=uncalibrated_board_proxy;api=temperatureRead;config_id=170b1c1e;transport=wifi_poll,
plants.soil,2026-07-28T10:14:39.149Z,2026-07-28 05:14:39.149,24786,2a89d4,8gtt1h,0.7.3,fleet_logger_0_1,590520035,UMLIFE_v2_TLC555,ch0,origplant,soil_moisture,1233,,,OK,,,983.9,,name=c5off1;level=overwatered;role=disp;spread=11;gpio=1;device_seq=78732;time_source=device_synced;device_timestamp_utc=2026-07-28T10:14:31.989Z;config_id=170b1c1e;rssi=-58;uptime_s=590520;heap=152400;cal_tier=board-cal;cal_src=wet_rederive_1236_20260719;pressure_context_source=weather_openmeteo;transport=wifi_poll,
plants.soil,2026-07-28T10:14:39.149Z,2026-07-28 05:14:39.149,24787,2a89d4,8gtt1h,0.7.3,fleet_logger_0_1,590520035,UMLIFE_v2_TLC555,ch1,origplant,soil_moisture,1394,,,OK,,,983.9,,name=c5off1;level=well watered;role=disp;spread=25;gpio=4;device_seq=78733;time_source=device_synced;device_timestamp_utc=2026-07-28T10:14:31.989Z;config_id=170b1c1e;rssi=-58;uptime_s=590520;heap=152400;cal_tier=board-cal;cal_src=wet_rederive_1236_20260719;pressure_context_source=weather_openmeteo;transport=wifi_poll,
plants.soil,2026-07-28T10:14:39.149Z,2026-07-28 05:14:39.149,24788,2a89d4,8gtt1h,0.7.3,fleet_logger_0_1,590520035,UMLIFE_v2_TLC555,ch2,origplant,soil_moisture,1260,,,OK,,,983.9,,name=c5off1;level=overwatered;role=disp;spread=15;gpio=5;device_seq=78734;time_source=device_synced;device_timestamp_utc=2026-07-28T10:14:31.989Z;config_id=170b1c1e;rssi=-58;uptime_s=590520;heap=152400;cal_tier=board-cal;cal_src=wet_rederive_1236_20260719;pressure_context_source=weather_openmeteo;transport=wifi_poll,
plants.soil,2026-07-28T10:14:39.149Z,2026-07-28 05:14:39.149,24789,2a89d4,8gtt1h,0.7.3,fleet_logger_0_1,590520035,UMLIFE_v2_TLC555,ch3,origplant,soil_moisture,1610,,,OK,,,983.9,,name=c5off1;level=OK;role=disp;spread=23;gpio=6;device_seq=78735;time_source=device_synced;device_timestamp_utc=2026-07-28T10:14:31.989Z;config_id=170b1c1e;rssi=-58;uptime_s=590520;heap=152400;cal_tier=board-cal;cal_src=wet_rederive_1236_20260719;pressure_context_source=weather_openmeteo;transport=wifi_poll,
plants.env,2026-07-28T10:14:39.149Z,2026-07-28 05:14:39.149,24790,2a89d4,8gtt1h,0.7.3,fleet_logger_0_1,590520719,ESP32,esp32_die,on_chip,die_temp,,23.70,degC,OK,,,,,name=c5off1;source=esp32_die;cal=uncalibrated_board_proxy;api=temperatureRead;config_id=170b1c1e;transport=wifi_poll,
plants.soil,2026-07-28T10:15:09.972Z,2026-07-28 05:15:09.972,24791,2a89d4,8gtt1h,0.7.3,fleet_logger_0_1,590550035,UMLIFE_v2_TLC555,ch0,origplant,soil_moisture,1236,,,OK,,,983.9,,name=c5off1;level=overwatered;role=disp;spread=10;gpio=1;device_seq=78736;time_source=device_synced;device_timestamp_utc=2026-07-28T10:15:01.989Z;config_id=170b1c1e;rssi=-58;uptime_s=590550;heap=152404;cal_tier=board-cal;cal_src=wet_rederive_1236_20260719;pressure_context_source=weather_openmeteo;transport=wifi_poll,
plants.soil,2026-07-28T10:15:09.972Z,2026-07-28 05:15:09.972,24792,2a89d4,8gtt1h,0.7.3,fleet_logger_0_1,590550035,UMLIFE_v2_TLC555,ch1,origplant,soil_moisture,1397,,,OK,,,983.9,,name=c5off1;level=well watered;role=disp;spread=16;gpio=4;device_seq=78737;time_source=device_synced;device_timestamp_utc=2026-07-28T10:15:01.989Z;config_id=170b1c1e;rssi=-58;uptime_s=590550;heap=152404;cal_tier=board-cal;cal_src=wet_rederive_1236_20260719;pressure_context_source=weather_openmeteo;transport=wifi_poll,
plants.soil,2026-07-28T10:15:09.972Z,2026-07-28 05:15:09.972,24793,2a89d4,8gtt1h,0.7.3,fleet_logger_0_1,590550035,UMLIFE_v2_TLC555,ch2,origplant,soil_moisture,1259,,,OK,,,983.9,,name=c5off1;level=overwatered;role=disp;spread=11;gpio=5;device_seq=78738;time_source=device_synced;device_timestamp_utc=2026-07-28T10:15:01.989Z;config_id=170b1c1e;rssi=-58;uptime_s=590550;heap=152404;cal_tier=board-cal;cal_src=wet_rederive_1236_20260719;pressure_context_source=weather_openmeteo;transport=wifi_poll,
plants.soil,2026-07-28T10:15:09.972Z,2026-07-28 05:15:09.972,24794,2a89d4,8gtt1h,0.7.3,fleet_logger_0_1,590550035,UMLIFE_v2_TLC555,ch3,origplant,soil_moisture,1611,,,OK,,,983.9,,name=c5off1;level=OK;role=disp;spread=24;gpio=6;device_seq=78739;time_source=device_synced;device_timestamp_utc=2026-07-28T10:15:01.989Z;config_id=170b1c1e;rssi=-58;uptime_s=590550;heap=152404;cal_tier=board-cal;cal_src=wet_rederive_1236_20260719;pressure_context_source=weather_openmeteo;transport=wifi_poll,
plants.env,2026-07-28T10:15:09.972Z,2026-07-28 05:15:09.972,24795,2a89d4,8gtt1h,0.7.3,fleet_logger_0_1,590550719,ESP32,esp32_die,on_chip,die_temp,,23.70,degC,OK,,,,,name=c5off1;source=esp32_die;cal=uncalibrated_board_proxy;api=temperatureRead;config_id=170b1c1e;transport=wifi_poll,
plants.soil,2026-07-28T10:15:40.384Z,2026-07-28 05:15:40.384,24796,2a89d4,8gtt1h,0.7.3,fleet_logger_0_1,590580035,UMLIFE_v2_TLC555,ch0,origplant,soil_moisture,1233,,,OK,,,983.9,,name=c5off1;level=overwatered;role=disp;spread=12;gpio=1;device_seq=78740;time_source=device_synced;device_timestamp_utc=2026-07-28T10:15:31.989Z;config_id=170b1c1e;rssi=-56;uptime_s=590580;heap=152644;cal_tier=board-cal;cal_src=wet_rederive_1236_20260719;pressure_context_source=weather_openmeteo;transport=wifi_poll,
plants.soil,2026-07-28T10:15:40.384Z,2026-07-28 05:15:40.384,24797,2a89d4,8gtt1h,0.7.3,fleet_logger_0_1,590580035,UMLIFE_v2_TLC555,ch1,origplant,soil_moisture,1395,,,OK,,,983.9,,name=c5off1;level=well watered;role=disp;spread=18;gpio=4;device_seq=78741;time_source=device_synced;device_timestamp_utc=2026-07-28T10:15:31.989Z;config_id=170b1c1e;rssi=-56;uptime_s=590580;heap=152644;cal_tier=board-cal;cal_src=wet_rederive_1236_20260719;pressure_context_source=weather_openmeteo;transport=wifi_poll,
plants.soil,2026-07-28T10:15:40.384Z,2026-07-28 05:15:40.384,24798,2a89d4,8gtt1h,0.7.3,fleet_logger_0_1,590580035,UMLIFE_v2_TLC555,ch2,origplant,soil_moisture,1262,,,OK,,,983.9,,name=c5off1;level=overwatered;role=disp;spread=11;gpio=5;device_seq=78742;time_source=device_synced;device_timestamp_utc=2026-07-28T10:15:31.989Z;config_id=170b1c1e;rssi=-56;uptime_s=590580;heap=152644;cal_tier=board-cal;cal_src=wet_rederive_1236_20260719;pressure_context_source=weather_openmeteo;transport=wifi_poll,
plants.soil,2026-07-28T10:15:40.384Z,2026-07-28 05:15:40.384,24799,2a89d4,8gtt1h,0.7.3,fleet_logger_0_1,590580035,UMLIFE_v2_TLC555,ch3,origplant,soil_moisture,1613,,,OK,,,983.9,,name=c5off1;level=OK;role=disp;spread=23;gpio=6;device_seq=78743;time_source=device_synced;device_timestamp_utc=2026-07-28T10:15:31.989Z;config_id=170b1c1e;rssi=-56;uptime_s=590580;heap=152644;cal_tier=board-cal;cal_src=wet_rederive_1236_20260719;pressure_context_source=weather_openmeteo;transport=wifi_poll,
plants.env,2026-07-28T10:15:40.384Z,2026-07-28 05:15:40.384,24800,2a89d4,8gtt1h,0.7.3,fleet_logger_0_1,590580719,ESP32,esp32_die,on_chip,die_temp,,23.70,degC,OK,,,,,name=c5off1;source=esp32_die;cal=uncalibrated_board_proxy;api=temperatureRead;config_id=170b1c1e;transport=wifi_poll,
plants.soil,2026-07-28T10:16:10.797Z,2026-07-28 05:16:10.797,24801,2a89d4,8gtt1h,0.7.3,fleet_logger_0_1,590610035,UMLIFE_v2_TLC555,ch0,origplant,soil_moisture,1231,,,OK,,,983.9,,name=c5off1;level=overwatered;role=disp;spread=5;gpio=1;device_seq=78744;time_source=device_synced;device_timestamp_utc=2026-07-28T10:16:01.989Z;config_id=170b1c1e;rssi=-55;uptime_s=590610;heap=152644;cal_tier=board-cal;cal_src=wet_rederive_1236_20260719;pressure_context_source=weather_openmeteo;transport=wifi_poll,
plants.soil,2026-07-28T10:16:10.797Z,2026-07-28 05:16:10.797,24802,2a89d4,8gtt1h,0.7.3,fleet_logger_0_1,590610035,UMLIFE_v2_TLC555,ch1,origplant,soil_moisture,1394,,,OK,,,983.9,,name=c5off1;level=well watered;role=disp;spread=26;gpio=4;device_seq=78745;time_source=device_synced;device_timestamp_utc=2026-07-28T10:16:01.989Z;config_id=170b1c1e;rssi=-55;uptime_s=590610;heap=152644;cal_tier=board-cal;cal_src=wet_rederive_1236_20260719;pressure_context_source=weather_openmeteo;transport=wifi_poll,
plants.soil,2026-07-28T10:16:10.797Z,2026-07-28 05:16:10.797,24803,2a89d4,8gtt1h,0.7.3,fleet_logger_0_1,590610035,UMLIFE_v2_TLC555,ch2,origplant,soil_moisture,1262,,,OK,,,983.9,,name=c5off1;level=overwatered;role=disp;spread=13;gpio=5;device_seq=78746;time_source=device_synced;device_timestamp_utc=2026-07-28T10:16:01.989Z;config_id=170b1c1e;rssi=-55;uptime_s=590610;heap=152644;cal_tier=board-cal;cal_src=wet_rederive_1236_20260719;pressure_context_source=weather_openmeteo;transport=wifi_poll,
plants.soil,2026-07-28T10:16:10.797Z,2026-07-28 05:16:10.797,24804,2a89d4,8gtt1h,0.7.3,fleet_logger_0_1,590610035,UMLIFE_v2_TLC555,ch3,origplant,soil_moisture,1613,,,OK,,,983.9,,name=c5off1;level=OK;role=disp;spread=16;gpio=6;device_seq=78747;time_source=device_synced;device_timestamp_utc=2026-07-28T10:16:01.989Z;config_id=170b1c1e;rssi=-55;uptime_s=590610;heap=152644;cal_tier=board-cal;cal_src=wet_rederive_1236_20260719;pressure_context_source=weather_openmeteo;transport=wifi_poll,
plants.env,2026-07-28T10:16:10.797Z,2026-07-28 05:16:10.797,24805,2a89d4,8gtt1h,0.7.3,fleet_logger_0_1,590610719,ESP32,esp32_die,on_chip,die_temp,,23.70,degC,OK,,,,,name=c5off1;source=esp32_die;cal=uncalibrated_board_proxy;api=temperatureRead;config_id=170b1c1e;transport=wifi_poll,
plants.soil,2026-07-28T10:16:41.212Z,2026-07-28 05:16:41.212,24806,2a89d4,8gtt1h,0.7.3,fleet_logger_0_1,590640035,UMLIFE_v2_TLC555,ch0,origplant,soil_moisture,1231,,,OK,,,983.9,,name=c5off1;level=overwatered;role=disp;spread=29;gpio=1;device_seq=78748;time_source=device_synced;device_timestamp_utc=2026-07-28T10:16:31.989Z;config_id=170b1c1e;rssi=-57;uptime_s=590640;heap=152644;cal_tier=board-cal;cal_src=wet_rederive_1236_20260719;pressure_context_source=weather_openmeteo;transport=wifi_poll,
plants.soil,2026-07-28T10:16:41.212Z,2026-07-28 05:16:41.212,24807,2a89d4,8gtt1h,0.7.3,fleet_logger_0_1,590640035,UMLIFE_v2_TLC555,ch1,origplant,soil_moisture,1396,,,OK,,,983.9,,name=c5off1;level=well watered;role=disp;spread=24;gpio=4;device_seq=78749;time_source=device_synced;device_timestamp_utc=2026-07-28T10:16:31.989Z;config_id=170b1c1e;rssi=-57;uptime_s=590640;heap=152644;cal_tier=board-cal;cal_src=wet_rederive_1236_20260719;pressure_context_source=weather_openmeteo;transport=wifi_poll,
plants.soil,2026-07-28T10:16:41.212Z,2026-07-28 05:16:41.212,24808,2a89d4,8gtt1h,0.7.3,fleet_logger_0_1,590640035,UMLIFE_v2_TLC555,ch2,origplant,soil_moisture,1260,,,OK,,,983.9,,name=c5off1;level=overwatered;role=disp;spread=17;gpio=5;device_seq=78750;time_source=device_synced;device_timestamp_utc=2026-07-28T10:16:31.989Z;config_id=170b1c1e;rssi=-57;uptime_s=590640;heap=152644;cal_tier=board-cal;cal_src=wet_rederive_1236_20260719;pressure_context_source=weather_openmeteo;transport=wifi_poll,
plants.soil,2026-07-28T10:16:41.212Z,2026-07-28 05:16:41.212,24809,2a89d4,8gtt1h,0.7.3,fleet_logger_0_1,590640035,UMLIFE_v2_TLC555,ch3,origplant,soil_moisture,1611,,,OK,,,983.9,,name=c5off1;level=OK;role=disp;spread=30;gpio=6;device_seq=78751;time_source=device_synced;device_timestamp_utc=2026-07-28T10:16:31.989Z;config_id=170b1c1e;rssi=-57;uptime_s=590640;heap=152644;cal_tier=board-cal;cal_src=wet_rederive_1236_20260719;pressure_context_source=weather_openmeteo;transport=wifi_poll,
plants.env,2026-07-28T10:16:41.212Z,2026-07-28 05:16:41.212,24810,2a89d4,8gtt1h,0.7.3,fleet_logger_0_1,590640719,ESP32,esp32_die,on_chip,die_temp,,23.70,degC,OK,,,,,name=c5off1;source=esp32_die;cal=uncalibrated_board_proxy;api=temperatureRead;config_id=170b1c1e;transport=wifi_poll,
plants.soil,2026-07-28T10:17:11.530Z,2026-07-28 05:17:11.530,24811,2a89d4,8gtt1h,0.7.3,fleet_logger_0_1,590670035,UMLIFE_v2_TLC555,ch0,origplant,soil_moisture,1233,,,OK,,,983.9,,name=c5off1;level=overwatered;role=disp;spread=6;gpio=1;device_seq=78752;time_source=device_synced;device_timestamp_utc=2026-07-28T10:17:01.989Z;config_id=170b1c1e;rssi=-57;uptime_s=590670;heap=152640;cal_tier=board-cal;cal_src=wet_rederive_1236_20260719;pressure_context_source=weather_openmeteo;transport=wifi_poll,
plants.soil,2026-07-28T10:17:11.530Z,2026-07-28 05:17:11.530,24812,2a89d4,8gtt1h,0.7.3,fleet_logger_0_1,590670035,UMLIFE_v2_TLC555,ch1,origplant,soil_moisture,1396,,,OK,,,983.9,,name=c5off1;level=well watered;role=disp;spread=20;gpio=4;device_seq=78753;time_source=device_synced;device_timestamp_utc=2026-07-28T10:17:01.989Z;config_id=170b1c1e;rssi=-57;uptime_s=590670;heap=152640;cal_tier=board-cal;cal_src=wet_rederive_1236_20260719;pressure_context_source=weather_openmeteo;transport=wifi_poll,
plants.soil,2026-07-28T10:17:11.530Z,2026-07-28 05:17:11.530,24813,2a89d4,8gtt1h,0.7.3,fleet_logger_0_1,590670035,UMLIFE_v2_TLC555,ch2,origplant,soil_moisture,1260,,,OK,,,983.9,,name=c5off1;level=overwatered;role=disp;spread=13;gpio=5;device_seq=78754;time_source=device_synced;device_timestamp_utc=2026-07-28T10:17:01.989Z;config_id=170b1c1e;rssi=-57;uptime_s=590670;heap=152640;cal_tier=board-cal;cal_src=wet_rederive_1236_20260719;pressure_context_source=weather_openmeteo;transport=wifi_poll,
plants.soil,2026-07-28T10:17:11.530Z,2026-07-28 05:17:11.530,24814,2a89d4,8gtt1h,0.7.3,fleet_logger_0_1,590670035,UMLIFE_v2_TLC555,ch3,origplant,soil_moisture,1612,,,OK,,,983.9,,name=c5off1;level=OK;role=disp;spread=19;gpio=6;device_seq=78755;time_source=device_synced;device_timestamp_utc=2026-07-28T10:17:01.989Z;config_id=170b1c1e;rssi=-57;uptime_s=590670;heap=152640;cal_tier=board-cal;cal_src=wet_rederive_1236_20260719;pressure_context_source=weather_openmeteo;transport=wifi_poll,
plants.env,2026-07-28T10:17:11.530Z,2026-07-28 05:17:11.530,24815,2a89d4,8gtt1h,0.7.3,fleet_logger_0_1,590670719,ESP32,esp32_die,on_chip,die_temp,,23.70,degC,OK,,,,,name=c5off1;source=esp32_die;cal=uncalibrated_board_proxy;api=temperatureRead;config_id=170b1c1e;transport=wifi_poll,
plants.soil,2026-07-28T10:17:42.103Z,2026-07-28 05:17:42.103,24816,2a89d4,8gtt1h,0.7.3,fleet_logger_0_1,590700035,UMLIFE_v2_TLC555,ch0,origplant,soil_moisture,1232,,,OK,,,983.9,,name=c5off1;level=overwatered;role=disp;spread=11;gpio=1;device_seq=78756;time_source=device_synced;device_timestamp_utc=2026-07-28T10:17:31.989Z;config_id=170b1c1e;rssi=-59;uptime_s=590700;heap=152384;cal_tier=board-cal;cal_src=wet_rederive_1236_20260719;pressure_context_source=weather_openmeteo;transport=wifi_poll,
plants.soil,2026-07-28T10:17:42.103Z,2026-07-28 05:17:42.103,24817,2a89d4,8gtt1h,0.7.3,fleet_logger_0_1,590700035,UMLIFE_v2_TLC555,ch1,origplant,soil_moisture,1396,,,OK,,,983.9,,name=c5off1;level=well watered;role=disp;spread=18;gpio=4;device_seq=78757;time_source=device_synced;device_timestamp_utc=2026-07-28T10:17:31.989Z;config_id=170b1c1e;rssi=-59;uptime_s=590700;heap=152384;cal_tier=board-cal;cal_src=wet_rederive_1236_20260719;pressure_context_source=weather_openmeteo;transport=wifi_poll,
plants.soil,2026-07-28T10:17:42.103Z,2026-07-28 05:17:42.103,24818,2a89d4,8gtt1h,0.7.3,fleet_logger_0_1,590700035,UMLIFE_v2_TLC555,ch2,origplant,soil_moisture,1260,,,OK,,,983.9,,name=c5off1;level=overwatered;role=disp;spread=11;gpio=5;device_seq=78758;time_source=device_synced;device_timestamp_utc=2026-07-28T10:17:31.989Z;config_id=170b1c1e;rssi=-59;uptime_s=590700;heap=152384;cal_tier=board-cal;cal_src=wet_rederive_1236_20260719;pressure_context_source=weather_openmeteo;transport=wifi_poll,
plants.soil,2026-07-28T10:17:42.103Z,2026-07-28 05:17:42.103,24819,2a89d4,8gtt1h,0.7.3,fleet_logger_0_1,590700035,UMLIFE_v2_TLC555,ch3,origplant,soil_moisture,1612,,,OK,,,983.9,,name=c5off1;level=OK;role=disp;spread=11;gpio=6;device_seq=78759;time_source=device_synced;device_timestamp_utc=2026-07-28T10:17:31.989Z;config_id=170b1c1e;rssi=-59;uptime_s=590700;heap=152384;cal_tier=board-cal;cal_src=wet_rederive_1236_20260719;pressure_context_source=weather_openmeteo;transport=wifi_poll,
plants.env,2026-07-28T10:17:42.103Z,2026-07-28 05:17:42.103,24820,2a89d4,8gtt1h,0.7.3,fleet_logger_0_1,590700719,ESP32,esp32_die,on_chip,die_temp,,23.70,degC,OK,,,,,name=c5off1;source=esp32_die;cal=uncalibrated_board_proxy;api=temperatureRead;config_id=170b1c1e;transport=wifi_poll,
plants.soil,2026-07-28T10:18:12.346Z,2026-07-28 05:18:12.346,24821,2a89d4,8gtt1h,0.7.3,fleet_logger_0_1,590730035,UMLIFE_v2_TLC555,ch0,origplant,soil_moisture,1227,,,OK,,,983.9,,name=c5off1;level=overwatered;role=disp;spread=18;gpio=1;device_seq=78760;time_source=device_synced;device_timestamp_utc=2026-07-28T10:18:01.989Z;config_id=170b1c1e;rssi=-56;uptime_s=590730;heap=152384;cal_tier=board-cal;cal_src=wet_rederive_1236_20260719;pressure_context_source=weather_openmeteo;transport=wifi_poll,
plants.soil,2026-07-28T10:18:12.346Z,2026-07-28 05:18:12.346,24822,2a89d4,8gtt1h,0.7.3,fleet_logger_0_1,590730035,UMLIFE_v2_TLC555,ch1,origplant,soil_moisture,1391,,,OK,,,983.9,,name=c5off1;level=well watered;role=disp;spread=24;gpio=4;device_seq=78761;time_source=device_synced;device_timestamp_utc=2026-07-28T10:18:01.989Z;config_id=170b1c1e;rssi=-56;uptime_s=590730;heap=152384;cal_tier=board-cal;cal_src=wet_rederive_1236_20260719;pressure_context_source=weather_openmeteo;transport=wifi_poll,
plants.soil,2026-07-28T10:18:12.346Z,2026-07-28 05:18:12.346,24823,2a89d4,8gtt1h,0.7.3,fleet_logger_0_1,590730035,UMLIFE_v2_TLC555,ch2,origplant,soil_moisture,1261,,,OK,,,983.9,,name=c5off1;level=overwatered;role=disp;spread=12;gpio=5;device_seq=78762;time_source=device_synced;device_timestamp_utc=2026-07-28T10:18:01.989Z;config_id=170b1c1e;rssi=-56;uptime_s=590730;heap=152384;cal_tier=board-cal;cal_src=wet_rederive_1236_20260719;pressure_context_source=weather_openmeteo;transport=wifi_poll,
plants.soil,2026-07-28T10:18:12.346Z,2026-07-28 05:18:12.346,24824,2a89d4,8gtt1h,0.7.3,fleet_logger_0_1,590730035,UMLIFE_v2_TLC555,ch3,origplant,soil_moisture,1610,,,OK,,,983.9,,name=c5off1;level=OK;role=disp;spread=29;gpio=6;device_seq=78763;time_source=device_synced;device_timestamp_utc=2026-07-28T10:18:01.989Z;config_id=170b1c1e;rssi=-56;uptime_s=590730;heap=152384;cal_tier=board-cal;cal_src=wet_rederive_1236_20260719;pressure_context_source=weather_openmeteo;transport=wifi_poll,
plants.env,2026-07-28T10:18:12.346Z,2026-07-28 05:18:12.346,24825,2a89d4,8gtt1h,0.7.3,fleet_logger_0_1,590730719,ESP32,esp32_die,on_chip,die_temp,,23.70,degC,OK,,,,,name=c5off1;source=esp32_die;cal=uncalibrated_board_proxy;api=temperatureRead;config_id=170b1c1e;transport=wifi_poll,
plants.soil,2026-07-28T10:18:42.656Z,2026-07-28 05:18:42.656,24826,2a89d4,8gtt1h,0.7.3,fleet_logger_0_1,590760035,UMLIFE_v2_TLC555,ch0,origplant,soil_moisture,1231,,,OK,,,983.9,,name=c5off1;level=overwatered;role=disp;spread=12;gpio=1;device_seq=78764;time_source=device_synced;device_timestamp_utc=2026-07-28T10:18:31.989Z;config_id=170b1c1e;rssi=-58;uptime_s=590760;heap=152640;cal_tier=board-cal;cal_src=wet_rederive_1236_20260719;pressure_context_source=weather_openmeteo;transport=wifi_poll,
plants.soil,2026-07-28T10:18:42.656Z,2026-07-28 05:18:42.656,24827,2a89d4,8gtt1h,0.7.3,fleet_logger_0_1,590760035,UMLIFE_v2_TLC555,ch1,origplant,soil_moisture,1392,,,OK,,,983.9,,name=c5off1;level=well watered;role=disp;spread=13;gpio=4;device_seq=78765;time_source=device_synced;device_timestamp_utc=2026-07-28T10:18:31.989Z;config_id=170b1c1e;rssi=-58;uptime_s=590760;heap=152640;cal_tier=board-cal;cal_src=wet_rederive_1236_20260719;pressure_context_source=weather_openmeteo;transport=wifi_poll,
plants.soil,2026-07-28T10:18:42.656Z,2026-07-28 05:18:42.656,24828,2a89d4,8gtt1h,0.7.3,fleet_logger_0_1,590760035,UMLIFE_v2_TLC555,ch2,origplant,soil_moisture,1261,,,OK,,,983.9,,name=c5off1;level=overwatered;role=disp;spread=13;gpio=5;device_seq=78766;time_source=device_synced;device_timestamp_utc=2026-07-28T10:18:31.989Z;config_id=170b1c1e;rssi=-58;uptime_s=590760;heap=152640;cal_tier=board-cal;cal_src=wet_rederive_1236_20260719;pressure_context_source=weather_openmeteo;transport=wifi_poll,
plants.soil,2026-07-28T10:18:42.656Z,2026-07-28 05:18:42.656,24829,2a89d4,8gtt1h,0.7.3,fleet_logger_0_1,590760035,UMLIFE_v2_TLC555,ch3,origplant,soil_moisture,1614,,,OK,,,983.9,,name=c5off1;level=OK;role=disp;spread=25;gpio=6;device_seq=78767;time_source=device_synced;device_timestamp_utc=2026-07-28T10:18:31.989Z;config_id=170b1c1e;rssi=-58;uptime_s=590760;heap=152640;cal_tier=board-cal;cal_src=wet_rederive_1236_20260719;pressure_context_source=weather_openmeteo;transport=wifi_poll,
plants.env,2026-07-28T10:18:42.656Z,2026-07-28 05:18:42.656,24830,2a89d4,8gtt1h,0.7.3,fleet_logger_0_1,590760719,ESP32,esp32_die,on_chip,die_temp,,23.70,degC,OK,,,,,name=c5off1;source=esp32_die;cal=uncalibrated_board_proxy;api=temperatureRead;config_id=170b1c1e;transport=wifi_poll,
plants.soil,2026-07-28T10:19:13.087Z,2026-07-28 05:19:13.087,24831,2a89d4,8gtt1h,0.7.3,fleet_logger_0_1,590790035,UMLIFE_v2_TLC555,ch0,origplant,soil_moisture,1217,,,OK,,,983.9,,name=c5off1;level=overwatered;role=disp;spread=19;gpio=1;device_seq=78768;time_source=device_synced;device_timestamp_utc=2026-07-28T10:19:01.989Z;config_id=170b1c1e;rssi=-58;uptime_s=590790;heap=152644;cal_tier=board-cal;cal_src=wet_rederive_1236_20260719;pressure_context_source=weather_openmeteo;transport=wifi_poll,
plants.soil,2026-07-28T10:19:13.087Z,2026-07-28 05:19:13.087,24832,2a89d4,8gtt1h,0.7.3,fleet_logger_0_1,590790035,UMLIFE_v2_TLC555,ch1,origplant,soil_moisture,1389,,,OK,,,983.9,,name=c5off1;level=well watered;role=disp;spread=20;gpio=4;device_seq=78769;time_source=device_synced;device_timestamp_utc=2026-07-28T10:19:01.989Z;config_id=170b1c1e;rssi=-58;uptime_s=590790;heap=152644;cal_tier=board-cal;cal_src=wet_rederive_1236_20260719;pressure_context_source=weather_openmeteo;transport=wifi_poll,
plants.soil,2026-07-28T10:19:13.087Z,2026-07-28 05:19:13.087,24833,2a89d4,8gtt1h,0.7.3,fleet_logger_0_1,590790035,UMLIFE_v2_TLC555,ch2,origplant,soil_moisture,1260,,,OK,,,983.9,,name=c5off1;level=overwatered;role=disp;spread=16;gpio=5;device_seq=78770;time_source=device_synced;device_timestamp_utc=2026-07-28T10:19:01.989Z;config_id=170b1c1e;rssi=-58;uptime_s=590790;heap=152644;cal_tier=board-cal;cal_src=wet_rederive_1236_20260719;pressure_context_source=weather_openmeteo;transport=wifi_poll,
plants.soil,2026-07-28T10:19:13.087Z,2026-07-28 05:19:13.087,24834,2a89d4,8gtt1h,0.7.3,fleet_logger_0_1,590790035,UMLIFE_v2_TLC555,ch3,origplant,soil_moisture,1609,,,OK,,,983.9,,name=c5off1;level=OK;role=disp;spread=28;gpio=6;device_seq=78771;time_source=device_synced;device_timestamp_utc=2026-07-28T10:19:01.989Z;config_id=170b1c1e;rssi=-58;uptime_s=590790;heap=152644;cal_tier=board-cal;cal_src=wet_rederive_1236_20260719;pressure_context_source=weather_openmeteo;transport=wifi_poll,
plants.env,2026-07-28T10:19:13.087Z,2026-07-28 05:19:13.087,24835,2a89d4,8gtt1h,0.7.3,fleet_logger_0_1,590790719,ESP32,esp32_die,on_chip,die_temp,,23.70,degC,OK,,,,,name=c5off1;source=esp32_die;cal=uncalibrated_board_proxy;api=temperatureRead;config_id=170b1c1e;transport=wifi_poll,
plants.soil,2026-07-28T10:19:43.433Z,2026-07-28 05:19:43.433,24836,2a89d4,8gtt1h,0.7.3,fleet_logger_0_1,590820035,UMLIFE_v2_TLC555,ch0,origplant,soil_moisture,1218,,,OK,,,983.9,,name=c5off1;level=overwatered;role=disp;spread=11;gpio=1;device_seq=78772;time_source=device_synced;device_timestamp_utc=2026-07-28T10:19:31.989Z;config_id=170b1c1e;rssi=-57;uptime_s=590820;heap=152656;cal_tier=board-cal;cal_src=wet_rederive_1236_20260719;pressure_context_source=weather_openmeteo;transport=wifi_poll,
plants.soil,2026-07-28T10:19:43.433Z,2026-07-28 05:19:43.433,24837,2a89d4,8gtt1h,0.7.3,fleet_logger_0_1,590820035,UMLIFE_v2_TLC555,ch1,origplant,soil_moisture,1388,,,OK,,,983.9,,name=c5off1;level=well watered;role=disp;spread=13;gpio=4;device_seq=78773;time_source=device_synced;device_timestamp_utc=2026-07-28T10:19:31.989Z;config_id=170b1c1e;rssi=-57;uptime_s=590820;heap=152656;cal_tier=board-cal;cal_src=wet_rederive_1236_20260719;pressure_context_source=weather_openmeteo;transport=wifi_poll,
plants.soil,2026-07-28T10:19:43.433Z,2026-07-28 05:19:43.433,24838,2a89d4,8gtt1h,0.7.3,fleet_logger_0_1,590820035,UMLIFE_v2_TLC555,ch2,origplant,soil_moisture,1261,,,OK,,,983.9,,name=c5off1;level=overwatered;role=disp;spread=10;gpio=5;device_seq=78774;time_source=device_synced;device_timestamp_utc=2026-07-28T10:19:31.989Z;config_id=170b1c1e;rssi=-57;uptime_s=590820;heap=152656;cal_tier=board-cal;cal_src=wet_rederive_1236_20260719;pressure_context_source=weather_openmeteo;transport=wifi_poll,
plants.soil,2026-07-28T10:19:43.433Z,2026-07-28 05:19:43.433,24839,2a89d4,8gtt1h,0.7.3,fleet_logger_0_1,590820035,UMLIFE_v2_TLC555,ch3,origplant,soil_moisture,1611,,,OK,,,983.9,,name=c5off1;level=OK;role=disp;spread=13;gpio=6;device_seq=78775;time_source=device_synced;device_timestamp_utc=2026-07-28T10:19:31.989Z;config_id=170b1c1e;rssi=-57;uptime_s=590820;heap=152656;cal_tier=board-cal;cal_src=wet_rederive_1236_20260719;pressure_context_source=weather_openmeteo;transport=wifi_poll,
plants.env,2026-07-28T10:19:43.433Z,2026-07-28 05:19:43.433,24840,2a89d4,8gtt1h,0.7.3,fleet_logger_0_1,590820719,ESP32,esp32_die,on_chip,die_temp,,23.70,degC,OK,,,,,name=c5off1;source=esp32_die;cal=uncalibrated_board_proxy;api=temperatureRead;config_id=170b1c1e;transport=wifi_poll,
plants.soil,2026-07-28T10:20:13.690Z,2026-07-28 05:20:13.690,24841,2a89d4,8gtt1h,0.7.3,fleet_logger_0_1,590850035,UMLIFE_v2_TLC555,ch0,origplant,soil_moisture,1214,,,OK,,,983.9,,name=c5off1;level=overwatered;role=disp;spread=5;gpio=1;device_seq=78776;time_source=device_synced;device_timestamp_utc=2026-07-28T10:20:01.989Z;config_id=170b1c1e;rssi=-55;uptime_s=590850;heap=152644;cal_tier=board-cal;cal_src=wet_rederive_1236_20260719;pressure_context_source=weather_openmeteo;transport=wifi_poll,
plants.soil,2026-07-28T10:20:13.690Z,2026-07-28 05:20:13.690,24842,2a89d4,8gtt1h,0.7.3,fleet_logger_0_1,590850035,UMLIFE_v2_TLC555,ch1,origplant,soil_moisture,1376,,,OK,,,983.9,,name=c5off1;level=well watered;role=disp;spread=15;gpio=4;device_seq=78777;time_source=device_synced;device_timestamp_utc=2026-07-28T10:20:01.989Z;config_id=170b1c1e;rssi=-55;uptime_s=590850;heap=152644;cal_tier=board-cal;cal_src=wet_rederive_1236_20260719;pressure_context_source=weather_openmeteo;transport=wifi_poll,
plants.soil,2026-07-28T10:20:13.690Z,2026-07-28 05:20:13.690,24843,2a89d4,8gtt1h,0.7.3,fleet_logger_0_1,590850035,UMLIFE_v2_TLC555,ch2,origplant,soil_moisture,1261,,,OK,,,983.9,,name=c5off1;level=overwatered;role=disp;spread=17;gpio=5;device_seq=78778;time_source=device_synced;device_timestamp_utc=2026-07-28T10:20:01.989Z;config_id=170b1c1e;rssi=-55;uptime_s=590850;heap=152644;cal_tier=board-cal;cal_src=wet_rederive_1236_20260719;pressure_context_source=weather_openmeteo;transport=wifi_poll,
plants.soil,2026-07-28T10:20:13.690Z,2026-07-28 05:20:13.690,24844,2a89d4,8gtt1h,0.7.3,fleet_logger_0_1,590850035,UMLIFE_v2_TLC555,ch3,origplant,soil_moisture,1594,,,OK,,,983.9,,name=c5off1;level=OK;role=disp;spread=16;gpio=6;device_seq=78779;time_source=device_synced;device_timestamp_utc=2026-07-28T10:20:01.989Z;config_id=170b1c1e;rssi=-55;uptime_s=590850;heap=152644;cal_tier=board-cal;cal_src=wet_rederive_1236_20260719;pressure_context_source=weather_openmeteo;transport=wifi_poll,
plants.env,2026-07-28T10:20:13.690Z,2026-07-28 05:20:13.690,24845,2a89d4,8gtt1h,0.7.3,fleet_logger_0_1,590850719,ESP32,esp32_die,on_chip,die_temp,,23.70,degC,OK,,,,,name=c5off1;source=esp32_die;cal=uncalibrated_board_proxy;api=temperatureRead;config_id=170b1c1e;transport=wifi_poll,
plants.soil,2026-07-28T10:20:44.018Z,2026-07-28 05:20:44.018,24846,2a89d4,8gtt1h,0.7.3,fleet_logger_0_1,590880035,UMLIFE_v2_TLC555,ch0,origplant,soil_moisture,1213,,,OK,,,983.9,,name=c5off1;level=overwatered;role=disp;spread=18;gpio=1;device_seq=78780;time_source=device_synced;device_timestamp_utc=2026-07-28T10:20:31.989Z;config_id=170b1c1e;rssi=-58;uptime_s=590880;heap=152388;cal_tier=board-cal;cal_src=wet_rederive_1236_20260719;pressure_context_source=weather_openmeteo;transport=wifi_poll,
plants.soil,2026-07-28T10:20:44.018Z,2026-07-28 05:20:44.018,24847,2a89d4,8gtt1h,0.7.3,fleet_logger_0_1,590880035,UMLIFE_v2_TLC555,ch1,origplant,soil_moisture,1375,,,OK,,,983.9,,name=c5off1;level=well watered;role=disp;spread=32;gpio=4;device_seq=78781;time_source=device_synced;device_timestamp_utc=2026-07-28T10:20:31.989Z;config_id=170b1c1e;rssi=-58;uptime_s=590880;heap=152388;cal_tier=board-cal;cal_src=wet_rederive_1236_20260719;pressure_context_source=weather_openmeteo;transport=wifi_poll,
plants.soil,2026-07-28T10:20:44.018Z,2026-07-28 05:20:44.018,24848,2a89d4,8gtt1h,0.7.3,fleet_logger_0_1,590880035,UMLIFE_v2_TLC555,ch2,origplant,soil_moisture,1259,,,OK,,,983.9,,name=c5off1;level=overwatered;role=disp;spread=18;gpio=5;device_seq=78782;time_source=device_synced;device_timestamp_utc=2026-07-28T10:20:31.989Z;config_id=170b1c1e;rssi=-58;uptime_s=590880;heap=152388;cal_tier=board-cal;cal_src=wet_rederive_1236_20260719;pressure_context_source=weather_openmeteo;transport=wifi_poll,
plants.soil,2026-07-28T10:20:44.018Z,2026-07-28 05:20:44.018,24849,2a89d4,8gtt1h,0.7.3,fleet_logger_0_1,590880035,UMLIFE_v2_TLC555,ch3,origplant,soil_moisture,1599,,,OK,,,983.9,,name=c5off1;level=OK;role=disp;spread=33;gpio=6;device_seq=78783;time_source=device_synced;device_timestamp_utc=2026-07-28T10:20:31.989Z;config_id=170b1c1e;rssi=-58;uptime_s=590880;heap=152388;cal_tier=board-cal;cal_src=wet_rederive_1236_20260719;pressure_context_source=weather_openmeteo;transport=wifi_poll,
plants.env,2026-07-28T10:20:44.018Z,2026-07-28 05:20:44.018,24850,2a89d4,8gtt1h,0.7.3,fleet_logger_0_1,590880719,ESP32,esp32_die,on_chip,die_temp,,23.70,degC,OK,,,,,name=c5off1;source=esp32_die;cal=uncalibrated_board_proxy;api=temperatureRead;config_id=170b1c1e;transport=wifi_poll,
plants.soil,2026-07-28T10:21:14.271Z,2026-07-28 05:21:14.271,24851,2a89d4,8gtt1h,0.7.3,fleet_logger_0_1,590910035,UMLIFE_v2_TLC555,ch0,origplant,soil_moisture,1215,,,OK,,,983.9,,name=c5off1;level=overwatered;role=disp;spread=14;gpio=1;device_seq=78784;time_source=device_synced;device_timestamp_utc=2026-07-28T10:21:01.989Z;config_id=170b1c1e;rssi=-56;uptime_s=590910;heap=152392;cal_tier=board-cal;cal_src=wet_rederive_1236_20260719;pressure_context_source=weather_openmeteo;transport=wifi_poll,
plants.soil,2026-07-28T10:21:14.271Z,2026-07-28 05:21:14.271,24852,2a89d4,8gtt1h,0.7.3,fleet_logger_0_1,590910035,UMLIFE_v2_TLC555,ch1,origplant,soil_moisture,1376,,,OK,,,983.9,,name=c5off1;level=well watered;role=disp;spread=21;gpio=4;device_seq=78785;time_source=device_synced;device_timestamp_utc=2026-07-28T10:21:01.989Z;config_id=170b1c1e;rssi=-56;uptime_s=590910;heap=152392;cal_tier=board-cal;cal_src=wet_rederive_1236_20260719;pressure_context_source=weather_openmeteo;transport=wifi_poll,
plants.soil,2026-07-28T10:21:14.271Z,2026-07-28 05:21:14.271,24853,2a89d4,8gtt1h,0.7.3,fleet_logger_0_1,590910035,UMLIFE_v2_TLC555,ch2,origplant,soil_moisture,1261,,,OK,,,983.9,,name=c5off1;level=overwatered;role=disp;spread=14;gpio=5;device_seq=78786;time_source=device_synced;device_timestamp_utc=2026-07-28T10:21:01.989Z;config_id=170b1c1e;rssi=-56;uptime_s=590910;heap=152392;cal_tier=board-cal;cal_src=wet_rederive_1236_20260719;pressure_context_source=weather_openmeteo;transport=wifi_poll,
plants.soil,2026-07-28T10:21:14.271Z,2026-07-28 05:21:14.271,24854,2a89d4,8gtt1h,0.7.3,fleet_logger_0_1,590910035,UMLIFE_v2_TLC555,ch3,origplant,soil_moisture,1610,,,OK,,,983.9,,name=c5off1;level=OK;role=disp;spread=25;gpio=6;device_seq=78787;time_source=device_synced;device_timestamp_utc=2026-07-28T10:21:01.989Z;config_id=170b1c1e;rssi=-56;uptime_s=590910;heap=152392;cal_tier=board-cal;cal_src=wet_rederive_1236_20260719;pressure_context_source=weather_openmeteo;transport=wifi_poll,
plants.env,2026-07-28T10:21:14.271Z,2026-07-28 05:21:14.271,24855,2a89d4,8gtt1h,0.7.3,fleet_logger_0_1,590910719,ESP32,esp32_die,on_chip,die_temp,,23.70,degC,OK,,,,,name=c5off1;source=esp32_die;cal=uncalibrated_board_proxy;api=temperatureRead;config_id=170b1c1e;transport=wifi_poll,
plants.soil,2026-07-28T10:21:46.621Z,2026-07-28 05:21:46.621,24856,2a89d4,8gtt1h,0.7.3,fleet_logger_0_1,590940035,UMLIFE_v2_TLC555,ch0,origplant,soil_moisture,1218,,,OK,,,983.9,,name=c5off1;level=overwatered;role=disp;spread=14;gpio=1;device_seq=78788;time_source=device_synced;device_timestamp_utc=2026-07-28T10:21:31.989Z;config_id=170b1c1e;rssi=-59;uptime_s=590940;heap=152648;cal_tier=board-cal;cal_src=wet_rederive_1236_20260719;pressure_context_source=weather_openmeteo;transport=wifi_poll,
plants.soil,2026-07-28T10:21:46.621Z,2026-07-28 05:21:46.621,24857,2a89d4,8gtt1h,0.7.3,fleet_logger_0_1,590940035,UMLIFE_v2_TLC555,ch1,origplant,soil_moisture,1378,,,OK,,,983.9,,name=c5off1;level=well watered;role=disp;spread=26;gpio=4;device_seq=78789;time_source=device_synced;device_timestamp_utc=2026-07-28T10:21:31.989Z;config_id=170b1c1e;rssi=-59;uptime_s=590940;heap=152648;cal_tier=board-cal;cal_src=wet_rederive_1236_20260719;pressure_context_source=weather_openmeteo;transport=wifi_poll,
plants.soil,2026-07-28T10:21:46.621Z,2026-07-28 05:21:46.621,24858,2a89d4,8gtt1h,0.7.3,fleet_logger_0_1,590940035,UMLIFE_v2_TLC555,ch2,origplant,soil_moisture,1259,,,OK,,,983.9,,name=c5off1;level=overwatered;role=disp;spread=8;gpio=5;device_seq=78790;time_source=device_synced;device_timestamp_utc=2026-07-28T10:21:31.989Z;config_id=170b1c1e;rssi=-59;uptime_s=590940;heap=152648;cal_tier=board-cal;cal_src=wet_rederive_1236_20260719;pressure_context_source=weather_openmeteo;transport=wifi_poll,
plants.soil,2026-07-28T10:21:46.621Z,2026-07-28 05:21:46.621,24859,2a89d4,8gtt1h,0.7.3,fleet_logger_0_1,590940035,UMLIFE_v2_TLC555,ch3,origplant,soil_moisture,1592,,,OK,,,983.9,,name=c5off1;level=OK;role=disp;spread=17;gpio=6;device_seq=78791;time_source=device_synced;device_timestamp_utc=2026-07-28T10:21:31.989Z;config_id=170b1c1e;rssi=-59;uptime_s=590940;heap=152648;cal_tier=board-cal;cal_src=wet_rederive_1236_20260719;pressure_context_source=weather_openmeteo;transport=wifi_poll,
plants.env,2026-07-28T10:21:46.621Z,2026-07-28 05:21:46.621,24860,2a89d4,8gtt1h,0.7.3,fleet_logger_0_1,590940719,ESP32,esp32_die,on_chip,die_temp,,23.70,degC,OK,,,,,name=c5off1;source=esp32_die;cal=uncalibrated_board_proxy;api=temperatureRead;config_id=170b1c1e;transport=wifi_poll,
plants.soil,2026-07-28T10:22:17.287Z,2026-07-28 05:22:17.287,24861,2a89d4,8gtt1h,0.7.3,fleet_logger_0_1,590970035,UMLIFE_v2_TLC555,ch0,origplant,soil_moisture,1225,,,OK,,,983.9,,name=c5off1;level=overwatered;role=disp;spread=17;gpio=1;device_seq=78792;time_source=device_synced;device_timestamp_utc=2026-07-28T10:22:01.989Z;config_id=170b1c1e;rssi=-57;uptime_s=590970;heap=152648;cal_tier=board-cal;cal_src=wet_rederive_1236_20260719;pressure_context_source=weather_openmeteo;transport=wifi_poll,
plants.soil,2026-07-28T10:22:17.287Z,2026-07-28 05:22:17.287,24862,2a89d4,8gtt1h,0.7.3,fleet_logger_0_1,590970035,UMLIFE_v2_TLC555,ch1,origplant,soil_moisture,1383,,,OK,,,983.9,,name=c5off1;level=well watered;role=disp;spread=18;gpio=4;device_seq=78793;time_source=device_synced;device_timestamp_utc=2026-07-28T10:22:01.989Z;config_id=170b1c1e;rssi=-57;uptime_s=590970;heap=152648;cal_tier=board-cal;cal_src=wet_rederive_1236_20260719;pressure_context_source=weather_openmeteo;transport=wifi_poll,
plants.soil,2026-07-28T10:22:17.287Z,2026-07-28 05:22:17.287,24863,2a89d4,8gtt1h,0.7.3,fleet_logger_0_1,590970035,UMLIFE_v2_TLC555,ch2,origplant,soil_moisture,1261,,,OK,,,983.9,,name=c5off1;level=overwatered;role=disp;spread=11;gpio=5;device_seq=78794;time_source=device_synced;device_timestamp_utc=2026-07-28T10:22:01.989Z;config_id=170b1c1e;rssi=-57;uptime_s=590970;heap=152648;cal_tier=board-cal;cal_src=wet_rederive_1236_20260719;pressure_context_source=weather_openmeteo;transport=wifi_poll,
plants.soil,2026-07-28T10:22:17.287Z,2026-07-28 05:22:17.287,24864,2a89d4,8gtt1h,0.7.3,fleet_logger_0_1,590970035,UMLIFE_v2_TLC555,ch3,origplant,soil_moisture,1591,,,OK,,,983.9,,name=c5off1;level=OK;role=disp;spread=18;gpio=6;device_seq=78795;time_source=device_synced;device_timestamp_utc=2026-07-28T10:22:01.989Z;config_id=170b1c1e;rssi=-57;uptime_s=590970;heap=152648;cal_tier=board-cal;cal_src=wet_rederive_1236_20260719;pressure_context_source=weather_openmeteo;transport=wifi_poll,
plants.env,2026-07-28T10:22:17.287Z,2026-07-28 05:22:17.287,24865,2a89d4,8gtt1h,0.7.3,fleet_logger_0_1,590970719,ESP32,esp32_die,on_chip,die_temp,,23.70,degC,OK,,,,,name=c5off1;source=esp32_die;cal=uncalibrated_board_proxy;api=temperatureRead;config_id=170b1c1e;transport=wifi_poll,
plants.soil,2026-07-28T10:22:47.689Z,2026-07-28 05:22:47.689,24866,2a89d4,8gtt1h,0.7.3,fleet_logger_0_1,591000035,UMLIFE_v2_TLC555,ch0,origplant,soil_moisture,1233,,,OK,,,983.9,,name=c5off1;level=overwatered;role=disp;spread=18;gpio=1;device_seq=78796;time_source=device_synced;device_timestamp_utc=2026-07-28T10:22:31.989Z;config_id=170b1c1e;rssi=-56;uptime_s=591000;heap=152600;cal_tier=board-cal;cal_src=wet_rederive_1236_20260719;pressure_context_source=weather_openmeteo;transport=wifi_poll,
plants.soil,2026-07-28T10:22:47.689Z,2026-07-28 05:22:47.689,24867,2a89d4,8gtt1h,0.7.3,fleet_logger_0_1,591000035,UMLIFE_v2_TLC555,ch1,origplant,soil_moisture,1389,,,OK,,,983.9,,name=c5off1;level=well watered;role=disp;spread=27;gpio=4;device_seq=78797;time_source=device_synced;device_timestamp_utc=2026-07-28T10:22:31.989Z;config_id=170b1c1e;rssi=-56;uptime_s=591000;heap=152600;cal_tier=board-cal;cal_src=wet_rederive_1236_20260719;pressure_context_source=weather_openmeteo;transport=wifi_poll,
plants.soil,2026-07-28T10:22:47.689Z,2026-07-28 05:22:47.689,24868,2a89d4,8gtt1h,0.7.3,fleet_logger_0_1,591000035,UMLIFE_v2_TLC555,ch2,origplant,soil_moisture,1261,,,OK,,,983.9,,name=c5off1;level=overwatered;role=disp;spread=11;gpio=5;device_seq=78798;time_source=device_synced;device_timestamp_utc=2026-07-28T10:22:31.989Z;config_id=170b1c1e;rssi=-56;uptime_s=591000;heap=152600;cal_tier=board-cal;cal_src=wet_rederive_1236_20260719;pressure_context_source=weather_openmeteo;transport=wifi_poll,
plants.soil,2026-07-28T10:22:47.689Z,2026-07-28 05:22:47.689,24869,2a89d4,8gtt1h,0.7.3,fleet_logger_0_1,591000035,UMLIFE_v2_TLC555,ch3,origplant,soil_moisture,1593,,,OK,,,983.9,,name=c5off1;level=OK;role=disp;spread=15;gpio=6;device_seq=78799;time_source=device_synced;device_timestamp_utc=2026-07-28T10:22:31.989Z;config_id=170b1c1e;rssi=-56;uptime_s=591000;heap=152600;cal_tier=board-cal;cal_src=wet_rederive_1236_20260719;pressure_context_source=weather_openmeteo;transport=wifi_poll,
plants.env,2026-07-28T10:22:47.689Z,2026-07-28 05:22:47.689,24870,2a89d4,8gtt1h,0.7.3,fleet_logger_0_1,591001819,ESP32,esp32_die,on_chip,die_temp,,23.70,degC,OK,,,,,name=c5off1;source=esp32_die;cal=uncalibrated_board_proxy;api=temperatureRead;config_id=170b1c1e;transport=wifi_poll,
plants.soil,2026-07-28T10:23:18.279Z,2026-07-28 05:23:18.279,24871,2a89d4,8gtt1h,0.7.3,fleet_logger_0_1,591030035,UMLIFE_v2_TLC555,ch0,origplant,soil_moisture,1233,,,OK,,,983.9,,name=c5off1;level=overwatered;role=disp;spread=17;gpio=1;device_seq=78800;time_source=device_synced;device_timestamp_utc=2026-07-28T10:23:01.989Z;config_id=170b1c1e;rssi=-57;uptime_s=591030;heap=152644;cal_tier=board-cal;cal_src=wet_rederive_1236_20260719;pressure_context_source=weather_openmeteo;transport=wifi_poll,
plants.soil,2026-07-28T10:23:18.279Z,2026-07-28 05:23:18.279,24872,2a89d4,8gtt1h,0.7.3,fleet_logger_0_1,591030035,UMLIFE_v2_TLC555,ch1,origplant,soil_moisture,1394,,,OK,,,983.9,,name=c5off1;level=well watered;role=disp;spread=24;gpio=4;device_seq=78801;time_source=device_synced;device_timestamp_utc=2026-07-28T10:23:01.989Z;config_id=170b1c1e;rssi=-57;uptime_s=591030;heap=152644;cal_tier=board-cal;cal_src=wet_rederive_1236_20260719;pressure_context_source=weather_openmeteo;transport=wifi_poll,
plants.soil,2026-07-28T10:23:18.279Z,2026-07-28 05:23:18.279,24873,2a89d4,8gtt1h,0.7.3,fleet_logger_0_1,591030035,UMLIFE_v2_TLC555,ch2,origplant,soil_moisture,1261,,,OK,,,983.9,,name=c5off1;level=overwatered;role=disp;spread=14;gpio=5;device_seq=78802;time_source=device_synced;device_timestamp_utc=2026-07-28T10:23:01.989Z;config_id=170b1c1e;rssi=-57;uptime_s=591030;heap=152644;cal_tier=board-cal;cal_src=wet_rederive_1236_20260719;pressure_context_source=weather_openmeteo;transport=wifi_poll,
plants.soil,2026-07-28T10:23:18.279Z,2026-07-28 05:23:18.279,24874,2a89d4,8gtt1h,0.7.3,fleet_logger_0_1,591030035,UMLIFE_v2_TLC555,ch3,origplant,soil_moisture,1595,,,OK,,,983.9,,name=c5off1;level=OK;role=disp;spread=20;gpio=6;device_seq=78803;time_source=device_synced;device_timestamp_utc=2026-07-28T10:23:01.989Z;config_id=170b1c1e;rssi=-57;uptime_s=591030;heap=152644;cal_tier=board-cal;cal_src=wet_rederive_1236_20260719;pressure_context_source=weather_openmeteo;transport=wifi_poll,
plants.env,2026-07-28T10:23:18.279Z,2026-07-28 05:23:18.279,24875,2a89d4,8gtt1h,0.7.3,fleet_logger_0_1,591030719,ESP32,esp32_die,on_chip,die_temp,,23.70,degC,OK,,,,,name=c5off1;source=esp32_die;cal=uncalibrated_board_proxy;api=temperatureRead;config_id=170b1c1e;transport=wifi_poll,
plants.soil,2026-07-28T10:23:48.934Z,2026-07-28 05:23:48.934,24876,2a89d4,8gtt1h,0.7.3,fleet_logger_0_1,591060035,UMLIFE_v2_TLC555,ch0,origplant,soil_moisture,1232,,,OK,,,983.9,,name=c5off1;level=overwatered;role=disp;spread=21;gpio=1;device_seq=78804;time_source=device_synced;device_timestamp_utc=2026-07-28T10:23:31.989Z;config_id=170b1c1e;rssi=-56;uptime_s=591060;heap=152340;cal_tier=board-cal;cal_src=wet_rederive_1236_20260719;pressure_context_source=weather_openmeteo;transport=wifi_poll,
plants.soil,2026-07-28T10:23:48.934Z,2026-07-28 05:23:48.934,24877,2a89d4,8gtt1h,0.7.3,fleet_logger_0_1,591060035,UMLIFE_v2_TLC555,ch1,origplant,soil_moisture,1396,,,OK,,,983.9,,name=c5off1;level=well watered;role=disp;spread=20;gpio=4;device_seq=78805;time_source=device_synced;device_timestamp_utc=2026-07-28T10:23:31.989Z;config_id=170b1c1e;rssi=-56;uptime_s=591060;heap=152340;cal_tier=board-cal;cal_src=wet_rederive_1236_20260719;pressure_context_source=weather_openmeteo;transport=wifi_poll,
plants.soil,2026-07-28T10:23:48.934Z,2026-07-28 05:23:48.934,24878,2a89d4,8gtt1h,0.7.3,fleet_logger_0_1,591060035,UMLIFE_v2_TLC555,ch2,origplant,soil_moisture,1261,,,OK,,,983.9,,name=c5off1;level=overwatered;role=disp;spread=12;gpio=5;device_seq=78806;time_source=device_synced;device_timestamp_utc=2026-07-28T10:23:31.989Z;config_id=170b1c1e;rssi=-56;uptime_s=591060;heap=152340;cal_tier=board-cal;cal_src=wet_rederive_1236_20260719;pressure_context_source=weather_openmeteo;transport=wifi_poll,
plants.soil,2026-07-28T10:23:48.934Z,2026-07-28 05:23:48.934,24879,2a89d4,8gtt1h,0.7.3,fleet_logger_0_1,591060035,UMLIFE_v2_TLC555,ch3,origplant,soil_moisture,1599,,,OK,,,983.9,,name=c5off1;level=OK;role=disp;spread=22;gpio=6;device_seq=78807;time_source=device_synced;device_timestamp_utc=2026-07-28T10:23:31.989Z;config_id=170b1c1e;rssi=-56;uptime_s=591060;heap=152340;cal_tier=board-cal;cal_src=wet_rederive_1236_20260719;pressure_context_source=weather_openmeteo;transport=wifi_poll,
plants.env,2026-07-28T10:23:48.934Z,2026-07-28 05:23:48.934,24880,2a89d4,8gtt1h,0.7.3,fleet_logger_0_1,591060719,ESP32,esp32_die,on_chip,die_temp,,23.70,degC,OK,,,,,name=c5off1;source=esp32_die;cal=uncalibrated_board_proxy;api=temperatureRead;config_id=170b1c1e;transport=wifi_poll,
plants.soil,2026-07-28T10:24:19.346Z,2026-07-28 05:24:19.346,24881,2a89d4,8gtt1h,0.7.3,fleet_logger_0_1,591090034,UMLIFE_v2_TLC555,ch0,origplant,soil_moisture,1232,,,OK,,,983.9,,name=c5off1;level=overwatered;role=disp;spread=15;gpio=1;device_seq=78808;time_source=device_synced;device_timestamp_utc=2026-07-28T10:24:01.988Z;config_id=170b1c1e;rssi=-58;uptime_s=591090;heap=152340;cal_tier=board-cal;cal_src=wet_rederive_1236_20260719;pressure_context_source=weather_openmeteo;transport=wifi_poll,
plants.soil,2026-07-28T10:24:19.346Z,2026-07-28 05:24:19.346,24882,2a89d4,8gtt1h,0.7.3,fleet_logger_0_1,591090034,UMLIFE_v2_TLC555,ch1,origplant,soil_moisture,1394,,,OK,,,983.9,,name=c5off1;level=well watered;role=disp;spread=8;gpio=4;device_seq=78809;time_source=device_synced;device_timestamp_utc=2026-07-28T10:24:01.988Z;config_id=170b1c1e;rssi=-58;uptime_s=591090;heap=152340;cal_tier=board-cal;cal_src=wet_rederive_1236_20260719;pressure_context_source=weather_openmeteo;transport=wifi_poll,
plants.soil,2026-07-28T10:24:19.346Z,2026-07-28 05:24:19.346,24883,2a89d4,8gtt1h,0.7.3,fleet_logger_0_1,591090034,UMLIFE_v2_TLC555,ch2,origplant,soil_moisture,1259,,,OK,,,983.9,,name=c5off1;level=overwatered;role=disp;spread=10;gpio=5;device_seq=78810;time_source=device_synced;device_timestamp_utc=2026-07-28T10:24:01.988Z;config_id=170b1c1e;rssi=-58;uptime_s=591090;heap=152340;cal_tier=board-cal;cal_src=wet_rederive_1236_20260719;pressure_context_source=weather_openmeteo;transport=wifi_poll,
plants.soil,2026-07-28T10:24:19.346Z,2026-07-28 05:24:19.346,24884,2a89d4,8gtt1h,0.7.3,fleet_logger_0_1,591090034,UMLIFE_v2_TLC555,ch3,origplant,soil_moisture,1609,,,OK,,,983.9,,name=c5off1;level=OK;role=disp;spread=21;gpio=6;device_seq=78811;time_source=device_synced;device_timestamp_utc=2026-07-28T10:24:01.988Z;config_id=170b1c1e;rssi=-58;uptime_s=591090;heap=152340;cal_tier=board-cal;cal_src=wet_rederive_1236_20260719;pressure_context_source=weather_openmeteo;transport=wifi_poll,
plants.env,2026-07-28T10:24:19.346Z,2026-07-28 05:24:19.346,24885,2a89d4,8gtt1h,0.7.3,fleet_logger_0_1,591090718,ESP32,esp32_die,on_chip,die_temp,,23.70,degC,OK,,,,,name=c5off1;source=esp32_die;cal=uncalibrated_board_proxy;api=temperatureRead;config_id=170b1c1e;transport=wifi_poll,
plants.soil,2026-07-28T10:24:49.819Z,2026-07-28 05:24:49.819,24886,2a89d4,8gtt1h,0.7.3,fleet_logger_0_1,591120035,UMLIFE_v2_TLC555,ch0,origplant,soil_moisture,1233,,,OK,,,983.9,,name=c5off1;level=overwatered;role=disp;spread=13;gpio=1;device_seq=78812;time_source=device_synced;device_timestamp_utc=2026-07-28T10:24:31.989Z;config_id=170b1c1e;rssi=-56;uptime_s=591120;heap=152596;cal_tier=board-cal;cal_src=wet_rederive_1236_20260719;pressure_context_source=weather_openmeteo;transport=wifi_poll,
plants.soil,2026-07-28T10:24:49.819Z,2026-07-28 05:24:49.819,24887,2a89d4,8gtt1h,0.7.3,fleet_logger_0_1,591120035,UMLIFE_v2_TLC555,ch1,origplant,soil_moisture,1394,,,OK,,,983.9,,name=c5off1;level=well watered;role=disp;spread=22;gpio=4;device_seq=78813;time_source=device_synced;device_timestamp_utc=2026-07-28T10:24:31.989Z;config_id=170b1c1e;rssi=-56;uptime_s=591120;heap=152596;cal_tier=board-cal;cal_src=wet_rederive_1236_20260719;pressure_context_source=weather_openmeteo;transport=wifi_poll,
plants.soil,2026-07-28T10:24:49.819Z,2026-07-28 05:24:49.819,24888,2a89d4,8gtt1h,0.7.3,fleet_logger_0_1,591120035,UMLIFE_v2_TLC555,ch2,origplant,soil_moisture,1260,,,OK,,,983.9,,name=c5off1;level=overwatered;role=disp;spread=16;gpio=5;device_seq=78814;time_source=device_synced;device_timestamp_utc=2026-07-28T10:24:31.989Z;config_id=170b1c1e;rssi=-56;uptime_s=591120;heap=152596;cal_tier=board-cal;cal_src=wet_rederive_1236_20260719;pressure_context_source=weather_openmeteo;transport=wifi_poll,
plants.soil,2026-07-28T10:24:49.819Z,2026-07-28 05:24:49.819,24889,2a89d4,8gtt1h,0.7.3,fleet_logger_0_1,591120035,UMLIFE_v2_TLC555,ch3,origplant,soil_moisture,1609,,,OK,,,983.9,,name=c5off1;level=OK;role=disp;spread=18;gpio=6;device_seq=78815;time_source=device_synced;device_timestamp_utc=2026-07-28T10:24:31.989Z;config_id=170b1c1e;rssi=-56;uptime_s=591120;heap=152596;cal_tier=board-cal;cal_src=wet_rederive_1236_20260719;pressure_context_source=weather_openmeteo;transport=wifi_poll,
plants.env,2026-07-28T10:24:49.819Z,2026-07-28 05:24:49.819,24890,2a89d4,8gtt1h,0.7.3,fleet_logger_0_1,591120719,ESP32,esp32_die,on_chip,die_temp,,23.70,degC,OK,,,,,name=c5off1;source=esp32_die;cal=uncalibrated_board_proxy;api=temperatureRead;config_id=170b1c1e;transport=wifi_poll,
plants.soil,2026-07-28T10:25:20.069Z,2026-07-28 05:25:20.069,24891,2a89d4,8gtt1h,0.7.3,fleet_logger_0_1,591150035,UMLIFE_v2_TLC555,ch0,origplant,soil_moisture,1233,,,OK,,,983.9,,name=c5off1;level=overwatered;role=disp;spread=10;gpio=1;device_seq=78816;time_source=device_synced;device_timestamp_utc=2026-07-28T10:25:01.989Z;config_id=170b1c1e;rssi=-56;uptime_s=591150;heap=152644;cal_tier=board-cal;cal_src=wet_rederive_1236_20260719;pressure_context_source=weather_openmeteo;transport=wifi_poll,
plants.soil,2026-07-28T10:25:20.069Z,2026-07-28 05:25:20.069,24892,2a89d4,8gtt1h,0.7.3,fleet_logger_0_1,591150035,UMLIFE_v2_TLC555,ch1,origplant,soil_moisture,1397,,,OK,,,983.9,,name=c5off1;level=well watered;role=disp;spread=19;gpio=4;device_seq=78817;time_source=device_synced;device_timestamp_utc=2026-07-28T10:25:01.989Z;config_id=170b1c1e;rssi=-56;uptime_s=591150;heap=152644;cal_tier=board-cal;cal_src=wet_rederive_1236_20260719;pressure_context_source=weather_openmeteo;transport=wifi_poll,
plants.soil,2026-07-28T10:25:20.069Z,2026-07-28 05:25:20.069,24893,2a89d4,8gtt1h,0.7.3,fleet_logger_0_1,591150035,UMLIFE_v2_TLC555,ch2,origplant,soil_moisture,1262,,,OK,,,983.9,,name=c5off1;level=overwatered;role=disp;spread=14;gpio=5;device_seq=78818;time_source=device_synced;device_timestamp_utc=2026-07-28T10:25:01.989Z;config_id=170b1c1e;rssi=-56;uptime_s=591150;heap=152644;cal_tier=board-cal;cal_src=wet_rederive_1236_20260719;pressure_context_source=weather_openmeteo;transport=wifi_poll,
plants.soil,2026-07-28T10:25:20.069Z,2026-07-28 05:25:20.069,24894,2a89d4,8gtt1h,0.7.3,fleet_logger_0_1,591150035,UMLIFE_v2_TLC555,ch3,origplant,soil_moisture,1610,,,OK,,,983.9,,name=c5off1;level=OK;role=disp;spread=10;gpio=6;device_seq=78819;time_source=device_synced;device_timestamp_utc=2026-07-28T10:25:01.989Z;config_id=170b1c1e;rssi=-56;uptime_s=591150;heap=152644;cal_tier=board-cal;cal_src=wet_rederive_1236_20260719;pressure_context_source=weather_openmeteo;transport=wifi_poll,
plants.env,2026-07-28T10:25:20.069Z,2026-07-28 05:25:20.069,24895,2a89d4,8gtt1h,0.7.3,fleet_logger_0_1,591150719,ESP32,esp32_die,on_chip,die_temp,,23.70,degC,OK,,,,,name=c5off1;source=esp32_die;cal=uncalibrated_board_proxy;api=temperatureRead;config_id=170b1c1e;transport=wifi_poll,
plants.soil,2026-07-28T10:25:50.994Z,2026-07-28 05:25:50.994,24896,2a89d4,8gtt1h,0.7.3,fleet_logger_0_1,591180035,UMLIFE_v2_TLC555,ch0,origplant,soil_moisture,1233,,,OK,,,983.9,,name=c5off1;level=overwatered;role=disp;spread=12;gpio=1;device_seq=78820;time_source=device_synced;device_timestamp_utc=2026-07-28T10:25:31.989Z;config_id=170b1c1e;rssi=-57;uptime_s=591180;heap=152644;cal_tier=board-cal;cal_src=wet_rederive_1236_20260719;pressure_context_source=weather_openmeteo;transport=wifi_poll,
plants.soil,2026-07-28T10:25:50.994Z,2026-07-28 05:25:50.994,24897,2a89d4,8gtt1h,0.7.3,fleet_logger_0_1,591180035,UMLIFE_v2_TLC555,ch1,origplant,soil_moisture,1395,,,OK,,,983.9,,name=c5off1;level=well watered;role=disp;spread=12;gpio=4;device_seq=78821;time_source=device_synced;device_timestamp_utc=2026-07-28T10:25:31.989Z;config_id=170b1c1e;rssi=-57;uptime_s=591180;heap=152644;cal_tier=board-cal;cal_src=wet_rederive_1236_20260719;pressure_context_source=weather_openmeteo;transport=wifi_poll,
plants.soil,2026-07-28T10:25:50.994Z,2026-07-28 05:25:50.994,24898,2a89d4,8gtt1h,0.7.3,fleet_logger_0_1,591180035,UMLIFE_v2_TLC555,ch2,origplant,soil_moisture,1262,,,OK,,,983.9,,name=c5off1;level=overwatered;role=disp;spread=22;gpio=5;device_seq=78822;time_source=device_synced;device_timestamp_utc=2026-07-28T10:25:31.989Z;config_id=170b1c1e;rssi=-57;uptime_s=591180;heap=152644;cal_tier=board-cal;cal_src=wet_rederive_1236_20260719;pressure_context_source=weather_openmeteo;transport=wifi_poll,
plants.soil,2026-07-28T10:25:50.994Z,2026-07-28 05:25:50.994,24899,2a89d4,8gtt1h,0.7.3,fleet_logger_0_1,591180035,UMLIFE_v2_TLC555,ch3,origplant,soil_moisture,1611,,,OK,,,983.9,,name=c5off1;level=OK;role=disp;spread=29;gpio=6;device_seq=78823;time_source=device_synced;device_timestamp_utc=2026-07-28T10:25:31.989Z;config_id=170b1c1e;rssi=-57;uptime_s=591180;heap=152644;cal_tier=board-cal;cal_src=wet_rederive_1236_20260719;pressure_context_source=weather_openmeteo;transport=wifi_poll,
plants.env,2026-07-28T10:25:50.994Z,2026-07-28 05:25:50.994,24900,2a89d4,8gtt1h,0.7.3,fleet_logger_0_1,591180719,ESP32,esp32_die,on_chip,die_temp,,23.70,degC,OK,,,,,name=c5off1;source=esp32_die;cal=uncalibrated_board_proxy;api=temperatureRead;config_id=170b1c1e;transport=wifi_poll,
plants.soil,2026-07-28T10:26:21.409Z,2026-07-28 05:26:21.409,24901,2a89d4,8gtt1h,0.7.3,fleet_logger_0_1,591210035,UMLIFE_v2_TLC555,ch0,origplant,soil_moisture,1231,,,OK,,,983.9,,name=c5off1;level=overwatered;role=disp;spread=19;gpio=1;device_seq=78824;time_source=device_synced;device_timestamp_utc=2026-07-28T10:26:01.989Z;config_id=170b1c1e;rssi=-61;uptime_s=591210;heap=152608;cal_tier=board-cal;cal_src=wet_rederive_1236_20260719;pressure_context_source=weather_openmeteo;transport=wifi_poll,
plants.soil,2026-07-28T10:26:21.409Z,2026-07-28 05:26:21.409,24902,2a89d4,8gtt1h,0.7.3,fleet_logger_0_1,591210035,UMLIFE_v2_TLC555,ch1,origplant,soil_moisture,1396,,,OK,,,983.9,,name=c5off1;level=well watered;role=disp;spread=22;gpio=4;device_seq=78825;time_source=device_synced;device_timestamp_utc=2026-07-28T10:26:01.989Z;config_id=170b1c1e;rssi=-61;uptime_s=591210;heap=152608;cal_tier=board-cal;cal_src=wet_rederive_1236_20260719;pressure_context_source=weather_openmeteo;transport=wifi_poll,
plants.soil,2026-07-28T10:26:21.409Z,2026-07-28 05:26:21.409,24903,2a89d4,8gtt1h,0.7.3,fleet_logger_0_1,591210035,UMLIFE_v2_TLC555,ch2,origplant,soil_moisture,1262,,,OK,,,983.9,,name=c5off1;level=overwatered;role=disp;spread=16;gpio=5;device_seq=78826;time_source=device_synced;device_timestamp_utc=2026-07-28T10:26:01.989Z;config_id=170b1c1e;rssi=-61;uptime_s=591210;heap=152608;cal_tier=board-cal;cal_src=wet_rederive_1236_20260719;pressure_context_source=weather_openmeteo;transport=wifi_poll,
plants.soil,2026-07-28T10:26:21.409Z,2026-07-28 05:26:21.409,24904,2a89d4,8gtt1h,0.7.3,fleet_logger_0_1,591210035,UMLIFE_v2_TLC555,ch3,origplant,soil_moisture,1611,,,OK,,,983.9,,name=c5off1;level=OK;role=disp;spread=25;gpio=6;device_seq=78827;time_source=device_synced;device_timestamp_utc=2026-07-28T10:26:01.989Z;config_id=170b1c1e;rssi=-61;uptime_s=591210;heap=152608;cal_tier=board-cal;cal_src=wet_rederive_1236_20260719;pressure_context_source=weather_openmeteo;transport=wifi_poll,
plants.env,2026-07-28T10:26:21.409Z,2026-07-28 05:26:21.409,24905,2a89d4,8gtt1h,0.7.3,fleet_logger_0_1,591210719,ESP32,esp32_die,on_chip,die_temp,,23.70,degC,OK,,,,,name=c5off1;source=esp32_die;cal=uncalibrated_board_proxy;api=temperatureRead;config_id=170b1c1e;transport=wifi_poll,
plants.soil,2026-07-28T10:26:51.771Z,2026-07-28 05:26:51.771,24906,2a89d4,8gtt1h,0.7.3,fleet_logger_0_1,591240035,UMLIFE_v2_TLC555,ch0,origplant,soil_moisture,1234,,,OK,,,983.9,,name=c5off1;level=overwatered;role=disp;spread=10;gpio=1;device_seq=78828;time_source=device_synced;device_timestamp_utc=2026-07-28T10:26:31.989Z;config_id=170b1c1e;rssi=-54;uptime_s=591240;heap=152388;cal_tier=board-cal;cal_src=wet_rederive_1236_20260719;pressure_context_source=weather_openmeteo;transport=wifi_poll,
plants.soil,2026-07-28T10:26:51.771Z,2026-07-28 05:26:51.771,24907,2a89d4,8gtt1h,0.7.3,fleet_logger_0_1,591240035,UMLIFE_v2_TLC555,ch1,origplant,soil_moisture,1395,,,OK,,,983.9,,name=c5off1;level=well watered;role=disp;spread=23;gpio=4;device_seq=78829;time_source=device_synced;device_timestamp_utc=2026-07-28T10:26:31.989Z;config_id=170b1c1e;rssi=-54;uptime_s=591240;heap=152388;cal_tier=board-cal;cal_src=wet_rederive_1236_20260719;pressure_context_source=weather_openmeteo;transport=wifi_poll,
plants.soil,2026-07-28T10:26:51.771Z,2026-07-28 05:26:51.771,24908,2a89d4,8gtt1h,0.7.3,fleet_logger_0_1,591240035,UMLIFE_v2_TLC555,ch2,origplant,soil_moisture,1260,,,OK,,,983.9,,name=c5off1;level=overwatered;role=disp;spread=14;gpio=5;device_seq=78830;time_source=device_synced;device_timestamp_utc=2026-07-28T10:26:31.989Z;config_id=170b1c1e;rssi=-54;uptime_s=591240;heap=152388;cal_tier=board-cal;cal_src=wet_rederive_1236_20260719;pressure_context_source=weather_openmeteo;transport=wifi_poll,
plants.soil,2026-07-28T10:26:51.771Z,2026-07-28 05:26:51.771,24909,2a89d4,8gtt1h,0.7.3,fleet_logger_0_1,591240035,UMLIFE_v2_TLC555,ch3,origplant,soil_moisture,1612,,,OK,,,983.9,,name=c5off1;level=OK;role=disp;spread=33;gpio=6;device_seq=78831;time_source=device_synced;device_timestamp_utc=2026-07-28T10:26:31.989Z;config_id=170b1c1e;rssi=-54;uptime_s=591240;heap=152388;cal_tier=board-cal;cal_src=wet_rederive_1236_20260719;pressure_context_source=weather_openmeteo;transport=wifi_poll,
plants.env,2026-07-28T10:26:51.771Z,2026-07-28 05:26:51.771,24910,2a89d4,8gtt1h,0.7.3,fleet_logger_0_1,591240719,ESP32,esp32_die,on_chip,die_temp,,23.70,degC,OK,,,,,name=c5off1;source=esp32_die;cal=uncalibrated_board_proxy;api=temperatureRead;config_id=170b1c1e;transport=wifi_poll,
plants.soil,2026-07-28T10:27:22.131Z,2026-07-28 05:27:22.131,24911,2a89d4,8gtt1h,0.7.3,fleet_logger_0_1,591270035,UMLIFE_v2_TLC555,ch0,origplant,soil_moisture,1233,,,OK,,,985.1,,name=c5off1;level=overwatered;role=disp;spread=10;gpio=1;device_seq=78832;time_source=device_synced;device_timestamp_utc=2026-07-28T10:27:01.989Z;config_id=170b1c1e;rssi=-58;uptime_s=591270;heap=152400;cal_tier=board-cal;cal_src=wet_rederive_1236_20260719;pressure_context_source=weather_openmeteo;transport=wifi_poll,
plants.soil,2026-07-28T10:27:22.131Z,2026-07-28 05:27:22.131,24912,2a89d4,8gtt1h,0.7.3,fleet_logger_0_1,591270035,UMLIFE_v2_TLC555,ch1,origplant,soil_moisture,1394,,,OK,,,985.1,,name=c5off1;level=well watered;role=disp;spread=19;gpio=4;device_seq=78833;time_source=device_synced;device_timestamp_utc=2026-07-28T10:27:01.989Z;config_id=170b1c1e;rssi=-58;uptime_s=591270;heap=152400;cal_tier=board-cal;cal_src=wet_rederive_1236_20260719;pressure_context_source=weather_openmeteo;transport=wifi_poll,
plants.soil,2026-07-28T10:27:22.131Z,2026-07-28 05:27:22.131,24913,2a89d4,8gtt1h,0.7.3,fleet_logger_0_1,591270035,UMLIFE_v2_TLC555,ch2,origplant,soil_moisture,1263,,,OK,,,985.1,,name=c5off1;level=overwatered;role=disp;spread=7;gpio=5;device_seq=78834;time_source=device_synced;device_timestamp_utc=2026-07-28T10:27:01.989Z;config_id=170b1c1e;rssi=-58;uptime_s=591270;heap=152400;cal_tier=board-cal;cal_src=wet_rederive_1236_20260719;pressure_context_source=weather_openmeteo;transport=wifi_poll,
plants.soil,2026-07-28T10:27:22.131Z,2026-07-28 05:27:22.131,24914,2a89d4,8gtt1h,0.7.3,fleet_logger_0_1,591270035,UMLIFE_v2_TLC555,ch3,origplant,soil_moisture,1610,,,OK,,,985.1,,name=c5off1;level=OK;role=disp;spread=14;gpio=6;device_seq=78835;time_source=device_synced;device_timestamp_utc=2026-07-28T10:27:01.989Z;config_id=170b1c1e;rssi=-58;uptime_s=591270;heap=152400;cal_tier=board-cal;cal_src=wet_rederive_1236_20260719;pressure_context_source=weather_openmeteo;transport=wifi_poll,
plants.env,2026-07-28T10:27:22.131Z,2026-07-28 05:27:22.131,24915,2a89d4,8gtt1h,0.7.3,fleet_logger_0_1,591270719,ESP32,esp32_die,on_chip,die_temp,,23.70,degC,OK,,,,,name=c5off1;source=esp32_die;cal=uncalibrated_board_proxy;api=temperatureRead;config_id=170b1c1e;transport=wifi_poll,
plants.soil,2026-07-28T10:27:52.479Z,2026-07-28 05:27:52.479,24916,2a89d4,8gtt1h,0.7.3,fleet_logger_0_1,591300035,UMLIFE_v2_TLC555,ch0,origplant,soil_moisture,1231,,,OK,,,985.1,,name=c5off1;level=overwatered;role=disp;spread=10;gpio=1;device_seq=78836;time_source=device_synced;device_timestamp_utc=2026-07-28T10:27:31.989Z;config_id=170b1c1e;rssi=-55;uptime_s=591300;heap=152644;cal_tier=board-cal;cal_src=wet_rederive_1236_20260719;pressure_context_source=weather_openmeteo;transport=wifi_poll,
plants.soil,2026-07-28T10:27:52.479Z,2026-07-28 05:27:52.479,24917,2a89d4,8gtt1h,0.7.3,fleet_logger_0_1,591300035,UMLIFE_v2_TLC555,ch1,origplant,soil_moisture,1397,,,OK,,,985.1,,name=c5off1;level=well watered;role=disp;spread=18;gpio=4;device_seq=78837;time_source=device_synced;device_timestamp_utc=2026-07-28T10:27:31.989Z;config_id=170b1c1e;rssi=-55;uptime_s=591300;heap=152644;cal_tier=board-cal;cal_src=wet_rederive_1236_20260719;pressure_context_source=weather_openmeteo;transport=wifi_poll,
plants.soil,2026-07-28T10:27:52.479Z,2026-07-28 05:27:52.479,24918,2a89d4,8gtt1h,0.7.3,fleet_logger_0_1,591300035,UMLIFE_v2_TLC555,ch2,origplant,soil_moisture,1260,,,OK,,,985.1,,name=c5off1;level=overwatered;role=disp;spread=16;gpio=5;device_seq=78838;time_source=device_synced;device_timestamp_utc=2026-07-28T10:27:31.989Z;config_id=170b1c1e;rssi=-55;uptime_s=591300;heap=152644;cal_tier=board-cal;cal_src=wet_rederive_1236_20260719;pressure_context_source=weather_openmeteo;transport=wifi_poll,
plants.soil,2026-07-28T10:27:52.479Z,2026-07-28 05:27:52.479,24919,2a89d4,8gtt1h,0.7.3,fleet_logger_0_1,591300035,UMLIFE_v2_TLC555,ch3,origplant,soil_moisture,1612,,,OK,,,985.1,,name=c5off1;level=OK;role=disp;spread=28;gpio=6;device_seq=78839;time_source=device_synced;device_timestamp_utc=2026-07-28T10:27:31.989Z;config_id=170b1c1e;rssi=-55;uptime_s=591300;heap=152644;cal_tier=board-cal;cal_src=wet_rederive_1236_20260719;pressure_context_source=weather_openmeteo;transport=wifi_poll,
plants.env,2026-07-28T10:27:52.479Z,2026-07-28 05:27:52.479,24920,2a89d4,8gtt1h,0.7.3,fleet_logger_0_1,591300719,ESP32,esp32_die,on_chip,die_temp,,23.70,degC,OK,,,,,name=c5off1;source=esp32_die;cal=uncalibrated_board_proxy;api=temperatureRead;config_id=170b1c1e;transport=wifi_poll,
plants.soil,2026-07-28T10:28:22.768Z,2026-07-28 05:28:22.768,24921,2a89d4,8gtt1h,0.7.3,fleet_logger_0_1,591330035,UMLIFE_v2_TLC555,ch0,origplant,soil_moisture,1232,,,OK,,,985.1,,name=c5off1;level=overwatered;role=disp;spread=13;gpio=1;device_seq=78840;time_source=device_synced;device_timestamp_utc=2026-07-28T10:28:01.989Z;config_id=170b1c1e;rssi=-55;uptime_s=591330;heap=152644;cal_tier=board-cal;cal_src=wet_rederive_1236_20260719;pressure_context_source=weather_openmeteo;transport=wifi_poll,
plants.soil,2026-07-28T10:28:22.768Z,2026-07-28 05:28:22.768,24922,2a89d4,8gtt1h,0.7.3,fleet_logger_0_1,591330035,UMLIFE_v2_TLC555,ch1,origplant,soil_moisture,1393,,,OK,,,985.1,,name=c5off1;level=well watered;role=disp;spread=13;gpio=4;device_seq=78841;time_source=device_synced;device_timestamp_utc=2026-07-28T10:28:01.989Z;config_id=170b1c1e;rssi=-55;uptime_s=591330;heap=152644;cal_tier=board-cal;cal_src=wet_rederive_1236_20260719;pressure_context_source=weather_openmeteo;transport=wifi_poll,
plants.soil,2026-07-28T10:28:22.768Z,2026-07-28 05:28:22.768,24923,2a89d4,8gtt1h,0.7.3,fleet_logger_0_1,591330035,UMLIFE_v2_TLC555,ch2,origplant,soil_moisture,1261,,,OK,,,985.1,,name=c5off1;level=overwatered;role=disp;spread=20;gpio=5;device_seq=78842;time_source=device_synced;device_timestamp_utc=2026-07-28T10:28:01.989Z;config_id=170b1c1e;rssi=-55;uptime_s=591330;heap=152644;cal_tier=board-cal;cal_src=wet_rederive_1236_20260719;pressure_context_source=weather_openmeteo;transport=wifi_poll,
plants.soil,2026-07-28T10:28:22.768Z,2026-07-28 05:28:22.768,24924,2a89d4,8gtt1h,0.7.3,fleet_logger_0_1,591330035,UMLIFE_v2_TLC555,ch3,origplant,soil_moisture,1610,,,OK,,,985.1,,name=c5off1;level=OK;role=disp;spread=22;gpio=6;device_seq=78843;time_source=device_synced;device_timestamp_utc=2026-07-28T10:28:01.989Z;config_id=170b1c1e;rssi=-55;uptime_s=591330;heap=152644;cal_tier=board-cal;cal_src=wet_rederive_1236_20260719;pressure_context_source=weather_openmeteo;transport=wifi_poll,
plants.env,2026-07-28T10:28:22.768Z,2026-07-28 05:28:22.768,24925,2a89d4,8gtt1h,0.7.3,fleet_logger_0_1,591330719,ESP32,esp32_die,on_chip,die_temp,,23.70,degC,OK,,,,,name=c5off1;source=esp32_die;cal=uncalibrated_board_proxy;api=temperatureRead;config_id=170b1c1e;transport=wifi_poll,
plants.soil,2026-07-28T10:28:53.061Z,2026-07-28 05:28:53.061,24926,2a89d4,8gtt1h,0.7.3,fleet_logger_0_1,591360035,UMLIFE_v2_TLC555,ch0,origplant,soil_moisture,1234,,,OK,,,985.1,,name=c5off1;level=overwatered;role=disp;spread=23;gpio=1;device_seq=78844;time_source=device_synced;device_timestamp_utc=2026-07-28T10:28:31.989Z;config_id=170b1c1e;rssi=-58;uptime_s=591360;heap=152644;cal_tier=board-cal;cal_src=wet_rederive_1236_20260719;pressure_context_source=weather_openmeteo;transport=wifi_poll,
plants.soil,2026-07-28T10:28:53.061Z,2026-07-28 05:28:53.061,24927,2a89d4,8gtt1h,0.7.3,fleet_logger_0_1,591360035,UMLIFE_v2_TLC555,ch1,origplant,soil_moisture,1397,,,OK,,,985.1,,name=c5off1;level=well watered;role=disp;spread=25;gpio=4;device_seq=78845;time_source=device_synced;device_timestamp_utc=2026-07-28T10:28:31.989Z;config_id=170b1c1e;rssi=-58;uptime_s=591360;heap=152644;cal_tier=board-cal;cal_src=wet_rederive_1236_20260719;pressure_context_source=weather_openmeteo;transport=wifi_poll,
plants.soil,2026-07-28T10:28:53.061Z,2026-07-28 05:28:53.061,24928,2a89d4,8gtt1h,0.7.3,fleet_logger_0_1,591360035,UMLIFE_v2_TLC555,ch2,origplant,soil_moisture,1260,,,OK,,,985.1,,name=c5off1;level=overwatered;role=disp;spread=15;gpio=5;device_seq=78846;time_source=device_synced;device_timestamp_utc=2026-07-28T10:28:31.989Z;config_id=170b1c1e;rssi=-58;uptime_s=591360;heap=152644;cal_tier=board-cal;cal_src=wet_rederive_1236_20260719;pressure_context_source=weather_openmeteo;transport=wifi_poll,
plants.soil,2026-07-28T10:28:53.061Z,2026-07-28 05:28:53.061,24929,2a89d4,8gtt1h,0.7.3,fleet_logger_0_1,591360035,UMLIFE_v2_TLC555,ch3,origplant,soil_moisture,1609,,,OK,,,985.1,,name=c5off1;level=OK;role=disp;spread=10;gpio=6;device_seq=78847;time_source=device_synced;device_timestamp_utc=2026-07-28T10:28:31.989Z;config_id=170b1c1e;rssi=-58;uptime_s=591360;heap=152644;cal_tier=board-cal;cal_src=wet_rederive_1236_20260719;pressure_context_source=weather_openmeteo;transport=wifi_poll,
plants.env,2026-07-28T10:28:53.061Z,2026-07-28 05:28:53.061,24930,2a89d4,8gtt1h,0.7.3,fleet_logger_0_1,591360719,ESP32,esp32_die,on_chip,die_temp,,23.70,degC,OK,,,,,name=c5off1;source=esp32_die;cal=uncalibrated_board_proxy;api=temperatureRead;config_id=170b1c1e;transport=wifi_poll,
plants.soil,2026-07-28T10:29:23.844Z,2026-07-28 05:29:23.844,24931,2a89d4,8gtt1h,0.7.3,fleet_logger_0_1,591390035,UMLIFE_v2_TLC555,ch0,origplant,soil_moisture,1231,,,OK,,,985.1,,name=c5off1;level=overwatered;role=disp;spread=16;gpio=1;device_seq=78848;time_source=device_synced;device_timestamp_utc=2026-07-28T10:29:01.989Z;config_id=170b1c1e;rssi=-60;uptime_s=591390;heap=152644;cal_tier=board-cal;cal_src=wet_rederive_1236_20260719;pressure_context_source=weather_openmeteo;transport=wifi_poll,
plants.soil,2026-07-28T10:29:23.844Z,2026-07-28 05:29:23.844,24932,2a89d4,8gtt1h,0.7.3,fleet_logger_0_1,591390035,UMLIFE_v2_TLC555,ch1,origplant,soil_moisture,1395,,,OK,,,985.1,,name=c5off1;level=well watered;role=disp;spread=25;gpio=4;device_seq=78849;time_source=device_synced;device_timestamp_utc=2026-07-28T10:29:01.989Z;config_id=170b1c1e;rssi=-60;uptime_s=591390;heap=152644;cal_tier=board-cal;cal_src=wet_rederive_1236_20260719;pressure_context_source=weather_openmeteo;transport=wifi_poll,
plants.soil,2026-07-28T10:29:23.844Z,2026-07-28 05:29:23.844,24933,2a89d4,8gtt1h,0.7.3,fleet_logger_0_1,591390035,UMLIFE_v2_TLC555,ch2,origplant,soil_moisture,1262,,,OK,,,985.1,,name=c5off1;level=overwatered;role=disp;spread=11;gpio=5;device_seq=78850;time_source=device_synced;device_timestamp_utc=2026-07-28T10:29:01.989Z;config_id=170b1c1e;rssi=-60;uptime_s=591390;heap=152644;cal_tier=board-cal;cal_src=wet_rederive_1236_20260719;pressure_context_source=weather_openmeteo;transport=wifi_poll,
plants.soil,2026-07-28T10:29:23.844Z,2026-07-28 05:29:23.844,24934,2a89d4,8gtt1h,0.7.3,fleet_logger_0_1,591390035,UMLIFE_v2_TLC555,ch3,origplant,soil_moisture,1611,,,OK,,,985.1,,name=c5off1;level=OK;role=disp;spread=15;gpio=6;device_seq=78851;time_source=device_synced;device_timestamp_utc=2026-07-28T10:29:01.989Z;config_id=170b1c1e;rssi=-60;uptime_s=591390;heap=152644;cal_tier=board-cal;cal_src=wet_rederive_1236_20260719;pressure_context_source=weather_openmeteo;transport=wifi_poll,
plants.env,2026-07-28T10:29:23.844Z,2026-07-28 05:29:23.844,24935,2a89d4,8gtt1h,0.7.3,fleet_logger_0_1,591390720,ESP32,esp32_die,on_chip,die_temp,,23.70,degC,OK,,,,,name=c5off1;source=esp32_die;cal=uncalibrated_board_proxy;api=temperatureRead;config_id=170b1c1e;transport=wifi_poll,
plants.soil,2026-07-28T10:29:54.501Z,2026-07-28 05:29:54.501,24936,2a89d4,8gtt1h,0.7.3,fleet_logger_0_1,591420035,UMLIFE_v2_TLC555,ch0,origplant,soil_moisture,1233,,,OK,,,985.1,,name=c5off1;level=overwatered;role=disp;spread=14;gpio=1;device_seq=78852;time_source=device_synced;device_timestamp_utc=2026-07-28T10:29:31.989Z;config_id=170b1c1e;rssi=-57;uptime_s=591420;heap=152400;cal_tier=board-cal;cal_src=wet_rederive_1236_20260719;pressure_context_source=weather_openmeteo;transport=wifi_poll,
plants.soil,2026-07-28T10:29:54.501Z,2026-07-28 05:29:54.501,24937,2a89d4,8gtt1h,0.7.3,fleet_logger_0_1,591420035,UMLIFE_v2_TLC555,ch1,origplant,soil_moisture,1395,,,OK,,,985.1,,name=c5off1;level=well watered;role=disp;spread=13;gpio=4;device_seq=78853;time_source=device_synced;device_timestamp_utc=2026-07-28T10:29:31.989Z;config_id=170b1c1e;rssi=-57;uptime_s=591420;heap=152400;cal_tier=board-cal;cal_src=wet_rederive_1236_20260719;pressure_context_source=weather_openmeteo;transport=wifi_poll,
plants.soil,2026-07-28T10:29:54.501Z,2026-07-28 05:29:54.501,24938,2a89d4,8gtt1h,0.7.3,fleet_logger_0_1,591420035,UMLIFE_v2_TLC555,ch2,origplant,soil_moisture,1262,,,OK,,,985.1,,name=c5off1;level=overwatered;role=disp;spread=12;gpio=5;device_seq=78854;time_source=device_synced;device_timestamp_utc=2026-07-28T10:29:31.989Z;config_id=170b1c1e;rssi=-57;uptime_s=591420;heap=152400;cal_tier=board-cal;cal_src=wet_rederive_1236_20260719;pressure_context_source=weather_openmeteo;transport=wifi_poll,
plants.soil,2026-07-28T10:29:54.501Z,2026-07-28 05:29:54.501,24939,2a89d4,8gtt1h,0.7.3,fleet_logger_0_1,591420035,UMLIFE_v2_TLC555,ch3,origplant,soil_moisture,1611,,,OK,,,985.1,,name=c5off1;level=OK;role=disp;spread=36;gpio=6;device_seq=78855;time_source=device_synced;device_timestamp_utc=2026-07-28T10:29:31.989Z;config_id=170b1c1e;rssi=-57;uptime_s=591420;heap=152400;cal_tier=board-cal;cal_src=wet_rederive_1236_20260719;pressure_context_source=weather_openmeteo;transport=wifi_poll,
plants.env,2026-07-28T10:29:54.501Z,2026-07-28 05:29:54.501,24940,2a89d4,8gtt1h,0.7.3,fleet_logger_0_1,591420719,ESP32,esp32_die,on_chip,die_temp,,23.70,degC,OK,,,,,name=c5off1;source=esp32_die;cal=uncalibrated_board_proxy;api=temperatureRead;config_id=170b1c1e;transport=wifi_poll,
plants.soil,2026-07-28T10:30:25.034Z,2026-07-28 05:30:25.034,24941,2a89d4,8gtt1h,0.7.3,fleet_logger_0_1,591450035,UMLIFE_v2_TLC555,ch0,origplant,soil_moisture,1230,,,OK,,,985.1,,name=c5off1;level=overwatered;role=disp;spread=11;gpio=1;device_seq=78856;time_source=device_synced;device_timestamp_utc=2026-07-28T10:30:01.989Z;config_id=170b1c1e;rssi=-56;uptime_s=591450;heap=152388;cal_tier=board-cal;cal_src=wet_rederive_1236_20260719;pressure_context_source=weather_openmeteo;transport=wifi_poll,
plants.soil,2026-07-28T10:30:25.034Z,2026-07-28 05:30:25.034,24942,2a89d4,8gtt1h,0.7.3,fleet_logger_0_1,591450035,UMLIFE_v2_TLC555,ch1,origplant,soil_moisture,1394,,,OK,,,985.1,,name=c5off1;level=well watered;role=disp;spread=23;gpio=4;device_seq=78857;time_source=device_synced;device_timestamp_utc=2026-07-28T10:30:01.989Z;config_id=170b1c1e;rssi=-56;uptime_s=591450;heap=152388;cal_tier=board-cal;cal_src=wet_rederive_1236_20260719;pressure_context_source=weather_openmeteo;transport=wifi_poll,
plants.soil,2026-07-28T10:30:25.034Z,2026-07-28 05:30:25.034,24943,2a89d4,8gtt1h,0.7.3,fleet_logger_0_1,591450035,UMLIFE_v2_TLC555,ch2,origplant,soil_moisture,1261,,,OK,,,985.1,,name=c5off1;level=overwatered;role=disp;spread=14;gpio=5;device_seq=78858;time_source=device_synced;device_timestamp_utc=2026-07-28T10:30:01.989Z;config_id=170b1c1e;rssi=-56;uptime_s=591450;heap=152388;cal_tier=board-cal;cal_src=wet_rederive_1236_20260719;pressure_context_source=weather_openmeteo;transport=wifi_poll,
plants.soil,2026-07-28T10:30:25.034Z,2026-07-28 05:30:25.034,24944,2a89d4,8gtt1h,0.7.3,fleet_logger_0_1,591450035,UMLIFE_v2_TLC555,ch3,origplant,soil_moisture,1610,,,OK,,,985.1,,name=c5off1;level=OK;role=disp;spread=28;gpio=6;device_seq=78859;time_source=device_synced;device_timestamp_utc=2026-07-28T10:30:01.989Z;config_id=170b1c1e;rssi=-56;uptime_s=591450;heap=152388;cal_tier=board-cal;cal_src=wet_rederive_1236_20260719;pressure_context_source=weather_openmeteo;transport=wifi_poll,
plants.env,2026-07-28T10:30:25.034Z,2026-07-28 05:30:25.034,24945,2a89d4,8gtt1h,0.7.3,fleet_logger_0_1,591450719,ESP32,esp32_die,on_chip,die_temp,,23.70,degC,OK,,,,,name=c5off1;source=esp32_die;cal=uncalibrated_board_proxy;api=temperatureRead;config_id=170b1c1e;transport=wifi_poll,
plants.soil,2026-07-28T10:30:55.649Z,2026-07-28 05:30:55.649,24946,2a89d4,8gtt1h,0.7.3,fleet_logger_0_1,591480035,UMLIFE_v2_TLC555,ch0,origplant,soil_moisture,1234,,,OK,,,985.1,,name=c5off1;level=overwatered;role=disp;spread=16;gpio=1;device_seq=78860;time_source=device_synced;device_timestamp_utc=2026-07-28T10:30:31.989Z;config_id=170b1c1e;rssi=-57;uptime_s=591480;heap=152644;cal_tier=board-cal;cal_src=wet_rederive_1236_20260719;pressure_context_source=weather_openmeteo;transport=wifi_poll,
plants.soil,2026-07-28T10:30:55.649Z,2026-07-28 05:30:55.649,24947,2a89d4,8gtt1h,0.7.3,fleet_logger_0_1,591480035,UMLIFE_v2_TLC555,ch1,origplant,soil_moisture,1394,,,OK,,,985.1,,name=c5off1;level=well watered;role=disp;spread=25;gpio=4;device_seq=78861;time_source=device_synced;device_timestamp_utc=2026-07-28T10:30:31.989Z;config_id=170b1c1e;rssi=-57;uptime_s=591480;heap=152644;cal_tier=board-cal;cal_src=wet_rederive_1236_20260719;pressure_context_source=weather_openmeteo;transport=wifi_poll,
plants.soil,2026-07-28T10:30:55.649Z,2026-07-28 05:30:55.649,24948,2a89d4,8gtt1h,0.7.3,fleet_logger_0_1,591480035,UMLIFE_v2_TLC555,ch2,origplant,soil_moisture,1263,,,OK,,,985.1,,name=c5off1;level=overwatered;role=disp;spread=18;gpio=5;device_seq=78862;time_source=device_synced;device_timestamp_utc=2026-07-28T10:30:31.989Z;config_id=170b1c1e;rssi=-57;uptime_s=591480;heap=152644;cal_tier=board-cal;cal_src=wet_rederive_1236_20260719;pressure_context_source=weather_openmeteo;transport=wifi_poll,
plants.soil,2026-07-28T10:30:55.649Z,2026-07-28 05:30:55.649,24949,2a89d4,8gtt1h,0.7.3,fleet_logger_0_1,591480035,UMLIFE_v2_TLC555,ch3,origplant,soil_moisture,1611,,,OK,,,985.1,,name=c5off1;level=OK;role=disp;spread=29;gpio=6;device_seq=78863;time_source=device_synced;device_timestamp_utc=2026-07-28T10:30:31.989Z;config_id=170b1c1e;rssi=-57;uptime_s=591480;heap=152644;cal_tier=board-cal;cal_src=wet_rederive_1236_20260719;pressure_context_source=weather_openmeteo;transport=wifi_poll,
plants.env,2026-07-28T10:30:55.649Z,2026-07-28 05:30:55.649,24950,2a89d4,8gtt1h,0.7.3,fleet_logger_0_1,591480719,ESP32,esp32_die,on_chip,die_temp,,23.70,degC,OK,,,,,name=c5off1;source=esp32_die;cal=uncalibrated_board_proxy;api=temperatureRead;config_id=170b1c1e;transport=wifi_poll,
plants.soil,2026-07-28T10:31:26.191Z,2026-07-28 05:31:26.191,24951,2a89d4,8gtt1h,0.7.3,fleet_logger_0_1,591510035,UMLIFE_v2_TLC555,ch0,origplant,soil_moisture,1215,,,OK,,,985.1,,name=c5off1;level=overwatered;role=disp;spread=15;gpio=1;device_seq=78864;time_source=device_synced;device_timestamp_utc=2026-07-28T10:31:01.989Z;config_id=170b1c1e;rssi=-56;uptime_s=591510;heap=152644;cal_tier=board-cal;cal_src=wet_rederive_1236_20260719;pressure_context_source=weather_openmeteo;transport=wifi_poll,
plants.soil,2026-07-28T10:31:26.191Z,2026-07-28 05:31:26.191,24952,2a89d4,8gtt1h,0.7.3,fleet_logger_0_1,591510035,UMLIFE_v2_TLC555,ch1,origplant,soil_moisture,1378,,,OK,,,985.1,,name=c5off1;level=well watered;role=disp;spread=28;gpio=4;device_seq=78865;time_source=device_synced;device_timestamp_utc=2026-07-28T10:31:01.989Z;config_id=170b1c1e;rssi=-56;uptime_s=591510;heap=152644;cal_tier=board-cal;cal_src=wet_rederive_1236_20260719;pressure_context_source=weather_openmeteo;transport=wifi_poll,
plants.soil,2026-07-28T10:31:26.191Z,2026-07-28 05:31:26.191,24953,2a89d4,8gtt1h,0.7.3,fleet_logger_0_1,591510035,UMLIFE_v2_TLC555,ch2,origplant,soil_moisture,1260,,,OK,,,985.1,,name=c5off1;level=overwatered;role=disp;spread=9;gpio=5;device_seq=78866;time_source=device_synced;device_timestamp_utc=2026-07-28T10:31:01.989Z;config_id=170b1c1e;rssi=-56;uptime_s=591510;heap=152644;cal_tier=board-cal;cal_src=wet_rederive_1236_20260719;pressure_context_source=weather_openmeteo;transport=wifi_poll,
plants.soil,2026-07-28T10:31:26.191Z,2026-07-28 05:31:26.191,24954,2a89d4,8gtt1h,0.7.3,fleet_logger_0_1,591510035,UMLIFE_v2_TLC555,ch3,origplant,soil_moisture,1591,,,OK,,,985.1,,name=c5off1;level=OK;role=disp;spread=31;gpio=6;device_seq=78867;time_source=device_synced;device_timestamp_utc=2026-07-28T10:31:01.989Z;config_id=170b1c1e;rssi=-56;uptime_s=591510;heap=152644;cal_tier=board-cal;cal_src=wet_rederive_1236_20260719;pressure_context_source=weather_openmeteo;transport=wifi_poll,
plants.env,2026-07-28T10:31:26.191Z,2026-07-28 05:31:26.191,24955,2a89d4,8gtt1h,0.7.3,fleet_logger_0_1,591510719,ESP32,esp32_die,on_chip,die_temp,,23.70,degC,OK,,,,,name=c5off1;source=esp32_die;cal=uncalibrated_board_proxy;api=temperatureRead;config_id=170b1c1e;transport=wifi_poll,
plants.soil,2026-07-28T10:31:56.766Z,2026-07-28 05:31:56.766,24956,2a89d4,8gtt1h,0.7.3,fleet_logger_0_1,591540035,UMLIFE_v2_TLC555,ch0,origplant,soil_moisture,1233,,,OK,,,985.1,,name=c5off1;level=overwatered;role=disp;spread=8;gpio=1;device_seq=78868;time_source=device_synced;device_timestamp_utc=2026-07-28T10:31:31.989Z;config_id=170b1c1e;rssi=-55;uptime_s=591540;heap=152644;cal_tier=board-cal;cal_src=wet_rederive_1236_20260719;pressure_context_source=weather_openmeteo;transport=wifi_poll,
plants.soil,2026-07-28T10:31:56.766Z,2026-07-28 05:31:56.766,24957,2a89d4,8gtt1h,0.7.3,fleet_logger_0_1,591540035,UMLIFE_v2_TLC555,ch1,origplant,soil_moisture,1395,,,OK,,,985.1,,name=c5off1;level=well watered;role=disp;spread=18;gpio=4;device_seq=78869;time_source=device_synced;device_timestamp_utc=2026-07-28T10:31:31.989Z;config_id=170b1c1e;rssi=-55;uptime_s=591540;heap=152644;cal_tier=board-cal;cal_src=wet_rederive_1236_20260719;pressure_context_source=weather_openmeteo;transport=wifi_poll,
plants.soil,2026-07-28T10:31:56.766Z,2026-07-28 05:31:56.766,24958,2a89d4,8gtt1h,0.7.3,fleet_logger_0_1,591540035,UMLIFE_v2_TLC555,ch2,origplant,soil_moisture,1260,,,OK,,,985.1,,name=c5off1;level=overwatered;role=disp;spread=8;gpio=5;device_seq=78870;time_source=device_synced;device_timestamp_utc=2026-07-28T10:31:31.989Z;config_id=170b1c1e;rssi=-55;uptime_s=591540;heap=152644;cal_tier=board-cal;cal_src=wet_rederive_1236_20260719;pressure_context_source=weather_openmeteo;transport=wifi_poll,
plants.soil,2026-07-28T10:31:56.766Z,2026-07-28 05:31:56.766,24959,2a89d4,8gtt1h,0.7.3,fleet_logger_0_1,591540035,UMLIFE_v2_TLC555,ch3,origplant,soil_moisture,1609,,,OK,,,985.1,,name=c5off1;level=OK;role=disp;spread=23;gpio=6;device_seq=78871;time_source=device_synced;device_timestamp_utc=2026-07-28T10:31:31.989Z;config_id=170b1c1e;rssi=-55;uptime_s=591540;heap=152644;cal_tier=board-cal;cal_src=wet_rederive_1236_20260719;pressure_context_source=weather_openmeteo;transport=wifi_poll,
plants.env,2026-07-28T10:31:56.766Z,2026-07-28 05:31:56.766,24960,2a89d4,8gtt1h,0.7.3,fleet_logger_0_1,591540719,ESP32,esp32_die,on_chip,die_temp,,23.70,degC,OK,,,,,name=c5off1;source=esp32_die;cal=uncalibrated_board_proxy;api=temperatureRead;config_id=170b1c1e;transport=wifi_poll,
plants.soil,2026-07-28T10:32:27.091Z,2026-07-28 05:32:27.091,24961,2a89d4,8gtt1h,0.7.3,fleet_logger_0_1,591570035,UMLIFE_v2_TLC555,ch0,origplant,soil_moisture,1215,,,OK,,,985.1,,name=c5off1;level=overwatered;role=disp;spread=16;gpio=1;device_seq=78872;time_source=device_synced;device_timestamp_utc=2026-07-28T10:32:01.989Z;config_id=170b1c1e;rssi=-58;uptime_s=591570;heap=152644;cal_tier=board-cal;cal_src=wet_rederive_1236_20260719;pressure_context_source=weather_openmeteo;transport=wifi_poll,
plants.soil,2026-07-28T10:32:27.091Z,2026-07-28 05:32:27.091,24962,2a89d4,8gtt1h,0.7.3,fleet_logger_0_1,591570035,UMLIFE_v2_TLC555,ch1,origplant,soil_moisture,1382,,,OK,,,985.1,,name=c5off1;level=well watered;role=disp;spread=23;gpio=4;device_seq=78873;time_source=device_synced;device_timestamp_utc=2026-07-28T10:32:01.989Z;config_id=170b1c1e;rssi=-58;uptime_s=591570;heap=152644;cal_tier=board-cal;cal_src=wet_rederive_1236_20260719;pressure_context_source=weather_openmeteo;transport=wifi_poll,
plants.soil,2026-07-28T10:32:27.091Z,2026-07-28 05:32:27.091,24963,2a89d4,8gtt1h,0.7.3,fleet_logger_0_1,591570035,UMLIFE_v2_TLC555,ch2,origplant,soil_moisture,1263,,,OK,,,985.1,,name=c5off1;level=overwatered;role=disp;spread=7;gpio=5;device_seq=78874;time_source=device_synced;device_timestamp_utc=2026-07-28T10:32:01.989Z;config_id=170b1c1e;rssi=-58;uptime_s=591570;heap=152644;cal_tier=board-cal;cal_src=wet_rederive_1236_20260719;pressure_context_source=weather_openmeteo;transport=wifi_poll,
plants.soil,2026-07-28T10:32:27.091Z,2026-07-28 05:32:27.091,24964,2a89d4,8gtt1h,0.7.3,fleet_logger_0_1,591570035,UMLIFE_v2_TLC555,ch3,origplant,soil_moisture,1611,,,OK,,,985.1,,name=c5off1;level=OK;role=disp;spread=14;gpio=6;device_seq=78875;time_source=device_synced;device_timestamp_utc=2026-07-28T10:32:01.989Z;config_id=170b1c1e;rssi=-58;uptime_s=591570;heap=152644;cal_tier=board-cal;cal_src=wet_rederive_1236_20260719;pressure_context_source=weather_openmeteo;transport=wifi_poll,
plants.env,2026-07-28T10:32:27.091Z,2026-07-28 05:32:27.091,24965,2a89d4,8gtt1h,0.7.3,fleet_logger_0_1,591570719,ESP32,esp32_die,on_chip,die_temp,,23.70,degC,OK,,,,,name=c5off1;source=esp32_die;cal=uncalibrated_board_proxy;api=temperatureRead;config_id=170b1c1e;transport=wifi_poll,
plants.soil,2026-07-28T10:32:57.899Z,2026-07-28 05:32:57.899,24966,2a89d4,8gtt1h,0.7.3,fleet_logger_0_1,591600035,UMLIFE_v2_TLC555,ch0,origplant,soil_moisture,1223,,,OK,,,985.1,,name=c5off1;level=overwatered;role=disp;spread=9;gpio=1;device_seq=78876;time_source=device_synced;device_timestamp_utc=2026-07-28T10:32:31.989Z;config_id=170b1c1e;rssi=-56;uptime_s=591600;heap=152388;cal_tier=board-cal;cal_src=wet_rederive_1236_20260719;pressure_context_source=weather_openmeteo;transport=wifi_poll,
plants.soil,2026-07-28T10:32:57.899Z,2026-07-28 05:32:57.899,24967,2a89d4,8gtt1h,0.7.3,fleet_logger_0_1,591600035,UMLIFE_v2_TLC555,ch1,origplant,soil_moisture,1394,,,OK,,,985.1,,name=c5off1;level=well watered;role=disp;spread=16;gpio=4;device_seq=78877;time_source=device_synced;device_timestamp_utc=2026-07-28T10:32:31.989Z;config_id=170b1c1e;rssi=-56;uptime_s=591600;heap=152388;cal_tier=board-cal;cal_src=wet_rederive_1236_20260719;pressure_context_source=weather_openmeteo;transport=wifi_poll,
plants.soil,2026-07-28T10:32:57.899Z,2026-07-28 05:32:57.899,24968,2a89d4,8gtt1h,0.7.3,fleet_logger_0_1,591600035,UMLIFE_v2_TLC555,ch2,origplant,soil_moisture,1262,,,OK,,,985.1,,name=c5off1;level=overwatered;role=disp;spread=10;gpio=5;device_seq=78878;time_source=device_synced;device_timestamp_utc=2026-07-28T10:32:31.989Z;config_id=170b1c1e;rssi=-56;uptime_s=591600;heap=152388;cal_tier=board-cal;cal_src=wet_rederive_1236_20260719;pressure_context_source=weather_openmeteo;transport=wifi_poll,
plants.soil,2026-07-28T10:32:57.899Z,2026-07-28 05:32:57.899,24969,2a89d4,8gtt1h,0.7.3,fleet_logger_0_1,591600035,UMLIFE_v2_TLC555,ch3,origplant,soil_moisture,1610,,,OK,,,985.1,,name=c5off1;level=OK;role=disp;spread=35;gpio=6;device_seq=78879;time_source=device_synced;device_timestamp_utc=2026-07-28T10:32:31.989Z;config_id=170b1c1e;rssi=-56;uptime_s=591600;heap=152388;cal_tier=board-cal;cal_src=wet_rederive_1236_20260719;pressure_context_source=weather_openmeteo;transport=wifi_poll,
plants.env,2026-07-28T10:32:57.899Z,2026-07-28 05:32:57.899,24970,2a89d4,8gtt1h,0.7.3,fleet_logger_0_1,591601819,ESP32,esp32_die,on_chip,die_temp,,23.70,degC,OK,,,,,name=c5off1;source=esp32_die;cal=uncalibrated_board_proxy;api=temperatureRead;config_id=170b1c1e;transport=wifi_poll,
plants.soil,2026-07-28T10:33:28.273Z,2026-07-28 05:33:28.273,24971,2a89d4,8gtt1h,0.7.3,fleet_logger_0_1,591630035,UMLIFE_v2_TLC555,ch0,origplant,soil_moisture,1229,,,OK,,,985.1,,name=c5off1;level=overwatered;role=disp;spread=12;gpio=1;device_seq=78880;time_source=device_synced;device_timestamp_utc=2026-07-28T10:33:01.989Z;config_id=170b1c1e;rssi=-58;uptime_s=591630;heap=152388;cal_tier=board-cal;cal_src=wet_rederive_1236_20260719;pressure_context_source=weather_openmeteo;transport=wifi_poll,
plants.soil,2026-07-28T10:33:28.273Z,2026-07-28 05:33:28.273,24972,2a89d4,8gtt1h,0.7.3,fleet_logger_0_1,591630035,UMLIFE_v2_TLC555,ch1,origplant,soil_moisture,1394,,,OK,,,985.1,,name=c5off1;level=well watered;role=disp;spread=24;gpio=4;device_seq=78881;time_source=device_synced;device_timestamp_utc=2026-07-28T10:33:01.989Z;config_id=170b1c1e;rssi=-58;uptime_s=591630;heap=152388;cal_tier=board-cal;cal_src=wet_rederive_1236_20260719;pressure_context_source=weather_openmeteo;transport=wifi_poll,
plants.soil,2026-07-28T10:33:28.273Z,2026-07-28 05:33:28.273,24973,2a89d4,8gtt1h,0.7.3,fleet_logger_0_1,591630035,UMLIFE_v2_TLC555,ch2,origplant,soil_moisture,1262,,,OK,,,985.1,,name=c5off1;level=overwatered;role=disp;spread=12;gpio=5;device_seq=78882;time_source=device_synced;device_timestamp_utc=2026-07-28T10:33:01.989Z;config_id=170b1c1e;rssi=-58;uptime_s=591630;heap=152388;cal_tier=board-cal;cal_src=wet_rederive_1236_20260719;pressure_context_source=weather_openmeteo;transport=wifi_poll,
plants.soil,2026-07-28T10:33:28.273Z,2026-07-28 05:33:28.273,24974,2a89d4,8gtt1h,0.7.3,fleet_logger_0_1,591630035,UMLIFE_v2_TLC555,ch3,origplant,soil_moisture,1612,,,OK,,,985.1,,name=c5off1;level=OK;role=disp;spread=34;gpio=6;device_seq=78883;time_source=device_synced;device_timestamp_utc=2026-07-28T10:33:01.989Z;config_id=170b1c1e;rssi=-58;uptime_s=591630;heap=152388;cal_tier=board-cal;cal_src=wet_rederive_1236_20260719;pressure_context_source=weather_openmeteo;transport=wifi_poll,
plants.env,2026-07-28T10:33:28.273Z,2026-07-28 05:33:28.273,24975,2a89d4,8gtt1h,0.7.3,fleet_logger_0_1,591630720,ESP32,esp32_die,on_chip,die_temp,,23.70,degC,OK,,,,,name=c5off1;source=esp32_die;cal=uncalibrated_board_proxy;api=temperatureRead;config_id=170b1c1e;transport=wifi_poll,
plants.soil,2026-07-28T10:33:58.724Z,2026-07-28 05:33:58.724,24976,2a89d4,8gtt1h,0.7.3,fleet_logger_0_1,591660035,UMLIFE_v2_TLC555,ch0,origplant,soil_moisture,1215,,,OK,,,985.1,,name=c5off1;level=overwatered;role=disp;spread=8;gpio=1;device_seq=78884;time_source=device_synced;device_timestamp_utc=2026-07-28T10:33:31.989Z;config_id=170b1c1e;rssi=-56;uptime_s=591660;heap=152660;cal_tier=board-cal;cal_src=wet_rederive_1236_20260719;pressure_context_source=weather_openmeteo;transport=wifi_poll,
plants.soil,2026-07-28T10:33:58.724Z,2026-07-28 05:33:58.724,24977,2a89d4,8gtt1h,0.7.3,fleet_logger_0_1,591660035,UMLIFE_v2_TLC555,ch1,origplant,soil_moisture,1386,,,OK,,,985.1,,name=c5off1;level=well watered;role=disp;spread=24;gpio=4;device_seq=78885;time_source=device_synced;device_timestamp_utc=2026-07-28T10:33:31.989Z;config_id=170b1c1e;rssi=-56;uptime_s=591660;heap=152660;cal_tier=board-cal;cal_src=wet_rederive_1236_20260719;pressure_context_source=weather_openmeteo;transport=wifi_poll,
plants.soil,2026-07-28T10:33:58.724Z,2026-07-28 05:33:58.724,24978,2a89d4,8gtt1h,0.7.3,fleet_logger_0_1,591660035,UMLIFE_v2_TLC555,ch2,origplant,soil_moisture,1261,,,OK,,,985.1,,name=c5off1;level=overwatered;role=disp;spread=13;gpio=5;device_seq=78886;time_source=device_synced;device_timestamp_utc=2026-07-28T10:33:31.989Z;config_id=170b1c1e;rssi=-56;uptime_s=591660;heap=152660;cal_tier=board-cal;cal_src=wet_rederive_1236_20260719;pressure_context_source=weather_openmeteo;transport=wifi_poll,
plants.soil,2026-07-28T10:33:58.724Z,2026-07-28 05:33:58.724,24979,2a89d4,8gtt1h,0.7.3,fleet_logger_0_1,591660035,UMLIFE_v2_TLC555,ch3,origplant,soil_moisture,1609,,,OK,,,985.1,,name=c5off1;level=OK;role=disp;spread=41;gpio=6;device_seq=78887;time_source=device_synced;device_timestamp_utc=2026-07-28T10:33:31.989Z;config_id=170b1c1e;rssi=-56;uptime_s=591660;heap=152660;cal_tier=board-cal;cal_src=wet_rederive_1236_20260719;pressure_context_source=weather_openmeteo;transport=wifi_poll,
plants.env,2026-07-28T10:33:58.724Z,2026-07-28 05:33:58.724,24980,2a89d4,8gtt1h,0.7.3,fleet_logger_0_1,591660719,ESP32,esp32_die,on_chip,die_temp,,23.70,degC,OK,,,,,name=c5off1;source=esp32_die;cal=uncalibrated_board_proxy;api=temperatureRead;config_id=170b1c1e;transport=wifi_poll,
plants.soil,2026-07-28T10:34:29.048Z,2026-07-28 05:34:29.048,24981,2a89d4,8gtt1h,0.7.3,fleet_logger_0_1,591690035,UMLIFE_v2_TLC555,ch0,origplant,soil_moisture,1216,,,OK,,,985.1,,name=c5off1;level=overwatered;role=disp;spread=9;gpio=1;device_seq=78888;time_source=device_synced;device_timestamp_utc=2026-07-28T10:34:01.989Z;config_id=170b1c1e;rssi=-59;uptime_s=591690;heap=152644;cal_tier=board-cal;cal_src=wet_rederive_1236_20260719;pressure_context_source=weather_openmeteo;transport=wifi_poll,
plants.soil,2026-07-28T10:34:29.048Z,2026-07-28 05:34:29.048,24982,2a89d4,8gtt1h,0.7.3,fleet_logger_0_1,591690035,UMLIFE_v2_TLC555,ch1,origplant,soil_moisture,1376,,,OK,,,985.1,,name=c5off1;level=well watered;role=disp;spread=21;gpio=4;device_seq=78889;time_source=device_synced;device_timestamp_utc=2026-07-28T10:34:01.989Z;config_id=170b1c1e;rssi=-59;uptime_s=591690;heap=152644;cal_tier=board-cal;cal_src=wet_rederive_1236_20260719;pressure_context_source=weather_openmeteo;transport=wifi_poll,
plants.soil,2026-07-28T10:34:29.048Z,2026-07-28 05:34:29.048,24983,2a89d4,8gtt1h,0.7.3,fleet_logger_0_1,591690035,UMLIFE_v2_TLC555,ch2,origplant,soil_moisture,1262,,,OK,,,985.1,,name=c5off1;level=overwatered;role=disp;spread=23;gpio=5;device_seq=78890;time_source=device_synced;device_timestamp_utc=2026-07-28T10:34:01.989Z;config_id=170b1c1e;rssi=-59;uptime_s=591690;heap=152644;cal_tier=board-cal;cal_src=wet_rederive_1236_20260719;pressure_context_source=weather_openmeteo;transport=wifi_poll,
plants.soil,2026-07-28T10:34:29.048Z,2026-07-28 05:34:29.048,24984,2a89d4,8gtt1h,0.7.3,fleet_logger_0_1,591690035,UMLIFE_v2_TLC555,ch3,origplant,soil_moisture,1596,,,OK,,,985.1,,name=c5off1;level=OK;role=disp;spread=33;gpio=6;device_seq=78891;time_source=device_synced;device_timestamp_utc=2026-07-28T10:34:01.989Z;config_id=170b1c1e;rssi=-59;uptime_s=591690;heap=152644;cal_tier=board-cal;cal_src=wet_rederive_1236_20260719;pressure_context_source=weather_openmeteo;transport=wifi_poll,
plants.env,2026-07-28T10:34:29.048Z,2026-07-28 05:34:29.048,24985,2a89d4,8gtt1h,0.7.3,fleet_logger_0_1,591690719,ESP32,esp32_die,on_chip,die_temp,,23.70,degC,OK,,,,,name=c5off1;source=esp32_die;cal=uncalibrated_board_proxy;api=temperatureRead;config_id=170b1c1e;transport=wifi_poll,
plants.soil,2026-07-28T10:34:59.345Z,2026-07-28 05:34:59.345,24986,2a89d4,8gtt1h,0.7.3,fleet_logger_0_1,591720035,UMLIFE_v2_TLC555,ch0,origplant,soil_moisture,1217,,,OK,,,985.1,,name=c5off1;level=overwatered;role=disp;spread=10;gpio=1;device_seq=78892;time_source=device_synced;device_timestamp_utc=2026-07-28T10:34:31.989Z;config_id=170b1c1e;rssi=-58;uptime_s=591720;heap=152652;cal_tier=board-cal;cal_src=wet_rederive_1236_20260719;pressure_context_source=weather_openmeteo;transport=wifi_poll,
plants.soil,2026-07-28T10:34:59.345Z,2026-07-28 05:34:59.345,24987,2a89d4,8gtt1h,0.7.3,fleet_logger_0_1,591720035,UMLIFE_v2_TLC555,ch1,origplant,soil_moisture,1379,,,OK,,,985.1,,name=c5off1;level=well watered;role=disp;spread=22;gpio=4;device_seq=78893;time_source=device_synced;device_timestamp_utc=2026-07-28T10:34:31.989Z;config_id=170b1c1e;rssi=-58;uptime_s=591720;heap=152652;cal_tier=board-cal;cal_src=wet_rederive_1236_20260719;pressure_context_source=weather_openmeteo;transport=wifi_poll,
plants.soil,2026-07-28T10:34:59.345Z,2026-07-28 05:34:59.345,24988,2a89d4,8gtt1h,0.7.3,fleet_logger_0_1,591720035,UMLIFE_v2_TLC555,ch2,origplant,soil_moisture,1262,,,OK,,,985.1,,name=c5off1;level=overwatered;role=disp;spread=12;gpio=5;device_seq=78894;time_source=device_synced;device_timestamp_utc=2026-07-28T10:34:31.989Z;config_id=170b1c1e;rssi=-58;uptime_s=591720;heap=152652;cal_tier=board-cal;cal_src=wet_rederive_1236_20260719;pressure_context_source=weather_openmeteo;transport=wifi_poll,
plants.soil,2026-07-28T10:34:59.345Z,2026-07-28 05:34:59.345,24989,2a89d4,8gtt1h,0.7.3,fleet_logger_0_1,591720035,UMLIFE_v2_TLC555,ch3,origplant,soil_moisture,1595,,,OK,,,985.1,,name=c5off1;level=OK;role=disp;spread=20;gpio=6;device_seq=78895;time_source=device_synced;device_timestamp_utc=2026-07-28T10:34:31.989Z;config_id=170b1c1e;rssi=-58;uptime_s=591720;heap=152652;cal_tier=board-cal;cal_src=wet_rederive_1236_20260719;pressure_context_source=weather_openmeteo;transport=wifi_poll,
plants.env,2026-07-28T10:34:59.345Z,2026-07-28 05:34:59.345,24990,2a89d4,8gtt1h,0.7.3,fleet_logger_0_1,591720719,ESP32,esp32_die,on_chip,die_temp,,23.70,degC,OK,,,,,name=c5off1;source=esp32_die;cal=uncalibrated_board_proxy;api=temperatureRead;config_id=170b1c1e;transport=wifi_poll,
plants.soil,2026-07-28T10:35:29.615Z,2026-07-28 05:35:29.615,24991,2a89d4,8gtt1h,0.7.3,fleet_logger_0_1,591750035,UMLIFE_v2_TLC555,ch0,origplant,soil_moisture,1221,,,OK,,,985.1,,name=c5off1;level=overwatered;role=disp;spread=14;gpio=1;device_seq=78896;time_source=device_synced;device_timestamp_utc=2026-07-28T10:35:01.989Z;config_id=170b1c1e;rssi=-56;uptime_s=591750;heap=152608;cal_tier=board-cal;cal_src=wet_rederive_1236_20260719;pressure_context_source=weather_openmeteo;transport=wifi_poll,
plants.soil,2026-07-28T10:35:29.615Z,2026-07-28 05:35:29.615,24992,2a89d4,8gtt1h,0.7.3,fleet_logger_0_1,591750035,UMLIFE_v2_TLC555,ch1,origplant,soil_moisture,1381,,,OK,,,985.1,,name=c5off1;level=well watered;role=disp;spread=24;gpio=4;device_seq=78897;time_source=device_synced;device_timestamp_utc=2026-07-28T10:35:01.989Z;config_id=170b1c1e;rssi=-56;uptime_s=591750;heap=152608;cal_tier=board-cal;cal_src=wet_rederive_1236_20260719;pressure_context_source=weather_openmeteo;transport=wifi_poll,
plants.soil,2026-07-28T10:35:29.615Z,2026-07-28 05:35:29.615,24993,2a89d4,8gtt1h,0.7.3,fleet_logger_0_1,591750035,UMLIFE_v2_TLC555,ch2,origplant,soil_moisture,1263,,,OK,,,985.1,,name=c5off1;level=overwatered;role=disp;spread=20;gpio=5;device_seq=78898;time_source=device_synced;device_timestamp_utc=2026-07-28T10:35:01.989Z;config_id=170b1c1e;rssi=-56;uptime_s=591750;heap=152608;cal_tier=board-cal;cal_src=wet_rederive_1236_20260719;pressure_context_source=weather_openmeteo;transport=wifi_poll,
plants.soil,2026-07-28T10:35:29.615Z,2026-07-28 05:35:29.615,24994,2a89d4,8gtt1h,0.7.3,fleet_logger_0_1,591750035,UMLIFE_v2_TLC555,ch3,origplant,soil_moisture,1593,,,OK,,,985.1,,name=c5off1;level=OK;role=disp;spread=21;gpio=6;device_seq=78899;time_source=device_synced;device_timestamp_utc=2026-07-28T10:35:01.989Z;config_id=170b1c1e;rssi=-56;uptime_s=591750;heap=152608;cal_tier=board-cal;cal_src=wet_rederive_1236_20260719;pressure_context_source=weather_openmeteo;transport=wifi_poll,
plants.env,2026-07-28T10:35:29.615Z,2026-07-28 05:35:29.615,24995,2a89d4,8gtt1h,0.7.3,fleet_logger_0_1,591750719,ESP32,esp32_die,on_chip,die_temp,,23.70,degC,OK,,,,,name=c5off1;source=esp32_die;cal=uncalibrated_board_proxy;api=temperatureRead;config_id=170b1c1e;transport=wifi_poll,
plants.soil,2026-07-28T10:35:59.864Z,2026-07-28 05:35:59.864,24996,2a89d4,8gtt1h,0.7.3,fleet_logger_0_1,591780035,UMLIFE_v2_TLC555,ch0,origplant,soil_moisture,1228,,,OK,,,985.1,,name=c5off1;level=overwatered;role=disp;spread=14;gpio=1;device_seq=78900;time_source=device_synced;device_timestamp_utc=2026-07-28T10:35:31.989Z;config_id=170b1c1e;rssi=-56;uptime_s=591780;heap=152396;cal_tier=board-cal;cal_src=wet_rederive_1236_20260719;pressure_context_source=weather_openmeteo;transport=wifi_poll,
plants.soil,2026-07-28T10:35:59.864Z,2026-07-28 05:35:59.864,24997,2a89d4,8gtt1h,0.7.3,fleet_logger_0_1,591780035,UMLIFE_v2_TLC555,ch1,origplant,soil_moisture,1382,,,OK,,,985.1,,name=c5off1;level=well watered;role=disp;spread=33;gpio=4;device_seq=78901;time_source=device_synced;device_timestamp_utc=2026-07-28T10:35:31.989Z;config_id=170b1c1e;rssi=-56;uptime_s=591780;heap=152396;cal_tier=board-cal;cal_src=wet_rederive_1236_20260719;pressure_context_source=weather_openmeteo;transport=wifi_poll,
plants.soil,2026-07-28T10:35:59.864Z,2026-07-28 05:35:59.864,24998,2a89d4,8gtt1h,0.7.3,fleet_logger_0_1,591780035,UMLIFE_v2_TLC555,ch2,origplant,soil_moisture,1262,,,OK,,,985.1,,name=c5off1;level=overwatered;role=disp;spread=6;gpio=5;device_seq=78902;time_source=device_synced;device_timestamp_utc=2026-07-28T10:35:31.989Z;config_id=170b1c1e;rssi=-56;uptime_s=591780;heap=152396;cal_tier=board-cal;cal_src=wet_rederive_1236_20260719;pressure_context_source=weather_openmeteo;transport=wifi_poll,
plants.soil,2026-07-28T10:35:59.864Z,2026-07-28 05:35:59.864,24999,2a89d4,8gtt1h,0.7.3,fleet_logger_0_1,591780035,UMLIFE_v2_TLC555,ch3,origplant,soil_moisture,1605,,,OK,,,985.1,,name=c5off1;level=OK;role=disp;spread=11;gpio=6;device_seq=78903;time_source=device_synced;device_timestamp_utc=2026-07-28T10:35:31.989Z;config_id=170b1c1e;rssi=-56;uptime_s=591780;heap=152396;cal_tier=board-cal;cal_src=wet_rederive_1236_20260719;pressure_context_source=weather_openmeteo;transport=wifi_poll,
plants.env,2026-07-28T10:35:59.864Z,2026-07-28 05:35:59.864,25000,2a89d4,8gtt1h,0.7.3,fleet_logger_0_1,591780720,ESP32,esp32_die,on_chip,die_temp,,23.70,degC,OK,,,,,name=c5off1;source=esp32_die;cal=uncalibrated_board_proxy;api=temperatureRead;config_id=170b1c1e;transport=wifi_poll,
plants.soil,2026-07-28T10:36:30.326Z,2026-07-28 05:36:30.326,25001,2a89d4,8gtt1h,0.7.3,fleet_logger_0_1,591810035,UMLIFE_v2_TLC555,ch0,origplant,soil_moisture,1233,,,OK,,,985.1,,name=c5off1;level=overwatered;role=disp;spread=12;gpio=1;device_seq=78904;time_source=device_synced;device_timestamp_utc=2026-07-28T10:36:01.989Z;config_id=170b1c1e;rssi=-54;uptime_s=591810;heap=152388;cal_tier=board-cal;cal_src=wet_rederive_1236_20260719;pressure_context_source=weather_openmeteo;transport=wifi_poll,
plants.soil,2026-07-28T10:36:30.326Z,2026-07-28 05:36:30.326,25002,2a89d4,8gtt1h,0.7.3,fleet_logger_0_1,591810035,UMLIFE_v2_TLC555,ch1,origplant,soil_moisture,1391,,,OK,,,985.1,,name=c5off1;level=well watered;role=disp;spread=22;gpio=4;device_seq=78905;time_source=device_synced;device_timestamp_utc=2026-07-28T10:36:01.989Z;config_id=170b1c1e;rssi=-54;uptime_s=591810;heap=152388;cal_tier=board-cal;cal_src=wet_rederive_1236_20260719;pressure_context_source=weather_openmeteo;transport=wifi_poll,
plants.soil,2026-07-28T10:36:30.326Z,2026-07-28 05:36:30.326,25003,2a89d4,8gtt1h,0.7.3,fleet_logger_0_1,591810035,UMLIFE_v2_TLC555,ch2,origplant,soil_moisture,1260,,,OK,,,985.1,,name=c5off1;level=overwatered;role=disp;spread=9;gpio=5;device_seq=78906;time_source=device_synced;device_timestamp_utc=2026-07-28T10:36:01.989Z;config_id=170b1c1e;rssi=-54;uptime_s=591810;heap=152388;cal_tier=board-cal;cal_src=wet_rederive_1236_20260719;pressure_context_source=weather_openmeteo;transport=wifi_poll,
plants.soil,2026-07-28T10:36:30.326Z,2026-07-28 05:36:30.326,25004,2a89d4,8gtt1h,0.7.3,fleet_logger_0_1,591810035,UMLIFE_v2_TLC555,ch3,origplant,soil_moisture,1594,,,OK,,,985.1,,name=c5off1;level=OK;role=disp;spread=21;gpio=6;device_seq=78907;time_source=device_synced;device_timestamp_utc=2026-07-28T10:36:01.989Z;config_id=170b1c1e;rssi=-54;uptime_s=591810;heap=152388;cal_tier=board-cal;cal_src=wet_rederive_1236_20260719;pressure_context_source=weather_openmeteo;transport=wifi_poll,
plants.env,2026-07-28T10:36:30.326Z,2026-07-28 05:36:30.326,25005,2a89d4,8gtt1h,0.7.3,fleet_logger_0_1,591810719,ESP32,esp32_die,on_chip,die_temp,,23.70,degC,OK,,,,,name=c5off1;source=esp32_die;cal=uncalibrated_board_proxy;api=temperatureRead;config_id=170b1c1e;transport=wifi_poll,
plants.soil,2026-07-28T10:37:00.689Z,2026-07-28 05:37:00.689,25006,2a89d4,8gtt1h,0.7.3,fleet_logger_0_1,591840035,UMLIFE_v2_TLC555,ch0,origplant,soil_moisture,1233,,,OK,,,985.1,,name=c5off1;level=overwatered;role=disp;spread=5;gpio=1;device_seq=78908;time_source=device_synced;device_timestamp_utc=2026-07-28T10:36:31.989Z;config_id=170b1c1e;rssi=-56;uptime_s=591840;heap=152600;cal_tier=board-cal;cal_src=wet_rederive_1236_20260719;pressure_context_source=weather_openmeteo;transport=wifi_poll,
plants.soil,2026-07-28T10:37:00.689Z,2026-07-28 05:37:00.689,25007,2a89d4,8gtt1h,0.7.3,fleet_logger_0_1,591840035,UMLIFE_v2_TLC555,ch1,origplant,soil_moisture,1398,,,OK,,,985.1,,name=c5off1;level=well watered;role=disp;spread=22;gpio=4;device_seq=78909;time_source=device_synced;device_timestamp_utc=2026-07-28T10:36:31.989Z;config_id=170b1c1e;rssi=-56;uptime_s=591840;heap=152600;cal_tier=board-cal;cal_src=wet_rederive_1236_20260719;pressure_context_source=weather_openmeteo;transport=wifi_poll,
plants.soil,2026-07-28T10:37:00.689Z,2026-07-28 05:37:00.689,25008,2a89d4,8gtt1h,0.7.3,fleet_logger_0_1,591840035,UMLIFE_v2_TLC555,ch2,origplant,soil_moisture,1262,,,OK,,,985.1,,name=c5off1;level=overwatered;role=disp;spread=4;gpio=5;device_seq=78910;time_source=device_synced;device_timestamp_utc=2026-07-28T10:36:31.989Z;config_id=170b1c1e;rssi=-56;uptime_s=591840;heap=152600;cal_tier=board-cal;cal_src=wet_rederive_1236_20260719;pressure_context_source=weather_openmeteo;transport=wifi_poll,
plants.soil,2026-07-28T10:37:00.689Z,2026-07-28 05:37:00.689,25009,2a89d4,8gtt1h,0.7.3,fleet_logger_0_1,591840035,UMLIFE_v2_TLC555,ch3,origplant,soil_moisture,1598,,,OK,,,985.1,,name=c5off1;level=OK;role=disp;spread=10;gpio=6;device_seq=78911;time_source=device_synced;device_timestamp_utc=2026-07-28T10:36:31.989Z;config_id=170b1c1e;rssi=-56;uptime_s=591840;heap=152600;cal_tier=board-cal;cal_src=wet_rederive_1236_20260719;pressure_context_source=weather_openmeteo;transport=wifi_poll,
plants.env,2026-07-28T10:37:00.689Z,2026-07-28 05:37:00.689,25010,2a89d4,8gtt1h,0.7.3,fleet_logger_0_1,591840719,ESP32,esp32_die,on_chip,die_temp,,23.70,degC,OK,,,,,name=c5off1;source=esp32_die;cal=uncalibrated_board_proxy;api=temperatureRead;config_id=170b1c1e;transport=wifi_poll,
plants.soil,2026-07-28T10:37:31.101Z,2026-07-28 05:37:31.101,25011,2a89d4,8gtt1h,0.7.3,fleet_logger_0_1,591870035,UMLIFE_v2_TLC555,ch0,origplant,soil_moisture,1232,,,OK,,,985.1,,name=c5off1;level=overwatered;role=disp;spread=11;gpio=1;device_seq=78912;time_source=device_synced;device_timestamp_utc=2026-07-28T10:37:01.989Z;config_id=170b1c1e;rssi=-55;uptime_s=591870;heap=152608;cal_tier=board-cal;cal_src=wet_rederive_1236_20260719;pressure_context_source=weather_openmeteo;transport=wifi_poll,
plants.soil,2026-07-28T10:37:31.101Z,2026-07-28 05:37:31.101,25012,2a89d4,8gtt1h,0.7.3,fleet_logger_0_1,591870035,UMLIFE_v2_TLC555,ch1,origplant,soil_moisture,1397,,,OK,,,985.1,,name=c5off1;level=well watered;role=disp;spread=31;gpio=4;device_seq=78913;time_source=device_synced;device_timestamp_utc=2026-07-28T10:37:01.989Z;config_id=170b1c1e;rssi=-55;uptime_s=591870;heap=152608;cal_tier=board-cal;cal_src=wet_rederive_1236_20260719;pressure_context_source=weather_openmeteo;transport=wifi_poll,
plants.soil,2026-07-28T10:37:31.101Z,2026-07-28 05:37:31.101,25013,2a89d4,8gtt1h,0.7.3,fleet_logger_0_1,591870035,UMLIFE_v2_TLC555,ch2,origplant,soil_moisture,1262,,,OK,,,985.1,,name=c5off1;level=overwatered;role=disp;spread=18;gpio=5;device_seq=78914;time_source=device_synced;device_timestamp_utc=2026-07-28T10:37:01.989Z;config_id=170b1c1e;rssi=-55;uptime_s=591870;heap=152608;cal_tier=board-cal;cal_src=wet_rederive_1236_20260719;pressure_context_source=weather_openmeteo;transport=wifi_poll,
plants.soil,2026-07-28T10:37:31.101Z,2026-07-28 05:37:31.101,25014,2a89d4,8gtt1h,0.7.3,fleet_logger_0_1,591870035,UMLIFE_v2_TLC555,ch3,origplant,soil_moisture,1603,,,OK,,,985.1,,name=c5off1;level=OK;role=disp;spread=11;gpio=6;device_seq=78915;time_source=device_synced;device_timestamp_utc=2026-07-28T10:37:01.989Z;config_id=170b1c1e;rssi=-55;uptime_s=591870;heap=152608;cal_tier=board-cal;cal_src=wet_rederive_1236_20260719;pressure_context_source=weather_openmeteo;transport=wifi_poll,
plants.env,2026-07-28T10:37:31.101Z,2026-07-28 05:37:31.101,25015,2a89d4,8gtt1h,0.7.3,fleet_logger_0_1,591870719,ESP32,esp32_die,on_chip,die_temp,,23.70,degC,OK,,,,,name=c5off1;source=esp32_die;cal=uncalibrated_board_proxy;api=temperatureRead;config_id=170b1c1e;transport=wifi_poll,
plants.soil,2026-07-28T10:38:02.449Z,2026-07-28 05:38:02.449,25016,2a89d4,8gtt1h,0.7.3,fleet_logger_0_1,591930035,UMLIFE_v2_TLC555,ch0,origplant,soil_moisture,1232,,,OK,,,985.1,,name=c5off1;level=overwatered;role=disp;spread=17;gpio=1;device_seq=78920;time_source=device_synced;device_timestamp_utc=2026-07-28T10:38:01.989Z;config_id=170b1c1e;rssi=-58;uptime_s=591930;heap=152868;cal_tier=board-cal;cal_src=wet_rederive_1236_20260719;pressure_context_source=weather_openmeteo;transport=wifi_poll,
plants.soil,2026-07-28T10:38:02.449Z,2026-07-28 05:38:02.449,25017,2a89d4,8gtt1h,0.7.3,fleet_logger_0_1,591930035,UMLIFE_v2_TLC555,ch1,origplant,soil_moisture,1397,,,OK,,,985.1,,name=c5off1;level=well watered;role=disp;spread=18;gpio=4;device_seq=78921;time_source=device_synced;device_timestamp_utc=2026-07-28T10:38:01.989Z;config_id=170b1c1e;rssi=-58;uptime_s=591930;heap=152868;cal_tier=board-cal;cal_src=wet_rederive_1236_20260719;pressure_context_source=weather_openmeteo;transport=wifi_poll,
plants.soil,2026-07-28T10:38:02.449Z,2026-07-28 05:38:02.449,25018,2a89d4,8gtt1h,0.7.3,fleet_logger_0_1,591930035,UMLIFE_v2_TLC555,ch2,origplant,soil_moisture,1262,,,OK,,,985.1,,name=c5off1;level=overwatered;role=disp;spread=14;gpio=5;device_seq=78922;time_source=device_synced;device_timestamp_utc=2026-07-28T10:38:01.989Z;config_id=170b1c1e;rssi=-58;uptime_s=591930;heap=152868;cal_tier=board-cal;cal_src=wet_rederive_1236_20260719;pressure_context_source=weather_openmeteo;transport=wifi_poll,
plants.soil,2026-07-28T10:38:02.449Z,2026-07-28 05:38:02.449,25019,2a89d4,8gtt1h,0.7.3,fleet_logger_0_1,591930035,UMLIFE_v2_TLC555,ch3,origplant,soil_moisture,1613,,,OK,,,985.1,,name=c5off1;level=OK;role=disp;spread=18;gpio=6;device_seq=78923;time_source=device_synced;device_timestamp_utc=2026-07-28T10:38:01.989Z;config_id=170b1c1e;rssi=-58;uptime_s=591930;heap=152868;cal_tier=board-cal;cal_src=wet_rederive_1236_20260719;pressure_context_source=weather_openmeteo;transport=wifi_poll,
plants.env,2026-07-28T10:38:02.449Z,2026-07-28 05:38:02.449,25020,2a89d4,8gtt1h,0.7.3,fleet_logger_0_1,591930719,ESP32,esp32_die,on_chip,die_temp,,23.70,degC,OK,,,,,name=c5off1;source=esp32_die;cal=uncalibrated_board_proxy;api=temperatureRead;config_id=170b1c1e;transport=wifi_poll,
plants.soil,2026-07-28T10:38:33.066Z,2026-07-28 05:38:33.066,25021,2a89d4,8gtt1h,0.7.3,fleet_logger_0_1,591960035,UMLIFE_v2_TLC555,ch0,origplant,soil_moisture,1233,,,OK,,,985.1,,name=c5off1;level=overwatered;role=disp;spread=6;gpio=1;device_seq=78924;time_source=device_synced;device_timestamp_utc=2026-07-28T10:38:31.989Z;config_id=170b1c1e;rssi=-55;uptime_s=591960;heap=152644;cal_tier=board-cal;cal_src=wet_rederive_1236_20260719;pressure_context_source=weather_openmeteo;transport=wifi_poll,
plants.soil,2026-07-28T10:38:33.066Z,2026-07-28 05:38:33.066,25022,2a89d4,8gtt1h,0.7.3,fleet_logger_0_1,591960035,UMLIFE_v2_TLC555,ch1,origplant,soil_moisture,1396,,,OK,,,985.1,,name=c5off1;level=well watered;role=disp;spread=24;gpio=4;device_seq=78925;time_source=device_synced;device_timestamp_utc=2026-07-28T10:38:31.989Z;config_id=170b1c1e;rssi=-55;uptime_s=591960;heap=152644;cal_tier=board-cal;cal_src=wet_rederive_1236_20260719;pressure_context_source=weather_openmeteo;transport=wifi_poll,
plants.soil,2026-07-28T10:38:33.066Z,2026-07-28 05:38:33.066,25023,2a89d4,8gtt1h,0.7.3,fleet_logger_0_1,591960035,UMLIFE_v2_TLC555,ch2,origplant,soil_moisture,1262,,,OK,,,985.1,,name=c5off1;level=overwatered;role=disp;spread=17;gpio=5;device_seq=78926;time_source=device_synced;device_timestamp_utc=2026-07-28T10:38:31.989Z;config_id=170b1c1e;rssi=-55;uptime_s=591960;heap=152644;cal_tier=board-cal;cal_src=wet_rederive_1236_20260719;pressure_context_source=weather_openmeteo;transport=wifi_poll,
plants.soil,2026-07-28T10:38:33.066Z,2026-07-28 05:38:33.066,25024,2a89d4,8gtt1h,0.7.3,fleet_logger_0_1,591960035,UMLIFE_v2_TLC555,ch3,origplant,soil_moisture,1612,,,OK,,,985.1,,name=c5off1;level=OK;role=disp;spread=22;gpio=6;device_seq=78927;time_source=device_synced;device_timestamp_utc=2026-07-28T10:38:31.989Z;config_id=170b1c1e;rssi=-55;uptime_s=591960;heap=152644;cal_tier=board-cal;cal_src=wet_rederive_1236_20260719;pressure_context_source=weather_openmeteo;transport=wifi_poll,
plants.env,2026-07-28T10:38:33.066Z,2026-07-28 05:38:33.066,25025,2a89d4,8gtt1h,0.7.3,fleet_logger_0_1,591960719,ESP32,esp32_die,on_chip,die_temp,,23.70,degC,OK,,,,,name=c5off1;source=esp32_die;cal=uncalibrated_board_proxy;api=temperatureRead;config_id=170b1c1e;transport=wifi_poll,
plants.soil,2026-07-28T10:39:03.411Z,2026-07-28 05:39:03.411,25026,2a89d4,8gtt1h,0.7.3,fleet_logger_0_1,591990035,UMLIFE_v2_TLC555,ch0,origplant,soil_moisture,1233,,,OK,,,985.1,,name=c5off1;level=overwatered;role=disp;spread=12;gpio=1;device_seq=78928;time_source=device_synced;device_timestamp_utc=2026-07-28T10:39:01.989Z;config_id=170b1c1e;rssi=-58;uptime_s=591990;heap=152644;cal_tier=board-cal;cal_src=wet_rederive_1236_20260719;pressure_context_source=weather_openmeteo;transport=wifi_poll,
plants.soil,2026-07-28T10:39:03.411Z,2026-07-28 05:39:03.411,25027,2a89d4,8gtt1h,0.7.3,fleet_logger_0_1,591990035,UMLIFE_v2_TLC555,ch1,origplant,soil_moisture,1396,,,OK,,,985.1,,name=c5off1;level=well watered;role=disp;spread=30;gpio=4;device_seq=78929;time_source=device_synced;device_timestamp_utc=2026-07-28T10:39:01.989Z;config_id=170b1c1e;rssi=-58;uptime_s=591990;heap=152644;cal_tier=board-cal;cal_src=wet_rederive_1236_20260719;pressure_context_source=weather_openmeteo;transport=wifi_poll,
plants.soil,2026-07-28T10:39:03.411Z,2026-07-28 05:39:03.411,25028,2a89d4,8gtt1h,0.7.3,fleet_logger_0_1,591990035,UMLIFE_v2_TLC555,ch2,origplant,soil_moisture,1263,,,OK,,,985.1,,name=c5off1;level=overwatered;role=disp;spread=11;gpio=5;device_seq=78930;time_source=device_synced;device_timestamp_utc=2026-07-28T10:39:01.989Z;config_id=170b1c1e;rssi=-58;uptime_s=591990;heap=152644;cal_tier=board-cal;cal_src=wet_rederive_1236_20260719;pressure_context_source=weather_openmeteo;transport=wifi_poll,
plants.soil,2026-07-28T10:39:03.411Z,2026-07-28 05:39:03.411,25029,2a89d4,8gtt1h,0.7.3,fleet_logger_0_1,591990035,UMLIFE_v2_TLC555,ch3,origplant,soil_moisture,1613,,,OK,,,985.1,,name=c5off1;level=OK;role=disp;spread=7;gpio=6;device_seq=78931;time_source=device_synced;device_timestamp_utc=2026-07-28T10:39:01.989Z;config_id=170b1c1e;rssi=-58;uptime_s=591990;heap=152644;cal_tier=board-cal;cal_src=wet_rederive_1236_20260719;pressure_context_source=weather_openmeteo;transport=wifi_poll,
plants.env,2026-07-28T10:39:03.411Z,2026-07-28 05:39:03.411,25030,2a89d4,8gtt1h,0.7.3,fleet_logger_0_1,591990719,ESP32,esp32_die,on_chip,die_temp,,23.70,degC,OK,,,,,name=c5off1;source=esp32_die;cal=uncalibrated_board_proxy;api=temperatureRead;config_id=170b1c1e;transport=wifi_poll,
plants.soil,2026-07-28T10:39:33.633Z,2026-07-28 05:39:33.633,25031,2a89d4,8gtt1h,0.7.3,fleet_logger_0_1,592020035,UMLIFE_v2_TLC555,ch0,origplant,soil_moisture,1232,,,OK,,,985.1,,name=c5off1;level=overwatered;role=disp;spread=10;gpio=1;device_seq=78932;time_source=device_synced;device_timestamp_utc=2026-07-28T10:39:31.989Z;config_id=170b1c1e;rssi=-56;uptime_s=592020;heap=152900;cal_tier=board-cal;cal_src=wet_rederive_1236_20260719;pressure_context_source=weather_openmeteo;transport=wifi_poll,
plants.soil,2026-07-28T10:39:33.633Z,2026-07-28 05:39:33.633,25032,2a89d4,8gtt1h,0.7.3,fleet_logger_0_1,592020035,UMLIFE_v2_TLC555,ch1,origplant,soil_moisture,1395,,,OK,,,985.1,,name=c5off1;level=well watered;role=disp;spread=12;gpio=4;device_seq=78933;time_source=device_synced;device_timestamp_utc=2026-07-28T10:39:31.989Z;config_id=170b1c1e;rssi=-56;uptime_s=592020;heap=152900;cal_tier=board-cal;cal_src=wet_rederive_1236_20260719;pressure_context_source=weather_openmeteo;transport=wifi_poll,
plants.soil,2026-07-28T10:39:33.633Z,2026-07-28 05:39:33.633,25033,2a89d4,8gtt1h,0.7.3,fleet_logger_0_1,592020035,UMLIFE_v2_TLC555,ch2,origplant,soil_moisture,1262,,,OK,,,985.1,,name=c5off1;level=overwatered;role=disp;spread=12;gpio=5;device_seq=78934;time_source=device_synced;device_timestamp_utc=2026-07-28T10:39:31.989Z;config_id=170b1c1e;rssi=-56;uptime_s=592020;heap=152900;cal_tier=board-cal;cal_src=wet_rederive_1236_20260719;pressure_context_source=weather_openmeteo;transport=wifi_poll,
plants.soil,2026-07-28T10:39:33.633Z,2026-07-28 05:39:33.633,25034,2a89d4,8gtt1h,0.7.3,fleet_logger_0_1,592020035,UMLIFE_v2_TLC555,ch3,origplant,soil_moisture,1609,,,OK,,,985.1,,name=c5off1;level=OK;role=disp;spread=21;gpio=6;device_seq=78935;time_source=device_synced;device_timestamp_utc=2026-07-28T10:39:31.989Z;config_id=170b1c1e;rssi=-56;uptime_s=592020;heap=152900;cal_tier=board-cal;cal_src=wet_rederive_1236_20260719;pressure_context_source=weather_openmeteo;transport=wifi_poll,
plants.env,2026-07-28T10:39:33.633Z,2026-07-28 05:39:33.633,25035,2a89d4,8gtt1h,0.7.3,fleet_logger_0_1,592020719,ESP32,esp32_die,on_chip,die_temp,,23.70,degC,OK,,,,,name=c5off1;source=esp32_die;cal=uncalibrated_board_proxy;api=temperatureRead;config_id=170b1c1e;transport=wifi_poll,
plants.soil,2026-07-28T10:40:04.189Z,2026-07-28 05:40:04.189,25036,2a89d4,8gtt1h,0.7.3,fleet_logger_0_1,592050035,UMLIFE_v2_TLC555,ch0,origplant,soil_moisture,1234,,,OK,,,985.1,,name=c5off1;level=overwatered;role=disp;spread=16;gpio=1;device_seq=78936;time_source=device_synced;device_timestamp_utc=2026-07-28T10:40:01.989Z;config_id=170b1c1e;rssi=-56;uptime_s=592050;heap=152644;cal_tier=board-cal;cal_src=wet_rederive_1236_20260719;pressure_context_source=weather_openmeteo;transport=wifi_poll,
plants.soil,2026-07-28T10:40:04.189Z,2026-07-28 05:40:04.189,25037,2a89d4,8gtt1h,0.7.3,fleet_logger_0_1,592050035,UMLIFE_v2_TLC555,ch1,origplant,soil_moisture,1396,,,OK,,,985.1,,name=c5off1;level=well watered;role=disp;spread=24;gpio=4;device_seq=78937;time_source=device_synced;device_timestamp_utc=2026-07-28T10:40:01.989Z;config_id=170b1c1e;rssi=-56;uptime_s=592050;heap=152644;cal_tier=board-cal;cal_src=wet_rederive_1236_20260719;pressure_context_source=weather_openmeteo;transport=wifi_poll,
plants.soil,2026-07-28T10:40:04.189Z,2026-07-28 05:40:04.189,25038,2a89d4,8gtt1h,0.7.3,fleet_logger_0_1,592050035,UMLIFE_v2_TLC555,ch2,origplant,soil_moisture,1263,,,OK,,,985.1,,name=c5off1;level=overwatered;role=disp;spread=16;gpio=5;device_seq=78938;time_source=device_synced;device_timestamp_utc=2026-07-28T10:40:01.989Z;config_id=170b1c1e;rssi=-56;uptime_s=592050;heap=152644;cal_tier=board-cal;cal_src=wet_rederive_1236_20260719;pressure_context_source=weather_openmeteo;transport=wifi_poll,
plants.soil,2026-07-28T10:40:04.189Z,2026-07-28 05:40:04.189,25039,2a89d4,8gtt1h,0.7.3,fleet_logger_0_1,592050035,UMLIFE_v2_TLC555,ch3,origplant,soil_moisture,1612,,,OK,,,985.1,,name=c5off1;level=OK;role=disp;spread=33;gpio=6;device_seq=78939;time_source=device_synced;device_timestamp_utc=2026-07-28T10:40:01.989Z;config_id=170b1c1e;rssi=-56;uptime_s=592050;heap=152644;cal_tier=board-cal;cal_src=wet_rederive_1236_20260719;pressure_context_source=weather_openmeteo;transport=wifi_poll,
plants.env,2026-07-28T10:40:04.189Z,2026-07-28 05:40:04.189,25040,2a89d4,8gtt1h,0.7.3,fleet_logger_0_1,592050719,ESP32,esp32_die,on_chip,die_temp,,23.70,degC,OK,,,,,name=c5off1;source=esp32_die;cal=uncalibrated_board_proxy;api=temperatureRead;config_id=170b1c1e;transport=wifi_poll,
plants.soil,2026-07-28T10:40:34.500Z,2026-07-28 05:40:34.500,25041,2a89d4,8gtt1h,0.7.3,fleet_logger_0_1,592080035,UMLIFE_v2_TLC555,ch0,origplant,soil_moisture,1233,,,OK,,,985.1,,name=c5off1;level=overwatered;role=disp;spread=8;gpio=1;device_seq=78940;time_source=device_synced;device_timestamp_utc=2026-07-28T10:40:31.989Z;config_id=170b1c1e;rssi=-57;uptime_s=592080;heap=152660;cal_tier=board-cal;cal_src=wet_rederive_1236_20260719;pressure_context_source=weather_openmeteo;transport=wifi_poll,
plants.soil,2026-07-28T10:40:34.500Z,2026-07-28 05:40:34.500,25042,2a89d4,8gtt1h,0.7.3,fleet_logger_0_1,592080035,UMLIFE_v2_TLC555,ch1,origplant,soil_moisture,1397,,,OK,,,985.1,,name=c5off1;level=well watered;role=disp;spread=19;gpio=4;device_seq=78941;time_source=device_synced;device_timestamp_utc=2026-07-28T10:40:31.989Z;config_id=170b1c1e;rssi=-57;uptime_s=592080;heap=152660;cal_tier=board-cal;cal_src=wet_rederive_1236_20260719;pressure_context_source=weather_openmeteo;transport=wifi_poll,
plants.soil,2026-07-28T10:40:34.500Z,2026-07-28 05:40:34.500,25043,2a89d4,8gtt1h,0.7.3,fleet_logger_0_1,592080035,UMLIFE_v2_TLC555,ch2,origplant,soil_moisture,1261,,,OK,,,985.1,,name=c5off1;level=overwatered;role=disp;spread=12;gpio=5;device_seq=78942;time_source=device_synced;device_timestamp_utc=2026-07-28T10:40:31.989Z;config_id=170b1c1e;rssi=-57;uptime_s=592080;heap=152660;cal_tier=board-cal;cal_src=wet_rederive_1236_20260719;pressure_context_source=weather_openmeteo;transport=wifi_poll,
plants.soil,2026-07-28T10:40:34.500Z,2026-07-28 05:40:34.500,25044,2a89d4,8gtt1h,0.7.3,fleet_logger_0_1,592080035,UMLIFE_v2_TLC555,ch3,origplant,soil_moisture,1613,,,OK,,,985.1,,name=c5off1;level=OK;role=disp;spread=22;gpio=6;device_seq=78943;time_source=device_synced;device_timestamp_utc=2026-07-28T10:40:31.989Z;config_id=170b1c1e;rssi=-57;uptime_s=592080;heap=152660;cal_tier=board-cal;cal_src=wet_rederive_1236_20260719;pressure_context_source=weather_openmeteo;transport=wifi_poll,
plants.env,2026-07-28T10:40:34.500Z,2026-07-28 05:40:34.500,25045,2a89d4,8gtt1h,0.7.3,fleet_logger_0_1,592080719,ESP32,esp32_die,on_chip,die_temp,,23.70,degC,OK,,,,,name=c5off1;source=esp32_die;cal=uncalibrated_board_proxy;api=temperatureRead;config_id=170b1c1e;transport=wifi_poll,
plants.soil,2026-07-28T10:41:04.810Z,2026-07-28 05:41:04.810,25046,2a89d4,8gtt1h,0.7.3,fleet_logger_0_1,592110035,UMLIFE_v2_TLC555,ch0,origplant,soil_moisture,1232,,,OK,,,985.1,,name=c5off1;level=overwatered;role=disp;spread=11;gpio=1;device_seq=78944;time_source=device_synced;device_timestamp_utc=2026-07-28T10:41:01.989Z;config_id=170b1c1e;rssi=-56;uptime_s=592110;heap=152612;cal_tier=board-cal;cal_src=wet_rederive_1236_20260719;pressure_context_source=weather_openmeteo;transport=wifi_poll,
plants.soil,2026-07-28T10:41:04.810Z,2026-07-28 05:41:04.810,25047,2a89d4,8gtt1h,0.7.3,fleet_logger_0_1,592110035,UMLIFE_v2_TLC555,ch1,origplant,soil_moisture,1393,,,OK,,,985.1,,name=c5off1;level=well watered;role=disp;spread=8;gpio=4;device_seq=78945;time_source=device_synced;device_timestamp_utc=2026-07-28T10:41:01.989Z;config_id=170b1c1e;rssi=-56;uptime_s=592110;heap=152612;cal_tier=board-cal;cal_src=wet_rederive_1236_20260719;pressure_context_source=weather_openmeteo;transport=wifi_poll,
plants.soil,2026-07-28T10:41:04.810Z,2026-07-28 05:41:04.810,25048,2a89d4,8gtt1h,0.7.3,fleet_logger_0_1,592110035,UMLIFE_v2_TLC555,ch2,origplant,soil_moisture,1264,,,OK,,,985.1,,name=c5off1;level=overwatered;role=disp;spread=11;gpio=5;device_seq=78946;time_source=device_synced;device_timestamp_utc=2026-07-28T10:41:01.989Z;config_id=170b1c1e;rssi=-56;uptime_s=592110;heap=152612;cal_tier=board-cal;cal_src=wet_rederive_1236_20260719;pressure_context_source=weather_openmeteo;transport=wifi_poll,
plants.soil,2026-07-28T10:41:04.810Z,2026-07-28 05:41:04.810,25049,2a89d4,8gtt1h,0.7.3,fleet_logger_0_1,592110035,UMLIFE_v2_TLC555,ch3,origplant,soil_moisture,1615,,,OK,,,985.1,,name=c5off1;level=OK;role=disp;spread=19;gpio=6;device_seq=78947;time_source=device_synced;device_timestamp_utc=2026-07-28T10:41:01.989Z;config_id=170b1c1e;rssi=-56;uptime_s=592110;heap=152612;cal_tier=board-cal;cal_src=wet_rederive_1236_20260719;pressure_context_source=weather_openmeteo;transport=wifi_poll,
plants.env,2026-07-28T10:41:04.810Z,2026-07-28 05:41:04.810,25050,2a89d4,8gtt1h,0.7.3,fleet_logger_0_1,592110719,ESP32,esp32_die,on_chip,die_temp,,23.70,degC,OK,,,,,name=c5off1;source=esp32_die;cal=uncalibrated_board_proxy;api=temperatureRead;config_id=170b1c1e;transport=wifi_poll,
plants.soil,2026-07-28T10:41:35.163Z,2026-07-28 05:41:35.163,25051,2a89d4,8gtt1h,0.7.3,fleet_logger_0_1,592140035,UMLIFE_v2_TLC555,ch0,origplant,soil_moisture,1232,,,OK,,,985.1,,name=c5off1;level=overwatered;role=disp;spread=10;gpio=1;device_seq=78948;time_source=device_synced;device_timestamp_utc=2026-07-28T10:41:31.989Z;config_id=170b1c1e;rssi=-57;uptime_s=592140;heap=152388;cal_tier=board-cal;cal_src=wet_rederive_1236_20260719;pressure_context_source=weather_openmeteo;transport=wifi_poll,
plants.soil,2026-07-28T10:41:35.163Z,2026-07-28 05:41:35.163,25052,2a89d4,8gtt1h,0.7.3,fleet_logger_0_1,592140035,UMLIFE_v2_TLC555,ch1,origplant,soil_moisture,1394,,,OK,,,985.1,,name=c5off1;level=well watered;role=disp;spread=24;gpio=4;device_seq=78949;time_source=device_synced;device_timestamp_utc=2026-07-28T10:41:31.989Z;config_id=170b1c1e;rssi=-57;uptime_s=592140;heap=152388;cal_tier=board-cal;cal_src=wet_rederive_1236_20260719;pressure_context_source=weather_openmeteo;transport=wifi_poll,
plants.soil,2026-07-28T10:41:35.163Z,2026-07-28 05:41:35.163,25053,2a89d4,8gtt1h,0.7.3,fleet_logger_0_1,592140035,UMLIFE_v2_TLC555,ch2,origplant,soil_moisture,1263,,,OK,,,985.1,,name=c5off1;level=overwatered;role=disp;spread=13;gpio=5;device_seq=78950;time_source=device_synced;device_timestamp_utc=2026-07-28T10:41:31.989Z;config_id=170b1c1e;rssi=-57;uptime_s=592140;heap=152388;cal_tier=board-cal;cal_src=wet_rederive_1236_20260719;pressure_context_source=weather_openmeteo;transport=wifi_poll,
plants.soil,2026-07-28T10:41:35.163Z,2026-07-28 05:41:35.163,25054,2a89d4,8gtt1h,0.7.3,fleet_logger_0_1,592140035,UMLIFE_v2_TLC555,ch3,origplant,soil_moisture,1612,,,OK,,,985.1,,name=c5off1;level=OK;role=disp;spread=14;gpio=6;device_seq=78951;time_source=device_synced;device_timestamp_utc=2026-07-28T10:41:31.989Z;config_id=170b1c1e;rssi=-57;uptime_s=592140;heap=152388;cal_tier=board-cal;cal_src=wet_rederive_1236_20260719;pressure_context_source=weather_openmeteo;transport=wifi_poll,
plants.env,2026-07-28T10:41:35.163Z,2026-07-28 05:41:35.163,25055,2a89d4,8gtt1h,0.7.3,fleet_logger_0_1,592140719,ESP32,esp32_die,on_chip,die_temp,,23.70,degC,OK,,,,,name=c5off1;source=esp32_die;cal=uncalibrated_board_proxy;api=temperatureRead;config_id=170b1c1e;transport=wifi_poll,
plants.soil,2026-07-28T10:42:05.481Z,2026-07-28 05:42:05.481,25056,2a89d4,8gtt1h,0.7.3,fleet_logger_0_1,592170035,UMLIFE_v2_TLC555,ch0,origplant,soil_moisture,1235,,,OK,,,985.1,,name=c5off1;level=overwatered;role=disp;spread=8;gpio=1;device_seq=78952;time_source=device_synced;device_timestamp_utc=2026-07-28T10:42:01.989Z;config_id=170b1c1e;rssi=-59;uptime_s=592170;heap=152388;cal_tier=board-cal;cal_src=wet_rederive_1236_20260719;pressure_context_source=weather_openmeteo;transport=wifi_poll,
plants.soil,2026-07-28T10:42:05.481Z,2026-07-28 05:42:05.481,25057,2a89d4,8gtt1h,0.7.3,fleet_logger_0_1,592170035,UMLIFE_v2_TLC555,ch1,origplant,soil_moisture,1398,,,OK,,,985.1,,name=c5off1;level=well watered;role=disp;spread=25;gpio=4;device_seq=78953;time_source=device_synced;device_timestamp_utc=2026-07-28T10:42:01.989Z;config_id=170b1c1e;rssi=-59;uptime_s=592170;heap=152388;cal_tier=board-cal;cal_src=wet_rederive_1236_20260719;pressure_context_source=weather_openmeteo;transport=wifi_poll,
plants.soil,2026-07-28T10:42:05.481Z,2026-07-28 05:42:05.481,25058,2a89d4,8gtt1h,0.7.3,fleet_logger_0_1,592170035,UMLIFE_v2_TLC555,ch2,origplant,soil_moisture,1263,,,OK,,,985.1,,name=c5off1;level=overwatered;role=disp;spread=8;gpio=5;device_seq=78954;time_source=device_synced;device_timestamp_utc=2026-07-28T10:42:01.989Z;config_id=170b1c1e;rssi=-59;uptime_s=592170;heap=152388;cal_tier=board-cal;cal_src=wet_rederive_1236_20260719;pressure_context_source=weather_openmeteo;transport=wifi_poll,
plants.soil,2026-07-28T10:42:05.481Z,2026-07-28 05:42:05.481,25059,2a89d4,8gtt1h,0.7.3,fleet_logger_0_1,592170035,UMLIFE_v2_TLC555,ch3,origplant,soil_moisture,1612,,,OK,,,985.1,,name=c5off1;level=OK;role=disp;spread=19;gpio=6;device_seq=78955;time_source=device_synced;device_timestamp_utc=2026-07-28T10:42:01.989Z;config_id=170b1c1e;rssi=-59;uptime_s=592170;heap=152388;cal_tier=board-cal;cal_src=wet_rederive_1236_20260719;pressure_context_source=weather_openmeteo;transport=wifi_poll,
plants.env,2026-07-28T10:42:05.481Z,2026-07-28 05:42:05.481,25060,2a89d4,8gtt1h,0.7.3,fleet_logger_0_1,592170719,ESP32,esp32_die,on_chip,die_temp,,23.70,degC,OK,,,,,name=c5off1;source=esp32_die;cal=uncalibrated_board_proxy;api=temperatureRead;config_id=170b1c1e;transport=wifi_poll,
plants.soil,2026-07-28T10:42:35.741Z,2026-07-28 05:42:35.741,25061,2a89d4,8gtt1h,0.7.3,fleet_logger_0_1,592200035,UMLIFE_v2_TLC555,ch0,origplant,soil_moisture,1234,,,OK,,,985.1,,name=c5off1;level=overwatered;role=disp;spread=8;gpio=1;device_seq=78956;time_source=device_synced;device_timestamp_utc=2026-07-28T10:42:31.989Z;config_id=170b1c1e;rssi=-55;uptime_s=592200;heap=152644;cal_tier=board-cal;cal_src=wet_rederive_1236_20260719;pressure_context_source=weather_openmeteo;transport=wifi_poll,
plants.soil,2026-07-28T10:42:35.741Z,2026-07-28 05:42:35.741,25062,2a89d4,8gtt1h,0.7.3,fleet_logger_0_1,592200035,UMLIFE_v2_TLC555,ch1,origplant,soil_moisture,1400,,,OK,,,985.1,,name=c5off1;level=well watered;role=disp;spread=19;gpio=4;device_seq=78957;time_source=device_synced;device_timestamp_utc=2026-07-28T10:42:31.989Z;config_id=170b1c1e;rssi=-55;uptime_s=592200;heap=152644;cal_tier=board-cal;cal_src=wet_rederive_1236_20260719;pressure_context_source=weather_openmeteo;transport=wifi_poll,
plants.soil,2026-07-28T10:42:35.741Z,2026-07-28 05:42:35.741,25063,2a89d4,8gtt1h,0.7.3,fleet_logger_0_1,592200035,UMLIFE_v2_TLC555,ch2,origplant,soil_moisture,1263,,,OK,,,985.1,,name=c5off1;level=overwatered;role=disp;spread=14;gpio=5;device_seq=78958;time_source=device_synced;device_timestamp_utc=2026-07-28T10:42:31.989Z;config_id=170b1c1e;rssi=-55;uptime_s=592200;heap=152644;cal_tier=board-cal;cal_src=wet_rederive_1236_20260719;pressure_context_source=weather_openmeteo;transport=wifi_poll,
plants.soil,2026-07-28T10:42:35.741Z,2026-07-28 05:42:35.741,25064,2a89d4,8gtt1h,0.7.3,fleet_logger_0_1,592200035,UMLIFE_v2_TLC555,ch3,origplant,soil_moisture,1612,,,OK,,,985.1,,name=c5off1;level=OK;role=disp;spread=24;gpio=6;device_seq=78959;time_source=device_synced;device_timestamp_utc=2026-07-28T10:42:31.989Z;config_id=170b1c1e;rssi=-55;uptime_s=592200;heap=152644;cal_tier=board-cal;cal_src=wet_rederive_1236_20260719;pressure_context_source=weather_openmeteo;transport=wifi_poll,
plants.env,2026-07-28T10:42:35.741Z,2026-07-28 05:42:35.741,25065,2a89d4,8gtt1h,0.7.3,fleet_logger_0_1,592201819,ESP32,esp32_die,on_chip,die_temp,,23.70,degC,OK,,,,,name=c5off1;source=esp32_die;cal=uncalibrated_board_proxy;api=temperatureRead;config_id=170b1c1e;transport=wifi_poll,
plants.soil,2026-07-28T10:43:06.221Z,2026-07-28 05:43:06.221,25066,2a89d4,8gtt1h,0.7.3,fleet_logger_0_1,592230035,UMLIFE_v2_TLC555,ch0,origplant,soil_moisture,1231,,,OK,,,985.1,,name=c5off1;level=overwatered;role=disp;spread=12;gpio=1;device_seq=78960;time_source=device_synced;device_timestamp_utc=2026-07-28T10:43:01.989Z;config_id=170b1c1e;rssi=-57;uptime_s=592230;heap=152644;cal_tier=board-cal;cal_src=wet_rederive_1236_20260719;pressure_context_source=weather_openmeteo;transport=wifi_poll,
plants.soil,2026-07-28T10:43:06.221Z,2026-07-28 05:43:06.221,25067,2a89d4,8gtt1h,0.7.3,fleet_logger_0_1,592230035,UMLIFE_v2_TLC555,ch1,origplant,soil_moisture,1398,,,OK,,,985.1,,name=c5off1;level=well watered;role=disp;spread=10;gpio=4;device_seq=78961;time_source=device_synced;device_timestamp_utc=2026-07-28T10:43:01.989Z;config_id=170b1c1e;rssi=-57;uptime_s=592230;heap=152644;cal_tier=board-cal;cal_src=wet_rederive_1236_20260719;pressure_context_source=weather_openmeteo;transport=wifi_poll,
plants.soil,2026-07-28T10:43:06.221Z,2026-07-28 05:43:06.221,25068,2a89d4,8gtt1h,0.7.3,fleet_logger_0_1,592230035,UMLIFE_v2_TLC555,ch2,origplant,soil_moisture,1262,,,OK,,,985.1,,name=c5off1;level=overwatered;role=disp;spread=22;gpio=5;device_seq=78962;time_source=device_synced;device_timestamp_utc=2026-07-28T10:43:01.989Z;config_id=170b1c1e;rssi=-57;uptime_s=592230;heap=152644;cal_tier=board-cal;cal_src=wet_rederive_1236_20260719;pressure_context_source=weather_openmeteo;transport=wifi_poll,
plants.soil,2026-07-28T10:43:06.221Z,2026-07-28 05:43:06.221,25069,2a89d4,8gtt1h,0.7.3,fleet_logger_0_1,592230035,UMLIFE_v2_TLC555,ch3,origplant,soil_moisture,1610,,,OK,,,985.1,,name=c5off1;level=OK;role=disp;spread=21;gpio=6;device_seq=78963;time_source=device_synced;device_timestamp_utc=2026-07-28T10:43:01.989Z;config_id=170b1c1e;rssi=-57;uptime_s=592230;heap=152644;cal_tier=board-cal;cal_src=wet_rederive_1236_20260719;pressure_context_source=weather_openmeteo;transport=wifi_poll,
plants.env,2026-07-28T10:43:06.221Z,2026-07-28 05:43:06.221,25070,2a89d4,8gtt1h,0.7.3,fleet_logger_0_1,592230719,ESP32,esp32_die,on_chip,die_temp,,23.70,degC,OK,,,,,name=c5off1;source=esp32_die;cal=uncalibrated_board_proxy;api=temperatureRead;config_id=170b1c1e;transport=wifi_poll,
plants.soil,2026-07-28T10:43:36.771Z,2026-07-28 05:43:36.771,25071,2a89d4,8gtt1h,0.7.3,fleet_logger_0_1,592260035,UMLIFE_v2_TLC555,ch0,origplant,soil_moisture,1213,,,OK,,,985.1,,name=c5off1;level=overwatered;role=disp;spread=18;gpio=1;device_seq=78964;time_source=device_synced;device_timestamp_utc=2026-07-28T10:43:31.989Z;config_id=170b1c1e;rssi=-56;uptime_s=592260;heap=152644;cal_tier=board-cal;cal_src=wet_rederive_1236_20260719;pressure_context_source=weather_openmeteo;transport=wifi_poll,
plants.soil,2026-07-28T10:43:36.771Z,2026-07-28 05:43:36.771,25072,2a89d4,8gtt1h,0.7.3,fleet_logger_0_1,592260035,UMLIFE_v2_TLC555,ch1,origplant,soil_moisture,1381,,,OK,,,985.1,,name=c5off1;level=well watered;role=disp;spread=16;gpio=4;device_seq=78965;time_source=device_synced;device_timestamp_utc=2026-07-28T10:43:31.989Z;config_id=170b1c1e;rssi=-56;uptime_s=592260;heap=152644;cal_tier=board-cal;cal_src=wet_rederive_1236_20260719;pressure_context_source=weather_openmeteo;transport=wifi_poll,
plants.soil,2026-07-28T10:43:36.771Z,2026-07-28 05:43:36.771,25073,2a89d4,8gtt1h,0.7.3,fleet_logger_0_1,592260035,UMLIFE_v2_TLC555,ch2,origplant,soil_moisture,1262,,,OK,,,985.1,,name=c5off1;level=overwatered;role=disp;spread=14;gpio=5;device_seq=78966;time_source=device_synced;device_timestamp_utc=2026-07-28T10:43:31.989Z;config_id=170b1c1e;rssi=-56;uptime_s=592260;heap=152644;cal_tier=board-cal;cal_src=wet_rederive_1236_20260719;pressure_context_source=weather_openmeteo;transport=wifi_poll,
plants.soil,2026-07-28T10:43:36.771Z,2026-07-28 05:43:36.771,25074,2a89d4,8gtt1h,0.7.3,fleet_logger_0_1,592260035,UMLIFE_v2_TLC555,ch3,origplant,soil_moisture,1605,,,OK,,,985.1,,name=c5off1;level=OK;role=disp;spread=22;gpio=6;device_seq=78967;time_source=device_synced;device_timestamp_utc=2026-07-28T10:43:31.989Z;config_id=170b1c1e;rssi=-56;uptime_s=592260;heap=152644;cal_tier=board-cal;cal_src=wet_rederive_1236_20260719;pressure_context_source=weather_openmeteo;transport=wifi_poll,
plants.env,2026-07-28T10:43:36.771Z,2026-07-28 05:43:36.771,25075,2a89d4,8gtt1h,0.7.3,fleet_logger_0_1,592260719,ESP32,esp32_die,on_chip,die_temp,,23.70,degC,OK,,,,,name=c5off1;source=esp32_die;cal=uncalibrated_board_proxy;api=temperatureRead;config_id=170b1c1e;transport=wifi_poll,
plants.soil,2026-07-28T10:44:07.082Z,2026-07-28 05:44:07.082,25076,2a89d4,8gtt1h,0.7.3,fleet_logger_0_1,592290035,UMLIFE_v2_TLC555,ch0,origplant,soil_moisture,1233,,,OK,,,985.1,,name=c5off1;level=overwatered;role=disp;spread=17;gpio=1;device_seq=78968;time_source=device_synced;device_timestamp_utc=2026-07-28T10:44:01.989Z;config_id=170b1c1e;rssi=-55;uptime_s=592290;heap=152644;cal_tier=board-cal;cal_src=wet_rederive_1236_20260719;pressure_context_source=weather_openmeteo;transport=wifi_poll,
plants.soil,2026-07-28T10:44:07.082Z,2026-07-28 05:44:07.082,25077,2a89d4,8gtt1h,0.7.3,fleet_logger_0_1,592290035,UMLIFE_v2_TLC555,ch1,origplant,soil_moisture,1395,,,OK,,,985.1,,name=c5off1;level=well watered;role=disp;spread=17;gpio=4;device_seq=78969;time_source=device_synced;device_timestamp_utc=2026-07-28T10:44:01.989Z;config_id=170b1c1e;rssi=-55;uptime_s=592290;heap=152644;cal_tier=board-cal;cal_src=wet_rederive_1236_20260719;pressure_context_source=weather_openmeteo;transport=wifi_poll,
plants.soil,2026-07-28T10:44:07.082Z,2026-07-28 05:44:07.082,25078,2a89d4,8gtt1h,0.7.3,fleet_logger_0_1,592290035,UMLIFE_v2_TLC555,ch2,origplant,soil_moisture,1264,,,OK,,,985.1,,name=c5off1;level=overwatered;role=disp;spread=9;gpio=5;device_seq=78970;time_source=device_synced;device_timestamp_utc=2026-07-28T10:44:01.989Z;config_id=170b1c1e;rssi=-55;uptime_s=592290;heap=152644;cal_tier=board-cal;cal_src=wet_rederive_1236_20260719;pressure_context_source=weather_openmeteo;transport=wifi_poll,
plants.soil,2026-07-28T10:44:07.082Z,2026-07-28 05:44:07.082,25079,2a89d4,8gtt1h,0.7.3,fleet_logger_0_1,592290035,UMLIFE_v2_TLC555,ch3,origplant,soil_moisture,1610,,,OK,,,985.1,,name=c5off1;level=OK;role=disp;spread=27;gpio=6;device_seq=78971;time_source=device_synced;device_timestamp_utc=2026-07-28T10:44:01.989Z;config_id=170b1c1e;rssi=-55;uptime_s=592290;heap=152644;cal_tier=board-cal;cal_src=wet_rederive_1236_20260719;pressure_context_source=weather_openmeteo;transport=wifi_poll,
plants.env,2026-07-28T10:44:07.082Z,2026-07-28 05:44:07.082,25080,2a89d4,8gtt1h,0.7.3,fleet_logger_0_1,592290719,ESP32,esp32_die,on_chip,die_temp,,23.70,degC,OK,,,,,name=c5off1;source=esp32_die;cal=uncalibrated_board_proxy;api=temperatureRead;config_id=170b1c1e;transport=wifi_poll,
plants.soil,2026-07-28T10:44:37.451Z,2026-07-28 05:44:37.451,25081,2a89d4,8gtt1h,0.7.3,fleet_logger_0_1,592320035,UMLIFE_v2_TLC555,ch0,origplant,soil_moisture,1215,,,OK,,,985.1,,name=c5off1;level=overwatered;role=disp;spread=22;gpio=1;device_seq=78972;time_source=device_synced;device_timestamp_utc=2026-07-28T10:44:31.989Z;config_id=170b1c1e;rssi=-54;uptime_s=592320;heap=152388;cal_tier=board-cal;cal_src=wet_rederive_1236_20260719;pressure_context_source=weather_openmeteo;transport=wifi_poll,
plants.soil,2026-07-28T10:44:37.451Z,2026-07-28 05:44:37.451,25082,2a89d4,8gtt1h,0.7.3,fleet_logger_0_1,592320035,UMLIFE_v2_TLC555,ch1,origplant,soil_moisture,1387,,,OK,,,985.1,,name=c5off1;level=well watered;role=disp;spread=29;gpio=4;device_seq=78973;time_source=device_synced;device_timestamp_utc=2026-07-28T10:44:31.989Z;config_id=170b1c1e;rssi=-54;uptime_s=592320;heap=152388;cal_tier=board-cal;cal_src=wet_rederive_1236_20260719;pressure_context_source=weather_openmeteo;transport=wifi_poll,
plants.soil,2026-07-28T10:44:37.451Z,2026-07-28 05:44:37.451,25083,2a89d4,8gtt1h,0.7.3,fleet_logger_0_1,592320035,UMLIFE_v2_TLC555,ch2,origplant,soil_moisture,1263,,,OK,,,985.1,,name=c5off1;level=overwatered;role=disp;spread=12;gpio=5;device_seq=78974;time_source=device_synced;device_timestamp_utc=2026-07-28T10:44:31.989Z;config_id=170b1c1e;rssi=-54;uptime_s=592320;heap=152388;cal_tier=board-cal;cal_src=wet_rederive_1236_20260719;pressure_context_source=weather_openmeteo;transport=wifi_poll,
plants.soil,2026-07-28T10:44:37.451Z,2026-07-28 05:44:37.451,25084,2a89d4,8gtt1h,0.7.3,fleet_logger_0_1,592320035,UMLIFE_v2_TLC555,ch3,origplant,soil_moisture,1612,,,OK,,,985.1,,name=c5off1;level=OK;role=disp;spread=13;gpio=6;device_seq=78975;time_source=device_synced;device_timestamp_utc=2026-07-28T10:44:31.989Z;config_id=170b1c1e;rssi=-54;uptime_s=592320;heap=152388;cal_tier=board-cal;cal_src=wet_rederive_1236_20260719;pressure_context_source=weather_openmeteo;transport=wifi_poll,
plants.env,2026-07-28T10:44:37.451Z,2026-07-28 05:44:37.451,25085,2a89d4,8gtt1h,0.7.3,fleet_logger_0_1,592320719,ESP32,esp32_die,on_chip,die_temp,,23.70,degC,OK,,,,,name=c5off1;source=esp32_die;cal=uncalibrated_board_proxy;api=temperatureRead;config_id=170b1c1e;transport=wifi_poll,
plants.soil,2026-07-28T10:45:07.806Z,2026-07-28 05:45:07.806,25086,2a89d4,8gtt1h,0.7.3,fleet_logger_0_1,592350035,UMLIFE_v2_TLC555,ch0,origplant,soil_moisture,1216,,,OK,,,985.1,,name=c5off1;level=overwatered;role=disp;spread=18;gpio=1;device_seq=78976;time_source=device_synced;device_timestamp_utc=2026-07-28T10:45:01.989Z;config_id=170b1c1e;rssi=-56;uptime_s=592350;heap=152400;cal_tier=board-cal;cal_src=wet_rederive_1236_20260719;pressure_context_source=weather_openmeteo;transport=wifi_poll,
plants.soil,2026-07-28T10:45:07.806Z,2026-07-28 05:45:07.806,25087,2a89d4,8gtt1h,0.7.3,fleet_logger_0_1,592350035,UMLIFE_v2_TLC555,ch1,origplant,soil_moisture,1378,,,OK,,,985.1,,name=c5off1;level=well watered;role=disp;spread=28;gpio=4;device_seq=78977;time_source=device_synced;device_timestamp_utc=2026-07-28T10:45:01.989Z;config_id=170b1c1e;rssi=-56;uptime_s=592350;heap=152400;cal_tier=board-cal;cal_src=wet_rederive_1236_20260719;pressure_context_source=weather_openmeteo;transport=wifi_poll,
plants.soil,2026-07-28T10:45:07.806Z,2026-07-28 05:45:07.806,25088,2a89d4,8gtt1h,0.7.3,fleet_logger_0_1,592350035,UMLIFE_v2_TLC555,ch2,origplant,soil_moisture,1261,,,OK,,,985.1,,name=c5off1;level=overwatered;role=disp;spread=21;gpio=5;device_seq=78978;time_source=device_synced;device_timestamp_utc=2026-07-28T10:45:01.989Z;config_id=170b1c1e;rssi=-56;uptime_s=592350;heap=152400;cal_tier=board-cal;cal_src=wet_rederive_1236_20260719;pressure_context_source=weather_openmeteo;transport=wifi_poll,
plants.soil,2026-07-28T10:45:07.806Z,2026-07-28 05:45:07.806,25089,2a89d4,8gtt1h,0.7.3,fleet_logger_0_1,592350035,UMLIFE_v2_TLC555,ch3,origplant,soil_moisture,1600,,,OK,,,985.1,,name=c5off1;level=OK;role=disp;spread=20;gpio=6;device_seq=78979;time_source=device_synced;device_timestamp_utc=2026-07-28T10:45:01.989Z;config_id=170b1c1e;rssi=-56;uptime_s=592350;heap=152400;cal_tier=board-cal;cal_src=wet_rederive_1236_20260719;pressure_context_source=weather_openmeteo;transport=wifi_poll,
plants.env,2026-07-28T10:45:07.806Z,2026-07-28 05:45:07.806,25090,2a89d4,8gtt1h,0.7.3,fleet_logger_0_1,592350719,ESP32,esp32_die,on_chip,die_temp,,23.70,degC,OK,,,,,name=c5off1;source=esp32_die;cal=uncalibrated_board_proxy;api=temperatureRead;config_id=170b1c1e;transport=wifi_poll,
plants.soil,2026-07-28T10:45:38.490Z,2026-07-28 05:45:38.490,25091,2a89d4,8gtt1h,0.7.3,fleet_logger_0_1,592380035,UMLIFE_v2_TLC555,ch0,origplant,soil_moisture,1217,,,OK,,,985.1,,name=c5off1;level=overwatered;role=disp;spread=20;gpio=1;device_seq=78980;time_source=device_synced;device_timestamp_utc=2026-07-28T10:45:31.989Z;config_id=170b1c1e;rssi=-56;uptime_s=592380;heap=152656;cal_tier=board-cal;cal_src=wet_rederive_1236_20260719;pressure_context_source=weather_openmeteo;transport=wifi_poll,
plants.soil,2026-07-28T10:45:38.490Z,2026-07-28 05:45:38.490,25092,2a89d4,8gtt1h,0.7.3,fleet_logger_0_1,592380035,UMLIFE_v2_TLC555,ch1,origplant,soil_moisture,1389,,,OK,,,985.1,,name=c5off1;level=well watered;role=disp;spread=27;gpio=4;device_seq=78981;time_source=device_synced;device_timestamp_utc=2026-07-28T10:45:31.989Z;config_id=170b1c1e;rssi=-56;uptime_s=592380;heap=152656;cal_tier=board-cal;cal_src=wet_rederive_1236_20260719;pressure_context_source=weather_openmeteo;transport=wifi_poll,
plants.soil,2026-07-28T10:45:38.490Z,2026-07-28 05:45:38.490,25093,2a89d4,8gtt1h,0.7.3,fleet_logger_0_1,592380035,UMLIFE_v2_TLC555,ch2,origplant,soil_moisture,1264,,,OK,,,985.1,,name=c5off1;level=overwatered;role=disp;spread=13;gpio=5;device_seq=78982;time_source=device_synced;device_timestamp_utc=2026-07-28T10:45:31.989Z;config_id=170b1c1e;rssi=-56;uptime_s=592380;heap=152656;cal_tier=board-cal;cal_src=wet_rederive_1236_20260719;pressure_context_source=weather_openmeteo;transport=wifi_poll,
plants.soil,2026-07-28T10:45:38.490Z,2026-07-28 05:45:38.490,25094,2a89d4,8gtt1h,0.7.3,fleet_logger_0_1,592380035,UMLIFE_v2_TLC555,ch3,origplant,soil_moisture,1610,,,OK,,,985.1,,name=c5off1;level=OK;role=disp;spread=15;gpio=6;device_seq=78983;time_source=device_synced;device_timestamp_utc=2026-07-28T10:45:31.989Z;config_id=170b1c1e;rssi=-56;uptime_s=592380;heap=152656;cal_tier=board-cal;cal_src=wet_rederive_1236_20260719;pressure_context_source=weather_openmeteo;transport=wifi_poll,
plants.env,2026-07-28T10:45:38.490Z,2026-07-28 05:45:38.490,25095,2a89d4,8gtt1h,0.7.3,fleet_logger_0_1,592380719,ESP32,esp32_die,on_chip,die_temp,,23.70,degC,OK,,,,,name=c5off1;source=esp32_die;cal=uncalibrated_board_proxy;api=temperatureRead;config_id=170b1c1e;transport=wifi_poll,
plants.soil,2026-07-28T10:46:08.732Z,2026-07-28 05:46:08.732,25096,2a89d4,8gtt1h,0.7.3,fleet_logger_0_1,592410035,UMLIFE_v2_TLC555,ch0,origplant,soil_moisture,1229,,,OK,,,985.1,,name=c5off1;level=overwatered;role=disp;spread=11;gpio=1;device_seq=78984;time_source=device_synced;device_timestamp_utc=2026-07-28T10:46:01.964Z;config_id=170b1c1e;rssi=-55;uptime_s=592410;heap=152656;cal_tier=board-cal;cal_src=wet_rederive_1236_20260719;pressure_context_source=weather_openmeteo;transport=wifi_poll,
plants.soil,2026-07-28T10:46:08.732Z,2026-07-28 05:46:08.732,25097,2a89d4,8gtt1h,0.7.3,fleet_logger_0_1,592410035,UMLIFE_v2_TLC555,ch1,origplant,soil_moisture,1394,,,OK,,,985.1,,name=c5off1;level=well watered;role=disp;spread=19;gpio=4;device_seq=78985;time_source=device_synced;device_timestamp_utc=2026-07-28T10:46:01.964Z;config_id=170b1c1e;rssi=-55;uptime_s=592410;heap=152656;cal_tier=board-cal;cal_src=wet_rederive_1236_20260719;pressure_context_source=weather_openmeteo;transport=wifi_poll,
plants.soil,2026-07-28T10:46:08.732Z,2026-07-28 05:46:08.732,25098,2a89d4,8gtt1h,0.7.3,fleet_logger_0_1,592410035,UMLIFE_v2_TLC555,ch2,origplant,soil_moisture,1264,,,OK,,,985.1,,name=c5off1;level=overwatered;role=disp;spread=22;gpio=5;device_seq=78986;time_source=device_synced;device_timestamp_utc=2026-07-28T10:46:01.964Z;config_id=170b1c1e;rssi=-55;uptime_s=592410;heap=152656;cal_tier=board-cal;cal_src=wet_rederive_1236_20260719;pressure_context_source=weather_openmeteo;transport=wifi_poll,
plants.soil,2026-07-28T10:46:08.732Z,2026-07-28 05:46:08.732,25099,2a89d4,8gtt1h,0.7.3,fleet_logger_0_1,592410035,UMLIFE_v2_TLC555,ch3,origplant,soil_moisture,1609,,,OK,,,985.1,,name=c5off1;level=OK;role=disp;spread=27;gpio=6;device_seq=78987;time_source=device_synced;device_timestamp_utc=2026-07-28T10:46:01.964Z;config_id=170b1c1e;rssi=-55;uptime_s=592410;heap=152656;cal_tier=board-cal;cal_src=wet_rederive_1236_20260719;pressure_context_source=weather_openmeteo;transport=wifi_poll,
plants.env,2026-07-28T10:46:08.732Z,2026-07-28 05:46:08.732,25100,2a89d4,8gtt1h,0.7.3,fleet_logger_0_1,592410719,ESP32,esp32_die,on_chip,die_temp,,23.70,degC,OK,,,,,name=c5off1;source=esp32_die;cal=uncalibrated_board_proxy;api=temperatureRead;config_id=170b1c1e;transport=wifi_poll,
plants.soil,2026-07-28T10:46:40.898Z,2026-07-28 05:46:40.898,25101,2a89d4,8gtt1h,0.7.3,fleet_logger_0_1,592440035,UMLIFE_v2_TLC555,ch0,origplant,soil_moisture,1228,,,OK,,,985.1,,name=c5off1;level=overwatered;role=disp;spread=10;gpio=1;device_seq=78988;time_source=device_synced;device_timestamp_utc=2026-07-28T10:46:31.964Z;config_id=170b1c1e;rssi=-57;uptime_s=592440;heap=152644;cal_tier=board-cal;cal_src=wet_rederive_1236_20260719;pressure_context_source=weather_openmeteo;transport=wifi_poll,
plants.soil,2026-07-28T10:46:40.898Z,2026-07-28 05:46:40.898,25102,2a89d4,8gtt1h,0.7.3,fleet_logger_0_1,592440035,UMLIFE_v2_TLC555,ch1,origplant,soil_moisture,1397,,,OK,,,985.1,,name=c5off1;level=well watered;role=disp;spread=18;gpio=4;device_seq=78989;time_source=device_synced;device_timestamp_utc=2026-07-28T10:46:31.964Z;config_id=170b1c1e;rssi=-57;uptime_s=592440;heap=152644;cal_tier=board-cal;cal_src=wet_rederive_1236_20260719;pressure_context_source=weather_openmeteo;transport=wifi_poll,
plants.soil,2026-07-28T10:46:40.898Z,2026-07-28 05:46:40.898,25103,2a89d4,8gtt1h,0.7.3,fleet_logger_0_1,592440035,UMLIFE_v2_TLC555,ch2,origplant,soil_moisture,1264,,,OK,,,985.1,,name=c5off1;level=overwatered;role=disp;spread=8;gpio=5;device_seq=78990;time_source=device_synced;device_timestamp_utc=2026-07-28T10:46:31.964Z;config_id=170b1c1e;rssi=-57;uptime_s=592440;heap=152644;cal_tier=board-cal;cal_src=wet_rederive_1236_20260719;pressure_context_source=weather_openmeteo;transport=wifi_poll,
plants.soil,2026-07-28T10:46:40.898Z,2026-07-28 05:46:40.898,25104,2a89d4,8gtt1h,0.7.3,fleet_logger_0_1,592440035,UMLIFE_v2_TLC555,ch3,origplant,soil_moisture,1612,,,OK,,,985.1,,name=c5off1;level=OK;role=disp;spread=14;gpio=6;device_seq=78991;time_source=device_synced;device_timestamp_utc=2026-07-28T10:46:31.964Z;config_id=170b1c1e;rssi=-57;uptime_s=592440;heap=152644;cal_tier=board-cal;cal_src=wet_rederive_1236_20260719;pressure_context_source=weather_openmeteo;transport=wifi_poll,
plants.env,2026-07-28T10:46:40.898Z,2026-07-28 05:46:40.898,25105,2a89d4,8gtt1h,0.7.3,fleet_logger_0_1,592440719,ESP32,esp32_die,on_chip,die_temp,,23.70,degC,OK,,,,,name=c5off1;source=esp32_die;cal=uncalibrated_board_proxy;api=temperatureRead;config_id=170b1c1e;transport=wifi_poll,
plants.soil,2026-07-28T10:47:11.252Z,2026-07-28 05:47:11.252,25106,2a89d4,8gtt1h,0.7.3,fleet_logger_0_1,592470035,UMLIFE_v2_TLC555,ch0,origplant,soil_moisture,1220,,,OK,,,985.1,,name=c5off1;level=overwatered;role=disp;spread=12;gpio=1;device_seq=78992;time_source=device_synced;device_timestamp_utc=2026-07-28T10:47:01.964Z;config_id=170b1c1e;rssi=-56;uptime_s=592470;heap=152644;cal_tier=board-cal;cal_src=wet_rederive_1236_20260719;pressure_context_source=weather_openmeteo;transport=wifi_poll,
plants.soil,2026-07-28T10:47:11.252Z,2026-07-28 05:47:11.252,25107,2a89d4,8gtt1h,0.7.3,fleet_logger_0_1,592470035,UMLIFE_v2_TLC555,ch1,origplant,soil_moisture,1390,,,OK,,,985.1,,name=c5off1;level=well watered;role=disp;spread=11;gpio=4;device_seq=78993;time_source=device_synced;device_timestamp_utc=2026-07-28T10:47:01.964Z;config_id=170b1c1e;rssi=-56;uptime_s=592470;heap=152644;cal_tier=board-cal;cal_src=wet_rederive_1236_20260719;pressure_context_source=weather_openmeteo;transport=wifi_poll,
plants.soil,2026-07-28T10:47:11.252Z,2026-07-28 05:47:11.252,25108,2a89d4,8gtt1h,0.7.3,fleet_logger_0_1,592470035,UMLIFE_v2_TLC555,ch2,origplant,soil_moisture,1266,,,OK,,,985.1,,name=c5off1;level=overwatered;role=disp;spread=17;gpio=5;device_seq=78994;time_source=device_synced;device_timestamp_utc=2026-07-28T10:47:01.964Z;config_id=170b1c1e;rssi=-56;uptime_s=592470;heap=152644;cal_tier=board-cal;cal_src=wet_rederive_1236_20260719;pressure_context_source=weather_openmeteo;transport=wifi_poll,
plants.soil,2026-07-28T10:47:11.252Z,2026-07-28 05:47:11.252,25109,2a89d4,8gtt1h,0.7.3,fleet_logger_0_1,592470035,UMLIFE_v2_TLC555,ch3,origplant,soil_moisture,1612,,,OK,,,985.1,,name=c5off1;level=OK;role=disp;spread=21;gpio=6;device_seq=78995;time_source=device_synced;device_timestamp_utc=2026-07-28T10:47:01.964Z;config_id=170b1c1e;rssi=-56;uptime_s=592470;heap=152644;cal_tier=board-cal;cal_src=wet_rederive_1236_20260719;pressure_context_source=weather_openmeteo;transport=wifi_poll,
plants.env,2026-07-28T10:47:11.252Z,2026-07-28 05:47:11.252,25110,2a89d4,8gtt1h,0.7.3,fleet_logger_0_1,592470719,ESP32,esp32_die,on_chip,die_temp,,23.70,degC,OK,,,,,name=c5off1;source=esp32_die;cal=uncalibrated_board_proxy;api=temperatureRead;config_id=170b1c1e;transport=wifi_poll,
plants.soil,2026-07-28T10:47:41.609Z,2026-07-28 05:47:41.609,25111,2a89d4,8gtt1h,0.7.3,fleet_logger_0_1,592500035,UMLIFE_v2_TLC555,ch0,origplant,soil_moisture,1215,,,OK,,,985.1,,name=c5off1;level=overwatered;role=disp;spread=18;gpio=1;device_seq=78996;time_source=device_synced;device_timestamp_utc=2026-07-28T10:47:31.964Z;config_id=170b1c1e;rssi=-56;uptime_s=592500;heap=152388;cal_tier=board-cal;cal_src=wet_rederive_1236_20260719;pressure_context_source=weather_openmeteo;transport=wifi_poll,
plants.soil,2026-07-28T10:47:41.609Z,2026-07-28 05:47:41.609,25112,2a89d4,8gtt1h,0.7.3,fleet_logger_0_1,592500035,UMLIFE_v2_TLC555,ch1,origplant,soil_moisture,1377,,,OK,,,985.1,,name=c5off1;level=well watered;role=disp;spread=10;gpio=4;device_seq=78997;time_source=device_synced;device_timestamp_utc=2026-07-28T10:47:31.964Z;config_id=170b1c1e;rssi=-56;uptime_s=592500;heap=152388;cal_tier=board-cal;cal_src=wet_rederive_1236_20260719;pressure_context_source=weather_openmeteo;transport=wifi_poll,
plants.soil,2026-07-28T10:47:41.609Z,2026-07-28 05:47:41.609,25113,2a89d4,8gtt1h,0.7.3,fleet_logger_0_1,592500035,UMLIFE_v2_TLC555,ch2,origplant,soil_moisture,1261,,,OK,,,985.1,,name=c5off1;level=overwatered;role=disp;spread=12;gpio=5;device_seq=78998;time_source=device_synced;device_timestamp_utc=2026-07-28T10:47:31.964Z;config_id=170b1c1e;rssi=-56;uptime_s=592500;heap=152388;cal_tier=board-cal;cal_src=wet_rederive_1236_20260719;pressure_context_source=weather_openmeteo;transport=wifi_poll,
plants.soil,2026-07-28T10:47:41.609Z,2026-07-28 05:47:41.609,25114,2a89d4,8gtt1h,0.7.3,fleet_logger_0_1,592500035,UMLIFE_v2_TLC555,ch3,origplant,soil_moisture,1593,,,OK,,,985.1,,name=c5off1;level=OK;role=disp;spread=25;gpio=6;device_seq=78999;time_source=device_synced;device_timestamp_utc=2026-07-28T10:47:31.964Z;config_id=170b1c1e;rssi=-56;uptime_s=592500;heap=152388;cal_tier=board-cal;cal_src=wet_rederive_1236_20260719;pressure_context_source=weather_openmeteo;transport=wifi_poll,
plants.env,2026-07-28T10:47:41.609Z,2026-07-28 05:47:41.609,25115,2a89d4,8gtt1h,0.7.3,fleet_logger_0_1,592500719,ESP32,esp32_die,on_chip,die_temp,,23.70,degC,OK,,,,,name=c5off1;source=esp32_die;cal=uncalibrated_board_proxy;api=temperatureRead;config_id=170b1c1e;transport=wifi_poll,
plants.soil,2026-07-28T10:48:12.031Z,2026-07-28 05:48:12.031,25116,2a89d4,8gtt1h,0.7.3,fleet_logger_0_1,592530035,UMLIFE_v2_TLC555,ch0,origplant,soil_moisture,1217,,,OK,,,985.1,,name=c5off1;level=overwatered;role=disp;spread=12;gpio=1;device_seq=79000;time_source=device_synced;device_timestamp_utc=2026-07-28T10:48:01.964Z;config_id=170b1c1e;rssi=-54;uptime_s=592530;heap=152388;cal_tier=board-cal;cal_src=wet_rederive_1236_20260719;pressure_context_source=weather_openmeteo;transport=wifi_poll,
plants.soil,2026-07-28T10:48:12.031Z,2026-07-28 05:48:12.031,25117,2a89d4,8gtt1h,0.7.3,fleet_logger_0_1,592530035,UMLIFE_v2_TLC555,ch1,origplant,soil_moisture,1378,,,OK,,,985.1,,name=c5off1;level=well watered;role=disp;spread=22;gpio=4;device_seq=79001;time_source=device_synced;device_timestamp_utc=2026-07-28T10:48:01.964Z;config_id=170b1c1e;rssi=-54;uptime_s=592530;heap=152388;cal_tier=board-cal;cal_src=wet_rederive_1236_20260719;pressure_context_source=weather_openmeteo;transport=wifi_poll,
plants.soil,2026-07-28T10:48:12.031Z,2026-07-28 05:48:12.031,25118,2a89d4,8gtt1h,0.7.3,fleet_logger_0_1,592530035,UMLIFE_v2_TLC555,ch2,origplant,soil_moisture,1262,,,OK,,,985.1,,name=c5off1;level=overwatered;role=disp;spread=15;gpio=5;device_seq=79002;time_source=device_synced;device_timestamp_utc=2026-07-28T10:48:01.964Z;config_id=170b1c1e;rssi=-54;uptime_s=592530;heap=152388;cal_tier=board-cal;cal_src=wet_rederive_1236_20260719;pressure_context_source=weather_openmeteo;transport=wifi_poll,
plants.soil,2026-07-28T10:48:12.031Z,2026-07-28 05:48:12.031,25119,2a89d4,8gtt1h,0.7.3,fleet_logger_0_1,592530035,UMLIFE_v2_TLC555,ch3,origplant,soil_moisture,1592,,,OK,,,985.1,,name=c5off1;level=OK;role=disp;spread=29;gpio=6;device_seq=79003;time_source=device_synced;device_timestamp_utc=2026-07-28T10:48:01.964Z;config_id=170b1c1e;rssi=-54;uptime_s=592530;heap=152388;cal_tier=board-cal;cal_src=wet_rederive_1236_20260719;pressure_context_source=weather_openmeteo;transport=wifi_poll,
plants.env,2026-07-28T10:48:12.031Z,2026-07-28 05:48:12.031,25120,2a89d4,8gtt1h,0.7.3,fleet_logger_0_1,592530720,ESP32,esp32_die,on_chip,die_temp,,23.70,degC,OK,,,,,name=c5off1;source=esp32_die;cal=uncalibrated_board_proxy;api=temperatureRead;config_id=170b1c1e;transport=wifi_poll,
plants.soil,2026-07-28T10:48:42.435Z,2026-07-28 05:48:42.435,25121,2a89d4,8gtt1h,0.7.3,fleet_logger_0_1,592560035,UMLIFE_v2_TLC555,ch0,origplant,soil_moisture,1220,,,OK,,,985.1,,name=c5off1;level=overwatered;role=disp;spread=11;gpio=1;device_seq=79004;time_source=device_synced;device_timestamp_utc=2026-07-28T10:48:31.964Z;config_id=170b1c1e;rssi=-56;uptime_s=592560;heap=152596;cal_tier=board-cal;cal_src=wet_rederive_1236_20260719;pressure_context_source=weather_openmeteo;transport=wifi_poll,
plants.soil,2026-07-28T10:48:42.435Z,2026-07-28 05:48:42.435,25122,2a89d4,8gtt1h,0.7.3,fleet_logger_0_1,592560035,UMLIFE_v2_TLC555,ch1,origplant,soil_moisture,1381,,,OK,,,985.1,,name=c5off1;level=well watered;role=disp;spread=11;gpio=4;device_seq=79005;time_source=device_synced;device_timestamp_utc=2026-07-28T10:48:31.964Z;config_id=170b1c1e;rssi=-56;uptime_s=592560;heap=152596;cal_tier=board-cal;cal_src=wet_rederive_1236_20260719;pressure_context_source=weather_openmeteo;transport=wifi_poll,
plants.soil,2026-07-28T10:48:42.435Z,2026-07-28 05:48:42.435,25123,2a89d4,8gtt1h,0.7.3,fleet_logger_0_1,592560035,UMLIFE_v2_TLC555,ch2,origplant,soil_moisture,1263,,,OK,,,985.1,,name=c5off1;level=overwatered;role=disp;spread=12;gpio=5;device_seq=79006;time_source=device_synced;device_timestamp_utc=2026-07-28T10:48:31.964Z;config_id=170b1c1e;rssi=-56;uptime_s=592560;heap=152596;cal_tier=board-cal;cal_src=wet_rederive_1236_20260719;pressure_context_source=weather_openmeteo;transport=wifi_poll,
plants.soil,2026-07-28T10:48:42.435Z,2026-07-28 05:48:42.435,25124,2a89d4,8gtt1h,0.7.3,fleet_logger_0_1,592560035,UMLIFE_v2_TLC555,ch3,origplant,soil_moisture,1593,,,OK,,,985.1,,name=c5off1;level=OK;role=disp;spread=18;gpio=6;device_seq=79007;time_source=device_synced;device_timestamp_utc=2026-07-28T10:48:31.964Z;config_id=170b1c1e;rssi=-56;uptime_s=592560;heap=152596;cal_tier=board-cal;cal_src=wet_rederive_1236_20260719;pressure_context_source=weather_openmeteo;transport=wifi_poll,
plants.env,2026-07-28T10:48:42.435Z,2026-07-28 05:48:42.435,25125,2a89d4,8gtt1h,0.7.3,fleet_logger_0_1,592560719,ESP32,esp32_die,on_chip,die_temp,,22.70,degC,OK,,,,,name=c5off1;source=esp32_die;cal=uncalibrated_board_proxy;api=temperatureRead;config_id=170b1c1e;transport=wifi_poll,
plants.soil,2026-07-28T10:49:12.745Z,2026-07-28 05:49:12.745,25126,2a89d4,8gtt1h,0.7.3,fleet_logger_0_1,592590035,UMLIFE_v2_TLC555,ch0,origplant,soil_moisture,1230,,,OK,,,985.1,,name=c5off1;level=overwatered;role=disp;spread=14;gpio=1;device_seq=79008;time_source=device_synced;device_timestamp_utc=2026-07-28T10:49:01.964Z;config_id=170b1c1e;rssi=-56;uptime_s=592590;heap=152644;cal_tier=board-cal;cal_src=wet_rederive_1236_20260719;pressure_context_source=weather_openmeteo;transport=wifi_poll,
plants.soil,2026-07-28T10:49:12.745Z,2026-07-28 05:49:12.745,25127,2a89d4,8gtt1h,0.7.3,fleet_logger_0_1,592590035,UMLIFE_v2_TLC555,ch1,origplant,soil_moisture,1381,,,OK,,,985.1,,name=c5off1;level=well watered;role=disp;spread=22;gpio=4;device_seq=79009;time_source=device_synced;device_timestamp_utc=2026-07-28T10:49:01.964Z;config_id=170b1c1e;rssi=-56;uptime_s=592590;heap=152644;cal_tier=board-cal;cal_src=wet_rederive_1236_20260719;pressure_context_source=weather_openmeteo;transport=wifi_poll,
plants.soil,2026-07-28T10:49:12.745Z,2026-07-28 05:49:12.745,25128,2a89d4,8gtt1h,0.7.3,fleet_logger_0_1,592590035,UMLIFE_v2_TLC555,ch2,origplant,soil_moisture,1262,,,OK,,,985.1,,name=c5off1;level=overwatered;role=disp;spread=15;gpio=5;device_seq=79010;time_source=device_synced;device_timestamp_utc=2026-07-28T10:49:01.964Z;config_id=170b1c1e;rssi=-56;uptime_s=592590;heap=152644;cal_tier=board-cal;cal_src=wet_rederive_1236_20260719;pressure_context_source=weather_openmeteo;transport=wifi_poll,
plants.soil,2026-07-28T10:49:12.745Z,2026-07-28 05:49:12.745,25129,2a89d4,8gtt1h,0.7.3,fleet_logger_0_1,592590035,UMLIFE_v2_TLC555,ch3,origplant,soil_moisture,1594,,,OK,,,985.1,,name=c5off1;level=OK;role=disp;spread=22;gpio=6;device_seq=79011;time_source=device_synced;device_timestamp_utc=2026-07-28T10:49:01.964Z;config_id=170b1c1e;rssi=-56;uptime_s=592590;heap=152644;cal_tier=board-cal;cal_src=wet_rederive_1236_20260719;pressure_context_source=weather_openmeteo;transport=wifi_poll,
plants.env,2026-07-28T10:49:12.745Z,2026-07-28 05:49:12.745,25130,2a89d4,8gtt1h,0.7.3,fleet_logger_0_1,592590719,ESP32,esp32_die,on_chip,die_temp,,22.70,degC,OK,,,,,name=c5off1;source=esp32_die;cal=uncalibrated_board_proxy;api=temperatureRead;config_id=170b1c1e;transport=wifi_poll,
plants.soil,2026-07-28T10:49:43.227Z,2026-07-28 05:49:43.227,25131,2a89d4,8gtt1h,0.7.3,fleet_logger_0_1,592620035,UMLIFE_v2_TLC555,ch0,origplant,soil_moisture,1234,,,OK,,,985.1,,name=c5off1;level=overwatered;role=disp;spread=13;gpio=1;device_seq=79012;time_source=device_synced;device_timestamp_utc=2026-07-28T10:49:31.964Z;config_id=170b1c1e;rssi=-56;uptime_s=592620;heap=152656;cal_tier=board-cal;cal_src=wet_rederive_1236_20260719;pressure_context_source=weather_openmeteo;transport=wifi_poll,
plants.soil,2026-07-28T10:49:43.227Z,2026-07-28 05:49:43.227,25132,2a89d4,8gtt1h,0.7.3,fleet_logger_0_1,592620035,UMLIFE_v2_TLC555,ch1,origplant,soil_moisture,1392,,,OK,,,985.1,,name=c5off1;level=well watered;role=disp;spread=31;gpio=4;device_seq=79013;time_source=device_synced;device_timestamp_utc=2026-07-28T10:49:31.964Z;config_id=170b1c1e;rssi=-56;uptime_s=592620;heap=152656;cal_tier=board-cal;cal_src=wet_rederive_1236_20260719;pressure_context_source=weather_openmeteo;transport=wifi_poll,
plants.soil,2026-07-28T10:49:43.227Z,2026-07-28 05:49:43.227,25133,2a89d4,8gtt1h,0.7.3,fleet_logger_0_1,592620035,UMLIFE_v2_TLC555,ch2,origplant,soil_moisture,1262,,,OK,,,985.1,,name=c5off1;level=overwatered;role=disp;spread=13;gpio=5;device_seq=79014;time_source=device_synced;device_timestamp_utc=2026-07-28T10:49:31.964Z;config_id=170b1c1e;rssi=-56;uptime_s=592620;heap=152656;cal_tier=board-cal;cal_src=wet_rederive_1236_20260719;pressure_context_source=weather_openmeteo;transport=wifi_poll,
plants.soil,2026-07-28T10:49:43.227Z,2026-07-28 05:49:43.227,25134,2a89d4,8gtt1h,0.7.3,fleet_logger_0_1,592620035,UMLIFE_v2_TLC555,ch3,origplant,soil_moisture,1596,,,OK,,,985.1,,name=c5off1;level=OK;role=disp;spread=19;gpio=6;device_seq=79015;time_source=device_synced;device_timestamp_utc=2026-07-28T10:49:31.964Z;config_id=170b1c1e;rssi=-56;uptime_s=592620;heap=152656;cal_tier=board-cal;cal_src=wet_rederive_1236_20260719;pressure_context_source=weather_openmeteo;transport=wifi_poll,
plants.env,2026-07-28T10:49:43.227Z,2026-07-28 05:49:43.227,25135,2a89d4,8gtt1h,0.7.3,fleet_logger_0_1,592620720,ESP32,esp32_die,on_chip,die_temp,,22.70,degC,OK,,,,,name=c5off1;source=esp32_die;cal=uncalibrated_board_proxy;api=temperatureRead;config_id=170b1c1e;transport=wifi_poll,
plants.soil,2026-07-28T10:50:13.468Z,2026-07-28 05:50:13.468,25136,2a89d4,8gtt1h,0.7.3,fleet_logger_0_1,592650035,UMLIFE_v2_TLC555,ch0,origplant,soil_moisture,1233,,,OK,,,985.1,,name=c5off1;level=overwatered;role=disp;spread=7;gpio=1;device_seq=79016;time_source=device_synced;device_timestamp_utc=2026-07-28T10:50:01.964Z;config_id=170b1c1e;rssi=-56;uptime_s=592650;heap=152656;cal_tier=board-cal;cal_src=wet_rederive_1236_20260719;pressure_context_source=weather_openmeteo;transport=wifi_poll,
plants.soil,2026-07-28T10:50:13.468Z,2026-07-28 05:50:13.468,25137,2a89d4,8gtt1h,0.7.3,fleet_logger_0_1,592650035,UMLIFE_v2_TLC555,ch1,origplant,soil_moisture,1395,,,OK,,,985.1,,name=c5off1;level=well watered;role=disp;spread=15;gpio=4;device_seq=79017;time_source=device_synced;device_timestamp_utc=2026-07-28T10:50:01.964Z;config_id=170b1c1e;rssi=-56;uptime_s=592650;heap=152656;cal_tier=board-cal;cal_src=wet_rederive_1236_20260719;pressure_context_source=weather_openmeteo;transport=wifi_poll,
plants.soil,2026-07-28T10:50:13.468Z,2026-07-28 05:50:13.468,25138,2a89d4,8gtt1h,0.7.3,fleet_logger_0_1,592650035,UMLIFE_v2_TLC555,ch2,origplant,soil_moisture,1261,,,OK,,,985.1,,name=c5off1;level=overwatered;role=disp;spread=22;gpio=5;device_seq=79018;time_source=device_synced;device_timestamp_utc=2026-07-28T10:50:01.964Z;config_id=170b1c1e;rssi=-56;uptime_s=592650;heap=152656;cal_tier=board-cal;cal_src=wet_rederive_1236_20260719;pressure_context_source=weather_openmeteo;transport=wifi_poll,
plants.soil,2026-07-28T10:50:13.468Z,2026-07-28 05:50:13.468,25139,2a89d4,8gtt1h,0.7.3,fleet_logger_0_1,592650035,UMLIFE_v2_TLC555,ch3,origplant,soil_moisture,1598,,,OK,,,985.1,,name=c5off1;level=OK;role=disp;spread=32;gpio=6;device_seq=79019;time_source=device_synced;device_timestamp_utc=2026-07-28T10:50:01.964Z;config_id=170b1c1e;rssi=-56;uptime_s=592650;heap=152656;cal_tier=board-cal;cal_src=wet_rederive_1236_20260719;pressure_context_source=weather_openmeteo;transport=wifi_poll,
plants.env,2026-07-28T10:50:13.468Z,2026-07-28 05:50:13.468,25140,2a89d4,8gtt1h,0.7.3,fleet_logger_0_1,592650719,ESP32,esp32_die,on_chip,die_temp,,23.70,degC,OK,,,,,name=c5off1;source=esp32_die;cal=uncalibrated_board_proxy;api=temperatureRead;config_id=170b1c1e;transport=wifi_poll,
plants.soil,2026-07-28T10:50:43.778Z,2026-07-28 05:50:43.778,25141,2a89d4,8gtt1h,0.7.3,fleet_logger_0_1,592680035,UMLIFE_v2_TLC555,ch0,origplant,soil_moisture,1234,,,OK,,,985.1,,name=c5off1;level=overwatered;role=disp;spread=12;gpio=1;device_seq=79020;time_source=device_synced;device_timestamp_utc=2026-07-28T10:50:31.964Z;config_id=170b1c1e;rssi=-56;uptime_s=592680;heap=152388;cal_tier=board-cal;cal_src=wet_rederive_1236_20260719;pressure_context_source=weather_openmeteo;transport=wifi_poll,
plants.soil,2026-07-28T10:50:43.778Z,2026-07-28 05:50:43.778,25142,2a89d4,8gtt1h,0.7.3,fleet_logger_0_1,592680035,UMLIFE_v2_TLC555,ch1,origplant,soil_moisture,1395,,,OK,,,985.1,,name=c5off1;level=well watered;role=disp;spread=13;gpio=4;device_seq=79021;time_source=device_synced;device_timestamp_utc=2026-07-28T10:50:31.964Z;config_id=170b1c1e;rssi=-56;uptime_s=592680;heap=152388;cal_tier=board-cal;cal_src=wet_rederive_1236_20260719;pressure_context_source=weather_openmeteo;transport=wifi_poll,
plants.soil,2026-07-28T10:50:43.778Z,2026-07-28 05:50:43.778,25143,2a89d4,8gtt1h,0.7.3,fleet_logger_0_1,592680035,UMLIFE_v2_TLC555,ch2,origplant,soil_moisture,1263,,,OK,,,985.1,,name=c5off1;level=overwatered;role=disp;spread=17;gpio=5;device_seq=79022;time_source=device_synced;device_timestamp_utc=2026-07-28T10:50:31.964Z;config_id=170b1c1e;rssi=-56;uptime_s=592680;heap=152388;cal_tier=board-cal;cal_src=wet_rederive_1236_20260719;pressure_context_source=weather_openmeteo;transport=wifi_poll,
plants.soil,2026-07-28T10:50:43.778Z,2026-07-28 05:50:43.778,25144,2a89d4,8gtt1h,0.7.3,fleet_logger_0_1,592680035,UMLIFE_v2_TLC555,ch3,origplant,soil_moisture,1605,,,OK,,,985.1,,name=c5off1;level=OK;role=disp;spread=21;gpio=6;device_seq=79023;time_source=device_synced;device_timestamp_utc=2026-07-28T10:50:31.964Z;config_id=170b1c1e;rssi=-56;uptime_s=592680;heap=152388;cal_tier=board-cal;cal_src=wet_rederive_1236_20260719;pressure_context_source=weather_openmeteo;transport=wifi_poll,
plants.env,2026-07-28T10:50:43.778Z,2026-07-28 05:50:43.778,25145,2a89d4,8gtt1h,0.7.3,fleet_logger_0_1,592680719,ESP32,esp32_die,on_chip,die_temp,,22.70,degC,OK,,,,,name=c5off1;source=esp32_die;cal=uncalibrated_board_proxy;api=temperatureRead;config_id=170b1c1e;transport=wifi_poll,
plants.soil,2026-07-28T10:51:14.089Z,2026-07-28 05:51:14.089,25146,2a89d4,8gtt1h,0.7.3,fleet_logger_0_1,592710035,UMLIFE_v2_TLC555,ch0,origplant,soil_moisture,1235,,,OK,,,985.1,,name=c5off1;level=overwatered;role=disp;spread=9;gpio=1;device_seq=79024;time_source=device_synced;device_timestamp_utc=2026-07-28T10:51:01.964Z;config_id=170b1c1e;rssi=-57;uptime_s=592710;heap=152340;cal_tier=board-cal;cal_src=wet_rederive_1236_20260719;pressure_context_source=weather_openmeteo;transport=wifi_poll,
plants.soil,2026-07-28T10:51:14.089Z,2026-07-28 05:51:14.089,25147,2a89d4,8gtt1h,0.7.3,fleet_logger_0_1,592710035,UMLIFE_v2_TLC555,ch1,origplant,soil_moisture,1399,,,OK,,,985.1,,name=c5off1;level=well watered;role=disp;spread=27;gpio=4;device_seq=79025;time_source=device_synced;device_timestamp_utc=2026-07-28T10:51:01.964Z;config_id=170b1c1e;rssi=-57;uptime_s=592710;heap=152340;cal_tier=board-cal;cal_src=wet_rederive_1236_20260719;pressure_context_source=weather_openmeteo;transport=wifi_poll,
plants.soil,2026-07-28T10:51:14.089Z,2026-07-28 05:51:14.089,25148,2a89d4,8gtt1h,0.7.3,fleet_logger_0_1,592710035,UMLIFE_v2_TLC555,ch2,origplant,soil_moisture,1261,,,OK,,,985.1,,name=c5off1;level=overwatered;role=disp;spread=24;gpio=5;device_seq=79026;time_source=device_synced;device_timestamp_utc=2026-07-28T10:51:01.964Z;config_id=170b1c1e;rssi=-57;uptime_s=592710;heap=152340;cal_tier=board-cal;cal_src=wet_rederive_1236_20260719;pressure_context_source=weather_openmeteo;transport=wifi_poll,
plants.soil,2026-07-28T10:51:14.089Z,2026-07-28 05:51:14.089,25149,2a89d4,8gtt1h,0.7.3,fleet_logger_0_1,592710035,UMLIFE_v2_TLC555,ch3,origplant,soil_moisture,1610,,,OK,,,985.1,,name=c5off1;level=OK;role=disp;spread=17;gpio=6;device_seq=79027;time_source=device_synced;device_timestamp_utc=2026-07-28T10:51:01.964Z;config_id=170b1c1e;rssi=-57;uptime_s=592710;heap=152340;cal_tier=board-cal;cal_src=wet_rederive_1236_20260719;pressure_context_source=weather_openmeteo;transport=wifi_poll,
plants.env,2026-07-28T10:51:14.089Z,2026-07-28 05:51:14.089,25150,2a89d4,8gtt1h,0.7.3,fleet_logger_0_1,592710719,ESP32,esp32_die,on_chip,die_temp,,23.70,degC,OK,,,,,name=c5off1;source=esp32_die;cal=uncalibrated_board_proxy;api=temperatureRead;config_id=170b1c1e;transport=wifi_poll,
plants.soil,2026-07-28T10:52:16.564Z,2026-07-28 05:52:16.564,25151,2a89d4,8gtt1h,0.7.3,fleet_logger_0_1,592770035,UMLIFE_v2_TLC555,ch0,origplant,soil_moisture,1232,,,OK,,,985.1,,name=c5off1;level=overwatered;role=disp;spread=14;gpio=1;device_seq=79032;time_source=device_synced;device_timestamp_utc=2026-07-28T10:52:01.964Z;config_id=170b1c1e;rssi=-55;uptime_s=592770;heap=152492;cal_tier=board-cal;cal_src=wet_rederive_1236_20260719;pressure_context_source=weather_openmeteo;transport=wifi_poll,
plants.soil,2026-07-28T10:52:16.564Z,2026-07-28 05:52:16.564,25152,2a89d4,8gtt1h,0.7.3,fleet_logger_0_1,592770035,UMLIFE_v2_TLC555,ch1,origplant,soil_moisture,1396,,,OK,,,985.1,,name=c5off1;level=well watered;role=disp;spread=22;gpio=4;device_seq=79033;time_source=device_synced;device_timestamp_utc=2026-07-28T10:52:01.964Z;config_id=170b1c1e;rssi=-55;uptime_s=592770;heap=152492;cal_tier=board-cal;cal_src=wet_rederive_1236_20260719;pressure_context_source=weather_openmeteo;transport=wifi_poll,
plants.soil,2026-07-28T10:52:16.564Z,2026-07-28 05:52:16.564,25153,2a89d4,8gtt1h,0.7.3,fleet_logger_0_1,592770035,UMLIFE_v2_TLC555,ch2,origplant,soil_moisture,1264,,,OK,,,985.1,,name=c5off1;level=overwatered;role=disp;spread=23;gpio=5;device_seq=79034;time_source=device_synced;device_timestamp_utc=2026-07-28T10:52:01.964Z;config_id=170b1c1e;rssi=-55;uptime_s=592770;heap=152492;cal_tier=board-cal;cal_src=wet_rederive_1236_20260719;pressure_context_source=weather_openmeteo;transport=wifi_poll,
plants.soil,2026-07-28T10:52:16.564Z,2026-07-28 05:52:16.564,25154,2a89d4,8gtt1h,0.7.3,fleet_logger_0_1,592770035,UMLIFE_v2_TLC555,ch3,origplant,soil_moisture,1613,,,OK,,,985.1,,name=c5off1;level=OK;role=disp;spread=14;gpio=6;device_seq=79035;time_source=device_synced;device_timestamp_utc=2026-07-28T10:52:01.964Z;config_id=170b1c1e;rssi=-55;uptime_s=592770;heap=152492;cal_tier=board-cal;cal_src=wet_rederive_1236_20260719;pressure_context_source=weather_openmeteo;transport=wifi_poll,
plants.env,2026-07-28T10:52:16.564Z,2026-07-28 05:52:16.564,25155,2a89d4,8gtt1h,0.7.3,fleet_logger_0_1,592770719,ESP32,esp32_die,on_chip,die_temp,,23.70,degC,OK,,,,,name=c5off1;source=esp32_die;cal=uncalibrated_board_proxy;api=temperatureRead;config_id=170b1c1e;transport=wifi_poll,
plants.soil,2026-07-28T10:52:47.107Z,2026-07-28 05:52:47.107,25156,2a89d4,8gtt1h,0.7.3,fleet_logger_0_1,592800035,UMLIFE_v2_TLC555,ch0,origplant,soil_moisture,1233,,,OK,,,985.1,,name=c5off1;level=overwatered;role=disp;spread=9;gpio=1;device_seq=79036;time_source=device_synced;device_timestamp_utc=2026-07-28T10:52:31.964Z;config_id=170b1c1e;rssi=-57;uptime_s=592800;heap=152904;cal_tier=board-cal;cal_src=wet_rederive_1236_20260719;pressure_context_source=weather_openmeteo;transport=wifi_poll,
plants.soil,2026-07-28T10:52:47.107Z,2026-07-28 05:52:47.107,25157,2a89d4,8gtt1h,0.7.3,fleet_logger_0_1,592800035,UMLIFE_v2_TLC555,ch1,origplant,soil_moisture,1397,,,OK,,,985.1,,name=c5off1;level=well watered;role=disp;spread=18;gpio=4;device_seq=79037;time_source=device_synced;device_timestamp_utc=2026-07-28T10:52:31.964Z;config_id=170b1c1e;rssi=-57;uptime_s=592800;heap=152904;cal_tier=board-cal;cal_src=wet_rederive_1236_20260719;pressure_context_source=weather_openmeteo;transport=wifi_poll,
plants.soil,2026-07-28T10:52:47.107Z,2026-07-28 05:52:47.107,25158,2a89d4,8gtt1h,0.7.3,fleet_logger_0_1,592800035,UMLIFE_v2_TLC555,ch2,origplant,soil_moisture,1264,,,OK,,,985.1,,name=c5off1;level=overwatered;role=disp;spread=14;gpio=5;device_seq=79038;time_source=device_synced;device_timestamp_utc=2026-07-28T10:52:31.964Z;config_id=170b1c1e;rssi=-57;uptime_s=592800;heap=152904;cal_tier=board-cal;cal_src=wet_rederive_1236_20260719;pressure_context_source=weather_openmeteo;transport=wifi_poll,
plants.soil,2026-07-28T10:52:47.107Z,2026-07-28 05:52:47.107,25159,2a89d4,8gtt1h,0.7.3,fleet_logger_0_1,592800035,UMLIFE_v2_TLC555,ch3,origplant,soil_moisture,1610,,,OK,,,985.1,,name=c5off1;level=OK;role=disp;spread=31;gpio=6;device_seq=79039;time_source=device_synced;device_timestamp_utc=2026-07-28T10:52:31.964Z;config_id=170b1c1e;rssi=-57;uptime_s=592800;heap=152904;cal_tier=board-cal;cal_src=wet_rederive_1236_20260719;pressure_context_source=weather_openmeteo;transport=wifi_poll,
plants.env,2026-07-28T10:52:47.107Z,2026-07-28 05:52:47.107,25160,2a89d4,8gtt1h,0.7.3,fleet_logger_0_1,592801819,ESP32,esp32_die,on_chip,die_temp,,23.70,degC,OK,,,,,name=c5off1;source=esp32_die;cal=uncalibrated_board_proxy;api=temperatureRead;config_id=170b1c1e;transport=wifi_poll,
plants.soil,2026-07-28T10:53:17.383Z,2026-07-28 05:53:17.383,25161,2a89d4,8gtt1h,0.7.3,fleet_logger_0_1,592830035,UMLIFE_v2_TLC555,ch0,origplant,soil_moisture,1232,,,OK,,,985.1,,name=c5off1;level=overwatered;role=disp;spread=15;gpio=1;device_seq=79040;time_source=device_synced;device_timestamp_utc=2026-07-28T10:53:01.964Z;config_id=170b1c1e;rssi=-57;uptime_s=592830;heap=152900;cal_tier=board-cal;cal_src=wet_rederive_1236_20260719;pressure_context_source=weather_openmeteo;transport=wifi_poll,
plants.soil,2026-07-28T10:53:17.383Z,2026-07-28 05:53:17.383,25162,2a89d4,8gtt1h,0.7.3,fleet_logger_0_1,592830035,UMLIFE_v2_TLC555,ch1,origplant,soil_moisture,1397,,,OK,,,985.1,,name=c5off1;level=well watered;role=disp;spread=15;gpio=4;device_seq=79041;time_source=device_synced;device_timestamp_utc=2026-07-28T10:53:01.964Z;config_id=170b1c1e;rssi=-57;uptime_s=592830;heap=152900;cal_tier=board-cal;cal_src=wet_rederive_1236_20260719;pressure_context_source=weather_openmeteo;transport=wifi_poll,
plants.soil,2026-07-28T10:53:17.383Z,2026-07-28 05:53:17.383,25163,2a89d4,8gtt1h,0.7.3,fleet_logger_0_1,592830035,UMLIFE_v2_TLC555,ch2,origplant,soil_moisture,1264,,,OK,,,985.1,,name=c5off1;level=overwatered;role=disp;spread=10;gpio=5;device_seq=79042;time_source=device_synced;device_timestamp_utc=2026-07-28T10:53:01.964Z;config_id=170b1c1e;rssi=-57;uptime_s=592830;heap=152900;cal_tier=board-cal;cal_src=wet_rederive_1236_20260719;pressure_context_source=weather_openmeteo;transport=wifi_poll,
plants.soil,2026-07-28T10:53:17.383Z,2026-07-28 05:53:17.383,25164,2a89d4,8gtt1h,0.7.3,fleet_logger_0_1,592830035,UMLIFE_v2_TLC555,ch3,origplant,soil_moisture,1611,,,OK,,,985.1,,name=c5off1;level=OK;role=disp;spread=26;gpio=6;device_seq=79043;time_source=device_synced;device_timestamp_utc=2026-07-28T10:53:01.964Z;config_id=170b1c1e;rssi=-57;uptime_s=592830;heap=152900;cal_tier=board-cal;cal_src=wet_rederive_1236_20260719;pressure_context_source=weather_openmeteo;transport=wifi_poll,
plants.env,2026-07-28T10:53:17.383Z,2026-07-28 05:53:17.383,25165,2a89d4,8gtt1h,0.7.3,fleet_logger_0_1,592830719,ESP32,esp32_die,on_chip,die_temp,,23.70,degC,OK,,,,,name=c5off1;source=esp32_die;cal=uncalibrated_board_proxy;api=temperatureRead;config_id=170b1c1e;transport=wifi_poll,
plants.soil,2026-07-28T10:53:48.105Z,2026-07-28 05:53:48.105,25166,2a89d4,8gtt1h,0.7.3,fleet_logger_0_1,592860035,UMLIFE_v2_TLC555,ch0,origplant,soil_moisture,1232,,,OK,,,985.1,,name=c5off1;level=overwatered;role=disp;spread=24;gpio=1;device_seq=79044;time_source=device_synced;device_timestamp_utc=2026-07-28T10:53:31.964Z;config_id=170b1c1e;rssi=-54;uptime_s=592860;heap=152612;cal_tier=board-cal;cal_src=wet_rederive_1236_20260719;pressure_context_source=weather_openmeteo;transport=wifi_poll,
plants.soil,2026-07-28T10:53:48.105Z,2026-07-28 05:53:48.105,25167,2a89d4,8gtt1h,0.7.3,fleet_logger_0_1,592860035,UMLIFE_v2_TLC555,ch1,origplant,soil_moisture,1395,,,OK,,,985.1,,name=c5off1;level=well watered;role=disp;spread=28;gpio=4;device_seq=79045;time_source=device_synced;device_timestamp_utc=2026-07-28T10:53:31.964Z;config_id=170b1c1e;rssi=-54;uptime_s=592860;heap=152612;cal_tier=board-cal;cal_src=wet_rederive_1236_20260719;pressure_context_source=weather_openmeteo;transport=wifi_poll,
plants.soil,2026-07-28T10:53:48.105Z,2026-07-28 05:53:48.105,25168,2a89d4,8gtt1h,0.7.3,fleet_logger_0_1,592860035,UMLIFE_v2_TLC555,ch2,origplant,soil_moisture,1265,,,OK,,,985.1,,name=c5off1;level=overwatered;role=disp;spread=14;gpio=5;device_seq=79046;time_source=device_synced;device_timestamp_utc=2026-07-28T10:53:31.964Z;config_id=170b1c1e;rssi=-54;uptime_s=592860;heap=152612;cal_tier=board-cal;cal_src=wet_rederive_1236_20260719;pressure_context_source=weather_openmeteo;transport=wifi_poll,
plants.soil,2026-07-28T10:53:48.105Z,2026-07-28 05:53:48.105,25169,2a89d4,8gtt1h,0.7.3,fleet_logger_0_1,592860035,UMLIFE_v2_TLC555,ch3,origplant,soil_moisture,1610,,,OK,,,985.1,,name=c5off1;level=OK;role=disp;spread=20;gpio=6;device_seq=79047;time_source=device_synced;device_timestamp_utc=2026-07-28T10:53:31.964Z;config_id=170b1c1e;rssi=-54;uptime_s=592860;heap=152612;cal_tier=board-cal;cal_src=wet_rederive_1236_20260719;pressure_context_source=weather_openmeteo;transport=wifi_poll,
plants.env,2026-07-28T10:53:48.105Z,2026-07-28 05:53:48.105,25170,2a89d4,8gtt1h,0.7.3,fleet_logger_0_1,592860719,ESP32,esp32_die,on_chip,die_temp,,22.70,degC,OK,,,,,name=c5off1;source=esp32_die;cal=uncalibrated_board_proxy;api=temperatureRead;config_id=170b1c1e;transport=wifi_poll,
plants.soil,2026-07-28T10:54:18.408Z,2026-07-28 05:54:18.408,25171,2a89d4,8gtt1h,0.7.3,fleet_logger_0_1,592890035,UMLIFE_v2_TLC555,ch0,origplant,soil_moisture,1232,,,OK,,,985.1,,name=c5off1;level=overwatered;role=disp;spread=18;gpio=1;device_seq=79048;time_source=device_synced;device_timestamp_utc=2026-07-28T10:54:01.964Z;config_id=170b1c1e;rssi=-58;uptime_s=592890;heap=152392;cal_tier=board-cal;cal_src=wet_rederive_1236_20260719;pressure_context_source=weather_openmeteo;transport=wifi_poll,
plants.soil,2026-07-28T10:54:18.408Z,2026-07-28 05:54:18.408,25172,2a89d4,8gtt1h,0.7.3,fleet_logger_0_1,592890035,UMLIFE_v2_TLC555,ch1,origplant,soil_moisture,1398,,,OK,,,985.1,,name=c5off1;level=well watered;role=disp;spread=19;gpio=4;device_seq=79049;time_source=device_synced;device_timestamp_utc=2026-07-28T10:54:01.964Z;config_id=170b1c1e;rssi=-58;uptime_s=592890;heap=152392;cal_tier=board-cal;cal_src=wet_rederive_1236_20260719;pressure_context_source=weather_openmeteo;transport=wifi_poll,
plants.soil,2026-07-28T10:54:18.408Z,2026-07-28 05:54:18.408,25173,2a89d4,8gtt1h,0.7.3,fleet_logger_0_1,592890035,UMLIFE_v2_TLC555,ch2,origplant,soil_moisture,1262,,,OK,,,985.1,,name=c5off1;level=overwatered;role=disp;spread=17;gpio=5;device_seq=79050;time_source=device_synced;device_timestamp_utc=2026-07-28T10:54:01.964Z;config_id=170b1c1e;rssi=-58;uptime_s=592890;heap=152392;cal_tier=board-cal;cal_src=wet_rederive_1236_20260719;pressure_context_source=weather_openmeteo;transport=wifi_poll,
plants.soil,2026-07-28T10:54:18.408Z,2026-07-28 05:54:18.408,25174,2a89d4,8gtt1h,0.7.3,fleet_logger_0_1,592890035,UMLIFE_v2_TLC555,ch3,origplant,soil_moisture,1608,,,OK,,,985.1,,name=c5off1;level=OK;role=disp;spread=32;gpio=6;device_seq=79051;time_source=device_synced;device_timestamp_utc=2026-07-28T10:54:01.964Z;config_id=170b1c1e;rssi=-58;uptime_s=592890;heap=152392;cal_tier=board-cal;cal_src=wet_rederive_1236_20260719;pressure_context_source=weather_openmeteo;transport=wifi_poll,
plants.env,2026-07-28T10:54:18.408Z,2026-07-28 05:54:18.408,25175,2a89d4,8gtt1h,0.7.3,fleet_logger_0_1,592890719,ESP32,esp32_die,on_chip,die_temp,,23.70,degC,OK,,,,,name=c5off1;source=esp32_die;cal=uncalibrated_board_proxy;api=temperatureRead;config_id=170b1c1e;transport=wifi_poll,
plants.soil,2026-07-28T10:54:49.264Z,2026-07-28 05:54:49.264,25176,2a89d4,8gtt1h,0.7.3,fleet_logger_0_1,592920035,UMLIFE_v2_TLC555,ch0,origplant,soil_moisture,1232,,,OK,,,985.1,,name=c5off1;level=overwatered;role=disp;spread=14;gpio=1;device_seq=79052;time_source=device_synced;device_timestamp_utc=2026-07-28T10:54:31.964Z;config_id=170b1c1e;rssi=-56;uptime_s=592920;heap=152644;cal_tier=board-cal;cal_src=wet_rederive_1236_20260719;pressure_context_source=weather_openmeteo;transport=wifi_poll,
plants.soil,2026-07-28T10:54:49.264Z,2026-07-28 05:54:49.264,25177,2a89d4,8gtt1h,0.7.3,fleet_logger_0_1,592920035,UMLIFE_v2_TLC555,ch1,origplant,soil_moisture,1396,,,OK,,,985.1,,name=c5off1;level=well watered;role=disp;spread=11;gpio=4;device_seq=79053;time_source=device_synced;device_timestamp_utc=2026-07-28T10:54:31.964Z;config_id=170b1c1e;rssi=-56;uptime_s=592920;heap=152644;cal_tier=board-cal;cal_src=wet_rederive_1236_20260719;pressure_context_source=weather_openmeteo;transport=wifi_poll,
plants.soil,2026-07-28T10:54:49.264Z,2026-07-28 05:54:49.264,25178,2a89d4,8gtt1h,0.7.3,fleet_logger_0_1,592920035,UMLIFE_v2_TLC555,ch2,origplant,soil_moisture,1263,,,OK,,,985.1,,name=c5off1;level=overwatered;role=disp;spread=21;gpio=5;device_seq=79054;time_source=device_synced;device_timestamp_utc=2026-07-28T10:54:31.964Z;config_id=170b1c1e;rssi=-56;uptime_s=592920;heap=152644;cal_tier=board-cal;cal_src=wet_rederive_1236_20260719;pressure_context_source=weather_openmeteo;transport=wifi_poll,
plants.soil,2026-07-28T10:54:49.264Z,2026-07-28 05:54:49.264,25179,2a89d4,8gtt1h,0.7.3,fleet_logger_0_1,592920035,UMLIFE_v2_TLC555,ch3,origplant,soil_moisture,1613,,,OK,,,985.1,,name=c5off1;level=OK;role=disp;spread=22;gpio=6;device_seq=79055;time_source=device_synced;device_timestamp_utc=2026-07-28T10:54:31.964Z;config_id=170b1c1e;rssi=-56;uptime_s=592920;heap=152644;cal_tier=board-cal;cal_src=wet_rederive_1236_20260719;pressure_context_source=weather_openmeteo;transport=wifi_poll,
plants.env,2026-07-28T10:54:49.264Z,2026-07-28 05:54:49.264,25180,2a89d4,8gtt1h,0.7.3,fleet_logger_0_1,592920719,ESP32,esp32_die,on_chip,die_temp,,23.70,degC,OK,,,,,name=c5off1;source=esp32_die;cal=uncalibrated_board_proxy;api=temperatureRead;config_id=170b1c1e;transport=wifi_poll,
plants.soil,2026-07-28T10:55:21.383Z,2026-07-28 05:55:21.383,25181,2a89d4,8gtt1h,0.7.3,fleet_logger_0_1,592950035,UMLIFE_v2_TLC555,ch0,origplant,soil_moisture,1233,,,OK,,,985.1,,name=c5off1;level=overwatered;role=disp;spread=17;gpio=1;device_seq=79056;time_source=device_synced;device_timestamp_utc=2026-07-28T10:55:01.964Z;config_id=170b1c1e;rssi=-57;uptime_s=592950;heap=152644;cal_tier=board-cal;cal_src=wet_rederive_1236_20260719;pressure_context_source=weather_openmeteo;transport=wifi_poll,
plants.soil,2026-07-28T10:55:21.383Z,2026-07-28 05:55:21.383,25182,2a89d4,8gtt1h,0.7.3,fleet_logger_0_1,592950035,UMLIFE_v2_TLC555,ch1,origplant,soil_moisture,1397,,,OK,,,985.1,,name=c5off1;level=well watered;role=disp;spread=8;gpio=4;device_seq=79057;time_source=device_synced;device_timestamp_utc=2026-07-28T10:55:01.964Z;config_id=170b1c1e;rssi=-57;uptime_s=592950;heap=152644;cal_tier=board-cal;cal_src=wet_rederive_1236_20260719;pressure_context_source=weather_openmeteo;transport=wifi_poll,
plants.soil,2026-07-28T10:55:21.383Z,2026-07-28 05:55:21.383,25183,2a89d4,8gtt1h,0.7.3,fleet_logger_0_1,592950035,UMLIFE_v2_TLC555,ch2,origplant,soil_moisture,1264,,,OK,,,985.1,,name=c5off1;level=overwatered;role=disp;spread=19;gpio=5;device_seq=79058;time_source=device_synced;device_timestamp_utc=2026-07-28T10:55:01.964Z;config_id=170b1c1e;rssi=-57;uptime_s=592950;heap=152644;cal_tier=board-cal;cal_src=wet_rederive_1236_20260719;pressure_context_source=weather_openmeteo;transport=wifi_poll,
plants.soil,2026-07-28T10:55:21.383Z,2026-07-28 05:55:21.383,25184,2a89d4,8gtt1h,0.7.3,fleet_logger_0_1,592950035,UMLIFE_v2_TLC555,ch3,origplant,soil_moisture,1613,,,OK,,,985.1,,name=c5off1;level=OK;role=disp;spread=11;gpio=6;device_seq=79059;time_source=device_synced;device_timestamp_utc=2026-07-28T10:55:01.964Z;config_id=170b1c1e;rssi=-57;uptime_s=592950;heap=152644;cal_tier=board-cal;cal_src=wet_rederive_1236_20260719;pressure_context_source=weather_openmeteo;transport=wifi_poll,
plants.env,2026-07-28T10:55:21.383Z,2026-07-28 05:55:21.383,25185,2a89d4,8gtt1h,0.7.3,fleet_logger_0_1,592950719,ESP32,esp32_die,on_chip,die_temp,,23.70,degC,OK,,,,,name=c5off1;source=esp32_die;cal=uncalibrated_board_proxy;api=temperatureRead;config_id=170b1c1e;transport=wifi_poll,
plants.soil,2026-07-28T10:55:51.760Z,2026-07-28 05:55:51.760,25186,2a89d4,8gtt1h,0.7.3,fleet_logger_0_1,592980035,UMLIFE_v2_TLC555,ch0,origplant,soil_moisture,1232,,,OK,,,985.1,,name=c5off1;level=overwatered;role=disp;spread=16;gpio=1;device_seq=79060;time_source=device_synced;device_timestamp_utc=2026-07-28T10:55:31.964Z;config_id=170b1c1e;rssi=-54;uptime_s=592980;heap=152644;cal_tier=board-cal;cal_src=wet_rederive_1236_20260719;pressure_context_source=weather_openmeteo;transport=wifi_poll,
plants.soil,2026-07-28T10:55:51.760Z,2026-07-28 05:55:51.760,25187,2a89d4,8gtt1h,0.7.3,fleet_logger_0_1,592980035,UMLIFE_v2_TLC555,ch1,origplant,soil_moisture,1397,,,OK,,,985.1,,name=c5off1;level=well watered;role=disp;spread=34;gpio=4;device_seq=79061;time_source=device_synced;device_timestamp_utc=2026-07-28T10:55:31.964Z;config_id=170b1c1e;rssi=-54;uptime_s=592980;heap=152644;cal_tier=board-cal;cal_src=wet_rederive_1236_20260719;pressure_context_source=weather_openmeteo;transport=wifi_poll,
plants.soil,2026-07-28T10:55:51.760Z,2026-07-28 05:55:51.760,25188,2a89d4,8gtt1h,0.7.3,fleet_logger_0_1,592980035,UMLIFE_v2_TLC555,ch2,origplant,soil_moisture,1263,,,OK,,,985.1,,name=c5off1;level=overwatered;role=disp;spread=15;gpio=5;device_seq=79062;time_source=device_synced;device_timestamp_utc=2026-07-28T10:55:31.964Z;config_id=170b1c1e;rssi=-54;uptime_s=592980;heap=152644;cal_tier=board-cal;cal_src=wet_rederive_1236_20260719;pressure_context_source=weather_openmeteo;transport=wifi_poll,
plants.soil,2026-07-28T10:55:51.760Z,2026-07-28 05:55:51.760,25189,2a89d4,8gtt1h,0.7.3,fleet_logger_0_1,592980035,UMLIFE_v2_TLC555,ch3,origplant,soil_moisture,1611,,,OK,,,985.1,,name=c5off1;level=OK;role=disp;spread=16;gpio=6;device_seq=79063;time_source=device_synced;device_timestamp_utc=2026-07-28T10:55:31.964Z;config_id=170b1c1e;rssi=-54;uptime_s=592980;heap=152644;cal_tier=board-cal;cal_src=wet_rederive_1236_20260719;pressure_context_source=weather_openmeteo;transport=wifi_poll,
plants.env,2026-07-28T10:55:51.760Z,2026-07-28 05:55:51.760,25190,2a89d4,8gtt1h,0.7.3,fleet_logger_0_1,592980719,ESP32,esp32_die,on_chip,die_temp,,23.70,degC,OK,,,,,name=c5off1;source=esp32_die;cal=uncalibrated_board_proxy;api=temperatureRead;config_id=170b1c1e;transport=wifi_poll,
plants.soil,2026-07-28T10:56:22.004Z,2026-07-28 05:56:22.004,25191,2a89d4,8gtt1h,0.7.3,fleet_logger_0_1,593010035,UMLIFE_v2_TLC555,ch0,origplant,soil_moisture,1232,,,OK,,,985.1,,name=c5off1;level=overwatered;role=disp;spread=18;gpio=1;device_seq=79064;time_source=device_synced;device_timestamp_utc=2026-07-28T10:56:01.964Z;config_id=170b1c1e;rssi=-55;uptime_s=593010;heap=152660;cal_tier=board-cal;cal_src=wet_rederive_1236_20260719;pressure_context_source=weather_openmeteo;transport=wifi_poll,
plants.soil,2026-07-28T10:56:22.004Z,2026-07-28 05:56:22.004,25192,2a89d4,8gtt1h,0.7.3,fleet_logger_0_1,593010035,UMLIFE_v2_TLC555,ch1,origplant,soil_moisture,1397,,,OK,,,985.1,,name=c5off1;level=well watered;role=disp;spread=15;gpio=4;device_seq=79065;time_source=device_synced;device_timestamp_utc=2026-07-28T10:56:01.964Z;config_id=170b1c1e;rssi=-55;uptime_s=593010;heap=152660;cal_tier=board-cal;cal_src=wet_rederive_1236_20260719;pressure_context_source=weather_openmeteo;transport=wifi_poll,
plants.soil,2026-07-28T10:56:22.004Z,2026-07-28 05:56:22.004,25193,2a89d4,8gtt1h,0.7.3,fleet_logger_0_1,593010035,UMLIFE_v2_TLC555,ch2,origplant,soil_moisture,1263,,,OK,,,985.1,,name=c5off1;level=overwatered;role=disp;spread=12;gpio=5;device_seq=79066;time_source=device_synced;device_timestamp_utc=2026-07-28T10:56:01.964Z;config_id=170b1c1e;rssi=-55;uptime_s=593010;heap=152660;cal_tier=board-cal;cal_src=wet_rederive_1236_20260719;pressure_context_source=weather_openmeteo;transport=wifi_poll,
plants.soil,2026-07-28T10:56:22.004Z,2026-07-28 05:56:22.004,25194,2a89d4,8gtt1h,0.7.3,fleet_logger_0_1,593010035,UMLIFE_v2_TLC555,ch3,origplant,soil_moisture,1611,,,OK,,,985.1,,name=c5off1;level=OK;role=disp;spread=22;gpio=6;device_seq=79067;time_source=device_synced;device_timestamp_utc=2026-07-28T10:56:01.964Z;config_id=170b1c1e;rssi=-55;uptime_s=593010;heap=152660;cal_tier=board-cal;cal_src=wet_rederive_1236_20260719;pressure_context_source=weather_openmeteo;transport=wifi_poll,
plants.env,2026-07-28T10:56:22.004Z,2026-07-28 05:56:22.004,25195,2a89d4,8gtt1h,0.7.3,fleet_logger_0_1,593010719,ESP32,esp32_die,on_chip,die_temp,,23.70,degC,OK,,,,,name=c5off1;source=esp32_die;cal=uncalibrated_board_proxy;api=temperatureRead;config_id=170b1c1e;transport=wifi_poll,
plants.soil,2026-07-28T10:56:52.319Z,2026-07-28 05:56:52.319,25196,2a89d4,8gtt1h,0.7.3,fleet_logger_0_1,593040035,UMLIFE_v2_TLC555,ch0,origplant,soil_moisture,1232,,,OK,,,985.1,,name=c5off1;level=overwatered;role=disp;spread=16;gpio=1;device_seq=79068;time_source=device_synced;device_timestamp_utc=2026-07-28T10:56:31.964Z;config_id=170b1c1e;rssi=-56;uptime_s=593040;heap=152388;cal_tier=board-cal;cal_src=wet_rederive_1236_20260719;pressure_context_source=weather_openmeteo;transport=wifi_poll,
plants.soil,2026-07-28T10:56:52.319Z,2026-07-28 05:56:52.319,25197,2a89d4,8gtt1h,0.7.3,fleet_logger_0_1,593040035,UMLIFE_v2_TLC555,ch1,origplant,soil_moisture,1399,,,OK,,,985.1,,name=c5off1;level=well watered;role=disp;spread=33;gpio=4;device_seq=79069;time_source=device_synced;device_timestamp_utc=2026-07-28T10:56:31.964Z;config_id=170b1c1e;rssi=-56;uptime_s=593040;heap=152388;cal_tier=board-cal;cal_src=wet_rederive_1236_20260719;pressure_context_source=weather_openmeteo;transport=wifi_poll,
plants.soil,2026-07-28T10:56:52.319Z,2026-07-28 05:56:52.319,25198,2a89d4,8gtt1h,0.7.3,fleet_logger_0_1,593040035,UMLIFE_v2_TLC555,ch2,origplant,soil_moisture,1265,,,OK,,,985.1,,name=c5off1;level=overwatered;role=disp;spread=11;gpio=5;device_seq=79070;time_source=device_synced;device_timestamp_utc=2026-07-28T10:56:31.964Z;config_id=170b1c1e;rssi=-56;uptime_s=593040;heap=152388;cal_tier=board-cal;cal_src=wet_rederive_1236_20260719;pressure_context_source=weather_openmeteo;transport=wifi_poll,
plants.soil,2026-07-28T10:56:52.319Z,2026-07-28 05:56:52.319,25199,2a89d4,8gtt1h,0.7.3,fleet_logger_0_1,593040035,UMLIFE_v2_TLC555,ch3,origplant,soil_moisture,1608,,,OK,,,985.1,,name=c5off1;level=OK;role=disp;spread=15;gpio=6;device_seq=79071;time_source=device_synced;device_timestamp_utc=2026-07-28T10:56:31.964Z;config_id=170b1c1e;rssi=-56;uptime_s=593040;heap=152388;cal_tier=board-cal;cal_src=wet_rederive_1236_20260719;pressure_context_source=weather_openmeteo;transport=wifi_poll,
plants.env,2026-07-28T10:56:52.319Z,2026-07-28 05:56:52.319,25200,2a89d4,8gtt1h,0.7.3,fleet_logger_0_1,593040719,ESP32,esp32_die,on_chip,die_temp,,23.70,degC,OK,,,,,name=c5off1;source=esp32_die;cal=uncalibrated_board_proxy;api=temperatureRead;config_id=170b1c1e;transport=wifi_poll,
plants.soil,2026-07-28T10:57:22.831Z,2026-07-28 05:57:22.831,25201,2a89d4,8gtt1h,0.7.3,fleet_logger_0_1,593070035,UMLIFE_v2_TLC555,ch0,origplant,soil_moisture,1232,,,OK,,,985.1,,name=c5off1;level=overwatered;role=disp;spread=11;gpio=1;device_seq=79072;time_source=device_synced;device_timestamp_utc=2026-07-28T10:57:01.964Z;config_id=170b1c1e;rssi=-56;uptime_s=593070;heap=152404;cal_tier=board-cal;cal_src=wet_rederive_1236_20260719;pressure_context_source=weather_openmeteo;transport=wifi_poll,
plants.soil,2026-07-28T10:57:22.831Z,2026-07-28 05:57:22.831,25202,2a89d4,8gtt1h,0.7.3,fleet_logger_0_1,593070035,UMLIFE_v2_TLC555,ch1,origplant,soil_moisture,1400,,,OK,,,985.1,,name=c5off1;level=well watered;role=disp;spread=18;gpio=4;device_seq=79073;time_source=device_synced;device_timestamp_utc=2026-07-28T10:57:01.964Z;config_id=170b1c1e;rssi=-56;uptime_s=593070;heap=152404;cal_tier=board-cal;cal_src=wet_rederive_1236_20260719;pressure_context_source=weather_openmeteo;transport=wifi_poll,
plants.soil,2026-07-28T10:57:22.831Z,2026-07-28 05:57:22.831,25203,2a89d4,8gtt1h,0.7.3,fleet_logger_0_1,593070035,UMLIFE_v2_TLC555,ch2,origplant,soil_moisture,1264,,,OK,,,985.1,,name=c5off1;level=overwatered;role=disp;spread=18;gpio=5;device_seq=79074;time_source=device_synced;device_timestamp_utc=2026-07-28T10:57:01.964Z;config_id=170b1c1e;rssi=-56;uptime_s=593070;heap=152404;cal_tier=board-cal;cal_src=wet_rederive_1236_20260719;pressure_context_source=weather_openmeteo;transport=wifi_poll,
plants.soil,2026-07-28T10:57:22.831Z,2026-07-28 05:57:22.831,25204,2a89d4,8gtt1h,0.7.3,fleet_logger_0_1,593070035,UMLIFE_v2_TLC555,ch3,origplant,soil_moisture,1612,,,OK,,,985.1,,name=c5off1;level=OK;role=disp;spread=30;gpio=6;device_seq=79075;time_source=device_synced;device_timestamp_utc=2026-07-28T10:57:01.964Z;config_id=170b1c1e;rssi=-56;uptime_s=593070;heap=152404;cal_tier=board-cal;cal_src=wet_rederive_1236_20260719;pressure_context_source=weather_openmeteo;transport=wifi_poll,
plants.env,2026-07-28T10:57:22.831Z,2026-07-28 05:57:22.831,25205,2a89d4,8gtt1h,0.7.3,fleet_logger_0_1,593070719,ESP32,esp32_die,on_chip,die_temp,,23.70,degC,OK,,,,,name=c5off1;source=esp32_die;cal=uncalibrated_board_proxy;api=temperatureRead;config_id=170b1c1e;transport=wifi_poll,
plants.soil,2026-07-28T10:58:25.397Z,2026-07-28 05:58:25.397,25206,2a89d4,8gtt1h,0.7.3,fleet_logger_0_1,593130035,UMLIFE_v2_TLC555,ch0,origplant,soil_moisture,1232,,,OK,,,985.1,,name=c5off1;level=overwatered;role=disp;spread=13;gpio=1;device_seq=79080;time_source=device_synced;device_timestamp_utc=2026-07-28T10:58:01.964Z;config_id=170b1c1e;rssi=-55;uptime_s=593130;heap=152488;cal_tier=board-cal;cal_src=wet_rederive_1236_20260719;pressure_context_source=weather_openmeteo;transport=wifi_poll,
plants.soil,2026-07-28T10:58:25.397Z,2026-07-28 05:58:25.397,25207,2a89d4,8gtt1h,0.7.3,fleet_logger_0_1,593130035,UMLIFE_v2_TLC555,ch1,origplant,soil_moisture,1397,,,OK,,,985.1,,name=c5off1;level=well watered;role=disp;spread=13;gpio=4;device_seq=79081;time_source=device_synced;device_timestamp_utc=2026-07-28T10:58:01.964Z;config_id=170b1c1e;rssi=-55;uptime_s=593130;heap=152488;cal_tier=board-cal;cal_src=wet_rederive_1236_20260719;pressure_context_source=weather_openmeteo;transport=wifi_poll,
plants.soil,2026-07-28T10:58:25.397Z,2026-07-28 05:58:25.397,25208,2a89d4,8gtt1h,0.7.3,fleet_logger_0_1,593130035,UMLIFE_v2_TLC555,ch2,origplant,soil_moisture,1265,,,OK,,,985.1,,name=c5off1;level=overwatered;role=disp;spread=12;gpio=5;device_seq=79082;time_source=device_synced;device_timestamp_utc=2026-07-28T10:58:01.964Z;config_id=170b1c1e;rssi=-55;uptime_s=593130;heap=152488;cal_tier=board-cal;cal_src=wet_rederive_1236_20260719;pressure_context_source=weather_openmeteo;transport=wifi_poll,
plants.soil,2026-07-28T10:58:25.397Z,2026-07-28 05:58:25.397,25209,2a89d4,8gtt1h,0.7.3,fleet_logger_0_1,593130035,UMLIFE_v2_TLC555,ch3,origplant,soil_moisture,1612,,,OK,,,985.1,,name=c5off1;level=OK;role=disp;spread=27;gpio=6;device_seq=79083;time_source=device_synced;device_timestamp_utc=2026-07-28T10:58:01.964Z;config_id=170b1c1e;rssi=-55;uptime_s=593130;heap=152488;cal_tier=board-cal;cal_src=wet_rederive_1236_20260719;pressure_context_source=weather_openmeteo;transport=wifi_poll,
plants.env,2026-07-28T10:58:25.397Z,2026-07-28 05:58:25.397,25210,2a89d4,8gtt1h,0.7.3,fleet_logger_0_1,593130719,ESP32,esp32_die,on_chip,die_temp,,23.70,degC,OK,,,,,name=c5off1;source=esp32_die;cal=uncalibrated_board_proxy;api=temperatureRead;config_id=170b1c1e;transport=wifi_poll,
plants.soil,2026-07-28T10:58:55.911Z,2026-07-28 05:58:55.911,25211,2a89d4,8gtt1h,0.7.3,fleet_logger_0_1,593160035,UMLIFE_v2_TLC555,ch0,origplant,soil_moisture,1225,,,OK,,,985.1,,name=c5off1;level=overwatered;role=disp;spread=16;gpio=1;device_seq=79084;time_source=device_synced;device_timestamp_utc=2026-07-28T10:58:31.964Z;config_id=170b1c1e;rssi=-55;uptime_s=593160;heap=152908;cal_tier=board-cal;cal_src=wet_rederive_1236_20260719;pressure_context_source=weather_openmeteo;transport=wifi_poll,
plants.soil,2026-07-28T10:58:55.911Z,2026-07-28 05:58:55.911,25212,2a89d4,8gtt1h,0.7.3,fleet_logger_0_1,593160035,UMLIFE_v2_TLC555,ch1,origplant,soil_moisture,1398,,,OK,,,985.1,,name=c5off1;level=well watered;role=disp;spread=23;gpio=4;device_seq=79085;time_source=device_synced;device_timestamp_utc=2026-07-28T10:58:31.964Z;config_id=170b1c1e;rssi=-55;uptime_s=593160;heap=152908;cal_tier=board-cal;cal_src=wet_rederive_1236_20260719;pressure_context_source=weather_openmeteo;transport=wifi_poll,
plants.soil,2026-07-28T10:58:55.911Z,2026-07-28 05:58:55.911,25213,2a89d4,8gtt1h,0.7.3,fleet_logger_0_1,593160035,UMLIFE_v2_TLC555,ch2,origplant,soil_moisture,1263,,,OK,,,985.1,,name=c5off1;level=overwatered;role=disp;spread=19;gpio=5;device_seq=79086;time_source=device_synced;device_timestamp_utc=2026-07-28T10:58:31.964Z;config_id=170b1c1e;rssi=-55;uptime_s=593160;heap=152908;cal_tier=board-cal;cal_src=wet_rederive_1236_20260719;pressure_context_source=weather_openmeteo;transport=wifi_poll,
plants.soil,2026-07-28T10:58:55.911Z,2026-07-28 05:58:55.911,25214,2a89d4,8gtt1h,0.7.3,fleet_logger_0_1,593160035,UMLIFE_v2_TLC555,ch3,origplant,soil_moisture,1611,,,OK,,,985.1,,name=c5off1;level=OK;role=disp;spread=22;gpio=6;device_seq=79087;time_source=device_synced;device_timestamp_utc=2026-07-28T10:58:31.964Z;config_id=170b1c1e;rssi=-55;uptime_s=593160;heap=152908;cal_tier=board-cal;cal_src=wet_rederive_1236_20260719;pressure_context_source=weather_openmeteo;transport=wifi_poll,
plants.env,2026-07-28T10:58:55.911Z,2026-07-28 05:58:55.911,25215,2a89d4,8gtt1h,0.7.3,fleet_logger_0_1,593160719,ESP32,esp32_die,on_chip,die_temp,,23.70,degC,OK,,,,,name=c5off1;source=esp32_die;cal=uncalibrated_board_proxy;api=temperatureRead;config_id=170b1c1e;transport=wifi_poll,
plants.soil,2026-07-28T10:59:26.324Z,2026-07-28 05:59:26.324,25216,2a89d4,8gtt1h,0.7.3,fleet_logger_0_1,593190035,UMLIFE_v2_TLC555,ch0,origplant,soil_moisture,1231,,,OK,,,985.1,,name=c5off1;level=overwatered;role=disp;spread=15;gpio=1;device_seq=79088;time_source=device_synced;device_timestamp_utc=2026-07-28T10:59:01.964Z;config_id=170b1c1e;rssi=-57;uptime_s=593190;heap=152900;cal_tier=board-cal;cal_src=wet_rederive_1236_20260719;pressure_context_source=weather_openmeteo;transport=wifi_poll,
plants.soil,2026-07-28T10:59:26.324Z,2026-07-28 05:59:26.324,25217,2a89d4,8gtt1h,0.7.3,fleet_logger_0_1,593190035,UMLIFE_v2_TLC555,ch1,origplant,soil_moisture,1398,,,OK,,,985.1,,name=c5off1;level=well watered;role=disp;spread=34;gpio=4;device_seq=79089;time_source=device_synced;device_timestamp_utc=2026-07-28T10:59:01.964Z;config_id=170b1c1e;rssi=-57;uptime_s=593190;heap=152900;cal_tier=board-cal;cal_src=wet_rederive_1236_20260719;pressure_context_source=weather_openmeteo;transport=wifi_poll,
plants.soil,2026-07-28T10:59:26.324Z,2026-07-28 05:59:26.324,25218,2a89d4,8gtt1h,0.7.3,fleet_logger_0_1,593190035,UMLIFE_v2_TLC555,ch2,origplant,soil_moisture,1265,,,OK,,,985.1,,name=c5off1;level=overwatered;role=disp;spread=11;gpio=5;device_seq=79090;time_source=device_synced;device_timestamp_utc=2026-07-28T10:59:01.964Z;config_id=170b1c1e;rssi=-57;uptime_s=593190;heap=152900;cal_tier=board-cal;cal_src=wet_rederive_1236_20260719;pressure_context_source=weather_openmeteo;transport=wifi_poll,
plants.soil,2026-07-28T10:59:26.324Z,2026-07-28 05:59:26.324,25219,2a89d4,8gtt1h,0.7.3,fleet_logger_0_1,593190035,UMLIFE_v2_TLC555,ch3,origplant,soil_moisture,1608,,,OK,,,985.1,,name=c5off1;level=OK;role=disp;spread=27;gpio=6;device_seq=79091;time_source=device_synced;device_timestamp_utc=2026-07-28T10:59:01.964Z;config_id=170b1c1e;rssi=-57;uptime_s=593190;heap=152900;cal_tier=board-cal;cal_src=wet_rederive_1236_20260719;pressure_context_source=weather_openmeteo;transport=wifi_poll,
plants.env,2026-07-28T10:59:26.324Z,2026-07-28 05:59:26.324,25220,2a89d4,8gtt1h,0.7.3,fleet_logger_0_1,593190719,ESP32,esp32_die,on_chip,die_temp,,23.70,degC,OK,,,,,name=c5off1;source=esp32_die;cal=uncalibrated_board_proxy;api=temperatureRead;config_id=170b1c1e;transport=wifi_poll,
plants.soil,2026-07-28T10:59:56.771Z,2026-07-28 05:59:56.771,25221,2a89d4,8gtt1h,0.7.3,fleet_logger_0_1,593220035,UMLIFE_v2_TLC555,ch0,origplant,soil_moisture,1231,,,OK,,,985.1,,name=c5off1;level=overwatered;role=disp;spread=12;gpio=1;device_seq=79092;time_source=device_synced;device_timestamp_utc=2026-07-28T10:59:31.964Z;config_id=170b1c1e;rssi=-56;uptime_s=593220;heap=152648;cal_tier=board-cal;cal_src=wet_rederive_1236_20260719;pressure_context_source=weather_openmeteo;transport=wifi_poll,
plants.soil,2026-07-28T10:59:56.771Z,2026-07-28 05:59:56.771,25222,2a89d4,8gtt1h,0.7.3,fleet_logger_0_1,593220035,UMLIFE_v2_TLC555,ch1,origplant,soil_moisture,1397,,,OK,,,985.1,,name=c5off1;level=well watered;role=disp;spread=29;gpio=4;device_seq=79093;time_source=device_synced;device_timestamp_utc=2026-07-28T10:59:31.964Z;config_id=170b1c1e;rssi=-56;uptime_s=593220;heap=152648;cal_tier=board-cal;cal_src=wet_rederive_1236_20260719;pressure_context_source=weather_openmeteo;transport=wifi_poll,
plants.soil,2026-07-28T10:59:56.771Z,2026-07-28 05:59:56.771,25223,2a89d4,8gtt1h,0.7.3,fleet_logger_0_1,593220035,UMLIFE_v2_TLC555,ch2,origplant,soil_moisture,1266,,,OK,,,985.1,,name=c5off1;level=overwatered;role=disp;spread=23;gpio=5;device_seq=79094;time_source=device_synced;device_timestamp_utc=2026-07-28T10:59:31.964Z;config_id=170b1c1e;rssi=-56;uptime_s=593220;heap=152648;cal_tier=board-cal;cal_src=wet_rederive_1236_20260719;pressure_context_source=weather_openmeteo;transport=wifi_poll,
plants.soil,2026-07-28T10:59:56.771Z,2026-07-28 05:59:56.771,25224,2a89d4,8gtt1h,0.7.3,fleet_logger_0_1,593220035,UMLIFE_v2_TLC555,ch3,origplant,soil_moisture,1611,,,OK,,,985.1,,name=c5off1;level=OK;role=disp;spread=27;gpio=6;device_seq=79095;time_source=device_synced;device_timestamp_utc=2026-07-28T10:59:31.964Z;config_id=170b1c1e;rssi=-56;uptime_s=593220;heap=152648;cal_tier=board-cal;cal_src=wet_rederive_1236_20260719;pressure_context_source=weather_openmeteo;transport=wifi_poll,
plants.env,2026-07-28T10:59:56.771Z,2026-07-28 05:59:56.771,25225,2a89d4,8gtt1h,0.7.3,fleet_logger_0_1,593220719,ESP32,esp32_die,on_chip,die_temp,,23.70,degC,OK,,,,,name=c5off1;source=esp32_die;cal=uncalibrated_board_proxy;api=temperatureRead;config_id=170b1c1e;transport=wifi_poll,
plants.soil,2026-07-28T11:00:27.046Z,2026-07-28 06:00:27.046,25226,2a89d4,8gtt1h,0.7.3,fleet_logger_0_1,593250035,UMLIFE_v2_TLC555,ch0,origplant,soil_moisture,1217,,,OK,,,985.1,,name=c5off1;level=overwatered;role=disp;spread=14;gpio=1;device_seq=79096;time_source=device_synced;device_timestamp_utc=2026-07-28T11:00:01.964Z;config_id=170b1c1e;rssi=-56;uptime_s=593250;heap=152404;cal_tier=board-cal;cal_src=wet_rederive_1236_20260719;pressure_context_source=weather_openmeteo;transport=wifi_poll,
plants.soil,2026-07-28T11:00:27.046Z,2026-07-28 06:00:27.046,25227,2a89d4,8gtt1h,0.7.3,fleet_logger_0_1,593250035,UMLIFE_v2_TLC555,ch1,origplant,soil_moisture,1389,,,OK,,,985.1,,name=c5off1;level=well watered;role=disp;spread=23;gpio=4;device_seq=79097;time_source=device_synced;device_timestamp_utc=2026-07-28T11:00:01.964Z;config_id=170b1c1e;rssi=-56;uptime_s=593250;heap=152404;cal_tier=board-cal;cal_src=wet_rederive_1236_20260719;pressure_context_source=weather_openmeteo;transport=wifi_poll,
plants.soil,2026-07-28T11:00:27.046Z,2026-07-28 06:00:27.046,25228,2a89d4,8gtt1h,0.7.3,fleet_logger_0_1,593250035,UMLIFE_v2_TLC555,ch2,origplant,soil_moisture,1264,,,OK,,,985.1,,name=c5off1;level=overwatered;role=disp;spread=11;gpio=5;device_seq=79098;time_source=device_synced;device_timestamp_utc=2026-07-28T11:00:01.964Z;config_id=170b1c1e;rssi=-56;uptime_s=593250;heap=152404;cal_tier=board-cal;cal_src=wet_rederive_1236_20260719;pressure_context_source=weather_openmeteo;transport=wifi_poll,
plants.soil,2026-07-28T11:00:27.046Z,2026-07-28 06:00:27.046,25229,2a89d4,8gtt1h,0.7.3,fleet_logger_0_1,593250035,UMLIFE_v2_TLC555,ch3,origplant,soil_moisture,1609,,,OK,,,985.1,,name=c5off1;level=OK;role=disp;spread=24;gpio=6;device_seq=79099;time_source=device_synced;device_timestamp_utc=2026-07-28T11:00:01.964Z;config_id=170b1c1e;rssi=-56;uptime_s=593250;heap=152404;cal_tier=board-cal;cal_src=wet_rederive_1236_20260719;pressure_context_source=weather_openmeteo;transport=wifi_poll,
plants.env,2026-07-28T11:00:27.046Z,2026-07-28 06:00:27.046,25230,2a89d4,8gtt1h,0.7.3,fleet_logger_0_1,593250719,ESP32,esp32_die,on_chip,die_temp,,23.70,degC,OK,,,,,name=c5off1;source=esp32_die;cal=uncalibrated_board_proxy;api=temperatureRead;config_id=170b1c1e;transport=wifi_poll,
plants.soil,2026-07-28T11:00:57.358Z,2026-07-28 06:00:57.358,25231,2a89d4,8gtt1h,0.7.3,fleet_logger_0_1,593280035,UMLIFE_v2_TLC555,ch0,origplant,soil_moisture,1215,,,OK,,,985.1,,name=c5off1;level=overwatered;role=disp;spread=7;gpio=1;device_seq=79100;time_source=device_synced;device_timestamp_utc=2026-07-28T11:00:31.964Z;config_id=170b1c1e;rssi=-56;uptime_s=593280;heap=152660;cal_tier=board-cal;cal_src=wet_rederive_1236_20260719;pressure_context_source=weather_openmeteo;transport=wifi_poll,
plants.soil,2026-07-28T11:00:57.358Z,2026-07-28 06:00:57.358,25232,2a89d4,8gtt1h,0.7.3,fleet_logger_0_1,593280035,UMLIFE_v2_TLC555,ch1,origplant,soil_moisture,1380,,,OK,,,985.1,,name=c5off1;level=well watered;role=disp;spread=12;gpio=4;device_seq=79101;time_source=device_synced;device_timestamp_utc=2026-07-28T11:00:31.964Z;config_id=170b1c1e;rssi=-56;uptime_s=593280;heap=152660;cal_tier=board-cal;cal_src=wet_rederive_1236_20260719;pressure_context_source=weather_openmeteo;transport=wifi_poll,
plants.soil,2026-07-28T11:00:57.358Z,2026-07-28 06:00:57.358,25233,2a89d4,8gtt1h,0.7.3,fleet_logger_0_1,593280035,UMLIFE_v2_TLC555,ch2,origplant,soil_moisture,1265,,,OK,,,985.1,,name=c5off1;level=overwatered;role=disp;spread=17;gpio=5;device_seq=79102;time_source=device_synced;device_timestamp_utc=2026-07-28T11:00:31.964Z;config_id=170b1c1e;rssi=-56;uptime_s=593280;heap=152660;cal_tier=board-cal;cal_src=wet_rederive_1236_20260719;pressure_context_source=weather_openmeteo;transport=wifi_poll,
plants.soil,2026-07-28T11:00:57.358Z,2026-07-28 06:00:57.358,25234,2a89d4,8gtt1h,0.7.3,fleet_logger_0_1,593280035,UMLIFE_v2_TLC555,ch3,origplant,soil_moisture,1611,,,OK,,,985.1,,name=c5off1;level=OK;role=disp;spread=16;gpio=6;device_seq=79103;time_source=device_synced;device_timestamp_utc=2026-07-28T11:00:31.964Z;config_id=170b1c1e;rssi=-56;uptime_s=593280;heap=152660;cal_tier=board-cal;cal_src=wet_rederive_1236_20260719;pressure_context_source=weather_openmeteo;transport=wifi_poll,
plants.env,2026-07-28T11:00:57.358Z,2026-07-28 06:00:57.358,25235,2a89d4,8gtt1h,0.7.3,fleet_logger_0_1,593280719,ESP32,esp32_die,on_chip,die_temp,,23.70,degC,OK,,,,,name=c5off1;source=esp32_die;cal=uncalibrated_board_proxy;api=temperatureRead;config_id=170b1c1e;transport=wifi_poll,
plants.soil,2026-07-28T11:01:27.774Z,2026-07-28 06:01:27.774,25236,2a89d4,8gtt1h,0.7.3,fleet_logger_0_1,593310035,UMLIFE_v2_TLC555,ch0,origplant,soil_moisture,1217,,,OK,,,985.1,,name=c5off1;level=overwatered;role=disp;spread=14;gpio=1;device_seq=79104;time_source=device_synced;device_timestamp_utc=2026-07-28T11:01:01.964Z;config_id=170b1c1e;rssi=-58;uptime_s=593310;heap=152660;cal_tier=board-cal;cal_src=wet_rederive_1236_20260719;pressure_context_source=weather_openmeteo;transport=wifi_poll,
plants.soil,2026-07-28T11:01:27.774Z,2026-07-28 06:01:27.774,25237,2a89d4,8gtt1h,0.7.3,fleet_logger_0_1,593310035,UMLIFE_v2_TLC555,ch1,origplant,soil_moisture,1381,,,OK,,,985.1,,name=c5off1;level=well watered;role=disp;spread=34;gpio=4;device_seq=79105;time_source=device_synced;device_timestamp_utc=2026-07-28T11:01:01.964Z;config_id=170b1c1e;rssi=-58;uptime_s=593310;heap=152660;cal_tier=board-cal;cal_src=wet_rederive_1236_20260719;pressure_context_source=weather_openmeteo;transport=wifi_poll,
plants.soil,2026-07-28T11:01:27.774Z,2026-07-28 06:01:27.774,25238,2a89d4,8gtt1h,0.7.3,fleet_logger_0_1,593310035,UMLIFE_v2_TLC555,ch2,origplant,soil_moisture,1264,,,OK,,,985.1,,name=c5off1;level=overwatered;role=disp;spread=15;gpio=5;device_seq=79106;time_source=device_synced;device_timestamp_utc=2026-07-28T11:01:01.964Z;config_id=170b1c1e;rssi=-58;uptime_s=593310;heap=152660;cal_tier=board-cal;cal_src=wet_rederive_1236_20260719;pressure_context_source=weather_openmeteo;transport=wifi_poll,
plants.soil,2026-07-28T11:01:27.774Z,2026-07-28 06:01:27.774,25239,2a89d4,8gtt1h,0.7.3,fleet_logger_0_1,593310035,UMLIFE_v2_TLC555,ch3,origplant,soil_moisture,1591,,,OK,,,985.1,,name=c5off1;level=OK;role=disp;spread=27;gpio=6;device_seq=79107;time_source=device_synced;device_timestamp_utc=2026-07-28T11:01:01.964Z;config_id=170b1c1e;rssi=-58;uptime_s=593310;heap=152660;cal_tier=board-cal;cal_src=wet_rederive_1236_20260719;pressure_context_source=weather_openmeteo;transport=wifi_poll,
plants.env,2026-07-28T11:01:27.774Z,2026-07-28 06:01:27.774,25240,2a89d4,8gtt1h,0.7.3,fleet_logger_0_1,593310719,ESP32,esp32_die,on_chip,die_temp,,23.70,degC,OK,,,,,name=c5off1;source=esp32_die;cal=uncalibrated_board_proxy;api=temperatureRead;config_id=170b1c1e;transport=wifi_poll,
plants.soil,2026-07-28T11:01:58.036Z,2026-07-28 06:01:58.036,25241,2a89d4,8gtt1h,0.7.3,fleet_logger_0_1,593340035,UMLIFE_v2_TLC555,ch0,origplant,soil_moisture,1218,,,OK,,,985.1,,name=c5off1;level=overwatered;role=disp;spread=10;gpio=1;device_seq=79108;time_source=device_synced;device_timestamp_utc=2026-07-28T11:01:31.964Z;config_id=170b1c1e;rssi=-57;uptime_s=593340;heap=153172;cal_tier=board-cal;cal_src=wet_rederive_1236_20260719;pressure_context_source=weather_openmeteo;transport=wifi_poll,
plants.soil,2026-07-28T11:01:58.036Z,2026-07-28 06:01:58.036,25242,2a89d4,8gtt1h,0.7.3,fleet_logger_0_1,593340035,UMLIFE_v2_TLC555,ch1,origplant,soil_moisture,1382,,,OK,,,985.1,,name=c5off1;level=well watered;role=disp;spread=10;gpio=4;device_seq=79109;time_source=device_synced;device_timestamp_utc=2026-07-28T11:01:31.964Z;config_id=170b1c1e;rssi=-57;uptime_s=593340;heap=153172;cal_tier=board-cal;cal_src=wet_rederive_1236_20260719;pressure_context_source=weather_openmeteo;transport=wifi_poll,
plants.soil,2026-07-28T11:01:58.036Z,2026-07-28 06:01:58.036,25243,2a89d4,8gtt1h,0.7.3,fleet_logger_0_1,593340035,UMLIFE_v2_TLC555,ch2,origplant,soil_moisture,1264,,,OK,,,985.1,,name=c5off1;level=overwatered;role=disp;spread=15;gpio=5;device_seq=79110;time_source=device_synced;device_timestamp_utc=2026-07-28T11:01:31.964Z;config_id=170b1c1e;rssi=-57;uptime_s=593340;heap=153172;cal_tier=board-cal;cal_src=wet_rederive_1236_20260719;pressure_context_source=weather_openmeteo;transport=wifi_poll,
plants.soil,2026-07-28T11:01:58.036Z,2026-07-28 06:01:58.036,25244,2a89d4,8gtt1h,0.7.3,fleet_logger_0_1,593340035,UMLIFE_v2_TLC555,ch3,origplant,soil_moisture,1594,,,OK,,,985.1,,name=c5off1;level=OK;role=disp;spread=37;gpio=6;device_seq=79111;time_source=device_synced;device_timestamp_utc=2026-07-28T11:01:31.964Z;config_id=170b1c1e;rssi=-57;uptime_s=593340;heap=153172;cal_tier=board-cal;cal_src=wet_rederive_1236_20260719;pressure_context_source=weather_openmeteo;transport=wifi_poll,
plants.env,2026-07-28T11:01:58.036Z,2026-07-28 06:01:58.036,25245,2a89d4,8gtt1h,0.7.3,fleet_logger_0_1,593340719,ESP32,esp32_die,on_chip,die_temp,,23.70,degC,OK,,,,,name=c5off1;source=esp32_die;cal=uncalibrated_board_proxy;api=temperatureRead;config_id=170b1c1e;transport=wifi_poll,
plants.soil,2026-07-28T11:02:28.323Z,2026-07-28 06:02:28.323,25246,2a89d4,8gtt1h,0.7.3,fleet_logger_0_1,593370035,UMLIFE_v2_TLC555,ch0,origplant,soil_moisture,1224,,,OK,,,985.1,,name=c5off1;level=overwatered;role=disp;spread=7;gpio=1;device_seq=79112;time_source=device_synced;device_timestamp_utc=2026-07-28T11:02:01.964Z;config_id=170b1c1e;rssi=-56;uptime_s=593370;heap=153172;cal_tier=board-cal;cal_src=wet_rederive_1236_20260719;pressure_context_source=weather_openmeteo;transport=wifi_poll,
plants.soil,2026-07-28T11:02:28.323Z,2026-07-28 06:02:28.323,25247,2a89d4,8gtt1h,0.7.3,fleet_logger_0_1,593370035,UMLIFE_v2_TLC555,ch1,origplant,soil_moisture,1384,,,OK,,,985.1,,name=c5off1;level=well watered;role=disp;spread=17;gpio=4;device_seq=79113;time_source=device_synced;device_timestamp_utc=2026-07-28T11:02:01.964Z;config_id=170b1c1e;rssi=-56;uptime_s=593370;heap=153172;cal_tier=board-cal;cal_src=wet_rederive_1236_20260719;pressure_context_source=weather_openmeteo;transport=wifi_poll,
plants.soil,2026-07-28T11:02:28.323Z,2026-07-28 06:02:28.323,25248,2a89d4,8gtt1h,0.7.3,fleet_logger_0_1,593370035,UMLIFE_v2_TLC555,ch2,origplant,soil_moisture,1264,,,OK,,,985.1,,name=c5off1;level=overwatered;role=disp;spread=12;gpio=5;device_seq=79114;time_source=device_synced;device_timestamp_utc=2026-07-28T11:02:01.964Z;config_id=170b1c1e;rssi=-56;uptime_s=593370;heap=153172;cal_tier=board-cal;cal_src=wet_rederive_1236_20260719;pressure_context_source=weather_openmeteo;transport=wifi_poll,
plants.soil,2026-07-28T11:02:28.323Z,2026-07-28 06:02:28.323,25249,2a89d4,8gtt1h,0.7.3,fleet_logger_0_1,593370035,UMLIFE_v2_TLC555,ch3,origplant,soil_moisture,1596,,,OK,,,985.1,,name=c5off1;level=OK;role=disp;spread=15;gpio=6;device_seq=79115;time_source=device_synced;device_timestamp_utc=2026-07-28T11:02:01.964Z;config_id=170b1c1e;rssi=-56;uptime_s=593370;heap=153172;cal_tier=board-cal;cal_src=wet_rederive_1236_20260719;pressure_context_source=weather_openmeteo;transport=wifi_poll,
plants.env,2026-07-28T11:02:28.323Z,2026-07-28 06:02:28.323,25250,2a89d4,8gtt1h,0.7.3,fleet_logger_0_1,593370719,ESP32,esp32_die,on_chip,die_temp,,23.70,degC,OK,,,,,name=c5off1;source=esp32_die;cal=uncalibrated_board_proxy;api=temperatureRead;config_id=170b1c1e;transport=wifi_poll,
plants.soil,2026-07-28T11:03:00.647Z,2026-07-28 06:03:00.647,25251,2a89d4,8gtt1h,0.7.3,fleet_logger_0_1,593400035,UMLIFE_v2_TLC555,ch0,origplant,soil_moisture,1232,,,OK,,,985.1,,name=c5off1;level=overwatered;role=disp;spread=14;gpio=1;device_seq=79116;time_source=device_synced;device_timestamp_utc=2026-07-28T11:02:31.964Z;config_id=170b1c1e;rssi=-58;uptime_s=593400;heap=152916;cal_tier=board-cal;cal_src=wet_rederive_1236_20260719;pressure_context_source=weather_openmeteo;transport=wifi_poll,
plants.soil,2026-07-28T11:03:00.647Z,2026-07-28 06:03:00.647,25252,2a89d4,8gtt1h,0.7.3,fleet_logger_0_1,593400035,UMLIFE_v2_TLC555,ch1,origplant,soil_moisture,1386,,,OK,,,985.1,,name=c5off1;level=well watered;role=disp;spread=16;gpio=4;device_seq=79117;time_source=device_synced;device_timestamp_utc=2026-07-28T11:02:31.964Z;config_id=170b1c1e;rssi=-58;uptime_s=593400;heap=152916;cal_tier=board-cal;cal_src=wet_rederive_1236_20260719;pressure_context_source=weather_openmeteo;transport=wifi_poll,
plants.soil,2026-07-28T11:03:00.647Z,2026-07-28 06:03:00.647,25253,2a89d4,8gtt1h,0.7.3,fleet_logger_0_1,593400035,UMLIFE_v2_TLC555,ch2,origplant,soil_moisture,1265,,,OK,,,985.1,,name=c5off1;level=overwatered;role=disp;spread=12;gpio=5;device_seq=79118;time_source=device_synced;device_timestamp_utc=2026-07-28T11:02:31.964Z;config_id=170b1c1e;rssi=-58;uptime_s=593400;heap=152916;cal_tier=board-cal;cal_src=wet_rederive_1236_20260719;pressure_context_source=weather_openmeteo;transport=wifi_poll,
plants.soil,2026-07-28T11:03:00.647Z,2026-07-28 06:03:00.647,25254,2a89d4,8gtt1h,0.7.3,fleet_logger_0_1,593400035,UMLIFE_v2_TLC555,ch3,origplant,soil_moisture,1593,,,OK,,,985.1,,name=c5off1;level=OK;role=disp;spread=8;gpio=6;device_seq=79119;time_source=device_synced;device_timestamp_utc=2026-07-28T11:02:31.964Z;config_id=170b1c1e;rssi=-58;uptime_s=593400;heap=152916;cal_tier=board-cal;cal_src=wet_rederive_1236_20260719;pressure_context_source=weather_openmeteo;transport=wifi_poll,
plants.env,2026-07-28T11:03:00.647Z,2026-07-28 06:03:00.647,25255,2a89d4,8gtt1h,0.7.3,fleet_logger_0_1,593401819,ESP32,esp32_die,on_chip,die_temp,,23.70,degC,OK,,,,,name=c5off1;source=esp32_die;cal=uncalibrated_board_proxy;api=temperatureRead;config_id=170b1c1e;transport=wifi_poll,
plants.soil,2026-07-28T11:03:30.916Z,2026-07-28 06:03:30.916,25256,2a89d4,8gtt1h,0.7.3,fleet_logger_0_1,593430035,UMLIFE_v2_TLC555,ch0,origplant,soil_moisture,1234,,,OK,,,985.1,,name=c5off1;level=overwatered;role=disp;spread=13;gpio=1;device_seq=79120;time_source=device_synced;device_timestamp_utc=2026-07-28T11:03:01.964Z;config_id=170b1c1e;rssi=-56;uptime_s=593430;heap=152868;cal_tier=board-cal;cal_src=wet_rederive_1236_20260719;pressure_context_source=weather_openmeteo;transport=wifi_poll,
plants.soil,2026-07-28T11:03:30.916Z,2026-07-28 06:03:30.916,25257,2a89d4,8gtt1h,0.7.3,fleet_logger_0_1,593430035,UMLIFE_v2_TLC555,ch1,origplant,soil_moisture,1396,,,OK,,,985.1,,name=c5off1;level=well watered;role=disp;spread=20;gpio=4;device_seq=79121;time_source=device_synced;device_timestamp_utc=2026-07-28T11:03:01.964Z;config_id=170b1c1e;rssi=-56;uptime_s=593430;heap=152868;cal_tier=board-cal;cal_src=wet_rederive_1236_20260719;pressure_context_source=weather_openmeteo;transport=wifi_poll,
plants.soil,2026-07-28T11:03:30.916Z,2026-07-28 06:03:30.916,25258,2a89d4,8gtt1h,0.7.3,fleet_logger_0_1,593430035,UMLIFE_v2_TLC555,ch2,origplant,soil_moisture,1265,,,OK,,,985.1,,name=c5off1;level=overwatered;role=disp;spread=8;gpio=5;device_seq=79122;time_source=device_synced;device_timestamp_utc=2026-07-28T11:03:01.964Z;config_id=170b1c1e;rssi=-56;uptime_s=593430;heap=152868;cal_tier=board-cal;cal_src=wet_rederive_1236_20260719;pressure_context_source=weather_openmeteo;transport=wifi_poll,
plants.soil,2026-07-28T11:03:30.916Z,2026-07-28 06:03:30.916,25259,2a89d4,8gtt1h,0.7.3,fleet_logger_0_1,593430035,UMLIFE_v2_TLC555,ch3,origplant,soil_moisture,1596,,,OK,,,985.1,,name=c5off1;level=OK;role=disp;spread=24;gpio=6;device_seq=79123;time_source=device_synced;device_timestamp_utc=2026-07-28T11:03:01.964Z;config_id=170b1c1e;rssi=-56;uptime_s=593430;heap=152868;cal_tier=board-cal;cal_src=wet_rederive_1236_20260719;pressure_context_source=weather_openmeteo;transport=wifi_poll,
plants.env,2026-07-28T11:03:30.916Z,2026-07-28 06:03:30.916,25260,2a89d4,8gtt1h,0.7.3,fleet_logger_0_1,593430719,ESP32,esp32_die,on_chip,die_temp,,23.70,degC,OK,,,,,name=c5off1;source=esp32_die;cal=uncalibrated_board_proxy;api=temperatureRead;config_id=170b1c1e;transport=wifi_poll,
plants.soil,2026-07-28T11:04:01.371Z,2026-07-28 06:04:01.371,25261,2a89d4,8gtt1h,0.7.3,fleet_logger_0_1,593460035,UMLIFE_v2_TLC555,ch0,origplant,soil_moisture,1234,,,OK,,,985.1,,name=c5off1;level=overwatered;role=disp;spread=8;gpio=1;device_seq=79124;time_source=device_synced;device_timestamp_utc=2026-07-28T11:03:31.964Z;config_id=170b1c1e;rssi=-48;uptime_s=593460;heap=152612;cal_tier=board-cal;cal_src=wet_rederive_1236_20260719;pressure_context_source=weather_openmeteo;transport=wifi_poll,
plants.soil,2026-07-28T11:04:01.371Z,2026-07-28 06:04:01.371,25262,2a89d4,8gtt1h,0.7.3,fleet_logger_0_1,593460035,UMLIFE_v2_TLC555,ch1,origplant,soil_moisture,1399,,,OK,,,985.1,,name=c5off1;level=well watered;role=disp;spread=18;gpio=4;device_seq=79125;time_source=device_synced;device_timestamp_utc=2026-07-28T11:03:31.964Z;config_id=170b1c1e;rssi=-48;uptime_s=593460;heap=152612;cal_tier=board-cal;cal_src=wet_rederive_1236_20260719;pressure_context_source=weather_openmeteo;transport=wifi_poll,
plants.soil,2026-07-28T11:04:01.371Z,2026-07-28 06:04:01.371,25263,2a89d4,8gtt1h,0.7.3,fleet_logger_0_1,593460035,UMLIFE_v2_TLC555,ch2,origplant,soil_moisture,1264,,,OK,,,985.1,,name=c5off1;level=overwatered;role=disp;spread=14;gpio=5;device_seq=79126;time_source=device_synced;device_timestamp_utc=2026-07-28T11:03:31.964Z;config_id=170b1c1e;rssi=-48;uptime_s=593460;heap=152612;cal_tier=board-cal;cal_src=wet_rederive_1236_20260719;pressure_context_source=weather_openmeteo;transport=wifi_poll,
plants.soil,2026-07-28T11:04:01.371Z,2026-07-28 06:04:01.371,25264,2a89d4,8gtt1h,0.7.3,fleet_logger_0_1,593460035,UMLIFE_v2_TLC555,ch3,origplant,soil_moisture,1597,,,OK,,,985.1,,name=c5off1;level=OK;role=disp;spread=20;gpio=6;device_seq=79127;time_source=device_synced;device_timestamp_utc=2026-07-28T11:03:31.964Z;config_id=170b1c1e;rssi=-48;uptime_s=593460;heap=152612;cal_tier=board-cal;cal_src=wet_rederive_1236_20260719;pressure_context_source=weather_openmeteo;transport=wifi_poll,
plants.env,2026-07-28T11:04:01.371Z,2026-07-28 06:04:01.371,25265,2a89d4,8gtt1h,0.7.3,fleet_logger_0_1,593460719,ESP32,esp32_die,on_chip,die_temp,,23.70,degC,OK,,,,,name=c5off1;source=esp32_die;cal=uncalibrated_board_proxy;api=temperatureRead;config_id=170b1c1e;transport=wifi_poll,
plants.soil,2026-07-28T11:04:32.407Z,2026-07-28 06:04:32.407,25266,2a89d4,8gtt1h,0.7.3,fleet_logger_0_1,593520035,UMLIFE_v2_TLC555,ch0,origplant,soil_moisture,1232,,,OK,,,985.1,,name=c5off1;level=overwatered;role=disp;spread=9;gpio=1;device_seq=79132;time_source=device_synced;device_timestamp_utc=2026-07-28T11:04:31.964Z;config_id=170b1c1e;rssi=-54;uptime_s=593520;heap=152856;cal_tier=board-cal;cal_src=wet_rederive_1236_20260719;pressure_context_source=weather_openmeteo;transport=wifi_poll,
plants.soil,2026-07-28T11:04:32.407Z,2026-07-28 06:04:32.407,25267,2a89d4,8gtt1h,0.7.3,fleet_logger_0_1,593520035,UMLIFE_v2_TLC555,ch1,origplant,soil_moisture,1397,,,OK,,,985.1,,name=c5off1;level=well watered;role=disp;spread=15;gpio=4;device_seq=79133;time_source=device_synced;device_timestamp_utc=2026-07-28T11:04:31.964Z;config_id=170b1c1e;rssi=-54;uptime_s=593520;heap=152856;cal_tier=board-cal;cal_src=wet_rederive_1236_20260719;pressure_context_source=weather_openmeteo;transport=wifi_poll,
plants.soil,2026-07-28T11:04:32.407Z,2026-07-28 06:04:32.407,25268,2a89d4,8gtt1h,0.7.3,fleet_logger_0_1,593520035,UMLIFE_v2_TLC555,ch2,origplant,soil_moisture,1264,,,OK,,,985.1,,name=c5off1;level=overwatered;role=disp;spread=16;gpio=5;device_seq=79134;time_source=device_synced;device_timestamp_utc=2026-07-28T11:04:31.964Z;config_id=170b1c1e;rssi=-54;uptime_s=593520;heap=152856;cal_tier=board-cal;cal_src=wet_rederive_1236_20260719;pressure_context_source=weather_openmeteo;transport=wifi_poll,
plants.soil,2026-07-28T11:04:32.407Z,2026-07-28 06:04:32.407,25269,2a89d4,8gtt1h,0.7.3,fleet_logger_0_1,593520035,UMLIFE_v2_TLC555,ch3,origplant,soil_moisture,1609,,,OK,,,985.1,,name=c5off1;level=OK;role=disp;spread=17;gpio=6;device_seq=79135;time_source=device_synced;device_timestamp_utc=2026-07-28T11:04:31.964Z;config_id=170b1c1e;rssi=-54;uptime_s=593520;heap=152856;cal_tier=board-cal;cal_src=wet_rederive_1236_20260719;pressure_context_source=weather_openmeteo;transport=wifi_poll,
plants.env,2026-07-28T11:04:32.407Z,2026-07-28 06:04:32.407,25270,2a89d4,8gtt1h,0.7.3,fleet_logger_0_1,593520719,ESP32,esp32_die,on_chip,die_temp,,23.70,degC,OK,,,,,name=c5off1;source=esp32_die;cal=uncalibrated_board_proxy;api=temperatureRead;config_id=170b1c1e;transport=wifi_poll,
plants.soil,2026-07-28T11:05:02.865Z,2026-07-28 06:05:02.865,25271,2a89d4,8gtt1h,0.7.3,fleet_logger_0_1,593550035,UMLIFE_v2_TLC555,ch0,origplant,soil_moisture,1233,,,OK,,,985.1,,name=c5off1;level=overwatered;role=disp;spread=13;gpio=1;device_seq=79136;time_source=device_synced;device_timestamp_utc=2026-07-28T11:05:01.964Z;config_id=170b1c1e;rssi=-55;uptime_s=593550;heap=152868;cal_tier=board-cal;cal_src=wet_rederive_1236_20260719;pressure_context_source=weather_openmeteo;transport=wifi_poll,
plants.soil,2026-07-28T11:05:02.865Z,2026-07-28 06:05:02.865,25272,2a89d4,8gtt1h,0.7.3,fleet_logger_0_1,593550035,UMLIFE_v2_TLC555,ch1,origplant,soil_moisture,1397,,,OK,,,985.1,,name=c5off1;level=well watered;role=disp;spread=22;gpio=4;device_seq=79137;time_source=device_synced;device_timestamp_utc=2026-07-28T11:05:01.964Z;config_id=170b1c1e;rssi=-55;uptime_s=593550;heap=152868;cal_tier=board-cal;cal_src=wet_rederive_1236_20260719;pressure_context_source=weather_openmeteo;transport=wifi_poll,
plants.soil,2026-07-28T11:05:02.865Z,2026-07-28 06:05:02.865,25273,2a89d4,8gtt1h,0.7.3,fleet_logger_0_1,593550035,UMLIFE_v2_TLC555,ch2,origplant,soil_moisture,1265,,,OK,,,985.1,,name=c5off1;level=overwatered;role=disp;spread=9;gpio=5;device_seq=79138;time_source=device_synced;device_timestamp_utc=2026-07-28T11:05:01.964Z;config_id=170b1c1e;rssi=-55;uptime_s=593550;heap=152868;cal_tier=board-cal;cal_src=wet_rederive_1236_20260719;pressure_context_source=weather_openmeteo;transport=wifi_poll,
plants.soil,2026-07-28T11:05:02.865Z,2026-07-28 06:05:02.865,25274,2a89d4,8gtt1h,0.7.3,fleet_logger_0_1,593550035,UMLIFE_v2_TLC555,ch3,origplant,soil_moisture,1610,,,OK,,,985.1,,name=c5off1;level=OK;role=disp;spread=16;gpio=6;device_seq=79139;time_source=device_synced;device_timestamp_utc=2026-07-28T11:05:01.964Z;config_id=170b1c1e;rssi=-55;uptime_s=593550;heap=152868;cal_tier=board-cal;cal_src=wet_rederive_1236_20260719;pressure_context_source=weather_openmeteo;transport=wifi_poll,
plants.env,2026-07-28T11:05:02.865Z,2026-07-28 06:05:02.865,25275,2a89d4,8gtt1h,0.7.3,fleet_logger_0_1,593550719,ESP32,esp32_die,on_chip,die_temp,,23.70,degC,OK,,,,,name=c5off1;source=esp32_die;cal=uncalibrated_board_proxy;api=temperatureRead;config_id=170b1c1e;transport=wifi_poll,
plants.soil,2026-07-28T11:05:33.076Z,2026-07-28 06:05:33.076,25276,2a89d4,8gtt1h,0.7.3,fleet_logger_0_1,593580035,UMLIFE_v2_TLC555,ch0,origplant,soil_moisture,1233,,,OK,,,985.1,,name=c5off1;level=overwatered;role=disp;spread=18;gpio=1;device_seq=79140;time_source=device_synced;device_timestamp_utc=2026-07-28T11:05:31.964Z;config_id=170b1c1e;rssi=-55;uptime_s=593580;heap=152644;cal_tier=board-cal;cal_src=wet_rederive_1236_20260719;pressure_context_source=weather_openmeteo;transport=wifi_poll,
plants.soil,2026-07-28T11:05:33.076Z,2026-07-28 06:05:33.076,25277,2a89d4,8gtt1h,0.7.3,fleet_logger_0_1,593580035,UMLIFE_v2_TLC555,ch1,origplant,soil_moisture,1398,,,OK,,,985.1,,name=c5off1;level=well watered;role=disp;spread=20;gpio=4;device_seq=79141;time_source=device_synced;device_timestamp_utc=2026-07-28T11:05:31.964Z;config_id=170b1c1e;rssi=-55;uptime_s=593580;heap=152644;cal_tier=board-cal;cal_src=wet_rederive_1236_20260719;pressure_context_source=weather_openmeteo;transport=wifi_poll,
plants.soil,2026-07-28T11:05:33.076Z,2026-07-28 06:05:33.076,25278,2a89d4,8gtt1h,0.7.3,fleet_logger_0_1,593580035,UMLIFE_v2_TLC555,ch2,origplant,soil_moisture,1265,,,OK,,,985.1,,name=c5off1;level=overwatered;role=disp;spread=17;gpio=5;device_seq=79142;time_source=device_synced;device_timestamp_utc=2026-07-28T11:05:31.964Z;config_id=170b1c1e;rssi=-55;uptime_s=593580;heap=152644;cal_tier=board-cal;cal_src=wet_rederive_1236_20260719;pressure_context_source=weather_openmeteo;transport=wifi_poll,
plants.soil,2026-07-28T11:05:33.076Z,2026-07-28 06:05:33.076,25279,2a89d4,8gtt1h,0.7.3,fleet_logger_0_1,593580035,UMLIFE_v2_TLC555,ch3,origplant,soil_moisture,1611,,,OK,,,985.1,,name=c5off1;level=OK;role=disp;spread=16;gpio=6;device_seq=79143;time_source=device_synced;device_timestamp_utc=2026-07-28T11:05:31.964Z;config_id=170b1c1e;rssi=-55;uptime_s=593580;heap=152644;cal_tier=board-cal;cal_src=wet_rederive_1236_20260719;pressure_context_source=weather_openmeteo;transport=wifi_poll,
plants.env,2026-07-28T11:05:33.076Z,2026-07-28 06:05:33.076,25280,2a89d4,8gtt1h,0.7.3,fleet_logger_0_1,593580719,ESP32,esp32_die,on_chip,die_temp,,23.70,degC,OK,,,,,name=c5off1;source=esp32_die;cal=uncalibrated_board_proxy;api=temperatureRead;config_id=170b1c1e;transport=wifi_poll,
plants.soil,2026-07-28T11:06:03.329Z,2026-07-28 06:06:03.329,25281,2a89d4,8gtt1h,0.7.3,fleet_logger_0_1,593610035,UMLIFE_v2_TLC555,ch0,origplant,soil_moisture,1233,,,OK,,,985.1,,name=c5off1;level=overwatered;role=disp;spread=17;gpio=1;device_seq=79144;time_source=device_synced;device_timestamp_utc=2026-07-28T11:06:01.964Z;config_id=170b1c1e;rssi=-56;uptime_s=593610;heap=152612;cal_tier=board-cal;cal_src=wet_rederive_1236_20260719;pressure_context_source=weather_openmeteo;transport=wifi_poll,
plants.soil,2026-07-28T11:06:03.329Z,2026-07-28 06:06:03.329,25282,2a89d4,8gtt1h,0.7.3,fleet_logger_0_1,593610035,UMLIFE_v2_TLC555,ch1,origplant,soil_moisture,1400,,,OK,,,985.1,,name=c5off1;level=well watered;role=disp;spread=16;gpio=4;device_seq=79145;time_source=device_synced;device_timestamp_utc=2026-07-28T11:06:01.964Z;config_id=170b1c1e;rssi=-56;uptime_s=593610;heap=152612;cal_tier=board-cal;cal_src=wet_rederive_1236_20260719;pressure_context_source=weather_openmeteo;transport=wifi_poll,
plants.soil,2026-07-28T11:06:03.329Z,2026-07-28 06:06:03.329,25283,2a89d4,8gtt1h,0.7.3,fleet_logger_0_1,593610035,UMLIFE_v2_TLC555,ch2,origplant,soil_moisture,1264,,,OK,,,985.1,,name=c5off1;level=overwatered;role=disp;spread=10;gpio=5;device_seq=79146;time_source=device_synced;device_timestamp_utc=2026-07-28T11:06:01.964Z;config_id=170b1c1e;rssi=-56;uptime_s=593610;heap=152612;cal_tier=board-cal;cal_src=wet_rederive_1236_20260719;pressure_context_source=weather_openmeteo;transport=wifi_poll,
plants.soil,2026-07-28T11:06:03.329Z,2026-07-28 06:06:03.329,25284,2a89d4,8gtt1h,0.7.3,fleet_logger_0_1,593610035,UMLIFE_v2_TLC555,ch3,origplant,soil_moisture,1613,,,OK,,,985.1,,name=c5off1;level=OK;role=disp;spread=9;gpio=6;device_seq=79147;time_source=device_synced;device_timestamp_utc=2026-07-28T11:06:01.964Z;config_id=170b1c1e;rssi=-56;uptime_s=593610;heap=152612;cal_tier=board-cal;cal_src=wet_rederive_1236_20260719;pressure_context_source=weather_openmeteo;transport=wifi_poll,
plants.env,2026-07-28T11:06:03.329Z,2026-07-28 06:06:03.329,25285,2a89d4,8gtt1h,0.7.3,fleet_logger_0_1,593610719,ESP32,esp32_die,on_chip,die_temp,,23.70,degC,OK,,,,,name=c5off1;source=esp32_die;cal=uncalibrated_board_proxy;api=temperatureRead;config_id=170b1c1e;transport=wifi_poll,
plants.soil,2026-07-28T11:06:33.704Z,2026-07-28 06:06:33.704,25286,2a89d4,8gtt1h,0.7.3,fleet_logger_0_1,593640035,UMLIFE_v2_TLC555,ch0,origplant,soil_moisture,1231,,,OK,,,985.1,,name=c5off1;level=overwatered;role=disp;spread=7;gpio=1;device_seq=79148;time_source=device_synced;device_timestamp_utc=2026-07-28T11:06:31.964Z;config_id=170b1c1e;rssi=-55;uptime_s=593640;heap=152644;cal_tier=board-cal;cal_src=wet_rederive_1236_20260719;pressure_context_source=weather_openmeteo;transport=wifi_poll,
plants.soil,2026-07-28T11:06:33.704Z,2026-07-28 06:06:33.704,25287,2a89d4,8gtt1h,0.7.3,fleet_logger_0_1,593640035,UMLIFE_v2_TLC555,ch1,origplant,soil_moisture,1397,,,OK,,,985.1,,name=c5off1;level=well watered;role=disp;spread=34;gpio=4;device_seq=79149;time_source=device_synced;device_timestamp_utc=2026-07-28T11:06:31.964Z;config_id=170b1c1e;rssi=-55;uptime_s=593640;heap=152644;cal_tier=board-cal;cal_src=wet_rederive_1236_20260719;pressure_context_source=weather_openmeteo;transport=wifi_poll,
plants.soil,2026-07-28T11:06:33.704Z,2026-07-28 06:06:33.704,25288,2a89d4,8gtt1h,0.7.3,fleet_logger_0_1,593640035,UMLIFE_v2_TLC555,ch2,origplant,soil_moisture,1262,,,OK,,,985.1,,name=c5off1;level=overwatered;role=disp;spread=28;gpio=5;device_seq=79150;time_source=device_synced;device_timestamp_utc=2026-07-28T11:06:31.964Z;config_id=170b1c1e;rssi=-55;uptime_s=593640;heap=152644;cal_tier=board-cal;cal_src=wet_rederive_1236_20260719;pressure_context_source=weather_openmeteo;transport=wifi_poll,
plants.soil,2026-07-28T11:06:33.704Z,2026-07-28 06:06:33.704,25289,2a89d4,8gtt1h,0.7.3,fleet_logger_0_1,593640035,UMLIFE_v2_TLC555,ch3,origplant,soil_moisture,1612,,,OK,,,985.1,,name=c5off1;level=OK;role=disp;spread=11;gpio=6;device_seq=79151;time_source=device_synced;device_timestamp_utc=2026-07-28T11:06:31.964Z;config_id=170b1c1e;rssi=-55;uptime_s=593640;heap=152644;cal_tier=board-cal;cal_src=wet_rederive_1236_20260719;pressure_context_source=weather_openmeteo;transport=wifi_poll,
plants.env,2026-07-28T11:06:33.704Z,2026-07-28 06:06:33.704,25290,2a89d4,8gtt1h,0.7.3,fleet_logger_0_1,593640719,ESP32,esp32_die,on_chip,die_temp,,23.70,degC,OK,,,,,name=c5off1;source=esp32_die;cal=uncalibrated_board_proxy;api=temperatureRead;config_id=170b1c1e;transport=wifi_poll,
plants.soil,2026-07-28T11:07:04.055Z,2026-07-28 06:07:04.055,25291,2a89d4,8gtt1h,0.7.3,fleet_logger_0_1,593670035,UMLIFE_v2_TLC555,ch0,origplant,soil_moisture,1216,,,OK,,,985.1,,name=c5off1;level=overwatered;role=disp;spread=18;gpio=1;device_seq=79152;time_source=device_synced;device_timestamp_utc=2026-07-28T11:07:01.964Z;config_id=170b1c1e;rssi=-50;uptime_s=593670;heap=152644;cal_tier=board-cal;cal_src=wet_rederive_1236_20260719;pressure_context_source=weather_openmeteo;transport=wifi_poll,
plants.soil,2026-07-28T11:07:04.055Z,2026-07-28 06:07:04.055,25292,2a89d4,8gtt1h,0.7.3,fleet_logger_0_1,593670035,UMLIFE_v2_TLC555,ch1,origplant,soil_moisture,1379,,,OK,,,985.1,,name=c5off1;level=well watered;role=disp;spread=17;gpio=4;device_seq=79153;time_source=device_synced;device_timestamp_utc=2026-07-28T11:07:01.964Z;config_id=170b1c1e;rssi=-50;uptime_s=593670;heap=152644;cal_tier=board-cal;cal_src=wet_rederive_1236_20260719;pressure_context_source=weather_openmeteo;transport=wifi_poll,
plants.soil,2026-07-28T11:07:04.055Z,2026-07-28 06:07:04.055,25293,2a89d4,8gtt1h,0.7.3,fleet_logger_0_1,593670035,UMLIFE_v2_TLC555,ch2,origplant,soil_moisture,1265,,,OK,,,985.1,,name=c5off1;level=overwatered;role=disp;spread=7;gpio=5;device_seq=79154;time_source=device_synced;device_timestamp_utc=2026-07-28T11:07:01.964Z;config_id=170b1c1e;rssi=-50;uptime_s=593670;heap=152644;cal_tier=board-cal;cal_src=wet_rederive_1236_20260719;pressure_context_source=weather_openmeteo;transport=wifi_poll,
plants.soil,2026-07-28T11:07:04.055Z,2026-07-28 06:07:04.055,25294,2a89d4,8gtt1h,0.7.3,fleet_logger_0_1,593670035,UMLIFE_v2_TLC555,ch3,origplant,soil_moisture,1595,,,OK,,,985.1,,name=c5off1;level=OK;role=disp;spread=13;gpio=6;device_seq=79155;time_source=device_synced;device_timestamp_utc=2026-07-28T11:07:01.964Z;config_id=170b1c1e;rssi=-50;uptime_s=593670;heap=152644;cal_tier=board-cal;cal_src=wet_rederive_1236_20260719;pressure_context_source=weather_openmeteo;transport=wifi_poll,
plants.env,2026-07-28T11:07:04.055Z,2026-07-28 06:07:04.055,25295,2a89d4,8gtt1h,0.7.3,fleet_logger_0_1,593670719,ESP32,esp32_die,on_chip,die_temp,,23.70,degC,OK,,,,,name=c5off1;source=esp32_die;cal=uncalibrated_board_proxy;api=temperatureRead;config_id=170b1c1e;transport=wifi_poll,
plants.soil,2026-07-28T11:07:34.424Z,2026-07-28 06:07:34.424,25296,2a89d4,8gtt1h,0.7.3,fleet_logger_0_1,593700035,UMLIFE_v2_TLC555,ch0,origplant,soil_moisture,1233,,,OK,,,985.1,,name=c5off1;level=overwatered;role=disp;spread=9;gpio=1;device_seq=79156;time_source=device_synced;device_timestamp_utc=2026-07-28T11:07:31.964Z;config_id=170b1c1e;rssi=-54;uptime_s=593700;heap=152644;cal_tier=board-cal;cal_src=wet_rederive_1236_20260719;pressure_context_source=weather_openmeteo;transport=wifi_poll,
plants.soil,2026-07-28T11:07:34.424Z,2026-07-28 06:07:34.424,25297,2a89d4,8gtt1h,0.7.3,fleet_logger_0_1,593700035,UMLIFE_v2_TLC555,ch1,origplant,soil_moisture,1398,,,OK,,,985.1,,name=c5off1;level=well watered;role=disp;spread=22;gpio=4;device_seq=79157;time_source=device_synced;device_timestamp_utc=2026-07-28T11:07:31.964Z;config_id=170b1c1e;rssi=-54;uptime_s=593700;heap=152644;cal_tier=board-cal;cal_src=wet_rederive_1236_20260719;pressure_context_source=weather_openmeteo;transport=wifi_poll,
plants.soil,2026-07-28T11:07:34.424Z,2026-07-28 06:07:34.424,25298,2a89d4,8gtt1h,0.7.3,fleet_logger_0_1,593700035,UMLIFE_v2_TLC555,ch2,origplant,soil_moisture,1266,,,OK,,,985.1,,name=c5off1;level=overwatered;role=disp;spread=9;gpio=5;device_seq=79158;time_source=device_synced;device_timestamp_utc=2026-07-28T11:07:31.964Z;config_id=170b1c1e;rssi=-54;uptime_s=593700;heap=152644;cal_tier=board-cal;cal_src=wet_rederive_1236_20260719;pressure_context_source=weather_openmeteo;transport=wifi_poll,
plants.soil,2026-07-28T11:07:34.424Z,2026-07-28 06:07:34.424,25299,2a89d4,8gtt1h,0.7.3,fleet_logger_0_1,593700035,UMLIFE_v2_TLC555,ch3,origplant,soil_moisture,1610,,,OK,,,985.1,,name=c5off1;level=OK;role=disp;spread=10;gpio=6;device_seq=79159;time_source=device_synced;device_timestamp_utc=2026-07-28T11:07:31.964Z;config_id=170b1c1e;rssi=-54;uptime_s=593700;heap=152644;cal_tier=board-cal;cal_src=wet_rederive_1236_20260719;pressure_context_source=weather_openmeteo;transport=wifi_poll,
plants.env,2026-07-28T11:07:34.424Z,2026-07-28 06:07:34.424,25300,2a89d4,8gtt1h,0.7.3,fleet_logger_0_1,593700719,ESP32,esp32_die,on_chip,die_temp,,23.70,degC,OK,,,,,name=c5off1;source=esp32_die;cal=uncalibrated_board_proxy;api=temperatureRead;config_id=170b1c1e;transport=wifi_poll,
plants.soil,2026-07-28T11:08:04.671Z,2026-07-28 06:08:04.671,25301,2a89d4,8gtt1h,0.7.3,fleet_logger_0_1,593730035,UMLIFE_v2_TLC555,ch0,origplant,soil_moisture,1235,,,OK,,,985.1,,name=c5off1;level=overwatered;role=disp;spread=8;gpio=1;device_seq=79160;time_source=device_synced;device_timestamp_utc=2026-07-28T11:08:01.964Z;config_id=170b1c1e;rssi=-56;uptime_s=593730;heap=152644;cal_tier=board-cal;cal_src=wet_rederive_1236_20260719;pressure_context_source=weather_openmeteo;transport=wifi_poll,
plants.soil,2026-07-28T11:08:04.671Z,2026-07-28 06:08:04.671,25302,2a89d4,8gtt1h,0.7.3,fleet_logger_0_1,593730035,UMLIFE_v2_TLC555,ch1,origplant,soil_moisture,1398,,,OK,,,985.1,,name=c5off1;level=well watered;role=disp;spread=14;gpio=4;device_seq=79161;time_source=device_synced;device_timestamp_utc=2026-07-28T11:08:01.964Z;config_id=170b1c1e;rssi=-56;uptime_s=593730;heap=152644;cal_tier=board-cal;cal_src=wet_rederive_1236_20260719;pressure_context_source=weather_openmeteo;transport=wifi_poll,
plants.soil,2026-07-28T11:08:04.671Z,2026-07-28 06:08:04.671,25303,2a89d4,8gtt1h,0.7.3,fleet_logger_0_1,593730035,UMLIFE_v2_TLC555,ch2,origplant,soil_moisture,1265,,,OK,,,985.1,,name=c5off1;level=overwatered;role=disp;spread=17;gpio=5;device_seq=79162;time_source=device_synced;device_timestamp_utc=2026-07-28T11:08:01.964Z;config_id=170b1c1e;rssi=-56;uptime_s=593730;heap=152644;cal_tier=board-cal;cal_src=wet_rederive_1236_20260719;pressure_context_source=weather_openmeteo;transport=wifi_poll,
plants.soil,2026-07-28T11:08:04.671Z,2026-07-28 06:08:04.671,25304,2a89d4,8gtt1h,0.7.3,fleet_logger_0_1,593730035,UMLIFE_v2_TLC555,ch3,origplant,soil_moisture,1612,,,OK,,,985.1,,name=c5off1;level=OK;role=disp;spread=26;gpio=6;device_seq=79163;time_source=device_synced;device_timestamp_utc=2026-07-28T11:08:01.964Z;config_id=170b1c1e;rssi=-56;uptime_s=593730;heap=152644;cal_tier=board-cal;cal_src=wet_rederive_1236_20260719;pressure_context_source=weather_openmeteo;transport=wifi_poll,
plants.env,2026-07-28T11:08:04.671Z,2026-07-28 06:08:04.671,25305,2a89d4,8gtt1h,0.7.3,fleet_logger_0_1,593730719,ESP32,esp32_die,on_chip,die_temp,,22.70,degC,OK,,,,,name=c5off1;source=esp32_die;cal=uncalibrated_board_proxy;api=temperatureRead;config_id=170b1c1e;transport=wifi_poll,
plants.soil,2026-07-28T11:08:34.983Z,2026-07-28 06:08:34.983,25306,2a89d4,8gtt1h,0.7.3,fleet_logger_0_1,593760035,UMLIFE_v2_TLC555,ch0,origplant,soil_moisture,1233,,,OK,,,985.1,,name=c5off1;level=overwatered;role=disp;spread=16;gpio=1;device_seq=79164;time_source=device_synced;device_timestamp_utc=2026-07-28T11:08:31.964Z;config_id=170b1c1e;rssi=-56;uptime_s=593760;heap=152388;cal_tier=board-cal;cal_src=wet_rederive_1236_20260719;pressure_context_source=weather_openmeteo;transport=wifi_poll,
plants.soil,2026-07-28T11:08:34.983Z,2026-07-28 06:08:34.983,25307,2a89d4,8gtt1h,0.7.3,fleet_logger_0_1,593760035,UMLIFE_v2_TLC555,ch1,origplant,soil_moisture,1399,,,OK,,,985.1,,name=c5off1;level=well watered;role=disp;spread=37;gpio=4;device_seq=79165;time_source=device_synced;device_timestamp_utc=2026-07-28T11:08:31.964Z;config_id=170b1c1e;rssi=-56;uptime_s=593760;heap=152388;cal_tier=board-cal;cal_src=wet_rederive_1236_20260719;pressure_context_source=weather_openmeteo;transport=wifi_poll,
plants.soil,2026-07-28T11:08:34.983Z,2026-07-28 06:08:34.983,25308,2a89d4,8gtt1h,0.7.3,fleet_logger_0_1,593760035,UMLIFE_v2_TLC555,ch2,origplant,soil_moisture,1266,,,OK,,,985.1,,name=c5off1;level=overwatered;role=disp;spread=8;gpio=5;device_seq=79166;time_source=device_synced;device_timestamp_utc=2026-07-28T11:08:31.964Z;config_id=170b1c1e;rssi=-56;uptime_s=593760;heap=152388;cal_tier=board-cal;cal_src=wet_rederive_1236_20260719;pressure_context_source=weather_openmeteo;transport=wifi_poll,
plants.soil,2026-07-28T11:08:34.983Z,2026-07-28 06:08:34.983,25309,2a89d4,8gtt1h,0.7.3,fleet_logger_0_1,593760035,UMLIFE_v2_TLC555,ch3,origplant,soil_moisture,1613,,,OK,,,985.1,,name=c5off1;level=OK;role=disp;spread=24;gpio=6;device_seq=79167;time_source=device_synced;device_timestamp_utc=2026-07-28T11:08:31.964Z;config_id=170b1c1e;rssi=-56;uptime_s=593760;heap=152388;cal_tier=board-cal;cal_src=wet_rederive_1236_20260719;pressure_context_source=weather_openmeteo;transport=wifi_poll,
plants.env,2026-07-28T11:08:34.983Z,2026-07-28 06:08:34.983,25310,2a89d4,8gtt1h,0.7.3,fleet_logger_0_1,593760719,ESP32,esp32_die,on_chip,die_temp,,23.70,degC,OK,,,,,name=c5off1;source=esp32_die;cal=uncalibrated_board_proxy;api=temperatureRead;config_id=170b1c1e;transport=wifi_poll,
plants.soil,2026-07-28T11:09:05.232Z,2026-07-28 06:09:05.232,25311,2a89d4,8gtt1h,0.7.3,fleet_logger_0_1,593790035,UMLIFE_v2_TLC555,ch0,origplant,soil_moisture,1233,,,OK,,,985.1,,name=c5off1;level=overwatered;role=disp;spread=11;gpio=1;device_seq=79168;time_source=device_synced;device_timestamp_utc=2026-07-28T11:09:01.964Z;config_id=170b1c1e;rssi=-56;uptime_s=593790;heap=152388;cal_tier=board-cal;cal_src=wet_rederive_1236_20260719;pressure_context_source=weather_openmeteo;transport=wifi_poll,
plants.soil,2026-07-28T11:09:05.232Z,2026-07-28 06:09:05.232,25312,2a89d4,8gtt1h,0.7.3,fleet_logger_0_1,593790035,UMLIFE_v2_TLC555,ch1,origplant,soil_moisture,1399,,,OK,,,985.1,,name=c5off1;level=well watered;role=disp;spread=18;gpio=4;device_seq=79169;time_source=device_synced;device_timestamp_utc=2026-07-28T11:09:01.964Z;config_id=170b1c1e;rssi=-56;uptime_s=593790;heap=152388;cal_tier=board-cal;cal_src=wet_rederive_1236_20260719;pressure_context_source=weather_openmeteo;transport=wifi_poll,
plants.soil,2026-07-28T11:09:05.232Z,2026-07-28 06:09:05.232,25313,2a89d4,8gtt1h,0.7.3,fleet_logger_0_1,593790035,UMLIFE_v2_TLC555,ch2,origplant,soil_moisture,1266,,,OK,,,985.1,,name=c5off1;level=overwatered;role=disp;spread=17;gpio=5;device_seq=79170;time_source=device_synced;device_timestamp_utc=2026-07-28T11:09:01.964Z;config_id=170b1c1e;rssi=-56;uptime_s=593790;heap=152388;cal_tier=board-cal;cal_src=wet_rederive_1236_20260719;pressure_context_source=weather_openmeteo;transport=wifi_poll,
plants.soil,2026-07-28T11:09:05.232Z,2026-07-28 06:09:05.232,25314,2a89d4,8gtt1h,0.7.3,fleet_logger_0_1,593790035,UMLIFE_v2_TLC555,ch3,origplant,soil_moisture,1610,,,OK,,,985.1,,name=c5off1;level=OK;role=disp;spread=15;gpio=6;device_seq=79171;time_source=device_synced;device_timestamp_utc=2026-07-28T11:09:01.964Z;config_id=170b1c1e;rssi=-56;uptime_s=593790;heap=152388;cal_tier=board-cal;cal_src=wet_rederive_1236_20260719;pressure_context_source=weather_openmeteo;transport=wifi_poll,
plants.env,2026-07-28T11:09:05.232Z,2026-07-28 06:09:05.232,25315,2a89d4,8gtt1h,0.7.3,fleet_logger_0_1,593790719,ESP32,esp32_die,on_chip,die_temp,,23.70,degC,OK,,,,,name=c5off1;source=esp32_die;cal=uncalibrated_board_proxy;api=temperatureRead;config_id=170b1c1e;transport=wifi_poll,
plants.soil,2026-07-28T11:09:35.872Z,2026-07-28 06:09:35.872,25316,2a89d4,8gtt1h,0.7.3,fleet_logger_0_1,593820035,UMLIFE_v2_TLC555,ch0,origplant,soil_moisture,1235,,,OK,,,985.1,,name=c5off1;level=overwatered;role=disp;spread=19;gpio=1;device_seq=79172;time_source=device_synced;device_timestamp_utc=2026-07-28T11:09:31.964Z;config_id=170b1c1e;rssi=-57;uptime_s=593820;heap=152644;cal_tier=board-cal;cal_src=wet_rederive_1236_20260719;pressure_context_source=weather_openmeteo;transport=wifi_poll,
plants.soil,2026-07-28T11:09:35.872Z,2026-07-28 06:09:35.872,25317,2a89d4,8gtt1h,0.7.3,fleet_logger_0_1,593820035,UMLIFE_v2_TLC555,ch1,origplant,soil_moisture,1399,,,OK,,,985.1,,name=c5off1;level=well watered;role=disp;spread=27;gpio=4;device_seq=79173;time_source=device_synced;device_timestamp_utc=2026-07-28T11:09:31.964Z;config_id=170b1c1e;rssi=-57;uptime_s=593820;heap=152644;cal_tier=board-cal;cal_src=wet_rederive_1236_20260719;pressure_context_source=weather_openmeteo;transport=wifi_poll,
plants.soil,2026-07-28T11:09:35.872Z,2026-07-28 06:09:35.872,25318,2a89d4,8gtt1h,0.7.3,fleet_logger_0_1,593820035,UMLIFE_v2_TLC555,ch2,origplant,soil_moisture,1265,,,OK,,,985.1,,name=c5off1;level=overwatered;role=disp;spread=9;gpio=5;device_seq=79174;time_source=device_synced;device_timestamp_utc=2026-07-28T11:09:31.964Z;config_id=170b1c1e;rssi=-57;uptime_s=593820;heap=152644;cal_tier=board-cal;cal_src=wet_rederive_1236_20260719;pressure_context_source=weather_openmeteo;transport=wifi_poll,
plants.soil,2026-07-28T11:09:35.872Z,2026-07-28 06:09:35.872,25319,2a89d4,8gtt1h,0.7.3,fleet_logger_0_1,593820035,UMLIFE_v2_TLC555,ch3,origplant,soil_moisture,1614,,,OK,,,985.1,,name=c5off1;level=OK;role=disp;spread=19;gpio=6;device_seq=79175;time_source=device_synced;device_timestamp_utc=2026-07-28T11:09:31.964Z;config_id=170b1c1e;rssi=-57;uptime_s=593820;heap=152644;cal_tier=board-cal;cal_src=wet_rederive_1236_20260719;pressure_context_source=weather_openmeteo;transport=wifi_poll,
plants.env,2026-07-28T11:09:35.872Z,2026-07-28 06:09:35.872,25320,2a89d4,8gtt1h,0.7.3,fleet_logger_0_1,593820719,ESP32,esp32_die,on_chip,die_temp,,23.70,degC,OK,,,,,name=c5off1;source=esp32_die;cal=uncalibrated_board_proxy;api=temperatureRead;config_id=170b1c1e;transport=wifi_poll,
plants.soil,2026-07-28T11:10:06.375Z,2026-07-28 06:10:06.375,25321,2a89d4,8gtt1h,0.7.3,fleet_logger_0_1,593850035,UMLIFE_v2_TLC555,ch0,origplant,soil_moisture,1233,,,OK,,,985.1,,name=c5off1;level=overwatered;role=disp;spread=19;gpio=1;device_seq=79176;time_source=device_synced;device_timestamp_utc=2026-07-28T11:10:01.964Z;config_id=170b1c1e;rssi=-57;uptime_s=593850;heap=152656;cal_tier=board-cal;cal_src=wet_rederive_1236_20260719;pressure_context_source=weather_openmeteo;transport=wifi_poll,
plants.soil,2026-07-28T11:10:06.375Z,2026-07-28 06:10:06.375,25322,2a89d4,8gtt1h,0.7.3,fleet_logger_0_1,593850035,UMLIFE_v2_TLC555,ch1,origplant,soil_moisture,1395,,,OK,,,985.1,,name=c5off1;level=well watered;role=disp;spread=15;gpio=4;device_seq=79177;time_source=device_synced;device_timestamp_utc=2026-07-28T11:10:01.964Z;config_id=170b1c1e;rssi=-57;uptime_s=593850;heap=152656;cal_tier=board-cal;cal_src=wet_rederive_1236_20260719;pressure_context_source=weather_openmeteo;transport=wifi_poll,
plants.soil,2026-07-28T11:10:06.375Z,2026-07-28 06:10:06.375,25323,2a89d4,8gtt1h,0.7.3,fleet_logger_0_1,593850035,UMLIFE_v2_TLC555,ch2,origplant,soil_moisture,1266,,,OK,,,985.1,,name=c5off1;level=overwatered;role=disp;spread=20;gpio=5;device_seq=79178;time_source=device_synced;device_timestamp_utc=2026-07-28T11:10:01.964Z;config_id=170b1c1e;rssi=-57;uptime_s=593850;heap=152656;cal_tier=board-cal;cal_src=wet_rederive_1236_20260719;pressure_context_source=weather_openmeteo;transport=wifi_poll,
plants.soil,2026-07-28T11:10:06.375Z,2026-07-28 06:10:06.375,25324,2a89d4,8gtt1h,0.7.3,fleet_logger_0_1,593850035,UMLIFE_v2_TLC555,ch3,origplant,soil_moisture,1611,,,OK,,,985.1,,name=c5off1;level=OK;role=disp;spread=19;gpio=6;device_seq=79179;time_source=device_synced;device_timestamp_utc=2026-07-28T11:10:01.964Z;config_id=170b1c1e;rssi=-57;uptime_s=593850;heap=152656;cal_tier=board-cal;cal_src=wet_rederive_1236_20260719;pressure_context_source=weather_openmeteo;transport=wifi_poll,
plants.env,2026-07-28T11:10:06.375Z,2026-07-28 06:10:06.375,25325,2a89d4,8gtt1h,0.7.3,fleet_logger_0_1,593850719,ESP32,esp32_die,on_chip,die_temp,,23.70,degC,OK,,,,,name=c5off1;source=esp32_die;cal=uncalibrated_board_proxy;api=temperatureRead;config_id=170b1c1e;transport=wifi_poll,
plants.soil,2026-07-28T11:10:36.940Z,2026-07-28 06:10:36.940,25326,2a89d4,8gtt1h,0.7.3,fleet_logger_0_1,593880035,UMLIFE_v2_TLC555,ch0,origplant,soil_moisture,1233,,,OK,,,985.1,,name=c5off1;level=overwatered;role=disp;spread=16;gpio=1;device_seq=79180;time_source=device_synced;device_timestamp_utc=2026-07-28T11:10:31.964Z;config_id=170b1c1e;rssi=-56;uptime_s=593880;heap=152656;cal_tier=board-cal;cal_src=wet_rederive_1236_20260719;pressure_context_source=weather_openmeteo;transport=wifi_poll,
plants.soil,2026-07-28T11:10:36.940Z,2026-07-28 06:10:36.940,25327,2a89d4,8gtt1h,0.7.3,fleet_logger_0_1,593880035,UMLIFE_v2_TLC555,ch1,origplant,soil_moisture,1398,,,OK,,,985.1,,name=c5off1;level=well watered;role=disp;spread=16;gpio=4;device_seq=79181;time_source=device_synced;device_timestamp_utc=2026-07-28T11:10:31.964Z;config_id=170b1c1e;rssi=-56;uptime_s=593880;heap=152656;cal_tier=board-cal;cal_src=wet_rederive_1236_20260719;pressure_context_source=weather_openmeteo;transport=wifi_poll,
plants.soil,2026-07-28T11:10:36.940Z,2026-07-28 06:10:36.940,25328,2a89d4,8gtt1h,0.7.3,fleet_logger_0_1,593880035,UMLIFE_v2_TLC555,ch2,origplant,soil_moisture,1267,,,OK,,,985.1,,name=c5off1;level=overwatered;role=disp;spread=12;gpio=5;device_seq=79182;time_source=device_synced;device_timestamp_utc=2026-07-28T11:10:31.964Z;config_id=170b1c1e;rssi=-56;uptime_s=593880;heap=152656;cal_tier=board-cal;cal_src=wet_rederive_1236_20260719;pressure_context_source=weather_openmeteo;transport=wifi_poll,
plants.soil,2026-07-28T11:10:36.940Z,2026-07-28 06:10:36.940,25329,2a89d4,8gtt1h,0.7.3,fleet_logger_0_1,593880035,UMLIFE_v2_TLC555,ch3,origplant,soil_moisture,1613,,,OK,,,985.1,,name=c5off1;level=OK;role=disp;spread=19;gpio=6;device_seq=79183;time_source=device_synced;device_timestamp_utc=2026-07-28T11:10:31.964Z;config_id=170b1c1e;rssi=-56;uptime_s=593880;heap=152656;cal_tier=board-cal;cal_src=wet_rederive_1236_20260719;pressure_context_source=weather_openmeteo;transport=wifi_poll,
plants.env,2026-07-28T11:10:36.940Z,2026-07-28 06:10:36.940,25330,2a89d4,8gtt1h,0.7.3,fleet_logger_0_1,593880719,ESP32,esp32_die,on_chip,die_temp,,22.70,degC,OK,,,,,name=c5off1;source=esp32_die;cal=uncalibrated_board_proxy;api=temperatureRead;config_id=170b1c1e;transport=wifi_poll,
plants.soil,2026-07-28T11:11:07.516Z,2026-07-28 06:11:07.516,25331,2a89d4,8gtt1h,0.7.3,fleet_logger_0_1,593910035,UMLIFE_v2_TLC555,ch0,origplant,soil_moisture,1230,,,OK,,,985.1,,name=c5off1;level=overwatered;role=disp;spread=14;gpio=1;device_seq=79184;time_source=device_synced;device_timestamp_utc=2026-07-28T11:11:01.964Z;config_id=170b1c1e;rssi=-56;uptime_s=593910;heap=152656;cal_tier=board-cal;cal_src=wet_rederive_1236_20260719;pressure_context_source=weather_openmeteo;transport=wifi_poll,
plants.soil,2026-07-28T11:11:07.516Z,2026-07-28 06:11:07.516,25332,2a89d4,8gtt1h,0.7.3,fleet_logger_0_1,593910035,UMLIFE_v2_TLC555,ch1,origplant,soil_moisture,1399,,,OK,,,985.1,,name=c5off1;level=well watered;role=disp;spread=16;gpio=4;device_seq=79185;time_source=device_synced;device_timestamp_utc=2026-07-28T11:11:01.964Z;config_id=170b1c1e;rssi=-56;uptime_s=593910;heap=152656;cal_tier=board-cal;cal_src=wet_rederive_1236_20260719;pressure_context_source=weather_openmeteo;transport=wifi_poll,
plants.soil,2026-07-28T11:11:07.516Z,2026-07-28 06:11:07.516,25333,2a89d4,8gtt1h,0.7.3,fleet_logger_0_1,593910035,UMLIFE_v2_TLC555,ch2,origplant,soil_moisture,1267,,,OK,,,985.1,,name=c5off1;level=overwatered;role=disp;spread=10;gpio=5;device_seq=79186;time_source=device_synced;device_timestamp_utc=2026-07-28T11:11:01.964Z;config_id=170b1c1e;rssi=-56;uptime_s=593910;heap=152656;cal_tier=board-cal;cal_src=wet_rederive_1236_20260719;pressure_context_source=weather_openmeteo;transport=wifi_poll,
plants.soil,2026-07-28T11:11:07.516Z,2026-07-28 06:11:07.516,25334,2a89d4,8gtt1h,0.7.3,fleet_logger_0_1,593910035,UMLIFE_v2_TLC555,ch3,origplant,soil_moisture,1613,,,OK,,,985.1,,name=c5off1;level=OK;role=disp;spread=15;gpio=6;device_seq=79187;time_source=device_synced;device_timestamp_utc=2026-07-28T11:11:01.964Z;config_id=170b1c1e;rssi=-56;uptime_s=593910;heap=152656;cal_tier=board-cal;cal_src=wet_rederive_1236_20260719;pressure_context_source=weather_openmeteo;transport=wifi_poll,
plants.env,2026-07-28T11:11:07.516Z,2026-07-28 06:11:07.516,25335,2a89d4,8gtt1h,0.7.3,fleet_logger_0_1,593910719,ESP32,esp32_die,on_chip,die_temp,,23.70,degC,OK,,,,,name=c5off1;source=esp32_die;cal=uncalibrated_board_proxy;api=temperatureRead;config_id=170b1c1e;transport=wifi_poll,
plants.soil,2026-07-28T11:11:37.723Z,2026-07-28 06:11:37.723,25336,2a89d4,8gtt1h,0.7.3,fleet_logger_0_1,593940035,UMLIFE_v2_TLC555,ch0,origplant,soil_moisture,1233,,,OK,,,985.1,,name=c5off1;level=overwatered;role=disp;spread=14;gpio=1;device_seq=79188;time_source=device_synced;device_timestamp_utc=2026-07-28T11:11:31.964Z;config_id=170b1c1e;rssi=-57;uptime_s=593940;heap=152396;cal_tier=board-cal;cal_src=wet_rederive_1236_20260719;pressure_context_source=weather_openmeteo;transport=wifi_poll,
plants.soil,2026-07-28T11:11:37.723Z,2026-07-28 06:11:37.723,25337,2a89d4,8gtt1h,0.7.3,fleet_logger_0_1,593940035,UMLIFE_v2_TLC555,ch1,origplant,soil_moisture,1399,,,OK,,,985.1,,name=c5off1;level=well watered;role=disp;spread=20;gpio=4;device_seq=79189;time_source=device_synced;device_timestamp_utc=2026-07-28T11:11:31.964Z;config_id=170b1c1e;rssi=-57;uptime_s=593940;heap=152396;cal_tier=board-cal;cal_src=wet_rederive_1236_20260719;pressure_context_source=weather_openmeteo;transport=wifi_poll,
plants.soil,2026-07-28T11:11:37.723Z,2026-07-28 06:11:37.723,25338,2a89d4,8gtt1h,0.7.3,fleet_logger_0_1,593940035,UMLIFE_v2_TLC555,ch2,origplant,soil_moisture,1265,,,OK,,,985.1,,name=c5off1;level=overwatered;role=disp;spread=9;gpio=5;device_seq=79190;time_source=device_synced;device_timestamp_utc=2026-07-28T11:11:31.964Z;config_id=170b1c1e;rssi=-57;uptime_s=593940;heap=152396;cal_tier=board-cal;cal_src=wet_rederive_1236_20260719;pressure_context_source=weather_openmeteo;transport=wifi_poll,
plants.soil,2026-07-28T11:11:37.723Z,2026-07-28 06:11:37.723,25339,2a89d4,8gtt1h,0.7.3,fleet_logger_0_1,593940035,UMLIFE_v2_TLC555,ch3,origplant,soil_moisture,1612,,,OK,,,985.1,,name=c5off1;level=OK;role=disp;spread=18;gpio=6;device_seq=79191;time_source=device_synced;device_timestamp_utc=2026-07-28T11:11:31.964Z;config_id=170b1c1e;rssi=-57;uptime_s=593940;heap=152396;cal_tier=board-cal;cal_src=wet_rederive_1236_20260719;pressure_context_source=weather_openmeteo;transport=wifi_poll,
plants.env,2026-07-28T11:11:37.723Z,2026-07-28 06:11:37.723,25340,2a89d4,8gtt1h,0.7.3,fleet_logger_0_1,593940719,ESP32,esp32_die,on_chip,die_temp,,23.70,degC,OK,,,,,name=c5off1;source=esp32_die;cal=uncalibrated_board_proxy;api=temperatureRead;config_id=170b1c1e;transport=wifi_poll,
plants.soil,2026-07-28T11:12:07.975Z,2026-07-28 06:12:07.975,25341,2a89d4,8gtt1h,0.7.3,fleet_logger_0_1,593970035,UMLIFE_v2_TLC555,ch0,origplant,soil_moisture,1233,,,OK,,,985.1,,name=c5off1;level=overwatered;role=disp;spread=18;gpio=1;device_seq=79192;time_source=device_synced;device_timestamp_utc=2026-07-28T11:12:01.964Z;config_id=170b1c1e;rssi=-56;uptime_s=593970;heap=152400;cal_tier=board-cal;cal_src=wet_rederive_1236_20260719;pressure_context_source=weather_openmeteo;transport=wifi_poll,
plants.soil,2026-07-28T11:12:07.975Z,2026-07-28 06:12:07.975,25342,2a89d4,8gtt1h,0.7.3,fleet_logger_0_1,593970035,UMLIFE_v2_TLC555,ch1,origplant,soil_moisture,1399,,,OK,,,985.1,,name=c5off1;level=well watered;role=disp;spread=14;gpio=4;device_seq=79193;time_source=device_synced;device_timestamp_utc=2026-07-28T11:12:01.964Z;config_id=170b1c1e;rssi=-56;uptime_s=593970;heap=152400;cal_tier=board-cal;cal_src=wet_rederive_1236_20260719;pressure_context_source=weather_openmeteo;transport=wifi_poll,
plants.soil,2026-07-28T11:12:07.975Z,2026-07-28 06:12:07.975,25343,2a89d4,8gtt1h,0.7.3,fleet_logger_0_1,593970035,UMLIFE_v2_TLC555,ch2,origplant,soil_moisture,1265,,,OK,,,985.1,,name=c5off1;level=overwatered;role=disp;spread=9;gpio=5;device_seq=79194;time_source=device_synced;device_timestamp_utc=2026-07-28T11:12:01.964Z;config_id=170b1c1e;rssi=-56;uptime_s=593970;heap=152400;cal_tier=board-cal;cal_src=wet_rederive_1236_20260719;pressure_context_source=weather_openmeteo;transport=wifi_poll,
plants.soil,2026-07-28T11:12:07.975Z,2026-07-28 06:12:07.975,25344,2a89d4,8gtt1h,0.7.3,fleet_logger_0_1,593970035,UMLIFE_v2_TLC555,ch3,origplant,soil_moisture,1611,,,OK,,,985.1,,name=c5off1;level=OK;role=disp;spread=13;gpio=6;device_seq=79195;time_source=device_synced;device_timestamp_utc=2026-07-28T11:12:01.964Z;config_id=170b1c1e;rssi=-56;uptime_s=593970;heap=152400;cal_tier=board-cal;cal_src=wet_rederive_1236_20260719;pressure_context_source=weather_openmeteo;transport=wifi_poll,
plants.env,2026-07-28T11:12:07.975Z,2026-07-28 06:12:07.975,25345,2a89d4,8gtt1h,0.7.3,fleet_logger_0_1,593970719,ESP32,esp32_die,on_chip,die_temp,,23.70,degC,OK,,,,,name=c5off1;source=esp32_die;cal=uncalibrated_board_proxy;api=temperatureRead;config_id=170b1c1e;transport=wifi_poll,
plants.soil,2026-07-28T11:12:38.241Z,2026-07-28 06:12:38.241,25346,2a89d4,8gtt1h,0.7.3,fleet_logger_0_1,594000035,UMLIFE_v2_TLC555,ch0,origplant,soil_moisture,1233,,,OK,,,985.1,,name=c5off1;level=overwatered;role=disp;spread=13;gpio=1;device_seq=79196;time_source=device_synced;device_timestamp_utc=2026-07-28T11:12:31.964Z;config_id=170b1c1e;rssi=-54;uptime_s=594000;heap=152644;cal_tier=board-cal;cal_src=wet_rederive_1236_20260719;pressure_context_source=weather_openmeteo;transport=wifi_poll,
plants.soil,2026-07-28T11:12:38.241Z,2026-07-28 06:12:38.241,25347,2a89d4,8gtt1h,0.7.3,fleet_logger_0_1,594000035,UMLIFE_v2_TLC555,ch1,origplant,soil_moisture,1395,,,OK,,,985.1,,name=c5off1;level=well watered;role=disp;spread=24;gpio=4;device_seq=79197;time_source=device_synced;device_timestamp_utc=2026-07-28T11:12:31.964Z;config_id=170b1c1e;rssi=-54;uptime_s=594000;heap=152644;cal_tier=board-cal;cal_src=wet_rederive_1236_20260719;pressure_context_source=weather_openmeteo;transport=wifi_poll,
plants.soil,2026-07-28T11:12:38.241Z,2026-07-28 06:12:38.241,25348,2a89d4,8gtt1h,0.7.3,fleet_logger_0_1,594000035,UMLIFE_v2_TLC555,ch2,origplant,soil_moisture,1265,,,OK,,,985.1,,name=c5off1;level=overwatered;role=disp;spread=11;gpio=5;device_seq=79198;time_source=device_synced;device_timestamp_utc=2026-07-28T11:12:31.964Z;config_id=170b1c1e;rssi=-54;uptime_s=594000;heap=152644;cal_tier=board-cal;cal_src=wet_rederive_1236_20260719;pressure_context_source=weather_openmeteo;transport=wifi_poll,
plants.soil,2026-07-28T11:12:38.241Z,2026-07-28 06:12:38.241,25349,2a89d4,8gtt1h,0.7.3,fleet_logger_0_1,594000035,UMLIFE_v2_TLC555,ch3,origplant,soil_moisture,1610,,,OK,,,985.1,,name=c5off1;level=OK;role=disp;spread=10;gpio=6;device_seq=79199;time_source=device_synced;device_timestamp_utc=2026-07-28T11:12:31.964Z;config_id=170b1c1e;rssi=-54;uptime_s=594000;heap=152644;cal_tier=board-cal;cal_src=wet_rederive_1236_20260719;pressure_context_source=weather_openmeteo;transport=wifi_poll,
plants.env,2026-07-28T11:12:38.241Z,2026-07-28 06:12:38.241,25350,2a89d4,8gtt1h,0.7.3,fleet_logger_0_1,594001820,ESP32,esp32_die,on_chip,die_temp,,23.70,degC,OK,,,,,name=c5off1;source=esp32_die;cal=uncalibrated_board_proxy;api=temperatureRead;config_id=170b1c1e;transport=wifi_poll,
plants.soil,2026-07-28T11:13:08.450Z,2026-07-28 06:13:08.450,25351,2a89d4,8gtt1h,0.7.3,fleet_logger_0_1,594030035,UMLIFE_v2_TLC555,ch0,origplant,soil_moisture,1215,,,OK,,,985.1,,name=c5off1;level=overwatered;role=disp;spread=9;gpio=1;device_seq=79200;time_source=device_synced;device_timestamp_utc=2026-07-28T11:13:01.964Z;config_id=170b1c1e;rssi=-55;uptime_s=594030;heap=152644;cal_tier=board-cal;cal_src=wet_rederive_1236_20260719;pressure_context_source=weather_openmeteo;transport=wifi_poll,
plants.soil,2026-07-28T11:13:08.450Z,2026-07-28 06:13:08.450,25352,2a89d4,8gtt1h,0.7.3,fleet_logger_0_1,594030035,UMLIFE_v2_TLC555,ch1,origplant,soil_moisture,1380,,,OK,,,985.1,,name=c5off1;level=well watered;role=disp;spread=26;gpio=4;device_seq=79201;time_source=device_synced;device_timestamp_utc=2026-07-28T11:13:01.964Z;config_id=170b1c1e;rssi=-55;uptime_s=594030;heap=152644;cal_tier=board-cal;cal_src=wet_rederive_1236_20260719;pressure_context_source=weather_openmeteo;transport=wifi_poll,
plants.soil,2026-07-28T11:13:08.450Z,2026-07-28 06:13:08.450,25353,2a89d4,8gtt1h,0.7.3,fleet_logger_0_1,594030035,UMLIFE_v2_TLC555,ch2,origplant,soil_moisture,1265,,,OK,,,985.1,,name=c5off1;level=overwatered;role=disp;spread=14;gpio=5;device_seq=79202;time_source=device_synced;device_timestamp_utc=2026-07-28T11:13:01.964Z;config_id=170b1c1e;rssi=-55;uptime_s=594030;heap=152644;cal_tier=board-cal;cal_src=wet_rederive_1236_20260719;pressure_context_source=weather_openmeteo;transport=wifi_poll,
plants.soil,2026-07-28T11:13:08.450Z,2026-07-28 06:13:08.450,25354,2a89d4,8gtt1h,0.7.3,fleet_logger_0_1,594030035,UMLIFE_v2_TLC555,ch3,origplant,soil_moisture,1600,,,OK,,,985.1,,name=c5off1;level=OK;role=disp;spread=17;gpio=6;device_seq=79203;time_source=device_synced;device_timestamp_utc=2026-07-28T11:13:01.964Z;config_id=170b1c1e;rssi=-55;uptime_s=594030;heap=152644;cal_tier=board-cal;cal_src=wet_rederive_1236_20260719;pressure_context_source=weather_openmeteo;transport=wifi_poll,
plants.env,2026-07-28T11:13:08.450Z,2026-07-28 06:13:08.450,25355,2a89d4,8gtt1h,0.7.3,fleet_logger_0_1,594030719,ESP32,esp32_die,on_chip,die_temp,,23.70,degC,OK,,,,,name=c5off1;source=esp32_die;cal=uncalibrated_board_proxy;api=temperatureRead;config_id=170b1c1e;transport=wifi_poll,
plants.soil,2026-07-28T11:13:38.803Z,2026-07-28 06:13:38.803,25356,2a89d4,8gtt1h,0.7.3,fleet_logger_0_1,594060035,UMLIFE_v2_TLC555,ch0,origplant,soil_moisture,1225,,,OK,,,985.1,,name=c5off1;level=overwatered;role=disp;spread=15;gpio=1;device_seq=79204;time_source=device_synced;device_timestamp_utc=2026-07-28T11:13:31.964Z;config_id=170b1c1e;rssi=-58;uptime_s=594060;heap=152644;cal_tier=board-cal;cal_src=wet_rederive_1236_20260719;pressure_context_source=weather_openmeteo;transport=wifi_poll,
plants.soil,2026-07-28T11:13:38.803Z,2026-07-28 06:13:38.803,25357,2a89d4,8gtt1h,0.7.3,fleet_logger_0_1,594060035,UMLIFE_v2_TLC555,ch1,origplant,soil_moisture,1398,,,OK,,,985.1,,name=c5off1;level=well watered;role=disp;spread=13;gpio=4;device_seq=79205;time_source=device_synced;device_timestamp_utc=2026-07-28T11:13:31.964Z;config_id=170b1c1e;rssi=-58;uptime_s=594060;heap=152644;cal_tier=board-cal;cal_src=wet_rederive_1236_20260719;pressure_context_source=weather_openmeteo;transport=wifi_poll,
plants.soil,2026-07-28T11:13:38.803Z,2026-07-28 06:13:38.803,25358,2a89d4,8gtt1h,0.7.3,fleet_logger_0_1,594060035,UMLIFE_v2_TLC555,ch2,origplant,soil_moisture,1265,,,OK,,,985.1,,name=c5off1;level=overwatered;role=disp;spread=13;gpio=5;device_seq=79206;time_source=device_synced;device_timestamp_utc=2026-07-28T11:13:31.964Z;config_id=170b1c1e;rssi=-58;uptime_s=594060;heap=152644;cal_tier=board-cal;cal_src=wet_rederive_1236_20260719;pressure_context_source=weather_openmeteo;transport=wifi_poll,
plants.soil,2026-07-28T11:13:38.803Z,2026-07-28 06:13:38.803,25359,2a89d4,8gtt1h,0.7.3,fleet_logger_0_1,594060035,UMLIFE_v2_TLC555,ch3,origplant,soil_moisture,1613,,,OK,,,985.1,,name=c5off1;level=OK;role=disp;spread=10;gpio=6;device_seq=79207;time_source=device_synced;device_timestamp_utc=2026-07-28T11:13:31.964Z;config_id=170b1c1e;rssi=-58;uptime_s=594060;heap=152644;cal_tier=board-cal;cal_src=wet_rederive_1236_20260719;pressure_context_source=weather_openmeteo;transport=wifi_poll,
plants.env,2026-07-28T11:13:38.803Z,2026-07-28 06:13:38.803,25360,2a89d4,8gtt1h,0.7.3,fleet_logger_0_1,594060719,ESP32,esp32_die,on_chip,die_temp,,23.70,degC,OK,,,,,name=c5off1;source=esp32_die;cal=uncalibrated_board_proxy;api=temperatureRead;config_id=170b1c1e;transport=wifi_poll,
plants.soil,2026-07-28T11:14:09.246Z,2026-07-28 06:14:09.246,25361,2a89d4,8gtt1h,0.7.3,fleet_logger_0_1,594090035,UMLIFE_v2_TLC555,ch0,origplant,soil_moisture,1215,,,OK,,,985.1,,name=c5off1;level=overwatered;role=disp;spread=19;gpio=1;device_seq=79208;time_source=device_synced;device_timestamp_utc=2026-07-28T11:14:01.964Z;config_id=170b1c1e;rssi=-56;uptime_s=594090;heap=152644;cal_tier=board-cal;cal_src=wet_rederive_1236_20260719;pressure_context_source=weather_openmeteo;transport=wifi_poll,
plants.soil,2026-07-28T11:14:09.246Z,2026-07-28 06:14:09.246,25362,2a89d4,8gtt1h,0.7.3,fleet_logger_0_1,594090035,UMLIFE_v2_TLC555,ch1,origplant,soil_moisture,1389,,,OK,,,985.1,,name=c5off1;level=well watered;role=disp;spread=21;gpio=4;device_seq=79209;time_source=device_synced;device_timestamp_utc=2026-07-28T11:14:01.964Z;config_id=170b1c1e;rssi=-56;uptime_s=594090;heap=152644;cal_tier=board-cal;cal_src=wet_rederive_1236_20260719;pressure_context_source=weather_openmeteo;transport=wifi_poll,
plants.soil,2026-07-28T11:14:09.246Z,2026-07-28 06:14:09.246,25363,2a89d4,8gtt1h,0.7.3,fleet_logger_0_1,594090035,UMLIFE_v2_TLC555,ch2,origplant,soil_moisture,1265,,,OK,,,985.1,,name=c5off1;level=overwatered;role=disp;spread=12;gpio=5;device_seq=79210;time_source=device_synced;device_timestamp_utc=2026-07-28T11:14:01.964Z;config_id=170b1c1e;rssi=-56;uptime_s=594090;heap=152644;cal_tier=board-cal;cal_src=wet_rederive_1236_20260719;pressure_context_source=weather_openmeteo;transport=wifi_poll,
plants.soil,2026-07-28T11:14:09.246Z,2026-07-28 06:14:09.246,25364,2a89d4,8gtt1h,0.7.3,fleet_logger_0_1,594090035,UMLIFE_v2_TLC555,ch3,origplant,soil_moisture,1610,,,OK,,,985.1,,name=c5off1;level=OK;role=disp;spread=17;gpio=6;device_seq=79211;time_source=device_synced;device_timestamp_utc=2026-07-28T11:14:01.964Z;config_id=170b1c1e;rssi=-56;uptime_s=594090;heap=152644;cal_tier=board-cal;cal_src=wet_rederive_1236_20260719;pressure_context_source=weather_openmeteo;transport=wifi_poll,
plants.env,2026-07-28T11:14:09.246Z,2026-07-28 06:14:09.246,25365,2a89d4,8gtt1h,0.7.3,fleet_logger_0_1,594090719,ESP32,esp32_die,on_chip,die_temp,,22.70,degC,OK,,,,,name=c5off1;source=esp32_die;cal=uncalibrated_board_proxy;api=temperatureRead;config_id=170b1c1e;transport=wifi_poll,
plants.soil,2026-07-28T11:14:39.480Z,2026-07-28 06:14:39.480,25366,2a89d4,8gtt1h,0.7.3,fleet_logger_0_1,594120035,UMLIFE_v2_TLC555,ch0,origplant,soil_moisture,1216,,,OK,,,985.1,,name=c5off1;level=overwatered;role=disp;spread=13;gpio=1;device_seq=79212;time_source=device_synced;device_timestamp_utc=2026-07-28T11:14:31.964Z;config_id=170b1c1e;rssi=-56;uptime_s=594120;heap=152400;cal_tier=board-cal;cal_src=wet_rederive_1236_20260719;pressure_context_source=weather_openmeteo;transport=wifi_poll,
plants.soil,2026-07-28T11:14:39.480Z,2026-07-28 06:14:39.480,25367,2a89d4,8gtt1h,0.7.3,fleet_logger_0_1,594120035,UMLIFE_v2_TLC555,ch1,origplant,soil_moisture,1380,,,OK,,,985.1,,name=c5off1;level=well watered;role=disp;spread=28;gpio=4;device_seq=79213;time_source=device_synced;device_timestamp_utc=2026-07-28T11:14:31.964Z;config_id=170b1c1e;rssi=-56;uptime_s=594120;heap=152400;cal_tier=board-cal;cal_src=wet_rederive_1236_20260719;pressure_context_source=weather_openmeteo;transport=wifi_poll,
plants.soil,2026-07-28T11:14:39.480Z,2026-07-28 06:14:39.480,25368,2a89d4,8gtt1h,0.7.3,fleet_logger_0_1,594120035,UMLIFE_v2_TLC555,ch2,origplant,soil_moisture,1263,,,OK,,,985.1,,name=c5off1;level=overwatered;role=disp;spread=22;gpio=5;device_seq=79214;time_source=device_synced;device_timestamp_utc=2026-07-28T11:14:31.964Z;config_id=170b1c1e;rssi=-56;uptime_s=594120;heap=152400;cal_tier=board-cal;cal_src=wet_rederive_1236_20260719;pressure_context_source=weather_openmeteo;transport=wifi_poll,
plants.soil,2026-07-28T11:14:39.480Z,2026-07-28 06:14:39.480,25369,2a89d4,8gtt1h,0.7.3,fleet_logger_0_1,594120035,UMLIFE_v2_TLC555,ch3,origplant,soil_moisture,1594,,,OK,,,985.1,,name=c5off1;level=OK;role=disp;spread=10;gpio=6;device_seq=79215;time_source=device_synced;device_timestamp_utc=2026-07-28T11:14:31.964Z;config_id=170b1c1e;rssi=-56;uptime_s=594120;heap=152400;cal_tier=board-cal;cal_src=wet_rederive_1236_20260719;pressure_context_source=weather_openmeteo;transport=wifi_poll,
plants.env,2026-07-28T11:14:39.480Z,2026-07-28 06:14:39.480,25370,2a89d4,8gtt1h,0.7.3,fleet_logger_0_1,594120719,ESP32,esp32_die,on_chip,die_temp,,22.70,degC,OK,,,,,name=c5off1;source=esp32_die;cal=uncalibrated_board_proxy;api=temperatureRead;config_id=170b1c1e;transport=wifi_poll,
plants.soil,2026-07-28T11:15:09.788Z,2026-07-28 06:15:09.788,25371,2a89d4,8gtt1h,0.7.3,fleet_logger_0_1,594150035,UMLIFE_v2_TLC555,ch0,origplant,soil_moisture,1220,,,OK,,,985.1,,name=c5off1;level=overwatered;role=disp;spread=12;gpio=1;device_seq=79216;time_source=device_synced;device_timestamp_utc=2026-07-28T11:15:01.964Z;config_id=170b1c1e;rssi=-57;uptime_s=594150;heap=152352;cal_tier=board-cal;cal_src=wet_rederive_1236_20260719;pressure_context_source=weather_openmeteo;transport=wifi_poll,
plants.soil,2026-07-28T11:15:09.788Z,2026-07-28 06:15:09.788,25372,2a89d4,8gtt1h,0.7.3,fleet_logger_0_1,594150035,UMLIFE_v2_TLC555,ch1,origplant,soil_moisture,1383,,,OK,,,985.1,,name=c5off1;level=well watered;role=disp;spread=9;gpio=4;device_seq=79217;time_source=device_synced;device_timestamp_utc=2026-07-28T11:15:01.964Z;config_id=170b1c1e;rssi=-57;uptime_s=594150;heap=152352;cal_tier=board-cal;cal_src=wet_rederive_1236_20260719;pressure_context_source=weather_openmeteo;transport=wifi_poll,
plants.soil,2026-07-28T11:15:09.788Z,2026-07-28 06:15:09.788,25373,2a89d4,8gtt1h,0.7.3,fleet_logger_0_1,594150035,UMLIFE_v2_TLC555,ch2,origplant,soil_moisture,1263,,,OK,,,985.1,,name=c5off1;level=overwatered;role=disp;spread=21;gpio=5;device_seq=79218;time_source=device_synced;device_timestamp_utc=2026-07-28T11:15:01.964Z;config_id=170b1c1e;rssi=-57;uptime_s=594150;heap=152352;cal_tier=board-cal;cal_src=wet_rederive_1236_20260719;pressure_context_source=weather_openmeteo;transport=wifi_poll,
plants.soil,2026-07-28T11:15:09.788Z,2026-07-28 06:15:09.788,25374,2a89d4,8gtt1h,0.7.3,fleet_logger_0_1,594150035,UMLIFE_v2_TLC555,ch3,origplant,soil_moisture,1594,,,OK,,,985.1,,name=c5off1;level=OK;role=disp;spread=16;gpio=6;device_seq=79219;time_source=device_synced;device_timestamp_utc=2026-07-28T11:15:01.964Z;config_id=170b1c1e;rssi=-57;uptime_s=594150;heap=152352;cal_tier=board-cal;cal_src=wet_rederive_1236_20260719;pressure_context_source=weather_openmeteo;transport=wifi_poll,
plants.env,2026-07-28T11:15:09.788Z,2026-07-28 06:15:09.788,25375,2a89d4,8gtt1h,0.7.3,fleet_logger_0_1,594150719,ESP32,esp32_die,on_chip,die_temp,,23.70,degC,OK,,,,,name=c5off1;source=esp32_die;cal=uncalibrated_board_proxy;api=temperatureRead;config_id=170b1c1e;transport=wifi_poll,
plants.soil,2026-07-28T11:15:40.044Z,2026-07-28 06:15:40.044,25376,2a89d4,8gtt1h,0.7.3,fleet_logger_0_1,594180035,UMLIFE_v2_TLC555,ch0,origplant,soil_moisture,1225,,,OK,,,985.1,,name=c5off1;level=overwatered;role=disp;spread=8;gpio=1;device_seq=79220;time_source=device_synced;device_timestamp_utc=2026-07-28T11:15:31.964Z;config_id=170b1c1e;rssi=-55;uptime_s=594180;heap=152644;cal_tier=board-cal;cal_src=wet_rederive_1236_20260719;pressure_context_source=weather_openmeteo;transport=wifi_poll,
plants.soil,2026-07-28T11:15:40.044Z,2026-07-28 06:15:40.044,25377,2a89d4,8gtt1h,0.7.3,fleet_logger_0_1,594180035,UMLIFE_v2_TLC555,ch1,origplant,soil_moisture,1384,,,OK,,,985.1,,name=c5off1;level=well watered;role=disp;spread=22;gpio=4;device_seq=79221;time_source=device_synced;device_timestamp_utc=2026-07-28T11:15:31.964Z;config_id=170b1c1e;rssi=-55;uptime_s=594180;heap=152644;cal_tier=board-cal;cal_src=wet_rederive_1236_20260719;pressure_context_source=weather_openmeteo;transport=wifi_poll,
plants.soil,2026-07-28T11:15:40.044Z,2026-07-28 06:15:40.044,25378,2a89d4,8gtt1h,0.7.3,fleet_logger_0_1,594180035,UMLIFE_v2_TLC555,ch2,origplant,soil_moisture,1266,,,OK,,,985.1,,name=c5off1;level=overwatered;role=disp;spread=12;gpio=5;device_seq=79222;time_source=device_synced;device_timestamp_utc=2026-07-28T11:15:31.964Z;config_id=170b1c1e;rssi=-55;uptime_s=594180;heap=152644;cal_tier=board-cal;cal_src=wet_rederive_1236_20260719;pressure_context_source=weather_openmeteo;transport=wifi_poll,
plants.soil,2026-07-28T11:15:40.044Z,2026-07-28 06:15:40.044,25379,2a89d4,8gtt1h,0.7.3,fleet_logger_0_1,594180035,UMLIFE_v2_TLC555,ch3,origplant,soil_moisture,1610,,,OK,,,985.1,,name=c5off1;level=OK;role=disp;spread=25;gpio=6;device_seq=79223;time_source=device_synced;device_timestamp_utc=2026-07-28T11:15:31.964Z;config_id=170b1c1e;rssi=-55;uptime_s=594180;heap=152644;cal_tier=board-cal;cal_src=wet_rederive_1236_20260719;pressure_context_source=weather_openmeteo;transport=wifi_poll,
plants.env,2026-07-28T11:15:40.044Z,2026-07-28 06:15:40.044,25380,2a89d4,8gtt1h,0.7.3,fleet_logger_0_1,594180719,ESP32,esp32_die,on_chip,die_temp,,22.70,degC,OK,,,,,name=c5off1;source=esp32_die;cal=uncalibrated_board_proxy;api=temperatureRead;config_id=170b1c1e;transport=wifi_poll,
plants.soil,2026-07-28T11:16:10.415Z,2026-07-28 06:16:10.415,25381,2a89d4,8gtt1h,0.7.3,fleet_logger_0_1,594210035,UMLIFE_v2_TLC555,ch0,origplant,soil_moisture,1232,,,OK,,,985.1,,name=c5off1;level=overwatered;role=disp;spread=19;gpio=1;device_seq=79224;time_source=device_synced;device_timestamp_utc=2026-07-28T11:16:01.964Z;config_id=170b1c1e;rssi=-56;uptime_s=594210;heap=152612;cal_tier=board-cal;cal_src=wet_rederive_1236_20260719;pressure_context_source=weather_openmeteo;transport=wifi_poll,
plants.soil,2026-07-28T11:16:10.415Z,2026-07-28 06:16:10.415,25382,2a89d4,8gtt1h,0.7.3,fleet_logger_0_1,594210035,UMLIFE_v2_TLC555,ch1,origplant,soil_moisture,1384,,,OK,,,985.1,,name=c5off1;level=well watered;role=disp;spread=13;gpio=4;device_seq=79225;time_source=device_synced;device_timestamp_utc=2026-07-28T11:16:01.964Z;config_id=170b1c1e;rssi=-56;uptime_s=594210;heap=152612;cal_tier=board-cal;cal_src=wet_rederive_1236_20260719;pressure_context_source=weather_openmeteo;transport=wifi_poll,
plants.soil,2026-07-28T11:16:10.415Z,2026-07-28 06:16:10.415,25383,2a89d4,8gtt1h,0.7.3,fleet_logger_0_1,594210035,UMLIFE_v2_TLC555,ch2,origplant,soil_moisture,1265,,,OK,,,985.1,,name=c5off1;level=overwatered;role=disp;spread=12;gpio=5;device_seq=79226;time_source=device_synced;device_timestamp_utc=2026-07-28T11:16:01.964Z;config_id=170b1c1e;rssi=-56;uptime_s=594210;heap=152612;cal_tier=board-cal;cal_src=wet_rederive_1236_20260719;pressure_context_source=weather_openmeteo;transport=wifi_poll,
plants.soil,2026-07-28T11:16:10.415Z,2026-07-28 06:16:10.415,25384,2a89d4,8gtt1h,0.7.3,fleet_logger_0_1,594210035,UMLIFE_v2_TLC555,ch3,origplant,soil_moisture,1595,,,OK,,,985.1,,name=c5off1;level=OK;role=disp;spread=13;gpio=6;device_seq=79227;time_source=device_synced;device_timestamp_utc=2026-07-28T11:16:01.964Z;config_id=170b1c1e;rssi=-56;uptime_s=594210;heap=152612;cal_tier=board-cal;cal_src=wet_rederive_1236_20260719;pressure_context_source=weather_openmeteo;transport=wifi_poll,
plants.env,2026-07-28T11:16:10.415Z,2026-07-28 06:16:10.415,25385,2a89d4,8gtt1h,0.7.3,fleet_logger_0_1,594210719,ESP32,esp32_die,on_chip,die_temp,,23.70,degC,OK,,,,,name=c5off1;source=esp32_die;cal=uncalibrated_board_proxy;api=temperatureRead;config_id=170b1c1e;transport=wifi_poll,
plants.soil,2026-07-28T11:16:40.665Z,2026-07-28 06:16:40.665,25386,2a89d4,8gtt1h,0.7.3,fleet_logger_0_1,594240035,UMLIFE_v2_TLC555,ch0,origplant,soil_moisture,1233,,,OK,,,985.1,,name=c5off1;level=overwatered;role=disp;spread=8;gpio=1;device_seq=79228;time_source=device_synced;device_timestamp_utc=2026-07-28T11:16:31.964Z;config_id=170b1c1e;rssi=-56;uptime_s=594240;heap=152648;cal_tier=board-cal;cal_src=wet_rederive_1236_20260719;pressure_context_source=weather_openmeteo;transport=wifi_poll,
plants.soil,2026-07-28T11:16:40.665Z,2026-07-28 06:16:40.665,25387,2a89d4,8gtt1h,0.7.3,fleet_logger_0_1,594240035,UMLIFE_v2_TLC555,ch1,origplant,soil_moisture,1394,,,OK,,,985.1,,name=c5off1;level=well watered;role=disp;spread=21;gpio=4;device_seq=79229;time_source=device_synced;device_timestamp_utc=2026-07-28T11:16:31.964Z;config_id=170b1c1e;rssi=-56;uptime_s=594240;heap=152648;cal_tier=board-cal;cal_src=wet_rederive_1236_20260719;pressure_context_source=weather_openmeteo;transport=wifi_poll,
plants.soil,2026-07-28T11:16:40.665Z,2026-07-28 06:16:40.665,25388,2a89d4,8gtt1h,0.7.3,fleet_logger_0_1,594240035,UMLIFE_v2_TLC555,ch2,origplant,soil_moisture,1266,,,OK,,,985.1,,name=c5off1;level=overwatered;role=disp;spread=3;gpio=5;device_seq=79230;time_source=device_synced;device_timestamp_utc=2026-07-28T11:16:31.964Z;config_id=170b1c1e;rssi=-56;uptime_s=594240;heap=152648;cal_tier=board-cal;cal_src=wet_rederive_1236_20260719;pressure_context_source=weather_openmeteo;transport=wifi_poll,
plants.soil,2026-07-28T11:16:40.665Z,2026-07-28 06:16:40.665,25389,2a89d4,8gtt1h,0.7.3,fleet_logger_0_1,594240035,UMLIFE_v2_TLC555,ch3,origplant,soil_moisture,1598,,,OK,,,985.1,,name=c5off1;level=OK;role=disp;spread=27;gpio=6;device_seq=79231;time_source=device_synced;device_timestamp_utc=2026-07-28T11:16:31.964Z;config_id=170b1c1e;rssi=-56;uptime_s=594240;heap=152648;cal_tier=board-cal;cal_src=wet_rederive_1236_20260719;pressure_context_source=weather_openmeteo;transport=wifi_poll,
plants.env,2026-07-28T11:16:40.665Z,2026-07-28 06:16:40.665,25390,2a89d4,8gtt1h,0.7.3,fleet_logger_0_1,594240719,ESP32,esp32_die,on_chip,die_temp,,23.70,degC,OK,,,,,name=c5off1;source=esp32_die;cal=uncalibrated_board_proxy;api=temperatureRead;config_id=170b1c1e;transport=wifi_poll,
plants.soil,2026-07-28T11:17:12.860Z,2026-07-28 06:17:12.860,25391,2a89d4,8gtt1h,0.7.3,fleet_logger_0_1,594270035,UMLIFE_v2_TLC555,ch0,origplant,soil_moisture,1234,,,OK,,,985.1,,name=c5off1;level=overwatered;role=disp;spread=17;gpio=1;device_seq=79232;time_source=device_synced;device_timestamp_utc=2026-07-28T11:17:01.964Z;config_id=170b1c1e;rssi=-54;uptime_s=594270;heap=152644;cal_tier=board-cal;cal_src=wet_rederive_1236_20260719;pressure_context_source=weather_openmeteo;transport=wifi_poll,
plants.soil,2026-07-28T11:17:12.860Z,2026-07-28 06:17:12.860,25392,2a89d4,8gtt1h,0.7.3,fleet_logger_0_1,594270035,UMLIFE_v2_TLC555,ch1,origplant,soil_moisture,1402,,,OK,,,985.1,,name=c5off1;level=well watered;role=disp;spread=22;gpio=4;device_seq=79233;time_source=device_synced;device_timestamp_utc=2026-07-28T11:17:01.964Z;config_id=170b1c1e;rssi=-54;uptime_s=594270;heap=152644;cal_tier=board-cal;cal_src=wet_rederive_1236_20260719;pressure_context_source=weather_openmeteo;transport=wifi_poll,
plants.soil,2026-07-28T11:17:12.860Z,2026-07-28 06:17:12.860,25393,2a89d4,8gtt1h,0.7.3,fleet_logger_0_1,594270035,UMLIFE_v2_TLC555,ch2,origplant,soil_moisture,1266,,,OK,,,985.1,,name=c5off1;level=overwatered;role=disp;spread=8;gpio=5;device_seq=79234;time_source=device_synced;device_timestamp_utc=2026-07-28T11:17:01.964Z;config_id=170b1c1e;rssi=-54;uptime_s=594270;heap=152644;cal_tier=board-cal;cal_src=wet_rederive_1236_20260719;pressure_context_source=weather_openmeteo;transport=wifi_poll,
plants.soil,2026-07-28T11:17:12.860Z,2026-07-28 06:17:12.860,25394,2a89d4,8gtt1h,0.7.3,fleet_logger_0_1,594270035,UMLIFE_v2_TLC555,ch3,origplant,soil_moisture,1600,,,OK,,,985.1,,name=c5off1;level=OK;role=disp;spread=40;gpio=6;device_seq=79235;time_source=device_synced;device_timestamp_utc=2026-07-28T11:17:01.964Z;config_id=170b1c1e;rssi=-54;uptime_s=594270;heap=152644;cal_tier=board-cal;cal_src=wet_rederive_1236_20260719;pressure_context_source=weather_openmeteo;transport=wifi_poll,
plants.env,2026-07-28T11:17:12.860Z,2026-07-28 06:17:12.860,25395,2a89d4,8gtt1h,0.7.3,fleet_logger_0_1,594270719,ESP32,esp32_die,on_chip,die_temp,,23.70,degC,OK,,,,,name=c5off1;source=esp32_die;cal=uncalibrated_board_proxy;api=temperatureRead;config_id=170b1c1e;transport=wifi_poll,
plants.soil,2026-07-28T11:17:43.156Z,2026-07-28 06:17:43.156,25396,2a89d4,8gtt1h,0.7.3,fleet_logger_0_1,594300035,UMLIFE_v2_TLC555,ch0,origplant,soil_moisture,1234,,,OK,,,985.1,,name=c5off1;level=overwatered;role=disp;spread=10;gpio=1;device_seq=79236;time_source=device_synced;device_timestamp_utc=2026-07-28T11:17:31.964Z;config_id=170b1c1e;rssi=-54;uptime_s=594300;heap=152352;cal_tier=board-cal;cal_src=wet_rederive_1236_20260719;pressure_context_source=weather_openmeteo;transport=wifi_poll,
plants.soil,2026-07-28T11:17:43.156Z,2026-07-28 06:17:43.156,25397,2a89d4,8gtt1h,0.7.3,fleet_logger_0_1,594300035,UMLIFE_v2_TLC555,ch1,origplant,soil_moisture,1397,,,OK,,,985.1,,name=c5off1;level=well watered;role=disp;spread=28;gpio=4;device_seq=79237;time_source=device_synced;device_timestamp_utc=2026-07-28T11:17:31.964Z;config_id=170b1c1e;rssi=-54;uptime_s=594300;heap=152352;cal_tier=board-cal;cal_src=wet_rederive_1236_20260719;pressure_context_source=weather_openmeteo;transport=wifi_poll,
plants.soil,2026-07-28T11:17:43.156Z,2026-07-28 06:17:43.156,25398,2a89d4,8gtt1h,0.7.3,fleet_logger_0_1,594300035,UMLIFE_v2_TLC555,ch2,origplant,soil_moisture,1266,,,OK,,,985.1,,name=c5off1;level=overwatered;role=disp;spread=12;gpio=5;device_seq=79238;time_source=device_synced;device_timestamp_utc=2026-07-28T11:17:31.964Z;config_id=170b1c1e;rssi=-54;uptime_s=594300;heap=152352;cal_tier=board-cal;cal_src=wet_rederive_1236_20260719;pressure_context_source=weather_openmeteo;transport=wifi_poll,
plants.soil,2026-07-28T11:17:43.156Z,2026-07-28 06:17:43.156,25399,2a89d4,8gtt1h,0.7.3,fleet_logger_0_1,594300035,UMLIFE_v2_TLC555,ch3,origplant,soil_moisture,1608,,,OK,,,985.1,,name=c5off1;level=OK;role=disp;spread=19;gpio=6;device_seq=79239;time_source=device_synced;device_timestamp_utc=2026-07-28T11:17:31.964Z;config_id=170b1c1e;rssi=-54;uptime_s=594300;heap=152352;cal_tier=board-cal;cal_src=wet_rederive_1236_20260719;pressure_context_source=weather_openmeteo;transport=wifi_poll,
plants.env,2026-07-28T11:17:43.156Z,2026-07-28 06:17:43.156,25400,2a89d4,8gtt1h,0.7.3,fleet_logger_0_1,594300719,ESP32,esp32_die,on_chip,die_temp,,22.70,degC,OK,,,,,name=c5off1;source=esp32_die;cal=uncalibrated_board_proxy;api=temperatureRead;config_id=170b1c1e;transport=wifi_poll,
plants.soil,2026-07-28T11:18:15.315Z,2026-07-28 06:18:15.315,25401,2a89d4,8gtt1h,0.7.3,fleet_logger_0_1,594330035,UMLIFE_v2_TLC555,ch0,origplant,soil_moisture,1235,,,OK,,,985.1,,name=c5off1;level=overwatered;role=disp;spread=12;gpio=1;device_seq=79240;time_source=device_synced;device_timestamp_utc=2026-07-28T11:18:01.965Z;config_id=170b1c1e;rssi=-55;uptime_s=594330;heap=152340;cal_tier=board-cal;cal_src=wet_rederive_1236_20260719;pressure_context_source=weather_openmeteo;transport=wifi_poll,
plants.soil,2026-07-28T11:18:15.315Z,2026-07-28 06:18:15.315,25402,2a89d4,8gtt1h,0.7.3,fleet_logger_0_1,594330035,UMLIFE_v2_TLC555,ch1,origplant,soil_moisture,1399,,,OK,,,985.1,,name=c5off1;level=well watered;role=disp;spread=15;gpio=4;device_seq=79241;time_source=device_synced;device_timestamp_utc=2026-07-28T11:18:01.965Z;config_id=170b1c1e;rssi=-55;uptime_s=594330;heap=152340;cal_tier=board-cal;cal_src=wet_rederive_1236_20260719;pressure_context_source=weather_openmeteo;transport=wifi_poll,
plants.soil,2026-07-28T11:18:15.315Z,2026-07-28 06:18:15.315,25403,2a89d4,8gtt1h,0.7.3,fleet_logger_0_1,594330035,UMLIFE_v2_TLC555,ch2,origplant,soil_moisture,1267,,,OK,,,985.1,,name=c5off1;level=overwatered;role=disp;spread=20;gpio=5;device_seq=79242;time_source=device_synced;device_timestamp_utc=2026-07-28T11:18:01.965Z;config_id=170b1c1e;rssi=-55;uptime_s=594330;heap=152340;cal_tier=board-cal;cal_src=wet_rederive_1236_20260719;pressure_context_source=weather_openmeteo;transport=wifi_poll,
plants.soil,2026-07-28T11:18:15.315Z,2026-07-28 06:18:15.315,25404,2a89d4,8gtt1h,0.7.3,fleet_logger_0_1,594330035,UMLIFE_v2_TLC555,ch3,origplant,soil_moisture,1612,,,OK,,,985.1,,name=c5off1;level=OK;role=disp;spread=20;gpio=6;device_seq=79243;time_source=device_synced;device_timestamp_utc=2026-07-28T11:18:01.965Z;config_id=170b1c1e;rssi=-55;uptime_s=594330;heap=152340;cal_tier=board-cal;cal_src=wet_rederive_1236_20260719;pressure_context_source=weather_openmeteo;transport=wifi_poll,
plants.env,2026-07-28T11:18:15.315Z,2026-07-28 06:18:15.315,25405,2a89d4,8gtt1h,0.7.3,fleet_logger_0_1,594330719,ESP32,esp32_die,on_chip,die_temp,,22.70,degC,OK,,,,,name=c5off1;source=esp32_die;cal=uncalibrated_board_proxy;api=temperatureRead;config_id=170b1c1e;transport=wifi_poll,
plants.soil,2026-07-28T11:18:46.980Z,2026-07-28 06:18:46.980,25406,2a89d4,8gtt1h,0.7.3,fleet_logger_0_1,594360035,UMLIFE_v2_TLC555,ch0,origplant,soil_moisture,1234,,,OK,,,985.1,,name=c5off1;level=overwatered;role=disp;spread=18;gpio=1;device_seq=79244;time_source=device_synced;device_timestamp_utc=2026-07-28T11:18:31.964Z;config_id=170b1c1e;rssi=-55;uptime_s=594360;heap=152564;cal_tier=board-cal;cal_src=wet_rederive_1236_20260719;pressure_context_source=weather_openmeteo;transport=wifi_poll,
plants.soil,2026-07-28T11:18:46.980Z,2026-07-28 06:18:46.980,25407,2a89d4,8gtt1h,0.7.3,fleet_logger_0_1,594360035,UMLIFE_v2_TLC555,ch1,origplant,soil_moisture,1399,,,OK,,,985.1,,name=c5off1;level=well watered;role=disp;spread=19;gpio=4;device_seq=79245;time_source=device_synced;device_timestamp_utc=2026-07-28T11:18:31.964Z;config_id=170b1c1e;rssi=-55;uptime_s=594360;heap=152564;cal_tier=board-cal;cal_src=wet_rederive_1236_20260719;pressure_context_source=weather_openmeteo;transport=wifi_poll,
plants.soil,2026-07-28T11:18:46.980Z,2026-07-28 06:18:46.980,25408,2a89d4,8gtt1h,0.7.3,fleet_logger_0_1,594360035,UMLIFE_v2_TLC555,ch2,origplant,soil_moisture,1266,,,OK,,,985.1,,name=c5off1;level=overwatered;role=disp;spread=14;gpio=5;device_seq=79246;time_source=device_synced;device_timestamp_utc=2026-07-28T11:18:31.964Z;config_id=170b1c1e;rssi=-55;uptime_s=594360;heap=152564;cal_tier=board-cal;cal_src=wet_rederive_1236_20260719;pressure_context_source=weather_openmeteo;transport=wifi_poll,
plants.soil,2026-07-28T11:18:46.980Z,2026-07-28 06:18:46.980,25409,2a89d4,8gtt1h,0.7.3,fleet_logger_0_1,594360035,UMLIFE_v2_TLC555,ch3,origplant,soil_moisture,1614,,,OK,,,985.1,,name=c5off1;level=OK;role=disp;spread=26;gpio=6;device_seq=79247;time_source=device_synced;device_timestamp_utc=2026-07-28T11:18:31.964Z;config_id=170b1c1e;rssi=-55;uptime_s=594360;heap=152564;cal_tier=board-cal;cal_src=wet_rederive_1236_20260719;pressure_context_source=weather_openmeteo;transport=wifi_poll,
plants.env,2026-07-28T11:18:46.980Z,2026-07-28 06:18:46.980,25410,2a89d4,8gtt1h,0.7.3,fleet_logger_0_1,594360719,ESP32,esp32_die,on_chip,die_temp,,23.70,degC,OK,,,,,name=c5off1;source=esp32_die;cal=uncalibrated_board_proxy;api=temperatureRead;config_id=170b1c1e;transport=wifi_poll,
plants.soil,2026-07-28T11:19:17.294Z,2026-07-28 06:19:17.294,25411,2a89d4,8gtt1h,0.7.3,fleet_logger_0_1,594390035,UMLIFE_v2_TLC555,ch0,origplant,soil_moisture,1233,,,OK,,,985.1,,name=c5off1;level=overwatered;role=disp;spread=15;gpio=1;device_seq=79248;time_source=device_synced;device_timestamp_utc=2026-07-28T11:19:01.964Z;config_id=170b1c1e;rssi=-54;uptime_s=594390;heap=152640;cal_tier=board-cal;cal_src=wet_rederive_1236_20260719;pressure_context_source=weather_openmeteo;transport=wifi_poll,
plants.soil,2026-07-28T11:19:17.294Z,2026-07-28 06:19:17.294,25412,2a89d4,8gtt1h,0.7.3,fleet_logger_0_1,594390035,UMLIFE_v2_TLC555,ch1,origplant,soil_moisture,1398,,,OK,,,985.1,,name=c5off1;level=well watered;role=disp;spread=11;gpio=4;device_seq=79249;time_source=device_synced;device_timestamp_utc=2026-07-28T11:19:01.964Z;config_id=170b1c1e;rssi=-54;uptime_s=594390;heap=152640;cal_tier=board-cal;cal_src=wet_rederive_1236_20260719;pressure_context_source=weather_openmeteo;transport=wifi_poll,
plants.soil,2026-07-28T11:19:17.294Z,2026-07-28 06:19:17.294,25413,2a89d4,8gtt1h,0.7.3,fleet_logger_0_1,594390035,UMLIFE_v2_TLC555,ch2,origplant,soil_moisture,1266,,,OK,,,985.1,,name=c5off1;level=overwatered;role=disp;spread=34;gpio=5;device_seq=79250;time_source=device_synced;device_timestamp_utc=2026-07-28T11:19:01.964Z;config_id=170b1c1e;rssi=-54;uptime_s=594390;heap=152640;cal_tier=board-cal;cal_src=wet_rederive_1236_20260719;pressure_context_source=weather_openmeteo;transport=wifi_poll,
plants.soil,2026-07-28T11:19:17.294Z,2026-07-28 06:19:17.294,25414,2a89d4,8gtt1h,0.7.3,fleet_logger_0_1,594390035,UMLIFE_v2_TLC555,ch3,origplant,soil_moisture,1610,,,OK,,,985.1,,name=c5off1;level=OK;role=disp;spread=15;gpio=6;device_seq=79251;time_source=device_synced;device_timestamp_utc=2026-07-28T11:19:01.964Z;config_id=170b1c1e;rssi=-54;uptime_s=594390;heap=152640;cal_tier=board-cal;cal_src=wet_rederive_1236_20260719;pressure_context_source=weather_openmeteo;transport=wifi_poll,
plants.env,2026-07-28T11:19:17.294Z,2026-07-28 06:19:17.294,25415,2a89d4,8gtt1h,0.7.3,fleet_logger_0_1,594390719,ESP32,esp32_die,on_chip,die_temp,,22.70,degC,OK,,,,,name=c5off1;source=esp32_die;cal=uncalibrated_board_proxy;api=temperatureRead;config_id=170b1c1e;transport=wifi_poll,
plants.soil,2026-07-28T11:19:47.646Z,2026-07-28 06:19:47.646,25416,2a89d4,8gtt1h,0.7.3,fleet_logger_0_1,594420035,UMLIFE_v2_TLC555,ch0,origplant,soil_moisture,1234,,,OK,,,985.1,,name=c5off1;level=overwatered;role=disp;spread=17;gpio=1;device_seq=79252;time_source=device_synced;device_timestamp_utc=2026-07-28T11:19:31.964Z;config_id=170b1c1e;rssi=-57;uptime_s=594420;heap=152644;cal_tier=board-cal;cal_src=wet_rederive_1236_20260719;pressure_context_source=weather_openmeteo;transport=wifi_poll,
plants.soil,2026-07-28T11:19:47.646Z,2026-07-28 06:19:47.646,25417,2a89d4,8gtt1h,0.7.3,fleet_logger_0_1,594420035,UMLIFE_v2_TLC555,ch1,origplant,soil_moisture,1397,,,OK,,,985.1,,name=c5off1;level=well watered;role=disp;spread=17;gpio=4;device_seq=79253;time_source=device_synced;device_timestamp_utc=2026-07-28T11:19:31.964Z;config_id=170b1c1e;rssi=-57;uptime_s=594420;heap=152644;cal_tier=board-cal;cal_src=wet_rederive_1236_20260719;pressure_context_source=weather_openmeteo;transport=wifi_poll,
plants.soil,2026-07-28T11:19:47.646Z,2026-07-28 06:19:47.646,25418,2a89d4,8gtt1h,0.7.3,fleet_logger_0_1,594420035,UMLIFE_v2_TLC555,ch2,origplant,soil_moisture,1267,,,OK,,,985.1,,name=c5off1;level=overwatered;role=disp;spread=18;gpio=5;device_seq=79254;time_source=device_synced;device_timestamp_utc=2026-07-28T11:19:31.964Z;config_id=170b1c1e;rssi=-57;uptime_s=594420;heap=152644;cal_tier=board-cal;cal_src=wet_rederive_1236_20260719;pressure_context_source=weather_openmeteo;transport=wifi_poll,
plants.soil,2026-07-28T11:19:47.646Z,2026-07-28 06:19:47.646,25419,2a89d4,8gtt1h,0.7.3,fleet_logger_0_1,594420035,UMLIFE_v2_TLC555,ch3,origplant,soil_moisture,1611,,,OK,,,985.1,,name=c5off1;level=OK;role=disp;spread=8;gpio=6;device_seq=79255;time_source=device_synced;device_timestamp_utc=2026-07-28T11:19:31.964Z;config_id=170b1c1e;rssi=-57;uptime_s=594420;heap=152644;cal_tier=board-cal;cal_src=wet_rederive_1236_20260719;pressure_context_source=weather_openmeteo;transport=wifi_poll,
plants.env,2026-07-28T11:19:47.646Z,2026-07-28 06:19:47.646,25420,2a89d4,8gtt1h,0.7.3,fleet_logger_0_1,594420719,ESP32,esp32_die,on_chip,die_temp,,22.70,degC,OK,,,,,name=c5off1;source=esp32_die;cal=uncalibrated_board_proxy;api=temperatureRead;config_id=170b1c1e;transport=wifi_poll,
plants.soil,2026-07-28T11:20:18.060Z,2026-07-28 06:20:18.060,25421,2a89d4,8gtt1h,0.7.3,fleet_logger_0_1,594450035,UMLIFE_v2_TLC555,ch0,origplant,soil_moisture,1234,,,OK,,,985.1,,name=c5off1;level=overwatered;role=disp;spread=20;gpio=1;device_seq=79256;time_source=device_synced;device_timestamp_utc=2026-07-28T11:20:01.964Z;config_id=170b1c1e;rssi=-56;uptime_s=594450;heap=152644;cal_tier=board-cal;cal_src=wet_rederive_1236_20260719;pressure_context_source=weather_openmeteo;transport=wifi_poll,
plants.soil,2026-07-28T11:20:18.060Z,2026-07-28 06:20:18.060,25422,2a89d4,8gtt1h,0.7.3,fleet_logger_0_1,594450035,UMLIFE_v2_TLC555,ch1,origplant,soil_moisture,1398,,,OK,,,985.1,,name=c5off1;level=well watered;role=disp;spread=22;gpio=4;device_seq=79257;time_source=device_synced;device_timestamp_utc=2026-07-28T11:20:01.964Z;config_id=170b1c1e;rssi=-56;uptime_s=594450;heap=152644;cal_tier=board-cal;cal_src=wet_rederive_1236_20260719;pressure_context_source=weather_openmeteo;transport=wifi_poll,
plants.soil,2026-07-28T11:20:18.060Z,2026-07-28 06:20:18.060,25423,2a89d4,8gtt1h,0.7.3,fleet_logger_0_1,594450035,UMLIFE_v2_TLC555,ch2,origplant,soil_moisture,1265,,,OK,,,985.1,,name=c5off1;level=overwatered;role=disp;spread=15;gpio=5;device_seq=79258;time_source=device_synced;device_timestamp_utc=2026-07-28T11:20:01.964Z;config_id=170b1c1e;rssi=-56;uptime_s=594450;heap=152644;cal_tier=board-cal;cal_src=wet_rederive_1236_20260719;pressure_context_source=weather_openmeteo;transport=wifi_poll,
