plants.soil,2026-07-27T21:04:51.742Z,2026-07-27 16:04:51.742,17089,2a89d4,8gtt1h,0.7.3,fleet_logger_0_1,543120034,UMLIFE_v2_TLC555,ch3,origplant,soil_moisture,1599,,,OK,,,983.6,,name=c5off1;level=OK;role=disp;spread=8;gpio=6;device_seq=72415;time_source=device_synced;device_timestamp_utc=2026-07-27T21:04:31.949Z;config_id=170b1c1e;rssi=-52;uptime_s=543120;heap=152672;cal_tier=board-cal;cal_src=wet_rederive_1236_20260719;pressure_context_source=weather_openmeteo;transport=wifi_poll,
plants.env,2026-07-27T21:04:51.742Z,2026-07-27 16:04:51.742,17090,2a89d4,8gtt1h,0.7.3,fleet_logger_0_1,543120718,ESP32,esp32_die,on_chip,die_temp,,25.70,degC,OK,,,,,name=c5off1;source=esp32_die;cal=uncalibrated_board_proxy;api=temperatureRead;config_id=170b1c1e;transport=wifi_poll,
plants.soil,2026-07-27T21:05:22.167Z,2026-07-27 16:05:22.167,17091,2a89d4,8gtt1h,0.7.3,fleet_logger_0_1,543150034,UMLIFE_v2_TLC555,ch0,origplant,soil_moisture,1207,,,OK,,,983.6,,name=c5off1;level=overwatered;role=disp;spread=20;gpio=1;device_seq=72416;time_source=device_synced;device_timestamp_utc=2026-07-27T21:05:01.949Z;config_id=170b1c1e;rssi=-57;uptime_s=543150;heap=152672;cal_tier=board-cal;cal_src=wet_rederive_1236_20260719;pressure_context_source=weather_openmeteo;transport=wifi_poll,
plants.soil,2026-07-27T21:05:22.167Z,2026-07-27 16:05:22.167,17092,2a89d4,8gtt1h,0.7.3,fleet_logger_0_1,543150034,UMLIFE_v2_TLC555,ch1,origplant,soil_moisture,1331,,,OK,,,983.6,,name=c5off1;level=well watered;role=disp;spread=14;gpio=4;device_seq=72417;time_source=device_synced;device_timestamp_utc=2026-07-27T21:05:01.949Z;config_id=170b1c1e;rssi=-57;uptime_s=543150;heap=152672;cal_tier=board-cal;cal_src=wet_rederive_1236_20260719;pressure_context_source=weather_openmeteo;transport=wifi_poll,
plants.soil,2026-07-27T21:05:22.167Z,2026-07-27 16:05:22.167,17093,2a89d4,8gtt1h,0.7.3,fleet_logger_0_1,543150034,UMLIFE_v2_TLC555,ch2,origplant,soil_moisture,1176,,,OK,,,983.6,,name=c5off1;level=overwatered;role=disp;spread=14;gpio=5;device_seq=72418;time_source=device_synced;device_timestamp_utc=2026-07-27T21:05:01.949Z;config_id=170b1c1e;rssi=-57;uptime_s=543150;heap=152672;cal_tier=board-cal;cal_src=wet_rederive_1236_20260719;pressure_context_source=weather_openmeteo;transport=wifi_poll,
plants.soil,2026-07-27T21:05:22.167Z,2026-07-27 16:05:22.167,17094,2a89d4,8gtt1h,0.7.3,fleet_logger_0_1,543150034,UMLIFE_v2_TLC555,ch3,origplant,soil_moisture,1578,,,OK,,,983.6,,name=c5off1;level=OK;role=disp;spread=20;gpio=6;device_seq=72419;time_source=device_synced;device_timestamp_utc=2026-07-27T21:05:01.949Z;config_id=170b1c1e;rssi=-57;uptime_s=543150;heap=152672;cal_tier=board-cal;cal_src=wet_rederive_1236_20260719;pressure_context_source=weather_openmeteo;transport=wifi_poll,
plants.env,2026-07-27T21:05:22.167Z,2026-07-27 16:05:22.167,17095,2a89d4,8gtt1h,0.7.3,fleet_logger_0_1,543150718,ESP32,esp32_die,on_chip,die_temp,,24.70,degC,OK,,,,,name=c5off1;source=esp32_die;cal=uncalibrated_board_proxy;api=temperatureRead;config_id=170b1c1e;transport=wifi_poll,
plants.soil,2026-07-27T21:05:52.475Z,2026-07-27 16:05:52.475,17096,2a89d4,8gtt1h,0.7.3,fleet_logger_0_1,543180034,UMLIFE_v2_TLC555,ch0,origplant,soil_moisture,1213,,,OK,,,983.6,,name=c5off1;level=overwatered;role=disp;spread=20;gpio=1;device_seq=72420;time_source=device_synced;device_timestamp_utc=2026-07-27T21:05:31.949Z;config_id=170b1c1e;rssi=-58;uptime_s=543180;heap=152416;cal_tier=board-cal;cal_src=wet_rederive_1236_20260719;pressure_context_source=weather_openmeteo;transport=wifi_poll,
plants.soil,2026-07-27T21:05:52.475Z,2026-07-27 16:05:52.475,17097,2a89d4,8gtt1h,0.7.3,fleet_logger_0_1,543180034,UMLIFE_v2_TLC555,ch1,origplant,soil_moisture,1333,,,OK,,,983.6,,name=c5off1;level=well watered;role=disp;spread=10;gpio=4;device_seq=72421;time_source=device_synced;device_timestamp_utc=2026-07-27T21:05:31.949Z;config_id=170b1c1e;rssi=-58;uptime_s=543180;heap=152416;cal_tier=board-cal;cal_src=wet_rederive_1236_20260719;pressure_context_source=weather_openmeteo;transport=wifi_poll,
plants.soil,2026-07-27T21:05:52.475Z,2026-07-27 16:05:52.475,17098,2a89d4,8gtt1h,0.7.3,fleet_logger_0_1,543180034,UMLIFE_v2_TLC555,ch2,origplant,soil_moisture,1177,,,OK,,,983.6,,name=c5off1;level=overwatered;role=disp;spread=14;gpio=5;device_seq=72422;time_source=device_synced;device_timestamp_utc=2026-07-27T21:05:31.949Z;config_id=170b1c1e;rssi=-58;uptime_s=543180;heap=152416;cal_tier=board-cal;cal_src=wet_rederive_1236_20260719;pressure_context_source=weather_openmeteo;transport=wifi_poll,
plants.soil,2026-07-27T21:05:52.475Z,2026-07-27 16:05:52.475,17099,2a89d4,8gtt1h,0.7.3,fleet_logger_0_1,543180034,UMLIFE_v2_TLC555,ch3,origplant,soil_moisture,1579,,,OK,,,983.6,,name=c5off1;level=OK;role=disp;spread=24;gpio=6;device_seq=72423;time_source=device_synced;device_timestamp_utc=2026-07-27T21:05:31.949Z;config_id=170b1c1e;rssi=-58;uptime_s=543180;heap=152416;cal_tier=board-cal;cal_src=wet_rederive_1236_20260719;pressure_context_source=weather_openmeteo;transport=wifi_poll,
plants.env,2026-07-27T21:05:52.475Z,2026-07-27 16:05:52.475,17100,2a89d4,8gtt1h,0.7.3,fleet_logger_0_1,543180718,ESP32,esp32_die,on_chip,die_temp,,24.70,degC,OK,,,,,name=c5off1;source=esp32_die;cal=uncalibrated_board_proxy;api=temperatureRead;config_id=170b1c1e;transport=wifi_poll,
plants.soil,2026-07-27T21:06:23.073Z,2026-07-27 16:06:23.073,17101,2a89d4,8gtt1h,0.7.3,fleet_logger_0_1,543210034,UMLIFE_v2_TLC555,ch0,origplant,soil_moisture,1220,,,OK,,,983.6,,name=c5off1;level=overwatered;role=disp;spread=20;gpio=1;device_seq=72424;time_source=device_synced;device_timestamp_utc=2026-07-27T21:06:01.949Z;config_id=170b1c1e;rssi=-58;uptime_s=543210;heap=152368;cal_tier=board-cal;cal_src=wet_rederive_1236_20260719;pressure_context_source=weather_openmeteo;transport=wifi_poll,
plants.soil,2026-07-27T21:06:23.073Z,2026-07-27 16:06:23.073,17102,2a89d4,8gtt1h,0.7.3,fleet_logger_0_1,543210034,UMLIFE_v2_TLC555,ch1,origplant,soil_moisture,1336,,,OK,,,983.6,,name=c5off1;level=well watered;role=disp;spread=16;gpio=4;device_seq=72425;time_source=device_synced;device_timestamp_utc=2026-07-27T21:06:01.949Z;config_id=170b1c1e;rssi=-58;uptime_s=543210;heap=152368;cal_tier=board-cal;cal_src=wet_rederive_1236_20260719;pressure_context_source=weather_openmeteo;transport=wifi_poll,
plants.soil,2026-07-27T21:06:23.073Z,2026-07-27 16:06:23.073,17103,2a89d4,8gtt1h,0.7.3,fleet_logger_0_1,543210034,UMLIFE_v2_TLC555,ch2,origplant,soil_moisture,1178,,,OK,,,983.6,,name=c5off1;level=overwatered;role=disp;spread=16;gpio=5;device_seq=72426;time_source=device_synced;device_timestamp_utc=2026-07-27T21:06:01.949Z;config_id=170b1c1e;rssi=-58;uptime_s=543210;heap=152368;cal_tier=board-cal;cal_src=wet_rederive_1236_20260719;pressure_context_source=weather_openmeteo;transport=wifi_poll,
plants.soil,2026-07-27T21:06:23.073Z,2026-07-27 16:06:23.073,17104,2a89d4,8gtt1h,0.7.3,fleet_logger_0_1,543210034,UMLIFE_v2_TLC555,ch3,origplant,soil_moisture,1580,,,OK,,,983.6,,name=c5off1;level=OK;role=disp;spread=23;gpio=6;device_seq=72427;time_source=device_synced;device_timestamp_utc=2026-07-27T21:06:01.949Z;config_id=170b1c1e;rssi=-58;uptime_s=543210;heap=152368;cal_tier=board-cal;cal_src=wet_rederive_1236_20260719;pressure_context_source=weather_openmeteo;transport=wifi_poll,
plants.env,2026-07-27T21:06:23.073Z,2026-07-27 16:06:23.073,17105,2a89d4,8gtt1h,0.7.3,fleet_logger_0_1,543210718,ESP32,esp32_die,on_chip,die_temp,,24.70,degC,OK,,,,,name=c5off1;source=esp32_die;cal=uncalibrated_board_proxy;api=temperatureRead;config_id=170b1c1e;transport=wifi_poll,
plants.soil,2026-07-27T21:06:53.412Z,2026-07-27 16:06:53.412,17106,2a89d4,8gtt1h,0.7.3,fleet_logger_0_1,543240034,UMLIFE_v2_TLC555,ch0,origplant,soil_moisture,1221,,,OK,,,983.6,,name=c5off1;level=overwatered;role=disp;spread=14;gpio=1;device_seq=72428;time_source=device_synced;device_timestamp_utc=2026-07-27T21:06:31.949Z;config_id=170b1c1e;rssi=-55;uptime_s=543240;heap=152672;cal_tier=board-cal;cal_src=wet_rederive_1236_20260719;pressure_context_source=weather_openmeteo;transport=wifi_poll,
plants.soil,2026-07-27T21:06:53.412Z,2026-07-27 16:06:53.412,17107,2a89d4,8gtt1h,0.7.3,fleet_logger_0_1,543240034,UMLIFE_v2_TLC555,ch1,origplant,soil_moisture,1345,,,OK,,,983.6,,name=c5off1;level=well watered;role=disp;spread=24;gpio=4;device_seq=72429;time_source=device_synced;device_timestamp_utc=2026-07-27T21:06:31.949Z;config_id=170b1c1e;rssi=-55;uptime_s=543240;heap=152672;cal_tier=board-cal;cal_src=wet_rederive_1236_20260719;pressure_context_source=weather_openmeteo;transport=wifi_poll,
plants.soil,2026-07-27T21:06:53.412Z,2026-07-27 16:06:53.412,17108,2a89d4,8gtt1h,0.7.3,fleet_logger_0_1,543240034,UMLIFE_v2_TLC555,ch2,origplant,soil_moisture,1175,,,OK,,,983.6,,name=c5off1;level=overwatered;role=disp;spread=14;gpio=5;device_seq=72430;time_source=device_synced;device_timestamp_utc=2026-07-27T21:06:31.949Z;config_id=170b1c1e;rssi=-55;uptime_s=543240;heap=152672;cal_tier=board-cal;cal_src=wet_rederive_1236_20260719;pressure_context_source=weather_openmeteo;transport=wifi_poll,
plants.soil,2026-07-27T21:06:53.412Z,2026-07-27 16:06:53.412,17109,2a89d4,8gtt1h,0.7.3,fleet_logger_0_1,543240034,UMLIFE_v2_TLC555,ch3,origplant,soil_moisture,1581,,,OK,,,983.6,,name=c5off1;level=OK;role=disp;spread=22;gpio=6;device_seq=72431;time_source=device_synced;device_timestamp_utc=2026-07-27T21:06:31.949Z;config_id=170b1c1e;rssi=-55;uptime_s=543240;heap=152672;cal_tier=board-cal;cal_src=wet_rederive_1236_20260719;pressure_context_source=weather_openmeteo;transport=wifi_poll,
plants.env,2026-07-27T21:06:53.412Z,2026-07-27 16:06:53.412,17110,2a89d4,8gtt1h,0.7.3,fleet_logger_0_1,543240718,ESP32,esp32_die,on_chip,die_temp,,24.70,degC,OK,,,,,name=c5off1;source=esp32_die;cal=uncalibrated_board_proxy;api=temperatureRead;config_id=170b1c1e;transport=wifi_poll,
plants.soil,2026-07-27T21:07:23.686Z,2026-07-27 16:07:23.686,17111,2a89d4,8gtt1h,0.7.3,fleet_logger_0_1,543270034,UMLIFE_v2_TLC555,ch0,origplant,soil_moisture,1224,,,OK,,,983.6,,name=c5off1;level=overwatered;role=disp;spread=8;gpio=1;device_seq=72432;time_source=device_synced;device_timestamp_utc=2026-07-27T21:07:01.949Z;config_id=170b1c1e;rssi=-55;uptime_s=543270;heap=152672;cal_tier=board-cal;cal_src=wet_rederive_1236_20260719;pressure_context_source=weather_openmeteo;transport=wifi_poll,
plants.soil,2026-07-27T21:07:23.686Z,2026-07-27 16:07:23.686,17112,2a89d4,8gtt1h,0.7.3,fleet_logger_0_1,543270034,UMLIFE_v2_TLC555,ch1,origplant,soil_moisture,1347,,,OK,,,983.6,,name=c5off1;level=well watered;role=disp;spread=19;gpio=4;device_seq=72433;time_source=device_synced;device_timestamp_utc=2026-07-27T21:07:01.949Z;config_id=170b1c1e;rssi=-55;uptime_s=543270;heap=152672;cal_tier=board-cal;cal_src=wet_rederive_1236_20260719;pressure_context_source=weather_openmeteo;transport=wifi_poll,
plants.soil,2026-07-27T21:07:23.686Z,2026-07-27 16:07:23.686,17113,2a89d4,8gtt1h,0.7.3,fleet_logger_0_1,543270034,UMLIFE_v2_TLC555,ch2,origplant,soil_moisture,1174,,,OK,,,983.6,,name=c5off1;level=overwatered;role=disp;spread=17;gpio=5;device_seq=72434;time_source=device_synced;device_timestamp_utc=2026-07-27T21:07:01.949Z;config_id=170b1c1e;rssi=-55;uptime_s=543270;heap=152672;cal_tier=board-cal;cal_src=wet_rederive_1236_20260719;pressure_context_source=weather_openmeteo;transport=wifi_poll,
plants.soil,2026-07-27T21:07:23.686Z,2026-07-27 16:07:23.686,17114,2a89d4,8gtt1h,0.7.3,fleet_logger_0_1,543270034,UMLIFE_v2_TLC555,ch3,origplant,soil_moisture,1583,,,OK,,,983.6,,name=c5off1;level=OK;role=disp;spread=31;gpio=6;device_seq=72435;time_source=device_synced;device_timestamp_utc=2026-07-27T21:07:01.949Z;config_id=170b1c1e;rssi=-55;uptime_s=543270;heap=152672;cal_tier=board-cal;cal_src=wet_rederive_1236_20260719;pressure_context_source=weather_openmeteo;transport=wifi_poll,
plants.env,2026-07-27T21:07:23.686Z,2026-07-27 16:07:23.686,17115,2a89d4,8gtt1h,0.7.3,fleet_logger_0_1,543270718,ESP32,esp32_die,on_chip,die_temp,,24.70,degC,OK,,,,,name=c5off1;source=esp32_die;cal=uncalibrated_board_proxy;api=temperatureRead;config_id=170b1c1e;transport=wifi_poll,
plants.soil,2026-07-27T21:07:54.021Z,2026-07-27 16:07:54.021,17116,2a89d4,8gtt1h,0.7.3,fleet_logger_0_1,543300034,UMLIFE_v2_TLC555,ch0,origplant,soil_moisture,1227,,,OK,,,983.6,,name=c5off1;level=overwatered;role=disp;spread=14;gpio=1;device_seq=72436;time_source=device_synced;device_timestamp_utc=2026-07-27T21:07:31.949Z;config_id=170b1c1e;rssi=-54;uptime_s=543300;heap=152624;cal_tier=board-cal;cal_src=wet_rederive_1236_20260719;pressure_context_source=weather_openmeteo;transport=wifi_poll,
plants.soil,2026-07-27T21:07:54.021Z,2026-07-27 16:07:54.021,17117,2a89d4,8gtt1h,0.7.3,fleet_logger_0_1,543300034,UMLIFE_v2_TLC555,ch1,origplant,soil_moisture,1350,,,OK,,,983.6,,name=c5off1;level=well watered;role=disp;spread=13;gpio=4;device_seq=72437;time_source=device_synced;device_timestamp_utc=2026-07-27T21:07:31.949Z;config_id=170b1c1e;rssi=-54;uptime_s=543300;heap=152624;cal_tier=board-cal;cal_src=wet_rederive_1236_20260719;pressure_context_source=weather_openmeteo;transport=wifi_poll,
plants.soil,2026-07-27T21:07:54.021Z,2026-07-27 16:07:54.021,17118,2a89d4,8gtt1h,0.7.3,fleet_logger_0_1,543300034,UMLIFE_v2_TLC555,ch2,origplant,soil_moisture,1177,,,OK,,,983.6,,name=c5off1;level=overwatered;role=disp;spread=18;gpio=5;device_seq=72438;time_source=device_synced;device_timestamp_utc=2026-07-27T21:07:31.949Z;config_id=170b1c1e;rssi=-54;uptime_s=543300;heap=152624;cal_tier=board-cal;cal_src=wet_rederive_1236_20260719;pressure_context_source=weather_openmeteo;transport=wifi_poll,
plants.soil,2026-07-27T21:07:54.021Z,2026-07-27 16:07:54.021,17119,2a89d4,8gtt1h,0.7.3,fleet_logger_0_1,543300034,UMLIFE_v2_TLC555,ch3,origplant,soil_moisture,1589,,,OK,,,983.6,,name=c5off1;level=OK;role=disp;spread=25;gpio=6;device_seq=72439;time_source=device_synced;device_timestamp_utc=2026-07-27T21:07:31.949Z;config_id=170b1c1e;rssi=-54;uptime_s=543300;heap=152624;cal_tier=board-cal;cal_src=wet_rederive_1236_20260719;pressure_context_source=weather_openmeteo;transport=wifi_poll,
plants.env,2026-07-27T21:07:54.021Z,2026-07-27 16:07:54.021,17120,2a89d4,8gtt1h,0.7.3,fleet_logger_0_1,543300718,ESP32,esp32_die,on_chip,die_temp,,23.70,degC,OK,,,,,name=c5off1;source=esp32_die;cal=uncalibrated_board_proxy;api=temperatureRead;config_id=170b1c1e;transport=wifi_poll,
plants.soil,2026-07-27T21:08:24.318Z,2026-07-27 16:08:24.318,17121,2a89d4,8gtt1h,0.7.3,fleet_logger_0_1,543330034,UMLIFE_v2_TLC555,ch0,origplant,soil_moisture,1224,,,OK,,,983.6,,name=c5off1;level=overwatered;role=disp;spread=14;gpio=1;device_seq=72440;time_source=device_synced;device_timestamp_utc=2026-07-27T21:08:01.949Z;config_id=170b1c1e;rssi=-59;uptime_s=543330;heap=152624;cal_tier=board-cal;cal_src=wet_rederive_1236_20260719;pressure_context_source=weather_openmeteo;transport=wifi_poll,
plants.soil,2026-07-27T21:08:24.318Z,2026-07-27 16:08:24.318,17122,2a89d4,8gtt1h,0.7.3,fleet_logger_0_1,543330034,UMLIFE_v2_TLC555,ch1,origplant,soil_moisture,1349,,,OK,,,983.6,,name=c5off1;level=well watered;role=disp;spread=5;gpio=4;device_seq=72441;time_source=device_synced;device_timestamp_utc=2026-07-27T21:08:01.949Z;config_id=170b1c1e;rssi=-59;uptime_s=543330;heap=152624;cal_tier=board-cal;cal_src=wet_rederive_1236_20260719;pressure_context_source=weather_openmeteo;transport=wifi_poll,
plants.soil,2026-07-27T21:08:24.318Z,2026-07-27 16:08:24.318,17123,2a89d4,8gtt1h,0.7.3,fleet_logger_0_1,543330034,UMLIFE_v2_TLC555,ch2,origplant,soil_moisture,1177,,,OK,,,983.6,,name=c5off1;level=overwatered;role=disp;spread=9;gpio=5;device_seq=72442;time_source=device_synced;device_timestamp_utc=2026-07-27T21:08:01.949Z;config_id=170b1c1e;rssi=-59;uptime_s=543330;heap=152624;cal_tier=board-cal;cal_src=wet_rederive_1236_20260719;pressure_context_source=weather_openmeteo;transport=wifi_poll,
plants.soil,2026-07-27T21:08:24.318Z,2026-07-27 16:08:24.318,17124,2a89d4,8gtt1h,0.7.3,fleet_logger_0_1,543330034,UMLIFE_v2_TLC555,ch3,origplant,soil_moisture,1596,,,OK,,,983.6,,name=c5off1;level=OK;role=disp;spread=12;gpio=6;device_seq=72443;time_source=device_synced;device_timestamp_utc=2026-07-27T21:08:01.949Z;config_id=170b1c1e;rssi=-59;uptime_s=543330;heap=152624;cal_tier=board-cal;cal_src=wet_rederive_1236_20260719;pressure_context_source=weather_openmeteo;transport=wifi_poll,
plants.env,2026-07-27T21:08:24.318Z,2026-07-27 16:08:24.318,17125,2a89d4,8gtt1h,0.7.3,fleet_logger_0_1,543330718,ESP32,esp32_die,on_chip,die_temp,,24.70,degC,OK,,,,,name=c5off1;source=esp32_die;cal=uncalibrated_board_proxy;api=temperatureRead;config_id=170b1c1e;transport=wifi_poll,
plants.soil,2026-07-27T21:08:54.626Z,2026-07-27 16:08:54.626,17126,2a89d4,8gtt1h,0.7.3,fleet_logger_0_1,543360034,UMLIFE_v2_TLC555,ch0,origplant,soil_moisture,1222,,,OK,,,983.6,,name=c5off1;level=overwatered;role=disp;spread=9;gpio=1;device_seq=72444;time_source=device_synced;device_timestamp_utc=2026-07-27T21:08:31.949Z;config_id=170b1c1e;rssi=-55;uptime_s=543360;heap=152368;cal_tier=board-cal;cal_src=wet_rederive_1236_20260719;pressure_context_source=weather_openmeteo;transport=wifi_poll,
plants.soil,2026-07-27T21:08:54.626Z,2026-07-27 16:08:54.626,17127,2a89d4,8gtt1h,0.7.3,fleet_logger_0_1,543360034,UMLIFE_v2_TLC555,ch1,origplant,soil_moisture,1348,,,OK,,,983.6,,name=c5off1;level=well watered;role=disp;spread=8;gpio=4;device_seq=72445;time_source=device_synced;device_timestamp_utc=2026-07-27T21:08:31.949Z;config_id=170b1c1e;rssi=-55;uptime_s=543360;heap=152368;cal_tier=board-cal;cal_src=wet_rederive_1236_20260719;pressure_context_source=weather_openmeteo;transport=wifi_poll,
plants.soil,2026-07-27T21:08:54.626Z,2026-07-27 16:08:54.626,17128,2a89d4,8gtt1h,0.7.3,fleet_logger_0_1,543360034,UMLIFE_v2_TLC555,ch2,origplant,soil_moisture,1178,,,OK,,,983.6,,name=c5off1;level=overwatered;role=disp;spread=11;gpio=5;device_seq=72446;time_source=device_synced;device_timestamp_utc=2026-07-27T21:08:31.949Z;config_id=170b1c1e;rssi=-55;uptime_s=543360;heap=152368;cal_tier=board-cal;cal_src=wet_rederive_1236_20260719;pressure_context_source=weather_openmeteo;transport=wifi_poll,
plants.soil,2026-07-27T21:08:54.626Z,2026-07-27 16:08:54.626,17129,2a89d4,8gtt1h,0.7.3,fleet_logger_0_1,543360034,UMLIFE_v2_TLC555,ch3,origplant,soil_moisture,1594,,,OK,,,983.6,,name=c5off1;level=OK;role=disp;spread=16;gpio=6;device_seq=72447;time_source=device_synced;device_timestamp_utc=2026-07-27T21:08:31.949Z;config_id=170b1c1e;rssi=-55;uptime_s=543360;heap=152368;cal_tier=board-cal;cal_src=wet_rederive_1236_20260719;pressure_context_source=weather_openmeteo;transport=wifi_poll,
plants.env,2026-07-27T21:08:54.626Z,2026-07-27 16:08:54.626,17130,2a89d4,8gtt1h,0.7.3,fleet_logger_0_1,543360718,ESP32,esp32_die,on_chip,die_temp,,24.70,degC,OK,,,,,name=c5off1;source=esp32_die;cal=uncalibrated_board_proxy;api=temperatureRead;config_id=170b1c1e;transport=wifi_poll,
plants.soil,2026-07-27T21:09:25.050Z,2026-07-27 16:09:25.050,17131,2a89d4,8gtt1h,0.7.3,fleet_logger_0_1,543390034,UMLIFE_v2_TLC555,ch0,origplant,soil_moisture,1224,,,OK,,,983.6,,name=c5off1;level=overwatered;role=disp;spread=14;gpio=1;device_seq=72448;time_source=device_synced;device_timestamp_utc=2026-07-27T21:09:01.949Z;config_id=170b1c1e;rssi=-55;uptime_s=543390;heap=152416;cal_tier=board-cal;cal_src=wet_rederive_1236_20260719;pressure_context_source=weather_openmeteo;transport=wifi_poll,
plants.soil,2026-07-27T21:09:25.050Z,2026-07-27 16:09:25.050,17132,2a89d4,8gtt1h,0.7.3,fleet_logger_0_1,543390034,UMLIFE_v2_TLC555,ch1,origplant,soil_moisture,1349,,,OK,,,983.6,,name=c5off1;level=well watered;role=disp;spread=17;gpio=4;device_seq=72449;time_source=device_synced;device_timestamp_utc=2026-07-27T21:09:01.949Z;config_id=170b1c1e;rssi=-55;uptime_s=543390;heap=152416;cal_tier=board-cal;cal_src=wet_rederive_1236_20260719;pressure_context_source=weather_openmeteo;transport=wifi_poll,
plants.soil,2026-07-27T21:09:25.050Z,2026-07-27 16:09:25.050,17133,2a89d4,8gtt1h,0.7.3,fleet_logger_0_1,543390034,UMLIFE_v2_TLC555,ch2,origplant,soil_moisture,1179,,,OK,,,983.6,,name=c5off1;level=overwatered;role=disp;spread=12;gpio=5;device_seq=72450;time_source=device_synced;device_timestamp_utc=2026-07-27T21:09:01.949Z;config_id=170b1c1e;rssi=-55;uptime_s=543390;heap=152416;cal_tier=board-cal;cal_src=wet_rederive_1236_20260719;pressure_context_source=weather_openmeteo;transport=wifi_poll,
plants.soil,2026-07-27T21:09:25.050Z,2026-07-27 16:09:25.050,17134,2a89d4,8gtt1h,0.7.3,fleet_logger_0_1,543390034,UMLIFE_v2_TLC555,ch3,origplant,soil_moisture,1597,,,OK,,,983.6,,name=c5off1;level=OK;role=disp;spread=27;gpio=6;device_seq=72451;time_source=device_synced;device_timestamp_utc=2026-07-27T21:09:01.949Z;config_id=170b1c1e;rssi=-55;uptime_s=543390;heap=152416;cal_tier=board-cal;cal_src=wet_rederive_1236_20260719;pressure_context_source=weather_openmeteo;transport=wifi_poll,
plants.env,2026-07-27T21:09:25.050Z,2026-07-27 16:09:25.050,17135,2a89d4,8gtt1h,0.7.3,fleet_logger_0_1,543390718,ESP32,esp32_die,on_chip,die_temp,,24.70,degC,OK,,,,,name=c5off1;source=esp32_die;cal=uncalibrated_board_proxy;api=temperatureRead;config_id=170b1c1e;transport=wifi_poll,
plants.soil,2026-07-27T21:09:55.350Z,2026-07-27 16:09:55.350,17136,2a89d4,8gtt1h,0.7.3,fleet_logger_0_1,543420034,UMLIFE_v2_TLC555,ch0,origplant,soil_moisture,1224,,,OK,,,983.6,,name=c5off1;level=overwatered;role=disp;spread=8;gpio=1;device_seq=72452;time_source=device_synced;device_timestamp_utc=2026-07-27T21:09:31.949Z;config_id=170b1c1e;rssi=-57;uptime_s=543420;heap=152620;cal_tier=board-cal;cal_src=wet_rederive_1236_20260719;pressure_context_source=weather_openmeteo;transport=wifi_poll,
plants.soil,2026-07-27T21:09:55.350Z,2026-07-27 16:09:55.350,17137,2a89d4,8gtt1h,0.7.3,fleet_logger_0_1,543420034,UMLIFE_v2_TLC555,ch1,origplant,soil_moisture,1350,,,OK,,,983.6,,name=c5off1;level=well watered;role=disp;spread=10;gpio=4;device_seq=72453;time_source=device_synced;device_timestamp_utc=2026-07-27T21:09:31.949Z;config_id=170b1c1e;rssi=-57;uptime_s=543420;heap=152620;cal_tier=board-cal;cal_src=wet_rederive_1236_20260719;pressure_context_source=weather_openmeteo;transport=wifi_poll,
plants.soil,2026-07-27T21:09:55.350Z,2026-07-27 16:09:55.350,17138,2a89d4,8gtt1h,0.7.3,fleet_logger_0_1,543420034,UMLIFE_v2_TLC555,ch2,origplant,soil_moisture,1178,,,OK,,,983.6,,name=c5off1;level=overwatered;role=disp;spread=8;gpio=5;device_seq=72454;time_source=device_synced;device_timestamp_utc=2026-07-27T21:09:31.949Z;config_id=170b1c1e;rssi=-57;uptime_s=543420;heap=152620;cal_tier=board-cal;cal_src=wet_rederive_1236_20260719;pressure_context_source=weather_openmeteo;transport=wifi_poll,
plants.soil,2026-07-27T21:09:55.350Z,2026-07-27 16:09:55.350,17139,2a89d4,8gtt1h,0.7.3,fleet_logger_0_1,543420034,UMLIFE_v2_TLC555,ch3,origplant,soil_moisture,1598,,,OK,,,983.6,,name=c5off1;level=OK;role=disp;spread=18;gpio=6;device_seq=72455;time_source=device_synced;device_timestamp_utc=2026-07-27T21:09:31.949Z;config_id=170b1c1e;rssi=-57;uptime_s=543420;heap=152620;cal_tier=board-cal;cal_src=wet_rederive_1236_20260719;pressure_context_source=weather_openmeteo;transport=wifi_poll,
plants.env,2026-07-27T21:09:55.350Z,2026-07-27 16:09:55.350,17140,2a89d4,8gtt1h,0.7.3,fleet_logger_0_1,543420718,ESP32,esp32_die,on_chip,die_temp,,24.70,degC,OK,,,,,name=c5off1;source=esp32_die;cal=uncalibrated_board_proxy;api=temperatureRead;config_id=170b1c1e;transport=wifi_poll,
plants.soil,2026-07-27T21:10:25.681Z,2026-07-27 16:10:25.681,17141,2a89d4,8gtt1h,0.7.3,fleet_logger_0_1,543450034,UMLIFE_v2_TLC555,ch0,origplant,soil_moisture,1223,,,OK,,,983.6,,name=c5off1;level=overwatered;role=disp;spread=18;gpio=1;device_seq=72456;time_source=device_synced;device_timestamp_utc=2026-07-27T21:10:01.949Z;config_id=170b1c1e;rssi=-57;uptime_s=543450;heap=152668;cal_tier=board-cal;cal_src=wet_rederive_1236_20260719;pressure_context_source=weather_openmeteo;transport=wifi_poll,
plants.soil,2026-07-27T21:10:25.681Z,2026-07-27 16:10:25.681,17142,2a89d4,8gtt1h,0.7.3,fleet_logger_0_1,543450034,UMLIFE_v2_TLC555,ch1,origplant,soil_moisture,1349,,,OK,,,983.6,,name=c5off1;level=well watered;role=disp;spread=9;gpio=4;device_seq=72457;time_source=device_synced;device_timestamp_utc=2026-07-27T21:10:01.949Z;config_id=170b1c1e;rssi=-57;uptime_s=543450;heap=152668;cal_tier=board-cal;cal_src=wet_rederive_1236_20260719;pressure_context_source=weather_openmeteo;transport=wifi_poll,
plants.soil,2026-07-27T21:10:25.681Z,2026-07-27 16:10:25.681,17143,2a89d4,8gtt1h,0.7.3,fleet_logger_0_1,543450034,UMLIFE_v2_TLC555,ch2,origplant,soil_moisture,1179,,,OK,,,983.6,,name=c5off1;level=overwatered;role=disp;spread=18;gpio=5;device_seq=72458;time_source=device_synced;device_timestamp_utc=2026-07-27T21:10:01.949Z;config_id=170b1c1e;rssi=-57;uptime_s=543450;heap=152668;cal_tier=board-cal;cal_src=wet_rederive_1236_20260719;pressure_context_source=weather_openmeteo;transport=wifi_poll,
plants.soil,2026-07-27T21:10:25.681Z,2026-07-27 16:10:25.681,17144,2a89d4,8gtt1h,0.7.3,fleet_logger_0_1,543450034,UMLIFE_v2_TLC555,ch3,origplant,soil_moisture,1595,,,OK,,,983.6,,name=c5off1;level=OK;role=disp;spread=15;gpio=6;device_seq=72459;time_source=device_synced;device_timestamp_utc=2026-07-27T21:10:01.949Z;config_id=170b1c1e;rssi=-57;uptime_s=543450;heap=152668;cal_tier=board-cal;cal_src=wet_rederive_1236_20260719;pressure_context_source=weather_openmeteo;transport=wifi_poll,
plants.env,2026-07-27T21:10:25.681Z,2026-07-27 16:10:25.681,17145,2a89d4,8gtt1h,0.7.3,fleet_logger_0_1,543450718,ESP32,esp32_die,on_chip,die_temp,,24.70,degC,OK,,,,,name=c5off1;source=esp32_die;cal=uncalibrated_board_proxy;api=temperatureRead;config_id=170b1c1e;transport=wifi_poll,
plants.soil,2026-07-27T21:10:56.428Z,2026-07-27 16:10:56.428,17146,2a89d4,8gtt1h,0.7.3,fleet_logger_0_1,543480034,UMLIFE_v2_TLC555,ch0,origplant,soil_moisture,1223,,,OK,,,983.6,,name=c5off1;level=overwatered;role=disp;spread=6;gpio=1;device_seq=72460;time_source=device_synced;device_timestamp_utc=2026-07-27T21:10:31.949Z;config_id=170b1c1e;rssi=-58;uptime_s=543480;heap=152672;cal_tier=board-cal;cal_src=wet_rederive_1236_20260719;pressure_context_source=weather_openmeteo;transport=wifi_poll,
plants.soil,2026-07-27T21:10:56.428Z,2026-07-27 16:10:56.428,17147,2a89d4,8gtt1h,0.7.3,fleet_logger_0_1,543480034,UMLIFE_v2_TLC555,ch1,origplant,soil_moisture,1350,,,OK,,,983.6,,name=c5off1;level=well watered;role=disp;spread=14;gpio=4;device_seq=72461;time_source=device_synced;device_timestamp_utc=2026-07-27T21:10:31.949Z;config_id=170b1c1e;rssi=-58;uptime_s=543480;heap=152672;cal_tier=board-cal;cal_src=wet_rederive_1236_20260719;pressure_context_source=weather_openmeteo;transport=wifi_poll,
plants.soil,2026-07-27T21:10:56.428Z,2026-07-27 16:10:56.428,17148,2a89d4,8gtt1h,0.7.3,fleet_logger_0_1,543480034,UMLIFE_v2_TLC555,ch2,origplant,soil_moisture,1178,,,OK,,,983.6,,name=c5off1;level=overwatered;role=disp;spread=10;gpio=5;device_seq=72462;time_source=device_synced;device_timestamp_utc=2026-07-27T21:10:31.949Z;config_id=170b1c1e;rssi=-58;uptime_s=543480;heap=152672;cal_tier=board-cal;cal_src=wet_rederive_1236_20260719;pressure_context_source=weather_openmeteo;transport=wifi_poll,
plants.soil,2026-07-27T21:10:56.428Z,2026-07-27 16:10:56.428,17149,2a89d4,8gtt1h,0.7.3,fleet_logger_0_1,543480034,UMLIFE_v2_TLC555,ch3,origplant,soil_moisture,1594,,,OK,,,983.6,,name=c5off1;level=OK;role=disp;spread=22;gpio=6;device_seq=72463;time_source=device_synced;device_timestamp_utc=2026-07-27T21:10:31.949Z;config_id=170b1c1e;rssi=-58;uptime_s=543480;heap=152672;cal_tier=board-cal;cal_src=wet_rederive_1236_20260719;pressure_context_source=weather_openmeteo;transport=wifi_poll,
plants.env,2026-07-27T21:10:56.428Z,2026-07-27 16:10:56.428,17150,2a89d4,8gtt1h,0.7.3,fleet_logger_0_1,543480719,ESP32,esp32_die,on_chip,die_temp,,24.70,degC,OK,,,,,name=c5off1;source=esp32_die;cal=uncalibrated_board_proxy;api=temperatureRead;config_id=170b1c1e;transport=wifi_poll,
plants.soil,2026-07-27T21:11:27.010Z,2026-07-27 16:11:27.010,17151,2a89d4,8gtt1h,0.7.3,fleet_logger_0_1,543510034,UMLIFE_v2_TLC555,ch0,origplant,soil_moisture,1225,,,OK,,,983.6,,name=c5off1;level=overwatered;role=disp;spread=11;gpio=1;device_seq=72464;time_source=device_synced;device_timestamp_utc=2026-07-27T21:11:01.949Z;config_id=170b1c1e;rssi=-58;uptime_s=543510;heap=152672;cal_tier=board-cal;cal_src=wet_rederive_1236_20260719;pressure_context_source=weather_openmeteo;transport=wifi_poll,
plants.soil,2026-07-27T21:11:27.010Z,2026-07-27 16:11:27.010,17152,2a89d4,8gtt1h,0.7.3,fleet_logger_0_1,543510034,UMLIFE_v2_TLC555,ch1,origplant,soil_moisture,1349,,,OK,,,983.6,,name=c5off1;level=well watered;role=disp;spread=15;gpio=4;device_seq=72465;time_source=device_synced;device_timestamp_utc=2026-07-27T21:11:01.949Z;config_id=170b1c1e;rssi=-58;uptime_s=543510;heap=152672;cal_tier=board-cal;cal_src=wet_rederive_1236_20260719;pressure_context_source=weather_openmeteo;transport=wifi_poll,
plants.soil,2026-07-27T21:11:27.010Z,2026-07-27 16:11:27.010,17153,2a89d4,8gtt1h,0.7.3,fleet_logger_0_1,543510034,UMLIFE_v2_TLC555,ch2,origplant,soil_moisture,1179,,,OK,,,983.6,,name=c5off1;level=overwatered;role=disp;spread=10;gpio=5;device_seq=72466;time_source=device_synced;device_timestamp_utc=2026-07-27T21:11:01.949Z;config_id=170b1c1e;rssi=-58;uptime_s=543510;heap=152672;cal_tier=board-cal;cal_src=wet_rederive_1236_20260719;pressure_context_source=weather_openmeteo;transport=wifi_poll,
plants.soil,2026-07-27T21:11:27.010Z,2026-07-27 16:11:27.010,17154,2a89d4,8gtt1h,0.7.3,fleet_logger_0_1,543510034,UMLIFE_v2_TLC555,ch3,origplant,soil_moisture,1599,,,OK,,,983.6,,name=c5off1;level=OK;role=disp;spread=13;gpio=6;device_seq=72467;time_source=device_synced;device_timestamp_utc=2026-07-27T21:11:01.949Z;config_id=170b1c1e;rssi=-58;uptime_s=543510;heap=152672;cal_tier=board-cal;cal_src=wet_rederive_1236_20260719;pressure_context_source=weather_openmeteo;transport=wifi_poll,
plants.env,2026-07-27T21:11:27.010Z,2026-07-27 16:11:27.010,17155,2a89d4,8gtt1h,0.7.3,fleet_logger_0_1,543510718,ESP32,esp32_die,on_chip,die_temp,,24.70,degC,OK,,,,,name=c5off1;source=esp32_die;cal=uncalibrated_board_proxy;api=temperatureRead;config_id=170b1c1e;transport=wifi_poll,
plants.soil,2026-07-27T21:11:58.138Z,2026-07-27 16:11:58.138,17156,2a89d4,8gtt1h,0.7.3,fleet_logger_0_1,543540034,UMLIFE_v2_TLC555,ch0,origplant,soil_moisture,1224,,,OK,,,983.6,,name=c5off1;level=overwatered;role=disp;spread=25;gpio=1;device_seq=72468;time_source=device_synced;device_timestamp_utc=2026-07-27T21:11:31.949Z;config_id=170b1c1e;rssi=-60;uptime_s=543540;heap=152416;cal_tier=board-cal;cal_src=wet_rederive_1236_20260719;pressure_context_source=weather_openmeteo;transport=wifi_poll,
plants.soil,2026-07-27T21:11:58.138Z,2026-07-27 16:11:58.138,17157,2a89d4,8gtt1h,0.7.3,fleet_logger_0_1,543540034,UMLIFE_v2_TLC555,ch1,origplant,soil_moisture,1352,,,OK,,,983.6,,name=c5off1;level=well watered;role=disp;spread=11;gpio=4;device_seq=72469;time_source=device_synced;device_timestamp_utc=2026-07-27T21:11:31.949Z;config_id=170b1c1e;rssi=-60;uptime_s=543540;heap=152416;cal_tier=board-cal;cal_src=wet_rederive_1236_20260719;pressure_context_source=weather_openmeteo;transport=wifi_poll,
plants.soil,2026-07-27T21:11:58.138Z,2026-07-27 16:11:58.138,17158,2a89d4,8gtt1h,0.7.3,fleet_logger_0_1,543540034,UMLIFE_v2_TLC555,ch2,origplant,soil_moisture,1177,,,OK,,,983.6,,name=c5off1;level=overwatered;role=disp;spread=11;gpio=5;device_seq=72470;time_source=device_synced;device_timestamp_utc=2026-07-27T21:11:31.949Z;config_id=170b1c1e;rssi=-60;uptime_s=543540;heap=152416;cal_tier=board-cal;cal_src=wet_rederive_1236_20260719;pressure_context_source=weather_openmeteo;transport=wifi_poll,
plants.soil,2026-07-27T21:11:58.138Z,2026-07-27 16:11:58.138,17159,2a89d4,8gtt1h,0.7.3,fleet_logger_0_1,543540034,UMLIFE_v2_TLC555,ch3,origplant,soil_moisture,1598,,,OK,,,983.6,,name=c5off1;level=OK;role=disp;spread=25;gpio=6;device_seq=72471;time_source=device_synced;device_timestamp_utc=2026-07-27T21:11:31.949Z;config_id=170b1c1e;rssi=-60;uptime_s=543540;heap=152416;cal_tier=board-cal;cal_src=wet_rederive_1236_20260719;pressure_context_source=weather_openmeteo;transport=wifi_poll,
plants.env,2026-07-27T21:11:58.138Z,2026-07-27 16:11:58.138,17160,2a89d4,8gtt1h,0.7.3,fleet_logger_0_1,543540718,ESP32,esp32_die,on_chip,die_temp,,24.70,degC,OK,,,,,name=c5off1;source=esp32_die;cal=uncalibrated_board_proxy;api=temperatureRead;config_id=170b1c1e;transport=wifi_poll,
plants.soil,2026-07-27T21:12:28.641Z,2026-07-27 16:12:28.641,17161,2a89d4,8gtt1h,0.7.3,fleet_logger_0_1,543570034,UMLIFE_v2_TLC555,ch0,origplant,soil_moisture,1225,,,OK,,,983.6,,name=c5off1;level=overwatered;role=disp;spread=11;gpio=1;device_seq=72472;time_source=device_synced;device_timestamp_utc=2026-07-27T21:12:01.949Z;config_id=170b1c1e;rssi=-61;uptime_s=543570;heap=152416;cal_tier=board-cal;cal_src=wet_rederive_1236_20260719;pressure_context_source=weather_openmeteo;transport=wifi_poll,
plants.soil,2026-07-27T21:12:28.641Z,2026-07-27 16:12:28.641,17162,2a89d4,8gtt1h,0.7.3,fleet_logger_0_1,543570034,UMLIFE_v2_TLC555,ch1,origplant,soil_moisture,1352,,,OK,,,983.6,,name=c5off1;level=well watered;role=disp;spread=14;gpio=4;device_seq=72473;time_source=device_synced;device_timestamp_utc=2026-07-27T21:12:01.949Z;config_id=170b1c1e;rssi=-61;uptime_s=543570;heap=152416;cal_tier=board-cal;cal_src=wet_rederive_1236_20260719;pressure_context_source=weather_openmeteo;transport=wifi_poll,
plants.soil,2026-07-27T21:12:28.641Z,2026-07-27 16:12:28.641,17163,2a89d4,8gtt1h,0.7.3,fleet_logger_0_1,543570034,UMLIFE_v2_TLC555,ch2,origplant,soil_moisture,1178,,,OK,,,983.6,,name=c5off1;level=overwatered;role=disp;spread=4;gpio=5;device_seq=72474;time_source=device_synced;device_timestamp_utc=2026-07-27T21:12:01.949Z;config_id=170b1c1e;rssi=-61;uptime_s=543570;heap=152416;cal_tier=board-cal;cal_src=wet_rederive_1236_20260719;pressure_context_source=weather_openmeteo;transport=wifi_poll,
plants.soil,2026-07-27T21:12:28.641Z,2026-07-27 16:12:28.641,17164,2a89d4,8gtt1h,0.7.3,fleet_logger_0_1,543570034,UMLIFE_v2_TLC555,ch3,origplant,soil_moisture,1595,,,OK,,,983.6,,name=c5off1;level=OK;role=disp;spread=10;gpio=6;device_seq=72475;time_source=device_synced;device_timestamp_utc=2026-07-27T21:12:01.949Z;config_id=170b1c1e;rssi=-61;uptime_s=543570;heap=152416;cal_tier=board-cal;cal_src=wet_rederive_1236_20260719;pressure_context_source=weather_openmeteo;transport=wifi_poll,
plants.env,2026-07-27T21:12:28.641Z,2026-07-27 16:12:28.641,17165,2a89d4,8gtt1h,0.7.3,fleet_logger_0_1,543570718,ESP32,esp32_die,on_chip,die_temp,,24.70,degC,OK,,,,,name=c5off1;source=esp32_die;cal=uncalibrated_board_proxy;api=temperatureRead;config_id=170b1c1e;transport=wifi_poll,
plants.soil,2026-07-27T21:12:58.977Z,2026-07-27 16:12:58.977,17166,2a89d4,8gtt1h,0.7.3,fleet_logger_0_1,543600034,UMLIFE_v2_TLC555,ch0,origplant,soil_moisture,1225,,,OK,,,983.6,,name=c5off1;level=overwatered;role=disp;spread=9;gpio=1;device_seq=72476;time_source=device_synced;device_timestamp_utc=2026-07-27T21:12:31.949Z;config_id=170b1c1e;rssi=-55;uptime_s=543600;heap=152672;cal_tier=board-cal;cal_src=wet_rederive_1236_20260719;pressure_context_source=weather_openmeteo;transport=wifi_poll,
plants.soil,2026-07-27T21:12:58.977Z,2026-07-27 16:12:58.977,17167,2a89d4,8gtt1h,0.7.3,fleet_logger_0_1,543600034,UMLIFE_v2_TLC555,ch1,origplant,soil_moisture,1348,,,OK,,,983.6,,name=c5off1;level=well watered;role=disp;spread=16;gpio=4;device_seq=72477;time_source=device_synced;device_timestamp_utc=2026-07-27T21:12:31.949Z;config_id=170b1c1e;rssi=-55;uptime_s=543600;heap=152672;cal_tier=board-cal;cal_src=wet_rederive_1236_20260719;pressure_context_source=weather_openmeteo;transport=wifi_poll,
plants.soil,2026-07-27T21:12:58.977Z,2026-07-27 16:12:58.977,17168,2a89d4,8gtt1h,0.7.3,fleet_logger_0_1,543600034,UMLIFE_v2_TLC555,ch2,origplant,soil_moisture,1178,,,OK,,,983.6,,name=c5off1;level=overwatered;role=disp;spread=17;gpio=5;device_seq=72478;time_source=device_synced;device_timestamp_utc=2026-07-27T21:12:31.949Z;config_id=170b1c1e;rssi=-55;uptime_s=543600;heap=152672;cal_tier=board-cal;cal_src=wet_rederive_1236_20260719;pressure_context_source=weather_openmeteo;transport=wifi_poll,
plants.soil,2026-07-27T21:12:58.977Z,2026-07-27 16:12:58.977,17169,2a89d4,8gtt1h,0.7.3,fleet_logger_0_1,543600034,UMLIFE_v2_TLC555,ch3,origplant,soil_moisture,1596,,,OK,,,983.6,,name=c5off1;level=OK;role=disp;spread=20;gpio=6;device_seq=72479;time_source=device_synced;device_timestamp_utc=2026-07-27T21:12:31.949Z;config_id=170b1c1e;rssi=-55;uptime_s=543600;heap=152672;cal_tier=board-cal;cal_src=wet_rederive_1236_20260719;pressure_context_source=weather_openmeteo;transport=wifi_poll,
plants.env,2026-07-27T21:12:58.977Z,2026-07-27 16:12:58.977,17170,2a89d4,8gtt1h,0.7.3,fleet_logger_0_1,543601818,ESP32,esp32_die,on_chip,die_temp,,24.70,degC,OK,,,,,name=c5off1;source=esp32_die;cal=uncalibrated_board_proxy;api=temperatureRead;config_id=170b1c1e;transport=wifi_poll,
plants.soil,2026-07-27T21:13:29.262Z,2026-07-27 16:13:29.262,17171,2a89d4,8gtt1h,0.7.3,fleet_logger_0_1,543630034,UMLIFE_v2_TLC555,ch0,origplant,soil_moisture,1223,,,OK,,,983.6,,name=c5off1;level=overwatered;role=disp;spread=23;gpio=1;device_seq=72480;time_source=device_synced;device_timestamp_utc=2026-07-27T21:13:01.949Z;config_id=170b1c1e;rssi=-59;uptime_s=543630;heap=152672;cal_tier=board-cal;cal_src=wet_rederive_1236_20260719;pressure_context_source=weather_openmeteo;transport=wifi_poll,
plants.soil,2026-07-27T21:13:29.262Z,2026-07-27 16:13:29.262,17172,2a89d4,8gtt1h,0.7.3,fleet_logger_0_1,543630034,UMLIFE_v2_TLC555,ch1,origplant,soil_moisture,1349,,,OK,,,983.6,,name=c5off1;level=well watered;role=disp;spread=15;gpio=4;device_seq=72481;time_source=device_synced;device_timestamp_utc=2026-07-27T21:13:01.949Z;config_id=170b1c1e;rssi=-59;uptime_s=543630;heap=152672;cal_tier=board-cal;cal_src=wet_rederive_1236_20260719;pressure_context_source=weather_openmeteo;transport=wifi_poll,
plants.soil,2026-07-27T21:13:29.262Z,2026-07-27 16:13:29.262,17173,2a89d4,8gtt1h,0.7.3,fleet_logger_0_1,543630034,UMLIFE_v2_TLC555,ch2,origplant,soil_moisture,1178,,,OK,,,983.6,,name=c5off1;level=overwatered;role=disp;spread=16;gpio=5;device_seq=72482;time_source=device_synced;device_timestamp_utc=2026-07-27T21:13:01.949Z;config_id=170b1c1e;rssi=-59;uptime_s=543630;heap=152672;cal_tier=board-cal;cal_src=wet_rederive_1236_20260719;pressure_context_source=weather_openmeteo;transport=wifi_poll,
plants.soil,2026-07-27T21:13:29.262Z,2026-07-27 16:13:29.262,17174,2a89d4,8gtt1h,0.7.3,fleet_logger_0_1,543630034,UMLIFE_v2_TLC555,ch3,origplant,soil_moisture,1595,,,OK,,,983.6,,name=c5off1;level=OK;role=disp;spread=28;gpio=6;device_seq=72483;time_source=device_synced;device_timestamp_utc=2026-07-27T21:13:01.949Z;config_id=170b1c1e;rssi=-59;uptime_s=543630;heap=152672;cal_tier=board-cal;cal_src=wet_rederive_1236_20260719;pressure_context_source=weather_openmeteo;transport=wifi_poll,
plants.env,2026-07-27T21:13:29.262Z,2026-07-27 16:13:29.262,17175,2a89d4,8gtt1h,0.7.3,fleet_logger_0_1,543630718,ESP32,esp32_die,on_chip,die_temp,,24.70,degC,OK,,,,,name=c5off1;source=esp32_die;cal=uncalibrated_board_proxy;api=temperatureRead;config_id=170b1c1e;transport=wifi_poll,
plants.soil,2026-07-27T21:13:59.601Z,2026-07-27 16:13:59.601,17176,2a89d4,8gtt1h,0.7.3,fleet_logger_0_1,543660034,UMLIFE_v2_TLC555,ch0,origplant,soil_moisture,1223,,,OK,,,983.6,,name=c5off1;level=overwatered;role=disp;spread=8;gpio=1;device_seq=72484;time_source=device_synced;device_timestamp_utc=2026-07-27T21:13:31.949Z;config_id=170b1c1e;rssi=-59;uptime_s=543660;heap=152672;cal_tier=board-cal;cal_src=wet_rederive_1236_20260719;pressure_context_source=weather_openmeteo;transport=wifi_poll,
plants.soil,2026-07-27T21:13:59.601Z,2026-07-27 16:13:59.601,17177,2a89d4,8gtt1h,0.7.3,fleet_logger_0_1,543660034,UMLIFE_v2_TLC555,ch1,origplant,soil_moisture,1348,,,OK,,,983.6,,name=c5off1;level=well watered;role=disp;spread=18;gpio=4;device_seq=72485;time_source=device_synced;device_timestamp_utc=2026-07-27T21:13:31.949Z;config_id=170b1c1e;rssi=-59;uptime_s=543660;heap=152672;cal_tier=board-cal;cal_src=wet_rederive_1236_20260719;pressure_context_source=weather_openmeteo;transport=wifi_poll,
plants.soil,2026-07-27T21:13:59.601Z,2026-07-27 16:13:59.601,17178,2a89d4,8gtt1h,0.7.3,fleet_logger_0_1,543660034,UMLIFE_v2_TLC555,ch2,origplant,soil_moisture,1179,,,OK,,,983.6,,name=c5off1;level=overwatered;role=disp;spread=11;gpio=5;device_seq=72486;time_source=device_synced;device_timestamp_utc=2026-07-27T21:13:31.949Z;config_id=170b1c1e;rssi=-59;uptime_s=543660;heap=152672;cal_tier=board-cal;cal_src=wet_rederive_1236_20260719;pressure_context_source=weather_openmeteo;transport=wifi_poll,
plants.soil,2026-07-27T21:13:59.601Z,2026-07-27 16:13:59.601,17179,2a89d4,8gtt1h,0.7.3,fleet_logger_0_1,543660034,UMLIFE_v2_TLC555,ch3,origplant,soil_moisture,1598,,,OK,,,983.6,,name=c5off1;level=OK;role=disp;spread=23;gpio=6;device_seq=72487;time_source=device_synced;device_timestamp_utc=2026-07-27T21:13:31.949Z;config_id=170b1c1e;rssi=-59;uptime_s=543660;heap=152672;cal_tier=board-cal;cal_src=wet_rederive_1236_20260719;pressure_context_source=weather_openmeteo;transport=wifi_poll,
plants.env,2026-07-27T21:13:59.601Z,2026-07-27 16:13:59.601,17180,2a89d4,8gtt1h,0.7.3,fleet_logger_0_1,543660718,ESP32,esp32_die,on_chip,die_temp,,24.70,degC,OK,,,,,name=c5off1;source=esp32_die;cal=uncalibrated_board_proxy;api=temperatureRead;config_id=170b1c1e;transport=wifi_poll,
plants.soil,2026-07-27T21:14:31.932Z,2026-07-27 16:14:31.932,17181,2a89d4,8gtt1h,0.7.3,fleet_logger_0_1,543690034,UMLIFE_v2_TLC555,ch0,origplant,soil_moisture,1223,,,OK,,,983.6,,name=c5off1;level=overwatered;role=disp;spread=10;gpio=1;device_seq=72488;time_source=device_synced;device_timestamp_utc=2026-07-27T21:14:01.949Z;config_id=170b1c1e;rssi=-56;uptime_s=543690;heap=152672;cal_tier=board-cal;cal_src=wet_rederive_1236_20260719;pressure_context_source=weather_openmeteo;transport=wifi_poll,
plants.soil,2026-07-27T21:14:31.932Z,2026-07-27 16:14:31.932,17182,2a89d4,8gtt1h,0.7.3,fleet_logger_0_1,543690034,UMLIFE_v2_TLC555,ch1,origplant,soil_moisture,1351,,,OK,,,983.6,,name=c5off1;level=well watered;role=disp;spread=16;gpio=4;device_seq=72489;time_source=device_synced;device_timestamp_utc=2026-07-27T21:14:01.949Z;config_id=170b1c1e;rssi=-56;uptime_s=543690;heap=152672;cal_tier=board-cal;cal_src=wet_rederive_1236_20260719;pressure_context_source=weather_openmeteo;transport=wifi_poll,
plants.soil,2026-07-27T21:14:31.932Z,2026-07-27 16:14:31.932,17183,2a89d4,8gtt1h,0.7.3,fleet_logger_0_1,543690034,UMLIFE_v2_TLC555,ch2,origplant,soil_moisture,1177,,,OK,,,983.6,,name=c5off1;level=overwatered;role=disp;spread=20;gpio=5;device_seq=72490;time_source=device_synced;device_timestamp_utc=2026-07-27T21:14:01.949Z;config_id=170b1c1e;rssi=-56;uptime_s=543690;heap=152672;cal_tier=board-cal;cal_src=wet_rederive_1236_20260719;pressure_context_source=weather_openmeteo;transport=wifi_poll,
plants.soil,2026-07-27T21:14:31.932Z,2026-07-27 16:14:31.932,17184,2a89d4,8gtt1h,0.7.3,fleet_logger_0_1,543690034,UMLIFE_v2_TLC555,ch3,origplant,soil_moisture,1597,,,OK,,,983.6,,name=c5off1;level=OK;role=disp;spread=22;gpio=6;device_seq=72491;time_source=device_synced;device_timestamp_utc=2026-07-27T21:14:01.949Z;config_id=170b1c1e;rssi=-56;uptime_s=543690;heap=152672;cal_tier=board-cal;cal_src=wet_rederive_1236_20260719;pressure_context_source=weather_openmeteo;transport=wifi_poll,
plants.env,2026-07-27T21:14:31.932Z,2026-07-27 16:14:31.932,17185,2a89d4,8gtt1h,0.7.3,fleet_logger_0_1,543690718,ESP32,esp32_die,on_chip,die_temp,,24.70,degC,OK,,,,,name=c5off1;source=esp32_die;cal=uncalibrated_board_proxy;api=temperatureRead;config_id=170b1c1e;transport=wifi_poll,
plants.soil,2026-07-27T21:15:02.269Z,2026-07-27 16:15:02.269,17186,2a89d4,8gtt1h,0.7.3,fleet_logger_0_1,543750034,UMLIFE_v2_TLC555,ch0,origplant,soil_moisture,1219,,,OK,,,983.6,,name=c5off1;level=overwatered;role=disp;spread=20;gpio=1;device_seq=72496;time_source=device_synced;device_timestamp_utc=2026-07-27T21:15:01.949Z;config_id=170b1c1e;rssi=-57;uptime_s=543750;heap=152672;cal_tier=board-cal;cal_src=wet_rederive_1236_20260719;pressure_context_source=weather_openmeteo;transport=wifi_poll,
plants.soil,2026-07-27T21:15:02.269Z,2026-07-27 16:15:02.269,17187,2a89d4,8gtt1h,0.7.3,fleet_logger_0_1,543750034,UMLIFE_v2_TLC555,ch1,origplant,soil_moisture,1347,,,OK,,,983.6,,name=c5off1;level=well watered;role=disp;spread=18;gpio=4;device_seq=72497;time_source=device_synced;device_timestamp_utc=2026-07-27T21:15:01.949Z;config_id=170b1c1e;rssi=-57;uptime_s=543750;heap=152672;cal_tier=board-cal;cal_src=wet_rederive_1236_20260719;pressure_context_source=weather_openmeteo;transport=wifi_poll,
plants.soil,2026-07-27T21:15:02.269Z,2026-07-27 16:15:02.269,17188,2a89d4,8gtt1h,0.7.3,fleet_logger_0_1,543750034,UMLIFE_v2_TLC555,ch2,origplant,soil_moisture,1180,,,OK,,,983.6,,name=c5off1;level=overwatered;role=disp;spread=11;gpio=5;device_seq=72498;time_source=device_synced;device_timestamp_utc=2026-07-27T21:15:01.949Z;config_id=170b1c1e;rssi=-57;uptime_s=543750;heap=152672;cal_tier=board-cal;cal_src=wet_rederive_1236_20260719;pressure_context_source=weather_openmeteo;transport=wifi_poll,
plants.soil,2026-07-27T21:15:02.269Z,2026-07-27 16:15:02.269,17189,2a89d4,8gtt1h,0.7.3,fleet_logger_0_1,543750034,UMLIFE_v2_TLC555,ch3,origplant,soil_moisture,1595,,,OK,,,983.6,,name=c5off1;level=OK;role=disp;spread=24;gpio=6;device_seq=72499;time_source=device_synced;device_timestamp_utc=2026-07-27T21:15:01.949Z;config_id=170b1c1e;rssi=-57;uptime_s=543750;heap=152672;cal_tier=board-cal;cal_src=wet_rederive_1236_20260719;pressure_context_source=weather_openmeteo;transport=wifi_poll,
plants.env,2026-07-27T21:15:02.269Z,2026-07-27 16:15:02.269,17190,2a89d4,8gtt1h,0.7.3,fleet_logger_0_1,543750718,ESP32,esp32_die,on_chip,die_temp,,24.70,degC,OK,,,,,name=c5off1;source=esp32_die;cal=uncalibrated_board_proxy;api=temperatureRead;config_id=170b1c1e;transport=wifi_poll,
plants.soil,2026-07-27T21:15:32.650Z,2026-07-27 16:15:32.650,17191,2a89d4,8gtt1h,0.7.3,fleet_logger_0_1,543780034,UMLIFE_v2_TLC555,ch0,origplant,soil_moisture,1208,,,OK,,,983.6,,name=c5off1;level=overwatered;role=disp;spread=22;gpio=1;device_seq=72500;time_source=device_synced;device_timestamp_utc=2026-07-27T21:15:31.949Z;config_id=170b1c1e;rssi=-60;uptime_s=543780;heap=152928;cal_tier=board-cal;cal_src=wet_rederive_1236_20260719;pressure_context_source=weather_openmeteo;transport=wifi_poll,
plants.soil,2026-07-27T21:15:32.650Z,2026-07-27 16:15:32.650,17192,2a89d4,8gtt1h,0.7.3,fleet_logger_0_1,543780034,UMLIFE_v2_TLC555,ch1,origplant,soil_moisture,1343,,,OK,,,983.6,,name=c5off1;level=well watered;role=disp;spread=11;gpio=4;device_seq=72501;time_source=device_synced;device_timestamp_utc=2026-07-27T21:15:31.949Z;config_id=170b1c1e;rssi=-60;uptime_s=543780;heap=152928;cal_tier=board-cal;cal_src=wet_rederive_1236_20260719;pressure_context_source=weather_openmeteo;transport=wifi_poll,
plants.soil,2026-07-27T21:15:32.650Z,2026-07-27 16:15:32.650,17193,2a89d4,8gtt1h,0.7.3,fleet_logger_0_1,543780034,UMLIFE_v2_TLC555,ch2,origplant,soil_moisture,1177,,,OK,,,983.6,,name=c5off1;level=overwatered;role=disp;spread=18;gpio=5;device_seq=72502;time_source=device_synced;device_timestamp_utc=2026-07-27T21:15:31.949Z;config_id=170b1c1e;rssi=-60;uptime_s=543780;heap=152928;cal_tier=board-cal;cal_src=wet_rederive_1236_20260719;pressure_context_source=weather_openmeteo;transport=wifi_poll,
plants.soil,2026-07-27T21:15:32.650Z,2026-07-27 16:15:32.650,17194,2a89d4,8gtt1h,0.7.3,fleet_logger_0_1,543780034,UMLIFE_v2_TLC555,ch3,origplant,soil_moisture,1597,,,OK,,,983.6,,name=c5off1;level=OK;role=disp;spread=21;gpio=6;device_seq=72503;time_source=device_synced;device_timestamp_utc=2026-07-27T21:15:31.949Z;config_id=170b1c1e;rssi=-60;uptime_s=543780;heap=152928;cal_tier=board-cal;cal_src=wet_rederive_1236_20260719;pressure_context_source=weather_openmeteo;transport=wifi_poll,
plants.env,2026-07-27T21:15:32.650Z,2026-07-27 16:15:32.650,17195,2a89d4,8gtt1h,0.7.3,fleet_logger_0_1,543780718,ESP32,esp32_die,on_chip,die_temp,,24.70,degC,OK,,,,,name=c5off1;source=esp32_die;cal=uncalibrated_board_proxy;api=temperatureRead;config_id=170b1c1e;transport=wifi_poll,
plants.soil,2026-07-27T21:16:02.988Z,2026-07-27 16:16:02.988,17196,2a89d4,8gtt1h,0.7.3,fleet_logger_0_1,543810034,UMLIFE_v2_TLC555,ch0,origplant,soil_moisture,1223,,,OK,,,983.6,,name=c5off1;level=overwatered;role=disp;spread=22;gpio=1;device_seq=72504;time_source=device_synced;device_timestamp_utc=2026-07-27T21:16:01.949Z;config_id=170b1c1e;rssi=-60;uptime_s=543810;heap=152928;cal_tier=board-cal;cal_src=wet_rederive_1236_20260719;pressure_context_source=weather_openmeteo;transport=wifi_poll,
plants.soil,2026-07-27T21:16:02.988Z,2026-07-27 16:16:02.988,17197,2a89d4,8gtt1h,0.7.3,fleet_logger_0_1,543810034,UMLIFE_v2_TLC555,ch1,origplant,soil_moisture,1351,,,OK,,,983.6,,name=c5off1;level=well watered;role=disp;spread=14;gpio=4;device_seq=72505;time_source=device_synced;device_timestamp_utc=2026-07-27T21:16:01.949Z;config_id=170b1c1e;rssi=-60;uptime_s=543810;heap=152928;cal_tier=board-cal;cal_src=wet_rederive_1236_20260719;pressure_context_source=weather_openmeteo;transport=wifi_poll,
plants.soil,2026-07-27T21:16:02.988Z,2026-07-27 16:16:02.988,17198,2a89d4,8gtt1h,0.7.3,fleet_logger_0_1,543810034,UMLIFE_v2_TLC555,ch2,origplant,soil_moisture,1179,,,OK,,,983.6,,name=c5off1;level=overwatered;role=disp;spread=8;gpio=5;device_seq=72506;time_source=device_synced;device_timestamp_utc=2026-07-27T21:16:01.949Z;config_id=170b1c1e;rssi=-60;uptime_s=543810;heap=152928;cal_tier=board-cal;cal_src=wet_rederive_1236_20260719;pressure_context_source=weather_openmeteo;transport=wifi_poll,
plants.soil,2026-07-27T21:16:02.988Z,2026-07-27 16:16:02.988,17199,2a89d4,8gtt1h,0.7.3,fleet_logger_0_1,543810034,UMLIFE_v2_TLC555,ch3,origplant,soil_moisture,1599,,,OK,,,983.6,,name=c5off1;level=OK;role=disp;spread=28;gpio=6;device_seq=72507;time_source=device_synced;device_timestamp_utc=2026-07-27T21:16:01.949Z;config_id=170b1c1e;rssi=-60;uptime_s=543810;heap=152928;cal_tier=board-cal;cal_src=wet_rederive_1236_20260719;pressure_context_source=weather_openmeteo;transport=wifi_poll,
plants.env,2026-07-27T21:16:02.988Z,2026-07-27 16:16:02.988,17200,2a89d4,8gtt1h,0.7.3,fleet_logger_0_1,543810718,ESP32,esp32_die,on_chip,die_temp,,24.70,degC,OK,,,,,name=c5off1;source=esp32_die;cal=uncalibrated_board_proxy;api=temperatureRead;config_id=170b1c1e;transport=wifi_poll,
plants.soil,2026-07-27T21:16:33.376Z,2026-07-27 16:16:33.376,17201,2a89d4,8gtt1h,0.7.3,fleet_logger_0_1,543840034,UMLIFE_v2_TLC555,ch0,origplant,soil_moisture,1221,,,OK,,,983.6,,name=c5off1;level=overwatered;role=disp;spread=14;gpio=1;device_seq=72508;time_source=device_synced;device_timestamp_utc=2026-07-27T21:16:31.949Z;config_id=170b1c1e;rssi=-58;uptime_s=543840;heap=152920;cal_tier=board-cal;cal_src=wet_rederive_1236_20260719;pressure_context_source=weather_openmeteo;transport=wifi_poll,
plants.soil,2026-07-27T21:16:33.376Z,2026-07-27 16:16:33.376,17202,2a89d4,8gtt1h,0.7.3,fleet_logger_0_1,543840034,UMLIFE_v2_TLC555,ch1,origplant,soil_moisture,1352,,,OK,,,983.6,,name=c5off1;level=well watered;role=disp;spread=24;gpio=4;device_seq=72509;time_source=device_synced;device_timestamp_utc=2026-07-27T21:16:31.949Z;config_id=170b1c1e;rssi=-58;uptime_s=543840;heap=152920;cal_tier=board-cal;cal_src=wet_rederive_1236_20260719;pressure_context_source=weather_openmeteo;transport=wifi_poll,
plants.soil,2026-07-27T21:16:33.376Z,2026-07-27 16:16:33.376,17203,2a89d4,8gtt1h,0.7.3,fleet_logger_0_1,543840034,UMLIFE_v2_TLC555,ch2,origplant,soil_moisture,1179,,,OK,,,983.6,,name=c5off1;level=overwatered;role=disp;spread=23;gpio=5;device_seq=72510;time_source=device_synced;device_timestamp_utc=2026-07-27T21:16:31.949Z;config_id=170b1c1e;rssi=-58;uptime_s=543840;heap=152920;cal_tier=board-cal;cal_src=wet_rederive_1236_20260719;pressure_context_source=weather_openmeteo;transport=wifi_poll,
plants.soil,2026-07-27T21:16:33.376Z,2026-07-27 16:16:33.376,17204,2a89d4,8gtt1h,0.7.3,fleet_logger_0_1,543840034,UMLIFE_v2_TLC555,ch3,origplant,soil_moisture,1597,,,OK,,,983.6,,name=c5off1;level=OK;role=disp;spread=50;gpio=6;device_seq=72511;time_source=device_synced;device_timestamp_utc=2026-07-27T21:16:31.949Z;config_id=170b1c1e;rssi=-58;uptime_s=543840;heap=152920;cal_tier=board-cal;cal_src=wet_rederive_1236_20260719;pressure_context_source=weather_openmeteo;transport=wifi_poll,
plants.env,2026-07-27T21:16:33.376Z,2026-07-27 16:16:33.376,17205,2a89d4,8gtt1h,0.7.3,fleet_logger_0_1,543840718,ESP32,esp32_die,on_chip,die_temp,,24.70,degC,OK,,,,,name=c5off1;source=esp32_die;cal=uncalibrated_board_proxy;api=temperatureRead;config_id=170b1c1e;transport=wifi_poll,
plants.soil,2026-07-27T21:17:04.085Z,2026-07-27 16:17:04.085,17206,2a89d4,8gtt1h,0.7.3,fleet_logger_0_1,543870034,UMLIFE_v2_TLC555,ch0,origplant,soil_moisture,1204,,,OK,,,983.6,,name=c5off1;level=overwatered;role=disp;spread=17;gpio=1;device_seq=72512;time_source=device_synced;device_timestamp_utc=2026-07-27T21:17:01.949Z;config_id=170b1c1e;rssi=-57;uptime_s=543870;heap=152664;cal_tier=board-cal;cal_src=wet_rederive_1236_20260719;pressure_context_source=weather_openmeteo;transport=wifi_poll,
plants.soil,2026-07-27T21:17:04.085Z,2026-07-27 16:17:04.085,17207,2a89d4,8gtt1h,0.7.3,fleet_logger_0_1,543870034,UMLIFE_v2_TLC555,ch1,origplant,soil_moisture,1331,,,OK,,,983.6,,name=c5off1;level=well watered;role=disp;spread=7;gpio=4;device_seq=72513;time_source=device_synced;device_timestamp_utc=2026-07-27T21:17:01.949Z;config_id=170b1c1e;rssi=-57;uptime_s=543870;heap=152664;cal_tier=board-cal;cal_src=wet_rederive_1236_20260719;pressure_context_source=weather_openmeteo;transport=wifi_poll,
plants.soil,2026-07-27T21:17:04.085Z,2026-07-27 16:17:04.085,17208,2a89d4,8gtt1h,0.7.3,fleet_logger_0_1,543870034,UMLIFE_v2_TLC555,ch2,origplant,soil_moisture,1179,,,OK,,,983.6,,name=c5off1;level=overwatered;role=disp;spread=12;gpio=5;device_seq=72514;time_source=device_synced;device_timestamp_utc=2026-07-27T21:17:01.949Z;config_id=170b1c1e;rssi=-57;uptime_s=543870;heap=152664;cal_tier=board-cal;cal_src=wet_rederive_1236_20260719;pressure_context_source=weather_openmeteo;transport=wifi_poll,
plants.soil,2026-07-27T21:17:04.085Z,2026-07-27 16:17:04.085,17209,2a89d4,8gtt1h,0.7.3,fleet_logger_0_1,543870034,UMLIFE_v2_TLC555,ch3,origplant,soil_moisture,1579,,,OK,,,983.6,,name=c5off1;level=OK;role=disp;spread=24;gpio=6;device_seq=72515;time_source=device_synced;device_timestamp_utc=2026-07-27T21:17:01.949Z;config_id=170b1c1e;rssi=-57;uptime_s=543870;heap=152664;cal_tier=board-cal;cal_src=wet_rederive_1236_20260719;pressure_context_source=weather_openmeteo;transport=wifi_poll,
plants.env,2026-07-27T21:17:04.085Z,2026-07-27 16:17:04.085,17210,2a89d4,8gtt1h,0.7.3,fleet_logger_0_1,543870718,ESP32,esp32_die,on_chip,die_temp,,24.70,degC,OK,,,,,name=c5off1;source=esp32_die;cal=uncalibrated_board_proxy;api=temperatureRead;config_id=170b1c1e;transport=wifi_poll,
plants.soil,2026-07-27T21:17:34.406Z,2026-07-27 16:17:34.406,17211,2a89d4,8gtt1h,0.7.3,fleet_logger_0_1,543900034,UMLIFE_v2_TLC555,ch0,origplant,soil_moisture,1204,,,OK,,,983.6,,name=c5off1;level=overwatered;role=disp;spread=17;gpio=1;device_seq=72516;time_source=device_synced;device_timestamp_utc=2026-07-27T21:17:31.949Z;config_id=170b1c1e;rssi=-57;uptime_s=543900;heap=152400;cal_tier=board-cal;cal_src=wet_rederive_1236_20260719;pressure_context_source=weather_openmeteo;transport=wifi_poll,
plants.soil,2026-07-27T21:17:34.406Z,2026-07-27 16:17:34.406,17212,2a89d4,8gtt1h,0.7.3,fleet_logger_0_1,543900034,UMLIFE_v2_TLC555,ch1,origplant,soil_moisture,1330,,,OK,,,983.6,,name=c5off1;level=well watered;role=disp;spread=13;gpio=4;device_seq=72517;time_source=device_synced;device_timestamp_utc=2026-07-27T21:17:31.949Z;config_id=170b1c1e;rssi=-57;uptime_s=543900;heap=152400;cal_tier=board-cal;cal_src=wet_rederive_1236_20260719;pressure_context_source=weather_openmeteo;transport=wifi_poll,
plants.soil,2026-07-27T21:17:34.406Z,2026-07-27 16:17:34.406,17213,2a89d4,8gtt1h,0.7.3,fleet_logger_0_1,543900034,UMLIFE_v2_TLC555,ch2,origplant,soil_moisture,1179,,,OK,,,983.6,,name=c5off1;level=overwatered;role=disp;spread=23;gpio=5;device_seq=72518;time_source=device_synced;device_timestamp_utc=2026-07-27T21:17:31.949Z;config_id=170b1c1e;rssi=-57;uptime_s=543900;heap=152400;cal_tier=board-cal;cal_src=wet_rederive_1236_20260719;pressure_context_source=weather_openmeteo;transport=wifi_poll,
plants.soil,2026-07-27T21:17:34.406Z,2026-07-27 16:17:34.406,17214,2a89d4,8gtt1h,0.7.3,fleet_logger_0_1,543900034,UMLIFE_v2_TLC555,ch3,origplant,soil_moisture,1594,,,OK,,,983.6,,name=c5off1;level=OK;role=disp;spread=8;gpio=6;device_seq=72519;time_source=device_synced;device_timestamp_utc=2026-07-27T21:17:31.949Z;config_id=170b1c1e;rssi=-57;uptime_s=543900;heap=152400;cal_tier=board-cal;cal_src=wet_rederive_1236_20260719;pressure_context_source=weather_openmeteo;transport=wifi_poll,
plants.env,2026-07-27T21:17:34.406Z,2026-07-27 16:17:34.406,17215,2a89d4,8gtt1h,0.7.3,fleet_logger_0_1,543900718,ESP32,esp32_die,on_chip,die_temp,,24.70,degC,OK,,,,,name=c5off1;source=esp32_die;cal=uncalibrated_board_proxy;api=temperatureRead;config_id=170b1c1e;transport=wifi_poll,
plants.soil,2026-07-27T21:18:04.726Z,2026-07-27 16:18:04.726,17216,2a89d4,8gtt1h,0.7.3,fleet_logger_0_1,543930034,UMLIFE_v2_TLC555,ch0,origplant,soil_moisture,1206,,,OK,,,983.6,,name=c5off1;level=overwatered;role=disp;spread=13;gpio=1;device_seq=72520;time_source=device_synced;device_timestamp_utc=2026-07-27T21:18:01.949Z;config_id=170b1c1e;rssi=-61;uptime_s=543930;heap=152392;cal_tier=board-cal;cal_src=wet_rederive_1236_20260719;pressure_context_source=weather_openmeteo;transport=wifi_poll,
plants.soil,2026-07-27T21:18:04.726Z,2026-07-27 16:18:04.726,17217,2a89d4,8gtt1h,0.7.3,fleet_logger_0_1,543930034,UMLIFE_v2_TLC555,ch1,origplant,soil_moisture,1332,,,OK,,,983.6,,name=c5off1;level=well watered;role=disp;spread=15;gpio=4;device_seq=72521;time_source=device_synced;device_timestamp_utc=2026-07-27T21:18:01.949Z;config_id=170b1c1e;rssi=-61;uptime_s=543930;heap=152392;cal_tier=board-cal;cal_src=wet_rederive_1236_20260719;pressure_context_source=weather_openmeteo;transport=wifi_poll,
plants.soil,2026-07-27T21:18:04.726Z,2026-07-27 16:18:04.726,17218,2a89d4,8gtt1h,0.7.3,fleet_logger_0_1,543930034,UMLIFE_v2_TLC555,ch2,origplant,soil_moisture,1179,,,OK,,,983.6,,name=c5off1;level=overwatered;role=disp;spread=11;gpio=5;device_seq=72522;time_source=device_synced;device_timestamp_utc=2026-07-27T21:18:01.949Z;config_id=170b1c1e;rssi=-61;uptime_s=543930;heap=152392;cal_tier=board-cal;cal_src=wet_rederive_1236_20260719;pressure_context_source=weather_openmeteo;transport=wifi_poll,
plants.soil,2026-07-27T21:18:04.726Z,2026-07-27 16:18:04.726,17219,2a89d4,8gtt1h,0.7.3,fleet_logger_0_1,543930034,UMLIFE_v2_TLC555,ch3,origplant,soil_moisture,1594,,,OK,,,983.6,,name=c5off1;level=OK;role=disp;spread=27;gpio=6;device_seq=72523;time_source=device_synced;device_timestamp_utc=2026-07-27T21:18:01.949Z;config_id=170b1c1e;rssi=-61;uptime_s=543930;heap=152392;cal_tier=board-cal;cal_src=wet_rederive_1236_20260719;pressure_context_source=weather_openmeteo;transport=wifi_poll,
plants.env,2026-07-27T21:18:04.726Z,2026-07-27 16:18:04.726,17220,2a89d4,8gtt1h,0.7.3,fleet_logger_0_1,543930718,ESP32,esp32_die,on_chip,die_temp,,24.70,degC,OK,,,,,name=c5off1;source=esp32_die;cal=uncalibrated_board_proxy;api=temperatureRead;config_id=170b1c1e;transport=wifi_poll,
plants.soil,2026-07-27T21:18:35.025Z,2026-07-27 16:18:35.025,17221,2a89d4,8gtt1h,0.7.3,fleet_logger_0_1,543960034,UMLIFE_v2_TLC555,ch0,origplant,soil_moisture,1209,,,OK,,,983.6,,name=c5off1;level=overwatered;role=disp;spread=19;gpio=1;device_seq=72524;time_source=device_synced;device_timestamp_utc=2026-07-27T21:18:31.949Z;config_id=170b1c1e;rssi=-59;uptime_s=543960;heap=152648;cal_tier=board-cal;cal_src=wet_rederive_1236_20260719;pressure_context_source=weather_openmeteo;transport=wifi_poll,
plants.soil,2026-07-27T21:18:35.025Z,2026-07-27 16:18:35.025,17222,2a89d4,8gtt1h,0.7.3,fleet_logger_0_1,543960034,UMLIFE_v2_TLC555,ch1,origplant,soil_moisture,1338,,,OK,,,983.6,,name=c5off1;level=well watered;role=disp;spread=18;gpio=4;device_seq=72525;time_source=device_synced;device_timestamp_utc=2026-07-27T21:18:31.949Z;config_id=170b1c1e;rssi=-59;uptime_s=543960;heap=152648;cal_tier=board-cal;cal_src=wet_rederive_1236_20260719;pressure_context_source=weather_openmeteo;transport=wifi_poll,
plants.soil,2026-07-27T21:18:35.025Z,2026-07-27 16:18:35.025,17223,2a89d4,8gtt1h,0.7.3,fleet_logger_0_1,543960034,UMLIFE_v2_TLC555,ch2,origplant,soil_moisture,1182,,,OK,,,983.6,,name=c5off1;level=overwatered;role=disp;spread=13;gpio=5;device_seq=72526;time_source=device_synced;device_timestamp_utc=2026-07-27T21:18:31.949Z;config_id=170b1c1e;rssi=-59;uptime_s=543960;heap=152648;cal_tier=board-cal;cal_src=wet_rederive_1236_20260719;pressure_context_source=weather_openmeteo;transport=wifi_poll,
plants.soil,2026-07-27T21:18:35.025Z,2026-07-27 16:18:35.025,17224,2a89d4,8gtt1h,0.7.3,fleet_logger_0_1,543960034,UMLIFE_v2_TLC555,ch3,origplant,soil_moisture,1596,,,OK,,,983.6,,name=c5off1;level=OK;role=disp;spread=14;gpio=6;device_seq=72527;time_source=device_synced;device_timestamp_utc=2026-07-27T21:18:31.949Z;config_id=170b1c1e;rssi=-59;uptime_s=543960;heap=152648;cal_tier=board-cal;cal_src=wet_rederive_1236_20260719;pressure_context_source=weather_openmeteo;transport=wifi_poll,
plants.env,2026-07-27T21:18:35.025Z,2026-07-27 16:18:35.025,17225,2a89d4,8gtt1h,0.7.3,fleet_logger_0_1,543960718,ESP32,esp32_die,on_chip,die_temp,,24.70,degC,OK,,,,,name=c5off1;source=esp32_die;cal=uncalibrated_board_proxy;api=temperatureRead;config_id=170b1c1e;transport=wifi_poll,
plants.soil,2026-07-27T21:19:05.249Z,2026-07-27 16:19:05.249,17226,2a89d4,8gtt1h,0.7.3,fleet_logger_0_1,543990034,UMLIFE_v2_TLC555,ch0,origplant,soil_moisture,1213,,,OK,,,983.6,,name=c5off1;level=overwatered;role=disp;spread=7;gpio=1;device_seq=72528;time_source=device_synced;device_timestamp_utc=2026-07-27T21:19:01.949Z;config_id=170b1c1e;rssi=-60;uptime_s=543990;heap=152656;cal_tier=board-cal;cal_src=wet_rederive_1236_20260719;pressure_context_source=weather_openmeteo;transport=wifi_poll,
plants.soil,2026-07-27T21:19:05.249Z,2026-07-27 16:19:05.249,17227,2a89d4,8gtt1h,0.7.3,fleet_logger_0_1,543990034,UMLIFE_v2_TLC555,ch1,origplant,soil_moisture,1334,,,OK,,,983.6,,name=c5off1;level=well watered;role=disp;spread=28;gpio=4;device_seq=72529;time_source=device_synced;device_timestamp_utc=2026-07-27T21:19:01.949Z;config_id=170b1c1e;rssi=-60;uptime_s=543990;heap=152656;cal_tier=board-cal;cal_src=wet_rederive_1236_20260719;pressure_context_source=weather_openmeteo;transport=wifi_poll,
plants.soil,2026-07-27T21:19:05.249Z,2026-07-27 16:19:05.249,17228,2a89d4,8gtt1h,0.7.3,fleet_logger_0_1,543990034,UMLIFE_v2_TLC555,ch2,origplant,soil_moisture,1179,,,OK,,,983.6,,name=c5off1;level=overwatered;role=disp;spread=12;gpio=5;device_seq=72530;time_source=device_synced;device_timestamp_utc=2026-07-27T21:19:01.949Z;config_id=170b1c1e;rssi=-60;uptime_s=543990;heap=152656;cal_tier=board-cal;cal_src=wet_rederive_1236_20260719;pressure_context_source=weather_openmeteo;transport=wifi_poll,
plants.soil,2026-07-27T21:19:05.249Z,2026-07-27 16:19:05.249,17229,2a89d4,8gtt1h,0.7.3,fleet_logger_0_1,543990034,UMLIFE_v2_TLC555,ch3,origplant,soil_moisture,1580,,,OK,,,983.6,,name=c5off1;level=OK;role=disp;spread=28;gpio=6;device_seq=72531;time_source=device_synced;device_timestamp_utc=2026-07-27T21:19:01.949Z;config_id=170b1c1e;rssi=-60;uptime_s=543990;heap=152656;cal_tier=board-cal;cal_src=wet_rederive_1236_20260719;pressure_context_source=weather_openmeteo;transport=wifi_poll,
plants.env,2026-07-27T21:19:05.249Z,2026-07-27 16:19:05.249,17230,2a89d4,8gtt1h,0.7.3,fleet_logger_0_1,543990718,ESP32,esp32_die,on_chip,die_temp,,24.70,degC,OK,,,,,name=c5off1;source=esp32_die;cal=uncalibrated_board_proxy;api=temperatureRead;config_id=170b1c1e;transport=wifi_poll,
plants.soil,2026-07-27T21:19:35.565Z,2026-07-27 16:19:35.565,17231,2a89d4,8gtt1h,0.7.3,fleet_logger_0_1,544020034,UMLIFE_v2_TLC555,ch0,origplant,soil_moisture,1224,,,OK,,,983.6,,name=c5off1;level=overwatered;role=disp;spread=27;gpio=1;device_seq=72532;time_source=device_synced;device_timestamp_utc=2026-07-27T21:19:31.949Z;config_id=170b1c1e;rssi=-57;uptime_s=544020;heap=152664;cal_tier=board-cal;cal_src=wet_rederive_1236_20260719;pressure_context_source=weather_openmeteo;transport=wifi_poll,
plants.soil,2026-07-27T21:19:35.565Z,2026-07-27 16:19:35.565,17232,2a89d4,8gtt1h,0.7.3,fleet_logger_0_1,544020034,UMLIFE_v2_TLC555,ch1,origplant,soil_moisture,1337,,,OK,,,983.6,,name=c5off1;level=well watered;role=disp;spread=14;gpio=4;device_seq=72533;time_source=device_synced;device_timestamp_utc=2026-07-27T21:19:31.949Z;config_id=170b1c1e;rssi=-57;uptime_s=544020;heap=152664;cal_tier=board-cal;cal_src=wet_rederive_1236_20260719;pressure_context_source=weather_openmeteo;transport=wifi_poll,
plants.soil,2026-07-27T21:19:35.565Z,2026-07-27 16:19:35.565,17233,2a89d4,8gtt1h,0.7.3,fleet_logger_0_1,544020034,UMLIFE_v2_TLC555,ch2,origplant,soil_moisture,1180,,,OK,,,983.6,,name=c5off1;level=overwatered;role=disp;spread=13;gpio=5;device_seq=72534;time_source=device_synced;device_timestamp_utc=2026-07-27T21:19:31.949Z;config_id=170b1c1e;rssi=-57;uptime_s=544020;heap=152664;cal_tier=board-cal;cal_src=wet_rederive_1236_20260719;pressure_context_source=weather_openmeteo;transport=wifi_poll,
plants.soil,2026-07-27T21:19:35.565Z,2026-07-27 16:19:35.565,17234,2a89d4,8gtt1h,0.7.3,fleet_logger_0_1,544020034,UMLIFE_v2_TLC555,ch3,origplant,soil_moisture,1581,,,OK,,,983.6,,name=c5off1;level=OK;role=disp;spread=25;gpio=6;device_seq=72535;time_source=device_synced;device_timestamp_utc=2026-07-27T21:19:31.949Z;config_id=170b1c1e;rssi=-57;uptime_s=544020;heap=152664;cal_tier=board-cal;cal_src=wet_rederive_1236_20260719;pressure_context_source=weather_openmeteo;transport=wifi_poll,
plants.env,2026-07-27T21:19:35.565Z,2026-07-27 16:19:35.565,17235,2a89d4,8gtt1h,0.7.3,fleet_logger_0_1,544020718,ESP32,esp32_die,on_chip,die_temp,,24.70,degC,OK,,,,,name=c5off1;source=esp32_die;cal=uncalibrated_board_proxy;api=temperatureRead;config_id=170b1c1e;transport=wifi_poll,
plants.soil,2026-07-27T21:20:05.776Z,2026-07-27 16:20:05.776,17236,2a89d4,8gtt1h,0.7.3,fleet_logger_0_1,544050034,UMLIFE_v2_TLC555,ch0,origplant,soil_moisture,1226,,,OK,,,983.6,,name=c5off1;level=overwatered;role=disp;spread=26;gpio=1;device_seq=72536;time_source=device_synced;device_timestamp_utc=2026-07-27T21:20:01.949Z;config_id=170b1c1e;rssi=-55;uptime_s=544050;heap=152624;cal_tier=board-cal;cal_src=wet_rederive_1236_20260719;pressure_context_source=weather_openmeteo;transport=wifi_poll,
plants.soil,2026-07-27T21:20:05.776Z,2026-07-27 16:20:05.776,17237,2a89d4,8gtt1h,0.7.3,fleet_logger_0_1,544050034,UMLIFE_v2_TLC555,ch1,origplant,soil_moisture,1350,,,OK,,,983.6,,name=c5off1;level=well watered;role=disp;spread=14;gpio=4;device_seq=72537;time_source=device_synced;device_timestamp_utc=2026-07-27T21:20:01.949Z;config_id=170b1c1e;rssi=-55;uptime_s=544050;heap=152624;cal_tier=board-cal;cal_src=wet_rederive_1236_20260719;pressure_context_source=weather_openmeteo;transport=wifi_poll,
plants.soil,2026-07-27T21:20:05.776Z,2026-07-27 16:20:05.776,17238,2a89d4,8gtt1h,0.7.3,fleet_logger_0_1,544050034,UMLIFE_v2_TLC555,ch2,origplant,soil_moisture,1181,,,OK,,,983.6,,name=c5off1;level=overwatered;role=disp;spread=17;gpio=5;device_seq=72538;time_source=device_synced;device_timestamp_utc=2026-07-27T21:20:01.949Z;config_id=170b1c1e;rssi=-55;uptime_s=544050;heap=152624;cal_tier=board-cal;cal_src=wet_rederive_1236_20260719;pressure_context_source=weather_openmeteo;transport=wifi_poll,
plants.soil,2026-07-27T21:20:05.776Z,2026-07-27 16:20:05.776,17239,2a89d4,8gtt1h,0.7.3,fleet_logger_0_1,544050034,UMLIFE_v2_TLC555,ch3,origplant,soil_moisture,1581,,,OK,,,983.6,,name=c5off1;level=OK;role=disp;spread=30;gpio=6;device_seq=72539;time_source=device_synced;device_timestamp_utc=2026-07-27T21:20:01.949Z;config_id=170b1c1e;rssi=-55;uptime_s=544050;heap=152624;cal_tier=board-cal;cal_src=wet_rederive_1236_20260719;pressure_context_source=weather_openmeteo;transport=wifi_poll,
plants.env,2026-07-27T21:20:05.776Z,2026-07-27 16:20:05.776,17240,2a89d4,8gtt1h,0.7.3,fleet_logger_0_1,544050718,ESP32,esp32_die,on_chip,die_temp,,24.70,degC,OK,,,,,name=c5off1;source=esp32_die;cal=uncalibrated_board_proxy;api=temperatureRead;config_id=170b1c1e;transport=wifi_poll,
plants.soil,2026-07-27T21:20:36.261Z,2026-07-27 16:20:36.261,17241,2a89d4,8gtt1h,0.7.3,fleet_logger_0_1,544080034,UMLIFE_v2_TLC555,ch0,origplant,soil_moisture,1225,,,OK,,,983.6,,name=c5off1;level=overwatered;role=disp;spread=10;gpio=1;device_seq=72540;time_source=device_synced;device_timestamp_utc=2026-07-27T21:20:31.949Z;config_id=170b1c1e;rssi=-59;uptime_s=544080;heap=152368;cal_tier=board-cal;cal_src=wet_rederive_1236_20260719;pressure_context_source=weather_openmeteo;transport=wifi_poll,
plants.soil,2026-07-27T21:20:36.261Z,2026-07-27 16:20:36.261,17242,2a89d4,8gtt1h,0.7.3,fleet_logger_0_1,544080034,UMLIFE_v2_TLC555,ch1,origplant,soil_moisture,1351,,,OK,,,983.6,,name=c5off1;level=well watered;role=disp;spread=7;gpio=4;device_seq=72541;time_source=device_synced;device_timestamp_utc=2026-07-27T21:20:31.949Z;config_id=170b1c1e;rssi=-59;uptime_s=544080;heap=152368;cal_tier=board-cal;cal_src=wet_rederive_1236_20260719;pressure_context_source=weather_openmeteo;transport=wifi_poll,
plants.soil,2026-07-27T21:20:36.261Z,2026-07-27 16:20:36.261,17243,2a89d4,8gtt1h,0.7.3,fleet_logger_0_1,544080034,UMLIFE_v2_TLC555,ch2,origplant,soil_moisture,1179,,,OK,,,983.6,,name=c5off1;level=overwatered;role=disp;spread=9;gpio=5;device_seq=72542;time_source=device_synced;device_timestamp_utc=2026-07-27T21:20:31.949Z;config_id=170b1c1e;rssi=-59;uptime_s=544080;heap=152368;cal_tier=board-cal;cal_src=wet_rederive_1236_20260719;pressure_context_source=weather_openmeteo;transport=wifi_poll,
plants.soil,2026-07-27T21:20:36.261Z,2026-07-27 16:20:36.261,17244,2a89d4,8gtt1h,0.7.3,fleet_logger_0_1,544080034,UMLIFE_v2_TLC555,ch3,origplant,soil_moisture,1583,,,OK,,,983.6,,name=c5off1;level=OK;role=disp;spread=25;gpio=6;device_seq=72543;time_source=device_synced;device_timestamp_utc=2026-07-27T21:20:31.949Z;config_id=170b1c1e;rssi=-59;uptime_s=544080;heap=152368;cal_tier=board-cal;cal_src=wet_rederive_1236_20260719;pressure_context_source=weather_openmeteo;transport=wifi_poll,
plants.env,2026-07-27T21:20:36.261Z,2026-07-27 16:20:36.261,17245,2a89d4,8gtt1h,0.7.3,fleet_logger_0_1,544080718,ESP32,esp32_die,on_chip,die_temp,,24.70,degC,OK,,,,,name=c5off1;source=esp32_die;cal=uncalibrated_board_proxy;api=temperatureRead;config_id=170b1c1e;transport=wifi_poll,
plants.soil,2026-07-27T21:21:06.577Z,2026-07-27 16:21:06.577,17246,2a89d4,8gtt1h,0.7.3,fleet_logger_0_1,544110034,UMLIFE_v2_TLC555,ch0,origplant,soil_moisture,1222,,,OK,,,983.6,,name=c5off1;level=overwatered;role=disp;spread=16;gpio=1;device_seq=72544;time_source=device_synced;device_timestamp_utc=2026-07-27T21:21:01.949Z;config_id=170b1c1e;rssi=-54;uptime_s=544110;heap=152332;cal_tier=board-cal;cal_src=wet_rederive_1236_20260719;pressure_context_source=weather_openmeteo;transport=wifi_poll,
plants.soil,2026-07-27T21:21:06.577Z,2026-07-27 16:21:06.577,17247,2a89d4,8gtt1h,0.7.3,fleet_logger_0_1,544110034,UMLIFE_v2_TLC555,ch1,origplant,soil_moisture,1350,,,OK,,,983.6,,name=c5off1;level=well watered;role=disp;spread=15;gpio=4;device_seq=72545;time_source=device_synced;device_timestamp_utc=2026-07-27T21:21:01.949Z;config_id=170b1c1e;rssi=-54;uptime_s=544110;heap=152332;cal_tier=board-cal;cal_src=wet_rederive_1236_20260719;pressure_context_source=weather_openmeteo;transport=wifi_poll,
plants.soil,2026-07-27T21:21:06.577Z,2026-07-27 16:21:06.577,17248,2a89d4,8gtt1h,0.7.3,fleet_logger_0_1,544110034,UMLIFE_v2_TLC555,ch2,origplant,soil_moisture,1178,,,OK,,,983.6,,name=c5off1;level=overwatered;role=disp;spread=2;gpio=5;device_seq=72546;time_source=device_synced;device_timestamp_utc=2026-07-27T21:21:01.949Z;config_id=170b1c1e;rssi=-54;uptime_s=544110;heap=152332;cal_tier=board-cal;cal_src=wet_rederive_1236_20260719;pressure_context_source=weather_openmeteo;transport=wifi_poll,
plants.soil,2026-07-27T21:21:06.577Z,2026-07-27 16:21:06.577,17249,2a89d4,8gtt1h,0.7.3,fleet_logger_0_1,544110034,UMLIFE_v2_TLC555,ch3,origplant,soil_moisture,1591,,,OK,,,983.6,,name=c5off1;level=OK;role=disp;spread=27;gpio=6;device_seq=72547;time_source=device_synced;device_timestamp_utc=2026-07-27T21:21:01.949Z;config_id=170b1c1e;rssi=-54;uptime_s=544110;heap=152332;cal_tier=board-cal;cal_src=wet_rederive_1236_20260719;pressure_context_source=weather_openmeteo;transport=wifi_poll,
plants.env,2026-07-27T21:21:06.577Z,2026-07-27 16:21:06.577,17250,2a89d4,8gtt1h,0.7.3,fleet_logger_0_1,544110718,ESP32,esp32_die,on_chip,die_temp,,24.70,degC,OK,,,,,name=c5off1;source=esp32_die;cal=uncalibrated_board_proxy;api=temperatureRead;config_id=170b1c1e;transport=wifi_poll,
plants.soil,2026-07-27T21:21:37.085Z,2026-07-27 16:21:37.085,17251,2a89d4,8gtt1h,0.7.3,fleet_logger_0_1,544140033,UMLIFE_v2_TLC555,ch0,origplant,soil_moisture,1224,,,OK,,,983.6,,name=c5off1;level=overwatered;role=disp;spread=15;gpio=1;device_seq=72548;time_source=device_synced;device_timestamp_utc=2026-07-27T21:21:31.948Z;config_id=170b1c1e;rssi=-57;uptime_s=544140;heap=152620;cal_tier=board-cal;cal_src=wet_rederive_1236_20260719;pressure_context_source=weather_openmeteo;transport=wifi_poll,
plants.soil,2026-07-27T21:21:37.085Z,2026-07-27 16:21:37.085,17252,2a89d4,8gtt1h,0.7.3,fleet_logger_0_1,544140033,UMLIFE_v2_TLC555,ch1,origplant,soil_moisture,1352,,,OK,,,983.6,,name=c5off1;level=well watered;role=disp;spread=17;gpio=4;device_seq=72549;time_source=device_synced;device_timestamp_utc=2026-07-27T21:21:31.948Z;config_id=170b1c1e;rssi=-57;uptime_s=544140;heap=152620;cal_tier=board-cal;cal_src=wet_rederive_1236_20260719;pressure_context_source=weather_openmeteo;transport=wifi_poll,
plants.soil,2026-07-27T21:21:37.085Z,2026-07-27 16:21:37.085,17253,2a89d4,8gtt1h,0.7.3,fleet_logger_0_1,544140033,UMLIFE_v2_TLC555,ch2,origplant,soil_moisture,1180,,,OK,,,983.6,,name=c5off1;level=overwatered;role=disp;spread=20;gpio=5;device_seq=72550;time_source=device_synced;device_timestamp_utc=2026-07-27T21:21:31.948Z;config_id=170b1c1e;rssi=-57;uptime_s=544140;heap=152620;cal_tier=board-cal;cal_src=wet_rederive_1236_20260719;pressure_context_source=weather_openmeteo;transport=wifi_poll,
plants.soil,2026-07-27T21:21:37.085Z,2026-07-27 16:21:37.085,17254,2a89d4,8gtt1h,0.7.3,fleet_logger_0_1,544140033,UMLIFE_v2_TLC555,ch3,origplant,soil_moisture,1597,,,OK,,,983.6,,name=c5off1;level=OK;role=disp;spread=24;gpio=6;device_seq=72551;time_source=device_synced;device_timestamp_utc=2026-07-27T21:21:31.948Z;config_id=170b1c1e;rssi=-57;uptime_s=544140;heap=152620;cal_tier=board-cal;cal_src=wet_rederive_1236_20260719;pressure_context_source=weather_openmeteo;transport=wifi_poll,
plants.env,2026-07-27T21:21:37.085Z,2026-07-27 16:21:37.085,17255,2a89d4,8gtt1h,0.7.3,fleet_logger_0_1,544140717,ESP32,esp32_die,on_chip,die_temp,,24.70,degC,OK,,,,,name=c5off1;source=esp32_die;cal=uncalibrated_board_proxy;api=temperatureRead;config_id=170b1c1e;transport=wifi_poll,
plants.soil,2026-07-27T21:22:07.643Z,2026-07-27 16:22:07.643,17256,2a89d4,8gtt1h,0.7.3,fleet_logger_0_1,544170034,UMLIFE_v2_TLC555,ch0,origplant,soil_moisture,1223,,,OK,,,983.6,,name=c5off1;level=overwatered;role=disp;spread=16;gpio=1;device_seq=72552;time_source=device_synced;device_timestamp_utc=2026-07-27T21:22:01.949Z;config_id=170b1c1e;rssi=-57;uptime_s=544170;heap=152624;cal_tier=board-cal;cal_src=wet_rederive_1236_20260719;pressure_context_source=weather_openmeteo;transport=wifi_poll,
plants.soil,2026-07-27T21:22:07.643Z,2026-07-27 16:22:07.643,17257,2a89d4,8gtt1h,0.7.3,fleet_logger_0_1,544170034,UMLIFE_v2_TLC555,ch1,origplant,soil_moisture,1351,,,OK,,,983.6,,name=c5off1;level=well watered;role=disp;spread=17;gpio=4;device_seq=72553;time_source=device_synced;device_timestamp_utc=2026-07-27T21:22:01.949Z;config_id=170b1c1e;rssi=-57;uptime_s=544170;heap=152624;cal_tier=board-cal;cal_src=wet_rederive_1236_20260719;pressure_context_source=weather_openmeteo;transport=wifi_poll,
plants.soil,2026-07-27T21:22:07.643Z,2026-07-27 16:22:07.643,17258,2a89d4,8gtt1h,0.7.3,fleet_logger_0_1,544170034,UMLIFE_v2_TLC555,ch2,origplant,soil_moisture,1182,,,OK,,,983.6,,name=c5off1;level=overwatered;role=disp;spread=12;gpio=5;device_seq=72554;time_source=device_synced;device_timestamp_utc=2026-07-27T21:22:01.949Z;config_id=170b1c1e;rssi=-57;uptime_s=544170;heap=152624;cal_tier=board-cal;cal_src=wet_rederive_1236_20260719;pressure_context_source=weather_openmeteo;transport=wifi_poll,
plants.soil,2026-07-27T21:22:07.643Z,2026-07-27 16:22:07.643,17259,2a89d4,8gtt1h,0.7.3,fleet_logger_0_1,544170034,UMLIFE_v2_TLC555,ch3,origplant,soil_moisture,1597,,,OK,,,983.6,,name=c5off1;level=OK;role=disp;spread=21;gpio=6;device_seq=72555;time_source=device_synced;device_timestamp_utc=2026-07-27T21:22:01.949Z;config_id=170b1c1e;rssi=-57;uptime_s=544170;heap=152624;cal_tier=board-cal;cal_src=wet_rederive_1236_20260719;pressure_context_source=weather_openmeteo;transport=wifi_poll,
plants.env,2026-07-27T21:22:07.643Z,2026-07-27 16:22:07.643,17260,2a89d4,8gtt1h,0.7.3,fleet_logger_0_1,544170718,ESP32,esp32_die,on_chip,die_temp,,24.70,degC,OK,,,,,name=c5off1;source=esp32_die;cal=uncalibrated_board_proxy;api=temperatureRead;config_id=170b1c1e;transport=wifi_poll,
plants.soil,2026-07-27T21:22:38.035Z,2026-07-27 16:22:38.035,17261,2a89d4,8gtt1h,0.7.3,fleet_logger_0_1,544200034,UMLIFE_v2_TLC555,ch0,origplant,soil_moisture,1226,,,OK,,,983.6,,name=c5off1;level=overwatered;role=disp;spread=19;gpio=1;device_seq=72556;time_source=device_synced;device_timestamp_utc=2026-07-27T21:22:31.949Z;config_id=170b1c1e;rssi=-58;uptime_s=544200;heap=152664;cal_tier=board-cal;cal_src=wet_rederive_1236_20260719;pressure_context_source=weather_openmeteo;transport=wifi_poll,
plants.soil,2026-07-27T21:22:38.035Z,2026-07-27 16:22:38.035,17262,2a89d4,8gtt1h,0.7.3,fleet_logger_0_1,544200034,UMLIFE_v2_TLC555,ch1,origplant,soil_moisture,1351,,,OK,,,983.6,,name=c5off1;level=well watered;role=disp;spread=18;gpio=4;device_seq=72557;time_source=device_synced;device_timestamp_utc=2026-07-27T21:22:31.949Z;config_id=170b1c1e;rssi=-58;uptime_s=544200;heap=152664;cal_tier=board-cal;cal_src=wet_rederive_1236_20260719;pressure_context_source=weather_openmeteo;transport=wifi_poll,
plants.soil,2026-07-27T21:22:38.035Z,2026-07-27 16:22:38.035,17263,2a89d4,8gtt1h,0.7.3,fleet_logger_0_1,544200034,UMLIFE_v2_TLC555,ch2,origplant,soil_moisture,1179,,,OK,,,983.6,,name=c5off1;level=overwatered;role=disp;spread=10;gpio=5;device_seq=72558;time_source=device_synced;device_timestamp_utc=2026-07-27T21:22:31.949Z;config_id=170b1c1e;rssi=-58;uptime_s=544200;heap=152664;cal_tier=board-cal;cal_src=wet_rederive_1236_20260719;pressure_context_source=weather_openmeteo;transport=wifi_poll,
plants.soil,2026-07-27T21:22:38.035Z,2026-07-27 16:22:38.035,17264,2a89d4,8gtt1h,0.7.3,fleet_logger_0_1,544200034,UMLIFE_v2_TLC555,ch3,origplant,soil_moisture,1597,,,OK,,,983.6,,name=c5off1;level=OK;role=disp;spread=29;gpio=6;device_seq=72559;time_source=device_synced;device_timestamp_utc=2026-07-27T21:22:31.949Z;config_id=170b1c1e;rssi=-58;uptime_s=544200;heap=152664;cal_tier=board-cal;cal_src=wet_rederive_1236_20260719;pressure_context_source=weather_openmeteo;transport=wifi_poll,
plants.env,2026-07-27T21:22:38.035Z,2026-07-27 16:22:38.035,17265,2a89d4,8gtt1h,0.7.3,fleet_logger_0_1,544201818,ESP32,esp32_die,on_chip,die_temp,,24.70,degC,OK,,,,,name=c5off1;source=esp32_die;cal=uncalibrated_board_proxy;api=temperatureRead;config_id=170b1c1e;transport=wifi_poll,
plants.soil,2026-07-27T21:23:08.347Z,2026-07-27 16:23:08.347,17266,2a89d4,8gtt1h,0.7.3,fleet_logger_0_1,544230034,UMLIFE_v2_TLC555,ch0,origplant,soil_moisture,1224,,,OK,,,983.6,,name=c5off1;level=overwatered;role=disp;spread=12;gpio=1;device_seq=72560;time_source=device_synced;device_timestamp_utc=2026-07-27T21:23:01.949Z;config_id=170b1c1e;rssi=-57;uptime_s=544230;heap=152632;cal_tier=board-cal;cal_src=wet_rederive_1236_20260719;pressure_context_source=weather_openmeteo;transport=wifi_poll,
plants.soil,2026-07-27T21:23:08.347Z,2026-07-27 16:23:08.347,17267,2a89d4,8gtt1h,0.7.3,fleet_logger_0_1,544230034,UMLIFE_v2_TLC555,ch1,origplant,soil_moisture,1352,,,OK,,,983.6,,name=c5off1;level=well watered;role=disp;spread=12;gpio=4;device_seq=72561;time_source=device_synced;device_timestamp_utc=2026-07-27T21:23:01.949Z;config_id=170b1c1e;rssi=-57;uptime_s=544230;heap=152632;cal_tier=board-cal;cal_src=wet_rederive_1236_20260719;pressure_context_source=weather_openmeteo;transport=wifi_poll,
plants.soil,2026-07-27T21:23:08.347Z,2026-07-27 16:23:08.347,17268,2a89d4,8gtt1h,0.7.3,fleet_logger_0_1,544230034,UMLIFE_v2_TLC555,ch2,origplant,soil_moisture,1181,,,OK,,,983.6,,name=c5off1;level=overwatered;role=disp;spread=10;gpio=5;device_seq=72562;time_source=device_synced;device_timestamp_utc=2026-07-27T21:23:01.949Z;config_id=170b1c1e;rssi=-57;uptime_s=544230;heap=152632;cal_tier=board-cal;cal_src=wet_rederive_1236_20260719;pressure_context_source=weather_openmeteo;transport=wifi_poll,
plants.soil,2026-07-27T21:23:08.347Z,2026-07-27 16:23:08.347,17269,2a89d4,8gtt1h,0.7.3,fleet_logger_0_1,544230034,UMLIFE_v2_TLC555,ch3,origplant,soil_moisture,1601,,,OK,,,983.6,,name=c5off1;level=OK;role=disp;spread=21;gpio=6;device_seq=72563;time_source=device_synced;device_timestamp_utc=2026-07-27T21:23:01.949Z;config_id=170b1c1e;rssi=-57;uptime_s=544230;heap=152632;cal_tier=board-cal;cal_src=wet_rederive_1236_20260719;pressure_context_source=weather_openmeteo;transport=wifi_poll,
plants.env,2026-07-27T21:23:08.347Z,2026-07-27 16:23:08.347,17270,2a89d4,8gtt1h,0.7.3,fleet_logger_0_1,544230718,ESP32,esp32_die,on_chip,die_temp,,24.70,degC,OK,,,,,name=c5off1;source=esp32_die;cal=uncalibrated_board_proxy;api=temperatureRead;config_id=170b1c1e;transport=wifi_poll,
plants.soil,2026-07-27T21:23:38.646Z,2026-07-27 16:23:38.646,17271,2a89d4,8gtt1h,0.7.3,fleet_logger_0_1,544260034,UMLIFE_v2_TLC555,ch0,origplant,soil_moisture,1226,,,OK,,,983.6,,name=c5off1;level=overwatered;role=disp;spread=8;gpio=1;device_seq=72564;time_source=device_synced;device_timestamp_utc=2026-07-27T21:23:31.949Z;config_id=170b1c1e;rssi=-61;uptime_s=544260;heap=152416;cal_tier=board-cal;cal_src=wet_rederive_1236_20260719;pressure_context_source=weather_openmeteo;transport=wifi_poll,
plants.soil,2026-07-27T21:23:38.646Z,2026-07-27 16:23:38.646,17272,2a89d4,8gtt1h,0.7.3,fleet_logger_0_1,544260034,UMLIFE_v2_TLC555,ch1,origplant,soil_moisture,1349,,,OK,,,983.6,,name=c5off1;level=well watered;role=disp;spread=22;gpio=4;device_seq=72565;time_source=device_synced;device_timestamp_utc=2026-07-27T21:23:31.949Z;config_id=170b1c1e;rssi=-61;uptime_s=544260;heap=152416;cal_tier=board-cal;cal_src=wet_rederive_1236_20260719;pressure_context_source=weather_openmeteo;transport=wifi_poll,
plants.soil,2026-07-27T21:23:38.646Z,2026-07-27 16:23:38.646,17273,2a89d4,8gtt1h,0.7.3,fleet_logger_0_1,544260034,UMLIFE_v2_TLC555,ch2,origplant,soil_moisture,1179,,,OK,,,983.6,,name=c5off1;level=overwatered;role=disp;spread=15;gpio=5;device_seq=72566;time_source=device_synced;device_timestamp_utc=2026-07-27T21:23:31.949Z;config_id=170b1c1e;rssi=-61;uptime_s=544260;heap=152416;cal_tier=board-cal;cal_src=wet_rederive_1236_20260719;pressure_context_source=weather_openmeteo;transport=wifi_poll,
plants.soil,2026-07-27T21:23:38.646Z,2026-07-27 16:23:38.646,17274,2a89d4,8gtt1h,0.7.3,fleet_logger_0_1,544260034,UMLIFE_v2_TLC555,ch3,origplant,soil_moisture,1597,,,OK,,,983.6,,name=c5off1;level=OK;role=disp;spread=27;gpio=6;device_seq=72567;time_source=device_synced;device_timestamp_utc=2026-07-27T21:23:31.949Z;config_id=170b1c1e;rssi=-61;uptime_s=544260;heap=152416;cal_tier=board-cal;cal_src=wet_rederive_1236_20260719;pressure_context_source=weather_openmeteo;transport=wifi_poll,
plants.env,2026-07-27T21:23:38.646Z,2026-07-27 16:23:38.646,17275,2a89d4,8gtt1h,0.7.3,fleet_logger_0_1,544260718,ESP32,esp32_die,on_chip,die_temp,,24.70,degC,OK,,,,,name=c5off1;source=esp32_die;cal=uncalibrated_board_proxy;api=temperatureRead;config_id=170b1c1e;transport=wifi_poll,
plants.soil,2026-07-27T21:24:08.953Z,2026-07-27 16:24:08.953,17276,2a89d4,8gtt1h,0.7.3,fleet_logger_0_1,544290034,UMLIFE_v2_TLC555,ch0,origplant,soil_moisture,1225,,,OK,,,983.6,,name=c5off1;level=overwatered;role=disp;spread=17;gpio=1;device_seq=72568;time_source=device_synced;device_timestamp_utc=2026-07-27T21:24:01.949Z;config_id=170b1c1e;rssi=-60;uptime_s=544290;heap=152412;cal_tier=board-cal;cal_src=wet_rederive_1236_20260719;pressure_context_source=weather_openmeteo;transport=wifi_poll,
plants.soil,2026-07-27T21:24:08.953Z,2026-07-27 16:24:08.953,17277,2a89d4,8gtt1h,0.7.3,fleet_logger_0_1,544290034,UMLIFE_v2_TLC555,ch1,origplant,soil_moisture,1353,,,OK,,,983.6,,name=c5off1;level=well watered;role=disp;spread=22;gpio=4;device_seq=72569;time_source=device_synced;device_timestamp_utc=2026-07-27T21:24:01.949Z;config_id=170b1c1e;rssi=-60;uptime_s=544290;heap=152412;cal_tier=board-cal;cal_src=wet_rederive_1236_20260719;pressure_context_source=weather_openmeteo;transport=wifi_poll,
plants.soil,2026-07-27T21:24:08.953Z,2026-07-27 16:24:08.953,17278,2a89d4,8gtt1h,0.7.3,fleet_logger_0_1,544290034,UMLIFE_v2_TLC555,ch2,origplant,soil_moisture,1181,,,OK,,,983.6,,name=c5off1;level=overwatered;role=disp;spread=20;gpio=5;device_seq=72570;time_source=device_synced;device_timestamp_utc=2026-07-27T21:24:01.949Z;config_id=170b1c1e;rssi=-60;uptime_s=544290;heap=152412;cal_tier=board-cal;cal_src=wet_rederive_1236_20260719;pressure_context_source=weather_openmeteo;transport=wifi_poll,
plants.soil,2026-07-27T21:24:08.953Z,2026-07-27 16:24:08.953,17279,2a89d4,8gtt1h,0.7.3,fleet_logger_0_1,544290034,UMLIFE_v2_TLC555,ch3,origplant,soil_moisture,1596,,,OK,,,983.6,,name=c5off1;level=OK;role=disp;spread=30;gpio=6;device_seq=72571;time_source=device_synced;device_timestamp_utc=2026-07-27T21:24:01.949Z;config_id=170b1c1e;rssi=-60;uptime_s=544290;heap=152412;cal_tier=board-cal;cal_src=wet_rederive_1236_20260719;pressure_context_source=weather_openmeteo;transport=wifi_poll,
plants.env,2026-07-27T21:24:08.953Z,2026-07-27 16:24:08.953,17280,2a89d4,8gtt1h,0.7.3,fleet_logger_0_1,544290718,ESP32,esp32_die,on_chip,die_temp,,24.70,degC,OK,,,,,name=c5off1;source=esp32_die;cal=uncalibrated_board_proxy;api=temperatureRead;config_id=170b1c1e;transport=wifi_poll,
plants.soil,2026-07-27T21:24:39.273Z,2026-07-27 16:24:39.273,17281,2a89d4,8gtt1h,0.7.3,fleet_logger_0_1,544320034,UMLIFE_v2_TLC555,ch0,origplant,soil_moisture,1226,,,OK,,,983.6,,name=c5off1;level=overwatered;role=disp;spread=22;gpio=1;device_seq=72572;time_source=device_synced;device_timestamp_utc=2026-07-27T21:24:31.949Z;config_id=170b1c1e;rssi=-57;uptime_s=544320;heap=152672;cal_tier=board-cal;cal_src=wet_rederive_1236_20260719;pressure_context_source=weather_openmeteo;transport=wifi_poll,
plants.soil,2026-07-27T21:24:39.273Z,2026-07-27 16:24:39.273,17282,2a89d4,8gtt1h,0.7.3,fleet_logger_0_1,544320034,UMLIFE_v2_TLC555,ch1,origplant,soil_moisture,1352,,,OK,,,983.6,,name=c5off1;level=well watered;role=disp;spread=18;gpio=4;device_seq=72573;time_source=device_synced;device_timestamp_utc=2026-07-27T21:24:31.949Z;config_id=170b1c1e;rssi=-57;uptime_s=544320;heap=152672;cal_tier=board-cal;cal_src=wet_rederive_1236_20260719;pressure_context_source=weather_openmeteo;transport=wifi_poll,
plants.soil,2026-07-27T21:24:39.273Z,2026-07-27 16:24:39.273,17283,2a89d4,8gtt1h,0.7.3,fleet_logger_0_1,544320034,UMLIFE_v2_TLC555,ch2,origplant,soil_moisture,1182,,,OK,,,983.6,,name=c5off1;level=overwatered;role=disp;spread=11;gpio=5;device_seq=72574;time_source=device_synced;device_timestamp_utc=2026-07-27T21:24:31.949Z;config_id=170b1c1e;rssi=-57;uptime_s=544320;heap=152672;cal_tier=board-cal;cal_src=wet_rederive_1236_20260719;pressure_context_source=weather_openmeteo;transport=wifi_poll,
plants.soil,2026-07-27T21:24:39.273Z,2026-07-27 16:24:39.273,17284,2a89d4,8gtt1h,0.7.3,fleet_logger_0_1,544320034,UMLIFE_v2_TLC555,ch3,origplant,soil_moisture,1599,,,OK,,,983.6,,name=c5off1;level=OK;role=disp;spread=12;gpio=6;device_seq=72575;time_source=device_synced;device_timestamp_utc=2026-07-27T21:24:31.949Z;config_id=170b1c1e;rssi=-57;uptime_s=544320;heap=152672;cal_tier=board-cal;cal_src=wet_rederive_1236_20260719;pressure_context_source=weather_openmeteo;transport=wifi_poll,
plants.env,2026-07-27T21:24:39.273Z,2026-07-27 16:24:39.273,17285,2a89d4,8gtt1h,0.7.3,fleet_logger_0_1,544320718,ESP32,esp32_die,on_chip,die_temp,,24.70,degC,OK,,,,,name=c5off1;source=esp32_die;cal=uncalibrated_board_proxy;api=temperatureRead;config_id=170b1c1e;transport=wifi_poll,
plants.soil,2026-07-27T21:25:09.572Z,2026-07-27 16:25:09.572,17286,2a89d4,8gtt1h,0.7.3,fleet_logger_0_1,544350034,UMLIFE_v2_TLC555,ch0,origplant,soil_moisture,1225,,,OK,,,984.3,,name=c5off1;level=overwatered;role=disp;spread=17;gpio=1;device_seq=72576;time_source=device_synced;device_timestamp_utc=2026-07-27T21:25:01.949Z;config_id=170b1c1e;rssi=-57;uptime_s=544350;heap=152672;cal_tier=board-cal;cal_src=wet_rederive_1236_20260719;pressure_context_source=weather_openmeteo;transport=wifi_poll,
plants.soil,2026-07-27T21:25:09.572Z,2026-07-27 16:25:09.572,17287,2a89d4,8gtt1h,0.7.3,fleet_logger_0_1,544350034,UMLIFE_v2_TLC555,ch1,origplant,soil_moisture,1350,,,OK,,,984.3,,name=c5off1;level=well watered;role=disp;spread=15;gpio=4;device_seq=72577;time_source=device_synced;device_timestamp_utc=2026-07-27T21:25:01.949Z;config_id=170b1c1e;rssi=-57;uptime_s=544350;heap=152672;cal_tier=board-cal;cal_src=wet_rederive_1236_20260719;pressure_context_source=weather_openmeteo;transport=wifi_poll,
plants.soil,2026-07-27T21:25:09.572Z,2026-07-27 16:25:09.572,17288,2a89d4,8gtt1h,0.7.3,fleet_logger_0_1,544350034,UMLIFE_v2_TLC555,ch2,origplant,soil_moisture,1181,,,OK,,,984.3,,name=c5off1;level=overwatered;role=disp;spread=19;gpio=5;device_seq=72578;time_source=device_synced;device_timestamp_utc=2026-07-27T21:25:01.949Z;config_id=170b1c1e;rssi=-57;uptime_s=544350;heap=152672;cal_tier=board-cal;cal_src=wet_rederive_1236_20260719;pressure_context_source=weather_openmeteo;transport=wifi_poll,
plants.soil,2026-07-27T21:25:09.572Z,2026-07-27 16:25:09.572,17289,2a89d4,8gtt1h,0.7.3,fleet_logger_0_1,544350034,UMLIFE_v2_TLC555,ch3,origplant,soil_moisture,1599,,,OK,,,984.3,,name=c5off1;level=OK;role=disp;spread=17;gpio=6;device_seq=72579;time_source=device_synced;device_timestamp_utc=2026-07-27T21:25:01.949Z;config_id=170b1c1e;rssi=-57;uptime_s=544350;heap=152672;cal_tier=board-cal;cal_src=wet_rederive_1236_20260719;pressure_context_source=weather_openmeteo;transport=wifi_poll,
plants.env,2026-07-27T21:25:09.572Z,2026-07-27 16:25:09.572,17290,2a89d4,8gtt1h,0.7.3,fleet_logger_0_1,544350718,ESP32,esp32_die,on_chip,die_temp,,24.70,degC,OK,,,,,name=c5off1;source=esp32_die;cal=uncalibrated_board_proxy;api=temperatureRead;config_id=170b1c1e;transport=wifi_poll,
plants.soil,2026-07-27T21:25:39.903Z,2026-07-27 16:25:39.903,17291,2a89d4,8gtt1h,0.7.3,fleet_logger_0_1,544380034,UMLIFE_v2_TLC555,ch0,origplant,soil_moisture,1225,,,OK,,,984.3,,name=c5off1;level=overwatered;role=disp;spread=17;gpio=1;device_seq=72580;time_source=device_synced;device_timestamp_utc=2026-07-27T21:25:31.949Z;config_id=170b1c1e;rssi=-55;uptime_s=544380;heap=152672;cal_tier=board-cal;cal_src=wet_rederive_1236_20260719;pressure_context_source=weather_openmeteo;transport=wifi_poll,
plants.soil,2026-07-27T21:25:39.903Z,2026-07-27 16:25:39.903,17292,2a89d4,8gtt1h,0.7.3,fleet_logger_0_1,544380034,UMLIFE_v2_TLC555,ch1,origplant,soil_moisture,1351,,,OK,,,984.3,,name=c5off1;level=well watered;role=disp;spread=15;gpio=4;device_seq=72581;time_source=device_synced;device_timestamp_utc=2026-07-27T21:25:31.949Z;config_id=170b1c1e;rssi=-55;uptime_s=544380;heap=152672;cal_tier=board-cal;cal_src=wet_rederive_1236_20260719;pressure_context_source=weather_openmeteo;transport=wifi_poll,
plants.soil,2026-07-27T21:25:39.903Z,2026-07-27 16:25:39.903,17293,2a89d4,8gtt1h,0.7.3,fleet_logger_0_1,544380034,UMLIFE_v2_TLC555,ch2,origplant,soil_moisture,1181,,,OK,,,984.3,,name=c5off1;level=overwatered;role=disp;spread=9;gpio=5;device_seq=72582;time_source=device_synced;device_timestamp_utc=2026-07-27T21:25:31.949Z;config_id=170b1c1e;rssi=-55;uptime_s=544380;heap=152672;cal_tier=board-cal;cal_src=wet_rederive_1236_20260719;pressure_context_source=weather_openmeteo;transport=wifi_poll,
plants.soil,2026-07-27T21:25:39.903Z,2026-07-27 16:25:39.903,17294,2a89d4,8gtt1h,0.7.3,fleet_logger_0_1,544380034,UMLIFE_v2_TLC555,ch3,origplant,soil_moisture,1597,,,OK,,,984.3,,name=c5off1;level=OK;role=disp;spread=10;gpio=6;device_seq=72583;time_source=device_synced;device_timestamp_utc=2026-07-27T21:25:31.949Z;config_id=170b1c1e;rssi=-55;uptime_s=544380;heap=152672;cal_tier=board-cal;cal_src=wet_rederive_1236_20260719;pressure_context_source=weather_openmeteo;transport=wifi_poll,
plants.env,2026-07-27T21:25:39.903Z,2026-07-27 16:25:39.903,17295,2a89d4,8gtt1h,0.7.3,fleet_logger_0_1,544380718,ESP32,esp32_die,on_chip,die_temp,,24.70,degC,OK,,,,,name=c5off1;source=esp32_die;cal=uncalibrated_board_proxy;api=temperatureRead;config_id=170b1c1e;transport=wifi_poll,
plants.soil,2026-07-27T21:26:10.209Z,2026-07-27 16:26:10.209,17296,2a89d4,8gtt1h,0.7.3,fleet_logger_0_1,544410034,UMLIFE_v2_TLC555,ch0,origplant,soil_moisture,1223,,,OK,,,984.3,,name=c5off1;level=overwatered;role=disp;spread=9;gpio=1;device_seq=72584;time_source=device_synced;device_timestamp_utc=2026-07-27T21:26:01.949Z;config_id=170b1c1e;rssi=-57;uptime_s=544410;heap=152672;cal_tier=board-cal;cal_src=wet_rederive_1236_20260719;pressure_context_source=weather_openmeteo;transport=wifi_poll,
plants.soil,2026-07-27T21:26:10.209Z,2026-07-27 16:26:10.209,17297,2a89d4,8gtt1h,0.7.3,fleet_logger_0_1,544410034,UMLIFE_v2_TLC555,ch1,origplant,soil_moisture,1349,,,OK,,,984.3,,name=c5off1;level=well watered;role=disp;spread=20;gpio=4;device_seq=72585;time_source=device_synced;device_timestamp_utc=2026-07-27T21:26:01.949Z;config_id=170b1c1e;rssi=-57;uptime_s=544410;heap=152672;cal_tier=board-cal;cal_src=wet_rederive_1236_20260719;pressure_context_source=weather_openmeteo;transport=wifi_poll,
plants.soil,2026-07-27T21:26:10.209Z,2026-07-27 16:26:10.209,17298,2a89d4,8gtt1h,0.7.3,fleet_logger_0_1,544410034,UMLIFE_v2_TLC555,ch2,origplant,soil_moisture,1181,,,OK,,,984.3,,name=c5off1;level=overwatered;role=disp;spread=7;gpio=5;device_seq=72586;time_source=device_synced;device_timestamp_utc=2026-07-27T21:26:01.949Z;config_id=170b1c1e;rssi=-57;uptime_s=544410;heap=152672;cal_tier=board-cal;cal_src=wet_rederive_1236_20260719;pressure_context_source=weather_openmeteo;transport=wifi_poll,
plants.soil,2026-07-27T21:26:10.209Z,2026-07-27 16:26:10.209,17299,2a89d4,8gtt1h,0.7.3,fleet_logger_0_1,544410034,UMLIFE_v2_TLC555,ch3,origplant,soil_moisture,1600,,,OK,,,984.3,,name=c5off1;level=OK;role=disp;spread=27;gpio=6;device_seq=72587;time_source=device_synced;device_timestamp_utc=2026-07-27T21:26:01.949Z;config_id=170b1c1e;rssi=-57;uptime_s=544410;heap=152672;cal_tier=board-cal;cal_src=wet_rederive_1236_20260719;pressure_context_source=weather_openmeteo;transport=wifi_poll,
plants.env,2026-07-27T21:26:10.209Z,2026-07-27 16:26:10.209,17300,2a89d4,8gtt1h,0.7.3,fleet_logger_0_1,544410718,ESP32,esp32_die,on_chip,die_temp,,24.70,degC,OK,,,,,name=c5off1;source=esp32_die;cal=uncalibrated_board_proxy;api=temperatureRead;config_id=170b1c1e;transport=wifi_poll,
plants.soil,2026-07-27T21:26:40.523Z,2026-07-27 16:26:40.523,17301,2a89d4,8gtt1h,0.7.3,fleet_logger_0_1,544440034,UMLIFE_v2_TLC555,ch0,origplant,soil_moisture,1226,,,OK,,,984.3,,name=c5off1;level=overwatered;role=disp;spread=16;gpio=1;device_seq=72588;time_source=device_synced;device_timestamp_utc=2026-07-27T21:26:31.949Z;config_id=170b1c1e;rssi=-59;uptime_s=544440;heap=152412;cal_tier=board-cal;cal_src=wet_rederive_1236_20260719;pressure_context_source=weather_openmeteo;transport=wifi_poll,
plants.soil,2026-07-27T21:26:40.523Z,2026-07-27 16:26:40.523,17302,2a89d4,8gtt1h,0.7.3,fleet_logger_0_1,544440034,UMLIFE_v2_TLC555,ch1,origplant,soil_moisture,1348,,,OK,,,984.3,,name=c5off1;level=well watered;role=disp;spread=9;gpio=4;device_seq=72589;time_source=device_synced;device_timestamp_utc=2026-07-27T21:26:31.949Z;config_id=170b1c1e;rssi=-59;uptime_s=544440;heap=152412;cal_tier=board-cal;cal_src=wet_rederive_1236_20260719;pressure_context_source=weather_openmeteo;transport=wifi_poll,
plants.soil,2026-07-27T21:26:40.523Z,2026-07-27 16:26:40.523,17303,2a89d4,8gtt1h,0.7.3,fleet_logger_0_1,544440034,UMLIFE_v2_TLC555,ch2,origplant,soil_moisture,1182,,,OK,,,984.3,,name=c5off1;level=overwatered;role=disp;spread=13;gpio=5;device_seq=72590;time_source=device_synced;device_timestamp_utc=2026-07-27T21:26:31.949Z;config_id=170b1c1e;rssi=-59;uptime_s=544440;heap=152412;cal_tier=board-cal;cal_src=wet_rederive_1236_20260719;pressure_context_source=weather_openmeteo;transport=wifi_poll,
plants.soil,2026-07-27T21:26:40.523Z,2026-07-27 16:26:40.523,17304,2a89d4,8gtt1h,0.7.3,fleet_logger_0_1,544440034,UMLIFE_v2_TLC555,ch3,origplant,soil_moisture,1600,,,OK,,,984.3,,name=c5off1;level=OK;role=disp;spread=15;gpio=6;device_seq=72591;time_source=device_synced;device_timestamp_utc=2026-07-27T21:26:31.949Z;config_id=170b1c1e;rssi=-59;uptime_s=544440;heap=152412;cal_tier=board-cal;cal_src=wet_rederive_1236_20260719;pressure_context_source=weather_openmeteo;transport=wifi_poll,
plants.env,2026-07-27T21:26:40.523Z,2026-07-27 16:26:40.523,17305,2a89d4,8gtt1h,0.7.3,fleet_logger_0_1,544440718,ESP32,esp32_die,on_chip,die_temp,,24.70,degC,OK,,,,,name=c5off1;source=esp32_die;cal=uncalibrated_board_proxy;api=temperatureRead;config_id=170b1c1e;transport=wifi_poll,
plants.soil,2026-07-27T21:27:10.817Z,2026-07-27 16:27:10.817,17306,2a89d4,8gtt1h,0.7.3,fleet_logger_0_1,544470034,UMLIFE_v2_TLC555,ch0,origplant,soil_moisture,1226,,,OK,,,984.3,,name=c5off1;level=overwatered;role=disp;spread=18;gpio=1;device_seq=72592;time_source=device_synced;device_timestamp_utc=2026-07-27T21:27:01.949Z;config_id=170b1c1e;rssi=-59;uptime_s=544470;heap=152412;cal_tier=board-cal;cal_src=wet_rederive_1236_20260719;pressure_context_source=weather_openmeteo;transport=wifi_poll,
plants.soil,2026-07-27T21:27:10.817Z,2026-07-27 16:27:10.817,17307,2a89d4,8gtt1h,0.7.3,fleet_logger_0_1,544470034,UMLIFE_v2_TLC555,ch1,origplant,soil_moisture,1350,,,OK,,,984.3,,name=c5off1;level=well watered;role=disp;spread=19;gpio=4;device_seq=72593;time_source=device_synced;device_timestamp_utc=2026-07-27T21:27:01.949Z;config_id=170b1c1e;rssi=-59;uptime_s=544470;heap=152412;cal_tier=board-cal;cal_src=wet_rederive_1236_20260719;pressure_context_source=weather_openmeteo;transport=wifi_poll,
plants.soil,2026-07-27T21:27:10.817Z,2026-07-27 16:27:10.817,17308,2a89d4,8gtt1h,0.7.3,fleet_logger_0_1,544470034,UMLIFE_v2_TLC555,ch2,origplant,soil_moisture,1181,,,OK,,,984.3,,name=c5off1;level=overwatered;role=disp;spread=7;gpio=5;device_seq=72594;time_source=device_synced;device_timestamp_utc=2026-07-27T21:27:01.949Z;config_id=170b1c1e;rssi=-59;uptime_s=544470;heap=152412;cal_tier=board-cal;cal_src=wet_rederive_1236_20260719;pressure_context_source=weather_openmeteo;transport=wifi_poll,
plants.soil,2026-07-27T21:27:10.817Z,2026-07-27 16:27:10.817,17309,2a89d4,8gtt1h,0.7.3,fleet_logger_0_1,544470034,UMLIFE_v2_TLC555,ch3,origplant,soil_moisture,1596,,,OK,,,984.3,,name=c5off1;level=OK;role=disp;spread=21;gpio=6;device_seq=72595;time_source=device_synced;device_timestamp_utc=2026-07-27T21:27:01.949Z;config_id=170b1c1e;rssi=-59;uptime_s=544470;heap=152412;cal_tier=board-cal;cal_src=wet_rederive_1236_20260719;pressure_context_source=weather_openmeteo;transport=wifi_poll,
plants.env,2026-07-27T21:27:10.817Z,2026-07-27 16:27:10.817,17310,2a89d4,8gtt1h,0.7.3,fleet_logger_0_1,544470718,ESP32,esp32_die,on_chip,die_temp,,24.70,degC,OK,,,,,name=c5off1;source=esp32_die;cal=uncalibrated_board_proxy;api=temperatureRead;config_id=170b1c1e;transport=wifi_poll,
plants.soil,2026-07-27T21:27:41.353Z,2026-07-27 16:27:41.353,17311,2a89d4,8gtt1h,0.7.3,fleet_logger_0_1,544500034,UMLIFE_v2_TLC555,ch0,origplant,soil_moisture,1223,,,OK,,,984.3,,name=c5off1;level=overwatered;role=disp;spread=9;gpio=1;device_seq=72596;time_source=device_synced;device_timestamp_utc=2026-07-27T21:27:31.949Z;config_id=170b1c1e;rssi=-59;uptime_s=544500;heap=152668;cal_tier=board-cal;cal_src=wet_rederive_1236_20260719;pressure_context_source=weather_openmeteo;transport=wifi_poll,
plants.soil,2026-07-27T21:27:41.353Z,2026-07-27 16:27:41.353,17312,2a89d4,8gtt1h,0.7.3,fleet_logger_0_1,544500034,UMLIFE_v2_TLC555,ch1,origplant,soil_moisture,1352,,,OK,,,984.3,,name=c5off1;level=well watered;role=disp;spread=31;gpio=4;device_seq=72597;time_source=device_synced;device_timestamp_utc=2026-07-27T21:27:31.949Z;config_id=170b1c1e;rssi=-59;uptime_s=544500;heap=152668;cal_tier=board-cal;cal_src=wet_rederive_1236_20260719;pressure_context_source=weather_openmeteo;transport=wifi_poll,
plants.soil,2026-07-27T21:27:41.353Z,2026-07-27 16:27:41.353,17313,2a89d4,8gtt1h,0.7.3,fleet_logger_0_1,544500034,UMLIFE_v2_TLC555,ch2,origplant,soil_moisture,1182,,,OK,,,984.3,,name=c5off1;level=overwatered;role=disp;spread=13;gpio=5;device_seq=72598;time_source=device_synced;device_timestamp_utc=2026-07-27T21:27:31.949Z;config_id=170b1c1e;rssi=-59;uptime_s=544500;heap=152668;cal_tier=board-cal;cal_src=wet_rederive_1236_20260719;pressure_context_source=weather_openmeteo;transport=wifi_poll,
plants.soil,2026-07-27T21:27:41.353Z,2026-07-27 16:27:41.353,17314,2a89d4,8gtt1h,0.7.3,fleet_logger_0_1,544500034,UMLIFE_v2_TLC555,ch3,origplant,soil_moisture,1597,,,OK,,,984.3,,name=c5off1;level=OK;role=disp;spread=14;gpio=6;device_seq=72599;time_source=device_synced;device_timestamp_utc=2026-07-27T21:27:31.949Z;config_id=170b1c1e;rssi=-59;uptime_s=544500;heap=152668;cal_tier=board-cal;cal_src=wet_rederive_1236_20260719;pressure_context_source=weather_openmeteo;transport=wifi_poll,
plants.env,2026-07-27T21:27:41.353Z,2026-07-27 16:27:41.353,17315,2a89d4,8gtt1h,0.7.3,fleet_logger_0_1,544500718,ESP32,esp32_die,on_chip,die_temp,,24.70,degC,OK,,,,,name=c5off1;source=esp32_die;cal=uncalibrated_board_proxy;api=temperatureRead;config_id=170b1c1e;transport=wifi_poll,
plants.soil,2026-07-27T21:28:11.746Z,2026-07-27 16:28:11.746,17316,2a89d4,8gtt1h,0.7.3,fleet_logger_0_1,544530034,UMLIFE_v2_TLC555,ch0,origplant,soil_moisture,1224,,,OK,,,984.3,,name=c5off1;level=overwatered;role=disp;spread=15;gpio=1;device_seq=72600;time_source=device_synced;device_timestamp_utc=2026-07-27T21:28:01.949Z;config_id=170b1c1e;rssi=-55;uptime_s=544530;heap=152668;cal_tier=board-cal;cal_src=wet_rederive_1236_20260719;pressure_context_source=weather_openmeteo;transport=wifi_poll,
plants.soil,2026-07-27T21:28:11.746Z,2026-07-27 16:28:11.746,17317,2a89d4,8gtt1h,0.7.3,fleet_logger_0_1,544530034,UMLIFE_v2_TLC555,ch1,origplant,soil_moisture,1348,,,OK,,,984.3,,name=c5off1;level=well watered;role=disp;spread=14;gpio=4;device_seq=72601;time_source=device_synced;device_timestamp_utc=2026-07-27T21:28:01.949Z;config_id=170b1c1e;rssi=-55;uptime_s=544530;heap=152668;cal_tier=board-cal;cal_src=wet_rederive_1236_20260719;pressure_context_source=weather_openmeteo;transport=wifi_poll,
plants.soil,2026-07-27T21:28:11.746Z,2026-07-27 16:28:11.746,17318,2a89d4,8gtt1h,0.7.3,fleet_logger_0_1,544530034,UMLIFE_v2_TLC555,ch2,origplant,soil_moisture,1182,,,OK,,,984.3,,name=c5off1;level=overwatered;role=disp;spread=9;gpio=5;device_seq=72602;time_source=device_synced;device_timestamp_utc=2026-07-27T21:28:01.949Z;config_id=170b1c1e;rssi=-55;uptime_s=544530;heap=152668;cal_tier=board-cal;cal_src=wet_rederive_1236_20260719;pressure_context_source=weather_openmeteo;transport=wifi_poll,
plants.soil,2026-07-27T21:28:11.746Z,2026-07-27 16:28:11.746,17319,2a89d4,8gtt1h,0.7.3,fleet_logger_0_1,544530034,UMLIFE_v2_TLC555,ch3,origplant,soil_moisture,1598,,,OK,,,984.3,,name=c5off1;level=OK;role=disp;spread=14;gpio=6;device_seq=72603;time_source=device_synced;device_timestamp_utc=2026-07-27T21:28:01.949Z;config_id=170b1c1e;rssi=-55;uptime_s=544530;heap=152668;cal_tier=board-cal;cal_src=wet_rederive_1236_20260719;pressure_context_source=weather_openmeteo;transport=wifi_poll,
plants.env,2026-07-27T21:28:11.746Z,2026-07-27 16:28:11.746,17320,2a89d4,8gtt1h,0.7.3,fleet_logger_0_1,544530718,ESP32,esp32_die,on_chip,die_temp,,24.70,degC,OK,,,,,name=c5off1;source=esp32_die;cal=uncalibrated_board_proxy;api=temperatureRead;config_id=170b1c1e;transport=wifi_poll,
plants.soil,2026-07-27T21:28:42.061Z,2026-07-27 16:28:42.061,17321,2a89d4,8gtt1h,0.7.3,fleet_logger_0_1,544560034,UMLIFE_v2_TLC555,ch0,origplant,soil_moisture,1214,,,OK,,,984.3,,name=c5off1;level=overwatered;role=disp;spread=9;gpio=1;device_seq=72604;time_source=device_synced;device_timestamp_utc=2026-07-27T21:28:31.949Z;config_id=170b1c1e;rssi=-59;uptime_s=544560;heap=152668;cal_tier=board-cal;cal_src=wet_rederive_1236_20260719;pressure_context_source=weather_openmeteo;transport=wifi_poll,
plants.soil,2026-07-27T21:28:42.061Z,2026-07-27 16:28:42.061,17322,2a89d4,8gtt1h,0.7.3,fleet_logger_0_1,544560034,UMLIFE_v2_TLC555,ch1,origplant,soil_moisture,1343,,,OK,,,984.3,,name=c5off1;level=well watered;role=disp;spread=13;gpio=4;device_seq=72605;time_source=device_synced;device_timestamp_utc=2026-07-27T21:28:31.949Z;config_id=170b1c1e;rssi=-59;uptime_s=544560;heap=152668;cal_tier=board-cal;cal_src=wet_rederive_1236_20260719;pressure_context_source=weather_openmeteo;transport=wifi_poll,
plants.soil,2026-07-27T21:28:42.061Z,2026-07-27 16:28:42.061,17323,2a89d4,8gtt1h,0.7.3,fleet_logger_0_1,544560034,UMLIFE_v2_TLC555,ch2,origplant,soil_moisture,1180,,,OK,,,984.3,,name=c5off1;level=overwatered;role=disp;spread=12;gpio=5;device_seq=72606;time_source=device_synced;device_timestamp_utc=2026-07-27T21:28:31.949Z;config_id=170b1c1e;rssi=-59;uptime_s=544560;heap=152668;cal_tier=board-cal;cal_src=wet_rederive_1236_20260719;pressure_context_source=weather_openmeteo;transport=wifi_poll,
plants.soil,2026-07-27T21:28:42.061Z,2026-07-27 16:28:42.061,17324,2a89d4,8gtt1h,0.7.3,fleet_logger_0_1,544560034,UMLIFE_v2_TLC555,ch3,origplant,soil_moisture,1601,,,OK,,,984.3,,name=c5off1;level=OK;role=disp;spread=32;gpio=6;device_seq=72607;time_source=device_synced;device_timestamp_utc=2026-07-27T21:28:31.949Z;config_id=170b1c1e;rssi=-59;uptime_s=544560;heap=152668;cal_tier=board-cal;cal_src=wet_rederive_1236_20260719;pressure_context_source=weather_openmeteo;transport=wifi_poll,
plants.env,2026-07-27T21:28:42.061Z,2026-07-27 16:28:42.061,17325,2a89d4,8gtt1h,0.7.3,fleet_logger_0_1,544560718,ESP32,esp32_die,on_chip,die_temp,,24.70,degC,OK,,,,,name=c5off1;source=esp32_die;cal=uncalibrated_board_proxy;api=temperatureRead;config_id=170b1c1e;transport=wifi_poll,
plants.soil,2026-07-27T21:29:12.366Z,2026-07-27 16:29:12.366,17326,2a89d4,8gtt1h,0.7.3,fleet_logger_0_1,544590034,UMLIFE_v2_TLC555,ch0,origplant,soil_moisture,1210,,,OK,,,984.3,,name=c5off1;level=overwatered;role=disp;spread=15;gpio=1;device_seq=72608;time_source=device_synced;device_timestamp_utc=2026-07-27T21:29:01.949Z;config_id=170b1c1e;rssi=-60;uptime_s=544590;heap=152672;cal_tier=board-cal;cal_src=wet_rederive_1236_20260719;pressure_context_source=weather_openmeteo;transport=wifi_poll,
plants.soil,2026-07-27T21:29:12.366Z,2026-07-27 16:29:12.366,17327,2a89d4,8gtt1h,0.7.3,fleet_logger_0_1,544590034,UMLIFE_v2_TLC555,ch1,origplant,soil_moisture,1345,,,OK,,,984.3,,name=c5off1;level=well watered;role=disp;spread=17;gpio=4;device_seq=72609;time_source=device_synced;device_timestamp_utc=2026-07-27T21:29:01.949Z;config_id=170b1c1e;rssi=-60;uptime_s=544590;heap=152672;cal_tier=board-cal;cal_src=wet_rederive_1236_20260719;pressure_context_source=weather_openmeteo;transport=wifi_poll,
plants.soil,2026-07-27T21:29:12.366Z,2026-07-27 16:29:12.366,17328,2a89d4,8gtt1h,0.7.3,fleet_logger_0_1,544590034,UMLIFE_v2_TLC555,ch2,origplant,soil_moisture,1181,,,OK,,,984.3,,name=c5off1;level=overwatered;role=disp;spread=21;gpio=5;device_seq=72610;time_source=device_synced;device_timestamp_utc=2026-07-27T21:29:01.949Z;config_id=170b1c1e;rssi=-60;uptime_s=544590;heap=152672;cal_tier=board-cal;cal_src=wet_rederive_1236_20260719;pressure_context_source=weather_openmeteo;transport=wifi_poll,
plants.soil,2026-07-27T21:29:12.366Z,2026-07-27 16:29:12.366,17329,2a89d4,8gtt1h,0.7.3,fleet_logger_0_1,544590034,UMLIFE_v2_TLC555,ch3,origplant,soil_moisture,1595,,,OK,,,984.3,,name=c5off1;level=OK;role=disp;spread=38;gpio=6;device_seq=72611;time_source=device_synced;device_timestamp_utc=2026-07-27T21:29:01.949Z;config_id=170b1c1e;rssi=-60;uptime_s=544590;heap=152672;cal_tier=board-cal;cal_src=wet_rederive_1236_20260719;pressure_context_source=weather_openmeteo;transport=wifi_poll,
plants.env,2026-07-27T21:29:12.366Z,2026-07-27 16:29:12.366,17330,2a89d4,8gtt1h,0.7.3,fleet_logger_0_1,544590718,ESP32,esp32_die,on_chip,die_temp,,24.70,degC,OK,,,,,name=c5off1;source=esp32_die;cal=uncalibrated_board_proxy;api=temperatureRead;config_id=170b1c1e;transport=wifi_poll,
plants.soil,2026-07-27T21:29:42.684Z,2026-07-27 16:29:42.684,17331,2a89d4,8gtt1h,0.7.3,fleet_logger_0_1,544620034,UMLIFE_v2_TLC555,ch0,origplant,soil_moisture,1224,,,OK,,,984.3,,name=c5off1;level=overwatered;role=disp;spread=11;gpio=1;device_seq=72612;time_source=device_synced;device_timestamp_utc=2026-07-27T21:29:31.949Z;config_id=170b1c1e;rssi=-56;uptime_s=544620;heap=152416;cal_tier=board-cal;cal_src=wet_rederive_1236_20260719;pressure_context_source=weather_openmeteo;transport=wifi_poll,
plants.soil,2026-07-27T21:29:42.684Z,2026-07-27 16:29:42.684,17332,2a89d4,8gtt1h,0.7.3,fleet_logger_0_1,544620034,UMLIFE_v2_TLC555,ch1,origplant,soil_moisture,1348,,,OK,,,984.3,,name=c5off1;level=well watered;role=disp;spread=10;gpio=4;device_seq=72613;time_source=device_synced;device_timestamp_utc=2026-07-27T21:29:31.949Z;config_id=170b1c1e;rssi=-56;uptime_s=544620;heap=152416;cal_tier=board-cal;cal_src=wet_rederive_1236_20260719;pressure_context_source=weather_openmeteo;transport=wifi_poll,
plants.soil,2026-07-27T21:29:42.684Z,2026-07-27 16:29:42.684,17333,2a89d4,8gtt1h,0.7.3,fleet_logger_0_1,544620034,UMLIFE_v2_TLC555,ch2,origplant,soil_moisture,1178,,,OK,,,984.3,,name=c5off1;level=overwatered;role=disp;spread=18;gpio=5;device_seq=72614;time_source=device_synced;device_timestamp_utc=2026-07-27T21:29:31.949Z;config_id=170b1c1e;rssi=-56;uptime_s=544620;heap=152416;cal_tier=board-cal;cal_src=wet_rederive_1236_20260719;pressure_context_source=weather_openmeteo;transport=wifi_poll,
plants.soil,2026-07-27T21:29:42.684Z,2026-07-27 16:29:42.684,17334,2a89d4,8gtt1h,0.7.3,fleet_logger_0_1,544620034,UMLIFE_v2_TLC555,ch3,origplant,soil_moisture,1598,,,OK,,,984.3,,name=c5off1;level=OK;role=disp;spread=25;gpio=6;device_seq=72615;time_source=device_synced;device_timestamp_utc=2026-07-27T21:29:31.949Z;config_id=170b1c1e;rssi=-56;uptime_s=544620;heap=152416;cal_tier=board-cal;cal_src=wet_rederive_1236_20260719;pressure_context_source=weather_openmeteo;transport=wifi_poll,
plants.env,2026-07-27T21:29:42.684Z,2026-07-27 16:29:42.684,17335,2a89d4,8gtt1h,0.7.3,fleet_logger_0_1,544620718,ESP32,esp32_die,on_chip,die_temp,,24.70,degC,OK,,,,,name=c5off1;source=esp32_die;cal=uncalibrated_board_proxy;api=temperatureRead;config_id=170b1c1e;transport=wifi_poll,
plants.soil,2026-07-27T21:30:12.984Z,2026-07-27 16:30:12.984,17336,2a89d4,8gtt1h,0.7.3,fleet_logger_0_1,544650034,UMLIFE_v2_TLC555,ch0,origplant,soil_moisture,1205,,,OK,,,984.3,,name=c5off1;level=overwatered;role=disp;spread=15;gpio=1;device_seq=72616;time_source=device_synced;device_timestamp_utc=2026-07-27T21:30:01.949Z;config_id=170b1c1e;rssi=-56;uptime_s=544650;heap=152416;cal_tier=board-cal;cal_src=wet_rederive_1236_20260719;pressure_context_source=weather_openmeteo;transport=wifi_poll,
plants.soil,2026-07-27T21:30:12.984Z,2026-07-27 16:30:12.984,17337,2a89d4,8gtt1h,0.7.3,fleet_logger_0_1,544650034,UMLIFE_v2_TLC555,ch1,origplant,soil_moisture,1329,,,OK,,,984.3,,name=c5off1;level=well watered;role=disp;spread=24;gpio=4;device_seq=72617;time_source=device_synced;device_timestamp_utc=2026-07-27T21:30:01.949Z;config_id=170b1c1e;rssi=-56;uptime_s=544650;heap=152416;cal_tier=board-cal;cal_src=wet_rederive_1236_20260719;pressure_context_source=weather_openmeteo;transport=wifi_poll,
plants.soil,2026-07-27T21:30:12.984Z,2026-07-27 16:30:12.984,17338,2a89d4,8gtt1h,0.7.3,fleet_logger_0_1,544650034,UMLIFE_v2_TLC555,ch2,origplant,soil_moisture,1180,,,OK,,,984.3,,name=c5off1;level=overwatered;role=disp;spread=8;gpio=5;device_seq=72618;time_source=device_synced;device_timestamp_utc=2026-07-27T21:30:01.949Z;config_id=170b1c1e;rssi=-56;uptime_s=544650;heap=152416;cal_tier=board-cal;cal_src=wet_rederive_1236_20260719;pressure_context_source=weather_openmeteo;transport=wifi_poll,
plants.soil,2026-07-27T21:30:12.984Z,2026-07-27 16:30:12.984,17339,2a89d4,8gtt1h,0.7.3,fleet_logger_0_1,544650034,UMLIFE_v2_TLC555,ch3,origplant,soil_moisture,1579,,,OK,,,984.3,,name=c5off1;level=OK;role=disp;spread=29;gpio=6;device_seq=72619;time_source=device_synced;device_timestamp_utc=2026-07-27T21:30:01.949Z;config_id=170b1c1e;rssi=-56;uptime_s=544650;heap=152416;cal_tier=board-cal;cal_src=wet_rederive_1236_20260719;pressure_context_source=weather_openmeteo;transport=wifi_poll,
plants.env,2026-07-27T21:30:12.984Z,2026-07-27 16:30:12.984,17340,2a89d4,8gtt1h,0.7.3,fleet_logger_0_1,544650718,ESP32,esp32_die,on_chip,die_temp,,24.70,degC,OK,,,,,name=c5off1;source=esp32_die;cal=uncalibrated_board_proxy;api=temperatureRead;config_id=170b1c1e;transport=wifi_poll,
plants.soil,2026-07-27T21:30:43.405Z,2026-07-27 16:30:43.405,17341,2a89d4,8gtt1h,0.7.3,fleet_logger_0_1,544680034,UMLIFE_v2_TLC555,ch0,origplant,soil_moisture,1205,,,OK,,,984.3,,name=c5off1;level=overwatered;role=disp;spread=13;gpio=1;device_seq=72620;time_source=device_synced;device_timestamp_utc=2026-07-27T21:30:31.949Z;config_id=170b1c1e;rssi=-55;uptime_s=544680;heap=152672;cal_tier=board-cal;cal_src=wet_rederive_1236_20260719;pressure_context_source=weather_openmeteo;transport=wifi_poll,
plants.soil,2026-07-27T21:30:43.405Z,2026-07-27 16:30:43.405,17342,2a89d4,8gtt1h,0.7.3,fleet_logger_0_1,544680034,UMLIFE_v2_TLC555,ch1,origplant,soil_moisture,1328,,,OK,,,984.3,,name=c5off1;level=well watered;role=disp;spread=19;gpio=4;device_seq=72621;time_source=device_synced;device_timestamp_utc=2026-07-27T21:30:31.949Z;config_id=170b1c1e;rssi=-55;uptime_s=544680;heap=152672;cal_tier=board-cal;cal_src=wet_rederive_1236_20260719;pressure_context_source=weather_openmeteo;transport=wifi_poll,
plants.soil,2026-07-27T21:30:43.405Z,2026-07-27 16:30:43.405,17343,2a89d4,8gtt1h,0.7.3,fleet_logger_0_1,544680034,UMLIFE_v2_TLC555,ch2,origplant,soil_moisture,1180,,,OK,,,984.3,,name=c5off1;level=overwatered;role=disp;spread=19;gpio=5;device_seq=72622;time_source=device_synced;device_timestamp_utc=2026-07-27T21:30:31.949Z;config_id=170b1c1e;rssi=-55;uptime_s=544680;heap=152672;cal_tier=board-cal;cal_src=wet_rederive_1236_20260719;pressure_context_source=weather_openmeteo;transport=wifi_poll,
plants.soil,2026-07-27T21:30:43.405Z,2026-07-27 16:30:43.405,17344,2a89d4,8gtt1h,0.7.3,fleet_logger_0_1,544680034,UMLIFE_v2_TLC555,ch3,origplant,soil_moisture,1588,,,OK,,,984.3,,name=c5off1;level=OK;role=disp;spread=19;gpio=6;device_seq=72623;time_source=device_synced;device_timestamp_utc=2026-07-27T21:30:31.949Z;config_id=170b1c1e;rssi=-55;uptime_s=544680;heap=152672;cal_tier=board-cal;cal_src=wet_rederive_1236_20260719;pressure_context_source=weather_openmeteo;transport=wifi_poll,
plants.env,2026-07-27T21:30:43.405Z,2026-07-27 16:30:43.405,17345,2a89d4,8gtt1h,0.7.3,fleet_logger_0_1,544680718,ESP32,esp32_die,on_chip,die_temp,,24.70,degC,OK,,,,,name=c5off1;source=esp32_die;cal=uncalibrated_board_proxy;api=temperatureRead;config_id=170b1c1e;transport=wifi_poll,
plants.soil,2026-07-27T21:31:13.726Z,2026-07-27 16:31:13.726,17346,2a89d4,8gtt1h,0.7.3,fleet_logger_0_1,544710034,UMLIFE_v2_TLC555,ch0,origplant,soil_moisture,1206,,,OK,,,984.3,,name=c5off1;level=overwatered;role=disp;spread=19;gpio=1;device_seq=72624;time_source=device_synced;device_timestamp_utc=2026-07-27T21:31:01.949Z;config_id=170b1c1e;rssi=-58;uptime_s=544710;heap=152672;cal_tier=board-cal;cal_src=wet_rederive_1236_20260719;pressure_context_source=weather_openmeteo;transport=wifi_poll,
plants.soil,2026-07-27T21:31:13.726Z,2026-07-27 16:31:13.726,17347,2a89d4,8gtt1h,0.7.3,fleet_logger_0_1,544710034,UMLIFE_v2_TLC555,ch1,origplant,soil_moisture,1331,,,OK,,,984.3,,name=c5off1;level=well watered;role=disp;spread=11;gpio=4;device_seq=72625;time_source=device_synced;device_timestamp_utc=2026-07-27T21:31:01.949Z;config_id=170b1c1e;rssi=-58;uptime_s=544710;heap=152672;cal_tier=board-cal;cal_src=wet_rederive_1236_20260719;pressure_context_source=weather_openmeteo;transport=wifi_poll,
plants.soil,2026-07-27T21:31:13.726Z,2026-07-27 16:31:13.726,17348,2a89d4,8gtt1h,0.7.3,fleet_logger_0_1,544710034,UMLIFE_v2_TLC555,ch2,origplant,soil_moisture,1179,,,OK,,,984.3,,name=c5off1;level=overwatered;role=disp;spread=7;gpio=5;device_seq=72626;time_source=device_synced;device_timestamp_utc=2026-07-27T21:31:01.949Z;config_id=170b1c1e;rssi=-58;uptime_s=544710;heap=152672;cal_tier=board-cal;cal_src=wet_rederive_1236_20260719;pressure_context_source=weather_openmeteo;transport=wifi_poll,
plants.soil,2026-07-27T21:31:13.726Z,2026-07-27 16:31:13.726,17349,2a89d4,8gtt1h,0.7.3,fleet_logger_0_1,544710034,UMLIFE_v2_TLC555,ch3,origplant,soil_moisture,1585,,,OK,,,984.3,,name=c5off1;level=OK;role=disp;spread=24;gpio=6;device_seq=72627;time_source=device_synced;device_timestamp_utc=2026-07-27T21:31:01.949Z;config_id=170b1c1e;rssi=-58;uptime_s=544710;heap=152672;cal_tier=board-cal;cal_src=wet_rederive_1236_20260719;pressure_context_source=weather_openmeteo;transport=wifi_poll,
plants.env,2026-07-27T21:31:13.726Z,2026-07-27 16:31:13.726,17350,2a89d4,8gtt1h,0.7.3,fleet_logger_0_1,544710719,ESP32,esp32_die,on_chip,die_temp,,24.70,degC,OK,,,,,name=c5off1;source=esp32_die;cal=uncalibrated_board_proxy;api=temperatureRead;config_id=170b1c1e;transport=wifi_poll,
plants.soil,2026-07-27T21:31:45.235Z,2026-07-27 16:31:45.235,17351,2a89d4,8gtt1h,0.7.3,fleet_logger_0_1,544740034,UMLIFE_v2_TLC555,ch0,origplant,soil_moisture,1204,,,OK,,,984.3,,name=c5off1;level=overwatered;role=disp;spread=11;gpio=1;device_seq=72628;time_source=device_synced;device_timestamp_utc=2026-07-27T21:31:31.949Z;config_id=170b1c1e;rssi=-57;uptime_s=544740;heap=152672;cal_tier=board-cal;cal_src=wet_rederive_1236_20260719;pressure_context_source=weather_openmeteo;transport=wifi_poll,
plants.soil,2026-07-27T21:31:45.235Z,2026-07-27 16:31:45.235,17352,2a89d4,8gtt1h,0.7.3,fleet_logger_0_1,544740034,UMLIFE_v2_TLC555,ch1,origplant,soil_moisture,1335,,,OK,,,984.3,,name=c5off1;level=well watered;role=disp;spread=23;gpio=4;device_seq=72629;time_source=device_synced;device_timestamp_utc=2026-07-27T21:31:31.949Z;config_id=170b1c1e;rssi=-57;uptime_s=544740;heap=152672;cal_tier=board-cal;cal_src=wet_rederive_1236_20260719;pressure_context_source=weather_openmeteo;transport=wifi_poll,
plants.soil,2026-07-27T21:31:45.235Z,2026-07-27 16:31:45.235,17353,2a89d4,8gtt1h,0.7.3,fleet_logger_0_1,544740034,UMLIFE_v2_TLC555,ch2,origplant,soil_moisture,1180,,,OK,,,984.3,,name=c5off1;level=overwatered;role=disp;spread=10;gpio=5;device_seq=72630;time_source=device_synced;device_timestamp_utc=2026-07-27T21:31:31.949Z;config_id=170b1c1e;rssi=-57;uptime_s=544740;heap=152672;cal_tier=board-cal;cal_src=wet_rederive_1236_20260719;pressure_context_source=weather_openmeteo;transport=wifi_poll,
plants.soil,2026-07-27T21:31:45.235Z,2026-07-27 16:31:45.235,17354,2a89d4,8gtt1h,0.7.3,fleet_logger_0_1,544740034,UMLIFE_v2_TLC555,ch3,origplant,soil_moisture,1597,,,OK,,,984.3,,name=c5off1;level=OK;role=disp;spread=27;gpio=6;device_seq=72631;time_source=device_synced;device_timestamp_utc=2026-07-27T21:31:31.949Z;config_id=170b1c1e;rssi=-57;uptime_s=544740;heap=152672;cal_tier=board-cal;cal_src=wet_rederive_1236_20260719;pressure_context_source=weather_openmeteo;transport=wifi_poll,
plants.env,2026-07-27T21:31:45.235Z,2026-07-27 16:31:45.235,17355,2a89d4,8gtt1h,0.7.3,fleet_logger_0_1,544740718,ESP32,esp32_die,on_chip,die_temp,,24.70,degC,OK,,,,,name=c5off1;source=esp32_die;cal=uncalibrated_board_proxy;api=temperatureRead;config_id=170b1c1e;transport=wifi_poll,
plants.soil,2026-07-27T21:32:15.687Z,2026-07-27 16:32:15.687,17356,2a89d4,8gtt1h,0.7.3,fleet_logger_0_1,544770034,UMLIFE_v2_TLC555,ch0,origplant,soil_moisture,1208,,,OK,,,984.3,,name=c5off1;level=overwatered;role=disp;spread=11;gpio=1;device_seq=72632;time_source=device_synced;device_timestamp_utc=2026-07-27T21:32:01.949Z;config_id=170b1c1e;rssi=-56;uptime_s=544770;heap=152672;cal_tier=board-cal;cal_src=wet_rederive_1236_20260719;pressure_context_source=weather_openmeteo;transport=wifi_poll,
plants.soil,2026-07-27T21:32:15.687Z,2026-07-27 16:32:15.687,17357,2a89d4,8gtt1h,0.7.3,fleet_logger_0_1,544770034,UMLIFE_v2_TLC555,ch1,origplant,soil_moisture,1333,,,OK,,,984.3,,name=c5off1;level=well watered;role=disp;spread=14;gpio=4;device_seq=72633;time_source=device_synced;device_timestamp_utc=2026-07-27T21:32:01.949Z;config_id=170b1c1e;rssi=-56;uptime_s=544770;heap=152672;cal_tier=board-cal;cal_src=wet_rederive_1236_20260719;pressure_context_source=weather_openmeteo;transport=wifi_poll,
plants.soil,2026-07-27T21:32:15.687Z,2026-07-27 16:32:15.687,17358,2a89d4,8gtt1h,0.7.3,fleet_logger_0_1,544770034,UMLIFE_v2_TLC555,ch2,origplant,soil_moisture,1181,,,OK,,,984.3,,name=c5off1;level=overwatered;role=disp;spread=16;gpio=5;device_seq=72634;time_source=device_synced;device_timestamp_utc=2026-07-27T21:32:01.949Z;config_id=170b1c1e;rssi=-56;uptime_s=544770;heap=152672;cal_tier=board-cal;cal_src=wet_rederive_1236_20260719;pressure_context_source=weather_openmeteo;transport=wifi_poll,
plants.soil,2026-07-27T21:32:15.687Z,2026-07-27 16:32:15.687,17359,2a89d4,8gtt1h,0.7.3,fleet_logger_0_1,544770034,UMLIFE_v2_TLC555,ch3,origplant,soil_moisture,1597,,,OK,,,984.3,,name=c5off1;level=OK;role=disp;spread=13;gpio=6;device_seq=72635;time_source=device_synced;device_timestamp_utc=2026-07-27T21:32:01.949Z;config_id=170b1c1e;rssi=-56;uptime_s=544770;heap=152672;cal_tier=board-cal;cal_src=wet_rederive_1236_20260719;pressure_context_source=weather_openmeteo;transport=wifi_poll,
plants.env,2026-07-27T21:32:15.687Z,2026-07-27 16:32:15.687,17360,2a89d4,8gtt1h,0.7.3,fleet_logger_0_1,544770718,ESP32,esp32_die,on_chip,die_temp,,24.70,degC,OK,,,,,name=c5off1;source=esp32_die;cal=uncalibrated_board_proxy;api=temperatureRead;config_id=170b1c1e;transport=wifi_poll,
plants.soil,2026-07-27T21:32:46.166Z,2026-07-27 16:32:46.166,17361,2a89d4,8gtt1h,0.7.3,fleet_logger_0_1,544800034,UMLIFE_v2_TLC555,ch0,origplant,soil_moisture,1213,,,OK,,,984.3,,name=c5off1;level=overwatered;role=disp;spread=15;gpio=1;device_seq=72636;time_source=device_synced;device_timestamp_utc=2026-07-27T21:32:31.949Z;config_id=170b1c1e;rssi=-57;uptime_s=544800;heap=152412;cal_tier=board-cal;cal_src=wet_rederive_1236_20260719;pressure_context_source=weather_openmeteo;transport=wifi_poll,
plants.soil,2026-07-27T21:32:46.166Z,2026-07-27 16:32:46.166,17362,2a89d4,8gtt1h,0.7.3,fleet_logger_0_1,544800034,UMLIFE_v2_TLC555,ch1,origplant,soil_moisture,1334,,,OK,,,984.3,,name=c5off1;level=well watered;role=disp;spread=23;gpio=4;device_seq=72637;time_source=device_synced;device_timestamp_utc=2026-07-27T21:32:31.949Z;config_id=170b1c1e;rssi=-57;uptime_s=544800;heap=152412;cal_tier=board-cal;cal_src=wet_rederive_1236_20260719;pressure_context_source=weather_openmeteo;transport=wifi_poll,
plants.soil,2026-07-27T21:32:46.166Z,2026-07-27 16:32:46.166,17363,2a89d4,8gtt1h,0.7.3,fleet_logger_0_1,544800034,UMLIFE_v2_TLC555,ch2,origplant,soil_moisture,1180,,,OK,,,984.3,,name=c5off1;level=overwatered;role=disp;spread=11;gpio=5;device_seq=72638;time_source=device_synced;device_timestamp_utc=2026-07-27T21:32:31.949Z;config_id=170b1c1e;rssi=-57;uptime_s=544800;heap=152412;cal_tier=board-cal;cal_src=wet_rederive_1236_20260719;pressure_context_source=weather_openmeteo;transport=wifi_poll,
plants.soil,2026-07-27T21:32:46.166Z,2026-07-27 16:32:46.166,17364,2a89d4,8gtt1h,0.7.3,fleet_logger_0_1,544800034,UMLIFE_v2_TLC555,ch3,origplant,soil_moisture,1587,,,OK,,,984.3,,name=c5off1;level=OK;role=disp;spread=23;gpio=6;device_seq=72639;time_source=device_synced;device_timestamp_utc=2026-07-27T21:32:31.949Z;config_id=170b1c1e;rssi=-57;uptime_s=544800;heap=152412;cal_tier=board-cal;cal_src=wet_rederive_1236_20260719;pressure_context_source=weather_openmeteo;transport=wifi_poll,
plants.env,2026-07-27T21:32:46.166Z,2026-07-27 16:32:46.166,17365,2a89d4,8gtt1h,0.7.3,fleet_logger_0_1,544801818,ESP32,esp32_die,on_chip,die_temp,,24.70,degC,OK,,,,,name=c5off1;source=esp32_die;cal=uncalibrated_board_proxy;api=temperatureRead;config_id=170b1c1e;transport=wifi_poll,
plants.soil,2026-07-27T21:33:16.482Z,2026-07-27 16:33:16.482,17366,2a89d4,8gtt1h,0.7.3,fleet_logger_0_1,544830034,UMLIFE_v2_TLC555,ch0,origplant,soil_moisture,1222,,,OK,,,984.3,,name=c5off1;level=overwatered;role=disp;spread=17;gpio=1;device_seq=72640;time_source=device_synced;device_timestamp_utc=2026-07-27T21:33:01.949Z;config_id=170b1c1e;rssi=-58;uptime_s=544830;heap=152416;cal_tier=board-cal;cal_src=wet_rederive_1236_20260719;pressure_context_source=weather_openmeteo;transport=wifi_poll,
plants.soil,2026-07-27T21:33:16.482Z,2026-07-27 16:33:16.482,17367,2a89d4,8gtt1h,0.7.3,fleet_logger_0_1,544830034,UMLIFE_v2_TLC555,ch1,origplant,soil_moisture,1338,,,OK,,,984.3,,name=c5off1;level=well watered;role=disp;spread=12;gpio=4;device_seq=72641;time_source=device_synced;device_timestamp_utc=2026-07-27T21:33:01.949Z;config_id=170b1c1e;rssi=-58;uptime_s=544830;heap=152416;cal_tier=board-cal;cal_src=wet_rederive_1236_20260719;pressure_context_source=weather_openmeteo;transport=wifi_poll,
plants.soil,2026-07-27T21:33:16.482Z,2026-07-27 16:33:16.482,17368,2a89d4,8gtt1h,0.7.3,fleet_logger_0_1,544830034,UMLIFE_v2_TLC555,ch2,origplant,soil_moisture,1180,,,OK,,,984.3,,name=c5off1;level=overwatered;role=disp;spread=13;gpio=5;device_seq=72642;time_source=device_synced;device_timestamp_utc=2026-07-27T21:33:01.949Z;config_id=170b1c1e;rssi=-58;uptime_s=544830;heap=152416;cal_tier=board-cal;cal_src=wet_rederive_1236_20260719;pressure_context_source=weather_openmeteo;transport=wifi_poll,
plants.soil,2026-07-27T21:33:16.482Z,2026-07-27 16:33:16.482,17369,2a89d4,8gtt1h,0.7.3,fleet_logger_0_1,544830034,UMLIFE_v2_TLC555,ch3,origplant,soil_moisture,1579,,,OK,,,984.3,,name=c5off1;level=OK;role=disp;spread=23;gpio=6;device_seq=72643;time_source=device_synced;device_timestamp_utc=2026-07-27T21:33:01.949Z;config_id=170b1c1e;rssi=-58;uptime_s=544830;heap=152416;cal_tier=board-cal;cal_src=wet_rederive_1236_20260719;pressure_context_source=weather_openmeteo;transport=wifi_poll,
plants.env,2026-07-27T21:33:16.482Z,2026-07-27 16:33:16.482,17370,2a89d4,8gtt1h,0.7.3,fleet_logger_0_1,544830718,ESP32,esp32_die,on_chip,die_temp,,24.70,degC,OK,,,,,name=c5off1;source=esp32_die;cal=uncalibrated_board_proxy;api=temperatureRead;config_id=170b1c1e;transport=wifi_poll,
plants.soil,2026-07-27T21:33:46.816Z,2026-07-27 16:33:46.816,17371,2a89d4,8gtt1h,0.7.3,fleet_logger_0_1,544860034,UMLIFE_v2_TLC555,ch0,origplant,soil_moisture,1222,,,OK,,,984.3,,name=c5off1;level=overwatered;role=disp;spread=12;gpio=1;device_seq=72644;time_source=device_synced;device_timestamp_utc=2026-07-27T21:33:31.949Z;config_id=170b1c1e;rssi=-59;uptime_s=544860;heap=152672;cal_tier=board-cal;cal_src=wet_rederive_1236_20260719;pressure_context_source=weather_openmeteo;transport=wifi_poll,
plants.soil,2026-07-27T21:33:46.816Z,2026-07-27 16:33:46.816,17372,2a89d4,8gtt1h,0.7.3,fleet_logger_0_1,544860034,UMLIFE_v2_TLC555,ch1,origplant,soil_moisture,1348,,,OK,,,984.3,,name=c5off1;level=well watered;role=disp;spread=22;gpio=4;device_seq=72645;time_source=device_synced;device_timestamp_utc=2026-07-27T21:33:31.949Z;config_id=170b1c1e;rssi=-59;uptime_s=544860;heap=152672;cal_tier=board-cal;cal_src=wet_rederive_1236_20260719;pressure_context_source=weather_openmeteo;transport=wifi_poll,
plants.soil,2026-07-27T21:33:46.816Z,2026-07-27 16:33:46.816,17373,2a89d4,8gtt1h,0.7.3,fleet_logger_0_1,544860034,UMLIFE_v2_TLC555,ch2,origplant,soil_moisture,1181,,,OK,,,984.3,,name=c5off1;level=overwatered;role=disp;spread=20;gpio=5;device_seq=72646;time_source=device_synced;device_timestamp_utc=2026-07-27T21:33:31.949Z;config_id=170b1c1e;rssi=-59;uptime_s=544860;heap=152672;cal_tier=board-cal;cal_src=wet_rederive_1236_20260719;pressure_context_source=weather_openmeteo;transport=wifi_poll,
plants.soil,2026-07-27T21:33:46.816Z,2026-07-27 16:33:46.816,17374,2a89d4,8gtt1h,0.7.3,fleet_logger_0_1,544860034,UMLIFE_v2_TLC555,ch3,origplant,soil_moisture,1583,,,OK,,,984.3,,name=c5off1;level=OK;role=disp;spread=25;gpio=6;device_seq=72647;time_source=device_synced;device_timestamp_utc=2026-07-27T21:33:31.949Z;config_id=170b1c1e;rssi=-59;uptime_s=544860;heap=152672;cal_tier=board-cal;cal_src=wet_rederive_1236_20260719;pressure_context_source=weather_openmeteo;transport=wifi_poll,
plants.env,2026-07-27T21:33:46.816Z,2026-07-27 16:33:46.816,17375,2a89d4,8gtt1h,0.7.3,fleet_logger_0_1,544860718,ESP32,esp32_die,on_chip,die_temp,,24.70,degC,OK,,,,,name=c5off1;source=esp32_die;cal=uncalibrated_board_proxy;api=temperatureRead;config_id=170b1c1e;transport=wifi_poll,
plants.soil,2026-07-27T21:34:17.615Z,2026-07-27 16:34:17.615,17376,2a89d4,8gtt1h,0.7.3,fleet_logger_0_1,544890034,UMLIFE_v2_TLC555,ch0,origplant,soil_moisture,1226,,,OK,,,984.3,,name=c5off1;level=overwatered;role=disp;spread=5;gpio=1;device_seq=72648;time_source=device_synced;device_timestamp_utc=2026-07-27T21:34:01.949Z;config_id=170b1c1e;rssi=-55;uptime_s=544890;heap=152672;cal_tier=board-cal;cal_src=wet_rederive_1236_20260719;pressure_context_source=weather_openmeteo;transport=wifi_poll,
plants.soil,2026-07-27T21:34:17.615Z,2026-07-27 16:34:17.615,17377,2a89d4,8gtt1h,0.7.3,fleet_logger_0_1,544890034,UMLIFE_v2_TLC555,ch1,origplant,soil_moisture,1351,,,OK,,,984.3,,name=c5off1;level=well watered;role=disp;spread=19;gpio=4;device_seq=72649;time_source=device_synced;device_timestamp_utc=2026-07-27T21:34:01.949Z;config_id=170b1c1e;rssi=-55;uptime_s=544890;heap=152672;cal_tier=board-cal;cal_src=wet_rederive_1236_20260719;pressure_context_source=weather_openmeteo;transport=wifi_poll,
plants.soil,2026-07-27T21:34:17.615Z,2026-07-27 16:34:17.615,17378,2a89d4,8gtt1h,0.7.3,fleet_logger_0_1,544890034,UMLIFE_v2_TLC555,ch2,origplant,soil_moisture,1183,,,OK,,,984.3,,name=c5off1;level=overwatered;role=disp;spread=8;gpio=5;device_seq=72650;time_source=device_synced;device_timestamp_utc=2026-07-27T21:34:01.949Z;config_id=170b1c1e;rssi=-55;uptime_s=544890;heap=152672;cal_tier=board-cal;cal_src=wet_rederive_1236_20260719;pressure_context_source=weather_openmeteo;transport=wifi_poll,
plants.soil,2026-07-27T21:34:17.615Z,2026-07-27 16:34:17.615,17379,2a89d4,8gtt1h,0.7.3,fleet_logger_0_1,544890034,UMLIFE_v2_TLC555,ch3,origplant,soil_moisture,1585,,,OK,,,984.3,,name=c5off1;level=OK;role=disp;spread=22;gpio=6;device_seq=72651;time_source=device_synced;device_timestamp_utc=2026-07-27T21:34:01.949Z;config_id=170b1c1e;rssi=-55;uptime_s=544890;heap=152672;cal_tier=board-cal;cal_src=wet_rederive_1236_20260719;pressure_context_source=weather_openmeteo;transport=wifi_poll,
plants.env,2026-07-27T21:34:17.615Z,2026-07-27 16:34:17.615,17380,2a89d4,8gtt1h,0.7.3,fleet_logger_0_1,544890718,ESP32,esp32_die,on_chip,die_temp,,24.70,degC,OK,,,,,name=c5off1;source=esp32_die;cal=uncalibrated_board_proxy;api=temperatureRead;config_id=170b1c1e;transport=wifi_poll,
plants.soil,2026-07-27T21:34:47.968Z,2026-07-27 16:34:47.968,17381,2a89d4,8gtt1h,0.7.3,fleet_logger_0_1,544920034,UMLIFE_v2_TLC555,ch0,origplant,soil_moisture,1226,,,OK,,,984.3,,name=c5off1;level=overwatered;role=disp;spread=24;gpio=1;device_seq=72652;time_source=device_synced;device_timestamp_utc=2026-07-27T21:34:31.949Z;config_id=170b1c1e;rssi=-57;uptime_s=544920;heap=152624;cal_tier=board-cal;cal_src=wet_rederive_1236_20260719;pressure_context_source=weather_openmeteo;transport=wifi_poll,
plants.soil,2026-07-27T21:34:47.968Z,2026-07-27 16:34:47.968,17382,2a89d4,8gtt1h,0.7.3,fleet_logger_0_1,544920034,UMLIFE_v2_TLC555,ch1,origplant,soil_moisture,1352,,,OK,,,984.3,,name=c5off1;level=well watered;role=disp;spread=9;gpio=4;device_seq=72653;time_source=device_synced;device_timestamp_utc=2026-07-27T21:34:31.949Z;config_id=170b1c1e;rssi=-57;uptime_s=544920;heap=152624;cal_tier=board-cal;cal_src=wet_rederive_1236_20260719;pressure_context_source=weather_openmeteo;transport=wifi_poll,
plants.soil,2026-07-27T21:34:47.968Z,2026-07-27 16:34:47.968,17383,2a89d4,8gtt1h,0.7.3,fleet_logger_0_1,544920034,UMLIFE_v2_TLC555,ch2,origplant,soil_moisture,1181,,,OK,,,984.3,,name=c5off1;level=overwatered;role=disp;spread=5;gpio=5;device_seq=72654;time_source=device_synced;device_timestamp_utc=2026-07-27T21:34:31.949Z;config_id=170b1c1e;rssi=-57;uptime_s=544920;heap=152624;cal_tier=board-cal;cal_src=wet_rederive_1236_20260719;pressure_context_source=weather_openmeteo;transport=wifi_poll,
plants.soil,2026-07-27T21:34:47.968Z,2026-07-27 16:34:47.968,17384,2a89d4,8gtt1h,0.7.3,fleet_logger_0_1,544920034,UMLIFE_v2_TLC555,ch3,origplant,soil_moisture,1594,,,OK,,,984.3,,name=c5off1;level=OK;role=disp;spread=28;gpio=6;device_seq=72655;time_source=device_synced;device_timestamp_utc=2026-07-27T21:34:31.949Z;config_id=170b1c1e;rssi=-57;uptime_s=544920;heap=152624;cal_tier=board-cal;cal_src=wet_rederive_1236_20260719;pressure_context_source=weather_openmeteo;transport=wifi_poll,
plants.env,2026-07-27T21:34:47.968Z,2026-07-27 16:34:47.968,17385,2a89d4,8gtt1h,0.7.3,fleet_logger_0_1,544920718,ESP32,esp32_die,on_chip,die_temp,,24.70,degC,OK,,,,,name=c5off1;source=esp32_die;cal=uncalibrated_board_proxy;api=temperatureRead;config_id=170b1c1e;transport=wifi_poll,
plants.soil,2026-07-27T21:35:18.340Z,2026-07-27 16:35:18.340,17386,2a89d4,8gtt1h,0.7.3,fleet_logger_0_1,544950034,UMLIFE_v2_TLC555,ch0,origplant,soil_moisture,1225,,,OK,,,984.3,,name=c5off1;level=overwatered;role=disp;spread=17;gpio=1;device_seq=72656;time_source=device_synced;device_timestamp_utc=2026-07-27T21:35:01.949Z;config_id=170b1c1e;rssi=-57;uptime_s=544950;heap=152624;cal_tier=board-cal;cal_src=wet_rederive_1236_20260719;pressure_context_source=weather_openmeteo;transport=wifi_poll,
plants.soil,2026-07-27T21:35:18.340Z,2026-07-27 16:35:18.340,17387,2a89d4,8gtt1h,0.7.3,fleet_logger_0_1,544950034,UMLIFE_v2_TLC555,ch1,origplant,soil_moisture,1352,,,OK,,,984.3,,name=c5off1;level=well watered;role=disp;spread=8;gpio=4;device_seq=72657;time_source=device_synced;device_timestamp_utc=2026-07-27T21:35:01.949Z;config_id=170b1c1e;rssi=-57;uptime_s=544950;heap=152624;cal_tier=board-cal;cal_src=wet_rederive_1236_20260719;pressure_context_source=weather_openmeteo;transport=wifi_poll,
plants.soil,2026-07-27T21:35:18.340Z,2026-07-27 16:35:18.340,17388,2a89d4,8gtt1h,0.7.3,fleet_logger_0_1,544950034,UMLIFE_v2_TLC555,ch2,origplant,soil_moisture,1182,,,OK,,,984.3,,name=c5off1;level=overwatered;role=disp;spread=11;gpio=5;device_seq=72658;time_source=device_synced;device_timestamp_utc=2026-07-27T21:35:01.949Z;config_id=170b1c1e;rssi=-57;uptime_s=544950;heap=152624;cal_tier=board-cal;cal_src=wet_rederive_1236_20260719;pressure_context_source=weather_openmeteo;transport=wifi_poll,
plants.soil,2026-07-27T21:35:18.340Z,2026-07-27 16:35:18.340,17389,2a89d4,8gtt1h,0.7.3,fleet_logger_0_1,544950034,UMLIFE_v2_TLC555,ch3,origplant,soil_moisture,1598,,,OK,,,984.3,,name=c5off1;level=OK;role=disp;spread=18;gpio=6;device_seq=72659;time_source=device_synced;device_timestamp_utc=2026-07-27T21:35:01.949Z;config_id=170b1c1e;rssi=-57;uptime_s=544950;heap=152624;cal_tier=board-cal;cal_src=wet_rederive_1236_20260719;pressure_context_source=weather_openmeteo;transport=wifi_poll,
plants.env,2026-07-27T21:35:18.340Z,2026-07-27 16:35:18.340,17390,2a89d4,8gtt1h,0.7.3,fleet_logger_0_1,544950718,ESP32,esp32_die,on_chip,die_temp,,24.70,degC,OK,,,,,name=c5off1;source=esp32_die;cal=uncalibrated_board_proxy;api=temperatureRead;config_id=170b1c1e;transport=wifi_poll,
plants.soil,2026-07-27T21:35:48.873Z,2026-07-27 16:35:48.873,17391,2a89d4,8gtt1h,0.7.3,fleet_logger_0_1,544980034,UMLIFE_v2_TLC555,ch0,origplant,soil_moisture,1225,,,OK,,,984.3,,name=c5off1;level=overwatered;role=disp;spread=17;gpio=1;device_seq=72660;time_source=device_synced;device_timestamp_utc=2026-07-27T21:35:31.949Z;config_id=170b1c1e;rssi=-60;uptime_s=544980;heap=152368;cal_tier=board-cal;cal_src=wet_rederive_1236_20260719;pressure_context_source=weather_openmeteo;transport=wifi_poll,
plants.soil,2026-07-27T21:35:48.873Z,2026-07-27 16:35:48.873,17392,2a89d4,8gtt1h,0.7.3,fleet_logger_0_1,544980034,UMLIFE_v2_TLC555,ch1,origplant,soil_moisture,1351,,,OK,,,984.3,,name=c5off1;level=well watered;role=disp;spread=20;gpio=4;device_seq=72661;time_source=device_synced;device_timestamp_utc=2026-07-27T21:35:31.949Z;config_id=170b1c1e;rssi=-60;uptime_s=544980;heap=152368;cal_tier=board-cal;cal_src=wet_rederive_1236_20260719;pressure_context_source=weather_openmeteo;transport=wifi_poll,
plants.soil,2026-07-27T21:35:48.873Z,2026-07-27 16:35:48.873,17393,2a89d4,8gtt1h,0.7.3,fleet_logger_0_1,544980034,UMLIFE_v2_TLC555,ch2,origplant,soil_moisture,1183,,,OK,,,984.3,,name=c5off1;level=overwatered;role=disp;spread=13;gpio=5;device_seq=72662;time_source=device_synced;device_timestamp_utc=2026-07-27T21:35:31.949Z;config_id=170b1c1e;rssi=-60;uptime_s=544980;heap=152368;cal_tier=board-cal;cal_src=wet_rederive_1236_20260719;pressure_context_source=weather_openmeteo;transport=wifi_poll,
plants.soil,2026-07-27T21:35:48.873Z,2026-07-27 16:35:48.873,17394,2a89d4,8gtt1h,0.7.3,fleet_logger_0_1,544980034,UMLIFE_v2_TLC555,ch3,origplant,soil_moisture,1600,,,OK,,,984.3,,name=c5off1;level=OK;role=disp;spread=29;gpio=6;device_seq=72663;time_source=device_synced;device_timestamp_utc=2026-07-27T21:35:31.949Z;config_id=170b1c1e;rssi=-60;uptime_s=544980;heap=152368;cal_tier=board-cal;cal_src=wet_rederive_1236_20260719;pressure_context_source=weather_openmeteo;transport=wifi_poll,
plants.env,2026-07-27T21:35:48.873Z,2026-07-27 16:35:48.873,17395,2a89d4,8gtt1h,0.7.3,fleet_logger_0_1,544980718,ESP32,esp32_die,on_chip,die_temp,,24.70,degC,OK,,,,,name=c5off1;source=esp32_die;cal=uncalibrated_board_proxy;api=temperatureRead;config_id=170b1c1e;transport=wifi_poll,
plants.soil,2026-07-27T21:36:19.295Z,2026-07-27 16:36:19.295,17396,2a89d4,8gtt1h,0.7.3,fleet_logger_0_1,545010034,UMLIFE_v2_TLC555,ch0,origplant,soil_moisture,1226,,,OK,,,984.3,,name=c5off1;level=overwatered;role=disp;spread=12;gpio=1;device_seq=72664;time_source=device_synced;device_timestamp_utc=2026-07-27T21:36:01.949Z;config_id=170b1c1e;rssi=-57;uptime_s=545010;heap=152404;cal_tier=board-cal;cal_src=wet_rederive_1236_20260719;pressure_context_source=weather_openmeteo;transport=wifi_poll,
plants.soil,2026-07-27T21:36:19.295Z,2026-07-27 16:36:19.295,17397,2a89d4,8gtt1h,0.7.3,fleet_logger_0_1,545010034,UMLIFE_v2_TLC555,ch1,origplant,soil_moisture,1353,,,OK,,,984.3,,name=c5off1;level=well watered;role=disp;spread=5;gpio=4;device_seq=72665;time_source=device_synced;device_timestamp_utc=2026-07-27T21:36:01.949Z;config_id=170b1c1e;rssi=-57;uptime_s=545010;heap=152404;cal_tier=board-cal;cal_src=wet_rederive_1236_20260719;pressure_context_source=weather_openmeteo;transport=wifi_poll,
plants.soil,2026-07-27T21:36:19.295Z,2026-07-27 16:36:19.295,17398,2a89d4,8gtt1h,0.7.3,fleet_logger_0_1,545010034,UMLIFE_v2_TLC555,ch2,origplant,soil_moisture,1181,,,OK,,,984.3,,name=c5off1;level=overwatered;role=disp;spread=17;gpio=5;device_seq=72666;time_source=device_synced;device_timestamp_utc=2026-07-27T21:36:01.949Z;config_id=170b1c1e;rssi=-57;uptime_s=545010;heap=152404;cal_tier=board-cal;cal_src=wet_rederive_1236_20260719;pressure_context_source=weather_openmeteo;transport=wifi_poll,
plants.soil,2026-07-27T21:36:19.295Z,2026-07-27 16:36:19.295,17399,2a89d4,8gtt1h,0.7.3,fleet_logger_0_1,545010034,UMLIFE_v2_TLC555,ch3,origplant,soil_moisture,1602,,,OK,,,984.3,,name=c5off1;level=OK;role=disp;spread=19;gpio=6;device_seq=72667;time_source=device_synced;device_timestamp_utc=2026-07-27T21:36:01.949Z;config_id=170b1c1e;rssi=-57;uptime_s=545010;heap=152404;cal_tier=board-cal;cal_src=wet_rederive_1236_20260719;pressure_context_source=weather_openmeteo;transport=wifi_poll,
plants.env,2026-07-27T21:36:19.295Z,2026-07-27 16:36:19.295,17400,2a89d4,8gtt1h,0.7.3,fleet_logger_0_1,545010718,ESP32,esp32_die,on_chip,die_temp,,24.70,degC,OK,,,,,name=c5off1;source=esp32_die;cal=uncalibrated_board_proxy;api=temperatureRead;config_id=170b1c1e;transport=wifi_poll,
plants.soil,2026-07-27T21:36:49.914Z,2026-07-27 16:36:49.914,17401,2a89d4,8gtt1h,0.7.3,fleet_logger_0_1,545040034,UMLIFE_v2_TLC555,ch0,origplant,soil_moisture,1224,,,OK,,,984.3,,name=c5off1;level=overwatered;role=disp;spread=8;gpio=1;device_seq=72668;time_source=device_synced;device_timestamp_utc=2026-07-27T21:36:31.949Z;config_id=170b1c1e;rssi=-57;uptime_s=545040;heap=152660;cal_tier=board-cal;cal_src=wet_rederive_1236_20260719;pressure_context_source=weather_openmeteo;transport=wifi_poll,
plants.soil,2026-07-27T21:36:49.914Z,2026-07-27 16:36:49.914,17402,2a89d4,8gtt1h,0.7.3,fleet_logger_0_1,545040034,UMLIFE_v2_TLC555,ch1,origplant,soil_moisture,1350,,,OK,,,984.3,,name=c5off1;level=well watered;role=disp;spread=25;gpio=4;device_seq=72669;time_source=device_synced;device_timestamp_utc=2026-07-27T21:36:31.949Z;config_id=170b1c1e;rssi=-57;uptime_s=545040;heap=152660;cal_tier=board-cal;cal_src=wet_rederive_1236_20260719;pressure_context_source=weather_openmeteo;transport=wifi_poll,
plants.soil,2026-07-27T21:36:49.914Z,2026-07-27 16:36:49.914,17403,2a89d4,8gtt1h,0.7.3,fleet_logger_0_1,545040034,UMLIFE_v2_TLC555,ch2,origplant,soil_moisture,1183,,,OK,,,984.3,,name=c5off1;level=overwatered;role=disp;spread=11;gpio=5;device_seq=72670;time_source=device_synced;device_timestamp_utc=2026-07-27T21:36:31.949Z;config_id=170b1c1e;rssi=-57;uptime_s=545040;heap=152660;cal_tier=board-cal;cal_src=wet_rederive_1236_20260719;pressure_context_source=weather_openmeteo;transport=wifi_poll,
plants.soil,2026-07-27T21:36:49.914Z,2026-07-27 16:36:49.914,17404,2a89d4,8gtt1h,0.7.3,fleet_logger_0_1,545040034,UMLIFE_v2_TLC555,ch3,origplant,soil_moisture,1600,,,OK,,,984.3,,name=c5off1;level=OK;role=disp;spread=18;gpio=6;device_seq=72671;time_source=device_synced;device_timestamp_utc=2026-07-27T21:36:31.949Z;config_id=170b1c1e;rssi=-57;uptime_s=545040;heap=152660;cal_tier=board-cal;cal_src=wet_rederive_1236_20260719;pressure_context_source=weather_openmeteo;transport=wifi_poll,
plants.env,2026-07-27T21:36:49.914Z,2026-07-27 16:36:49.914,17405,2a89d4,8gtt1h,0.7.3,fleet_logger_0_1,545040718,ESP32,esp32_die,on_chip,die_temp,,24.70,degC,OK,,,,,name=c5off1;source=esp32_die;cal=uncalibrated_board_proxy;api=temperatureRead;config_id=170b1c1e;transport=wifi_poll,
plants.soil,2026-07-27T21:37:20.520Z,2026-07-27 16:37:20.520,17406,2a89d4,8gtt1h,0.7.3,fleet_logger_0_1,545070034,UMLIFE_v2_TLC555,ch0,origplant,soil_moisture,1226,,,OK,,,984.3,,name=c5off1;level=overwatered;role=disp;spread=10;gpio=1;device_seq=72672;time_source=device_synced;device_timestamp_utc=2026-07-27T21:37:01.949Z;config_id=170b1c1e;rssi=-59;uptime_s=545070;heap=152660;cal_tier=board-cal;cal_src=wet_rederive_1236_20260719;pressure_context_source=weather_openmeteo;transport=wifi_poll,
plants.soil,2026-07-27T21:37:20.520Z,2026-07-27 16:37:20.520,17407,2a89d4,8gtt1h,0.7.3,fleet_logger_0_1,545070034,UMLIFE_v2_TLC555,ch1,origplant,soil_moisture,1352,,,OK,,,984.3,,name=c5off1;level=well watered;role=disp;spread=18;gpio=4;device_seq=72673;time_source=device_synced;device_timestamp_utc=2026-07-27T21:37:01.949Z;config_id=170b1c1e;rssi=-59;uptime_s=545070;heap=152660;cal_tier=board-cal;cal_src=wet_rederive_1236_20260719;pressure_context_source=weather_openmeteo;transport=wifi_poll,
plants.soil,2026-07-27T21:37:20.520Z,2026-07-27 16:37:20.520,17408,2a89d4,8gtt1h,0.7.3,fleet_logger_0_1,545070034,UMLIFE_v2_TLC555,ch2,origplant,soil_moisture,1182,,,OK,,,984.3,,name=c5off1;level=overwatered;role=disp;spread=17;gpio=5;device_seq=72674;time_source=device_synced;device_timestamp_utc=2026-07-27T21:37:01.949Z;config_id=170b1c1e;rssi=-59;uptime_s=545070;heap=152660;cal_tier=board-cal;cal_src=wet_rederive_1236_20260719;pressure_context_source=weather_openmeteo;transport=wifi_poll,
plants.soil,2026-07-27T21:37:20.520Z,2026-07-27 16:37:20.520,17409,2a89d4,8gtt1h,0.7.3,fleet_logger_0_1,545070034,UMLIFE_v2_TLC555,ch3,origplant,soil_moisture,1598,,,OK,,,984.3,,name=c5off1;level=OK;role=disp;spread=27;gpio=6;device_seq=72675;time_source=device_synced;device_timestamp_utc=2026-07-27T21:37:01.949Z;config_id=170b1c1e;rssi=-59;uptime_s=545070;heap=152660;cal_tier=board-cal;cal_src=wet_rederive_1236_20260719;pressure_context_source=weather_openmeteo;transport=wifi_poll,
plants.env,2026-07-27T21:37:20.520Z,2026-07-27 16:37:20.520,17410,2a89d4,8gtt1h,0.7.3,fleet_logger_0_1,545070718,ESP32,esp32_die,on_chip,die_temp,,24.70,degC,OK,,,,,name=c5off1;source=esp32_die;cal=uncalibrated_board_proxy;api=temperatureRead;config_id=170b1c1e;transport=wifi_poll,
plants.soil,2026-07-27T21:37:50.918Z,2026-07-27 16:37:50.918,17411,2a89d4,8gtt1h,0.7.3,fleet_logger_0_1,545100034,UMLIFE_v2_TLC555,ch0,origplant,soil_moisture,1224,,,OK,,,984.3,,name=c5off1;level=overwatered;role=disp;spread=8;gpio=1;device_seq=72676;time_source=device_synced;device_timestamp_utc=2026-07-27T21:37:31.949Z;config_id=170b1c1e;rssi=-57;uptime_s=545100;heap=152672;cal_tier=board-cal;cal_src=wet_rederive_1236_20260719;pressure_context_source=weather_openmeteo;transport=wifi_poll,
plants.soil,2026-07-27T21:37:50.918Z,2026-07-27 16:37:50.918,17412,2a89d4,8gtt1h,0.7.3,fleet_logger_0_1,545100034,UMLIFE_v2_TLC555,ch1,origplant,soil_moisture,1351,,,OK,,,984.3,,name=c5off1;level=well watered;role=disp;spread=15;gpio=4;device_seq=72677;time_source=device_synced;device_timestamp_utc=2026-07-27T21:37:31.949Z;config_id=170b1c1e;rssi=-57;uptime_s=545100;heap=152672;cal_tier=board-cal;cal_src=wet_rederive_1236_20260719;pressure_context_source=weather_openmeteo;transport=wifi_poll,
plants.soil,2026-07-27T21:37:50.918Z,2026-07-27 16:37:50.918,17413,2a89d4,8gtt1h,0.7.3,fleet_logger_0_1,545100034,UMLIFE_v2_TLC555,ch2,origplant,soil_moisture,1181,,,OK,,,984.3,,name=c5off1;level=overwatered;role=disp;spread=9;gpio=5;device_seq=72678;time_source=device_synced;device_timestamp_utc=2026-07-27T21:37:31.949Z;config_id=170b1c1e;rssi=-57;uptime_s=545100;heap=152672;cal_tier=board-cal;cal_src=wet_rederive_1236_20260719;pressure_context_source=weather_openmeteo;transport=wifi_poll,
plants.soil,2026-07-27T21:37:50.918Z,2026-07-27 16:37:50.918,17414,2a89d4,8gtt1h,0.7.3,fleet_logger_0_1,545100034,UMLIFE_v2_TLC555,ch3,origplant,soil_moisture,1596,,,OK,,,984.3,,name=c5off1;level=OK;role=disp;spread=28;gpio=6;device_seq=72679;time_source=device_synced;device_timestamp_utc=2026-07-27T21:37:31.949Z;config_id=170b1c1e;rssi=-57;uptime_s=545100;heap=152672;cal_tier=board-cal;cal_src=wet_rederive_1236_20260719;pressure_context_source=weather_openmeteo;transport=wifi_poll,
plants.env,2026-07-27T21:37:50.918Z,2026-07-27 16:37:50.918,17415,2a89d4,8gtt1h,0.7.3,fleet_logger_0_1,545100718,ESP32,esp32_die,on_chip,die_temp,,24.70,degC,OK,,,,,name=c5off1;source=esp32_die;cal=uncalibrated_board_proxy;api=temperatureRead;config_id=170b1c1e;transport=wifi_poll,
plants.soil,2026-07-27T21:38:21.247Z,2026-07-27 16:38:21.247,17416,2a89d4,8gtt1h,0.7.3,fleet_logger_0_1,545130034,UMLIFE_v2_TLC555,ch0,origplant,soil_moisture,1224,,,OK,,,984.3,,name=c5off1;level=overwatered;role=disp;spread=8;gpio=1;device_seq=72680;time_source=device_synced;device_timestamp_utc=2026-07-27T21:38:01.949Z;config_id=170b1c1e;rssi=-56;uptime_s=545130;heap=152672;cal_tier=board-cal;cal_src=wet_rederive_1236_20260719;pressure_context_source=weather_openmeteo;transport=wifi_poll,
plants.soil,2026-07-27T21:38:21.247Z,2026-07-27 16:38:21.247,17417,2a89d4,8gtt1h,0.7.3,fleet_logger_0_1,545130034,UMLIFE_v2_TLC555,ch1,origplant,soil_moisture,1349,,,OK,,,984.3,,name=c5off1;level=well watered;role=disp;spread=19;gpio=4;device_seq=72681;time_source=device_synced;device_timestamp_utc=2026-07-27T21:38:01.949Z;config_id=170b1c1e;rssi=-56;uptime_s=545130;heap=152672;cal_tier=board-cal;cal_src=wet_rederive_1236_20260719;pressure_context_source=weather_openmeteo;transport=wifi_poll,
plants.soil,2026-07-27T21:38:21.247Z,2026-07-27 16:38:21.247,17418,2a89d4,8gtt1h,0.7.3,fleet_logger_0_1,545130034,UMLIFE_v2_TLC555,ch2,origplant,soil_moisture,1184,,,OK,,,984.3,,name=c5off1;level=overwatered;role=disp;spread=12;gpio=5;device_seq=72682;time_source=device_synced;device_timestamp_utc=2026-07-27T21:38:01.949Z;config_id=170b1c1e;rssi=-56;uptime_s=545130;heap=152672;cal_tier=board-cal;cal_src=wet_rederive_1236_20260719;pressure_context_source=weather_openmeteo;transport=wifi_poll,
plants.soil,2026-07-27T21:38:21.247Z,2026-07-27 16:38:21.247,17419,2a89d4,8gtt1h,0.7.3,fleet_logger_0_1,545130034,UMLIFE_v2_TLC555,ch3,origplant,soil_moisture,1596,,,OK,,,984.3,,name=c5off1;level=OK;role=disp;spread=28;gpio=6;device_seq=72683;time_source=device_synced;device_timestamp_utc=2026-07-27T21:38:01.949Z;config_id=170b1c1e;rssi=-56;uptime_s=545130;heap=152672;cal_tier=board-cal;cal_src=wet_rederive_1236_20260719;pressure_context_source=weather_openmeteo;transport=wifi_poll,
plants.env,2026-07-27T21:38:21.247Z,2026-07-27 16:38:21.247,17420,2a89d4,8gtt1h,0.7.3,fleet_logger_0_1,545130718,ESP32,esp32_die,on_chip,die_temp,,24.70,degC,OK,,,,,name=c5off1;source=esp32_die;cal=uncalibrated_board_proxy;api=temperatureRead;config_id=170b1c1e;transport=wifi_poll,
plants.soil,2026-07-27T21:38:51.836Z,2026-07-27 16:38:51.836,17421,2a89d4,8gtt1h,0.7.3,fleet_logger_0_1,545160034,UMLIFE_v2_TLC555,ch0,origplant,soil_moisture,1224,,,OK,,,984.3,,name=c5off1;level=overwatered;role=disp;spread=11;gpio=1;device_seq=72684;time_source=device_synced;device_timestamp_utc=2026-07-27T21:38:31.949Z;config_id=170b1c1e;rssi=-51;uptime_s=545160;heap=152416;cal_tier=board-cal;cal_src=wet_rederive_1236_20260719;pressure_context_source=weather_openmeteo;transport=wifi_poll,
plants.soil,2026-07-27T21:38:51.836Z,2026-07-27 16:38:51.836,17422,2a89d4,8gtt1h,0.7.3,fleet_logger_0_1,545160034,UMLIFE_v2_TLC555,ch1,origplant,soil_moisture,1351,,,OK,,,984.3,,name=c5off1;level=well watered;role=disp;spread=16;gpio=4;device_seq=72685;time_source=device_synced;device_timestamp_utc=2026-07-27T21:38:31.949Z;config_id=170b1c1e;rssi=-51;uptime_s=545160;heap=152416;cal_tier=board-cal;cal_src=wet_rederive_1236_20260719;pressure_context_source=weather_openmeteo;transport=wifi_poll,
plants.soil,2026-07-27T21:38:51.836Z,2026-07-27 16:38:51.836,17423,2a89d4,8gtt1h,0.7.3,fleet_logger_0_1,545160034,UMLIFE_v2_TLC555,ch2,origplant,soil_moisture,1182,,,OK,,,984.3,,name=c5off1;level=overwatered;role=disp;spread=11;gpio=5;device_seq=72686;time_source=device_synced;device_timestamp_utc=2026-07-27T21:38:31.949Z;config_id=170b1c1e;rssi=-51;uptime_s=545160;heap=152416;cal_tier=board-cal;cal_src=wet_rederive_1236_20260719;pressure_context_source=weather_openmeteo;transport=wifi_poll,
plants.soil,2026-07-27T21:38:51.836Z,2026-07-27 16:38:51.836,17424,2a89d4,8gtt1h,0.7.3,fleet_logger_0_1,545160034,UMLIFE_v2_TLC555,ch3,origplant,soil_moisture,1597,,,OK,,,984.3,,name=c5off1;level=OK;role=disp;spread=39;gpio=6;device_seq=72687;time_source=device_synced;device_timestamp_utc=2026-07-27T21:38:31.949Z;config_id=170b1c1e;rssi=-51;uptime_s=545160;heap=152416;cal_tier=board-cal;cal_src=wet_rederive_1236_20260719;pressure_context_source=weather_openmeteo;transport=wifi_poll,
plants.env,2026-07-27T21:38:51.836Z,2026-07-27 16:38:51.836,17425,2a89d4,8gtt1h,0.7.3,fleet_logger_0_1,545160718,ESP32,esp32_die,on_chip,die_temp,,24.70,degC,OK,,,,,name=c5off1;source=esp32_die;cal=uncalibrated_board_proxy;api=temperatureRead;config_id=170b1c1e;transport=wifi_poll,
plants.soil,2026-07-27T21:39:22.169Z,2026-07-27 16:39:22.169,17426,2a89d4,8gtt1h,0.7.3,fleet_logger_0_1,545190034,UMLIFE_v2_TLC555,ch0,origplant,soil_moisture,1225,,,OK,,,984.3,,name=c5off1;level=overwatered;role=disp;spread=15;gpio=1;device_seq=72688;time_source=device_synced;device_timestamp_utc=2026-07-27T21:39:01.949Z;config_id=170b1c1e;rssi=-58;uptime_s=545190;heap=152416;cal_tier=board-cal;cal_src=wet_rederive_1236_20260719;pressure_context_source=weather_openmeteo;transport=wifi_poll,
plants.soil,2026-07-27T21:39:22.169Z,2026-07-27 16:39:22.169,17427,2a89d4,8gtt1h,0.7.3,fleet_logger_0_1,545190034,UMLIFE_v2_TLC555,ch1,origplant,soil_moisture,1349,,,OK,,,984.3,,name=c5off1;level=well watered;role=disp;spread=20;gpio=4;device_seq=72689;time_source=device_synced;device_timestamp_utc=2026-07-27T21:39:01.949Z;config_id=170b1c1e;rssi=-58;uptime_s=545190;heap=152416;cal_tier=board-cal;cal_src=wet_rederive_1236_20260719;pressure_context_source=weather_openmeteo;transport=wifi_poll,
plants.soil,2026-07-27T21:39:22.169Z,2026-07-27 16:39:22.169,17428,2a89d4,8gtt1h,0.7.3,fleet_logger_0_1,545190034,UMLIFE_v2_TLC555,ch2,origplant,soil_moisture,1182,,,OK,,,984.3,,name=c5off1;level=overwatered;role=disp;spread=8;gpio=5;device_seq=72690;time_source=device_synced;device_timestamp_utc=2026-07-27T21:39:01.949Z;config_id=170b1c1e;rssi=-58;uptime_s=545190;heap=152416;cal_tier=board-cal;cal_src=wet_rederive_1236_20260719;pressure_context_source=weather_openmeteo;transport=wifi_poll,
plants.soil,2026-07-27T21:39:22.169Z,2026-07-27 16:39:22.169,17429,2a89d4,8gtt1h,0.7.3,fleet_logger_0_1,545190034,UMLIFE_v2_TLC555,ch3,origplant,soil_moisture,1598,,,OK,,,984.3,,name=c5off1;level=OK;role=disp;spread=13;gpio=6;device_seq=72691;time_source=device_synced;device_timestamp_utc=2026-07-27T21:39:01.949Z;config_id=170b1c1e;rssi=-58;uptime_s=545190;heap=152416;cal_tier=board-cal;cal_src=wet_rederive_1236_20260719;pressure_context_source=weather_openmeteo;transport=wifi_poll,
plants.env,2026-07-27T21:39:22.169Z,2026-07-27 16:39:22.169,17430,2a89d4,8gtt1h,0.7.3,fleet_logger_0_1,545190718,ESP32,esp32_die,on_chip,die_temp,,24.70,degC,OK,,,,,name=c5off1;source=esp32_die;cal=uncalibrated_board_proxy;api=temperatureRead;config_id=170b1c1e;transport=wifi_poll,
plants.soil,2026-07-27T21:39:52.491Z,2026-07-27 16:39:52.491,17431,2a89d4,8gtt1h,0.7.3,fleet_logger_0_1,545220034,UMLIFE_v2_TLC555,ch0,origplant,soil_moisture,1221,,,OK,,,984.3,,name=c5off1;level=overwatered;role=disp;spread=14;gpio=1;device_seq=72692;time_source=device_synced;device_timestamp_utc=2026-07-27T21:39:31.949Z;config_id=170b1c1e;rssi=-55;uptime_s=545220;heap=152672;cal_tier=board-cal;cal_src=wet_rederive_1236_20260719;pressure_context_source=weather_openmeteo;transport=wifi_poll,
plants.soil,2026-07-27T21:39:52.491Z,2026-07-27 16:39:52.491,17432,2a89d4,8gtt1h,0.7.3,fleet_logger_0_1,545220034,UMLIFE_v2_TLC555,ch1,origplant,soil_moisture,1349,,,OK,,,984.3,,name=c5off1;level=well watered;role=disp;spread=25;gpio=4;device_seq=72693;time_source=device_synced;device_timestamp_utc=2026-07-27T21:39:31.949Z;config_id=170b1c1e;rssi=-55;uptime_s=545220;heap=152672;cal_tier=board-cal;cal_src=wet_rederive_1236_20260719;pressure_context_source=weather_openmeteo;transport=wifi_poll,
plants.soil,2026-07-27T21:39:52.491Z,2026-07-27 16:39:52.491,17433,2a89d4,8gtt1h,0.7.3,fleet_logger_0_1,545220034,UMLIFE_v2_TLC555,ch2,origplant,soil_moisture,1183,,,OK,,,984.3,,name=c5off1;level=overwatered;role=disp;spread=14;gpio=5;device_seq=72694;time_source=device_synced;device_timestamp_utc=2026-07-27T21:39:31.949Z;config_id=170b1c1e;rssi=-55;uptime_s=545220;heap=152672;cal_tier=board-cal;cal_src=wet_rederive_1236_20260719;pressure_context_source=weather_openmeteo;transport=wifi_poll,
plants.soil,2026-07-27T21:39:52.491Z,2026-07-27 16:39:52.491,17434,2a89d4,8gtt1h,0.7.3,fleet_logger_0_1,545220034,UMLIFE_v2_TLC555,ch3,origplant,soil_moisture,1596,,,OK,,,984.3,,name=c5off1;level=OK;role=disp;spread=18;gpio=6;device_seq=72695;time_source=device_synced;device_timestamp_utc=2026-07-27T21:39:31.949Z;config_id=170b1c1e;rssi=-55;uptime_s=545220;heap=152672;cal_tier=board-cal;cal_src=wet_rederive_1236_20260719;pressure_context_source=weather_openmeteo;transport=wifi_poll,
plants.env,2026-07-27T21:39:52.491Z,2026-07-27 16:39:52.491,17435,2a89d4,8gtt1h,0.7.3,fleet_logger_0_1,545220718,ESP32,esp32_die,on_chip,die_temp,,24.70,degC,OK,,,,,name=c5off1;source=esp32_die;cal=uncalibrated_board_proxy;api=temperatureRead;config_id=170b1c1e;transport=wifi_poll,
plants.soil,2026-07-27T21:40:22.893Z,2026-07-27 16:40:22.893,17436,2a89d4,8gtt1h,0.7.3,fleet_logger_0_1,545250034,UMLIFE_v2_TLC555,ch0,origplant,soil_moisture,1223,,,OK,,,984.3,,name=c5off1;level=overwatered;role=disp;spread=12;gpio=1;device_seq=72696;time_source=device_synced;device_timestamp_utc=2026-07-27T21:40:01.949Z;config_id=170b1c1e;rssi=-56;uptime_s=545250;heap=152672;cal_tier=board-cal;cal_src=wet_rederive_1236_20260719;pressure_context_source=weather_openmeteo;transport=wifi_poll,
plants.soil,2026-07-27T21:40:22.893Z,2026-07-27 16:40:22.893,17437,2a89d4,8gtt1h,0.7.3,fleet_logger_0_1,545250034,UMLIFE_v2_TLC555,ch1,origplant,soil_moisture,1352,,,OK,,,984.3,,name=c5off1;level=well watered;role=disp;spread=18;gpio=4;device_seq=72697;time_source=device_synced;device_timestamp_utc=2026-07-27T21:40:01.949Z;config_id=170b1c1e;rssi=-56;uptime_s=545250;heap=152672;cal_tier=board-cal;cal_src=wet_rederive_1236_20260719;pressure_context_source=weather_openmeteo;transport=wifi_poll,
plants.soil,2026-07-27T21:40:22.893Z,2026-07-27 16:40:22.893,17438,2a89d4,8gtt1h,0.7.3,fleet_logger_0_1,545250034,UMLIFE_v2_TLC555,ch2,origplant,soil_moisture,1183,,,OK,,,984.3,,name=c5off1;level=overwatered;role=disp;spread=13;gpio=5;device_seq=72698;time_source=device_synced;device_timestamp_utc=2026-07-27T21:40:01.949Z;config_id=170b1c1e;rssi=-56;uptime_s=545250;heap=152672;cal_tier=board-cal;cal_src=wet_rederive_1236_20260719;pressure_context_source=weather_openmeteo;transport=wifi_poll,
plants.soil,2026-07-27T21:40:22.893Z,2026-07-27 16:40:22.893,17439,2a89d4,8gtt1h,0.7.3,fleet_logger_0_1,545250034,UMLIFE_v2_TLC555,ch3,origplant,soil_moisture,1597,,,OK,,,984.3,,name=c5off1;level=OK;role=disp;spread=28;gpio=6;device_seq=72699;time_source=device_synced;device_timestamp_utc=2026-07-27T21:40:01.949Z;config_id=170b1c1e;rssi=-56;uptime_s=545250;heap=152672;cal_tier=board-cal;cal_src=wet_rederive_1236_20260719;pressure_context_source=weather_openmeteo;transport=wifi_poll,
plants.env,2026-07-27T21:40:22.893Z,2026-07-27 16:40:22.893,17440,2a89d4,8gtt1h,0.7.3,fleet_logger_0_1,545250718,ESP32,esp32_die,on_chip,die_temp,,24.70,degC,OK,,,,,name=c5off1;source=esp32_die;cal=uncalibrated_board_proxy;api=temperatureRead;config_id=170b1c1e;transport=wifi_poll,
plants.soil,2026-07-27T21:40:53.185Z,2026-07-27 16:40:53.185,17441,2a89d4,8gtt1h,0.7.3,fleet_logger_0_1,545280034,UMLIFE_v2_TLC555,ch0,origplant,soil_moisture,1225,,,OK,,,984.3,,name=c5off1;level=overwatered;role=disp;spread=10;gpio=1;device_seq=72700;time_source=device_synced;device_timestamp_utc=2026-07-27T21:40:31.949Z;config_id=170b1c1e;rssi=-56;uptime_s=545280;heap=152672;cal_tier=board-cal;cal_src=wet_rederive_1236_20260719;pressure_context_source=weather_openmeteo;transport=wifi_poll,
plants.soil,2026-07-27T21:40:53.185Z,2026-07-27 16:40:53.185,17442,2a89d4,8gtt1h,0.7.3,fleet_logger_0_1,545280034,UMLIFE_v2_TLC555,ch1,origplant,soil_moisture,1354,,,OK,,,984.3,,name=c5off1;level=well watered;role=disp;spread=21;gpio=4;device_seq=72701;time_source=device_synced;device_timestamp_utc=2026-07-27T21:40:31.949Z;config_id=170b1c1e;rssi=-56;uptime_s=545280;heap=152672;cal_tier=board-cal;cal_src=wet_rederive_1236_20260719;pressure_context_source=weather_openmeteo;transport=wifi_poll,
plants.soil,2026-07-27T21:40:53.185Z,2026-07-27 16:40:53.185,17443,2a89d4,8gtt1h,0.7.3,fleet_logger_0_1,545280034,UMLIFE_v2_TLC555,ch2,origplant,soil_moisture,1182,,,OK,,,984.3,,name=c5off1;level=overwatered;role=disp;spread=19;gpio=5;device_seq=72702;time_source=device_synced;device_timestamp_utc=2026-07-27T21:40:31.949Z;config_id=170b1c1e;rssi=-56;uptime_s=545280;heap=152672;cal_tier=board-cal;cal_src=wet_rederive_1236_20260719;pressure_context_source=weather_openmeteo;transport=wifi_poll,
plants.soil,2026-07-27T21:40:53.185Z,2026-07-27 16:40:53.185,17444,2a89d4,8gtt1h,0.7.3,fleet_logger_0_1,545280034,UMLIFE_v2_TLC555,ch3,origplant,soil_moisture,1598,,,OK,,,984.3,,name=c5off1;level=OK;role=disp;spread=13;gpio=6;device_seq=72703;time_source=device_synced;device_timestamp_utc=2026-07-27T21:40:31.949Z;config_id=170b1c1e;rssi=-56;uptime_s=545280;heap=152672;cal_tier=board-cal;cal_src=wet_rederive_1236_20260719;pressure_context_source=weather_openmeteo;transport=wifi_poll,
plants.env,2026-07-27T21:40:53.185Z,2026-07-27 16:40:53.185,17445,2a89d4,8gtt1h,0.7.3,fleet_logger_0_1,545280718,ESP32,esp32_die,on_chip,die_temp,,24.70,degC,OK,,,,,name=c5off1;source=esp32_die;cal=uncalibrated_board_proxy;api=temperatureRead;config_id=170b1c1e;transport=wifi_poll,
plants.soil,2026-07-27T21:41:23.510Z,2026-07-27 16:41:23.510,17446,2a89d4,8gtt1h,0.7.3,fleet_logger_0_1,545310034,UMLIFE_v2_TLC555,ch0,origplant,soil_moisture,1225,,,OK,,,984.3,,name=c5off1;level=overwatered;role=disp;spread=13;gpio=1;device_seq=72704;time_source=device_synced;device_timestamp_utc=2026-07-27T21:41:01.949Z;config_id=170b1c1e;rssi=-56;uptime_s=545310;heap=152672;cal_tier=board-cal;cal_src=wet_rederive_1236_20260719;pressure_context_source=weather_openmeteo;transport=wifi_poll,
plants.soil,2026-07-27T21:41:23.510Z,2026-07-27 16:41:23.510,17447,2a89d4,8gtt1h,0.7.3,fleet_logger_0_1,545310034,UMLIFE_v2_TLC555,ch1,origplant,soil_moisture,1350,,,OK,,,984.3,,name=c5off1;level=well watered;role=disp;spread=5;gpio=4;device_seq=72705;time_source=device_synced;device_timestamp_utc=2026-07-27T21:41:01.949Z;config_id=170b1c1e;rssi=-56;uptime_s=545310;heap=152672;cal_tier=board-cal;cal_src=wet_rederive_1236_20260719;pressure_context_source=weather_openmeteo;transport=wifi_poll,
plants.soil,2026-07-27T21:41:23.510Z,2026-07-27 16:41:23.510,17448,2a89d4,8gtt1h,0.7.3,fleet_logger_0_1,545310034,UMLIFE_v2_TLC555,ch2,origplant,soil_moisture,1183,,,OK,,,984.3,,name=c5off1;level=overwatered;role=disp;spread=15;gpio=5;device_seq=72706;time_source=device_synced;device_timestamp_utc=2026-07-27T21:41:01.949Z;config_id=170b1c1e;rssi=-56;uptime_s=545310;heap=152672;cal_tier=board-cal;cal_src=wet_rederive_1236_20260719;pressure_context_source=weather_openmeteo;transport=wifi_poll,
plants.soil,2026-07-27T21:41:23.510Z,2026-07-27 16:41:23.510,17449,2a89d4,8gtt1h,0.7.3,fleet_logger_0_1,545310034,UMLIFE_v2_TLC555,ch3,origplant,soil_moisture,1596,,,OK,,,984.3,,name=c5off1;level=OK;role=disp;spread=16;gpio=6;device_seq=72707;time_source=device_synced;device_timestamp_utc=2026-07-27T21:41:01.949Z;config_id=170b1c1e;rssi=-56;uptime_s=545310;heap=152672;cal_tier=board-cal;cal_src=wet_rederive_1236_20260719;pressure_context_source=weather_openmeteo;transport=wifi_poll,
plants.env,2026-07-27T21:41:23.510Z,2026-07-27 16:41:23.510,17450,2a89d4,8gtt1h,0.7.3,fleet_logger_0_1,545310718,ESP32,esp32_die,on_chip,die_temp,,24.70,degC,OK,,,,,name=c5off1;source=esp32_die;cal=uncalibrated_board_proxy;api=temperatureRead;config_id=170b1c1e;transport=wifi_poll,
plants.soil,2026-07-27T21:41:54.040Z,2026-07-27 16:41:54.040,17451,2a89d4,8gtt1h,0.7.3,fleet_logger_0_1,545340034,UMLIFE_v2_TLC555,ch0,origplant,soil_moisture,1224,,,OK,,,984.3,,name=c5off1;level=overwatered;role=disp;spread=18;gpio=1;device_seq=72708;time_source=device_synced;device_timestamp_utc=2026-07-27T21:41:31.949Z;config_id=170b1c1e;rssi=-62;uptime_s=545340;heap=152416;cal_tier=board-cal;cal_src=wet_rederive_1236_20260719;pressure_context_source=weather_openmeteo;transport=wifi_poll,
plants.soil,2026-07-27T21:41:54.040Z,2026-07-27 16:41:54.040,17452,2a89d4,8gtt1h,0.7.3,fleet_logger_0_1,545340034,UMLIFE_v2_TLC555,ch1,origplant,soil_moisture,1350,,,OK,,,984.3,,name=c5off1;level=well watered;role=disp;spread=7;gpio=4;device_seq=72709;time_source=device_synced;device_timestamp_utc=2026-07-27T21:41:31.949Z;config_id=170b1c1e;rssi=-62;uptime_s=545340;heap=152416;cal_tier=board-cal;cal_src=wet_rederive_1236_20260719;pressure_context_source=weather_openmeteo;transport=wifi_poll,
plants.soil,2026-07-27T21:41:54.040Z,2026-07-27 16:41:54.040,17453,2a89d4,8gtt1h,0.7.3,fleet_logger_0_1,545340034,UMLIFE_v2_TLC555,ch2,origplant,soil_moisture,1184,,,OK,,,984.3,,name=c5off1;level=overwatered;role=disp;spread=9;gpio=5;device_seq=72710;time_source=device_synced;device_timestamp_utc=2026-07-27T21:41:31.949Z;config_id=170b1c1e;rssi=-62;uptime_s=545340;heap=152416;cal_tier=board-cal;cal_src=wet_rederive_1236_20260719;pressure_context_source=weather_openmeteo;transport=wifi_poll,
plants.soil,2026-07-27T21:41:54.040Z,2026-07-27 16:41:54.040,17454,2a89d4,8gtt1h,0.7.3,fleet_logger_0_1,545340034,UMLIFE_v2_TLC555,ch3,origplant,soil_moisture,1598,,,OK,,,984.3,,name=c5off1;level=OK;role=disp;spread=12;gpio=6;device_seq=72711;time_source=device_synced;device_timestamp_utc=2026-07-27T21:41:31.949Z;config_id=170b1c1e;rssi=-62;uptime_s=545340;heap=152416;cal_tier=board-cal;cal_src=wet_rederive_1236_20260719;pressure_context_source=weather_openmeteo;transport=wifi_poll,
plants.env,2026-07-27T21:41:54.040Z,2026-07-27 16:41:54.040,17455,2a89d4,8gtt1h,0.7.3,fleet_logger_0_1,545340718,ESP32,esp32_die,on_chip,die_temp,,24.70,degC,OK,,,,,name=c5off1;source=esp32_die;cal=uncalibrated_board_proxy;api=temperatureRead;config_id=170b1c1e;transport=wifi_poll,
plants.soil,2026-07-27T21:42:24.448Z,2026-07-27 16:42:24.448,17456,2a89d4,8gtt1h,0.7.3,fleet_logger_0_1,545370034,UMLIFE_v2_TLC555,ch0,origplant,soil_moisture,1223,,,OK,,,984.3,,name=c5off1;level=overwatered;role=disp;spread=10;gpio=1;device_seq=72712;time_source=device_synced;device_timestamp_utc=2026-07-27T21:42:01.949Z;config_id=170b1c1e;rssi=-60;uptime_s=545370;heap=152416;cal_tier=board-cal;cal_src=wet_rederive_1236_20260719;pressure_context_source=weather_openmeteo;transport=wifi_poll,
plants.soil,2026-07-27T21:42:24.448Z,2026-07-27 16:42:24.448,17457,2a89d4,8gtt1h,0.7.3,fleet_logger_0_1,545370034,UMLIFE_v2_TLC555,ch1,origplant,soil_moisture,1351,,,OK,,,984.3,,name=c5off1;level=well watered;role=disp;spread=13;gpio=4;device_seq=72713;time_source=device_synced;device_timestamp_utc=2026-07-27T21:42:01.949Z;config_id=170b1c1e;rssi=-60;uptime_s=545370;heap=152416;cal_tier=board-cal;cal_src=wet_rederive_1236_20260719;pressure_context_source=weather_openmeteo;transport=wifi_poll,
plants.soil,2026-07-27T21:42:24.448Z,2026-07-27 16:42:24.448,17458,2a89d4,8gtt1h,0.7.3,fleet_logger_0_1,545370034,UMLIFE_v2_TLC555,ch2,origplant,soil_moisture,1183,,,OK,,,984.3,,name=c5off1;level=overwatered;role=disp;spread=8;gpio=5;device_seq=72714;time_source=device_synced;device_timestamp_utc=2026-07-27T21:42:01.949Z;config_id=170b1c1e;rssi=-60;uptime_s=545370;heap=152416;cal_tier=board-cal;cal_src=wet_rederive_1236_20260719;pressure_context_source=weather_openmeteo;transport=wifi_poll,
plants.soil,2026-07-27T21:42:24.448Z,2026-07-27 16:42:24.448,17459,2a89d4,8gtt1h,0.7.3,fleet_logger_0_1,545370034,UMLIFE_v2_TLC555,ch3,origplant,soil_moisture,1600,,,OK,,,984.3,,name=c5off1;level=OK;role=disp;spread=15;gpio=6;device_seq=72715;time_source=device_synced;device_timestamp_utc=2026-07-27T21:42:01.949Z;config_id=170b1c1e;rssi=-60;uptime_s=545370;heap=152416;cal_tier=board-cal;cal_src=wet_rederive_1236_20260719;pressure_context_source=weather_openmeteo;transport=wifi_poll,
plants.env,2026-07-27T21:42:24.448Z,2026-07-27 16:42:24.448,17460,2a89d4,8gtt1h,0.7.3,fleet_logger_0_1,545370718,ESP32,esp32_die,on_chip,die_temp,,24.70,degC,OK,,,,,name=c5off1;source=esp32_die;cal=uncalibrated_board_proxy;api=temperatureRead;config_id=170b1c1e;transport=wifi_poll,
plants.soil,2026-07-27T21:42:55.178Z,2026-07-27 16:42:55.178,17461,2a89d4,8gtt1h,0.7.3,fleet_logger_0_1,545400034,UMLIFE_v2_TLC555,ch0,origplant,soil_moisture,1213,,,OK,,,984.3,,name=c5off1;level=overwatered;role=disp;spread=20;gpio=1;device_seq=72716;time_source=device_synced;device_timestamp_utc=2026-07-27T21:42:31.949Z;config_id=170b1c1e;rssi=-60;uptime_s=545400;heap=152672;cal_tier=board-cal;cal_src=wet_rederive_1236_20260719;pressure_context_source=weather_openmeteo;transport=wifi_poll,
plants.soil,2026-07-27T21:42:55.178Z,2026-07-27 16:42:55.178,17462,2a89d4,8gtt1h,0.7.3,fleet_logger_0_1,545400034,UMLIFE_v2_TLC555,ch1,origplant,soil_moisture,1345,,,OK,,,984.3,,name=c5off1;level=well watered;role=disp;spread=16;gpio=4;device_seq=72717;time_source=device_synced;device_timestamp_utc=2026-07-27T21:42:31.949Z;config_id=170b1c1e;rssi=-60;uptime_s=545400;heap=152672;cal_tier=board-cal;cal_src=wet_rederive_1236_20260719;pressure_context_source=weather_openmeteo;transport=wifi_poll,
plants.soil,2026-07-27T21:42:55.178Z,2026-07-27 16:42:55.178,17463,2a89d4,8gtt1h,0.7.3,fleet_logger_0_1,545400034,UMLIFE_v2_TLC555,ch2,origplant,soil_moisture,1183,,,OK,,,984.3,,name=c5off1;level=overwatered;role=disp;spread=13;gpio=5;device_seq=72718;time_source=device_synced;device_timestamp_utc=2026-07-27T21:42:31.949Z;config_id=170b1c1e;rssi=-60;uptime_s=545400;heap=152672;cal_tier=board-cal;cal_src=wet_rederive_1236_20260719;pressure_context_source=weather_openmeteo;transport=wifi_poll,
plants.soil,2026-07-27T21:42:55.178Z,2026-07-27 16:42:55.178,17464,2a89d4,8gtt1h,0.7.3,fleet_logger_0_1,545400034,UMLIFE_v2_TLC555,ch3,origplant,soil_moisture,1597,,,OK,,,984.3,,name=c5off1;level=OK;role=disp;spread=13;gpio=6;device_seq=72719;time_source=device_synced;device_timestamp_utc=2026-07-27T21:42:31.949Z;config_id=170b1c1e;rssi=-60;uptime_s=545400;heap=152672;cal_tier=board-cal;cal_src=wet_rederive_1236_20260719;pressure_context_source=weather_openmeteo;transport=wifi_poll,
plants.env,2026-07-27T21:42:55.178Z,2026-07-27 16:42:55.178,17465,2a89d4,8gtt1h,0.7.3,fleet_logger_0_1,545401818,ESP32,esp32_die,on_chip,die_temp,,24.70,degC,OK,,,,,name=c5off1;source=esp32_die;cal=uncalibrated_board_proxy;api=temperatureRead;config_id=170b1c1e;transport=wifi_poll,
plants.soil,2026-07-27T21:43:25.573Z,2026-07-27 16:43:25.573,17466,2a89d4,8gtt1h,0.7.3,fleet_logger_0_1,545430034,UMLIFE_v2_TLC555,ch0,origplant,soil_moisture,1226,,,OK,,,984.3,,name=c5off1;level=overwatered;role=disp;spread=14;gpio=1;device_seq=72720;time_source=device_synced;device_timestamp_utc=2026-07-27T21:43:01.949Z;config_id=170b1c1e;rssi=-63;uptime_s=545430;heap=152672;cal_tier=board-cal;cal_src=wet_rederive_1236_20260719;pressure_context_source=weather_openmeteo;transport=wifi_poll,
plants.soil,2026-07-27T21:43:25.573Z,2026-07-27 16:43:25.573,17467,2a89d4,8gtt1h,0.7.3,fleet_logger_0_1,545430034,UMLIFE_v2_TLC555,ch1,origplant,soil_moisture,1352,,,OK,,,984.3,,name=c5off1;level=well watered;role=disp;spread=11;gpio=4;device_seq=72721;time_source=device_synced;device_timestamp_utc=2026-07-27T21:43:01.949Z;config_id=170b1c1e;rssi=-63;uptime_s=545430;heap=152672;cal_tier=board-cal;cal_src=wet_rederive_1236_20260719;pressure_context_source=weather_openmeteo;transport=wifi_poll,
plants.soil,2026-07-27T21:43:25.573Z,2026-07-27 16:43:25.573,17468,2a89d4,8gtt1h,0.7.3,fleet_logger_0_1,545430034,UMLIFE_v2_TLC555,ch2,origplant,soil_moisture,1182,,,OK,,,984.3,,name=c5off1;level=overwatered;role=disp;spread=15;gpio=5;device_seq=72722;time_source=device_synced;device_timestamp_utc=2026-07-27T21:43:01.949Z;config_id=170b1c1e;rssi=-63;uptime_s=545430;heap=152672;cal_tier=board-cal;cal_src=wet_rederive_1236_20260719;pressure_context_source=weather_openmeteo;transport=wifi_poll,
plants.soil,2026-07-27T21:43:25.573Z,2026-07-27 16:43:25.573,17469,2a89d4,8gtt1h,0.7.3,fleet_logger_0_1,545430034,UMLIFE_v2_TLC555,ch3,origplant,soil_moisture,1599,,,OK,,,984.3,,name=c5off1;level=OK;role=disp;spread=15;gpio=6;device_seq=72723;time_source=device_synced;device_timestamp_utc=2026-07-27T21:43:01.949Z;config_id=170b1c1e;rssi=-63;uptime_s=545430;heap=152672;cal_tier=board-cal;cal_src=wet_rederive_1236_20260719;pressure_context_source=weather_openmeteo;transport=wifi_poll,
plants.env,2026-07-27T21:43:25.573Z,2026-07-27 16:43:25.573,17470,2a89d4,8gtt1h,0.7.3,fleet_logger_0_1,545430718,ESP32,esp32_die,on_chip,die_temp,,24.70,degC,OK,,,,,name=c5off1;source=esp32_die;cal=uncalibrated_board_proxy;api=temperatureRead;config_id=170b1c1e;transport=wifi_poll,
plants.soil,2026-07-27T21:43:55.895Z,2026-07-27 16:43:55.895,17471,2a89d4,8gtt1h,0.7.3,fleet_logger_0_1,545460034,UMLIFE_v2_TLC555,ch0,origplant,soil_moisture,1222,,,OK,,,984.3,,name=c5off1;level=overwatered;role=disp;spread=9;gpio=1;device_seq=72724;time_source=device_synced;device_timestamp_utc=2026-07-27T21:43:31.949Z;config_id=170b1c1e;rssi=-70;uptime_s=545460;heap=152668;cal_tier=board-cal;cal_src=wet_rederive_1236_20260719;pressure_context_source=weather_openmeteo;transport=wifi_poll,
plants.soil,2026-07-27T21:43:55.895Z,2026-07-27 16:43:55.895,17472,2a89d4,8gtt1h,0.7.3,fleet_logger_0_1,545460034,UMLIFE_v2_TLC555,ch1,origplant,soil_moisture,1350,,,OK,,,984.3,,name=c5off1;level=well watered;role=disp;spread=15;gpio=4;device_seq=72725;time_source=device_synced;device_timestamp_utc=2026-07-27T21:43:31.949Z;config_id=170b1c1e;rssi=-70;uptime_s=545460;heap=152668;cal_tier=board-cal;cal_src=wet_rederive_1236_20260719;pressure_context_source=weather_openmeteo;transport=wifi_poll,
plants.soil,2026-07-27T21:43:55.895Z,2026-07-27 16:43:55.895,17473,2a89d4,8gtt1h,0.7.3,fleet_logger_0_1,545460034,UMLIFE_v2_TLC555,ch2,origplant,soil_moisture,1183,,,OK,,,984.3,,name=c5off1;level=overwatered;role=disp;spread=8;gpio=5;device_seq=72726;time_source=device_synced;device_timestamp_utc=2026-07-27T21:43:31.949Z;config_id=170b1c1e;rssi=-70;uptime_s=545460;heap=152668;cal_tier=board-cal;cal_src=wet_rederive_1236_20260719;pressure_context_source=weather_openmeteo;transport=wifi_poll,
plants.soil,2026-07-27T21:43:55.895Z,2026-07-27 16:43:55.895,17474,2a89d4,8gtt1h,0.7.3,fleet_logger_0_1,545460034,UMLIFE_v2_TLC555,ch3,origplant,soil_moisture,1599,,,OK,,,984.3,,name=c5off1;level=OK;role=disp;spread=19;gpio=6;device_seq=72727;time_source=device_synced;device_timestamp_utc=2026-07-27T21:43:31.949Z;config_id=170b1c1e;rssi=-70;uptime_s=545460;heap=152668;cal_tier=board-cal;cal_src=wet_rederive_1236_20260719;pressure_context_source=weather_openmeteo;transport=wifi_poll,
plants.env,2026-07-27T21:43:55.895Z,2026-07-27 16:43:55.895,17475,2a89d4,8gtt1h,0.7.3,fleet_logger_0_1,545460718,ESP32,esp32_die,on_chip,die_temp,,24.70,degC,OK,,,,,name=c5off1;source=esp32_die;cal=uncalibrated_board_proxy;api=temperatureRead;config_id=170b1c1e;transport=wifi_poll,
plants.soil,2026-07-27T21:44:26.296Z,2026-07-27 16:44:26.296,17476,2a89d4,8gtt1h,0.7.3,fleet_logger_0_1,545490034,UMLIFE_v2_TLC555,ch0,origplant,soil_moisture,1206,,,OK,,,984.3,,name=c5off1;level=overwatered;role=disp;spread=11;gpio=1;device_seq=72728;time_source=device_synced;device_timestamp_utc=2026-07-27T21:44:01.949Z;config_id=170b1c1e;rssi=-61;uptime_s=545490;heap=152668;cal_tier=board-cal;cal_src=wet_rederive_1236_20260719;pressure_context_source=weather_openmeteo;transport=wifi_poll,
plants.soil,2026-07-27T21:44:26.296Z,2026-07-27 16:44:26.296,17477,2a89d4,8gtt1h,0.7.3,fleet_logger_0_1,545490034,UMLIFE_v2_TLC555,ch1,origplant,soil_moisture,1331,,,OK,,,984.3,,name=c5off1;level=well watered;role=disp;spread=16;gpio=4;device_seq=72729;time_source=device_synced;device_timestamp_utc=2026-07-27T21:44:01.949Z;config_id=170b1c1e;rssi=-61;uptime_s=545490;heap=152668;cal_tier=board-cal;cal_src=wet_rederive_1236_20260719;pressure_context_source=weather_openmeteo;transport=wifi_poll,
plants.soil,2026-07-27T21:44:26.296Z,2026-07-27 16:44:26.296,17478,2a89d4,8gtt1h,0.7.3,fleet_logger_0_1,545490034,UMLIFE_v2_TLC555,ch2,origplant,soil_moisture,1183,,,OK,,,984.3,,name=c5off1;level=overwatered;role=disp;spread=20;gpio=5;device_seq=72730;time_source=device_synced;device_timestamp_utc=2026-07-27T21:44:01.949Z;config_id=170b1c1e;rssi=-61;uptime_s=545490;heap=152668;cal_tier=board-cal;cal_src=wet_rederive_1236_20260719;pressure_context_source=weather_openmeteo;transport=wifi_poll,
plants.soil,2026-07-27T21:44:26.296Z,2026-07-27 16:44:26.296,17479,2a89d4,8gtt1h,0.7.3,fleet_logger_0_1,545490034,UMLIFE_v2_TLC555,ch3,origplant,soil_moisture,1580,,,OK,,,984.3,,name=c5off1;level=OK;role=disp;spread=21;gpio=6;device_seq=72731;time_source=device_synced;device_timestamp_utc=2026-07-27T21:44:01.949Z;config_id=170b1c1e;rssi=-61;uptime_s=545490;heap=152668;cal_tier=board-cal;cal_src=wet_rederive_1236_20260719;pressure_context_source=weather_openmeteo;transport=wifi_poll,
plants.env,2026-07-27T21:44:26.296Z,2026-07-27 16:44:26.296,17480,2a89d4,8gtt1h,0.7.3,fleet_logger_0_1,545490718,ESP32,esp32_die,on_chip,die_temp,,24.70,degC,OK,,,,,name=c5off1;source=esp32_die;cal=uncalibrated_board_proxy;api=temperatureRead;config_id=170b1c1e;transport=wifi_poll,
plants.soil,2026-07-27T21:44:56.615Z,2026-07-27 16:44:56.615,17481,2a89d4,8gtt1h,0.7.3,fleet_logger_0_1,545520034,UMLIFE_v2_TLC555,ch0,origplant,soil_moisture,1208,,,OK,,,984.3,,name=c5off1;level=overwatered;role=disp;spread=16;gpio=1;device_seq=72732;time_source=device_synced;device_timestamp_utc=2026-07-27T21:44:31.949Z;config_id=170b1c1e;rssi=-62;uptime_s=545520;heap=152368;cal_tier=board-cal;cal_src=wet_rederive_1236_20260719;pressure_context_source=weather_openmeteo;transport=wifi_poll,
plants.soil,2026-07-27T21:44:56.615Z,2026-07-27 16:44:56.615,17482,2a89d4,8gtt1h,0.7.3,fleet_logger_0_1,545520034,UMLIFE_v2_TLC555,ch1,origplant,soil_moisture,1331,,,OK,,,984.3,,name=c5off1;level=well watered;role=disp;spread=26;gpio=4;device_seq=72733;time_source=device_synced;device_timestamp_utc=2026-07-27T21:44:31.949Z;config_id=170b1c1e;rssi=-62;uptime_s=545520;heap=152368;cal_tier=board-cal;cal_src=wet_rederive_1236_20260719;pressure_context_source=weather_openmeteo;transport=wifi_poll,
plants.soil,2026-07-27T21:44:56.615Z,2026-07-27 16:44:56.615,17483,2a89d4,8gtt1h,0.7.3,fleet_logger_0_1,545520034,UMLIFE_v2_TLC555,ch2,origplant,soil_moisture,1182,,,OK,,,984.3,,name=c5off1;level=overwatered;role=disp;spread=16;gpio=5;device_seq=72734;time_source=device_synced;device_timestamp_utc=2026-07-27T21:44:31.949Z;config_id=170b1c1e;rssi=-62;uptime_s=545520;heap=152368;cal_tier=board-cal;cal_src=wet_rederive_1236_20260719;pressure_context_source=weather_openmeteo;transport=wifi_poll,
plants.soil,2026-07-27T21:44:56.615Z,2026-07-27 16:44:56.615,17484,2a89d4,8gtt1h,0.7.3,fleet_logger_0_1,545520034,UMLIFE_v2_TLC555,ch3,origplant,soil_moisture,1590,,,OK,,,984.3,,name=c5off1;level=OK;role=disp;spread=23;gpio=6;device_seq=72735;time_source=device_synced;device_timestamp_utc=2026-07-27T21:44:31.949Z;config_id=170b1c1e;rssi=-62;uptime_s=545520;heap=152368;cal_tier=board-cal;cal_src=wet_rederive_1236_20260719;pressure_context_source=weather_openmeteo;transport=wifi_poll,
plants.env,2026-07-27T21:44:56.615Z,2026-07-27 16:44:56.615,17485,2a89d4,8gtt1h,0.7.3,fleet_logger_0_1,545520718,ESP32,esp32_die,on_chip,die_temp,,24.70,degC,OK,,,,,name=c5off1;source=esp32_die;cal=uncalibrated_board_proxy;api=temperatureRead;config_id=170b1c1e;transport=wifi_poll,
plants.soil,2026-07-27T21:45:27.023Z,2026-07-27 16:45:27.023,17486,2a89d4,8gtt1h,0.7.3,fleet_logger_0_1,545550034,UMLIFE_v2_TLC555,ch0,origplant,soil_moisture,1207,,,OK,,,984.3,,name=c5off1;level=overwatered;role=disp;spread=19;gpio=1;device_seq=72736;time_source=device_synced;device_timestamp_utc=2026-07-27T21:45:01.949Z;config_id=170b1c1e;rssi=-58;uptime_s=545550;heap=152416;cal_tier=board-cal;cal_src=wet_rederive_1236_20260719;pressure_context_source=weather_openmeteo;transport=wifi_poll,
plants.soil,2026-07-27T21:45:27.023Z,2026-07-27 16:45:27.023,17487,2a89d4,8gtt1h,0.7.3,fleet_logger_0_1,545550034,UMLIFE_v2_TLC555,ch1,origplant,soil_moisture,1342,,,OK,,,984.3,,name=c5off1;level=well watered;role=disp;spread=9;gpio=4;device_seq=72737;time_source=device_synced;device_timestamp_utc=2026-07-27T21:45:01.949Z;config_id=170b1c1e;rssi=-58;uptime_s=545550;heap=152416;cal_tier=board-cal;cal_src=wet_rederive_1236_20260719;pressure_context_source=weather_openmeteo;transport=wifi_poll,
plants.soil,2026-07-27T21:45:27.023Z,2026-07-27 16:45:27.023,17488,2a89d4,8gtt1h,0.7.3,fleet_logger_0_1,545550034,UMLIFE_v2_TLC555,ch2,origplant,soil_moisture,1182,,,OK,,,984.3,,name=c5off1;level=overwatered;role=disp;spread=23;gpio=5;device_seq=72738;time_source=device_synced;device_timestamp_utc=2026-07-27T21:45:01.949Z;config_id=170b1c1e;rssi=-58;uptime_s=545550;heap=152416;cal_tier=board-cal;cal_src=wet_rederive_1236_20260719;pressure_context_source=weather_openmeteo;transport=wifi_poll,
plants.soil,2026-07-27T21:45:27.023Z,2026-07-27 16:45:27.023,17489,2a89d4,8gtt1h,0.7.3,fleet_logger_0_1,545550034,UMLIFE_v2_TLC555,ch3,origplant,soil_moisture,1598,,,OK,,,984.3,,name=c5off1;level=OK;role=disp;spread=18;gpio=6;device_seq=72739;time_source=device_synced;device_timestamp_utc=2026-07-27T21:45:01.949Z;config_id=170b1c1e;rssi=-58;uptime_s=545550;heap=152416;cal_tier=board-cal;cal_src=wet_rederive_1236_20260719;pressure_context_source=weather_openmeteo;transport=wifi_poll,
plants.env,2026-07-27T21:45:27.023Z,2026-07-27 16:45:27.023,17490,2a89d4,8gtt1h,0.7.3,fleet_logger_0_1,545550718,ESP32,esp32_die,on_chip,die_temp,,24.70,degC,OK,,,,,name=c5off1;source=esp32_die;cal=uncalibrated_board_proxy;api=temperatureRead;config_id=170b1c1e;transport=wifi_poll,
plants.soil,2026-07-27T21:45:57.432Z,2026-07-27 16:45:57.432,17491,2a89d4,8gtt1h,0.7.3,fleet_logger_0_1,545580034,UMLIFE_v2_TLC555,ch0,origplant,soil_moisture,1209,,,OK,,,984.3,,name=c5off1;level=overwatered;role=disp;spread=19;gpio=1;device_seq=72740;time_source=device_synced;device_timestamp_utc=2026-07-27T21:45:31.949Z;config_id=170b1c1e;rssi=-61;uptime_s=545580;heap=152672;cal_tier=board-cal;cal_src=wet_rederive_1236_20260719;pressure_context_source=weather_openmeteo;transport=wifi_poll,
plants.soil,2026-07-27T21:45:57.432Z,2026-07-27 16:45:57.432,17492,2a89d4,8gtt1h,0.7.3,fleet_logger_0_1,545580034,UMLIFE_v2_TLC555,ch1,origplant,soil_moisture,1332,,,OK,,,984.3,,name=c5off1;level=well watered;role=disp;spread=16;gpio=4;device_seq=72741;time_source=device_synced;device_timestamp_utc=2026-07-27T21:45:31.949Z;config_id=170b1c1e;rssi=-61;uptime_s=545580;heap=152672;cal_tier=board-cal;cal_src=wet_rederive_1236_20260719;pressure_context_source=weather_openmeteo;transport=wifi_poll,
plants.soil,2026-07-27T21:45:57.432Z,2026-07-27 16:45:57.432,17493,2a89d4,8gtt1h,0.7.3,fleet_logger_0_1,545580034,UMLIFE_v2_TLC555,ch2,origplant,soil_moisture,1182,,,OK,,,984.3,,name=c5off1;level=overwatered;role=disp;spread=19;gpio=5;device_seq=72742;time_source=device_synced;device_timestamp_utc=2026-07-27T21:45:31.949Z;config_id=170b1c1e;rssi=-61;uptime_s=545580;heap=152672;cal_tier=board-cal;cal_src=wet_rederive_1236_20260719;pressure_context_source=weather_openmeteo;transport=wifi_poll,
plants.soil,2026-07-27T21:45:57.432Z,2026-07-27 16:45:57.432,17494,2a89d4,8gtt1h,0.7.3,fleet_logger_0_1,545580034,UMLIFE_v2_TLC555,ch3,origplant,soil_moisture,1582,,,OK,,,984.3,,name=c5off1;level=OK;role=disp;spread=30;gpio=6;device_seq=72743;time_source=device_synced;device_timestamp_utc=2026-07-27T21:45:31.949Z;config_id=170b1c1e;rssi=-61;uptime_s=545580;heap=152672;cal_tier=board-cal;cal_src=wet_rederive_1236_20260719;pressure_context_source=weather_openmeteo;transport=wifi_poll,
plants.env,2026-07-27T21:45:57.432Z,2026-07-27 16:45:57.432,17495,2a89d4,8gtt1h,0.7.3,fleet_logger_0_1,545580718,ESP32,esp32_die,on_chip,die_temp,,24.70,degC,OK,,,,,name=c5off1;source=esp32_die;cal=uncalibrated_board_proxy;api=temperatureRead;config_id=170b1c1e;transport=wifi_poll,
plants.soil,2026-07-27T21:46:27.744Z,2026-07-27 16:46:27.744,17496,2a89d4,8gtt1h,0.7.3,fleet_logger_0_1,545610034,UMLIFE_v2_TLC555,ch0,origplant,soil_moisture,1213,,,OK,,,984.3,,name=c5off1;level=overwatered;role=disp;spread=11;gpio=1;device_seq=72744;time_source=device_synced;device_timestamp_utc=2026-07-27T21:46:01.949Z;config_id=170b1c1e;rssi=-62;uptime_s=545610;heap=152672;cal_tier=board-cal;cal_src=wet_rederive_1236_20260719;pressure_context_source=weather_openmeteo;transport=wifi_poll,
plants.soil,2026-07-27T21:46:27.744Z,2026-07-27 16:46:27.744,17497,2a89d4,8gtt1h,0.7.3,fleet_logger_0_1,545610034,UMLIFE_v2_TLC555,ch1,origplant,soil_moisture,1334,,,OK,,,984.3,,name=c5off1;level=well watered;role=disp;spread=14;gpio=4;device_seq=72745;time_source=device_synced;device_timestamp_utc=2026-07-27T21:46:01.949Z;config_id=170b1c1e;rssi=-62;uptime_s=545610;heap=152672;cal_tier=board-cal;cal_src=wet_rederive_1236_20260719;pressure_context_source=weather_openmeteo;transport=wifi_poll,
plants.soil,2026-07-27T21:46:27.744Z,2026-07-27 16:46:27.744,17498,2a89d4,8gtt1h,0.7.3,fleet_logger_0_1,545610034,UMLIFE_v2_TLC555,ch2,origplant,soil_moisture,1182,,,OK,,,984.3,,name=c5off1;level=overwatered;role=disp;spread=9;gpio=5;device_seq=72746;time_source=device_synced;device_timestamp_utc=2026-07-27T21:46:01.949Z;config_id=170b1c1e;rssi=-62;uptime_s=545610;heap=152672;cal_tier=board-cal;cal_src=wet_rederive_1236_20260719;pressure_context_source=weather_openmeteo;transport=wifi_poll,
plants.soil,2026-07-27T21:46:27.744Z,2026-07-27 16:46:27.744,17499,2a89d4,8gtt1h,0.7.3,fleet_logger_0_1,545610034,UMLIFE_v2_TLC555,ch3,origplant,soil_moisture,1580,,,OK,,,984.3,,name=c5off1;level=OK;role=disp;spread=31;gpio=6;device_seq=72747;time_source=device_synced;device_timestamp_utc=2026-07-27T21:46:01.949Z;config_id=170b1c1e;rssi=-62;uptime_s=545610;heap=152672;cal_tier=board-cal;cal_src=wet_rederive_1236_20260719;pressure_context_source=weather_openmeteo;transport=wifi_poll,
plants.env,2026-07-27T21:46:27.744Z,2026-07-27 16:46:27.744,17500,2a89d4,8gtt1h,0.7.3,fleet_logger_0_1,545610718,ESP32,esp32_die,on_chip,die_temp,,24.70,degC,OK,,,,,name=c5off1;source=esp32_die;cal=uncalibrated_board_proxy;api=temperatureRead;config_id=170b1c1e;transport=wifi_poll,
plants.soil,2026-07-27T21:46:58.223Z,2026-07-27 16:46:58.223,17501,2a89d4,8gtt1h,0.7.3,fleet_logger_0_1,545640034,UMLIFE_v2_TLC555,ch0,origplant,soil_moisture,1223,,,OK,,,984.3,,name=c5off1;level=overwatered;role=disp;spread=16;gpio=1;device_seq=72748;time_source=device_synced;device_timestamp_utc=2026-07-27T21:46:31.949Z;config_id=170b1c1e;rssi=-63;uptime_s=545640;heap=152672;cal_tier=board-cal;cal_src=wet_rederive_1236_20260719;pressure_context_source=weather_openmeteo;transport=wifi_poll,
plants.soil,2026-07-27T21:46:58.223Z,2026-07-27 16:46:58.223,17502,2a89d4,8gtt1h,0.7.3,fleet_logger_0_1,545640034,UMLIFE_v2_TLC555,ch1,origplant,soil_moisture,1339,,,OK,,,984.3,,name=c5off1;level=well watered;role=disp;spread=21;gpio=4;device_seq=72749;time_source=device_synced;device_timestamp_utc=2026-07-27T21:46:31.949Z;config_id=170b1c1e;rssi=-63;uptime_s=545640;heap=152672;cal_tier=board-cal;cal_src=wet_rederive_1236_20260719;pressure_context_source=weather_openmeteo;transport=wifi_poll,
plants.soil,2026-07-27T21:46:58.223Z,2026-07-27 16:46:58.223,17503,2a89d4,8gtt1h,0.7.3,fleet_logger_0_1,545640034,UMLIFE_v2_TLC555,ch2,origplant,soil_moisture,1181,,,OK,,,984.3,,name=c5off1;level=overwatered;role=disp;spread=14;gpio=5;device_seq=72750;time_source=device_synced;device_timestamp_utc=2026-07-27T21:46:31.949Z;config_id=170b1c1e;rssi=-63;uptime_s=545640;heap=152672;cal_tier=board-cal;cal_src=wet_rederive_1236_20260719;pressure_context_source=weather_openmeteo;transport=wifi_poll,
plants.soil,2026-07-27T21:46:58.223Z,2026-07-27 16:46:58.223,17504,2a89d4,8gtt1h,0.7.3,fleet_logger_0_1,545640034,UMLIFE_v2_TLC555,ch3,origplant,soil_moisture,1588,,,OK,,,984.3,,name=c5off1;level=OK;role=disp;spread=11;gpio=6;device_seq=72751;time_source=device_synced;device_timestamp_utc=2026-07-27T21:46:31.949Z;config_id=170b1c1e;rssi=-63;uptime_s=545640;heap=152672;cal_tier=board-cal;cal_src=wet_rederive_1236_20260719;pressure_context_source=weather_openmeteo;transport=wifi_poll,
plants.env,2026-07-27T21:46:58.223Z,2026-07-27 16:46:58.223,17505,2a89d4,8gtt1h,0.7.3,fleet_logger_0_1,545640718,ESP32,esp32_die,on_chip,die_temp,,24.70,degC,OK,,,,,name=c5off1;source=esp32_die;cal=uncalibrated_board_proxy;api=temperatureRead;config_id=170b1c1e;transport=wifi_poll,
plants.soil,2026-07-27T21:47:28.666Z,2026-07-27 16:47:28.666,17506,2a89d4,8gtt1h,0.7.3,fleet_logger_0_1,545670034,UMLIFE_v2_TLC555,ch0,origplant,soil_moisture,1226,,,OK,,,984.3,,name=c5off1;level=overwatered;role=disp;spread=17;gpio=1;device_seq=72752;time_source=device_synced;device_timestamp_utc=2026-07-27T21:47:01.949Z;config_id=170b1c1e;rssi=-62;uptime_s=545670;heap=152672;cal_tier=board-cal;cal_src=wet_rederive_1236_20260719;pressure_context_source=weather_openmeteo;transport=wifi_poll,
plants.soil,2026-07-27T21:47:28.666Z,2026-07-27 16:47:28.666,17507,2a89d4,8gtt1h,0.7.3,fleet_logger_0_1,545670034,UMLIFE_v2_TLC555,ch1,origplant,soil_moisture,1348,,,OK,,,984.3,,name=c5off1;level=well watered;role=disp;spread=25;gpio=4;device_seq=72753;time_source=device_synced;device_timestamp_utc=2026-07-27T21:47:01.949Z;config_id=170b1c1e;rssi=-62;uptime_s=545670;heap=152672;cal_tier=board-cal;cal_src=wet_rederive_1236_20260719;pressure_context_source=weather_openmeteo;transport=wifi_poll,
plants.soil,2026-07-27T21:47:28.666Z,2026-07-27 16:47:28.666,17508,2a89d4,8gtt1h,0.7.3,fleet_logger_0_1,545670034,UMLIFE_v2_TLC555,ch2,origplant,soil_moisture,1183,,,OK,,,984.3,,name=c5off1;level=overwatered;role=disp;spread=14;gpio=5;device_seq=72754;time_source=device_synced;device_timestamp_utc=2026-07-27T21:47:01.949Z;config_id=170b1c1e;rssi=-62;uptime_s=545670;heap=152672;cal_tier=board-cal;cal_src=wet_rederive_1236_20260719;pressure_context_source=weather_openmeteo;transport=wifi_poll,
plants.soil,2026-07-27T21:47:28.666Z,2026-07-27 16:47:28.666,17509,2a89d4,8gtt1h,0.7.3,fleet_logger_0_1,545670034,UMLIFE_v2_TLC555,ch3,origplant,soil_moisture,1582,,,OK,,,984.3,,name=c5off1;level=OK;role=disp;spread=22;gpio=6;device_seq=72755;time_source=device_synced;device_timestamp_utc=2026-07-27T21:47:01.949Z;config_id=170b1c1e;rssi=-62;uptime_s=545670;heap=152672;cal_tier=board-cal;cal_src=wet_rederive_1236_20260719;pressure_context_source=weather_openmeteo;transport=wifi_poll,
plants.env,2026-07-27T21:47:28.666Z,2026-07-27 16:47:28.666,17510,2a89d4,8gtt1h,0.7.3,fleet_logger_0_1,545670718,ESP32,esp32_die,on_chip,die_temp,,24.70,degC,OK,,,,,name=c5off1;source=esp32_die;cal=uncalibrated_board_proxy;api=temperatureRead;config_id=170b1c1e;transport=wifi_poll,
plants.soil,2026-07-27T21:47:59.175Z,2026-07-27 16:47:59.175,17511,2a89d4,8gtt1h,0.7.3,fleet_logger_0_1,545700034,UMLIFE_v2_TLC555,ch0,origplant,soil_moisture,1224,,,OK,,,984.3,,name=c5off1;level=overwatered;role=disp;spread=11;gpio=1;device_seq=72756;time_source=device_synced;device_timestamp_utc=2026-07-27T21:47:31.949Z;config_id=170b1c1e;rssi=-61;uptime_s=545700;heap=152368;cal_tier=board-cal;cal_src=wet_rederive_1236_20260719;pressure_context_source=weather_openmeteo;transport=wifi_poll,
plants.soil,2026-07-27T21:47:59.175Z,2026-07-27 16:47:59.175,17512,2a89d4,8gtt1h,0.7.3,fleet_logger_0_1,545700034,UMLIFE_v2_TLC555,ch1,origplant,soil_moisture,1351,,,OK,,,984.3,,name=c5off1;level=well watered;role=disp;spread=20;gpio=4;device_seq=72757;time_source=device_synced;device_timestamp_utc=2026-07-27T21:47:31.949Z;config_id=170b1c1e;rssi=-61;uptime_s=545700;heap=152368;cal_tier=board-cal;cal_src=wet_rederive_1236_20260719;pressure_context_source=weather_openmeteo;transport=wifi_poll,
plants.soil,2026-07-27T21:47:59.175Z,2026-07-27 16:47:59.175,17513,2a89d4,8gtt1h,0.7.3,fleet_logger_0_1,545700034,UMLIFE_v2_TLC555,ch2,origplant,soil_moisture,1182,,,OK,,,984.3,,name=c5off1;level=overwatered;role=disp;spread=11;gpio=5;device_seq=72758;time_source=device_synced;device_timestamp_utc=2026-07-27T21:47:31.949Z;config_id=170b1c1e;rssi=-61;uptime_s=545700;heap=152368;cal_tier=board-cal;cal_src=wet_rederive_1236_20260719;pressure_context_source=weather_openmeteo;transport=wifi_poll,
plants.soil,2026-07-27T21:47:59.175Z,2026-07-27 16:47:59.175,17514,2a89d4,8gtt1h,0.7.3,fleet_logger_0_1,545700034,UMLIFE_v2_TLC555,ch3,origplant,soil_moisture,1587,,,OK,,,984.3,,name=c5off1;level=OK;role=disp;spread=27;gpio=6;device_seq=72759;time_source=device_synced;device_timestamp_utc=2026-07-27T21:47:31.949Z;config_id=170b1c1e;rssi=-61;uptime_s=545700;heap=152368;cal_tier=board-cal;cal_src=wet_rederive_1236_20260719;pressure_context_source=weather_openmeteo;transport=wifi_poll,
plants.env,2026-07-27T21:47:59.175Z,2026-07-27 16:47:59.175,17515,2a89d4,8gtt1h,0.7.3,fleet_logger_0_1,545700718,ESP32,esp32_die,on_chip,die_temp,,24.70,degC,OK,,,,,name=c5off1;source=esp32_die;cal=uncalibrated_board_proxy;api=temperatureRead;config_id=170b1c1e;transport=wifi_poll,
plants.soil,2026-07-27T21:48:29.384Z,2026-07-27 16:48:29.384,17516,2a89d4,8gtt1h,0.7.3,fleet_logger_0_1,545730034,UMLIFE_v2_TLC555,ch0,origplant,soil_moisture,1224,,,OK,,,984.3,,name=c5off1;level=overwatered;role=disp;spread=11;gpio=1;device_seq=72760;time_source=device_synced;device_timestamp_utc=2026-07-27T21:48:01.949Z;config_id=170b1c1e;rssi=-64;uptime_s=545730;heap=152368;cal_tier=board-cal;cal_src=wet_rederive_1236_20260719;pressure_context_source=weather_openmeteo;transport=wifi_poll,
plants.soil,2026-07-27T21:48:29.384Z,2026-07-27 16:48:29.384,17517,2a89d4,8gtt1h,0.7.3,fleet_logger_0_1,545730034,UMLIFE_v2_TLC555,ch1,origplant,soil_moisture,1353,,,OK,,,984.3,,name=c5off1;level=well watered;role=disp;spread=16;gpio=4;device_seq=72761;time_source=device_synced;device_timestamp_utc=2026-07-27T21:48:01.949Z;config_id=170b1c1e;rssi=-64;uptime_s=545730;heap=152368;cal_tier=board-cal;cal_src=wet_rederive_1236_20260719;pressure_context_source=weather_openmeteo;transport=wifi_poll,
plants.soil,2026-07-27T21:48:29.384Z,2026-07-27 16:48:29.384,17518,2a89d4,8gtt1h,0.7.3,fleet_logger_0_1,545730034,UMLIFE_v2_TLC555,ch2,origplant,soil_moisture,1184,,,OK,,,984.3,,name=c5off1;level=overwatered;role=disp;spread=20;gpio=5;device_seq=72762;time_source=device_synced;device_timestamp_utc=2026-07-27T21:48:01.949Z;config_id=170b1c1e;rssi=-64;uptime_s=545730;heap=152368;cal_tier=board-cal;cal_src=wet_rederive_1236_20260719;pressure_context_source=weather_openmeteo;transport=wifi_poll,
plants.soil,2026-07-27T21:48:29.384Z,2026-07-27 16:48:29.384,17519,2a89d4,8gtt1h,0.7.3,fleet_logger_0_1,545730034,UMLIFE_v2_TLC555,ch3,origplant,soil_moisture,1593,,,OK,,,984.3,,name=c5off1;level=OK;role=disp;spread=15;gpio=6;device_seq=72763;time_source=device_synced;device_timestamp_utc=2026-07-27T21:48:01.949Z;config_id=170b1c1e;rssi=-64;uptime_s=545730;heap=152368;cal_tier=board-cal;cal_src=wet_rederive_1236_20260719;pressure_context_source=weather_openmeteo;transport=wifi_poll,
plants.env,2026-07-27T21:48:29.384Z,2026-07-27 16:48:29.384,17520,2a89d4,8gtt1h,0.7.3,fleet_logger_0_1,545730718,ESP32,esp32_die,on_chip,die_temp,,24.70,degC,OK,,,,,name=c5off1;source=esp32_die;cal=uncalibrated_board_proxy;api=temperatureRead;config_id=170b1c1e;transport=wifi_poll,
plants.soil,2026-07-27T21:48:59.923Z,2026-07-27 16:48:59.923,17521,2a89d4,8gtt1h,0.7.3,fleet_logger_0_1,545760034,UMLIFE_v2_TLC555,ch0,origplant,soil_moisture,1224,,,OK,,,984.3,,name=c5off1;level=overwatered;role=disp;spread=14;gpio=1;device_seq=72764;time_source=device_synced;device_timestamp_utc=2026-07-27T21:48:31.949Z;config_id=170b1c1e;rssi=-62;uptime_s=545760;heap=152620;cal_tier=board-cal;cal_src=wet_rederive_1236_20260719;pressure_context_source=weather_openmeteo;transport=wifi_poll,
plants.soil,2026-07-27T21:48:59.923Z,2026-07-27 16:48:59.923,17522,2a89d4,8gtt1h,0.7.3,fleet_logger_0_1,545760034,UMLIFE_v2_TLC555,ch1,origplant,soil_moisture,1350,,,OK,,,984.3,,name=c5off1;level=well watered;role=disp;spread=19;gpio=4;device_seq=72765;time_source=device_synced;device_timestamp_utc=2026-07-27T21:48:31.949Z;config_id=170b1c1e;rssi=-62;uptime_s=545760;heap=152620;cal_tier=board-cal;cal_src=wet_rederive_1236_20260719;pressure_context_source=weather_openmeteo;transport=wifi_poll,
plants.soil,2026-07-27T21:48:59.923Z,2026-07-27 16:48:59.923,17523,2a89d4,8gtt1h,0.7.3,fleet_logger_0_1,545760034,UMLIFE_v2_TLC555,ch2,origplant,soil_moisture,1183,,,OK,,,984.3,,name=c5off1;level=overwatered;role=disp;spread=12;gpio=5;device_seq=72766;time_source=device_synced;device_timestamp_utc=2026-07-27T21:48:31.949Z;config_id=170b1c1e;rssi=-62;uptime_s=545760;heap=152620;cal_tier=board-cal;cal_src=wet_rederive_1236_20260719;pressure_context_source=weather_openmeteo;transport=wifi_poll,
plants.soil,2026-07-27T21:48:59.923Z,2026-07-27 16:48:59.923,17524,2a89d4,8gtt1h,0.7.3,fleet_logger_0_1,545760034,UMLIFE_v2_TLC555,ch3,origplant,soil_moisture,1597,,,OK,,,984.3,,name=c5off1;level=OK;role=disp;spread=26;gpio=6;device_seq=72767;time_source=device_synced;device_timestamp_utc=2026-07-27T21:48:31.949Z;config_id=170b1c1e;rssi=-62;uptime_s=545760;heap=152620;cal_tier=board-cal;cal_src=wet_rederive_1236_20260719;pressure_context_source=weather_openmeteo;transport=wifi_poll,
plants.env,2026-07-27T21:48:59.923Z,2026-07-27 16:48:59.923,17525,2a89d4,8gtt1h,0.7.3,fleet_logger_0_1,545760718,ESP32,esp32_die,on_chip,die_temp,,24.70,degC,OK,,,,,name=c5off1;source=esp32_die;cal=uncalibrated_board_proxy;api=temperatureRead;config_id=170b1c1e;transport=wifi_poll,
plants.soil,2026-07-27T21:49:30.311Z,2026-07-27 16:49:30.311,17526,2a89d4,8gtt1h,0.7.3,fleet_logger_0_1,545790034,UMLIFE_v2_TLC555,ch0,origplant,soil_moisture,1223,,,OK,,,984.3,,name=c5off1;level=overwatered;role=disp;spread=13;gpio=1;device_seq=72768;time_source=device_synced;device_timestamp_utc=2026-07-27T21:49:01.950Z;config_id=170b1c1e;rssi=-62;uptime_s=545790;heap=152620;cal_tier=board-cal;cal_src=wet_rederive_1236_20260719;pressure_context_source=weather_openmeteo;transport=wifi_poll,
plants.soil,2026-07-27T21:49:30.311Z,2026-07-27 16:49:30.311,17527,2a89d4,8gtt1h,0.7.3,fleet_logger_0_1,545790034,UMLIFE_v2_TLC555,ch1,origplant,soil_moisture,1351,,,OK,,,984.3,,name=c5off1;level=well watered;role=disp;spread=15;gpio=4;device_seq=72769;time_source=device_synced;device_timestamp_utc=2026-07-27T21:49:01.950Z;config_id=170b1c1e;rssi=-62;uptime_s=545790;heap=152620;cal_tier=board-cal;cal_src=wet_rederive_1236_20260719;pressure_context_source=weather_openmeteo;transport=wifi_poll,
plants.soil,2026-07-27T21:49:30.311Z,2026-07-27 16:49:30.311,17528,2a89d4,8gtt1h,0.7.3,fleet_logger_0_1,545790034,UMLIFE_v2_TLC555,ch2,origplant,soil_moisture,1184,,,OK,,,984.3,,name=c5off1;level=overwatered;role=disp;spread=8;gpio=5;device_seq=72770;time_source=device_synced;device_timestamp_utc=2026-07-27T21:49:01.950Z;config_id=170b1c1e;rssi=-62;uptime_s=545790;heap=152620;cal_tier=board-cal;cal_src=wet_rederive_1236_20260719;pressure_context_source=weather_openmeteo;transport=wifi_poll,
plants.soil,2026-07-27T21:49:30.311Z,2026-07-27 16:49:30.311,17529,2a89d4,8gtt1h,0.7.3,fleet_logger_0_1,545790034,UMLIFE_v2_TLC555,ch3,origplant,soil_moisture,1599,,,OK,,,984.3,,name=c5off1;level=OK;role=disp;spread=14;gpio=6;device_seq=72771;time_source=device_synced;device_timestamp_utc=2026-07-27T21:49:01.950Z;config_id=170b1c1e;rssi=-62;uptime_s=545790;heap=152620;cal_tier=board-cal;cal_src=wet_rederive_1236_20260719;pressure_context_source=weather_openmeteo;transport=wifi_poll,
plants.env,2026-07-27T21:49:30.311Z,2026-07-27 16:49:30.311,17530,2a89d4,8gtt1h,0.7.3,fleet_logger_0_1,545790718,ESP32,esp32_die,on_chip,die_temp,,24.70,degC,OK,,,,,name=c5off1;source=esp32_die;cal=uncalibrated_board_proxy;api=temperatureRead;config_id=170b1c1e;transport=wifi_poll,
plants.soil,2026-07-27T21:50:00.828Z,2026-07-27 16:50:00.828,17531,2a89d4,8gtt1h,0.7.3,fleet_logger_0_1,545820034,UMLIFE_v2_TLC555,ch0,origplant,soil_moisture,1224,,,OK,,,984.3,,name=c5off1;level=overwatered;role=disp;spread=9;gpio=1;device_seq=72772;time_source=device_synced;device_timestamp_utc=2026-07-27T21:49:31.949Z;config_id=170b1c1e;rssi=-62;uptime_s=545820;heap=152672;cal_tier=board-cal;cal_src=wet_rederive_1236_20260719;pressure_context_source=weather_openmeteo;transport=wifi_poll,
plants.soil,2026-07-27T21:50:00.828Z,2026-07-27 16:50:00.828,17532,2a89d4,8gtt1h,0.7.3,fleet_logger_0_1,545820034,UMLIFE_v2_TLC555,ch1,origplant,soil_moisture,1350,,,OK,,,984.3,,name=c5off1;level=well watered;role=disp;spread=14;gpio=4;device_seq=72773;time_source=device_synced;device_timestamp_utc=2026-07-27T21:49:31.949Z;config_id=170b1c1e;rssi=-62;uptime_s=545820;heap=152672;cal_tier=board-cal;cal_src=wet_rederive_1236_20260719;pressure_context_source=weather_openmeteo;transport=wifi_poll,
plants.soil,2026-07-27T21:50:00.828Z,2026-07-27 16:50:00.828,17533,2a89d4,8gtt1h,0.7.3,fleet_logger_0_1,545820034,UMLIFE_v2_TLC555,ch2,origplant,soil_moisture,1182,,,OK,,,984.3,,name=c5off1;level=overwatered;role=disp;spread=16;gpio=5;device_seq=72774;time_source=device_synced;device_timestamp_utc=2026-07-27T21:49:31.949Z;config_id=170b1c1e;rssi=-62;uptime_s=545820;heap=152672;cal_tier=board-cal;cal_src=wet_rederive_1236_20260719;pressure_context_source=weather_openmeteo;transport=wifi_poll,
plants.soil,2026-07-27T21:50:00.828Z,2026-07-27 16:50:00.828,17534,2a89d4,8gtt1h,0.7.3,fleet_logger_0_1,545820034,UMLIFE_v2_TLC555,ch3,origplant,soil_moisture,1599,,,OK,,,984.3,,name=c5off1;level=OK;role=disp;spread=16;gpio=6;device_seq=72775;time_source=device_synced;device_timestamp_utc=2026-07-27T21:49:31.949Z;config_id=170b1c1e;rssi=-62;uptime_s=545820;heap=152672;cal_tier=board-cal;cal_src=wet_rederive_1236_20260719;pressure_context_source=weather_openmeteo;transport=wifi_poll,
plants.env,2026-07-27T21:50:00.828Z,2026-07-27 16:50:00.828,17535,2a89d4,8gtt1h,0.7.3,fleet_logger_0_1,545820718,ESP32,esp32_die,on_chip,die_temp,,24.70,degC,OK,,,,,name=c5off1;source=esp32_die;cal=uncalibrated_board_proxy;api=temperatureRead;config_id=170b1c1e;transport=wifi_poll,
plants.soil,2026-07-27T21:50:31.749Z,2026-07-27 16:50:31.749,17536,2a89d4,8gtt1h,0.7.3,fleet_logger_0_1,545880034,UMLIFE_v2_TLC555,ch0,origplant,soil_moisture,1224,,,OK,,,984.3,,name=c5off1;level=overwatered;role=disp;spread=10;gpio=1;device_seq=72780;time_source=device_synced;device_timestamp_utc=2026-07-27T21:50:31.949Z;config_id=170b1c1e;rssi=-62;uptime_s=545880;heap=152672;cal_tier=board-cal;cal_src=wet_rederive_1236_20260719;pressure_context_source=weather_openmeteo;transport=wifi_poll,
plants.soil,2026-07-27T21:50:31.749Z,2026-07-27 16:50:31.749,17537,2a89d4,8gtt1h,0.7.3,fleet_logger_0_1,545880034,UMLIFE_v2_TLC555,ch1,origplant,soil_moisture,1349,,,OK,,,984.3,,name=c5off1;level=well watered;role=disp;spread=20;gpio=4;device_seq=72781;time_source=device_synced;device_timestamp_utc=2026-07-27T21:50:31.949Z;config_id=170b1c1e;rssi=-62;uptime_s=545880;heap=152672;cal_tier=board-cal;cal_src=wet_rederive_1236_20260719;pressure_context_source=weather_openmeteo;transport=wifi_poll,
plants.soil,2026-07-27T21:50:31.749Z,2026-07-27 16:50:31.749,17538,2a89d4,8gtt1h,0.7.3,fleet_logger_0_1,545880034,UMLIFE_v2_TLC555,ch2,origplant,soil_moisture,1183,,,OK,,,984.3,,name=c5off1;level=overwatered;role=disp;spread=6;gpio=5;device_seq=72782;time_source=device_synced;device_timestamp_utc=2026-07-27T21:50:31.949Z;config_id=170b1c1e;rssi=-62;uptime_s=545880;heap=152672;cal_tier=board-cal;cal_src=wet_rederive_1236_20260719;pressure_context_source=weather_openmeteo;transport=wifi_poll,
plants.soil,2026-07-27T21:50:31.749Z,2026-07-27 16:50:31.749,17539,2a89d4,8gtt1h,0.7.3,fleet_logger_0_1,545880034,UMLIFE_v2_TLC555,ch3,origplant,soil_moisture,1599,,,OK,,,984.3,,name=c5off1;level=OK;role=disp;spread=29;gpio=6;device_seq=72783;time_source=device_synced;device_timestamp_utc=2026-07-27T21:50:31.949Z;config_id=170b1c1e;rssi=-62;uptime_s=545880;heap=152672;cal_tier=board-cal;cal_src=wet_rederive_1236_20260719;pressure_context_source=weather_openmeteo;transport=wifi_poll,
plants.env,2026-07-27T21:50:31.749Z,2026-07-27 16:50:31.749,17540,2a89d4,8gtt1h,0.7.3,fleet_logger_0_1,545880718,ESP32,esp32_die,on_chip,die_temp,,24.70,degC,OK,,,,,name=c5off1;source=esp32_die;cal=uncalibrated_board_proxy;api=temperatureRead;config_id=170b1c1e;transport=wifi_poll,
plants.soil,2026-07-27T21:51:02.070Z,2026-07-27 16:51:02.070,17541,2a89d4,8gtt1h,0.7.3,fleet_logger_0_1,545910034,UMLIFE_v2_TLC555,ch0,origplant,soil_moisture,1226,,,OK,,,984.3,,name=c5off1;level=overwatered;role=disp;spread=8;gpio=1;device_seq=72784;time_source=device_synced;device_timestamp_utc=2026-07-27T21:51:01.949Z;config_id=170b1c1e;rssi=-62;uptime_s=545910;heap=152672;cal_tier=board-cal;cal_src=wet_rederive_1236_20260719;pressure_context_source=weather_openmeteo;transport=wifi_poll,
plants.soil,2026-07-27T21:51:02.070Z,2026-07-27 16:51:02.070,17542,2a89d4,8gtt1h,0.7.3,fleet_logger_0_1,545910034,UMLIFE_v2_TLC555,ch1,origplant,soil_moisture,1351,,,OK,,,984.3,,name=c5off1;level=well watered;role=disp;spread=10;gpio=4;device_seq=72785;time_source=device_synced;device_timestamp_utc=2026-07-27T21:51:01.949Z;config_id=170b1c1e;rssi=-62;uptime_s=545910;heap=152672;cal_tier=board-cal;cal_src=wet_rederive_1236_20260719;pressure_context_source=weather_openmeteo;transport=wifi_poll,
plants.soil,2026-07-27T21:51:02.070Z,2026-07-27 16:51:02.070,17543,2a89d4,8gtt1h,0.7.3,fleet_logger_0_1,545910034,UMLIFE_v2_TLC555,ch2,origplant,soil_moisture,1183,,,OK,,,984.3,,name=c5off1;level=overwatered;role=disp;spread=15;gpio=5;device_seq=72786;time_source=device_synced;device_timestamp_utc=2026-07-27T21:51:01.949Z;config_id=170b1c1e;rssi=-62;uptime_s=545910;heap=152672;cal_tier=board-cal;cal_src=wet_rederive_1236_20260719;pressure_context_source=weather_openmeteo;transport=wifi_poll,
plants.soil,2026-07-27T21:51:02.070Z,2026-07-27 16:51:02.070,17544,2a89d4,8gtt1h,0.7.3,fleet_logger_0_1,545910034,UMLIFE_v2_TLC555,ch3,origplant,soil_moisture,1596,,,OK,,,984.3,,name=c5off1;level=OK;role=disp;spread=22;gpio=6;device_seq=72787;time_source=device_synced;device_timestamp_utc=2026-07-27T21:51:01.949Z;config_id=170b1c1e;rssi=-62;uptime_s=545910;heap=152672;cal_tier=board-cal;cal_src=wet_rederive_1236_20260719;pressure_context_source=weather_openmeteo;transport=wifi_poll,
plants.env,2026-07-27T21:51:02.070Z,2026-07-27 16:51:02.070,17545,2a89d4,8gtt1h,0.7.3,fleet_logger_0_1,545910718,ESP32,esp32_die,on_chip,die_temp,,24.70,degC,OK,,,,,name=c5off1;source=esp32_die;cal=uncalibrated_board_proxy;api=temperatureRead;config_id=170b1c1e;transport=wifi_poll,
plants.soil,2026-07-27T21:51:32.470Z,2026-07-27 16:51:32.470,17546,2a89d4,8gtt1h,0.7.3,fleet_logger_0_1,545940034,UMLIFE_v2_TLC555,ch0,origplant,soil_moisture,1224,,,OK,,,984.3,,name=c5off1;level=overwatered;role=disp;spread=11;gpio=1;device_seq=72788;time_source=device_synced;device_timestamp_utc=2026-07-27T21:51:31.949Z;config_id=170b1c1e;rssi=-61;uptime_s=545940;heap=152928;cal_tier=board-cal;cal_src=wet_rederive_1236_20260719;pressure_context_source=weather_openmeteo;transport=wifi_poll,
plants.soil,2026-07-27T21:51:32.470Z,2026-07-27 16:51:32.470,17547,2a89d4,8gtt1h,0.7.3,fleet_logger_0_1,545940034,UMLIFE_v2_TLC555,ch1,origplant,soil_moisture,1351,,,OK,,,984.3,,name=c5off1;level=well watered;role=disp;spread=19;gpio=4;device_seq=72789;time_source=device_synced;device_timestamp_utc=2026-07-27T21:51:31.949Z;config_id=170b1c1e;rssi=-61;uptime_s=545940;heap=152928;cal_tier=board-cal;cal_src=wet_rederive_1236_20260719;pressure_context_source=weather_openmeteo;transport=wifi_poll,
plants.soil,2026-07-27T21:51:32.470Z,2026-07-27 16:51:32.470,17548,2a89d4,8gtt1h,0.7.3,fleet_logger_0_1,545940034,UMLIFE_v2_TLC555,ch2,origplant,soil_moisture,1184,,,OK,,,984.3,,name=c5off1;level=overwatered;role=disp;spread=17;gpio=5;device_seq=72790;time_source=device_synced;device_timestamp_utc=2026-07-27T21:51:31.949Z;config_id=170b1c1e;rssi=-61;uptime_s=545940;heap=152928;cal_tier=board-cal;cal_src=wet_rederive_1236_20260719;pressure_context_source=weather_openmeteo;transport=wifi_poll,
plants.soil,2026-07-27T21:51:32.470Z,2026-07-27 16:51:32.470,17549,2a89d4,8gtt1h,0.7.3,fleet_logger_0_1,545940034,UMLIFE_v2_TLC555,ch3,origplant,soil_moisture,1599,,,OK,,,984.3,,name=c5off1;level=OK;role=disp;spread=38;gpio=6;device_seq=72791;time_source=device_synced;device_timestamp_utc=2026-07-27T21:51:31.949Z;config_id=170b1c1e;rssi=-61;uptime_s=545940;heap=152928;cal_tier=board-cal;cal_src=wet_rederive_1236_20260719;pressure_context_source=weather_openmeteo;transport=wifi_poll,
plants.env,2026-07-27T21:51:32.470Z,2026-07-27 16:51:32.470,17550,2a89d4,8gtt1h,0.7.3,fleet_logger_0_1,545940718,ESP32,esp32_die,on_chip,die_temp,,24.70,degC,OK,,,,,name=c5off1;source=esp32_die;cal=uncalibrated_board_proxy;api=temperatureRead;config_id=170b1c1e;transport=wifi_poll,
plants.soil,2026-07-27T21:52:02.696Z,2026-07-27 16:52:02.696,17551,2a89d4,8gtt1h,0.7.3,fleet_logger_0_1,545970034,UMLIFE_v2_TLC555,ch0,origplant,soil_moisture,1224,,,OK,,,984.3,,name=c5off1;level=overwatered;role=disp;spread=18;gpio=1;device_seq=72792;time_source=device_synced;device_timestamp_utc=2026-07-27T21:52:01.949Z;config_id=170b1c1e;rssi=-60;uptime_s=545970;heap=152928;cal_tier=board-cal;cal_src=wet_rederive_1236_20260719;pressure_context_source=weather_openmeteo;transport=wifi_poll,
plants.soil,2026-07-27T21:52:02.696Z,2026-07-27 16:52:02.696,17552,2a89d4,8gtt1h,0.7.3,fleet_logger_0_1,545970034,UMLIFE_v2_TLC555,ch1,origplant,soil_moisture,1353,,,OK,,,984.3,,name=c5off1;level=well watered;role=disp;spread=17;gpio=4;device_seq=72793;time_source=device_synced;device_timestamp_utc=2026-07-27T21:52:01.949Z;config_id=170b1c1e;rssi=-60;uptime_s=545970;heap=152928;cal_tier=board-cal;cal_src=wet_rederive_1236_20260719;pressure_context_source=weather_openmeteo;transport=wifi_poll,
plants.soil,2026-07-27T21:52:02.696Z,2026-07-27 16:52:02.696,17553,2a89d4,8gtt1h,0.7.3,fleet_logger_0_1,545970034,UMLIFE_v2_TLC555,ch2,origplant,soil_moisture,1182,,,OK,,,984.3,,name=c5off1;level=overwatered;role=disp;spread=16;gpio=5;device_seq=72794;time_source=device_synced;device_timestamp_utc=2026-07-27T21:52:01.949Z;config_id=170b1c1e;rssi=-60;uptime_s=545970;heap=152928;cal_tier=board-cal;cal_src=wet_rederive_1236_20260719;pressure_context_source=weather_openmeteo;transport=wifi_poll,
plants.soil,2026-07-27T21:52:02.696Z,2026-07-27 16:52:02.696,17554,2a89d4,8gtt1h,0.7.3,fleet_logger_0_1,545970034,UMLIFE_v2_TLC555,ch3,origplant,soil_moisture,1599,,,OK,,,984.3,,name=c5off1;level=OK;role=disp;spread=29;gpio=6;device_seq=72795;time_source=device_synced;device_timestamp_utc=2026-07-27T21:52:01.949Z;config_id=170b1c1e;rssi=-60;uptime_s=545970;heap=152928;cal_tier=board-cal;cal_src=wet_rederive_1236_20260719;pressure_context_source=weather_openmeteo;transport=wifi_poll,
plants.env,2026-07-27T21:52:02.696Z,2026-07-27 16:52:02.696,17555,2a89d4,8gtt1h,0.7.3,fleet_logger_0_1,545970718,ESP32,esp32_die,on_chip,die_temp,,24.70,degC,OK,,,,,name=c5off1;source=esp32_die;cal=uncalibrated_board_proxy;api=temperatureRead;config_id=170b1c1e;transport=wifi_poll,
plants.soil,2026-07-27T21:52:33.226Z,2026-07-27 16:52:33.226,17556,2a89d4,8gtt1h,0.7.3,fleet_logger_0_1,546000034,UMLIFE_v2_TLC555,ch0,origplant,soil_moisture,1224,,,OK,,,984.3,,name=c5off1;level=overwatered;role=disp;spread=15;gpio=1;device_seq=72796;time_source=device_synced;device_timestamp_utc=2026-07-27T21:52:31.949Z;config_id=170b1c1e;rssi=-61;uptime_s=546000;heap=152672;cal_tier=board-cal;cal_src=wet_rederive_1236_20260719;pressure_context_source=weather_openmeteo;transport=wifi_poll,
plants.soil,2026-07-27T21:52:33.226Z,2026-07-27 16:52:33.226,17557,2a89d4,8gtt1h,0.7.3,fleet_logger_0_1,546000034,UMLIFE_v2_TLC555,ch1,origplant,soil_moisture,1351,,,OK,,,984.3,,name=c5off1;level=well watered;role=disp;spread=8;gpio=4;device_seq=72797;time_source=device_synced;device_timestamp_utc=2026-07-27T21:52:31.949Z;config_id=170b1c1e;rssi=-61;uptime_s=546000;heap=152672;cal_tier=board-cal;cal_src=wet_rederive_1236_20260719;pressure_context_source=weather_openmeteo;transport=wifi_poll,
plants.soil,2026-07-27T21:52:33.226Z,2026-07-27 16:52:33.226,17558,2a89d4,8gtt1h,0.7.3,fleet_logger_0_1,546000034,UMLIFE_v2_TLC555,ch2,origplant,soil_moisture,1183,,,OK,,,984.3,,name=c5off1;level=overwatered;role=disp;spread=14;gpio=5;device_seq=72798;time_source=device_synced;device_timestamp_utc=2026-07-27T21:52:31.949Z;config_id=170b1c1e;rssi=-61;uptime_s=546000;heap=152672;cal_tier=board-cal;cal_src=wet_rederive_1236_20260719;pressure_context_source=weather_openmeteo;transport=wifi_poll,
plants.soil,2026-07-27T21:52:33.226Z,2026-07-27 16:52:33.226,17559,2a89d4,8gtt1h,0.7.3,fleet_logger_0_1,546000034,UMLIFE_v2_TLC555,ch3,origplant,soil_moisture,1598,,,OK,,,984.3,,name=c5off1;level=OK;role=disp;spread=30;gpio=6;device_seq=72799;time_source=device_synced;device_timestamp_utc=2026-07-27T21:52:31.949Z;config_id=170b1c1e;rssi=-61;uptime_s=546000;heap=152672;cal_tier=board-cal;cal_src=wet_rederive_1236_20260719;pressure_context_source=weather_openmeteo;transport=wifi_poll,
plants.env,2026-07-27T21:52:33.226Z,2026-07-27 16:52:33.226,17560,2a89d4,8gtt1h,0.7.3,fleet_logger_0_1,546001818,ESP32,esp32_die,on_chip,die_temp,,24.70,degC,OK,,,,,name=c5off1;source=esp32_die;cal=uncalibrated_board_proxy;api=temperatureRead;config_id=170b1c1e;transport=wifi_poll,
plants.soil,2026-07-27T21:53:03.710Z,2026-07-27 16:53:03.710,17561,2a89d4,8gtt1h,0.7.3,fleet_logger_0_1,546030034,UMLIFE_v2_TLC555,ch0,origplant,soil_moisture,1226,,,OK,,,984.3,,name=c5off1;level=overwatered;role=disp;spread=16;gpio=1;device_seq=72800;time_source=device_synced;device_timestamp_utc=2026-07-27T21:53:01.949Z;config_id=170b1c1e;rssi=-60;uptime_s=546030;heap=152672;cal_tier=board-cal;cal_src=wet_rederive_1236_20260719;pressure_context_source=weather_openmeteo;transport=wifi_poll,
plants.soil,2026-07-27T21:53:03.710Z,2026-07-27 16:53:03.710,17562,2a89d4,8gtt1h,0.7.3,fleet_logger_0_1,546030034,UMLIFE_v2_TLC555,ch1,origplant,soil_moisture,1351,,,OK,,,984.3,,name=c5off1;level=well watered;role=disp;spread=18;gpio=4;device_seq=72801;time_source=device_synced;device_timestamp_utc=2026-07-27T21:53:01.949Z;config_id=170b1c1e;rssi=-60;uptime_s=546030;heap=152672;cal_tier=board-cal;cal_src=wet_rederive_1236_20260719;pressure_context_source=weather_openmeteo;transport=wifi_poll,
plants.soil,2026-07-27T21:53:03.710Z,2026-07-27 16:53:03.710,17563,2a89d4,8gtt1h,0.7.3,fleet_logger_0_1,546030034,UMLIFE_v2_TLC555,ch2,origplant,soil_moisture,1185,,,OK,,,984.3,,name=c5off1;level=overwatered;role=disp;spread=18;gpio=5;device_seq=72802;time_source=device_synced;device_timestamp_utc=2026-07-27T21:53:01.949Z;config_id=170b1c1e;rssi=-60;uptime_s=546030;heap=152672;cal_tier=board-cal;cal_src=wet_rederive_1236_20260719;pressure_context_source=weather_openmeteo;transport=wifi_poll,
plants.soil,2026-07-27T21:53:03.710Z,2026-07-27 16:53:03.710,17564,2a89d4,8gtt1h,0.7.3,fleet_logger_0_1,546030034,UMLIFE_v2_TLC555,ch3,origplant,soil_moisture,1598,,,OK,,,984.3,,name=c5off1;level=OK;role=disp;spread=25;gpio=6;device_seq=72803;time_source=device_synced;device_timestamp_utc=2026-07-27T21:53:01.949Z;config_id=170b1c1e;rssi=-60;uptime_s=546030;heap=152672;cal_tier=board-cal;cal_src=wet_rederive_1236_20260719;pressure_context_source=weather_openmeteo;transport=wifi_poll,
plants.env,2026-07-27T21:53:03.710Z,2026-07-27 16:53:03.710,17565,2a89d4,8gtt1h,0.7.3,fleet_logger_0_1,546030718,ESP32,esp32_die,on_chip,die_temp,,24.70,degC,OK,,,,,name=c5off1;source=esp32_die;cal=uncalibrated_board_proxy;api=temperatureRead;config_id=170b1c1e;transport=wifi_poll,
plants.soil,2026-07-27T21:53:34.151Z,2026-07-27 16:53:34.151,17566,2a89d4,8gtt1h,0.7.3,fleet_logger_0_1,546060034,UMLIFE_v2_TLC555,ch0,origplant,soil_moisture,1225,,,OK,,,984.3,,name=c5off1;level=overwatered;role=disp;spread=12;gpio=1;device_seq=72804;time_source=device_synced;device_timestamp_utc=2026-07-27T21:53:31.949Z;config_id=170b1c1e;rssi=-60;uptime_s=546060;heap=152416;cal_tier=board-cal;cal_src=wet_rederive_1236_20260719;pressure_context_source=weather_openmeteo;transport=wifi_poll,
plants.soil,2026-07-27T21:53:34.151Z,2026-07-27 16:53:34.151,17567,2a89d4,8gtt1h,0.7.3,fleet_logger_0_1,546060034,UMLIFE_v2_TLC555,ch1,origplant,soil_moisture,1353,,,OK,,,984.3,,name=c5off1;level=well watered;role=disp;spread=20;gpio=4;device_seq=72805;time_source=device_synced;device_timestamp_utc=2026-07-27T21:53:31.949Z;config_id=170b1c1e;rssi=-60;uptime_s=546060;heap=152416;cal_tier=board-cal;cal_src=wet_rederive_1236_20260719;pressure_context_source=weather_openmeteo;transport=wifi_poll,
plants.soil,2026-07-27T21:53:34.151Z,2026-07-27 16:53:34.151,17568,2a89d4,8gtt1h,0.7.3,fleet_logger_0_1,546060034,UMLIFE_v2_TLC555,ch2,origplant,soil_moisture,1184,,,OK,,,984.3,,name=c5off1;level=overwatered;role=disp;spread=8;gpio=5;device_seq=72806;time_source=device_synced;device_timestamp_utc=2026-07-27T21:53:31.949Z;config_id=170b1c1e;rssi=-60;uptime_s=546060;heap=152416;cal_tier=board-cal;cal_src=wet_rederive_1236_20260719;pressure_context_source=weather_openmeteo;transport=wifi_poll,
plants.soil,2026-07-27T21:53:34.151Z,2026-07-27 16:53:34.151,17569,2a89d4,8gtt1h,0.7.3,fleet_logger_0_1,546060034,UMLIFE_v2_TLC555,ch3,origplant,soil_moisture,1600,,,OK,,,984.3,,name=c5off1;level=OK;role=disp;spread=13;gpio=6;device_seq=72807;time_source=device_synced;device_timestamp_utc=2026-07-27T21:53:31.949Z;config_id=170b1c1e;rssi=-60;uptime_s=546060;heap=152416;cal_tier=board-cal;cal_src=wet_rederive_1236_20260719;pressure_context_source=weather_openmeteo;transport=wifi_poll,
plants.env,2026-07-27T21:53:34.151Z,2026-07-27 16:53:34.151,17570,2a89d4,8gtt1h,0.7.3,fleet_logger_0_1,546060718,ESP32,esp32_die,on_chip,die_temp,,24.70,degC,OK,,,,,name=c5off1;source=esp32_die;cal=uncalibrated_board_proxy;api=temperatureRead;config_id=170b1c1e;transport=wifi_poll,
plants.soil,2026-07-27T21:54:04.545Z,2026-07-27 16:54:04.545,17571,2a89d4,8gtt1h,0.7.3,fleet_logger_0_1,546090034,UMLIFE_v2_TLC555,ch0,origplant,soil_moisture,1224,,,OK,,,984.3,,name=c5off1;level=overwatered;role=disp;spread=12;gpio=1;device_seq=72808;time_source=device_synced;device_timestamp_utc=2026-07-27T21:54:01.949Z;config_id=170b1c1e;rssi=-60;uptime_s=546090;heap=152416;cal_tier=board-cal;cal_src=wet_rederive_1236_20260719;pressure_context_source=weather_openmeteo;transport=wifi_poll,
plants.soil,2026-07-27T21:54:04.545Z,2026-07-27 16:54:04.545,17572,2a89d4,8gtt1h,0.7.3,fleet_logger_0_1,546090034,UMLIFE_v2_TLC555,ch1,origplant,soil_moisture,1350,,,OK,,,984.3,,name=c5off1;level=well watered;role=disp;spread=22;gpio=4;device_seq=72809;time_source=device_synced;device_timestamp_utc=2026-07-27T21:54:01.949Z;config_id=170b1c1e;rssi=-60;uptime_s=546090;heap=152416;cal_tier=board-cal;cal_src=wet_rederive_1236_20260719;pressure_context_source=weather_openmeteo;transport=wifi_poll,
plants.soil,2026-07-27T21:54:04.545Z,2026-07-27 16:54:04.545,17573,2a89d4,8gtt1h,0.7.3,fleet_logger_0_1,546090034,UMLIFE_v2_TLC555,ch2,origplant,soil_moisture,1183,,,OK,,,984.3,,name=c5off1;level=overwatered;role=disp;spread=9;gpio=5;device_seq=72810;time_source=device_synced;device_timestamp_utc=2026-07-27T21:54:01.949Z;config_id=170b1c1e;rssi=-60;uptime_s=546090;heap=152416;cal_tier=board-cal;cal_src=wet_rederive_1236_20260719;pressure_context_source=weather_openmeteo;transport=wifi_poll,
plants.soil,2026-07-27T21:54:04.545Z,2026-07-27 16:54:04.545,17574,2a89d4,8gtt1h,0.7.3,fleet_logger_0_1,546090034,UMLIFE_v2_TLC555,ch3,origplant,soil_moisture,1597,,,OK,,,984.3,,name=c5off1;level=OK;role=disp;spread=28;gpio=6;device_seq=72811;time_source=device_synced;device_timestamp_utc=2026-07-27T21:54:01.949Z;config_id=170b1c1e;rssi=-60;uptime_s=546090;heap=152416;cal_tier=board-cal;cal_src=wet_rederive_1236_20260719;pressure_context_source=weather_openmeteo;transport=wifi_poll,
plants.env,2026-07-27T21:54:04.545Z,2026-07-27 16:54:04.545,17575,2a89d4,8gtt1h,0.7.3,fleet_logger_0_1,546090718,ESP32,esp32_die,on_chip,die_temp,,24.70,degC,OK,,,,,name=c5off1;source=esp32_die;cal=uncalibrated_board_proxy;api=temperatureRead;config_id=170b1c1e;transport=wifi_poll,
plants.soil,2026-07-27T21:54:34.964Z,2026-07-27 16:54:34.964,17576,2a89d4,8gtt1h,0.7.3,fleet_logger_0_1,546120034,UMLIFE_v2_TLC555,ch0,origplant,soil_moisture,1223,,,OK,,,984.3,,name=c5off1;level=overwatered;role=disp;spread=14;gpio=1;device_seq=72812;time_source=device_synced;device_timestamp_utc=2026-07-27T21:54:31.949Z;config_id=170b1c1e;rssi=-60;uptime_s=546120;heap=152672;cal_tier=board-cal;cal_src=wet_rederive_1236_20260719;pressure_context_source=weather_openmeteo;transport=wifi_poll,
plants.soil,2026-07-27T21:54:34.964Z,2026-07-27 16:54:34.964,17577,2a89d4,8gtt1h,0.7.3,fleet_logger_0_1,546120034,UMLIFE_v2_TLC555,ch1,origplant,soil_moisture,1351,,,OK,,,984.3,,name=c5off1;level=well watered;role=disp;spread=13;gpio=4;device_seq=72813;time_source=device_synced;device_timestamp_utc=2026-07-27T21:54:31.949Z;config_id=170b1c1e;rssi=-60;uptime_s=546120;heap=152672;cal_tier=board-cal;cal_src=wet_rederive_1236_20260719;pressure_context_source=weather_openmeteo;transport=wifi_poll,
plants.soil,2026-07-27T21:54:34.964Z,2026-07-27 16:54:34.964,17578,2a89d4,8gtt1h,0.7.3,fleet_logger_0_1,546120034,UMLIFE_v2_TLC555,ch2,origplant,soil_moisture,1185,,,OK,,,984.3,,name=c5off1;level=overwatered;role=disp;spread=17;gpio=5;device_seq=72814;time_source=device_synced;device_timestamp_utc=2026-07-27T21:54:31.949Z;config_id=170b1c1e;rssi=-60;uptime_s=546120;heap=152672;cal_tier=board-cal;cal_src=wet_rederive_1236_20260719;pressure_context_source=weather_openmeteo;transport=wifi_poll,
plants.soil,2026-07-27T21:54:34.964Z,2026-07-27 16:54:34.964,17579,2a89d4,8gtt1h,0.7.3,fleet_logger_0_1,546120034,UMLIFE_v2_TLC555,ch3,origplant,soil_moisture,1597,,,OK,,,984.3,,name=c5off1;level=OK;role=disp;spread=19;gpio=6;device_seq=72815;time_source=device_synced;device_timestamp_utc=2026-07-27T21:54:31.949Z;config_id=170b1c1e;rssi=-60;uptime_s=546120;heap=152672;cal_tier=board-cal;cal_src=wet_rederive_1236_20260719;pressure_context_source=weather_openmeteo;transport=wifi_poll,
plants.env,2026-07-27T21:54:34.964Z,2026-07-27 16:54:34.964,17580,2a89d4,8gtt1h,0.7.3,fleet_logger_0_1,546120718,ESP32,esp32_die,on_chip,die_temp,,24.70,degC,OK,,,,,name=c5off1;source=esp32_die;cal=uncalibrated_board_proxy;api=temperatureRead;config_id=170b1c1e;transport=wifi_poll,
plants.soil,2026-07-27T21:55:05.354Z,2026-07-27 16:55:05.354,17581,2a89d4,8gtt1h,0.7.3,fleet_logger_0_1,546150034,UMLIFE_v2_TLC555,ch0,origplant,soil_moisture,1225,,,OK,,,984.3,,name=c5off1;level=overwatered;role=disp;spread=12;gpio=1;device_seq=72816;time_source=device_synced;device_timestamp_utc=2026-07-27T21:55:01.949Z;config_id=170b1c1e;rssi=-59;uptime_s=546150;heap=152672;cal_tier=board-cal;cal_src=wet_rederive_1236_20260719;pressure_context_source=weather_openmeteo;transport=wifi_poll,
plants.soil,2026-07-27T21:55:05.354Z,2026-07-27 16:55:05.354,17582,2a89d4,8gtt1h,0.7.3,fleet_logger_0_1,546150034,UMLIFE_v2_TLC555,ch1,origplant,soil_moisture,1355,,,OK,,,984.3,,name=c5off1;level=well watered;role=disp;spread=23;gpio=4;device_seq=72817;time_source=device_synced;device_timestamp_utc=2026-07-27T21:55:01.949Z;config_id=170b1c1e;rssi=-59;uptime_s=546150;heap=152672;cal_tier=board-cal;cal_src=wet_rederive_1236_20260719;pressure_context_source=weather_openmeteo;transport=wifi_poll,
plants.soil,2026-07-27T21:55:05.354Z,2026-07-27 16:55:05.354,17583,2a89d4,8gtt1h,0.7.3,fleet_logger_0_1,546150034,UMLIFE_v2_TLC555,ch2,origplant,soil_moisture,1185,,,OK,,,984.3,,name=c5off1;level=overwatered;role=disp;spread=14;gpio=5;device_seq=72818;time_source=device_synced;device_timestamp_utc=2026-07-27T21:55:01.949Z;config_id=170b1c1e;rssi=-59;uptime_s=546150;heap=152672;cal_tier=board-cal;cal_src=wet_rederive_1236_20260719;pressure_context_source=weather_openmeteo;transport=wifi_poll,
plants.soil,2026-07-27T21:55:05.354Z,2026-07-27 16:55:05.354,17584,2a89d4,8gtt1h,0.7.3,fleet_logger_0_1,546150034,UMLIFE_v2_TLC555,ch3,origplant,soil_moisture,1598,,,OK,,,984.3,,name=c5off1;level=OK;role=disp;spread=19;gpio=6;device_seq=72819;time_source=device_synced;device_timestamp_utc=2026-07-27T21:55:01.949Z;config_id=170b1c1e;rssi=-59;uptime_s=546150;heap=152672;cal_tier=board-cal;cal_src=wet_rederive_1236_20260719;pressure_context_source=weather_openmeteo;transport=wifi_poll,
plants.env,2026-07-27T21:55:05.354Z,2026-07-27 16:55:05.354,17585,2a89d4,8gtt1h,0.7.3,fleet_logger_0_1,546150718,ESP32,esp32_die,on_chip,die_temp,,25.70,degC,OK,,,,,name=c5off1;source=esp32_die;cal=uncalibrated_board_proxy;api=temperatureRead;config_id=170b1c1e;transport=wifi_poll,
plants.soil,2026-07-27T21:55:35.688Z,2026-07-27 16:55:35.688,17586,2a89d4,8gtt1h,0.7.3,fleet_logger_0_1,546180034,UMLIFE_v2_TLC555,ch0,origplant,soil_moisture,1223,,,OK,,,984.3,,name=c5off1;level=overwatered;role=disp;spread=17;gpio=1;device_seq=72820;time_source=device_synced;device_timestamp_utc=2026-07-27T21:55:31.949Z;config_id=170b1c1e;rssi=-60;uptime_s=546180;heap=152672;cal_tier=board-cal;cal_src=wet_rederive_1236_20260719;pressure_context_source=weather_openmeteo;transport=wifi_poll,
plants.soil,2026-07-27T21:55:35.688Z,2026-07-27 16:55:35.688,17587,2a89d4,8gtt1h,0.7.3,fleet_logger_0_1,546180034,UMLIFE_v2_TLC555,ch1,origplant,soil_moisture,1351,,,OK,,,984.3,,name=c5off1;level=well watered;role=disp;spread=13;gpio=4;device_seq=72821;time_source=device_synced;device_timestamp_utc=2026-07-27T21:55:31.949Z;config_id=170b1c1e;rssi=-60;uptime_s=546180;heap=152672;cal_tier=board-cal;cal_src=wet_rederive_1236_20260719;pressure_context_source=weather_openmeteo;transport=wifi_poll,
plants.soil,2026-07-27T21:55:35.688Z,2026-07-27 16:55:35.688,17588,2a89d4,8gtt1h,0.7.3,fleet_logger_0_1,546180034,UMLIFE_v2_TLC555,ch2,origplant,soil_moisture,1183,,,OK,,,984.3,,name=c5off1;level=overwatered;role=disp;spread=21;gpio=5;device_seq=72822;time_source=device_synced;device_timestamp_utc=2026-07-27T21:55:31.949Z;config_id=170b1c1e;rssi=-60;uptime_s=546180;heap=152672;cal_tier=board-cal;cal_src=wet_rederive_1236_20260719;pressure_context_source=weather_openmeteo;transport=wifi_poll,
plants.soil,2026-07-27T21:55:35.688Z,2026-07-27 16:55:35.688,17589,2a89d4,8gtt1h,0.7.3,fleet_logger_0_1,546180034,UMLIFE_v2_TLC555,ch3,origplant,soil_moisture,1598,,,OK,,,984.3,,name=c5off1;level=OK;role=disp;spread=11;gpio=6;device_seq=72823;time_source=device_synced;device_timestamp_utc=2026-07-27T21:55:31.949Z;config_id=170b1c1e;rssi=-60;uptime_s=546180;heap=152672;cal_tier=board-cal;cal_src=wet_rederive_1236_20260719;pressure_context_source=weather_openmeteo;transport=wifi_poll,
plants.env,2026-07-27T21:55:35.688Z,2026-07-27 16:55:35.688,17590,2a89d4,8gtt1h,0.7.3,fleet_logger_0_1,546180718,ESP32,esp32_die,on_chip,die_temp,,25.70,degC,OK,,,,,name=c5off1;source=esp32_die;cal=uncalibrated_board_proxy;api=temperatureRead;config_id=170b1c1e;transport=wifi_poll,
plants.soil,2026-07-27T21:56:06.117Z,2026-07-27 16:56:06.117,17591,2a89d4,8gtt1h,0.7.3,fleet_logger_0_1,546210034,UMLIFE_v2_TLC555,ch0,origplant,soil_moisture,1219,,,OK,,,984.3,,name=c5off1;level=overwatered;role=disp;spread=19;gpio=1;device_seq=72824;time_source=device_synced;device_timestamp_utc=2026-07-27T21:56:01.949Z;config_id=170b1c1e;rssi=-62;uptime_s=546210;heap=152672;cal_tier=board-cal;cal_src=wet_rederive_1236_20260719;pressure_context_source=weather_openmeteo;transport=wifi_poll,
plants.soil,2026-07-27T21:56:06.117Z,2026-07-27 16:56:06.117,17592,2a89d4,8gtt1h,0.7.3,fleet_logger_0_1,546210034,UMLIFE_v2_TLC555,ch1,origplant,soil_moisture,1349,,,OK,,,984.3,,name=c5off1;level=well watered;role=disp;spread=10;gpio=4;device_seq=72825;time_source=device_synced;device_timestamp_utc=2026-07-27T21:56:01.949Z;config_id=170b1c1e;rssi=-62;uptime_s=546210;heap=152672;cal_tier=board-cal;cal_src=wet_rederive_1236_20260719;pressure_context_source=weather_openmeteo;transport=wifi_poll,
plants.soil,2026-07-27T21:56:06.117Z,2026-07-27 16:56:06.117,17593,2a89d4,8gtt1h,0.7.3,fleet_logger_0_1,546210034,UMLIFE_v2_TLC555,ch2,origplant,soil_moisture,1184,,,OK,,,984.3,,name=c5off1;level=overwatered;role=disp;spread=17;gpio=5;device_seq=72826;time_source=device_synced;device_timestamp_utc=2026-07-27T21:56:01.949Z;config_id=170b1c1e;rssi=-62;uptime_s=546210;heap=152672;cal_tier=board-cal;cal_src=wet_rederive_1236_20260719;pressure_context_source=weather_openmeteo;transport=wifi_poll,
plants.soil,2026-07-27T21:56:06.117Z,2026-07-27 16:56:06.117,17594,2a89d4,8gtt1h,0.7.3,fleet_logger_0_1,546210034,UMLIFE_v2_TLC555,ch3,origplant,soil_moisture,1599,,,OK,,,984.3,,name=c5off1;level=OK;role=disp;spread=21;gpio=6;device_seq=72827;time_source=device_synced;device_timestamp_utc=2026-07-27T21:56:01.949Z;config_id=170b1c1e;rssi=-62;uptime_s=546210;heap=152672;cal_tier=board-cal;cal_src=wet_rederive_1236_20260719;pressure_context_source=weather_openmeteo;transport=wifi_poll,
plants.env,2026-07-27T21:56:06.117Z,2026-07-27 16:56:06.117,17595,2a89d4,8gtt1h,0.7.3,fleet_logger_0_1,546210718,ESP32,esp32_die,on_chip,die_temp,,24.70,degC,OK,,,,,name=c5off1;source=esp32_die;cal=uncalibrated_board_proxy;api=temperatureRead;config_id=170b1c1e;transport=wifi_poll,
plants.soil,2026-07-27T21:56:36.524Z,2026-07-27 16:56:36.524,17596,2a89d4,8gtt1h,0.7.3,fleet_logger_0_1,546240034,UMLIFE_v2_TLC555,ch0,origplant,soil_moisture,1207,,,OK,,,984.3,,name=c5off1;level=overwatered;role=disp;spread=7;gpio=1;device_seq=72828;time_source=device_synced;device_timestamp_utc=2026-07-27T21:56:31.949Z;config_id=170b1c1e;rssi=-60;uptime_s=546240;heap=152404;cal_tier=board-cal;cal_src=wet_rederive_1236_20260719;pressure_context_source=weather_openmeteo;transport=wifi_poll,
plants.soil,2026-07-27T21:56:36.524Z,2026-07-27 16:56:36.524,17597,2a89d4,8gtt1h,0.7.3,fleet_logger_0_1,546240034,UMLIFE_v2_TLC555,ch1,origplant,soil_moisture,1333,,,OK,,,984.3,,name=c5off1;level=well watered;role=disp;spread=18;gpio=4;device_seq=72829;time_source=device_synced;device_timestamp_utc=2026-07-27T21:56:31.949Z;config_id=170b1c1e;rssi=-60;uptime_s=546240;heap=152404;cal_tier=board-cal;cal_src=wet_rederive_1236_20260719;pressure_context_source=weather_openmeteo;transport=wifi_poll,
plants.soil,2026-07-27T21:56:36.524Z,2026-07-27 16:56:36.524,17598,2a89d4,8gtt1h,0.7.3,fleet_logger_0_1,546240034,UMLIFE_v2_TLC555,ch2,origplant,soil_moisture,1183,,,OK,,,984.3,,name=c5off1;level=overwatered;role=disp;spread=8;gpio=5;device_seq=72830;time_source=device_synced;device_timestamp_utc=2026-07-27T21:56:31.949Z;config_id=170b1c1e;rssi=-60;uptime_s=546240;heap=152404;cal_tier=board-cal;cal_src=wet_rederive_1236_20260719;pressure_context_source=weather_openmeteo;transport=wifi_poll,
plants.soil,2026-07-27T21:56:36.524Z,2026-07-27 16:56:36.524,17599,2a89d4,8gtt1h,0.7.3,fleet_logger_0_1,546240034,UMLIFE_v2_TLC555,ch3,origplant,soil_moisture,1584,,,OK,,,984.3,,name=c5off1;level=OK;role=disp;spread=29;gpio=6;device_seq=72831;time_source=device_synced;device_timestamp_utc=2026-07-27T21:56:31.949Z;config_id=170b1c1e;rssi=-60;uptime_s=546240;heap=152404;cal_tier=board-cal;cal_src=wet_rederive_1236_20260719;pressure_context_source=weather_openmeteo;transport=wifi_poll,
plants.env,2026-07-27T21:56:36.524Z,2026-07-27 16:56:36.524,17600,2a89d4,8gtt1h,0.7.3,fleet_logger_0_1,546240718,ESP32,esp32_die,on_chip,die_temp,,25.70,degC,OK,,,,,name=c5off1;source=esp32_die;cal=uncalibrated_board_proxy;api=temperatureRead;config_id=170b1c1e;transport=wifi_poll,
plants.soil,2026-07-27T21:57:09.264Z,2026-07-27 16:57:09.264,17601,2a89d4,8gtt1h,0.7.3,fleet_logger_0_1,546270034,UMLIFE_v2_TLC555,ch0,origplant,soil_moisture,1206,,,OK,,,984.3,,name=c5off1;level=overwatered;role=disp;spread=14;gpio=1;device_seq=72832;time_source=device_synced;device_timestamp_utc=2026-07-27T21:57:01.949Z;config_id=170b1c1e;rssi=-57;uptime_s=546270;heap=152416;cal_tier=board-cal;cal_src=wet_rederive_1236_20260719;pressure_context_source=weather_openmeteo;transport=wifi_poll,
plants.soil,2026-07-27T21:57:09.264Z,2026-07-27 16:57:09.264,17602,2a89d4,8gtt1h,0.7.3,fleet_logger_0_1,546270034,UMLIFE_v2_TLC555,ch1,origplant,soil_moisture,1331,,,OK,,,984.3,,name=c5off1;level=well watered;role=disp;spread=12;gpio=4;device_seq=72833;time_source=device_synced;device_timestamp_utc=2026-07-27T21:57:01.949Z;config_id=170b1c1e;rssi=-57;uptime_s=546270;heap=152416;cal_tier=board-cal;cal_src=wet_rederive_1236_20260719;pressure_context_source=weather_openmeteo;transport=wifi_poll,
plants.soil,2026-07-27T21:57:09.264Z,2026-07-27 16:57:09.264,17603,2a89d4,8gtt1h,0.7.3,fleet_logger_0_1,546270034,UMLIFE_v2_TLC555,ch2,origplant,soil_moisture,1183,,,OK,,,984.3,,name=c5off1;level=overwatered;role=disp;spread=13;gpio=5;device_seq=72834;time_source=device_synced;device_timestamp_utc=2026-07-27T21:57:01.949Z;config_id=170b1c1e;rssi=-57;uptime_s=546270;heap=152416;cal_tier=board-cal;cal_src=wet_rederive_1236_20260719;pressure_context_source=weather_openmeteo;transport=wifi_poll,
plants.soil,2026-07-27T21:57:09.264Z,2026-07-27 16:57:09.264,17604,2a89d4,8gtt1h,0.7.3,fleet_logger_0_1,546270034,UMLIFE_v2_TLC555,ch3,origplant,soil_moisture,1579,,,OK,,,984.3,,name=c5off1;level=OK;role=disp;spread=20;gpio=6;device_seq=72835;time_source=device_synced;device_timestamp_utc=2026-07-27T21:57:01.949Z;config_id=170b1c1e;rssi=-57;uptime_s=546270;heap=152416;cal_tier=board-cal;cal_src=wet_rederive_1236_20260719;pressure_context_source=weather_openmeteo;transport=wifi_poll,
plants.env,2026-07-27T21:57:09.264Z,2026-07-27 16:57:09.264,17605,2a89d4,8gtt1h,0.7.3,fleet_logger_0_1,546270718,ESP32,esp32_die,on_chip,die_temp,,25.70,degC,OK,,,,,name=c5off1;source=esp32_die;cal=uncalibrated_board_proxy;api=temperatureRead;config_id=170b1c1e;transport=wifi_poll,
plants.soil,2026-07-27T21:57:39.677Z,2026-07-27 16:57:39.677,17606,2a89d4,8gtt1h,0.7.3,fleet_logger_0_1,546300034,UMLIFE_v2_TLC555,ch0,origplant,soil_moisture,1207,,,OK,,,984.3,,name=c5off1;level=overwatered;role=disp;spread=16;gpio=1;device_seq=72836;time_source=device_synced;device_timestamp_utc=2026-07-27T21:57:31.949Z;config_id=170b1c1e;rssi=-60;uptime_s=546300;heap=152672;cal_tier=board-cal;cal_src=wet_rederive_1236_20260719;pressure_context_source=weather_openmeteo;transport=wifi_poll,
plants.soil,2026-07-27T21:57:39.677Z,2026-07-27 16:57:39.677,17607,2a89d4,8gtt1h,0.7.3,fleet_logger_0_1,546300034,UMLIFE_v2_TLC555,ch1,origplant,soil_moisture,1332,,,OK,,,984.3,,name=c5off1;level=well watered;role=disp;spread=13;gpio=4;device_seq=72837;time_source=device_synced;device_timestamp_utc=2026-07-27T21:57:31.949Z;config_id=170b1c1e;rssi=-60;uptime_s=546300;heap=152672;cal_tier=board-cal;cal_src=wet_rederive_1236_20260719;pressure_context_source=weather_openmeteo;transport=wifi_poll,
plants.soil,2026-07-27T21:57:39.677Z,2026-07-27 16:57:39.677,17608,2a89d4,8gtt1h,0.7.3,fleet_logger_0_1,546300034,UMLIFE_v2_TLC555,ch2,origplant,soil_moisture,1184,,,OK,,,984.3,,name=c5off1;level=overwatered;role=disp;spread=11;gpio=5;device_seq=72838;time_source=device_synced;device_timestamp_utc=2026-07-27T21:57:31.949Z;config_id=170b1c1e;rssi=-60;uptime_s=546300;heap=152672;cal_tier=board-cal;cal_src=wet_rederive_1236_20260719;pressure_context_source=weather_openmeteo;transport=wifi_poll,
plants.soil,2026-07-27T21:57:39.677Z,2026-07-27 16:57:39.677,17609,2a89d4,8gtt1h,0.7.3,fleet_logger_0_1,546300034,UMLIFE_v2_TLC555,ch3,origplant,soil_moisture,1594,,,OK,,,984.3,,name=c5off1;level=OK;role=disp;spread=16;gpio=6;device_seq=72839;time_source=device_synced;device_timestamp_utc=2026-07-27T21:57:31.949Z;config_id=170b1c1e;rssi=-60;uptime_s=546300;heap=152672;cal_tier=board-cal;cal_src=wet_rederive_1236_20260719;pressure_context_source=weather_openmeteo;transport=wifi_poll,
plants.env,2026-07-27T21:57:39.677Z,2026-07-27 16:57:39.677,17610,2a89d4,8gtt1h,0.7.3,fleet_logger_0_1,546300718,ESP32,esp32_die,on_chip,die_temp,,24.70,degC,OK,,,,,name=c5off1;source=esp32_die;cal=uncalibrated_board_proxy;api=temperatureRead;config_id=170b1c1e;transport=wifi_poll,
plants.soil,2026-07-27T21:58:10.004Z,2026-07-27 16:58:10.004,17611,2a89d4,8gtt1h,0.7.3,fleet_logger_0_1,546330034,UMLIFE_v2_TLC555,ch0,origplant,soil_moisture,1210,,,OK,,,984.3,,name=c5off1;level=overwatered;role=disp;spread=8;gpio=1;device_seq=72840;time_source=device_synced;device_timestamp_utc=2026-07-27T21:58:01.949Z;config_id=170b1c1e;rssi=-59;uptime_s=546330;heap=152672;cal_tier=board-cal;cal_src=wet_rederive_1236_20260719;pressure_context_source=weather_openmeteo;transport=wifi_poll,
plants.soil,2026-07-27T21:58:10.004Z,2026-07-27 16:58:10.004,17612,2a89d4,8gtt1h,0.7.3,fleet_logger_0_1,546330034,UMLIFE_v2_TLC555,ch1,origplant,soil_moisture,1345,,,OK,,,984.3,,name=c5off1;level=well watered;role=disp;spread=12;gpio=4;device_seq=72841;time_source=device_synced;device_timestamp_utc=2026-07-27T21:58:01.949Z;config_id=170b1c1e;rssi=-59;uptime_s=546330;heap=152672;cal_tier=board-cal;cal_src=wet_rederive_1236_20260719;pressure_context_source=weather_openmeteo;transport=wifi_poll,
plants.soil,2026-07-27T21:58:10.004Z,2026-07-27 16:58:10.004,17613,2a89d4,8gtt1h,0.7.3,fleet_logger_0_1,546330034,UMLIFE_v2_TLC555,ch2,origplant,soil_moisture,1185,,,OK,,,984.3,,name=c5off1;level=overwatered;role=disp;spread=7;gpio=5;device_seq=72842;time_source=device_synced;device_timestamp_utc=2026-07-27T21:58:01.949Z;config_id=170b1c1e;rssi=-59;uptime_s=546330;heap=152672;cal_tier=board-cal;cal_src=wet_rederive_1236_20260719;pressure_context_source=weather_openmeteo;transport=wifi_poll,
plants.soil,2026-07-27T21:58:10.004Z,2026-07-27 16:58:10.004,17614,2a89d4,8gtt1h,0.7.3,fleet_logger_0_1,546330034,UMLIFE_v2_TLC555,ch3,origplant,soil_moisture,1596,,,OK,,,984.3,,name=c5off1;level=OK;role=disp;spread=12;gpio=6;device_seq=72843;time_source=device_synced;device_timestamp_utc=2026-07-27T21:58:01.949Z;config_id=170b1c1e;rssi=-59;uptime_s=546330;heap=152672;cal_tier=board-cal;cal_src=wet_rederive_1236_20260719;pressure_context_source=weather_openmeteo;transport=wifi_poll,
plants.env,2026-07-27T21:58:10.004Z,2026-07-27 16:58:10.004,17615,2a89d4,8gtt1h,0.7.3,fleet_logger_0_1,546330718,ESP32,esp32_die,on_chip,die_temp,,24.70,degC,OK,,,,,name=c5off1;source=esp32_die;cal=uncalibrated_board_proxy;api=temperatureRead;config_id=170b1c1e;transport=wifi_poll,
plants.soil,2026-07-27T21:58:40.327Z,2026-07-27 16:58:40.327,17616,2a89d4,8gtt1h,0.7.3,fleet_logger_0_1,546360034,UMLIFE_v2_TLC555,ch0,origplant,soil_moisture,1208,,,OK,,,984.3,,name=c5off1;level=overwatered;role=disp;spread=14;gpio=1;device_seq=72844;time_source=device_synced;device_timestamp_utc=2026-07-27T21:58:31.949Z;config_id=170b1c1e;rssi=-59;uptime_s=546360;heap=152672;cal_tier=board-cal;cal_src=wet_rederive_1236_20260719;pressure_context_source=weather_openmeteo;transport=wifi_poll,
plants.soil,2026-07-27T21:58:40.327Z,2026-07-27 16:58:40.327,17617,2a89d4,8gtt1h,0.7.3,fleet_logger_0_1,546360034,UMLIFE_v2_TLC555,ch1,origplant,soil_moisture,1334,,,OK,,,984.3,,name=c5off1;level=well watered;role=disp;spread=14;gpio=4;device_seq=72845;time_source=device_synced;device_timestamp_utc=2026-07-27T21:58:31.949Z;config_id=170b1c1e;rssi=-59;uptime_s=546360;heap=152672;cal_tier=board-cal;cal_src=wet_rederive_1236_20260719;pressure_context_source=weather_openmeteo;transport=wifi_poll,
plants.soil,2026-07-27T21:58:40.327Z,2026-07-27 16:58:40.327,17618,2a89d4,8gtt1h,0.7.3,fleet_logger_0_1,546360034,UMLIFE_v2_TLC555,ch2,origplant,soil_moisture,1183,,,OK,,,984.3,,name=c5off1;level=overwatered;role=disp;spread=8;gpio=5;device_seq=72846;time_source=device_synced;device_timestamp_utc=2026-07-27T21:58:31.949Z;config_id=170b1c1e;rssi=-59;uptime_s=546360;heap=152672;cal_tier=board-cal;cal_src=wet_rederive_1236_20260719;pressure_context_source=weather_openmeteo;transport=wifi_poll,
plants.soil,2026-07-27T21:58:40.327Z,2026-07-27 16:58:40.327,17619,2a89d4,8gtt1h,0.7.3,fleet_logger_0_1,546360034,UMLIFE_v2_TLC555,ch3,origplant,soil_moisture,1583,,,OK,,,984.3,,name=c5off1;level=OK;role=disp;spread=15;gpio=6;device_seq=72847;time_source=device_synced;device_timestamp_utc=2026-07-27T21:58:31.949Z;config_id=170b1c1e;rssi=-59;uptime_s=546360;heap=152672;cal_tier=board-cal;cal_src=wet_rederive_1236_20260719;pressure_context_source=weather_openmeteo;transport=wifi_poll,
plants.env,2026-07-27T21:58:40.327Z,2026-07-27 16:58:40.327,17620,2a89d4,8gtt1h,0.7.3,fleet_logger_0_1,546360718,ESP32,esp32_die,on_chip,die_temp,,24.70,degC,OK,,,,,name=c5off1;source=esp32_die;cal=uncalibrated_board_proxy;api=temperatureRead;config_id=170b1c1e;transport=wifi_poll,
plants.soil,2026-07-27T21:59:10.603Z,2026-07-27 16:59:10.603,17621,2a89d4,8gtt1h,0.7.3,fleet_logger_0_1,546390034,UMLIFE_v2_TLC555,ch0,origplant,soil_moisture,1210,,,OK,,,984.3,,name=c5off1;level=overwatered;role=disp;spread=15;gpio=1;device_seq=72848;time_source=device_synced;device_timestamp_utc=2026-07-27T21:59:01.949Z;config_id=170b1c1e;rssi=-60;uptime_s=546390;heap=152672;cal_tier=board-cal;cal_src=wet_rederive_1236_20260719;pressure_context_source=weather_openmeteo;transport=wifi_poll,
plants.soil,2026-07-27T21:59:10.603Z,2026-07-27 16:59:10.603,17622,2a89d4,8gtt1h,0.7.3,fleet_logger_0_1,546390034,UMLIFE_v2_TLC555,ch1,origplant,soil_moisture,1333,,,OK,,,984.3,,name=c5off1;level=well watered;role=disp;spread=19;gpio=4;device_seq=72849;time_source=device_synced;device_timestamp_utc=2026-07-27T21:59:01.949Z;config_id=170b1c1e;rssi=-60;uptime_s=546390;heap=152672;cal_tier=board-cal;cal_src=wet_rederive_1236_20260719;pressure_context_source=weather_openmeteo;transport=wifi_poll,
plants.soil,2026-07-27T21:59:10.603Z,2026-07-27 16:59:10.603,17623,2a89d4,8gtt1h,0.7.3,fleet_logger_0_1,546390034,UMLIFE_v2_TLC555,ch2,origplant,soil_moisture,1184,,,OK,,,984.3,,name=c5off1;level=overwatered;role=disp;spread=24;gpio=5;device_seq=72850;time_source=device_synced;device_timestamp_utc=2026-07-27T21:59:01.949Z;config_id=170b1c1e;rssi=-60;uptime_s=546390;heap=152672;cal_tier=board-cal;cal_src=wet_rederive_1236_20260719;pressure_context_source=weather_openmeteo;transport=wifi_poll,
plants.soil,2026-07-27T21:59:10.603Z,2026-07-27 16:59:10.603,17624,2a89d4,8gtt1h,0.7.3,fleet_logger_0_1,546390034,UMLIFE_v2_TLC555,ch3,origplant,soil_moisture,1590,,,OK,,,984.3,,name=c5off1;level=OK;role=disp;spread=7;gpio=6;device_seq=72851;time_source=device_synced;device_timestamp_utc=2026-07-27T21:59:01.949Z;config_id=170b1c1e;rssi=-60;uptime_s=546390;heap=152672;cal_tier=board-cal;cal_src=wet_rederive_1236_20260719;pressure_context_source=weather_openmeteo;transport=wifi_poll,
plants.env,2026-07-27T21:59:10.603Z,2026-07-27 16:59:10.603,17625,2a89d4,8gtt1h,0.7.3,fleet_logger_0_1,546390718,ESP32,esp32_die,on_chip,die_temp,,24.70,degC,OK,,,,,name=c5off1;source=esp32_die;cal=uncalibrated_board_proxy;api=temperatureRead;config_id=170b1c1e;transport=wifi_poll,
plants.soil,2026-07-27T21:59:40.813Z,2026-07-27 16:59:40.813,17626,2a89d4,8gtt1h,0.7.3,fleet_logger_0_1,546420034,UMLIFE_v2_TLC555,ch0,origplant,soil_moisture,1212,,,OK,,,984.3,,name=c5off1;level=overwatered;role=disp;spread=17;gpio=1;device_seq=72852;time_source=device_synced;device_timestamp_utc=2026-07-27T21:59:31.949Z;config_id=170b1c1e;rssi=-60;uptime_s=546420;heap=152416;cal_tier=board-cal;cal_src=wet_rederive_1236_20260719;pressure_context_source=weather_openmeteo;transport=wifi_poll,
plants.soil,2026-07-27T21:59:40.813Z,2026-07-27 16:59:40.813,17627,2a89d4,8gtt1h,0.7.3,fleet_logger_0_1,546420034,UMLIFE_v2_TLC555,ch1,origplant,soil_moisture,1334,,,OK,,,984.3,,name=c5off1;level=well watered;role=disp;spread=13;gpio=4;device_seq=72853;time_source=device_synced;device_timestamp_utc=2026-07-27T21:59:31.949Z;config_id=170b1c1e;rssi=-60;uptime_s=546420;heap=152416;cal_tier=board-cal;cal_src=wet_rederive_1236_20260719;pressure_context_source=weather_openmeteo;transport=wifi_poll,
plants.soil,2026-07-27T21:59:40.813Z,2026-07-27 16:59:40.813,17628,2a89d4,8gtt1h,0.7.3,fleet_logger_0_1,546420034,UMLIFE_v2_TLC555,ch2,origplant,soil_moisture,1183,,,OK,,,984.3,,name=c5off1;level=overwatered;role=disp;spread=22;gpio=5;device_seq=72854;time_source=device_synced;device_timestamp_utc=2026-07-27T21:59:31.949Z;config_id=170b1c1e;rssi=-60;uptime_s=546420;heap=152416;cal_tier=board-cal;cal_src=wet_rederive_1236_20260719;pressure_context_source=weather_openmeteo;transport=wifi_poll,
plants.soil,2026-07-27T21:59:40.813Z,2026-07-27 16:59:40.813,17629,2a89d4,8gtt1h,0.7.3,fleet_logger_0_1,546420034,UMLIFE_v2_TLC555,ch3,origplant,soil_moisture,1580,,,OK,,,984.3,,name=c5off1;level=OK;role=disp;spread=29;gpio=6;device_seq=72855;time_source=device_synced;device_timestamp_utc=2026-07-27T21:59:31.949Z;config_id=170b1c1e;rssi=-60;uptime_s=546420;heap=152416;cal_tier=board-cal;cal_src=wet_rederive_1236_20260719;pressure_context_source=weather_openmeteo;transport=wifi_poll,
plants.env,2026-07-27T21:59:40.813Z,2026-07-27 16:59:40.813,17630,2a89d4,8gtt1h,0.7.3,fleet_logger_0_1,546420718,ESP32,esp32_die,on_chip,die_temp,,24.70,degC,OK,,,,,name=c5off1;source=esp32_die;cal=uncalibrated_board_proxy;api=temperatureRead;config_id=170b1c1e;transport=wifi_poll,
plants.soil,2026-07-27T22:00:11.033Z,2026-07-27 17:00:11.033,17631,2a89d4,8gtt1h,0.7.3,fleet_logger_0_1,546450034,UMLIFE_v2_TLC555,ch0,origplant,soil_moisture,1223,,,OK,,,984.3,,name=c5off1;level=overwatered;role=disp;spread=10;gpio=1;device_seq=72856;time_source=device_synced;device_timestamp_utc=2026-07-27T22:00:01.949Z;config_id=170b1c1e;rssi=-56;uptime_s=546450;heap=152416;cal_tier=board-cal;cal_src=wet_rederive_1236_20260719;pressure_context_source=weather_openmeteo;transport=wifi_poll,
plants.soil,2026-07-27T22:00:11.033Z,2026-07-27 17:00:11.033,17632,2a89d4,8gtt1h,0.7.3,fleet_logger_0_1,546450034,UMLIFE_v2_TLC555,ch1,origplant,soil_moisture,1339,,,OK,,,984.3,,name=c5off1;level=well watered;role=disp;spread=19;gpio=4;device_seq=72857;time_source=device_synced;device_timestamp_utc=2026-07-27T22:00:01.949Z;config_id=170b1c1e;rssi=-56;uptime_s=546450;heap=152416;cal_tier=board-cal;cal_src=wet_rederive_1236_20260719;pressure_context_source=weather_openmeteo;transport=wifi_poll,
plants.soil,2026-07-27T22:00:11.033Z,2026-07-27 17:00:11.033,17633,2a89d4,8gtt1h,0.7.3,fleet_logger_0_1,546450034,UMLIFE_v2_TLC555,ch2,origplant,soil_moisture,1184,,,OK,,,984.3,,name=c5off1;level=overwatered;role=disp;spread=25;gpio=5;device_seq=72858;time_source=device_synced;device_timestamp_utc=2026-07-27T22:00:01.949Z;config_id=170b1c1e;rssi=-56;uptime_s=546450;heap=152416;cal_tier=board-cal;cal_src=wet_rederive_1236_20260719;pressure_context_source=weather_openmeteo;transport=wifi_poll,
plants.soil,2026-07-27T22:00:11.033Z,2026-07-27 17:00:11.033,17634,2a89d4,8gtt1h,0.7.3,fleet_logger_0_1,546450034,UMLIFE_v2_TLC555,ch3,origplant,soil_moisture,1586,,,OK,,,984.3,,name=c5off1;level=OK;role=disp;spread=38;gpio=6;device_seq=72859;time_source=device_synced;device_timestamp_utc=2026-07-27T22:00:01.949Z;config_id=170b1c1e;rssi=-56;uptime_s=546450;heap=152416;cal_tier=board-cal;cal_src=wet_rederive_1236_20260719;pressure_context_source=weather_openmeteo;transport=wifi_poll,
plants.env,2026-07-27T22:00:11.033Z,2026-07-27 17:00:11.033,17635,2a89d4,8gtt1h,0.7.3,fleet_logger_0_1,546450718,ESP32,esp32_die,on_chip,die_temp,,24.70,degC,OK,,,,,name=c5off1;source=esp32_die;cal=uncalibrated_board_proxy;api=temperatureRead;config_id=170b1c1e;transport=wifi_poll,
plants.soil,2026-07-27T22:00:41.734Z,2026-07-27 17:00:41.734,17636,2a89d4,8gtt1h,0.7.3,fleet_logger_0_1,546480034,UMLIFE_v2_TLC555,ch0,origplant,soil_moisture,1226,,,OK,,,984.3,,name=c5off1;level=overwatered;role=disp;spread=16;gpio=1;device_seq=72860;time_source=device_synced;device_timestamp_utc=2026-07-27T22:00:31.949Z;config_id=170b1c1e;rssi=-56;uptime_s=546480;heap=152672;cal_tier=board-cal;cal_src=wet_rederive_1236_20260719;pressure_context_source=weather_openmeteo;transport=wifi_poll,
plants.soil,2026-07-27T22:00:41.734Z,2026-07-27 17:00:41.734,17637,2a89d4,8gtt1h,0.7.3,fleet_logger_0_1,546480034,UMLIFE_v2_TLC555,ch1,origplant,soil_moisture,1347,,,OK,,,984.3,,name=c5off1;level=well watered;role=disp;spread=8;gpio=4;device_seq=72861;time_source=device_synced;device_timestamp_utc=2026-07-27T22:00:31.949Z;config_id=170b1c1e;rssi=-56;uptime_s=546480;heap=152672;cal_tier=board-cal;cal_src=wet_rederive_1236_20260719;pressure_context_source=weather_openmeteo;transport=wifi_poll,
plants.soil,2026-07-27T22:00:41.734Z,2026-07-27 17:00:41.734,17638,2a89d4,8gtt1h,0.7.3,fleet_logger_0_1,546480034,UMLIFE_v2_TLC555,ch2,origplant,soil_moisture,1186,,,OK,,,984.3,,name=c5off1;level=overwatered;role=disp;spread=19;gpio=5;device_seq=72862;time_source=device_synced;device_timestamp_utc=2026-07-27T22:00:31.949Z;config_id=170b1c1e;rssi=-56;uptime_s=546480;heap=152672;cal_tier=board-cal;cal_src=wet_rederive_1236_20260719;pressure_context_source=weather_openmeteo;transport=wifi_poll,
plants.soil,2026-07-27T22:00:41.734Z,2026-07-27 17:00:41.734,17639,2a89d4,8gtt1h,0.7.3,fleet_logger_0_1,546480034,UMLIFE_v2_TLC555,ch3,origplant,soil_moisture,1581,,,OK,,,984.3,,name=c5off1;level=OK;role=disp;spread=21;gpio=6;device_seq=72863;time_source=device_synced;device_timestamp_utc=2026-07-27T22:00:31.949Z;config_id=170b1c1e;rssi=-56;uptime_s=546480;heap=152672;cal_tier=board-cal;cal_src=wet_rederive_1236_20260719;pressure_context_source=weather_openmeteo;transport=wifi_poll,
plants.env,2026-07-27T22:00:41.734Z,2026-07-27 17:00:41.734,17640,2a89d4,8gtt1h,0.7.3,fleet_logger_0_1,546480718,ESP32,esp32_die,on_chip,die_temp,,24.70,degC,OK,,,,,name=c5off1;source=esp32_die;cal=uncalibrated_board_proxy;api=temperatureRead;config_id=170b1c1e;transport=wifi_poll,
plants.soil,2026-07-27T22:01:11.954Z,2026-07-27 17:01:11.954,17641,2a89d4,8gtt1h,0.7.3,fleet_logger_0_1,546510034,UMLIFE_v2_TLC555,ch0,origplant,soil_moisture,1223,,,OK,,,984.3,,name=c5off1;level=overwatered;role=disp;spread=15;gpio=1;device_seq=72864;time_source=device_synced;device_timestamp_utc=2026-07-27T22:01:01.949Z;config_id=170b1c1e;rssi=-58;uptime_s=546510;heap=152624;cal_tier=board-cal;cal_src=wet_rederive_1236_20260719;pressure_context_source=weather_openmeteo;transport=wifi_poll,
plants.soil,2026-07-27T22:01:11.954Z,2026-07-27 17:01:11.954,17642,2a89d4,8gtt1h,0.7.3,fleet_logger_0_1,546510034,UMLIFE_v2_TLC555,ch1,origplant,soil_moisture,1353,,,OK,,,984.3,,name=c5off1;level=well watered;role=disp;spread=8;gpio=4;device_seq=72865;time_source=device_synced;device_timestamp_utc=2026-07-27T22:01:01.949Z;config_id=170b1c1e;rssi=-58;uptime_s=546510;heap=152624;cal_tier=board-cal;cal_src=wet_rederive_1236_20260719;pressure_context_source=weather_openmeteo;transport=wifi_poll,
plants.soil,2026-07-27T22:01:11.954Z,2026-07-27 17:01:11.954,17643,2a89d4,8gtt1h,0.7.3,fleet_logger_0_1,546510034,UMLIFE_v2_TLC555,ch2,origplant,soil_moisture,1186,,,OK,,,984.3,,name=c5off1;level=overwatered;role=disp;spread=11;gpio=5;device_seq=72866;time_source=device_synced;device_timestamp_utc=2026-07-27T22:01:01.949Z;config_id=170b1c1e;rssi=-58;uptime_s=546510;heap=152624;cal_tier=board-cal;cal_src=wet_rederive_1236_20260719;pressure_context_source=weather_openmeteo;transport=wifi_poll,
plants.soil,2026-07-27T22:01:11.954Z,2026-07-27 17:01:11.954,17644,2a89d4,8gtt1h,0.7.3,fleet_logger_0_1,546510034,UMLIFE_v2_TLC555,ch3,origplant,soil_moisture,1588,,,OK,,,984.3,,name=c5off1;level=OK;role=disp;spread=17;gpio=6;device_seq=72867;time_source=device_synced;device_timestamp_utc=2026-07-27T22:01:01.949Z;config_id=170b1c1e;rssi=-58;uptime_s=546510;heap=152624;cal_tier=board-cal;cal_src=wet_rederive_1236_20260719;pressure_context_source=weather_openmeteo;transport=wifi_poll,
plants.env,2026-07-27T22:01:11.954Z,2026-07-27 17:01:11.954,17645,2a89d4,8gtt1h,0.7.3,fleet_logger_0_1,546510718,ESP32,esp32_die,on_chip,die_temp,,24.70,degC,OK,,,,,name=c5off1;source=esp32_die;cal=uncalibrated_board_proxy;api=temperatureRead;config_id=170b1c1e;transport=wifi_poll,
plants.soil,2026-07-27T22:01:42.179Z,2026-07-27 17:01:42.179,17646,2a89d4,8gtt1h,0.7.3,fleet_logger_0_1,546540034,UMLIFE_v2_TLC555,ch0,origplant,soil_moisture,1223,,,OK,,,984.3,,name=c5off1;level=overwatered;role=disp;spread=22;gpio=1;device_seq=72868;time_source=device_synced;device_timestamp_utc=2026-07-27T22:01:31.949Z;config_id=170b1c1e;rssi=-58;uptime_s=546540;heap=152624;cal_tier=board-cal;cal_src=wet_rederive_1236_20260719;pressure_context_source=weather_openmeteo;transport=wifi_poll,
plants.soil,2026-07-27T22:01:42.179Z,2026-07-27 17:01:42.179,17647,2a89d4,8gtt1h,0.7.3,fleet_logger_0_1,546540034,UMLIFE_v2_TLC555,ch1,origplant,soil_moisture,1351,,,OK,,,984.3,,name=c5off1;level=well watered;role=disp;spread=12;gpio=4;device_seq=72869;time_source=device_synced;device_timestamp_utc=2026-07-27T22:01:31.949Z;config_id=170b1c1e;rssi=-58;uptime_s=546540;heap=152624;cal_tier=board-cal;cal_src=wet_rederive_1236_20260719;pressure_context_source=weather_openmeteo;transport=wifi_poll,
plants.soil,2026-07-27T22:01:42.179Z,2026-07-27 17:01:42.179,17648,2a89d4,8gtt1h,0.7.3,fleet_logger_0_1,546540034,UMLIFE_v2_TLC555,ch2,origplant,soil_moisture,1185,,,OK,,,984.3,,name=c5off1;level=overwatered;role=disp;spread=12;gpio=5;device_seq=72870;time_source=device_synced;device_timestamp_utc=2026-07-27T22:01:31.949Z;config_id=170b1c1e;rssi=-58;uptime_s=546540;heap=152624;cal_tier=board-cal;cal_src=wet_rederive_1236_20260719;pressure_context_source=weather_openmeteo;transport=wifi_poll,
plants.soil,2026-07-27T22:01:42.179Z,2026-07-27 17:01:42.179,17649,2a89d4,8gtt1h,0.7.3,fleet_logger_0_1,546540034,UMLIFE_v2_TLC555,ch3,origplant,soil_moisture,1593,,,OK,,,984.3,,name=c5off1;level=OK;role=disp;spread=32;gpio=6;device_seq=72871;time_source=device_synced;device_timestamp_utc=2026-07-27T22:01:31.949Z;config_id=170b1c1e;rssi=-58;uptime_s=546540;heap=152624;cal_tier=board-cal;cal_src=wet_rederive_1236_20260719;pressure_context_source=weather_openmeteo;transport=wifi_poll,
plants.env,2026-07-27T22:01:42.179Z,2026-07-27 17:01:42.179,17650,2a89d4,8gtt1h,0.7.3,fleet_logger_0_1,546540718,ESP32,esp32_die,on_chip,die_temp,,24.70,degC,OK,,,,,name=c5off1;source=esp32_die;cal=uncalibrated_board_proxy;api=temperatureRead;config_id=170b1c1e;transport=wifi_poll,
plants.soil,2026-07-27T22:02:12.670Z,2026-07-27 17:02:12.670,17651,2a89d4,8gtt1h,0.7.3,fleet_logger_0_1,546570034,UMLIFE_v2_TLC555,ch0,origplant,soil_moisture,1224,,,OK,,,984.3,,name=c5off1;level=overwatered;role=disp;spread=14;gpio=1;device_seq=72872;time_source=device_synced;device_timestamp_utc=2026-07-27T22:02:01.949Z;config_id=170b1c1e;rssi=-57;uptime_s=546570;heap=152624;cal_tier=board-cal;cal_src=wet_rederive_1236_20260719;pressure_context_source=weather_openmeteo;transport=wifi_poll,
plants.soil,2026-07-27T22:02:12.670Z,2026-07-27 17:02:12.670,17652,2a89d4,8gtt1h,0.7.3,fleet_logger_0_1,546570034,UMLIFE_v2_TLC555,ch1,origplant,soil_moisture,1353,,,OK,,,984.3,,name=c5off1;level=well watered;role=disp;spread=21;gpio=4;device_seq=72873;time_source=device_synced;device_timestamp_utc=2026-07-27T22:02:01.949Z;config_id=170b1c1e;rssi=-57;uptime_s=546570;heap=152624;cal_tier=board-cal;cal_src=wet_rederive_1236_20260719;pressure_context_source=weather_openmeteo;transport=wifi_poll,
plants.soil,2026-07-27T22:02:12.670Z,2026-07-27 17:02:12.670,17653,2a89d4,8gtt1h,0.7.3,fleet_logger_0_1,546570034,UMLIFE_v2_TLC555,ch2,origplant,soil_moisture,1185,,,OK,,,984.3,,name=c5off1;level=overwatered;role=disp;spread=10;gpio=5;device_seq=72874;time_source=device_synced;device_timestamp_utc=2026-07-27T22:02:01.949Z;config_id=170b1c1e;rssi=-57;uptime_s=546570;heap=152624;cal_tier=board-cal;cal_src=wet_rederive_1236_20260719;pressure_context_source=weather_openmeteo;transport=wifi_poll,
plants.soil,2026-07-27T22:02:12.670Z,2026-07-27 17:02:12.670,17654,2a89d4,8gtt1h,0.7.3,fleet_logger_0_1,546570034,UMLIFE_v2_TLC555,ch3,origplant,soil_moisture,1598,,,OK,,,984.3,,name=c5off1;level=OK;role=disp;spread=29;gpio=6;device_seq=72875;time_source=device_synced;device_timestamp_utc=2026-07-27T22:02:01.949Z;config_id=170b1c1e;rssi=-57;uptime_s=546570;heap=152624;cal_tier=board-cal;cal_src=wet_rederive_1236_20260719;pressure_context_source=weather_openmeteo;transport=wifi_poll,
plants.env,2026-07-27T22:02:12.670Z,2026-07-27 17:02:12.670,17655,2a89d4,8gtt1h,0.7.3,fleet_logger_0_1,546570718,ESP32,esp32_die,on_chip,die_temp,,24.70,degC,OK,,,,,name=c5off1;source=esp32_die;cal=uncalibrated_board_proxy;api=temperatureRead;config_id=170b1c1e;transport=wifi_poll,
plants.soil,2026-07-27T22:02:43.200Z,2026-07-27 17:02:43.200,17656,2a89d4,8gtt1h,0.7.3,fleet_logger_0_1,546600034,UMLIFE_v2_TLC555,ch0,origplant,soil_moisture,1224,,,OK,,,984.3,,name=c5off1;level=overwatered;role=disp;spread=9;gpio=1;device_seq=72876;time_source=device_synced;device_timestamp_utc=2026-07-27T22:02:31.949Z;config_id=170b1c1e;rssi=-57;uptime_s=546600;heap=152360;cal_tier=board-cal;cal_src=wet_rederive_1236_20260719;pressure_context_source=weather_openmeteo;transport=wifi_poll,
plants.soil,2026-07-27T22:02:43.200Z,2026-07-27 17:02:43.200,17657,2a89d4,8gtt1h,0.7.3,fleet_logger_0_1,546600034,UMLIFE_v2_TLC555,ch1,origplant,soil_moisture,1352,,,OK,,,984.3,,name=c5off1;level=well watered;role=disp;spread=11;gpio=4;device_seq=72877;time_source=device_synced;device_timestamp_utc=2026-07-27T22:02:31.949Z;config_id=170b1c1e;rssi=-57;uptime_s=546600;heap=152360;cal_tier=board-cal;cal_src=wet_rederive_1236_20260719;pressure_context_source=weather_openmeteo;transport=wifi_poll,
plants.soil,2026-07-27T22:02:43.200Z,2026-07-27 17:02:43.200,17658,2a89d4,8gtt1h,0.7.3,fleet_logger_0_1,546600034,UMLIFE_v2_TLC555,ch2,origplant,soil_moisture,1185,,,OK,,,984.3,,name=c5off1;level=overwatered;role=disp;spread=11;gpio=5;device_seq=72878;time_source=device_synced;device_timestamp_utc=2026-07-27T22:02:31.949Z;config_id=170b1c1e;rssi=-57;uptime_s=546600;heap=152360;cal_tier=board-cal;cal_src=wet_rederive_1236_20260719;pressure_context_source=weather_openmeteo;transport=wifi_poll,
plants.soil,2026-07-27T22:02:43.200Z,2026-07-27 17:02:43.200,17659,2a89d4,8gtt1h,0.7.3,fleet_logger_0_1,546600034,UMLIFE_v2_TLC555,ch3,origplant,soil_moisture,1599,,,OK,,,984.3,,name=c5off1;level=OK;role=disp;spread=24;gpio=6;device_seq=72879;time_source=device_synced;device_timestamp_utc=2026-07-27T22:02:31.949Z;config_id=170b1c1e;rssi=-57;uptime_s=546600;heap=152360;cal_tier=board-cal;cal_src=wet_rederive_1236_20260719;pressure_context_source=weather_openmeteo;transport=wifi_poll,
plants.env,2026-07-27T22:02:43.200Z,2026-07-27 17:02:43.200,17660,2a89d4,8gtt1h,0.7.3,fleet_logger_0_1,546601818,ESP32,esp32_die,on_chip,die_temp,,24.70,degC,OK,,,,,name=c5off1;source=esp32_die;cal=uncalibrated_board_proxy;api=temperatureRead;config_id=170b1c1e;transport=wifi_poll,
plants.soil,2026-07-27T22:03:13.716Z,2026-07-27 17:03:13.716,17661,2a89d4,8gtt1h,0.7.3,fleet_logger_0_1,546630034,UMLIFE_v2_TLC555,ch0,origplant,soil_moisture,1223,,,OK,,,984.3,,name=c5off1;level=overwatered;role=disp;spread=21;gpio=1;device_seq=72880;time_source=device_synced;device_timestamp_utc=2026-07-27T22:03:01.949Z;config_id=170b1c1e;rssi=-60;uptime_s=546630;heap=152408;cal_tier=board-cal;cal_src=wet_rederive_1236_20260719;pressure_context_source=weather_openmeteo;transport=wifi_poll,
plants.soil,2026-07-27T22:03:13.716Z,2026-07-27 17:03:13.716,17662,2a89d4,8gtt1h,0.7.3,fleet_logger_0_1,546630034,UMLIFE_v2_TLC555,ch1,origplant,soil_moisture,1352,,,OK,,,984.3,,name=c5off1;level=well watered;role=disp;spread=13;gpio=4;device_seq=72881;time_source=device_synced;device_timestamp_utc=2026-07-27T22:03:01.949Z;config_id=170b1c1e;rssi=-60;uptime_s=546630;heap=152408;cal_tier=board-cal;cal_src=wet_rederive_1236_20260719;pressure_context_source=weather_openmeteo;transport=wifi_poll,
plants.soil,2026-07-27T22:03:13.716Z,2026-07-27 17:03:13.716,17663,2a89d4,8gtt1h,0.7.3,fleet_logger_0_1,546630034,UMLIFE_v2_TLC555,ch2,origplant,soil_moisture,1186,,,OK,,,984.3,,name=c5off1;level=overwatered;role=disp;spread=6;gpio=5;device_seq=72882;time_source=device_synced;device_timestamp_utc=2026-07-27T22:03:01.949Z;config_id=170b1c1e;rssi=-60;uptime_s=546630;heap=152408;cal_tier=board-cal;cal_src=wet_rederive_1236_20260719;pressure_context_source=weather_openmeteo;transport=wifi_poll,
plants.soil,2026-07-27T22:03:13.716Z,2026-07-27 17:03:13.716,17664,2a89d4,8gtt1h,0.7.3,fleet_logger_0_1,546630034,UMLIFE_v2_TLC555,ch3,origplant,soil_moisture,1598,,,OK,,,984.3,,name=c5off1;level=OK;role=disp;spread=20;gpio=6;device_seq=72883;time_source=device_synced;device_timestamp_utc=2026-07-27T22:03:01.949Z;config_id=170b1c1e;rssi=-60;uptime_s=546630;heap=152408;cal_tier=board-cal;cal_src=wet_rederive_1236_20260719;pressure_context_source=weather_openmeteo;transport=wifi_poll,
plants.env,2026-07-27T22:03:13.716Z,2026-07-27 17:03:13.716,17665,2a89d4,8gtt1h,0.7.3,fleet_logger_0_1,546630718,ESP32,esp32_die,on_chip,die_temp,,24.70,degC,OK,,,,,name=c5off1;source=esp32_die;cal=uncalibrated_board_proxy;api=temperatureRead;config_id=170b1c1e;transport=wifi_poll,
plants.soil,2026-07-27T22:03:45.580Z,2026-07-27 17:03:45.580,17666,2a89d4,8gtt1h,0.7.3,fleet_logger_0_1,546660034,UMLIFE_v2_TLC555,ch0,origplant,soil_moisture,1225,,,OK,,,984.3,,name=c5off1;level=overwatered;role=disp;spread=20;gpio=1;device_seq=72884;time_source=device_synced;device_timestamp_utc=2026-07-27T22:03:31.949Z;config_id=170b1c1e;rssi=-58;uptime_s=546660;heap=152664;cal_tier=board-cal;cal_src=wet_rederive_1236_20260719;pressure_context_source=weather_openmeteo;transport=wifi_poll,
plants.soil,2026-07-27T22:03:45.580Z,2026-07-27 17:03:45.580,17667,2a89d4,8gtt1h,0.7.3,fleet_logger_0_1,546660034,UMLIFE_v2_TLC555,ch1,origplant,soil_moisture,1352,,,OK,,,984.3,,name=c5off1;level=well watered;role=disp;spread=14;gpio=4;device_seq=72885;time_source=device_synced;device_timestamp_utc=2026-07-27T22:03:31.949Z;config_id=170b1c1e;rssi=-58;uptime_s=546660;heap=152664;cal_tier=board-cal;cal_src=wet_rederive_1236_20260719;pressure_context_source=weather_openmeteo;transport=wifi_poll,
plants.soil,2026-07-27T22:03:45.580Z,2026-07-27 17:03:45.580,17668,2a89d4,8gtt1h,0.7.3,fleet_logger_0_1,546660034,UMLIFE_v2_TLC555,ch2,origplant,soil_moisture,1185,,,OK,,,984.3,,name=c5off1;level=overwatered;role=disp;spread=19;gpio=5;device_seq=72886;time_source=device_synced;device_timestamp_utc=2026-07-27T22:03:31.949Z;config_id=170b1c1e;rssi=-58;uptime_s=546660;heap=152664;cal_tier=board-cal;cal_src=wet_rederive_1236_20260719;pressure_context_source=weather_openmeteo;transport=wifi_poll,
plants.soil,2026-07-27T22:03:45.580Z,2026-07-27 17:03:45.580,17669,2a89d4,8gtt1h,0.7.3,fleet_logger_0_1,546660034,UMLIFE_v2_TLC555,ch3,origplant,soil_moisture,1600,,,OK,,,984.3,,name=c5off1;level=OK;role=disp;spread=23;gpio=6;device_seq=72887;time_source=device_synced;device_timestamp_utc=2026-07-27T22:03:31.949Z;config_id=170b1c1e;rssi=-58;uptime_s=546660;heap=152664;cal_tier=board-cal;cal_src=wet_rederive_1236_20260719;pressure_context_source=weather_openmeteo;transport=wifi_poll,
plants.env,2026-07-27T22:03:45.580Z,2026-07-27 17:03:45.580,17670,2a89d4,8gtt1h,0.7.3,fleet_logger_0_1,546660718,ESP32,esp32_die,on_chip,die_temp,,24.70,degC,OK,,,,,name=c5off1;source=esp32_die;cal=uncalibrated_board_proxy;api=temperatureRead;config_id=170b1c1e;transport=wifi_poll,
plants.soil,2026-07-27T22:04:15.992Z,2026-07-27 17:04:15.992,17671,2a89d4,8gtt1h,0.7.3,fleet_logger_0_1,546690034,UMLIFE_v2_TLC555,ch0,origplant,soil_moisture,1226,,,OK,,,984.3,,name=c5off1;level=overwatered;role=disp;spread=11;gpio=1;device_seq=72888;time_source=device_synced;device_timestamp_utc=2026-07-27T22:04:01.949Z;config_id=170b1c1e;rssi=-62;uptime_s=546690;heap=152664;cal_tier=board-cal;cal_src=wet_rederive_1236_20260719;pressure_context_source=weather_openmeteo;transport=wifi_poll,
plants.soil,2026-07-27T22:04:15.992Z,2026-07-27 17:04:15.992,17672,2a89d4,8gtt1h,0.7.3,fleet_logger_0_1,546690034,UMLIFE_v2_TLC555,ch1,origplant,soil_moisture,1353,,,OK,,,984.3,,name=c5off1;level=well watered;role=disp;spread=14;gpio=4;device_seq=72889;time_source=device_synced;device_timestamp_utc=2026-07-27T22:04:01.949Z;config_id=170b1c1e;rssi=-62;uptime_s=546690;heap=152664;cal_tier=board-cal;cal_src=wet_rederive_1236_20260719;pressure_context_source=weather_openmeteo;transport=wifi_poll,
plants.soil,2026-07-27T22:04:15.992Z,2026-07-27 17:04:15.992,17673,2a89d4,8gtt1h,0.7.3,fleet_logger_0_1,546690034,UMLIFE_v2_TLC555,ch2,origplant,soil_moisture,1187,,,OK,,,984.3,,name=c5off1;level=overwatered;role=disp;spread=14;gpio=5;device_seq=72890;time_source=device_synced;device_timestamp_utc=2026-07-27T22:04:01.949Z;config_id=170b1c1e;rssi=-62;uptime_s=546690;heap=152664;cal_tier=board-cal;cal_src=wet_rederive_1236_20260719;pressure_context_source=weather_openmeteo;transport=wifi_poll,
plants.soil,2026-07-27T22:04:15.992Z,2026-07-27 17:04:15.992,17674,2a89d4,8gtt1h,0.7.3,fleet_logger_0_1,546690034,UMLIFE_v2_TLC555,ch3,origplant,soil_moisture,1602,,,OK,,,984.3,,name=c5off1;level=OK;role=disp;spread=21;gpio=6;device_seq=72891;time_source=device_synced;device_timestamp_utc=2026-07-27T22:04:01.949Z;config_id=170b1c1e;rssi=-62;uptime_s=546690;heap=152664;cal_tier=board-cal;cal_src=wet_rederive_1236_20260719;pressure_context_source=weather_openmeteo;transport=wifi_poll,
plants.env,2026-07-27T22:04:15.992Z,2026-07-27 17:04:15.992,17675,2a89d4,8gtt1h,0.7.3,fleet_logger_0_1,546690718,ESP32,esp32_die,on_chip,die_temp,,24.70,degC,OK,,,,,name=c5off1;source=esp32_die;cal=uncalibrated_board_proxy;api=temperatureRead;config_id=170b1c1e;transport=wifi_poll,
plants.soil,2026-07-27T22:04:46.609Z,2026-07-27 17:04:46.609,17676,2a89d4,8gtt1h,0.7.3,fleet_logger_0_1,546720034,UMLIFE_v2_TLC555,ch0,origplant,soil_moisture,1224,,,OK,,,984.3,,name=c5off1;level=overwatered;role=disp;spread=17;gpio=1;device_seq=72892;time_source=device_synced;device_timestamp_utc=2026-07-27T22:04:31.949Z;config_id=170b1c1e;rssi=-58;uptime_s=546720;heap=152648;cal_tier=board-cal;cal_src=wet_rederive_1236_20260719;pressure_context_source=weather_openmeteo;transport=wifi_poll,
plants.soil,2026-07-27T22:04:46.609Z,2026-07-27 17:04:46.609,17677,2a89d4,8gtt1h,0.7.3,fleet_logger_0_1,546720034,UMLIFE_v2_TLC555,ch1,origplant,soil_moisture,1351,,,OK,,,984.3,,name=c5off1;level=well watered;role=disp;spread=14;gpio=4;device_seq=72893;time_source=device_synced;device_timestamp_utc=2026-07-27T22:04:31.949Z;config_id=170b1c1e;rssi=-58;uptime_s=546720;heap=152648;cal_tier=board-cal;cal_src=wet_rederive_1236_20260719;pressure_context_source=weather_openmeteo;transport=wifi_poll,
plants.soil,2026-07-27T22:04:46.609Z,2026-07-27 17:04:46.609,17678,2a89d4,8gtt1h,0.7.3,fleet_logger_0_1,546720034,UMLIFE_v2_TLC555,ch2,origplant,soil_moisture,1185,,,OK,,,984.3,,name=c5off1;level=overwatered;role=disp;spread=17;gpio=5;device_seq=72894;time_source=device_synced;device_timestamp_utc=2026-07-27T22:04:31.949Z;config_id=170b1c1e;rssi=-58;uptime_s=546720;heap=152648;cal_tier=board-cal;cal_src=wet_rederive_1236_20260719;pressure_context_source=weather_openmeteo;transport=wifi_poll,
plants.soil,2026-07-27T22:04:46.609Z,2026-07-27 17:04:46.609,17679,2a89d4,8gtt1h,0.7.3,fleet_logger_0_1,546720034,UMLIFE_v2_TLC555,ch3,origplant,soil_moisture,1600,,,OK,,,984.3,,name=c5off1;level=OK;role=disp;spread=26;gpio=6;device_seq=72895;time_source=device_synced;device_timestamp_utc=2026-07-27T22:04:31.949Z;config_id=170b1c1e;rssi=-58;uptime_s=546720;heap=152648;cal_tier=board-cal;cal_src=wet_rederive_1236_20260719;pressure_context_source=weather_openmeteo;transport=wifi_poll,
plants.env,2026-07-27T22:04:46.609Z,2026-07-27 17:04:46.609,17680,2a89d4,8gtt1h,0.7.3,fleet_logger_0_1,546720718,ESP32,esp32_die,on_chip,die_temp,,24.70,degC,OK,,,,,name=c5off1;source=esp32_die;cal=uncalibrated_board_proxy;api=temperatureRead;config_id=170b1c1e;transport=wifi_poll,
plants.soil,2026-07-27T22:05:17.724Z,2026-07-27 17:05:17.724,17681,2a89d4,8gtt1h,0.7.3,fleet_logger_0_1,546750034,UMLIFE_v2_TLC555,ch0,origplant,soil_moisture,1225,,,OK,,,984.3,,name=c5off1;level=overwatered;role=disp;spread=16;gpio=1;device_seq=72896;time_source=device_synced;device_timestamp_utc=2026-07-27T22:05:01.949Z;config_id=170b1c1e;rssi=-56;uptime_s=546750;heap=152672;cal_tier=board-cal;cal_src=wet_rederive_1236_20260719;pressure_context_source=weather_openmeteo;transport=wifi_poll,
plants.soil,2026-07-27T22:05:17.724Z,2026-07-27 17:05:17.724,17682,2a89d4,8gtt1h,0.7.3,fleet_logger_0_1,546750034,UMLIFE_v2_TLC555,ch1,origplant,soil_moisture,1354,,,OK,,,984.3,,name=c5off1;level=well watered;role=disp;spread=25;gpio=4;device_seq=72897;time_source=device_synced;device_timestamp_utc=2026-07-27T22:05:01.949Z;config_id=170b1c1e;rssi=-56;uptime_s=546750;heap=152672;cal_tier=board-cal;cal_src=wet_rederive_1236_20260719;pressure_context_source=weather_openmeteo;transport=wifi_poll,
plants.soil,2026-07-27T22:05:17.724Z,2026-07-27 17:05:17.724,17683,2a89d4,8gtt1h,0.7.3,fleet_logger_0_1,546750034,UMLIFE_v2_TLC555,ch2,origplant,soil_moisture,1187,,,OK,,,984.3,,name=c5off1;level=overwatered;role=disp;spread=10;gpio=5;device_seq=72898;time_source=device_synced;device_timestamp_utc=2026-07-27T22:05:01.949Z;config_id=170b1c1e;rssi=-56;uptime_s=546750;heap=152672;cal_tier=board-cal;cal_src=wet_rederive_1236_20260719;pressure_context_source=weather_openmeteo;transport=wifi_poll,
plants.soil,2026-07-27T22:05:17.724Z,2026-07-27 17:05:17.724,17684,2a89d4,8gtt1h,0.7.3,fleet_logger_0_1,546750034,UMLIFE_v2_TLC555,ch3,origplant,soil_moisture,1603,,,OK,,,984.3,,name=c5off1;level=OK;role=disp;spread=24;gpio=6;device_seq=72899;time_source=device_synced;device_timestamp_utc=2026-07-27T22:05:01.949Z;config_id=170b1c1e;rssi=-56;uptime_s=546750;heap=152672;cal_tier=board-cal;cal_src=wet_rederive_1236_20260719;pressure_context_source=weather_openmeteo;transport=wifi_poll,
plants.env,2026-07-27T22:05:17.724Z,2026-07-27 17:05:17.724,17685,2a89d4,8gtt1h,0.7.3,fleet_logger_0_1,546750718,ESP32,esp32_die,on_chip,die_temp,,24.70,degC,OK,,,,,name=c5off1;source=esp32_die;cal=uncalibrated_board_proxy;api=temperatureRead;config_id=170b1c1e;transport=wifi_poll,
plants.soil,2026-07-27T22:05:48.036Z,2026-07-27 17:05:48.036,17686,2a89d4,8gtt1h,0.7.3,fleet_logger_0_1,546780034,UMLIFE_v2_TLC555,ch0,origplant,soil_moisture,1225,,,OK,,,984.3,,name=c5off1;level=overwatered;role=disp;spread=22;gpio=1;device_seq=72900;time_source=device_synced;device_timestamp_utc=2026-07-27T22:05:31.949Z;config_id=170b1c1e;rssi=-63;uptime_s=546780;heap=152416;cal_tier=board-cal;cal_src=wet_rederive_1236_20260719;pressure_context_source=weather_openmeteo;transport=wifi_poll,
plants.soil,2026-07-27T22:05:48.036Z,2026-07-27 17:05:48.036,17687,2a89d4,8gtt1h,0.7.3,fleet_logger_0_1,546780034,UMLIFE_v2_TLC555,ch1,origplant,soil_moisture,1353,,,OK,,,984.3,,name=c5off1;level=well watered;role=disp;spread=21;gpio=4;device_seq=72901;time_source=device_synced;device_timestamp_utc=2026-07-27T22:05:31.949Z;config_id=170b1c1e;rssi=-63;uptime_s=546780;heap=152416;cal_tier=board-cal;cal_src=wet_rederive_1236_20260719;pressure_context_source=weather_openmeteo;transport=wifi_poll,
plants.soil,2026-07-27T22:05:48.036Z,2026-07-27 17:05:48.036,17688,2a89d4,8gtt1h,0.7.3,fleet_logger_0_1,546780034,UMLIFE_v2_TLC555,ch2,origplant,soil_moisture,1187,,,OK,,,984.3,,name=c5off1;level=overwatered;role=disp;spread=8;gpio=5;device_seq=72902;time_source=device_synced;device_timestamp_utc=2026-07-27T22:05:31.949Z;config_id=170b1c1e;rssi=-63;uptime_s=546780;heap=152416;cal_tier=board-cal;cal_src=wet_rederive_1236_20260719;pressure_context_source=weather_openmeteo;transport=wifi_poll,
plants.soil,2026-07-27T22:05:48.036Z,2026-07-27 17:05:48.036,17689,2a89d4,8gtt1h,0.7.3,fleet_logger_0_1,546780034,UMLIFE_v2_TLC555,ch3,origplant,soil_moisture,1598,,,OK,,,984.3,,name=c5off1;level=OK;role=disp;spread=41;gpio=6;device_seq=72903;time_source=device_synced;device_timestamp_utc=2026-07-27T22:05:31.949Z;config_id=170b1c1e;rssi=-63;uptime_s=546780;heap=152416;cal_tier=board-cal;cal_src=wet_rederive_1236_20260719;pressure_context_source=weather_openmeteo;transport=wifi_poll,
plants.env,2026-07-27T22:05:48.036Z,2026-07-27 17:05:48.036,17690,2a89d4,8gtt1h,0.7.3,fleet_logger_0_1,546780718,ESP32,esp32_die,on_chip,die_temp,,24.70,degC,OK,,,,,name=c5off1;source=esp32_die;cal=uncalibrated_board_proxy;api=temperatureRead;config_id=170b1c1e;transport=wifi_poll,
plants.soil,2026-07-27T22:06:18.345Z,2026-07-27 17:06:18.345,17691,2a89d4,8gtt1h,0.7.3,fleet_logger_0_1,546810034,UMLIFE_v2_TLC555,ch0,origplant,soil_moisture,1222,,,OK,,,984.3,,name=c5off1;level=overwatered;role=disp;spread=12;gpio=1;device_seq=72904;time_source=device_synced;device_timestamp_utc=2026-07-27T22:06:01.949Z;config_id=170b1c1e;rssi=-61;uptime_s=546810;heap=152416;cal_tier=board-cal;cal_src=wet_rederive_1236_20260719;pressure_context_source=weather_openmeteo;transport=wifi_poll,
plants.soil,2026-07-27T22:06:18.345Z,2026-07-27 17:06:18.345,17692,2a89d4,8gtt1h,0.7.3,fleet_logger_0_1,546810034,UMLIFE_v2_TLC555,ch1,origplant,soil_moisture,1351,,,OK,,,984.3,,name=c5off1;level=well watered;role=disp;spread=12;gpio=4;device_seq=72905;time_source=device_synced;device_timestamp_utc=2026-07-27T22:06:01.949Z;config_id=170b1c1e;rssi=-61;uptime_s=546810;heap=152416;cal_tier=board-cal;cal_src=wet_rederive_1236_20260719;pressure_context_source=weather_openmeteo;transport=wifi_poll,
plants.soil,2026-07-27T22:06:18.345Z,2026-07-27 17:06:18.345,17693,2a89d4,8gtt1h,0.7.3,fleet_logger_0_1,546810034,UMLIFE_v2_TLC555,ch2,origplant,soil_moisture,1185,,,OK,,,984.3,,name=c5off1;level=overwatered;role=disp;spread=8;gpio=5;device_seq=72906;time_source=device_synced;device_timestamp_utc=2026-07-27T22:06:01.949Z;config_id=170b1c1e;rssi=-61;uptime_s=546810;heap=152416;cal_tier=board-cal;cal_src=wet_rederive_1236_20260719;pressure_context_source=weather_openmeteo;transport=wifi_poll,
plants.soil,2026-07-27T22:06:18.345Z,2026-07-27 17:06:18.345,17694,2a89d4,8gtt1h,0.7.3,fleet_logger_0_1,546810034,UMLIFE_v2_TLC555,ch3,origplant,soil_moisture,1600,,,OK,,,984.3,,name=c5off1;level=OK;role=disp;spread=26;gpio=6;device_seq=72907;time_source=device_synced;device_timestamp_utc=2026-07-27T22:06:01.949Z;config_id=170b1c1e;rssi=-61;uptime_s=546810;heap=152416;cal_tier=board-cal;cal_src=wet_rederive_1236_20260719;pressure_context_source=weather_openmeteo;transport=wifi_poll,
plants.env,2026-07-27T22:06:18.345Z,2026-07-27 17:06:18.345,17695,2a89d4,8gtt1h,0.7.3,fleet_logger_0_1,546810718,ESP32,esp32_die,on_chip,die_temp,,24.70,degC,OK,,,,,name=c5off1;source=esp32_die;cal=uncalibrated_board_proxy;api=temperatureRead;config_id=170b1c1e;transport=wifi_poll,
plants.soil,2026-07-27T22:06:48.757Z,2026-07-27 17:06:48.757,17696,2a89d4,8gtt1h,0.7.3,fleet_logger_0_1,546840034,UMLIFE_v2_TLC555,ch0,origplant,soil_moisture,1224,,,OK,,,984.3,,name=c5off1;level=overwatered;role=disp;spread=5;gpio=1;device_seq=72908;time_source=device_synced;device_timestamp_utc=2026-07-27T22:06:31.949Z;config_id=170b1c1e;rssi=-57;uptime_s=546840;heap=152672;cal_tier=board-cal;cal_src=wet_rederive_1236_20260719;pressure_context_source=weather_openmeteo;transport=wifi_poll,
plants.soil,2026-07-27T22:06:48.757Z,2026-07-27 17:06:48.757,17697,2a89d4,8gtt1h,0.7.3,fleet_logger_0_1,546840034,UMLIFE_v2_TLC555,ch1,origplant,soil_moisture,1352,,,OK,,,984.3,,name=c5off1;level=well watered;role=disp;spread=7;gpio=4;device_seq=72909;time_source=device_synced;device_timestamp_utc=2026-07-27T22:06:31.949Z;config_id=170b1c1e;rssi=-57;uptime_s=546840;heap=152672;cal_tier=board-cal;cal_src=wet_rederive_1236_20260719;pressure_context_source=weather_openmeteo;transport=wifi_poll,
plants.soil,2026-07-27T22:06:48.757Z,2026-07-27 17:06:48.757,17698,2a89d4,8gtt1h,0.7.3,fleet_logger_0_1,546840034,UMLIFE_v2_TLC555,ch2,origplant,soil_moisture,1184,,,OK,,,984.3,,name=c5off1;level=overwatered;role=disp;spread=11;gpio=5;device_seq=72910;time_source=device_synced;device_timestamp_utc=2026-07-27T22:06:31.949Z;config_id=170b1c1e;rssi=-57;uptime_s=546840;heap=152672;cal_tier=board-cal;cal_src=wet_rederive_1236_20260719;pressure_context_source=weather_openmeteo;transport=wifi_poll,
plants.soil,2026-07-27T22:06:48.757Z,2026-07-27 17:06:48.757,17699,2a89d4,8gtt1h,0.7.3,fleet_logger_0_1,546840034,UMLIFE_v2_TLC555,ch3,origplant,soil_moisture,1596,,,OK,,,984.3,,name=c5off1;level=OK;role=disp;spread=10;gpio=6;device_seq=72911;time_source=device_synced;device_timestamp_utc=2026-07-27T22:06:31.949Z;config_id=170b1c1e;rssi=-57;uptime_s=546840;heap=152672;cal_tier=board-cal;cal_src=wet_rederive_1236_20260719;pressure_context_source=weather_openmeteo;transport=wifi_poll,
plants.env,2026-07-27T22:06:48.757Z,2026-07-27 17:06:48.757,17700,2a89d4,8gtt1h,0.7.3,fleet_logger_0_1,546840718,ESP32,esp32_die,on_chip,die_temp,,24.70,degC,OK,,,,,name=c5off1;source=esp32_die;cal=uncalibrated_board_proxy;api=temperatureRead;config_id=170b1c1e;transport=wifi_poll,
plants.soil,2026-07-27T22:07:19.056Z,2026-07-27 17:07:19.056,17701,2a89d4,8gtt1h,0.7.3,fleet_logger_0_1,546870034,UMLIFE_v2_TLC555,ch0,origplant,soil_moisture,1224,,,OK,,,984.3,,name=c5off1;level=overwatered;role=disp;spread=16;gpio=1;device_seq=72912;time_source=device_synced;device_timestamp_utc=2026-07-27T22:07:01.949Z;config_id=170b1c1e;rssi=-61;uptime_s=546870;heap=152672;cal_tier=board-cal;cal_src=wet_rederive_1236_20260719;pressure_context_source=weather_openmeteo;transport=wifi_poll,
plants.soil,2026-07-27T22:07:19.056Z,2026-07-27 17:07:19.056,17702,2a89d4,8gtt1h,0.7.3,fleet_logger_0_1,546870034,UMLIFE_v2_TLC555,ch1,origplant,soil_moisture,1353,,,OK,,,984.3,,name=c5off1;level=well watered;role=disp;spread=13;gpio=4;device_seq=72913;time_source=device_synced;device_timestamp_utc=2026-07-27T22:07:01.949Z;config_id=170b1c1e;rssi=-61;uptime_s=546870;heap=152672;cal_tier=board-cal;cal_src=wet_rederive_1236_20260719;pressure_context_source=weather_openmeteo;transport=wifi_poll,
plants.soil,2026-07-27T22:07:19.056Z,2026-07-27 17:07:19.056,17703,2a89d4,8gtt1h,0.7.3,fleet_logger_0_1,546870034,UMLIFE_v2_TLC555,ch2,origplant,soil_moisture,1187,,,OK,,,984.3,,name=c5off1;level=overwatered;role=disp;spread=11;gpio=5;device_seq=72914;time_source=device_synced;device_timestamp_utc=2026-07-27T22:07:01.949Z;config_id=170b1c1e;rssi=-61;uptime_s=546870;heap=152672;cal_tier=board-cal;cal_src=wet_rederive_1236_20260719;pressure_context_source=weather_openmeteo;transport=wifi_poll,
plants.soil,2026-07-27T22:07:19.056Z,2026-07-27 17:07:19.056,17704,2a89d4,8gtt1h,0.7.3,fleet_logger_0_1,546870034,UMLIFE_v2_TLC555,ch3,origplant,soil_moisture,1599,,,OK,,,984.3,,name=c5off1;level=OK;role=disp;spread=18;gpio=6;device_seq=72915;time_source=device_synced;device_timestamp_utc=2026-07-27T22:07:01.949Z;config_id=170b1c1e;rssi=-61;uptime_s=546870;heap=152672;cal_tier=board-cal;cal_src=wet_rederive_1236_20260719;pressure_context_source=weather_openmeteo;transport=wifi_poll,
plants.env,2026-07-27T22:07:19.056Z,2026-07-27 17:07:19.056,17705,2a89d4,8gtt1h,0.7.3,fleet_logger_0_1,546870718,ESP32,esp32_die,on_chip,die_temp,,24.70,degC,OK,,,,,name=c5off1;source=esp32_die;cal=uncalibrated_board_proxy;api=temperatureRead;config_id=170b1c1e;transport=wifi_poll,
plants.soil,2026-07-27T22:07:49.270Z,2026-07-27 17:07:49.270,17706,2a89d4,8gtt1h,0.7.3,fleet_logger_0_1,546900034,UMLIFE_v2_TLC555,ch0,origplant,soil_moisture,1223,,,OK,,,984.3,,name=c5off1;level=overwatered;role=disp;spread=14;gpio=1;device_seq=72916;time_source=device_synced;device_timestamp_utc=2026-07-27T22:07:31.949Z;config_id=170b1c1e;rssi=-57;uptime_s=546900;heap=152672;cal_tier=board-cal;cal_src=wet_rederive_1236_20260719;pressure_context_source=weather_openmeteo;transport=wifi_poll,
plants.soil,2026-07-27T22:07:49.270Z,2026-07-27 17:07:49.270,17707,2a89d4,8gtt1h,0.7.3,fleet_logger_0_1,546900034,UMLIFE_v2_TLC555,ch1,origplant,soil_moisture,1352,,,OK,,,984.3,,name=c5off1;level=well watered;role=disp;spread=17;gpio=4;device_seq=72917;time_source=device_synced;device_timestamp_utc=2026-07-27T22:07:31.949Z;config_id=170b1c1e;rssi=-57;uptime_s=546900;heap=152672;cal_tier=board-cal;cal_src=wet_rederive_1236_20260719;pressure_context_source=weather_openmeteo;transport=wifi_poll,
plants.soil,2026-07-27T22:07:49.270Z,2026-07-27 17:07:49.270,17708,2a89d4,8gtt1h,0.7.3,fleet_logger_0_1,546900034,UMLIFE_v2_TLC555,ch2,origplant,soil_moisture,1184,,,OK,,,984.3,,name=c5off1;level=overwatered;role=disp;spread=16;gpio=5;device_seq=72918;time_source=device_synced;device_timestamp_utc=2026-07-27T22:07:31.949Z;config_id=170b1c1e;rssi=-57;uptime_s=546900;heap=152672;cal_tier=board-cal;cal_src=wet_rederive_1236_20260719;pressure_context_source=weather_openmeteo;transport=wifi_poll,
plants.soil,2026-07-27T22:07:49.270Z,2026-07-27 17:07:49.270,17709,2a89d4,8gtt1h,0.7.3,fleet_logger_0_1,546900034,UMLIFE_v2_TLC555,ch3,origplant,soil_moisture,1599,,,OK,,,984.3,,name=c5off1;level=OK;role=disp;spread=36;gpio=6;device_seq=72919;time_source=device_synced;device_timestamp_utc=2026-07-27T22:07:31.949Z;config_id=170b1c1e;rssi=-57;uptime_s=546900;heap=152672;cal_tier=board-cal;cal_src=wet_rederive_1236_20260719;pressure_context_source=weather_openmeteo;transport=wifi_poll,
plants.env,2026-07-27T22:07:49.270Z,2026-07-27 17:07:49.270,17710,2a89d4,8gtt1h,0.7.3,fleet_logger_0_1,546900718,ESP32,esp32_die,on_chip,die_temp,,24.70,degC,OK,,,,,name=c5off1;source=esp32_die;cal=uncalibrated_board_proxy;api=temperatureRead;config_id=170b1c1e;transport=wifi_poll,
plants.soil,2026-07-27T22:08:19.598Z,2026-07-27 17:08:19.598,17711,2a89d4,8gtt1h,0.7.3,fleet_logger_0_1,546930034,UMLIFE_v2_TLC555,ch0,origplant,soil_moisture,1224,,,OK,,,984.3,,name=c5off1;level=overwatered;role=disp;spread=8;gpio=1;device_seq=72920;time_source=device_synced;device_timestamp_utc=2026-07-27T22:08:01.949Z;config_id=170b1c1e;rssi=-56;uptime_s=546930;heap=152672;cal_tier=board-cal;cal_src=wet_rederive_1236_20260719;pressure_context_source=weather_openmeteo;transport=wifi_poll,
plants.soil,2026-07-27T22:08:19.598Z,2026-07-27 17:08:19.598,17712,2a89d4,8gtt1h,0.7.3,fleet_logger_0_1,546930034,UMLIFE_v2_TLC555,ch1,origplant,soil_moisture,1353,,,OK,,,984.3,,name=c5off1;level=well watered;role=disp;spread=11;gpio=4;device_seq=72921;time_source=device_synced;device_timestamp_utc=2026-07-27T22:08:01.949Z;config_id=170b1c1e;rssi=-56;uptime_s=546930;heap=152672;cal_tier=board-cal;cal_src=wet_rederive_1236_20260719;pressure_context_source=weather_openmeteo;transport=wifi_poll,
plants.soil,2026-07-27T22:08:19.598Z,2026-07-27 17:08:19.598,17713,2a89d4,8gtt1h,0.7.3,fleet_logger_0_1,546930034,UMLIFE_v2_TLC555,ch2,origplant,soil_moisture,1187,,,OK,,,984.3,,name=c5off1;level=overwatered;role=disp;spread=16;gpio=5;device_seq=72922;time_source=device_synced;device_timestamp_utc=2026-07-27T22:08:01.949Z;config_id=170b1c1e;rssi=-56;uptime_s=546930;heap=152672;cal_tier=board-cal;cal_src=wet_rederive_1236_20260719;pressure_context_source=weather_openmeteo;transport=wifi_poll,
plants.soil,2026-07-27T22:08:19.598Z,2026-07-27 17:08:19.598,17714,2a89d4,8gtt1h,0.7.3,fleet_logger_0_1,546930034,UMLIFE_v2_TLC555,ch3,origplant,soil_moisture,1599,,,OK,,,984.3,,name=c5off1;level=OK;role=disp;spread=32;gpio=6;device_seq=72923;time_source=device_synced;device_timestamp_utc=2026-07-27T22:08:01.949Z;config_id=170b1c1e;rssi=-56;uptime_s=546930;heap=152672;cal_tier=board-cal;cal_src=wet_rederive_1236_20260719;pressure_context_source=weather_openmeteo;transport=wifi_poll,
plants.env,2026-07-27T22:08:19.598Z,2026-07-27 17:08:19.598,17715,2a89d4,8gtt1h,0.7.3,fleet_logger_0_1,546930718,ESP32,esp32_die,on_chip,die_temp,,24.70,degC,OK,,,,,name=c5off1;source=esp32_die;cal=uncalibrated_board_proxy;api=temperatureRead;config_id=170b1c1e;transport=wifi_poll,
plants.soil,2026-07-27T22:08:50.198Z,2026-07-27 17:08:50.198,17716,2a89d4,8gtt1h,0.7.3,fleet_logger_0_1,546960034,UMLIFE_v2_TLC555,ch0,origplant,soil_moisture,1213,,,OK,,,984.3,,name=c5off1;level=overwatered;role=disp;spread=5;gpio=1;device_seq=72924;time_source=device_synced;device_timestamp_utc=2026-07-27T22:08:31.949Z;config_id=170b1c1e;rssi=-56;uptime_s=546960;heap=152416;cal_tier=board-cal;cal_src=wet_rederive_1236_20260719;pressure_context_source=weather_openmeteo;transport=wifi_poll,
plants.soil,2026-07-27T22:08:50.198Z,2026-07-27 17:08:50.198,17717,2a89d4,8gtt1h,0.7.3,fleet_logger_0_1,546960034,UMLIFE_v2_TLC555,ch1,origplant,soil_moisture,1349,,,OK,,,984.3,,name=c5off1;level=well watered;role=disp;spread=20;gpio=4;device_seq=72925;time_source=device_synced;device_timestamp_utc=2026-07-27T22:08:31.949Z;config_id=170b1c1e;rssi=-56;uptime_s=546960;heap=152416;cal_tier=board-cal;cal_src=wet_rederive_1236_20260719;pressure_context_source=weather_openmeteo;transport=wifi_poll,
plants.soil,2026-07-27T22:08:50.198Z,2026-07-27 17:08:50.198,17718,2a89d4,8gtt1h,0.7.3,fleet_logger_0_1,546960034,UMLIFE_v2_TLC555,ch2,origplant,soil_moisture,1186,,,OK,,,984.3,,name=c5off1;level=overwatered;role=disp;spread=15;gpio=5;device_seq=72926;time_source=device_synced;device_timestamp_utc=2026-07-27T22:08:31.949Z;config_id=170b1c1e;rssi=-56;uptime_s=546960;heap=152416;cal_tier=board-cal;cal_src=wet_rederive_1236_20260719;pressure_context_source=weather_openmeteo;transport=wifi_poll,
plants.soil,2026-07-27T22:08:50.198Z,2026-07-27 17:08:50.198,17719,2a89d4,8gtt1h,0.7.3,fleet_logger_0_1,546960034,UMLIFE_v2_TLC555,ch3,origplant,soil_moisture,1595,,,OK,,,984.3,,name=c5off1;level=OK;role=disp;spread=25;gpio=6;device_seq=72927;time_source=device_synced;device_timestamp_utc=2026-07-27T22:08:31.949Z;config_id=170b1c1e;rssi=-56;uptime_s=546960;heap=152416;cal_tier=board-cal;cal_src=wet_rederive_1236_20260719;pressure_context_source=weather_openmeteo;transport=wifi_poll,
plants.env,2026-07-27T22:08:50.198Z,2026-07-27 17:08:50.198,17720,2a89d4,8gtt1h,0.7.3,fleet_logger_0_1,546960718,ESP32,esp32_die,on_chip,die_temp,,24.70,degC,OK,,,,,name=c5off1;source=esp32_die;cal=uncalibrated_board_proxy;api=temperatureRead;config_id=170b1c1e;transport=wifi_poll,
plants.soil,2026-07-27T22:09:20.623Z,2026-07-27 17:09:20.623,17721,2a89d4,8gtt1h,0.7.3,fleet_logger_0_1,546990034,UMLIFE_v2_TLC555,ch0,origplant,soil_moisture,1204,,,OK,,,984.3,,name=c5off1;level=overwatered;role=disp;spread=10;gpio=1;device_seq=72928;time_source=device_synced;device_timestamp_utc=2026-07-27T22:09:01.949Z;config_id=170b1c1e;rssi=-56;uptime_s=546990;heap=152416;cal_tier=board-cal;cal_src=wet_rederive_1236_20260719;pressure_context_source=weather_openmeteo;transport=wifi_poll,
plants.soil,2026-07-27T22:09:20.623Z,2026-07-27 17:09:20.623,17722,2a89d4,8gtt1h,0.7.3,fleet_logger_0_1,546990034,UMLIFE_v2_TLC555,ch1,origplant,soil_moisture,1341,,,OK,,,984.3,,name=c5off1;level=well watered;role=disp;spread=14;gpio=4;device_seq=72929;time_source=device_synced;device_timestamp_utc=2026-07-27T22:09:01.949Z;config_id=170b1c1e;rssi=-56;uptime_s=546990;heap=152416;cal_tier=board-cal;cal_src=wet_rederive_1236_20260719;pressure_context_source=weather_openmeteo;transport=wifi_poll,
plants.soil,2026-07-27T22:09:20.623Z,2026-07-27 17:09:20.623,17723,2a89d4,8gtt1h,0.7.3,fleet_logger_0_1,546990034,UMLIFE_v2_TLC555,ch2,origplant,soil_moisture,1184,,,OK,,,984.3,,name=c5off1;level=overwatered;role=disp;spread=23;gpio=5;device_seq=72930;time_source=device_synced;device_timestamp_utc=2026-07-27T22:09:01.949Z;config_id=170b1c1e;rssi=-56;uptime_s=546990;heap=152416;cal_tier=board-cal;cal_src=wet_rederive_1236_20260719;pressure_context_source=weather_openmeteo;transport=wifi_poll,
plants.soil,2026-07-27T22:09:20.623Z,2026-07-27 17:09:20.623,17724,2a89d4,8gtt1h,0.7.3,fleet_logger_0_1,546990034,UMLIFE_v2_TLC555,ch3,origplant,soil_moisture,1595,,,OK,,,984.3,,name=c5off1;level=OK;role=disp;spread=16;gpio=6;device_seq=72931;time_source=device_synced;device_timestamp_utc=2026-07-27T22:09:01.949Z;config_id=170b1c1e;rssi=-56;uptime_s=546990;heap=152416;cal_tier=board-cal;cal_src=wet_rederive_1236_20260719;pressure_context_source=weather_openmeteo;transport=wifi_poll,
plants.env,2026-07-27T22:09:20.623Z,2026-07-27 17:09:20.623,17725,2a89d4,8gtt1h,0.7.3,fleet_logger_0_1,546990718,ESP32,esp32_die,on_chip,die_temp,,24.70,degC,OK,,,,,name=c5off1;source=esp32_die;cal=uncalibrated_board_proxy;api=temperatureRead;config_id=170b1c1e;transport=wifi_poll,
plants.soil,2026-07-27T22:09:51.023Z,2026-07-27 17:09:51.023,17726,2a89d4,8gtt1h,0.7.3,fleet_logger_0_1,547020034,UMLIFE_v2_TLC555,ch0,origplant,soil_moisture,1220,,,OK,,,984.3,,name=c5off1;level=overwatered;role=disp;spread=11;gpio=1;device_seq=72932;time_source=device_synced;device_timestamp_utc=2026-07-27T22:09:31.949Z;config_id=170b1c1e;rssi=-58;uptime_s=547020;heap=152672;cal_tier=board-cal;cal_src=wet_rederive_1236_20260719;pressure_context_source=weather_openmeteo;transport=wifi_poll,
plants.soil,2026-07-27T22:09:51.023Z,2026-07-27 17:09:51.023,17727,2a89d4,8gtt1h,0.7.3,fleet_logger_0_1,547020034,UMLIFE_v2_TLC555,ch1,origplant,soil_moisture,1354,,,OK,,,984.3,,name=c5off1;level=well watered;role=disp;spread=12;gpio=4;device_seq=72933;time_source=device_synced;device_timestamp_utc=2026-07-27T22:09:31.949Z;config_id=170b1c1e;rssi=-58;uptime_s=547020;heap=152672;cal_tier=board-cal;cal_src=wet_rederive_1236_20260719;pressure_context_source=weather_openmeteo;transport=wifi_poll,
plants.soil,2026-07-27T22:09:51.023Z,2026-07-27 17:09:51.023,17728,2a89d4,8gtt1h,0.7.3,fleet_logger_0_1,547020034,UMLIFE_v2_TLC555,ch2,origplant,soil_moisture,1187,,,OK,,,984.3,,name=c5off1;level=overwatered;role=disp;spread=20;gpio=5;device_seq=72934;time_source=device_synced;device_timestamp_utc=2026-07-27T22:09:31.949Z;config_id=170b1c1e;rssi=-58;uptime_s=547020;heap=152672;cal_tier=board-cal;cal_src=wet_rederive_1236_20260719;pressure_context_source=weather_openmeteo;transport=wifi_poll,
plants.soil,2026-07-27T22:09:51.023Z,2026-07-27 17:09:51.023,17729,2a89d4,8gtt1h,0.7.3,fleet_logger_0_1,547020034,UMLIFE_v2_TLC555,ch3,origplant,soil_moisture,1600,,,OK,,,984.3,,name=c5off1;level=OK;role=disp;spread=20;gpio=6;device_seq=72935;time_source=device_synced;device_timestamp_utc=2026-07-27T22:09:31.949Z;config_id=170b1c1e;rssi=-58;uptime_s=547020;heap=152672;cal_tier=board-cal;cal_src=wet_rederive_1236_20260719;pressure_context_source=weather_openmeteo;transport=wifi_poll,
plants.env,2026-07-27T22:09:51.023Z,2026-07-27 17:09:51.023,17730,2a89d4,8gtt1h,0.7.3,fleet_logger_0_1,547020718,ESP32,esp32_die,on_chip,die_temp,,24.70,degC,OK,,,,,name=c5off1;source=esp32_die;cal=uncalibrated_board_proxy;api=temperatureRead;config_id=170b1c1e;transport=wifi_poll,
plants.soil,2026-07-27T22:10:22.039Z,2026-07-27 17:10:22.039,17731,2a89d4,8gtt1h,0.7.3,fleet_logger_0_1,547050034,UMLIFE_v2_TLC555,ch0,origplant,soil_moisture,1224,,,OK,,,984.3,,name=c5off1;level=overwatered;role=disp;spread=15;gpio=1;device_seq=72936;time_source=device_synced;device_timestamp_utc=2026-07-27T22:10:01.949Z;config_id=170b1c1e;rssi=-57;uptime_s=547050;heap=152672;cal_tier=board-cal;cal_src=wet_rederive_1236_20260719;pressure_context_source=weather_openmeteo;transport=wifi_poll,
plants.soil,2026-07-27T22:10:22.039Z,2026-07-27 17:10:22.039,17732,2a89d4,8gtt1h,0.7.3,fleet_logger_0_1,547050034,UMLIFE_v2_TLC555,ch1,origplant,soil_moisture,1351,,,OK,,,984.3,,name=c5off1;level=well watered;role=disp;spread=15;gpio=4;device_seq=72937;time_source=device_synced;device_timestamp_utc=2026-07-27T22:10:01.949Z;config_id=170b1c1e;rssi=-57;uptime_s=547050;heap=152672;cal_tier=board-cal;cal_src=wet_rederive_1236_20260719;pressure_context_source=weather_openmeteo;transport=wifi_poll,
plants.soil,2026-07-27T22:10:22.039Z,2026-07-27 17:10:22.039,17733,2a89d4,8gtt1h,0.7.3,fleet_logger_0_1,547050034,UMLIFE_v2_TLC555,ch2,origplant,soil_moisture,1185,,,OK,,,984.3,,name=c5off1;level=overwatered;role=disp;spread=14;gpio=5;device_seq=72938;time_source=device_synced;device_timestamp_utc=2026-07-27T22:10:01.949Z;config_id=170b1c1e;rssi=-57;uptime_s=547050;heap=152672;cal_tier=board-cal;cal_src=wet_rederive_1236_20260719;pressure_context_source=weather_openmeteo;transport=wifi_poll,
plants.soil,2026-07-27T22:10:22.039Z,2026-07-27 17:10:22.039,17734,2a89d4,8gtt1h,0.7.3,fleet_logger_0_1,547050034,UMLIFE_v2_TLC555,ch3,origplant,soil_moisture,1599,,,OK,,,984.3,,name=c5off1;level=OK;role=disp;spread=38;gpio=6;device_seq=72939;time_source=device_synced;device_timestamp_utc=2026-07-27T22:10:01.949Z;config_id=170b1c1e;rssi=-57;uptime_s=547050;heap=152672;cal_tier=board-cal;cal_src=wet_rederive_1236_20260719;pressure_context_source=weather_openmeteo;transport=wifi_poll,
plants.env,2026-07-27T22:10:22.039Z,2026-07-27 17:10:22.039,17735,2a89d4,8gtt1h,0.7.3,fleet_logger_0_1,547050718,ESP32,esp32_die,on_chip,die_temp,,24.70,degC,OK,,,,,name=c5off1;source=esp32_die;cal=uncalibrated_board_proxy;api=temperatureRead;config_id=170b1c1e;transport=wifi_poll,
plants.soil,2026-07-27T22:10:52.351Z,2026-07-27 17:10:52.351,17736,2a89d4,8gtt1h,0.7.3,fleet_logger_0_1,547080034,UMLIFE_v2_TLC555,ch0,origplant,soil_moisture,1221,,,OK,,,984.3,,name=c5off1;level=overwatered;role=disp;spread=14;gpio=1;device_seq=72940;time_source=device_synced;device_timestamp_utc=2026-07-27T22:10:31.949Z;config_id=170b1c1e;rssi=-58;uptime_s=547080;heap=152672;cal_tier=board-cal;cal_src=wet_rederive_1236_20260719;pressure_context_source=weather_openmeteo;transport=wifi_poll,
plants.soil,2026-07-27T22:10:52.351Z,2026-07-27 17:10:52.351,17737,2a89d4,8gtt1h,0.7.3,fleet_logger_0_1,547080034,UMLIFE_v2_TLC555,ch1,origplant,soil_moisture,1353,,,OK,,,984.3,,name=c5off1;level=well watered;role=disp;spread=8;gpio=4;device_seq=72941;time_source=device_synced;device_timestamp_utc=2026-07-27T22:10:31.949Z;config_id=170b1c1e;rssi=-58;uptime_s=547080;heap=152672;cal_tier=board-cal;cal_src=wet_rederive_1236_20260719;pressure_context_source=weather_openmeteo;transport=wifi_poll,
plants.soil,2026-07-27T22:10:52.351Z,2026-07-27 17:10:52.351,17738,2a89d4,8gtt1h,0.7.3,fleet_logger_0_1,547080034,UMLIFE_v2_TLC555,ch2,origplant,soil_moisture,1186,,,OK,,,984.3,,name=c5off1;level=overwatered;role=disp;spread=19;gpio=5;device_seq=72942;time_source=device_synced;device_timestamp_utc=2026-07-27T22:10:31.949Z;config_id=170b1c1e;rssi=-58;uptime_s=547080;heap=152672;cal_tier=board-cal;cal_src=wet_rederive_1236_20260719;pressure_context_source=weather_openmeteo;transport=wifi_poll,
plants.soil,2026-07-27T22:10:52.351Z,2026-07-27 17:10:52.351,17739,2a89d4,8gtt1h,0.7.3,fleet_logger_0_1,547080034,UMLIFE_v2_TLC555,ch3,origplant,soil_moisture,1598,,,OK,,,984.3,,name=c5off1;level=OK;role=disp;spread=21;gpio=6;device_seq=72943;time_source=device_synced;device_timestamp_utc=2026-07-27T22:10:31.949Z;config_id=170b1c1e;rssi=-58;uptime_s=547080;heap=152672;cal_tier=board-cal;cal_src=wet_rederive_1236_20260719;pressure_context_source=weather_openmeteo;transport=wifi_poll,
plants.env,2026-07-27T22:10:52.351Z,2026-07-27 17:10:52.351,17740,2a89d4,8gtt1h,0.7.3,fleet_logger_0_1,547080718,ESP32,esp32_die,on_chip,die_temp,,24.70,degC,OK,,,,,name=c5off1;source=esp32_die;cal=uncalibrated_board_proxy;api=temperatureRead;config_id=170b1c1e;transport=wifi_poll,
plants.soil,2026-07-27T22:11:22.779Z,2026-07-27 17:11:22.779,17741,2a89d4,8gtt1h,0.7.3,fleet_logger_0_1,547110034,UMLIFE_v2_TLC555,ch0,origplant,soil_moisture,1221,,,OK,,,984.3,,name=c5off1;level=overwatered;role=disp;spread=8;gpio=1;device_seq=72944;time_source=device_synced;device_timestamp_utc=2026-07-27T22:11:01.949Z;config_id=170b1c1e;rssi=-57;uptime_s=547110;heap=152672;cal_tier=board-cal;cal_src=wet_rederive_1236_20260719;pressure_context_source=weather_openmeteo;transport=wifi_poll,
plants.soil,2026-07-27T22:11:22.779Z,2026-07-27 17:11:22.779,17742,2a89d4,8gtt1h,0.7.3,fleet_logger_0_1,547110034,UMLIFE_v2_TLC555,ch1,origplant,soil_moisture,1351,,,OK,,,984.3,,name=c5off1;level=well watered;role=disp;spread=13;gpio=4;device_seq=72945;time_source=device_synced;device_timestamp_utc=2026-07-27T22:11:01.949Z;config_id=170b1c1e;rssi=-57;uptime_s=547110;heap=152672;cal_tier=board-cal;cal_src=wet_rederive_1236_20260719;pressure_context_source=weather_openmeteo;transport=wifi_poll,
plants.soil,2026-07-27T22:11:22.779Z,2026-07-27 17:11:22.779,17743,2a89d4,8gtt1h,0.7.3,fleet_logger_0_1,547110034,UMLIFE_v2_TLC555,ch2,origplant,soil_moisture,1187,,,OK,,,984.3,,name=c5off1;level=overwatered;role=disp;spread=9;gpio=5;device_seq=72946;time_source=device_synced;device_timestamp_utc=2026-07-27T22:11:01.949Z;config_id=170b1c1e;rssi=-57;uptime_s=547110;heap=152672;cal_tier=board-cal;cal_src=wet_rederive_1236_20260719;pressure_context_source=weather_openmeteo;transport=wifi_poll,
plants.soil,2026-07-27T22:11:22.779Z,2026-07-27 17:11:22.779,17744,2a89d4,8gtt1h,0.7.3,fleet_logger_0_1,547110034,UMLIFE_v2_TLC555,ch3,origplant,soil_moisture,1598,,,OK,,,984.3,,name=c5off1;level=OK;role=disp;spread=38;gpio=6;device_seq=72947;time_source=device_synced;device_timestamp_utc=2026-07-27T22:11:01.949Z;config_id=170b1c1e;rssi=-57;uptime_s=547110;heap=152672;cal_tier=board-cal;cal_src=wet_rederive_1236_20260719;pressure_context_source=weather_openmeteo;transport=wifi_poll,
plants.env,2026-07-27T22:11:22.779Z,2026-07-27 17:11:22.779,17745,2a89d4,8gtt1h,0.7.3,fleet_logger_0_1,547110718,ESP32,esp32_die,on_chip,die_temp,,24.70,degC,OK,,,,,name=c5off1;source=esp32_die;cal=uncalibrated_board_proxy;api=temperatureRead;config_id=170b1c1e;transport=wifi_poll,
plants.soil,2026-07-27T22:11:53.277Z,2026-07-27 17:11:53.277,17746,2a89d4,8gtt1h,0.7.3,fleet_logger_0_1,547140034,UMLIFE_v2_TLC555,ch0,origplant,soil_moisture,1205,,,OK,,,984.3,,name=c5off1;level=overwatered;role=disp;spread=24;gpio=1;device_seq=72948;time_source=device_synced;device_timestamp_utc=2026-07-27T22:11:31.949Z;config_id=170b1c1e;rssi=-57;uptime_s=547140;heap=152416;cal_tier=board-cal;cal_src=wet_rederive_1236_20260719;pressure_context_source=weather_openmeteo;transport=wifi_poll,
plants.soil,2026-07-27T22:11:53.277Z,2026-07-27 17:11:53.277,17747,2a89d4,8gtt1h,0.7.3,fleet_logger_0_1,547140034,UMLIFE_v2_TLC555,ch1,origplant,soil_moisture,1335,,,OK,,,984.3,,name=c5off1;level=well watered;role=disp;spread=11;gpio=4;device_seq=72949;time_source=device_synced;device_timestamp_utc=2026-07-27T22:11:31.949Z;config_id=170b1c1e;rssi=-57;uptime_s=547140;heap=152416;cal_tier=board-cal;cal_src=wet_rederive_1236_20260719;pressure_context_source=weather_openmeteo;transport=wifi_poll,
plants.soil,2026-07-27T22:11:53.277Z,2026-07-27 17:11:53.277,17748,2a89d4,8gtt1h,0.7.3,fleet_logger_0_1,547140034,UMLIFE_v2_TLC555,ch2,origplant,soil_moisture,1186,,,OK,,,984.3,,name=c5off1;level=overwatered;role=disp;spread=7;gpio=5;device_seq=72950;time_source=device_synced;device_timestamp_utc=2026-07-27T22:11:31.949Z;config_id=170b1c1e;rssi=-57;uptime_s=547140;heap=152416;cal_tier=board-cal;cal_src=wet_rederive_1236_20260719;pressure_context_source=weather_openmeteo;transport=wifi_poll,
plants.soil,2026-07-27T22:11:53.277Z,2026-07-27 17:11:53.277,17749,2a89d4,8gtt1h,0.7.3,fleet_logger_0_1,547140034,UMLIFE_v2_TLC555,ch3,origplant,soil_moisture,1587,,,OK,,,984.3,,name=c5off1;level=OK;role=disp;spread=23;gpio=6;device_seq=72951;time_source=device_synced;device_timestamp_utc=2026-07-27T22:11:31.949Z;config_id=170b1c1e;rssi=-57;uptime_s=547140;heap=152416;cal_tier=board-cal;cal_src=wet_rederive_1236_20260719;pressure_context_source=weather_openmeteo;transport=wifi_poll,
plants.env,2026-07-27T22:11:53.277Z,2026-07-27 17:11:53.277,17750,2a89d4,8gtt1h,0.7.3,fleet_logger_0_1,547140718,ESP32,esp32_die,on_chip,die_temp,,24.70,degC,OK,,,,,name=c5off1;source=esp32_die;cal=uncalibrated_board_proxy;api=temperatureRead;config_id=170b1c1e;transport=wifi_poll,
plants.soil,2026-07-27T22:12:23.601Z,2026-07-27 17:12:23.601,17751,2a89d4,8gtt1h,0.7.3,fleet_logger_0_1,547170034,UMLIFE_v2_TLC555,ch0,origplant,soil_moisture,1206,,,OK,,,984.3,,name=c5off1;level=overwatered;role=disp;spread=11;gpio=1;device_seq=72952;time_source=device_synced;device_timestamp_utc=2026-07-27T22:12:01.949Z;config_id=170b1c1e;rssi=-60;uptime_s=547170;heap=152416;cal_tier=board-cal;cal_src=wet_rederive_1236_20260719;pressure_context_source=weather_openmeteo;transport=wifi_poll,
plants.soil,2026-07-27T22:12:23.601Z,2026-07-27 17:12:23.601,17752,2a89d4,8gtt1h,0.7.3,fleet_logger_0_1,547170034,UMLIFE_v2_TLC555,ch1,origplant,soil_moisture,1332,,,OK,,,984.3,,name=c5off1;level=well watered;role=disp;spread=18;gpio=4;device_seq=72953;time_source=device_synced;device_timestamp_utc=2026-07-27T22:12:01.949Z;config_id=170b1c1e;rssi=-60;uptime_s=547170;heap=152416;cal_tier=board-cal;cal_src=wet_rederive_1236_20260719;pressure_context_source=weather_openmeteo;transport=wifi_poll,
plants.soil,2026-07-27T22:12:23.601Z,2026-07-27 17:12:23.601,17753,2a89d4,8gtt1h,0.7.3,fleet_logger_0_1,547170034,UMLIFE_v2_TLC555,ch2,origplant,soil_moisture,1185,,,OK,,,984.3,,name=c5off1;level=overwatered;role=disp;spread=17;gpio=5;device_seq=72954;time_source=device_synced;device_timestamp_utc=2026-07-27T22:12:01.949Z;config_id=170b1c1e;rssi=-60;uptime_s=547170;heap=152416;cal_tier=board-cal;cal_src=wet_rederive_1236_20260719;pressure_context_source=weather_openmeteo;transport=wifi_poll,
plants.soil,2026-07-27T22:12:23.601Z,2026-07-27 17:12:23.601,17754,2a89d4,8gtt1h,0.7.3,fleet_logger_0_1,547170034,UMLIFE_v2_TLC555,ch3,origplant,soil_moisture,1581,,,OK,,,984.3,,name=c5off1;level=OK;role=disp;spread=20;gpio=6;device_seq=72955;time_source=device_synced;device_timestamp_utc=2026-07-27T22:12:01.949Z;config_id=170b1c1e;rssi=-60;uptime_s=547170;heap=152416;cal_tier=board-cal;cal_src=wet_rederive_1236_20260719;pressure_context_source=weather_openmeteo;transport=wifi_poll,
plants.env,2026-07-27T22:12:23.601Z,2026-07-27 17:12:23.601,17755,2a89d4,8gtt1h,0.7.3,fleet_logger_0_1,547170718,ESP32,esp32_die,on_chip,die_temp,,24.70,degC,OK,,,,,name=c5off1;source=esp32_die;cal=uncalibrated_board_proxy;api=temperatureRead;config_id=170b1c1e;transport=wifi_poll,
plants.soil,2026-07-27T22:12:54.019Z,2026-07-27 17:12:54.019,17756,2a89d4,8gtt1h,0.7.3,fleet_logger_0_1,547200034,UMLIFE_v2_TLC555,ch0,origplant,soil_moisture,1209,,,OK,,,984.3,,name=c5off1;level=overwatered;role=disp;spread=14;gpio=1;device_seq=72956;time_source=device_synced;device_timestamp_utc=2026-07-27T22:12:31.949Z;config_id=170b1c1e;rssi=-56;uptime_s=547200;heap=152672;cal_tier=board-cal;cal_src=wet_rederive_1236_20260719;pressure_context_source=weather_openmeteo;transport=wifi_poll,
plants.soil,2026-07-27T22:12:54.019Z,2026-07-27 17:12:54.019,17757,2a89d4,8gtt1h,0.7.3,fleet_logger_0_1,547200034,UMLIFE_v2_TLC555,ch1,origplant,soil_moisture,1335,,,OK,,,984.3,,name=c5off1;level=well watered;role=disp;spread=12;gpio=4;device_seq=72957;time_source=device_synced;device_timestamp_utc=2026-07-27T22:12:31.949Z;config_id=170b1c1e;rssi=-56;uptime_s=547200;heap=152672;cal_tier=board-cal;cal_src=wet_rederive_1236_20260719;pressure_context_source=weather_openmeteo;transport=wifi_poll,
plants.soil,2026-07-27T22:12:54.019Z,2026-07-27 17:12:54.019,17758,2a89d4,8gtt1h,0.7.3,fleet_logger_0_1,547200034,UMLIFE_v2_TLC555,ch2,origplant,soil_moisture,1188,,,OK,,,984.3,,name=c5off1;level=overwatered;role=disp;spread=13;gpio=5;device_seq=72958;time_source=device_synced;device_timestamp_utc=2026-07-27T22:12:31.949Z;config_id=170b1c1e;rssi=-56;uptime_s=547200;heap=152672;cal_tier=board-cal;cal_src=wet_rederive_1236_20260719;pressure_context_source=weather_openmeteo;transport=wifi_poll,
plants.soil,2026-07-27T22:12:54.019Z,2026-07-27 17:12:54.019,17759,2a89d4,8gtt1h,0.7.3,fleet_logger_0_1,547200034,UMLIFE_v2_TLC555,ch3,origplant,soil_moisture,1583,,,OK,,,984.3,,name=c5off1;level=OK;role=disp;spread=28;gpio=6;device_seq=72959;time_source=device_synced;device_timestamp_utc=2026-07-27T22:12:31.949Z;config_id=170b1c1e;rssi=-56;uptime_s=547200;heap=152672;cal_tier=board-cal;cal_src=wet_rederive_1236_20260719;pressure_context_source=weather_openmeteo;transport=wifi_poll,
plants.env,2026-07-27T22:12:54.019Z,2026-07-27 17:12:54.019,17760,2a89d4,8gtt1h,0.7.3,fleet_logger_0_1,547201818,ESP32,esp32_die,on_chip,die_temp,,24.70,degC,OK,,,,,name=c5off1;source=esp32_die;cal=uncalibrated_board_proxy;api=temperatureRead;config_id=170b1c1e;transport=wifi_poll,
plants.soil,2026-07-27T22:13:24.527Z,2026-07-27 17:13:24.527,17761,2a89d4,8gtt1h,0.7.3,fleet_logger_0_1,547230034,UMLIFE_v2_TLC555,ch0,origplant,soil_moisture,1213,,,OK,,,984.3,,name=c5off1;level=overwatered;role=disp;spread=14;gpio=1;device_seq=72960;time_source=device_synced;device_timestamp_utc=2026-07-27T22:13:01.949Z;config_id=170b1c1e;rssi=-58;uptime_s=547230;heap=152624;cal_tier=board-cal;cal_src=wet_rederive_1236_20260719;pressure_context_source=weather_openmeteo;transport=wifi_poll,
plants.soil,2026-07-27T22:13:24.527Z,2026-07-27 17:13:24.527,17762,2a89d4,8gtt1h,0.7.3,fleet_logger_0_1,547230034,UMLIFE_v2_TLC555,ch1,origplant,soil_moisture,1337,,,OK,,,984.3,,name=c5off1;level=well watered;role=disp;spread=17;gpio=4;device_seq=72961;time_source=device_synced;device_timestamp_utc=2026-07-27T22:13:01.949Z;config_id=170b1c1e;rssi=-58;uptime_s=547230;heap=152624;cal_tier=board-cal;cal_src=wet_rederive_1236_20260719;pressure_context_source=weather_openmeteo;transport=wifi_poll,
plants.soil,2026-07-27T22:13:24.527Z,2026-07-27 17:13:24.527,17763,2a89d4,8gtt1h,0.7.3,fleet_logger_0_1,547230034,UMLIFE_v2_TLC555,ch2,origplant,soil_moisture,1186,,,OK,,,984.3,,name=c5off1;level=overwatered;role=disp;spread=18;gpio=5;device_seq=72962;time_source=device_synced;device_timestamp_utc=2026-07-27T22:13:01.949Z;config_id=170b1c1e;rssi=-58;uptime_s=547230;heap=152624;cal_tier=board-cal;cal_src=wet_rederive_1236_20260719;pressure_context_source=weather_openmeteo;transport=wifi_poll,
plants.soil,2026-07-27T22:13:24.527Z,2026-07-27 17:13:24.527,17764,2a89d4,8gtt1h,0.7.3,fleet_logger_0_1,547230034,UMLIFE_v2_TLC555,ch3,origplant,soil_moisture,1582,,,OK,,,984.3,,name=c5off1;level=OK;role=disp;spread=22;gpio=6;device_seq=72963;time_source=device_synced;device_timestamp_utc=2026-07-27T22:13:01.949Z;config_id=170b1c1e;rssi=-58;uptime_s=547230;heap=152624;cal_tier=board-cal;cal_src=wet_rederive_1236_20260719;pressure_context_source=weather_openmeteo;transport=wifi_poll,
plants.env,2026-07-27T22:13:24.527Z,2026-07-27 17:13:24.527,17765,2a89d4,8gtt1h,0.7.3,fleet_logger_0_1,547230718,ESP32,esp32_die,on_chip,die_temp,,24.70,degC,OK,,,,,name=c5off1;source=esp32_die;cal=uncalibrated_board_proxy;api=temperatureRead;config_id=170b1c1e;transport=wifi_poll,
plants.soil,2026-07-27T22:13:55.259Z,2026-07-27 17:13:55.259,17766,2a89d4,8gtt1h,0.7.3,fleet_logger_0_1,547260034,UMLIFE_v2_TLC555,ch0,origplant,soil_moisture,1222,,,OK,,,984.3,,name=c5off1;level=overwatered;role=disp;spread=13;gpio=1;device_seq=72964;time_source=device_synced;device_timestamp_utc=2026-07-27T22:13:31.949Z;config_id=170b1c1e;rssi=-55;uptime_s=547260;heap=152672;cal_tier=board-cal;cal_src=wet_rederive_1236_20260719;pressure_context_source=weather_openmeteo;transport=wifi_poll,
plants.soil,2026-07-27T22:13:55.259Z,2026-07-27 17:13:55.259,17767,2a89d4,8gtt1h,0.7.3,fleet_logger_0_1,547260034,UMLIFE_v2_TLC555,ch1,origplant,soil_moisture,1342,,,OK,,,984.3,,name=c5off1;level=well watered;role=disp;spread=9;gpio=4;device_seq=72965;time_source=device_synced;device_timestamp_utc=2026-07-27T22:13:31.949Z;config_id=170b1c1e;rssi=-55;uptime_s=547260;heap=152672;cal_tier=board-cal;cal_src=wet_rederive_1236_20260719;pressure_context_source=weather_openmeteo;transport=wifi_poll,
plants.soil,2026-07-27T22:13:55.259Z,2026-07-27 17:13:55.259,17768,2a89d4,8gtt1h,0.7.3,fleet_logger_0_1,547260034,UMLIFE_v2_TLC555,ch2,origplant,soil_moisture,1189,,,OK,,,984.3,,name=c5off1;level=overwatered;role=disp;spread=20;gpio=5;device_seq=72966;time_source=device_synced;device_timestamp_utc=2026-07-27T22:13:31.949Z;config_id=170b1c1e;rssi=-55;uptime_s=547260;heap=152672;cal_tier=board-cal;cal_src=wet_rederive_1236_20260719;pressure_context_source=weather_openmeteo;transport=wifi_poll,
plants.soil,2026-07-27T22:13:55.259Z,2026-07-27 17:13:55.259,17769,2a89d4,8gtt1h,0.7.3,fleet_logger_0_1,547260034,UMLIFE_v2_TLC555,ch3,origplant,soil_moisture,1585,,,OK,,,984.3,,name=c5off1;level=OK;role=disp;spread=6;gpio=6;device_seq=72967;time_source=device_synced;device_timestamp_utc=2026-07-27T22:13:31.949Z;config_id=170b1c1e;rssi=-55;uptime_s=547260;heap=152672;cal_tier=board-cal;cal_src=wet_rederive_1236_20260719;pressure_context_source=weather_openmeteo;transport=wifi_poll,
plants.env,2026-07-27T22:13:55.259Z,2026-07-27 17:13:55.259,17770,2a89d4,8gtt1h,0.7.3,fleet_logger_0_1,547260718,ESP32,esp32_die,on_chip,die_temp,,24.70,degC,OK,,,,,name=c5off1;source=esp32_die;cal=uncalibrated_board_proxy;api=temperatureRead;config_id=170b1c1e;transport=wifi_poll,
plants.soil,2026-07-27T22:14:25.963Z,2026-07-27 17:14:25.963,17771,2a89d4,8gtt1h,0.7.3,fleet_logger_0_1,547290034,UMLIFE_v2_TLC555,ch0,origplant,soil_moisture,1226,,,OK,,,984.3,,name=c5off1;level=overwatered;role=disp;spread=8;gpio=1;device_seq=72968;time_source=device_synced;device_timestamp_utc=2026-07-27T22:14:01.949Z;config_id=170b1c1e;rssi=-56;uptime_s=547290;heap=152672;cal_tier=board-cal;cal_src=wet_rederive_1236_20260719;pressure_context_source=weather_openmeteo;transport=wifi_poll,
plants.soil,2026-07-27T22:14:25.963Z,2026-07-27 17:14:25.963,17772,2a89d4,8gtt1h,0.7.3,fleet_logger_0_1,547290034,UMLIFE_v2_TLC555,ch1,origplant,soil_moisture,1352,,,OK,,,984.3,,name=c5off1;level=well watered;role=disp;spread=13;gpio=4;device_seq=72969;time_source=device_synced;device_timestamp_utc=2026-07-27T22:14:01.949Z;config_id=170b1c1e;rssi=-56;uptime_s=547290;heap=152672;cal_tier=board-cal;cal_src=wet_rederive_1236_20260719;pressure_context_source=weather_openmeteo;transport=wifi_poll,
plants.soil,2026-07-27T22:14:25.963Z,2026-07-27 17:14:25.963,17773,2a89d4,8gtt1h,0.7.3,fleet_logger_0_1,547290034,UMLIFE_v2_TLC555,ch2,origplant,soil_moisture,1186,,,OK,,,984.3,,name=c5off1;level=overwatered;role=disp;spread=18;gpio=5;device_seq=72970;time_source=device_synced;device_timestamp_utc=2026-07-27T22:14:01.949Z;config_id=170b1c1e;rssi=-56;uptime_s=547290;heap=152672;cal_tier=board-cal;cal_src=wet_rederive_1236_20260719;pressure_context_source=weather_openmeteo;transport=wifi_poll,
plants.soil,2026-07-27T22:14:25.963Z,2026-07-27 17:14:25.963,17774,2a89d4,8gtt1h,0.7.3,fleet_logger_0_1,547290034,UMLIFE_v2_TLC555,ch3,origplant,soil_moisture,1584,,,OK,,,984.3,,name=c5off1;level=OK;role=disp;spread=38;gpio=6;device_seq=72971;time_source=device_synced;device_timestamp_utc=2026-07-27T22:14:01.949Z;config_id=170b1c1e;rssi=-56;uptime_s=547290;heap=152672;cal_tier=board-cal;cal_src=wet_rederive_1236_20260719;pressure_context_source=weather_openmeteo;transport=wifi_poll,
plants.env,2026-07-27T22:14:25.963Z,2026-07-27 17:14:25.963,17775,2a89d4,8gtt1h,0.7.3,fleet_logger_0_1,547290718,ESP32,esp32_die,on_chip,die_temp,,25.70,degC,OK,,,,,name=c5off1;source=esp32_die;cal=uncalibrated_board_proxy;api=temperatureRead;config_id=170b1c1e;transport=wifi_poll,
plants.soil,2026-07-27T22:14:56.497Z,2026-07-27 17:14:56.497,17776,2a89d4,8gtt1h,0.7.3,fleet_logger_0_1,547320034,UMLIFE_v2_TLC555,ch0,origplant,soil_moisture,1226,,,OK,,,984.3,,name=c5off1;level=overwatered;role=disp;spread=8;gpio=1;device_seq=72972;time_source=device_synced;device_timestamp_utc=2026-07-27T22:14:31.949Z;config_id=170b1c1e;rssi=-57;uptime_s=547320;heap=152416;cal_tier=board-cal;cal_src=wet_rederive_1236_20260719;pressure_context_source=weather_openmeteo;transport=wifi_poll,
plants.soil,2026-07-27T22:14:56.497Z,2026-07-27 17:14:56.497,17777,2a89d4,8gtt1h,0.7.3,fleet_logger_0_1,547320034,UMLIFE_v2_TLC555,ch1,origplant,soil_moisture,1353,,,OK,,,984.3,,name=c5off1;level=well watered;role=disp;spread=20;gpio=4;device_seq=72973;time_source=device_synced;device_timestamp_utc=2026-07-27T22:14:31.949Z;config_id=170b1c1e;rssi=-57;uptime_s=547320;heap=152416;cal_tier=board-cal;cal_src=wet_rederive_1236_20260719;pressure_context_source=weather_openmeteo;transport=wifi_poll,
plants.soil,2026-07-27T22:14:56.497Z,2026-07-27 17:14:56.497,17778,2a89d4,8gtt1h,0.7.3,fleet_logger_0_1,547320034,UMLIFE_v2_TLC555,ch2,origplant,soil_moisture,1184,,,OK,,,984.3,,name=c5off1;level=overwatered;role=disp;spread=13;gpio=5;device_seq=72974;time_source=device_synced;device_timestamp_utc=2026-07-27T22:14:31.949Z;config_id=170b1c1e;rssi=-57;uptime_s=547320;heap=152416;cal_tier=board-cal;cal_src=wet_rederive_1236_20260719;pressure_context_source=weather_openmeteo;transport=wifi_poll,
plants.soil,2026-07-27T22:14:56.497Z,2026-07-27 17:14:56.497,17779,2a89d4,8gtt1h,0.7.3,fleet_logger_0_1,547320034,UMLIFE_v2_TLC555,ch3,origplant,soil_moisture,1586,,,OK,,,984.3,,name=c5off1;level=OK;role=disp;spread=26;gpio=6;device_seq=72975;time_source=device_synced;device_timestamp_utc=2026-07-27T22:14:31.949Z;config_id=170b1c1e;rssi=-57;uptime_s=547320;heap=152416;cal_tier=board-cal;cal_src=wet_rederive_1236_20260719;pressure_context_source=weather_openmeteo;transport=wifi_poll,
plants.env,2026-07-27T22:14:56.497Z,2026-07-27 17:14:56.497,17780,2a89d4,8gtt1h,0.7.3,fleet_logger_0_1,547320718,ESP32,esp32_die,on_chip,die_temp,,24.70,degC,OK,,,,,name=c5off1;source=esp32_die;cal=uncalibrated_board_proxy;api=temperatureRead;config_id=170b1c1e;transport=wifi_poll,
plants.soil,2026-07-27T22:15:26.892Z,2026-07-27 17:15:26.892,17781,2a89d4,8gtt1h,0.7.3,fleet_logger_0_1,547350034,UMLIFE_v2_TLC555,ch0,origplant,soil_moisture,1227,,,OK,,,984.3,,name=c5off1;level=overwatered;role=disp;spread=16;gpio=1;device_seq=72976;time_source=device_synced;device_timestamp_utc=2026-07-27T22:15:01.949Z;config_id=170b1c1e;rssi=-56;uptime_s=547350;heap=152368;cal_tier=board-cal;cal_src=wet_rederive_1236_20260719;pressure_context_source=weather_openmeteo;transport=wifi_poll,
plants.soil,2026-07-27T22:15:26.892Z,2026-07-27 17:15:26.892,17782,2a89d4,8gtt1h,0.7.3,fleet_logger_0_1,547350034,UMLIFE_v2_TLC555,ch1,origplant,soil_moisture,1353,,,OK,,,984.3,,name=c5off1;level=well watered;role=disp;spread=21;gpio=4;device_seq=72977;time_source=device_synced;device_timestamp_utc=2026-07-27T22:15:01.949Z;config_id=170b1c1e;rssi=-56;uptime_s=547350;heap=152368;cal_tier=board-cal;cal_src=wet_rederive_1236_20260719;pressure_context_source=weather_openmeteo;transport=wifi_poll,
plants.soil,2026-07-27T22:15:26.892Z,2026-07-27 17:15:26.892,17783,2a89d4,8gtt1h,0.7.3,fleet_logger_0_1,547350034,UMLIFE_v2_TLC555,ch2,origplant,soil_moisture,1189,,,OK,,,984.3,,name=c5off1;level=overwatered;role=disp;spread=14;gpio=5;device_seq=72978;time_source=device_synced;device_timestamp_utc=2026-07-27T22:15:01.949Z;config_id=170b1c1e;rssi=-56;uptime_s=547350;heap=152368;cal_tier=board-cal;cal_src=wet_rederive_1236_20260719;pressure_context_source=weather_openmeteo;transport=wifi_poll,
plants.soil,2026-07-27T22:15:26.892Z,2026-07-27 17:15:26.892,17784,2a89d4,8gtt1h,0.7.3,fleet_logger_0_1,547350034,UMLIFE_v2_TLC555,ch3,origplant,soil_moisture,1594,,,OK,,,984.3,,name=c5off1;level=OK;role=disp;spread=24;gpio=6;device_seq=72979;time_source=device_synced;device_timestamp_utc=2026-07-27T22:15:01.949Z;config_id=170b1c1e;rssi=-56;uptime_s=547350;heap=152368;cal_tier=board-cal;cal_src=wet_rederive_1236_20260719;pressure_context_source=weather_openmeteo;transport=wifi_poll,
plants.env,2026-07-27T22:15:26.892Z,2026-07-27 17:15:26.892,17785,2a89d4,8gtt1h,0.7.3,fleet_logger_0_1,547350718,ESP32,esp32_die,on_chip,die_temp,,24.70,degC,OK,,,,,name=c5off1;source=esp32_die;cal=uncalibrated_board_proxy;api=temperatureRead;config_id=170b1c1e;transport=wifi_poll,
plants.soil,2026-07-27T22:15:58.012Z,2026-07-27 17:15:58.012,17786,2a89d4,8gtt1h,0.7.3,fleet_logger_0_1,547380034,UMLIFE_v2_TLC555,ch0,origplant,soil_moisture,1218,,,OK,,,984.3,,name=c5off1;level=overwatered;role=disp;spread=3;gpio=1;device_seq=72980;time_source=device_synced;device_timestamp_utc=2026-07-27T22:15:31.949Z;config_id=170b1c1e;rssi=-57;uptime_s=547380;heap=152624;cal_tier=board-cal;cal_src=wet_rederive_1236_20260719;pressure_context_source=weather_openmeteo;transport=wifi_poll,
plants.soil,2026-07-27T22:15:58.012Z,2026-07-27 17:15:58.012,17787,2a89d4,8gtt1h,0.7.3,fleet_logger_0_1,547380034,UMLIFE_v2_TLC555,ch1,origplant,soil_moisture,1350,,,OK,,,984.3,,name=c5off1;level=well watered;role=disp;spread=16;gpio=4;device_seq=72981;time_source=device_synced;device_timestamp_utc=2026-07-27T22:15:31.949Z;config_id=170b1c1e;rssi=-57;uptime_s=547380;heap=152624;cal_tier=board-cal;cal_src=wet_rederive_1236_20260719;pressure_context_source=weather_openmeteo;transport=wifi_poll,
plants.soil,2026-07-27T22:15:58.012Z,2026-07-27 17:15:58.012,17788,2a89d4,8gtt1h,0.7.3,fleet_logger_0_1,547380034,UMLIFE_v2_TLC555,ch2,origplant,soil_moisture,1188,,,OK,,,984.3,,name=c5off1;level=overwatered;role=disp;spread=23;gpio=5;device_seq=72982;time_source=device_synced;device_timestamp_utc=2026-07-27T22:15:31.949Z;config_id=170b1c1e;rssi=-57;uptime_s=547380;heap=152624;cal_tier=board-cal;cal_src=wet_rederive_1236_20260719;pressure_context_source=weather_openmeteo;transport=wifi_poll,
plants.soil,2026-07-27T22:15:58.012Z,2026-07-27 17:15:58.012,17789,2a89d4,8gtt1h,0.7.3,fleet_logger_0_1,547380034,UMLIFE_v2_TLC555,ch3,origplant,soil_moisture,1599,,,OK,,,984.3,,name=c5off1;level=OK;role=disp;spread=20;gpio=6;device_seq=72983;time_source=device_synced;device_timestamp_utc=2026-07-27T22:15:31.949Z;config_id=170b1c1e;rssi=-57;uptime_s=547380;heap=152624;cal_tier=board-cal;cal_src=wet_rederive_1236_20260719;pressure_context_source=weather_openmeteo;transport=wifi_poll,
plants.env,2026-07-27T22:15:58.012Z,2026-07-27 17:15:58.012,17790,2a89d4,8gtt1h,0.7.3,fleet_logger_0_1,547380718,ESP32,esp32_die,on_chip,die_temp,,24.70,degC,OK,,,,,name=c5off1;source=esp32_die;cal=uncalibrated_board_proxy;api=temperatureRead;config_id=170b1c1e;transport=wifi_poll,
plants.soil,2026-07-27T22:16:28.634Z,2026-07-27 17:16:28.634,17791,2a89d4,8gtt1h,0.7.3,fleet_logger_0_1,547410034,UMLIFE_v2_TLC555,ch0,origplant,soil_moisture,1224,,,OK,,,984.3,,name=c5off1;level=overwatered;role=disp;spread=13;gpio=1;device_seq=72984;time_source=device_synced;device_timestamp_utc=2026-07-27T22:16:01.949Z;config_id=170b1c1e;rssi=-57;uptime_s=547410;heap=152624;cal_tier=board-cal;cal_src=wet_rederive_1236_20260719;pressure_context_source=weather_openmeteo;transport=wifi_poll,
plants.soil,2026-07-27T22:16:28.634Z,2026-07-27 17:16:28.634,17792,2a89d4,8gtt1h,0.7.3,fleet_logger_0_1,547410034,UMLIFE_v2_TLC555,ch1,origplant,soil_moisture,1353,,,OK,,,984.3,,name=c5off1;level=well watered;role=disp;spread=19;gpio=4;device_seq=72985;time_source=device_synced;device_timestamp_utc=2026-07-27T22:16:01.949Z;config_id=170b1c1e;rssi=-57;uptime_s=547410;heap=152624;cal_tier=board-cal;cal_src=wet_rederive_1236_20260719;pressure_context_source=weather_openmeteo;transport=wifi_poll,
plants.soil,2026-07-27T22:16:28.634Z,2026-07-27 17:16:28.634,17793,2a89d4,8gtt1h,0.7.3,fleet_logger_0_1,547410034,UMLIFE_v2_TLC555,ch2,origplant,soil_moisture,1188,,,OK,,,984.3,,name=c5off1;level=overwatered;role=disp;spread=8;gpio=5;device_seq=72986;time_source=device_synced;device_timestamp_utc=2026-07-27T22:16:01.949Z;config_id=170b1c1e;rssi=-57;uptime_s=547410;heap=152624;cal_tier=board-cal;cal_src=wet_rederive_1236_20260719;pressure_context_source=weather_openmeteo;transport=wifi_poll,
plants.soil,2026-07-27T22:16:28.634Z,2026-07-27 17:16:28.634,17794,2a89d4,8gtt1h,0.7.3,fleet_logger_0_1,547410034,UMLIFE_v2_TLC555,ch3,origplant,soil_moisture,1597,,,OK,,,984.3,,name=c5off1;level=OK;role=disp;spread=24;gpio=6;device_seq=72987;time_source=device_synced;device_timestamp_utc=2026-07-27T22:16:01.949Z;config_id=170b1c1e;rssi=-57;uptime_s=547410;heap=152624;cal_tier=board-cal;cal_src=wet_rederive_1236_20260719;pressure_context_source=weather_openmeteo;transport=wifi_poll,
plants.env,2026-07-27T22:16:28.634Z,2026-07-27 17:16:28.634,17795,2a89d4,8gtt1h,0.7.3,fleet_logger_0_1,547410719,ESP32,esp32_die,on_chip,die_temp,,24.70,degC,OK,,,,,name=c5off1;source=esp32_die;cal=uncalibrated_board_proxy;api=temperatureRead;config_id=170b1c1e;transport=wifi_poll,
plants.soil,2026-07-27T22:16:58.947Z,2026-07-27 17:16:58.947,17796,2a89d4,8gtt1h,0.7.3,fleet_logger_0_1,547440034,UMLIFE_v2_TLC555,ch0,origplant,soil_moisture,1225,,,OK,,,984.3,,name=c5off1;level=overwatered;role=disp;spread=8;gpio=1;device_seq=72988;time_source=device_synced;device_timestamp_utc=2026-07-27T22:16:31.949Z;config_id=170b1c1e;rssi=-58;uptime_s=547440;heap=152660;cal_tier=board-cal;cal_src=wet_rederive_1236_20260719;pressure_context_source=weather_openmeteo;transport=wifi_poll,
plants.soil,2026-07-27T22:16:58.947Z,2026-07-27 17:16:58.947,17797,2a89d4,8gtt1h,0.7.3,fleet_logger_0_1,547440034,UMLIFE_v2_TLC555,ch1,origplant,soil_moisture,1352,,,OK,,,984.3,,name=c5off1;level=well watered;role=disp;spread=17;gpio=4;device_seq=72989;time_source=device_synced;device_timestamp_utc=2026-07-27T22:16:31.949Z;config_id=170b1c1e;rssi=-58;uptime_s=547440;heap=152660;cal_tier=board-cal;cal_src=wet_rederive_1236_20260719;pressure_context_source=weather_openmeteo;transport=wifi_poll,
plants.soil,2026-07-27T22:16:58.947Z,2026-07-27 17:16:58.947,17798,2a89d4,8gtt1h,0.7.3,fleet_logger_0_1,547440034,UMLIFE_v2_TLC555,ch2,origplant,soil_moisture,1187,,,OK,,,984.3,,name=c5off1;level=overwatered;role=disp;spread=9;gpio=5;device_seq=72990;time_source=device_synced;device_timestamp_utc=2026-07-27T22:16:31.949Z;config_id=170b1c1e;rssi=-58;uptime_s=547440;heap=152660;cal_tier=board-cal;cal_src=wet_rederive_1236_20260719;pressure_context_source=weather_openmeteo;transport=wifi_poll,
plants.soil,2026-07-27T22:16:58.947Z,2026-07-27 17:16:58.947,17799,2a89d4,8gtt1h,0.7.3,fleet_logger_0_1,547440034,UMLIFE_v2_TLC555,ch3,origplant,soil_moisture,1598,,,OK,,,984.3,,name=c5off1;level=OK;role=disp;spread=34;gpio=6;device_seq=72991;time_source=device_synced;device_timestamp_utc=2026-07-27T22:16:31.949Z;config_id=170b1c1e;rssi=-58;uptime_s=547440;heap=152660;cal_tier=board-cal;cal_src=wet_rederive_1236_20260719;pressure_context_source=weather_openmeteo;transport=wifi_poll,
plants.env,2026-07-27T22:16:58.947Z,2026-07-27 17:16:58.947,17800,2a89d4,8gtt1h,0.7.3,fleet_logger_0_1,547440718,ESP32,esp32_die,on_chip,die_temp,,24.70,degC,OK,,,,,name=c5off1;source=esp32_die;cal=uncalibrated_board_proxy;api=temperatureRead;config_id=170b1c1e;transport=wifi_poll,
plants.soil,2026-07-27T22:17:29.280Z,2026-07-27 17:17:29.280,17801,2a89d4,8gtt1h,0.7.3,fleet_logger_0_1,547470034,UMLIFE_v2_TLC555,ch0,origplant,soil_moisture,1225,,,OK,,,984.3,,name=c5off1;level=overwatered;role=disp;spread=15;gpio=1;device_seq=72992;time_source=device_synced;device_timestamp_utc=2026-07-27T22:17:01.949Z;config_id=170b1c1e;rssi=-56;uptime_s=547470;heap=152672;cal_tier=board-cal;cal_src=wet_rederive_1236_20260719;pressure_context_source=weather_openmeteo;transport=wifi_poll,
plants.soil,2026-07-27T22:17:29.280Z,2026-07-27 17:17:29.280,17802,2a89d4,8gtt1h,0.7.3,fleet_logger_0_1,547470034,UMLIFE_v2_TLC555,ch1,origplant,soil_moisture,1350,,,OK,,,984.3,,name=c5off1;level=well watered;role=disp;spread=22;gpio=4;device_seq=72993;time_source=device_synced;device_timestamp_utc=2026-07-27T22:17:01.949Z;config_id=170b1c1e;rssi=-56;uptime_s=547470;heap=152672;cal_tier=board-cal;cal_src=wet_rederive_1236_20260719;pressure_context_source=weather_openmeteo;transport=wifi_poll,
plants.soil,2026-07-27T22:17:29.280Z,2026-07-27 17:17:29.280,17803,2a89d4,8gtt1h,0.7.3,fleet_logger_0_1,547470034,UMLIFE_v2_TLC555,ch2,origplant,soil_moisture,1187,,,OK,,,984.3,,name=c5off1;level=overwatered;role=disp;spread=11;gpio=5;device_seq=72994;time_source=device_synced;device_timestamp_utc=2026-07-27T22:17:01.949Z;config_id=170b1c1e;rssi=-56;uptime_s=547470;heap=152672;cal_tier=board-cal;cal_src=wet_rederive_1236_20260719;pressure_context_source=weather_openmeteo;transport=wifi_poll,
plants.soil,2026-07-27T22:17:29.280Z,2026-07-27 17:17:29.280,17804,2a89d4,8gtt1h,0.7.3,fleet_logger_0_1,547470034,UMLIFE_v2_TLC555,ch3,origplant,soil_moisture,1599,,,OK,,,984.3,,name=c5off1;level=OK;role=disp;spread=27;gpio=6;device_seq=72995;time_source=device_synced;device_timestamp_utc=2026-07-27T22:17:01.949Z;config_id=170b1c1e;rssi=-56;uptime_s=547470;heap=152672;cal_tier=board-cal;cal_src=wet_rederive_1236_20260719;pressure_context_source=weather_openmeteo;transport=wifi_poll,
plants.env,2026-07-27T22:17:29.280Z,2026-07-27 17:17:29.280,17805,2a89d4,8gtt1h,0.7.3,fleet_logger_0_1,547470718,ESP32,esp32_die,on_chip,die_temp,,24.70,degC,OK,,,,,name=c5off1;source=esp32_die;cal=uncalibrated_board_proxy;api=temperatureRead;config_id=170b1c1e;transport=wifi_poll,
plants.soil,2026-07-27T22:17:59.668Z,2026-07-27 17:17:59.668,17806,2a89d4,8gtt1h,0.7.3,fleet_logger_0_1,547500034,UMLIFE_v2_TLC555,ch0,origplant,soil_moisture,1226,,,OK,,,984.3,,name=c5off1;level=overwatered;role=disp;spread=12;gpio=1;device_seq=72996;time_source=device_synced;device_timestamp_utc=2026-07-27T22:17:31.949Z;config_id=170b1c1e;rssi=-55;uptime_s=547500;heap=152416;cal_tier=board-cal;cal_src=wet_rederive_1236_20260719;pressure_context_source=weather_openmeteo;transport=wifi_poll,
plants.soil,2026-07-27T22:17:59.668Z,2026-07-27 17:17:59.668,17807,2a89d4,8gtt1h,0.7.3,fleet_logger_0_1,547500034,UMLIFE_v2_TLC555,ch1,origplant,soil_moisture,1353,,,OK,,,984.3,,name=c5off1;level=well watered;role=disp;spread=27;gpio=4;device_seq=72997;time_source=device_synced;device_timestamp_utc=2026-07-27T22:17:31.949Z;config_id=170b1c1e;rssi=-55;uptime_s=547500;heap=152416;cal_tier=board-cal;cal_src=wet_rederive_1236_20260719;pressure_context_source=weather_openmeteo;transport=wifi_poll,
plants.soil,2026-07-27T22:17:59.668Z,2026-07-27 17:17:59.668,17808,2a89d4,8gtt1h,0.7.3,fleet_logger_0_1,547500034,UMLIFE_v2_TLC555,ch2,origplant,soil_moisture,1187,,,OK,,,984.3,,name=c5off1;level=overwatered;role=disp;spread=15;gpio=5;device_seq=72998;time_source=device_synced;device_timestamp_utc=2026-07-27T22:17:31.949Z;config_id=170b1c1e;rssi=-55;uptime_s=547500;heap=152416;cal_tier=board-cal;cal_src=wet_rederive_1236_20260719;pressure_context_source=weather_openmeteo;transport=wifi_poll,
plants.soil,2026-07-27T22:17:59.668Z,2026-07-27 17:17:59.668,17809,2a89d4,8gtt1h,0.7.3,fleet_logger_0_1,547500034,UMLIFE_v2_TLC555,ch3,origplant,soil_moisture,1596,,,OK,,,984.3,,name=c5off1;level=OK;role=disp;spread=27;gpio=6;device_seq=72999;time_source=device_synced;device_timestamp_utc=2026-07-27T22:17:31.949Z;config_id=170b1c1e;rssi=-55;uptime_s=547500;heap=152416;cal_tier=board-cal;cal_src=wet_rederive_1236_20260719;pressure_context_source=weather_openmeteo;transport=wifi_poll,
plants.env,2026-07-27T22:17:59.668Z,2026-07-27 17:17:59.668,17810,2a89d4,8gtt1h,0.7.3,fleet_logger_0_1,547500718,ESP32,esp32_die,on_chip,die_temp,,24.70,degC,OK,,,,,name=c5off1;source=esp32_die;cal=uncalibrated_board_proxy;api=temperatureRead;config_id=170b1c1e;transport=wifi_poll,
plants.soil,2026-07-27T22:18:29.987Z,2026-07-27 17:18:29.987,17811,2a89d4,8gtt1h,0.7.3,fleet_logger_0_1,547530034,UMLIFE_v2_TLC555,ch0,origplant,soil_moisture,1225,,,OK,,,984.3,,name=c5off1;level=overwatered;role=disp;spread=11;gpio=1;device_seq=73000;time_source=device_synced;device_timestamp_utc=2026-07-27T22:18:01.949Z;config_id=170b1c1e;rssi=-59;uptime_s=547530;heap=152416;cal_tier=board-cal;cal_src=wet_rederive_1236_20260719;pressure_context_source=weather_openmeteo;transport=wifi_poll,
plants.soil,2026-07-27T22:18:29.987Z,2026-07-27 17:18:29.987,17812,2a89d4,8gtt1h,0.7.3,fleet_logger_0_1,547530034,UMLIFE_v2_TLC555,ch1,origplant,soil_moisture,1352,,,OK,,,984.3,,name=c5off1;level=well watered;role=disp;spread=15;gpio=4;device_seq=73001;time_source=device_synced;device_timestamp_utc=2026-07-27T22:18:01.949Z;config_id=170b1c1e;rssi=-59;uptime_s=547530;heap=152416;cal_tier=board-cal;cal_src=wet_rederive_1236_20260719;pressure_context_source=weather_openmeteo;transport=wifi_poll,
plants.soil,2026-07-27T22:18:29.987Z,2026-07-27 17:18:29.987,17813,2a89d4,8gtt1h,0.7.3,fleet_logger_0_1,547530034,UMLIFE_v2_TLC555,ch2,origplant,soil_moisture,1187,,,OK,,,984.3,,name=c5off1;level=overwatered;role=disp;spread=19;gpio=5;device_seq=73002;time_source=device_synced;device_timestamp_utc=2026-07-27T22:18:01.949Z;config_id=170b1c1e;rssi=-59;uptime_s=547530;heap=152416;cal_tier=board-cal;cal_src=wet_rederive_1236_20260719;pressure_context_source=weather_openmeteo;transport=wifi_poll,
plants.soil,2026-07-27T22:18:29.987Z,2026-07-27 17:18:29.987,17814,2a89d4,8gtt1h,0.7.3,fleet_logger_0_1,547530034,UMLIFE_v2_TLC555,ch3,origplant,soil_moisture,1597,,,OK,,,984.3,,name=c5off1;level=OK;role=disp;spread=20;gpio=6;device_seq=73003;time_source=device_synced;device_timestamp_utc=2026-07-27T22:18:01.949Z;config_id=170b1c1e;rssi=-59;uptime_s=547530;heap=152416;cal_tier=board-cal;cal_src=wet_rederive_1236_20260719;pressure_context_source=weather_openmeteo;transport=wifi_poll,
plants.env,2026-07-27T22:18:29.987Z,2026-07-27 17:18:29.987,17815,2a89d4,8gtt1h,0.7.3,fleet_logger_0_1,547530718,ESP32,esp32_die,on_chip,die_temp,,24.70,degC,OK,,,,,name=c5off1;source=esp32_die;cal=uncalibrated_board_proxy;api=temperatureRead;config_id=170b1c1e;transport=wifi_poll,
plants.soil,2026-07-27T22:19:00.402Z,2026-07-27 17:19:00.402,17816,2a89d4,8gtt1h,0.7.3,fleet_logger_0_1,547560034,UMLIFE_v2_TLC555,ch0,origplant,soil_moisture,1225,,,OK,,,984.3,,name=c5off1;level=overwatered;role=disp;spread=23;gpio=1;device_seq=73004;time_source=device_synced;device_timestamp_utc=2026-07-27T22:18:31.949Z;config_id=170b1c1e;rssi=-55;uptime_s=547560;heap=152672;cal_tier=board-cal;cal_src=wet_rederive_1236_20260719;pressure_context_source=weather_openmeteo;transport=wifi_poll,
plants.soil,2026-07-27T22:19:00.402Z,2026-07-27 17:19:00.402,17817,2a89d4,8gtt1h,0.7.3,fleet_logger_0_1,547560034,UMLIFE_v2_TLC555,ch1,origplant,soil_moisture,1352,,,OK,,,984.3,,name=c5off1;level=well watered;role=disp;spread=26;gpio=4;device_seq=73005;time_source=device_synced;device_timestamp_utc=2026-07-27T22:18:31.949Z;config_id=170b1c1e;rssi=-55;uptime_s=547560;heap=152672;cal_tier=board-cal;cal_src=wet_rederive_1236_20260719;pressure_context_source=weather_openmeteo;transport=wifi_poll,
plants.soil,2026-07-27T22:19:00.402Z,2026-07-27 17:19:00.402,17818,2a89d4,8gtt1h,0.7.3,fleet_logger_0_1,547560034,UMLIFE_v2_TLC555,ch2,origplant,soil_moisture,1187,,,OK,,,984.3,,name=c5off1;level=overwatered;role=disp;spread=10;gpio=5;device_seq=73006;time_source=device_synced;device_timestamp_utc=2026-07-27T22:18:31.949Z;config_id=170b1c1e;rssi=-55;uptime_s=547560;heap=152672;cal_tier=board-cal;cal_src=wet_rederive_1236_20260719;pressure_context_source=weather_openmeteo;transport=wifi_poll,
plants.soil,2026-07-27T22:19:00.402Z,2026-07-27 17:19:00.402,17819,2a89d4,8gtt1h,0.7.3,fleet_logger_0_1,547560034,UMLIFE_v2_TLC555,ch3,origplant,soil_moisture,1598,,,OK,,,984.3,,name=c5off1;level=OK;role=disp;spread=18;gpio=6;device_seq=73007;time_source=device_synced;device_timestamp_utc=2026-07-27T22:18:31.949Z;config_id=170b1c1e;rssi=-55;uptime_s=547560;heap=152672;cal_tier=board-cal;cal_src=wet_rederive_1236_20260719;pressure_context_source=weather_openmeteo;transport=wifi_poll,
plants.env,2026-07-27T22:19:00.402Z,2026-07-27 17:19:00.402,17820,2a89d4,8gtt1h,0.7.3,fleet_logger_0_1,547560718,ESP32,esp32_die,on_chip,die_temp,,25.70,degC,OK,,,,,name=c5off1;source=esp32_die;cal=uncalibrated_board_proxy;api=temperatureRead;config_id=170b1c1e;transport=wifi_poll,
plants.soil,2026-07-27T22:19:30.997Z,2026-07-27 17:19:30.997,17821,2a89d4,8gtt1h,0.7.3,fleet_logger_0_1,547590034,UMLIFE_v2_TLC555,ch0,origplant,soil_moisture,1224,,,OK,,,984.3,,name=c5off1;level=overwatered;role=disp;spread=8;gpio=1;device_seq=73008;time_source=device_synced;device_timestamp_utc=2026-07-27T22:19:01.949Z;config_id=170b1c1e;rssi=-56;uptime_s=547590;heap=152672;cal_tier=board-cal;cal_src=wet_rederive_1236_20260719;pressure_context_source=weather_openmeteo;transport=wifi_poll,
plants.soil,2026-07-27T22:19:30.997Z,2026-07-27 17:19:30.997,17822,2a89d4,8gtt1h,0.7.3,fleet_logger_0_1,547590034,UMLIFE_v2_TLC555,ch1,origplant,soil_moisture,1353,,,OK,,,984.3,,name=c5off1;level=well watered;role=disp;spread=23;gpio=4;device_seq=73009;time_source=device_synced;device_timestamp_utc=2026-07-27T22:19:01.949Z;config_id=170b1c1e;rssi=-56;uptime_s=547590;heap=152672;cal_tier=board-cal;cal_src=wet_rederive_1236_20260719;pressure_context_source=weather_openmeteo;transport=wifi_poll,
plants.soil,2026-07-27T22:19:30.997Z,2026-07-27 17:19:30.997,17823,2a89d4,8gtt1h,0.7.3,fleet_logger_0_1,547590034,UMLIFE_v2_TLC555,ch2,origplant,soil_moisture,1188,,,OK,,,984.3,,name=c5off1;level=overwatered;role=disp;spread=14;gpio=5;device_seq=73010;time_source=device_synced;device_timestamp_utc=2026-07-27T22:19:01.949Z;config_id=170b1c1e;rssi=-56;uptime_s=547590;heap=152672;cal_tier=board-cal;cal_src=wet_rederive_1236_20260719;pressure_context_source=weather_openmeteo;transport=wifi_poll,
plants.soil,2026-07-27T22:19:30.997Z,2026-07-27 17:19:30.997,17824,2a89d4,8gtt1h,0.7.3,fleet_logger_0_1,547590034,UMLIFE_v2_TLC555,ch3,origplant,soil_moisture,1598,,,OK,,,984.3,,name=c5off1;level=OK;role=disp;spread=28;gpio=6;device_seq=73011;time_source=device_synced;device_timestamp_utc=2026-07-27T22:19:01.949Z;config_id=170b1c1e;rssi=-56;uptime_s=547590;heap=152672;cal_tier=board-cal;cal_src=wet_rederive_1236_20260719;pressure_context_source=weather_openmeteo;transport=wifi_poll,
plants.env,2026-07-27T22:19:30.997Z,2026-07-27 17:19:30.997,17825,2a89d4,8gtt1h,0.7.3,fleet_logger_0_1,547590718,ESP32,esp32_die,on_chip,die_temp,,24.70,degC,OK,,,,,name=c5off1;source=esp32_die;cal=uncalibrated_board_proxy;api=temperatureRead;config_id=170b1c1e;transport=wifi_poll,
plants.soil,2026-07-27T22:20:03.874Z,2026-07-27 17:20:03.874,17826,2a89d4,8gtt1h,0.7.3,fleet_logger_0_1,547650034,UMLIFE_v2_TLC555,ch0,origplant,soil_moisture,1224,,,OK,,,984.3,,name=c5off1;level=overwatered;role=disp;spread=17;gpio=1;device_seq=73016;time_source=device_synced;device_timestamp_utc=2026-07-27T22:20:01.949Z;config_id=170b1c1e;rssi=-57;uptime_s=547650;heap=152928;cal_tier=board-cal;cal_src=wet_rederive_1236_20260719;pressure_context_source=weather_openmeteo;transport=wifi_poll,
plants.soil,2026-07-27T22:20:03.874Z,2026-07-27 17:20:03.874,17827,2a89d4,8gtt1h,0.7.3,fleet_logger_0_1,547650034,UMLIFE_v2_TLC555,ch1,origplant,soil_moisture,1354,,,OK,,,984.3,,name=c5off1;level=well watered;role=disp;spread=16;gpio=4;device_seq=73017;time_source=device_synced;device_timestamp_utc=2026-07-27T22:20:01.949Z;config_id=170b1c1e;rssi=-57;uptime_s=547650;heap=152928;cal_tier=board-cal;cal_src=wet_rederive_1236_20260719;pressure_context_source=weather_openmeteo;transport=wifi_poll,
plants.soil,2026-07-27T22:20:03.874Z,2026-07-27 17:20:03.874,17828,2a89d4,8gtt1h,0.7.3,fleet_logger_0_1,547650034,UMLIFE_v2_TLC555,ch2,origplant,soil_moisture,1188,,,OK,,,984.3,,name=c5off1;level=overwatered;role=disp;spread=25;gpio=5;device_seq=73018;time_source=device_synced;device_timestamp_utc=2026-07-27T22:20:01.949Z;config_id=170b1c1e;rssi=-57;uptime_s=547650;heap=152928;cal_tier=board-cal;cal_src=wet_rederive_1236_20260719;pressure_context_source=weather_openmeteo;transport=wifi_poll,
plants.soil,2026-07-27T22:20:03.874Z,2026-07-27 17:20:03.874,17829,2a89d4,8gtt1h,0.7.3,fleet_logger_0_1,547650034,UMLIFE_v2_TLC555,ch3,origplant,soil_moisture,1598,,,OK,,,984.3,,name=c5off1;level=OK;role=disp;spread=15;gpio=6;device_seq=73019;time_source=device_synced;device_timestamp_utc=2026-07-27T22:20:01.949Z;config_id=170b1c1e;rssi=-57;uptime_s=547650;heap=152928;cal_tier=board-cal;cal_src=wet_rederive_1236_20260719;pressure_context_source=weather_openmeteo;transport=wifi_poll,
plants.env,2026-07-27T22:20:03.874Z,2026-07-27 17:20:03.874,17830,2a89d4,8gtt1h,0.7.3,fleet_logger_0_1,547650718,ESP32,esp32_die,on_chip,die_temp,,24.70,degC,OK,,,,,name=c5off1;source=esp32_die;cal=uncalibrated_board_proxy;api=temperatureRead;config_id=170b1c1e;transport=wifi_poll,
plants.soil,2026-07-27T22:20:34.217Z,2026-07-27 17:20:34.217,17831,2a89d4,8gtt1h,0.7.3,fleet_logger_0_1,547680034,UMLIFE_v2_TLC555,ch0,origplant,soil_moisture,1225,,,OK,,,984.3,,name=c5off1;level=overwatered;role=disp;spread=8;gpio=1;device_seq=73020;time_source=device_synced;device_timestamp_utc=2026-07-27T22:20:31.949Z;config_id=170b1c1e;rssi=-59;uptime_s=547680;heap=152668;cal_tier=board-cal;cal_src=wet_rederive_1236_20260719;pressure_context_source=weather_openmeteo;transport=wifi_poll,
plants.soil,2026-07-27T22:20:34.217Z,2026-07-27 17:20:34.217,17832,2a89d4,8gtt1h,0.7.3,fleet_logger_0_1,547680034,UMLIFE_v2_TLC555,ch1,origplant,soil_moisture,1353,,,OK,,,984.3,,name=c5off1;level=well watered;role=disp;spread=11;gpio=4;device_seq=73021;time_source=device_synced;device_timestamp_utc=2026-07-27T22:20:31.949Z;config_id=170b1c1e;rssi=-59;uptime_s=547680;heap=152668;cal_tier=board-cal;cal_src=wet_rederive_1236_20260719;pressure_context_source=weather_openmeteo;transport=wifi_poll,
plants.soil,2026-07-27T22:20:34.217Z,2026-07-27 17:20:34.217,17833,2a89d4,8gtt1h,0.7.3,fleet_logger_0_1,547680034,UMLIFE_v2_TLC555,ch2,origplant,soil_moisture,1187,,,OK,,,984.3,,name=c5off1;level=overwatered;role=disp;spread=7;gpio=5;device_seq=73022;time_source=device_synced;device_timestamp_utc=2026-07-27T22:20:31.949Z;config_id=170b1c1e;rssi=-59;uptime_s=547680;heap=152668;cal_tier=board-cal;cal_src=wet_rederive_1236_20260719;pressure_context_source=weather_openmeteo;transport=wifi_poll,
plants.soil,2026-07-27T22:20:34.217Z,2026-07-27 17:20:34.217,17834,2a89d4,8gtt1h,0.7.3,fleet_logger_0_1,547680034,UMLIFE_v2_TLC555,ch3,origplant,soil_moisture,1599,,,OK,,,984.3,,name=c5off1;level=OK;role=disp;spread=19;gpio=6;device_seq=73023;time_source=device_synced;device_timestamp_utc=2026-07-27T22:20:31.949Z;config_id=170b1c1e;rssi=-59;uptime_s=547680;heap=152668;cal_tier=board-cal;cal_src=wet_rederive_1236_20260719;pressure_context_source=weather_openmeteo;transport=wifi_poll,
plants.env,2026-07-27T22:20:34.217Z,2026-07-27 17:20:34.217,17835,2a89d4,8gtt1h,0.7.3,fleet_logger_0_1,547680718,ESP32,esp32_die,on_chip,die_temp,,24.70,degC,OK,,,,,name=c5off1;source=esp32_die;cal=uncalibrated_board_proxy;api=temperatureRead;config_id=170b1c1e;transport=wifi_poll,
plants.soil,2026-07-27T22:21:04.522Z,2026-07-27 17:21:04.522,17836,2a89d4,8gtt1h,0.7.3,fleet_logger_0_1,547710034,UMLIFE_v2_TLC555,ch0,origplant,soil_moisture,1226,,,OK,,,984.3,,name=c5off1;level=overwatered;role=disp;spread=10;gpio=1;device_seq=73024;time_source=device_synced;device_timestamp_utc=2026-07-27T22:21:01.949Z;config_id=170b1c1e;rssi=-55;uptime_s=547710;heap=152668;cal_tier=board-cal;cal_src=wet_rederive_1236_20260719;pressure_context_source=weather_openmeteo;transport=wifi_poll,
plants.soil,2026-07-27T22:21:04.522Z,2026-07-27 17:21:04.522,17837,2a89d4,8gtt1h,0.7.3,fleet_logger_0_1,547710034,UMLIFE_v2_TLC555,ch1,origplant,soil_moisture,1352,,,OK,,,984.3,,name=c5off1;level=well watered;role=disp;spread=11;gpio=4;device_seq=73025;time_source=device_synced;device_timestamp_utc=2026-07-27T22:21:01.949Z;config_id=170b1c1e;rssi=-55;uptime_s=547710;heap=152668;cal_tier=board-cal;cal_src=wet_rederive_1236_20260719;pressure_context_source=weather_openmeteo;transport=wifi_poll,
plants.soil,2026-07-27T22:21:04.522Z,2026-07-27 17:21:04.522,17838,2a89d4,8gtt1h,0.7.3,fleet_logger_0_1,547710034,UMLIFE_v2_TLC555,ch2,origplant,soil_moisture,1190,,,OK,,,984.3,,name=c5off1;level=overwatered;role=disp;spread=20;gpio=5;device_seq=73026;time_source=device_synced;device_timestamp_utc=2026-07-27T22:21:01.949Z;config_id=170b1c1e;rssi=-55;uptime_s=547710;heap=152668;cal_tier=board-cal;cal_src=wet_rederive_1236_20260719;pressure_context_source=weather_openmeteo;transport=wifi_poll,
plants.soil,2026-07-27T22:21:04.522Z,2026-07-27 17:21:04.522,17839,2a89d4,8gtt1h,0.7.3,fleet_logger_0_1,547710034,UMLIFE_v2_TLC555,ch3,origplant,soil_moisture,1600,,,OK,,,984.3,,name=c5off1;level=OK;role=disp;spread=18;gpio=6;device_seq=73027;time_source=device_synced;device_timestamp_utc=2026-07-27T22:21:01.949Z;config_id=170b1c1e;rssi=-55;uptime_s=547710;heap=152668;cal_tier=board-cal;cal_src=wet_rederive_1236_20260719;pressure_context_source=weather_openmeteo;transport=wifi_poll,
plants.env,2026-07-27T22:21:04.522Z,2026-07-27 17:21:04.522,17840,2a89d4,8gtt1h,0.7.3,fleet_logger_0_1,547710718,ESP32,esp32_die,on_chip,die_temp,,24.70,degC,OK,,,,,name=c5off1;source=esp32_die;cal=uncalibrated_board_proxy;api=temperatureRead;config_id=170b1c1e;transport=wifi_poll,
plants.soil,2026-07-27T22:21:34.921Z,2026-07-27 17:21:34.921,17841,2a89d4,8gtt1h,0.7.3,fleet_logger_0_1,547740034,UMLIFE_v2_TLC555,ch0,origplant,soil_moisture,1226,,,OK,,,984.3,,name=c5off1;level=overwatered;role=disp;spread=16;gpio=1;device_seq=73028;time_source=device_synced;device_timestamp_utc=2026-07-27T22:21:31.949Z;config_id=170b1c1e;rssi=-56;uptime_s=547740;heap=152924;cal_tier=board-cal;cal_src=wet_rederive_1236_20260719;pressure_context_source=weather_openmeteo;transport=wifi_poll,
plants.soil,2026-07-27T22:21:34.921Z,2026-07-27 17:21:34.921,17842,2a89d4,8gtt1h,0.7.3,fleet_logger_0_1,547740034,UMLIFE_v2_TLC555,ch1,origplant,soil_moisture,1355,,,OK,,,984.3,,name=c5off1;level=well watered;role=disp;spread=11;gpio=4;device_seq=73029;time_source=device_synced;device_timestamp_utc=2026-07-27T22:21:31.949Z;config_id=170b1c1e;rssi=-56;uptime_s=547740;heap=152924;cal_tier=board-cal;cal_src=wet_rederive_1236_20260719;pressure_context_source=weather_openmeteo;transport=wifi_poll,
plants.soil,2026-07-27T22:21:34.921Z,2026-07-27 17:21:34.921,17843,2a89d4,8gtt1h,0.7.3,fleet_logger_0_1,547740034,UMLIFE_v2_TLC555,ch2,origplant,soil_moisture,1190,,,OK,,,984.3,,name=c5off1;level=overwatered;role=disp;spread=12;gpio=5;device_seq=73030;time_source=device_synced;device_timestamp_utc=2026-07-27T22:21:31.949Z;config_id=170b1c1e;rssi=-56;uptime_s=547740;heap=152924;cal_tier=board-cal;cal_src=wet_rederive_1236_20260719;pressure_context_source=weather_openmeteo;transport=wifi_poll,
plants.soil,2026-07-27T22:21:34.921Z,2026-07-27 17:21:34.921,17844,2a89d4,8gtt1h,0.7.3,fleet_logger_0_1,547740034,UMLIFE_v2_TLC555,ch3,origplant,soil_moisture,1599,,,OK,,,984.3,,name=c5off1;level=OK;role=disp;spread=22;gpio=6;device_seq=73031;time_source=device_synced;device_timestamp_utc=2026-07-27T22:21:31.949Z;config_id=170b1c1e;rssi=-56;uptime_s=547740;heap=152924;cal_tier=board-cal;cal_src=wet_rederive_1236_20260719;pressure_context_source=weather_openmeteo;transport=wifi_poll,
plants.env,2026-07-27T22:21:34.921Z,2026-07-27 17:21:34.921,17845,2a89d4,8gtt1h,0.7.3,fleet_logger_0_1,547740718,ESP32,esp32_die,on_chip,die_temp,,24.70,degC,OK,,,,,name=c5off1;source=esp32_die;cal=uncalibrated_board_proxy;api=temperatureRead;config_id=170b1c1e;transport=wifi_poll,
plants.soil,2026-07-27T22:22:05.223Z,2026-07-27 17:22:05.223,17846,2a89d4,8gtt1h,0.7.3,fleet_logger_0_1,547770034,UMLIFE_v2_TLC555,ch0,origplant,soil_moisture,1223,,,OK,,,984.3,,name=c5off1;level=overwatered;role=disp;spread=12;gpio=1;device_seq=73032;time_source=device_synced;device_timestamp_utc=2026-07-27T22:22:01.949Z;config_id=170b1c1e;rssi=-57;uptime_s=547770;heap=152664;cal_tier=board-cal;cal_src=wet_rederive_1236_20260719;pressure_context_source=weather_openmeteo;transport=wifi_poll,
plants.soil,2026-07-27T22:22:05.223Z,2026-07-27 17:22:05.223,17847,2a89d4,8gtt1h,0.7.3,fleet_logger_0_1,547770034,UMLIFE_v2_TLC555,ch1,origplant,soil_moisture,1352,,,OK,,,984.3,,name=c5off1;level=well watered;role=disp;spread=14;gpio=4;device_seq=73033;time_source=device_synced;device_timestamp_utc=2026-07-27T22:22:01.949Z;config_id=170b1c1e;rssi=-57;uptime_s=547770;heap=152664;cal_tier=board-cal;cal_src=wet_rederive_1236_20260719;pressure_context_source=weather_openmeteo;transport=wifi_poll,
plants.soil,2026-07-27T22:22:05.223Z,2026-07-27 17:22:05.223,17848,2a89d4,8gtt1h,0.7.3,fleet_logger_0_1,547770034,UMLIFE_v2_TLC555,ch2,origplant,soil_moisture,1188,,,OK,,,984.3,,name=c5off1;level=overwatered;role=disp;spread=17;gpio=5;device_seq=73034;time_source=device_synced;device_timestamp_utc=2026-07-27T22:22:01.949Z;config_id=170b1c1e;rssi=-57;uptime_s=547770;heap=152664;cal_tier=board-cal;cal_src=wet_rederive_1236_20260719;pressure_context_source=weather_openmeteo;transport=wifi_poll,
plants.soil,2026-07-27T22:22:05.223Z,2026-07-27 17:22:05.223,17849,2a89d4,8gtt1h,0.7.3,fleet_logger_0_1,547770034,UMLIFE_v2_TLC555,ch3,origplant,soil_moisture,1598,,,OK,,,984.3,,name=c5off1;level=OK;role=disp;spread=46;gpio=6;device_seq=73035;time_source=device_synced;device_timestamp_utc=2026-07-27T22:22:01.949Z;config_id=170b1c1e;rssi=-57;uptime_s=547770;heap=152664;cal_tier=board-cal;cal_src=wet_rederive_1236_20260719;pressure_context_source=weather_openmeteo;transport=wifi_poll,
plants.env,2026-07-27T22:22:05.223Z,2026-07-27 17:22:05.223,17850,2a89d4,8gtt1h,0.7.3,fleet_logger_0_1,547770718,ESP32,esp32_die,on_chip,die_temp,,25.70,degC,OK,,,,,name=c5off1;source=esp32_die;cal=uncalibrated_board_proxy;api=temperatureRead;config_id=170b1c1e;transport=wifi_poll,
plants.soil,2026-07-27T22:22:35.631Z,2026-07-27 17:22:35.631,17851,2a89d4,8gtt1h,0.7.3,fleet_logger_0_1,547800034,UMLIFE_v2_TLC555,ch0,origplant,soil_moisture,1224,,,OK,,,984.3,,name=c5off1;level=overwatered;role=disp;spread=13;gpio=1;device_seq=73036;time_source=device_synced;device_timestamp_utc=2026-07-27T22:22:31.949Z;config_id=170b1c1e;rssi=-57;uptime_s=547800;heap=152664;cal_tier=board-cal;cal_src=wet_rederive_1236_20260719;pressure_context_source=weather_openmeteo;transport=wifi_poll,
plants.soil,2026-07-27T22:22:35.631Z,2026-07-27 17:22:35.631,17852,2a89d4,8gtt1h,0.7.3,fleet_logger_0_1,547800034,UMLIFE_v2_TLC555,ch1,origplant,soil_moisture,1353,,,OK,,,984.3,,name=c5off1;level=well watered;role=disp;spread=12;gpio=4;device_seq=73037;time_source=device_synced;device_timestamp_utc=2026-07-27T22:22:31.949Z;config_id=170b1c1e;rssi=-57;uptime_s=547800;heap=152664;cal_tier=board-cal;cal_src=wet_rederive_1236_20260719;pressure_context_source=weather_openmeteo;transport=wifi_poll,
plants.soil,2026-07-27T22:22:35.631Z,2026-07-27 17:22:35.631,17853,2a89d4,8gtt1h,0.7.3,fleet_logger_0_1,547800034,UMLIFE_v2_TLC555,ch2,origplant,soil_moisture,1191,,,OK,,,984.3,,name=c5off1;level=overwatered;role=disp;spread=8;gpio=5;device_seq=73038;time_source=device_synced;device_timestamp_utc=2026-07-27T22:22:31.949Z;config_id=170b1c1e;rssi=-57;uptime_s=547800;heap=152664;cal_tier=board-cal;cal_src=wet_rederive_1236_20260719;pressure_context_source=weather_openmeteo;transport=wifi_poll,
plants.soil,2026-07-27T22:22:35.631Z,2026-07-27 17:22:35.631,17854,2a89d4,8gtt1h,0.7.3,fleet_logger_0_1,547800034,UMLIFE_v2_TLC555,ch3,origplant,soil_moisture,1598,,,OK,,,984.3,,name=c5off1;level=OK;role=disp;spread=29;gpio=6;device_seq=73039;time_source=device_synced;device_timestamp_utc=2026-07-27T22:22:31.949Z;config_id=170b1c1e;rssi=-57;uptime_s=547800;heap=152664;cal_tier=board-cal;cal_src=wet_rederive_1236_20260719;pressure_context_source=weather_openmeteo;transport=wifi_poll,
plants.env,2026-07-27T22:22:35.631Z,2026-07-27 17:22:35.631,17855,2a89d4,8gtt1h,0.7.3,fleet_logger_0_1,547801818,ESP32,esp32_die,on_chip,die_temp,,24.70,degC,OK,,,,,name=c5off1;source=esp32_die;cal=uncalibrated_board_proxy;api=temperatureRead;config_id=170b1c1e;transport=wifi_poll,
plants.soil,2026-07-27T22:23:06.043Z,2026-07-27 17:23:06.043,17856,2a89d4,8gtt1h,0.7.3,fleet_logger_0_1,547830034,UMLIFE_v2_TLC555,ch0,origplant,soil_moisture,1217,,,OK,,,984.3,,name=c5off1;level=overwatered;role=disp;spread=10;gpio=1;device_seq=73040;time_source=device_synced;device_timestamp_utc=2026-07-27T22:23:01.949Z;config_id=170b1c1e;rssi=-56;uptime_s=547830;heap=152652;cal_tier=board-cal;cal_src=wet_rederive_1236_20260719;pressure_context_source=weather_openmeteo;transport=wifi_poll,
plants.soil,2026-07-27T22:23:06.043Z,2026-07-27 17:23:06.043,17857,2a89d4,8gtt1h,0.7.3,fleet_logger_0_1,547830034,UMLIFE_v2_TLC555,ch1,origplant,soil_moisture,1348,,,OK,,,984.3,,name=c5off1;level=well watered;role=disp;spread=17;gpio=4;device_seq=73041;time_source=device_synced;device_timestamp_utc=2026-07-27T22:23:01.949Z;config_id=170b1c1e;rssi=-56;uptime_s=547830;heap=152652;cal_tier=board-cal;cal_src=wet_rederive_1236_20260719;pressure_context_source=weather_openmeteo;transport=wifi_poll,
plants.soil,2026-07-27T22:23:06.043Z,2026-07-27 17:23:06.043,17858,2a89d4,8gtt1h,0.7.3,fleet_logger_0_1,547830034,UMLIFE_v2_TLC555,ch2,origplant,soil_moisture,1188,,,OK,,,984.3,,name=c5off1;level=overwatered;role=disp;spread=18;gpio=5;device_seq=73042;time_source=device_synced;device_timestamp_utc=2026-07-27T22:23:01.949Z;config_id=170b1c1e;rssi=-56;uptime_s=547830;heap=152652;cal_tier=board-cal;cal_src=wet_rederive_1236_20260719;pressure_context_source=weather_openmeteo;transport=wifi_poll,
plants.soil,2026-07-27T22:23:06.043Z,2026-07-27 17:23:06.043,17859,2a89d4,8gtt1h,0.7.3,fleet_logger_0_1,547830034,UMLIFE_v2_TLC555,ch3,origplant,soil_moisture,1597,,,OK,,,984.3,,name=c5off1;level=OK;role=disp;spread=23;gpio=6;device_seq=73043;time_source=device_synced;device_timestamp_utc=2026-07-27T22:23:01.949Z;config_id=170b1c1e;rssi=-56;uptime_s=547830;heap=152652;cal_tier=board-cal;cal_src=wet_rederive_1236_20260719;pressure_context_source=weather_openmeteo;transport=wifi_poll,
plants.env,2026-07-27T22:23:06.043Z,2026-07-27 17:23:06.043,17860,2a89d4,8gtt1h,0.7.3,fleet_logger_0_1,547830718,ESP32,esp32_die,on_chip,die_temp,,24.70,degC,OK,,,,,name=c5off1;source=esp32_die;cal=uncalibrated_board_proxy;api=temperatureRead;config_id=170b1c1e;transport=wifi_poll,
plants.soil,2026-07-27T22:23:36.481Z,2026-07-27 17:23:36.481,17861,2a89d4,8gtt1h,0.7.3,fleet_logger_0_1,547860034,UMLIFE_v2_TLC555,ch0,origplant,soil_moisture,1213,,,OK,,,984.3,,name=c5off1;level=overwatered;role=disp;spread=17;gpio=1;device_seq=73044;time_source=device_synced;device_timestamp_utc=2026-07-27T22:23:31.949Z;config_id=170b1c1e;rssi=-57;uptime_s=547860;heap=152404;cal_tier=board-cal;cal_src=wet_rederive_1236_20260719;pressure_context_source=weather_openmeteo;transport=wifi_poll,
plants.soil,2026-07-27T22:23:36.481Z,2026-07-27 17:23:36.481,17862,2a89d4,8gtt1h,0.7.3,fleet_logger_0_1,547860034,UMLIFE_v2_TLC555,ch1,origplant,soil_moisture,1347,,,OK,,,984.3,,name=c5off1;level=well watered;role=disp;spread=7;gpio=4;device_seq=73045;time_source=device_synced;device_timestamp_utc=2026-07-27T22:23:31.949Z;config_id=170b1c1e;rssi=-57;uptime_s=547860;heap=152404;cal_tier=board-cal;cal_src=wet_rederive_1236_20260719;pressure_context_source=weather_openmeteo;transport=wifi_poll,
plants.soil,2026-07-27T22:23:36.481Z,2026-07-27 17:23:36.481,17863,2a89d4,8gtt1h,0.7.3,fleet_logger_0_1,547860034,UMLIFE_v2_TLC555,ch2,origplant,soil_moisture,1187,,,OK,,,984.3,,name=c5off1;level=overwatered;role=disp;spread=16;gpio=5;device_seq=73046;time_source=device_synced;device_timestamp_utc=2026-07-27T22:23:31.949Z;config_id=170b1c1e;rssi=-57;uptime_s=547860;heap=152404;cal_tier=board-cal;cal_src=wet_rederive_1236_20260719;pressure_context_source=weather_openmeteo;transport=wifi_poll,
plants.soil,2026-07-27T22:23:36.481Z,2026-07-27 17:23:36.481,17864,2a89d4,8gtt1h,0.7.3,fleet_logger_0_1,547860034,UMLIFE_v2_TLC555,ch3,origplant,soil_moisture,1597,,,OK,,,984.3,,name=c5off1;level=OK;role=disp;spread=37;gpio=6;device_seq=73047;time_source=device_synced;device_timestamp_utc=2026-07-27T22:23:31.949Z;config_id=170b1c1e;rssi=-57;uptime_s=547860;heap=152404;cal_tier=board-cal;cal_src=wet_rederive_1236_20260719;pressure_context_source=weather_openmeteo;transport=wifi_poll,
plants.env,2026-07-27T22:23:36.481Z,2026-07-27 17:23:36.481,17865,2a89d4,8gtt1h,0.7.3,fleet_logger_0_1,547860718,ESP32,esp32_die,on_chip,die_temp,,24.70,degC,OK,,,,,name=c5off1;source=esp32_die;cal=uncalibrated_board_proxy;api=temperatureRead;config_id=170b1c1e;transport=wifi_poll,
plants.soil,2026-07-27T22:24:06.869Z,2026-07-27 17:24:06.869,17866,2a89d4,8gtt1h,0.7.3,fleet_logger_0_1,547890034,UMLIFE_v2_TLC555,ch0,origplant,soil_moisture,1205,,,OK,,,984.3,,name=c5off1;level=overwatered;role=disp;spread=15;gpio=1;device_seq=73048;time_source=device_synced;device_timestamp_utc=2026-07-27T22:24:01.949Z;config_id=170b1c1e;rssi=-56;uptime_s=547890;heap=152404;cal_tier=board-cal;cal_src=wet_rederive_1236_20260719;pressure_context_source=weather_openmeteo;transport=wifi_poll,
plants.soil,2026-07-27T22:24:06.869Z,2026-07-27 17:24:06.869,17867,2a89d4,8gtt1h,0.7.3,fleet_logger_0_1,547890034,UMLIFE_v2_TLC555,ch1,origplant,soil_moisture,1334,,,OK,,,984.3,,name=c5off1;level=well watered;role=disp;spread=14;gpio=4;device_seq=73049;time_source=device_synced;device_timestamp_utc=2026-07-27T22:24:01.949Z;config_id=170b1c1e;rssi=-56;uptime_s=547890;heap=152404;cal_tier=board-cal;cal_src=wet_rederive_1236_20260719;pressure_context_source=weather_openmeteo;transport=wifi_poll,
plants.soil,2026-07-27T22:24:06.869Z,2026-07-27 17:24:06.869,17868,2a89d4,8gtt1h,0.7.3,fleet_logger_0_1,547890034,UMLIFE_v2_TLC555,ch2,origplant,soil_moisture,1188,,,OK,,,984.3,,name=c5off1;level=overwatered;role=disp;spread=15;gpio=5;device_seq=73050;time_source=device_synced;device_timestamp_utc=2026-07-27T22:24:01.949Z;config_id=170b1c1e;rssi=-56;uptime_s=547890;heap=152404;cal_tier=board-cal;cal_src=wet_rederive_1236_20260719;pressure_context_source=weather_openmeteo;transport=wifi_poll,
plants.soil,2026-07-27T22:24:06.869Z,2026-07-27 17:24:06.869,17869,2a89d4,8gtt1h,0.7.3,fleet_logger_0_1,547890034,UMLIFE_v2_TLC555,ch3,origplant,soil_moisture,1584,,,OK,,,984.3,,name=c5off1;level=OK;role=disp;spread=10;gpio=6;device_seq=73051;time_source=device_synced;device_timestamp_utc=2026-07-27T22:24:01.949Z;config_id=170b1c1e;rssi=-56;uptime_s=547890;heap=152404;cal_tier=board-cal;cal_src=wet_rederive_1236_20260719;pressure_context_source=weather_openmeteo;transport=wifi_poll,
plants.env,2026-07-27T22:24:06.869Z,2026-07-27 17:24:06.869,17870,2a89d4,8gtt1h,0.7.3,fleet_logger_0_1,547890718,ESP32,esp32_die,on_chip,die_temp,,24.70,degC,OK,,,,,name=c5off1;source=esp32_die;cal=uncalibrated_board_proxy;api=temperatureRead;config_id=170b1c1e;transport=wifi_poll,
plants.soil,2026-07-27T22:24:37.300Z,2026-07-27 17:24:37.300,17871,2a89d4,8gtt1h,0.7.3,fleet_logger_0_1,547920034,UMLIFE_v2_TLC555,ch0,origplant,soil_moisture,1206,,,OK,,,984.3,,name=c5off1;level=overwatered;role=disp;spread=10;gpio=1;device_seq=73052;time_source=device_synced;device_timestamp_utc=2026-07-27T22:24:31.949Z;config_id=170b1c1e;rssi=-57;uptime_s=547920;heap=152648;cal_tier=board-cal;cal_src=wet_rederive_1236_20260719;pressure_context_source=weather_openmeteo;transport=wifi_poll,
plants.soil,2026-07-27T22:24:37.300Z,2026-07-27 17:24:37.300,17872,2a89d4,8gtt1h,0.7.3,fleet_logger_0_1,547920034,UMLIFE_v2_TLC555,ch1,origplant,soil_moisture,1332,,,OK,,,984.3,,name=c5off1;level=well watered;role=disp;spread=28;gpio=4;device_seq=73053;time_source=device_synced;device_timestamp_utc=2026-07-27T22:24:31.949Z;config_id=170b1c1e;rssi=-57;uptime_s=547920;heap=152648;cal_tier=board-cal;cal_src=wet_rederive_1236_20260719;pressure_context_source=weather_openmeteo;transport=wifi_poll,
plants.soil,2026-07-27T22:24:37.300Z,2026-07-27 17:24:37.300,17873,2a89d4,8gtt1h,0.7.3,fleet_logger_0_1,547920034,UMLIFE_v2_TLC555,ch2,origplant,soil_moisture,1191,,,OK,,,984.3,,name=c5off1;level=overwatered;role=disp;spread=21;gpio=5;device_seq=73054;time_source=device_synced;device_timestamp_utc=2026-07-27T22:24:31.949Z;config_id=170b1c1e;rssi=-57;uptime_s=547920;heap=152648;cal_tier=board-cal;cal_src=wet_rederive_1236_20260719;pressure_context_source=weather_openmeteo;transport=wifi_poll,
plants.soil,2026-07-27T22:24:37.300Z,2026-07-27 17:24:37.300,17874,2a89d4,8gtt1h,0.7.3,fleet_logger_0_1,547920034,UMLIFE_v2_TLC555,ch3,origplant,soil_moisture,1596,,,OK,,,984.3,,name=c5off1;level=OK;role=disp;spread=21;gpio=6;device_seq=73055;time_source=device_synced;device_timestamp_utc=2026-07-27T22:24:31.949Z;config_id=170b1c1e;rssi=-57;uptime_s=547920;heap=152648;cal_tier=board-cal;cal_src=wet_rederive_1236_20260719;pressure_context_source=weather_openmeteo;transport=wifi_poll,
plants.env,2026-07-27T22:24:37.300Z,2026-07-27 17:24:37.300,17875,2a89d4,8gtt1h,0.7.3,fleet_logger_0_1,547920718,ESP32,esp32_die,on_chip,die_temp,,24.70,degC,OK,,,,,name=c5off1;source=esp32_die;cal=uncalibrated_board_proxy;api=temperatureRead;config_id=170b1c1e;transport=wifi_poll,
plants.soil,2026-07-27T22:25:08.404Z,2026-07-27 17:25:08.404,17876,2a89d4,8gtt1h,0.7.3,fleet_logger_0_1,547950034,UMLIFE_v2_TLC555,ch0,origplant,soil_moisture,1206,,,OK,,,984.3,,name=c5off1;level=overwatered;role=disp;spread=13;gpio=1;device_seq=73056;time_source=device_synced;device_timestamp_utc=2026-07-27T22:25:01.949Z;config_id=170b1c1e;rssi=-57;uptime_s=547950;heap=152672;cal_tier=board-cal;cal_src=wet_rederive_1236_20260719;pressure_context_source=weather_openmeteo;transport=wifi_poll,
plants.soil,2026-07-27T22:25:08.404Z,2026-07-27 17:25:08.404,17877,2a89d4,8gtt1h,0.7.3,fleet_logger_0_1,547950034,UMLIFE_v2_TLC555,ch1,origplant,soil_moisture,1333,,,OK,,,984.3,,name=c5off1;level=well watered;role=disp;spread=14;gpio=4;device_seq=73057;time_source=device_synced;device_timestamp_utc=2026-07-27T22:25:01.949Z;config_id=170b1c1e;rssi=-57;uptime_s=547950;heap=152672;cal_tier=board-cal;cal_src=wet_rederive_1236_20260719;pressure_context_source=weather_openmeteo;transport=wifi_poll,
plants.soil,2026-07-27T22:25:08.404Z,2026-07-27 17:25:08.404,17878,2a89d4,8gtt1h,0.7.3,fleet_logger_0_1,547950034,UMLIFE_v2_TLC555,ch2,origplant,soil_moisture,1188,,,OK,,,984.3,,name=c5off1;level=overwatered;role=disp;spread=17;gpio=5;device_seq=73058;time_source=device_synced;device_timestamp_utc=2026-07-27T22:25:01.949Z;config_id=170b1c1e;rssi=-57;uptime_s=547950;heap=152672;cal_tier=board-cal;cal_src=wet_rederive_1236_20260719;pressure_context_source=weather_openmeteo;transport=wifi_poll,
plants.soil,2026-07-27T22:25:08.404Z,2026-07-27 17:25:08.404,17879,2a89d4,8gtt1h,0.7.3,fleet_logger_0_1,547950034,UMLIFE_v2_TLC555,ch3,origplant,soil_moisture,1590,,,OK,,,984.3,,name=c5off1;level=OK;role=disp;spread=18;gpio=6;device_seq=73059;time_source=device_synced;device_timestamp_utc=2026-07-27T22:25:01.949Z;config_id=170b1c1e;rssi=-57;uptime_s=547950;heap=152672;cal_tier=board-cal;cal_src=wet_rederive_1236_20260719;pressure_context_source=weather_openmeteo;transport=wifi_poll,
plants.env,2026-07-27T22:25:08.404Z,2026-07-27 17:25:08.404,17880,2a89d4,8gtt1h,0.7.3,fleet_logger_0_1,547950718,ESP32,esp32_die,on_chip,die_temp,,24.70,degC,OK,,,,,name=c5off1;source=esp32_die;cal=uncalibrated_board_proxy;api=temperatureRead;config_id=170b1c1e;transport=wifi_poll,
plants.soil,2026-07-27T22:25:38.746Z,2026-07-27 17:25:38.746,17881,2a89d4,8gtt1h,0.7.3,fleet_logger_0_1,547980034,UMLIFE_v2_TLC555,ch0,origplant,soil_moisture,1208,,,OK,,,983.3,,name=c5off1;level=overwatered;role=disp;spread=16;gpio=1;device_seq=73060;time_source=device_synced;device_timestamp_utc=2026-07-27T22:25:31.949Z;config_id=170b1c1e;rssi=-57;uptime_s=547980;heap=152624;cal_tier=board-cal;cal_src=wet_rederive_1236_20260719;pressure_context_source=weather_openmeteo;transport=wifi_poll,
plants.soil,2026-07-27T22:25:38.746Z,2026-07-27 17:25:38.746,17882,2a89d4,8gtt1h,0.7.3,fleet_logger_0_1,547980034,UMLIFE_v2_TLC555,ch1,origplant,soil_moisture,1334,,,OK,,,983.3,,name=c5off1;level=well watered;role=disp;spread=17;gpio=4;device_seq=73061;time_source=device_synced;device_timestamp_utc=2026-07-27T22:25:31.949Z;config_id=170b1c1e;rssi=-57;uptime_s=547980;heap=152624;cal_tier=board-cal;cal_src=wet_rederive_1236_20260719;pressure_context_source=weather_openmeteo;transport=wifi_poll,
plants.soil,2026-07-27T22:25:38.746Z,2026-07-27 17:25:38.746,17883,2a89d4,8gtt1h,0.7.3,fleet_logger_0_1,547980034,UMLIFE_v2_TLC555,ch2,origplant,soil_moisture,1188,,,OK,,,983.3,,name=c5off1;level=overwatered;role=disp;spread=14;gpio=5;device_seq=73062;time_source=device_synced;device_timestamp_utc=2026-07-27T22:25:31.949Z;config_id=170b1c1e;rssi=-57;uptime_s=547980;heap=152624;cal_tier=board-cal;cal_src=wet_rederive_1236_20260719;pressure_context_source=weather_openmeteo;transport=wifi_poll,
plants.soil,2026-07-27T22:25:38.746Z,2026-07-27 17:25:38.746,17884,2a89d4,8gtt1h,0.7.3,fleet_logger_0_1,547980034,UMLIFE_v2_TLC555,ch3,origplant,soil_moisture,1580,,,OK,,,983.3,,name=c5off1;level=OK;role=disp;spread=39;gpio=6;device_seq=73063;time_source=device_synced;device_timestamp_utc=2026-07-27T22:25:31.949Z;config_id=170b1c1e;rssi=-57;uptime_s=547980;heap=152624;cal_tier=board-cal;cal_src=wet_rederive_1236_20260719;pressure_context_source=weather_openmeteo;transport=wifi_poll,
plants.env,2026-07-27T22:25:38.746Z,2026-07-27 17:25:38.746,17885,2a89d4,8gtt1h,0.7.3,fleet_logger_0_1,547980718,ESP32,esp32_die,on_chip,die_temp,,24.70,degC,OK,,,,,name=c5off1;source=esp32_die;cal=uncalibrated_board_proxy;api=temperatureRead;config_id=170b1c1e;transport=wifi_poll,
plants.soil,2026-07-27T22:26:09.157Z,2026-07-27 17:26:09.157,17886,2a89d4,8gtt1h,0.7.3,fleet_logger_0_1,548010034,UMLIFE_v2_TLC555,ch0,origplant,soil_moisture,1210,,,OK,,,983.3,,name=c5off1;level=overwatered;role=disp;spread=7;gpio=1;device_seq=73064;time_source=device_synced;device_timestamp_utc=2026-07-27T22:26:01.949Z;config_id=170b1c1e;rssi=-55;uptime_s=548010;heap=152672;cal_tier=board-cal;cal_src=wet_rederive_1236_20260719;pressure_context_source=weather_openmeteo;transport=wifi_poll,
plants.soil,2026-07-27T22:26:09.157Z,2026-07-27 17:26:09.157,17887,2a89d4,8gtt1h,0.7.3,fleet_logger_0_1,548010034,UMLIFE_v2_TLC555,ch1,origplant,soil_moisture,1336,,,OK,,,983.3,,name=c5off1;level=well watered;role=disp;spread=20;gpio=4;device_seq=73065;time_source=device_synced;device_timestamp_utc=2026-07-27T22:26:01.949Z;config_id=170b1c1e;rssi=-55;uptime_s=548010;heap=152672;cal_tier=board-cal;cal_src=wet_rederive_1236_20260719;pressure_context_source=weather_openmeteo;transport=wifi_poll,
plants.soil,2026-07-27T22:26:09.157Z,2026-07-27 17:26:09.157,17888,2a89d4,8gtt1h,0.7.3,fleet_logger_0_1,548010034,UMLIFE_v2_TLC555,ch2,origplant,soil_moisture,1188,,,OK,,,983.3,,name=c5off1;level=overwatered;role=disp;spread=13;gpio=5;device_seq=73066;time_source=device_synced;device_timestamp_utc=2026-07-27T22:26:01.949Z;config_id=170b1c1e;rssi=-55;uptime_s=548010;heap=152672;cal_tier=board-cal;cal_src=wet_rederive_1236_20260719;pressure_context_source=weather_openmeteo;transport=wifi_poll,
plants.soil,2026-07-27T22:26:09.157Z,2026-07-27 17:26:09.157,17889,2a89d4,8gtt1h,0.7.3,fleet_logger_0_1,548010034,UMLIFE_v2_TLC555,ch3,origplant,soil_moisture,1583,,,OK,,,983.3,,name=c5off1;level=OK;role=disp;spread=26;gpio=6;device_seq=73067;time_source=device_synced;device_timestamp_utc=2026-07-27T22:26:01.949Z;config_id=170b1c1e;rssi=-55;uptime_s=548010;heap=152672;cal_tier=board-cal;cal_src=wet_rederive_1236_20260719;pressure_context_source=weather_openmeteo;transport=wifi_poll,
plants.env,2026-07-27T22:26:09.157Z,2026-07-27 17:26:09.157,17890,2a89d4,8gtt1h,0.7.3,fleet_logger_0_1,548010718,ESP32,esp32_die,on_chip,die_temp,,24.70,degC,OK,,,,,name=c5off1;source=esp32_die;cal=uncalibrated_board_proxy;api=temperatureRead;config_id=170b1c1e;transport=wifi_poll,
plants.soil,2026-07-27T22:26:39.570Z,2026-07-27 17:26:39.570,17891,2a89d4,8gtt1h,0.7.3,fleet_logger_0_1,548040034,UMLIFE_v2_TLC555,ch0,origplant,soil_moisture,1211,,,OK,,,983.3,,name=c5off1;level=overwatered;role=disp;spread=12;gpio=1;device_seq=73068;time_source=device_synced;device_timestamp_utc=2026-07-27T22:26:31.949Z;config_id=170b1c1e;rssi=-59;uptime_s=548040;heap=152368;cal_tier=board-cal;cal_src=wet_rederive_1236_20260719;pressure_context_source=weather_openmeteo;transport=wifi_poll,
plants.soil,2026-07-27T22:26:39.570Z,2026-07-27 17:26:39.570,17892,2a89d4,8gtt1h,0.7.3,fleet_logger_0_1,548040034,UMLIFE_v2_TLC555,ch1,origplant,soil_moisture,1335,,,OK,,,983.3,,name=c5off1;level=well watered;role=disp;spread=9;gpio=4;device_seq=73069;time_source=device_synced;device_timestamp_utc=2026-07-27T22:26:31.949Z;config_id=170b1c1e;rssi=-59;uptime_s=548040;heap=152368;cal_tier=board-cal;cal_src=wet_rederive_1236_20260719;pressure_context_source=weather_openmeteo;transport=wifi_poll,
plants.soil,2026-07-27T22:26:39.570Z,2026-07-27 17:26:39.570,17893,2a89d4,8gtt1h,0.7.3,fleet_logger_0_1,548040034,UMLIFE_v2_TLC555,ch2,origplant,soil_moisture,1187,,,OK,,,983.3,,name=c5off1;level=overwatered;role=disp;spread=13;gpio=5;device_seq=73070;time_source=device_synced;device_timestamp_utc=2026-07-27T22:26:31.949Z;config_id=170b1c1e;rssi=-59;uptime_s=548040;heap=152368;cal_tier=board-cal;cal_src=wet_rederive_1236_20260719;pressure_context_source=weather_openmeteo;transport=wifi_poll,
plants.soil,2026-07-27T22:26:39.570Z,2026-07-27 17:26:39.570,17894,2a89d4,8gtt1h,0.7.3,fleet_logger_0_1,548040034,UMLIFE_v2_TLC555,ch3,origplant,soil_moisture,1581,,,OK,,,983.3,,name=c5off1;level=OK;role=disp;spread=10;gpio=6;device_seq=73071;time_source=device_synced;device_timestamp_utc=2026-07-27T22:26:31.949Z;config_id=170b1c1e;rssi=-59;uptime_s=548040;heap=152368;cal_tier=board-cal;cal_src=wet_rederive_1236_20260719;pressure_context_source=weather_openmeteo;transport=wifi_poll,
plants.env,2026-07-27T22:26:39.570Z,2026-07-27 17:26:39.570,17895,2a89d4,8gtt1h,0.7.3,fleet_logger_0_1,548040718,ESP32,esp32_die,on_chip,die_temp,,24.70,degC,OK,,,,,name=c5off1;source=esp32_die;cal=uncalibrated_board_proxy;api=temperatureRead;config_id=170b1c1e;transport=wifi_poll,
plants.soil,2026-07-27T22:27:09.978Z,2026-07-27 17:27:09.978,17896,2a89d4,8gtt1h,0.7.3,fleet_logger_0_1,548070034,UMLIFE_v2_TLC555,ch0,origplant,soil_moisture,1221,,,OK,,,983.3,,name=c5off1;level=overwatered;role=disp;spread=10;gpio=1;device_seq=73072;time_source=device_synced;device_timestamp_utc=2026-07-27T22:27:01.949Z;config_id=170b1c1e;rssi=-57;uptime_s=548070;heap=152368;cal_tier=board-cal;cal_src=wet_rederive_1236_20260719;pressure_context_source=weather_openmeteo;transport=wifi_poll,
plants.soil,2026-07-27T22:27:09.978Z,2026-07-27 17:27:09.978,17897,2a89d4,8gtt1h,0.7.3,fleet_logger_0_1,548070034,UMLIFE_v2_TLC555,ch1,origplant,soil_moisture,1339,,,OK,,,983.3,,name=c5off1;level=well watered;role=disp;spread=14;gpio=4;device_seq=73073;time_source=device_synced;device_timestamp_utc=2026-07-27T22:27:01.949Z;config_id=170b1c1e;rssi=-57;uptime_s=548070;heap=152368;cal_tier=board-cal;cal_src=wet_rederive_1236_20260719;pressure_context_source=weather_openmeteo;transport=wifi_poll,
plants.soil,2026-07-27T22:27:09.978Z,2026-07-27 17:27:09.978,17898,2a89d4,8gtt1h,0.7.3,fleet_logger_0_1,548070034,UMLIFE_v2_TLC555,ch2,origplant,soil_moisture,1188,,,OK,,,983.3,,name=c5off1;level=overwatered;role=disp;spread=10;gpio=5;device_seq=73074;time_source=device_synced;device_timestamp_utc=2026-07-27T22:27:01.949Z;config_id=170b1c1e;rssi=-57;uptime_s=548070;heap=152368;cal_tier=board-cal;cal_src=wet_rederive_1236_20260719;pressure_context_source=weather_openmeteo;transport=wifi_poll,
plants.soil,2026-07-27T22:27:09.978Z,2026-07-27 17:27:09.978,17899,2a89d4,8gtt1h,0.7.3,fleet_logger_0_1,548070034,UMLIFE_v2_TLC555,ch3,origplant,soil_moisture,1582,,,OK,,,983.3,,name=c5off1;level=OK;role=disp;spread=8;gpio=6;device_seq=73075;time_source=device_synced;device_timestamp_utc=2026-07-27T22:27:01.949Z;config_id=170b1c1e;rssi=-57;uptime_s=548070;heap=152368;cal_tier=board-cal;cal_src=wet_rederive_1236_20260719;pressure_context_source=weather_openmeteo;transport=wifi_poll,
plants.env,2026-07-27T22:27:09.978Z,2026-07-27 17:27:09.978,17900,2a89d4,8gtt1h,0.7.3,fleet_logger_0_1,548070718,ESP32,esp32_die,on_chip,die_temp,,25.70,degC,OK,,,,,name=c5off1;source=esp32_die;cal=uncalibrated_board_proxy;api=temperatureRead;config_id=170b1c1e;transport=wifi_poll,
plants.soil,2026-07-27T22:27:40.468Z,2026-07-27 17:27:40.468,17901,2a89d4,8gtt1h,0.7.3,fleet_logger_0_1,548100034,UMLIFE_v2_TLC555,ch0,origplant,soil_moisture,1224,,,OK,,,983.3,,name=c5off1;level=overwatered;role=disp;spread=13;gpio=1;device_seq=73076;time_source=device_synced;device_timestamp_utc=2026-07-27T22:27:31.949Z;config_id=170b1c1e;rssi=-58;uptime_s=548100;heap=152620;cal_tier=board-cal;cal_src=wet_rederive_1236_20260719;pressure_context_source=weather_openmeteo;transport=wifi_poll,
plants.soil,2026-07-27T22:27:40.468Z,2026-07-27 17:27:40.468,17902,2a89d4,8gtt1h,0.7.3,fleet_logger_0_1,548100034,UMLIFE_v2_TLC555,ch1,origplant,soil_moisture,1347,,,OK,,,983.3,,name=c5off1;level=well watered;role=disp;spread=9;gpio=4;device_seq=73077;time_source=device_synced;device_timestamp_utc=2026-07-27T22:27:31.949Z;config_id=170b1c1e;rssi=-58;uptime_s=548100;heap=152620;cal_tier=board-cal;cal_src=wet_rederive_1236_20260719;pressure_context_source=weather_openmeteo;transport=wifi_poll,
plants.soil,2026-07-27T22:27:40.468Z,2026-07-27 17:27:40.468,17903,2a89d4,8gtt1h,0.7.3,fleet_logger_0_1,548100034,UMLIFE_v2_TLC555,ch2,origplant,soil_moisture,1187,,,OK,,,983.3,,name=c5off1;level=overwatered;role=disp;spread=19;gpio=5;device_seq=73078;time_source=device_synced;device_timestamp_utc=2026-07-27T22:27:31.949Z;config_id=170b1c1e;rssi=-58;uptime_s=548100;heap=152620;cal_tier=board-cal;cal_src=wet_rederive_1236_20260719;pressure_context_source=weather_openmeteo;transport=wifi_poll,
plants.soil,2026-07-27T22:27:40.468Z,2026-07-27 17:27:40.468,17904,2a89d4,8gtt1h,0.7.3,fleet_logger_0_1,548100034,UMLIFE_v2_TLC555,ch3,origplant,soil_moisture,1581,,,OK,,,983.3,,name=c5off1;level=OK;role=disp;spread=12;gpio=6;device_seq=73079;time_source=device_synced;device_timestamp_utc=2026-07-27T22:27:31.949Z;config_id=170b1c1e;rssi=-58;uptime_s=548100;heap=152620;cal_tier=board-cal;cal_src=wet_rederive_1236_20260719;pressure_context_source=weather_openmeteo;transport=wifi_poll,
plants.env,2026-07-27T22:27:40.468Z,2026-07-27 17:27:40.468,17905,2a89d4,8gtt1h,0.7.3,fleet_logger_0_1,548100718,ESP32,esp32_die,on_chip,die_temp,,24.70,degC,OK,,,,,name=c5off1;source=esp32_die;cal=uncalibrated_board_proxy;api=temperatureRead;config_id=170b1c1e;transport=wifi_poll,
plants.soil,2026-07-27T22:28:10.808Z,2026-07-27 17:28:10.808,17906,2a89d4,8gtt1h,0.7.3,fleet_logger_0_1,548130034,UMLIFE_v2_TLC555,ch0,origplant,soil_moisture,1224,,,OK,,,983.3,,name=c5off1;level=overwatered;role=disp;spread=19;gpio=1;device_seq=73080;time_source=device_synced;device_timestamp_utc=2026-07-27T22:28:01.949Z;config_id=170b1c1e;rssi=-58;uptime_s=548130;heap=152620;cal_tier=board-cal;cal_src=wet_rederive_1236_20260719;pressure_context_source=weather_openmeteo;transport=wifi_poll,
plants.soil,2026-07-27T22:28:10.808Z,2026-07-27 17:28:10.808,17907,2a89d4,8gtt1h,0.7.3,fleet_logger_0_1,548130034,UMLIFE_v2_TLC555,ch1,origplant,soil_moisture,1352,,,OK,,,983.3,,name=c5off1;level=well watered;role=disp;spread=5;gpio=4;device_seq=73081;time_source=device_synced;device_timestamp_utc=2026-07-27T22:28:01.949Z;config_id=170b1c1e;rssi=-58;uptime_s=548130;heap=152620;cal_tier=board-cal;cal_src=wet_rederive_1236_20260719;pressure_context_source=weather_openmeteo;transport=wifi_poll,
plants.soil,2026-07-27T22:28:10.808Z,2026-07-27 17:28:10.808,17908,2a89d4,8gtt1h,0.7.3,fleet_logger_0_1,548130034,UMLIFE_v2_TLC555,ch2,origplant,soil_moisture,1188,,,OK,,,983.3,,name=c5off1;level=overwatered;role=disp;spread=7;gpio=5;device_seq=73082;time_source=device_synced;device_timestamp_utc=2026-07-27T22:28:01.949Z;config_id=170b1c1e;rssi=-58;uptime_s=548130;heap=152620;cal_tier=board-cal;cal_src=wet_rederive_1236_20260719;pressure_context_source=weather_openmeteo;transport=wifi_poll,
plants.soil,2026-07-27T22:28:10.808Z,2026-07-27 17:28:10.808,17909,2a89d4,8gtt1h,0.7.3,fleet_logger_0_1,548130034,UMLIFE_v2_TLC555,ch3,origplant,soil_moisture,1584,,,OK,,,983.3,,name=c5off1;level=OK;role=disp;spread=14;gpio=6;device_seq=73083;time_source=device_synced;device_timestamp_utc=2026-07-27T22:28:01.949Z;config_id=170b1c1e;rssi=-58;uptime_s=548130;heap=152620;cal_tier=board-cal;cal_src=wet_rederive_1236_20260719;pressure_context_source=weather_openmeteo;transport=wifi_poll,
plants.env,2026-07-27T22:28:10.808Z,2026-07-27 17:28:10.808,17910,2a89d4,8gtt1h,0.7.3,fleet_logger_0_1,548130718,ESP32,esp32_die,on_chip,die_temp,,24.70,degC,OK,,,,,name=c5off1;source=esp32_die;cal=uncalibrated_board_proxy;api=temperatureRead;config_id=170b1c1e;transport=wifi_poll,
plants.soil,2026-07-27T22:28:41.424Z,2026-07-27 17:28:41.424,17911,2a89d4,8gtt1h,0.7.3,fleet_logger_0_1,548160034,UMLIFE_v2_TLC555,ch0,origplant,soil_moisture,1225,,,OK,,,983.3,,name=c5off1;level=overwatered;role=disp;spread=13;gpio=1;device_seq=73084;time_source=device_synced;device_timestamp_utc=2026-07-27T22:28:31.949Z;config_id=170b1c1e;rssi=-58;uptime_s=548160;heap=152660;cal_tier=board-cal;cal_src=wet_rederive_1236_20260719;pressure_context_source=weather_openmeteo;transport=wifi_poll,
plants.soil,2026-07-27T22:28:41.424Z,2026-07-27 17:28:41.424,17912,2a89d4,8gtt1h,0.7.3,fleet_logger_0_1,548160034,UMLIFE_v2_TLC555,ch1,origplant,soil_moisture,1353,,,OK,,,983.3,,name=c5off1;level=well watered;role=disp;spread=15;gpio=4;device_seq=73085;time_source=device_synced;device_timestamp_utc=2026-07-27T22:28:31.949Z;config_id=170b1c1e;rssi=-58;uptime_s=548160;heap=152660;cal_tier=board-cal;cal_src=wet_rederive_1236_20260719;pressure_context_source=weather_openmeteo;transport=wifi_poll,
plants.soil,2026-07-27T22:28:41.424Z,2026-07-27 17:28:41.424,17913,2a89d4,8gtt1h,0.7.3,fleet_logger_0_1,548160034,UMLIFE_v2_TLC555,ch2,origplant,soil_moisture,1190,,,OK,,,983.3,,name=c5off1;level=overwatered;role=disp;spread=21;gpio=5;device_seq=73086;time_source=device_synced;device_timestamp_utc=2026-07-27T22:28:31.949Z;config_id=170b1c1e;rssi=-58;uptime_s=548160;heap=152660;cal_tier=board-cal;cal_src=wet_rederive_1236_20260719;pressure_context_source=weather_openmeteo;transport=wifi_poll,
plants.soil,2026-07-27T22:28:41.424Z,2026-07-27 17:28:41.424,17914,2a89d4,8gtt1h,0.7.3,fleet_logger_0_1,548160034,UMLIFE_v2_TLC555,ch3,origplant,soil_moisture,1591,,,OK,,,983.3,,name=c5off1;level=OK;role=disp;spread=18;gpio=6;device_seq=73087;time_source=device_synced;device_timestamp_utc=2026-07-27T22:28:31.949Z;config_id=170b1c1e;rssi=-58;uptime_s=548160;heap=152660;cal_tier=board-cal;cal_src=wet_rederive_1236_20260719;pressure_context_source=weather_openmeteo;transport=wifi_poll,
plants.env,2026-07-27T22:28:41.424Z,2026-07-27 17:28:41.424,17915,2a89d4,8gtt1h,0.7.3,fleet_logger_0_1,548160718,ESP32,esp32_die,on_chip,die_temp,,24.70,degC,OK,,,,,name=c5off1;source=esp32_die;cal=uncalibrated_board_proxy;api=temperatureRead;config_id=170b1c1e;transport=wifi_poll,
plants.soil,2026-07-27T22:29:11.842Z,2026-07-27 17:29:11.842,17916,2a89d4,8gtt1h,0.7.3,fleet_logger_0_1,548190034,UMLIFE_v2_TLC555,ch0,origplant,soil_moisture,1225,,,OK,,,983.3,,name=c5off1;level=overwatered;role=disp;spread=12;gpio=1;device_seq=73088;time_source=device_synced;device_timestamp_utc=2026-07-27T22:29:01.949Z;config_id=170b1c1e;rssi=-57;uptime_s=548190;heap=152624;cal_tier=board-cal;cal_src=wet_rederive_1236_20260719;pressure_context_source=weather_openmeteo;transport=wifi_poll,
plants.soil,2026-07-27T22:29:11.842Z,2026-07-27 17:29:11.842,17917,2a89d4,8gtt1h,0.7.3,fleet_logger_0_1,548190034,UMLIFE_v2_TLC555,ch1,origplant,soil_moisture,1354,,,OK,,,983.3,,name=c5off1;level=well watered;role=disp;spread=16;gpio=4;device_seq=73089;time_source=device_synced;device_timestamp_utc=2026-07-27T22:29:01.949Z;config_id=170b1c1e;rssi=-57;uptime_s=548190;heap=152624;cal_tier=board-cal;cal_src=wet_rederive_1236_20260719;pressure_context_source=weather_openmeteo;transport=wifi_poll,
plants.soil,2026-07-27T22:29:11.842Z,2026-07-27 17:29:11.842,17918,2a89d4,8gtt1h,0.7.3,fleet_logger_0_1,548190034,UMLIFE_v2_TLC555,ch2,origplant,soil_moisture,1189,,,OK,,,983.3,,name=c5off1;level=overwatered;role=disp;spread=25;gpio=5;device_seq=73090;time_source=device_synced;device_timestamp_utc=2026-07-27T22:29:01.949Z;config_id=170b1c1e;rssi=-57;uptime_s=548190;heap=152624;cal_tier=board-cal;cal_src=wet_rederive_1236_20260719;pressure_context_source=weather_openmeteo;transport=wifi_poll,
plants.soil,2026-07-27T22:29:11.842Z,2026-07-27 17:29:11.842,17919,2a89d4,8gtt1h,0.7.3,fleet_logger_0_1,548190034,UMLIFE_v2_TLC555,ch3,origplant,soil_moisture,1599,,,OK,,,983.3,,name=c5off1;level=OK;role=disp;spread=37;gpio=6;device_seq=73091;time_source=device_synced;device_timestamp_utc=2026-07-27T22:29:01.949Z;config_id=170b1c1e;rssi=-57;uptime_s=548190;heap=152624;cal_tier=board-cal;cal_src=wet_rederive_1236_20260719;pressure_context_source=weather_openmeteo;transport=wifi_poll,
plants.env,2026-07-27T22:29:11.842Z,2026-07-27 17:29:11.842,17920,2a89d4,8gtt1h,0.7.3,fleet_logger_0_1,548190718,ESP32,esp32_die,on_chip,die_temp,,24.70,degC,OK,,,,,name=c5off1;source=esp32_die;cal=uncalibrated_board_proxy;api=temperatureRead;config_id=170b1c1e;transport=wifi_poll,
plants.soil,2026-07-27T22:29:42.560Z,2026-07-27 17:29:42.560,17921,2a89d4,8gtt1h,0.7.3,fleet_logger_0_1,548220034,UMLIFE_v2_TLC555,ch0,origplant,soil_moisture,1225,,,OK,,,983.3,,name=c5off1;level=overwatered;role=disp;spread=8;gpio=1;device_seq=73092;time_source=device_synced;device_timestamp_utc=2026-07-27T22:29:31.949Z;config_id=170b1c1e;rssi=-58;uptime_s=548220;heap=152368;cal_tier=board-cal;cal_src=wet_rederive_1236_20260719;pressure_context_source=weather_openmeteo;transport=wifi_poll,
plants.soil,2026-07-27T22:29:42.560Z,2026-07-27 17:29:42.560,17922,2a89d4,8gtt1h,0.7.3,fleet_logger_0_1,548220034,UMLIFE_v2_TLC555,ch1,origplant,soil_moisture,1354,,,OK,,,983.3,,name=c5off1;level=well watered;role=disp;spread=10;gpio=4;device_seq=73093;time_source=device_synced;device_timestamp_utc=2026-07-27T22:29:31.949Z;config_id=170b1c1e;rssi=-58;uptime_s=548220;heap=152368;cal_tier=board-cal;cal_src=wet_rederive_1236_20260719;pressure_context_source=weather_openmeteo;transport=wifi_poll,
plants.soil,2026-07-27T22:29:42.560Z,2026-07-27 17:29:42.560,17923,2a89d4,8gtt1h,0.7.3,fleet_logger_0_1,548220034,UMLIFE_v2_TLC555,ch2,origplant,soil_moisture,1188,,,OK,,,983.3,,name=c5off1;level=overwatered;role=disp;spread=14;gpio=5;device_seq=73094;time_source=device_synced;device_timestamp_utc=2026-07-27T22:29:31.949Z;config_id=170b1c1e;rssi=-58;uptime_s=548220;heap=152368;cal_tier=board-cal;cal_src=wet_rederive_1236_20260719;pressure_context_source=weather_openmeteo;transport=wifi_poll,
plants.soil,2026-07-27T22:29:42.560Z,2026-07-27 17:29:42.560,17924,2a89d4,8gtt1h,0.7.3,fleet_logger_0_1,548220034,UMLIFE_v2_TLC555,ch3,origplant,soil_moisture,1599,,,OK,,,983.3,,name=c5off1;level=OK;role=disp;spread=32;gpio=6;device_seq=73095;time_source=device_synced;device_timestamp_utc=2026-07-27T22:29:31.949Z;config_id=170b1c1e;rssi=-58;uptime_s=548220;heap=152368;cal_tier=board-cal;cal_src=wet_rederive_1236_20260719;pressure_context_source=weather_openmeteo;transport=wifi_poll,
plants.env,2026-07-27T22:29:42.560Z,2026-07-27 17:29:42.560,17925,2a89d4,8gtt1h,0.7.3,fleet_logger_0_1,548220718,ESP32,esp32_die,on_chip,die_temp,,24.70,degC,OK,,,,,name=c5off1;source=esp32_die;cal=uncalibrated_board_proxy;api=temperatureRead;config_id=170b1c1e;transport=wifi_poll,
plants.soil,2026-07-27T22:30:12.949Z,2026-07-27 17:30:12.949,17926,2a89d4,8gtt1h,0.7.3,fleet_logger_0_1,548250034,UMLIFE_v2_TLC555,ch0,origplant,soil_moisture,1223,,,OK,,,983.3,,name=c5off1;level=overwatered;role=disp;spread=7;gpio=1;device_seq=73096;time_source=device_synced;device_timestamp_utc=2026-07-27T22:30:01.949Z;config_id=170b1c1e;rssi=-56;uptime_s=548250;heap=152416;cal_tier=board-cal;cal_src=wet_rederive_1236_20260719;pressure_context_source=weather_openmeteo;transport=wifi_poll,
plants.soil,2026-07-27T22:30:12.949Z,2026-07-27 17:30:12.949,17927,2a89d4,8gtt1h,0.7.3,fleet_logger_0_1,548250034,UMLIFE_v2_TLC555,ch1,origplant,soil_moisture,1354,,,OK,,,983.3,,name=c5off1;level=well watered;role=disp;spread=6;gpio=4;device_seq=73097;time_source=device_synced;device_timestamp_utc=2026-07-27T22:30:01.949Z;config_id=170b1c1e;rssi=-56;uptime_s=548250;heap=152416;cal_tier=board-cal;cal_src=wet_rederive_1236_20260719;pressure_context_source=weather_openmeteo;transport=wifi_poll,
plants.soil,2026-07-27T22:30:12.949Z,2026-07-27 17:30:12.949,17928,2a89d4,8gtt1h,0.7.3,fleet_logger_0_1,548250034,UMLIFE_v2_TLC555,ch2,origplant,soil_moisture,1187,,,OK,,,983.3,,name=c5off1;level=overwatered;role=disp;spread=12;gpio=5;device_seq=73098;time_source=device_synced;device_timestamp_utc=2026-07-27T22:30:01.949Z;config_id=170b1c1e;rssi=-56;uptime_s=548250;heap=152416;cal_tier=board-cal;cal_src=wet_rederive_1236_20260719;pressure_context_source=weather_openmeteo;transport=wifi_poll,
plants.soil,2026-07-27T22:30:12.949Z,2026-07-27 17:30:12.949,17929,2a89d4,8gtt1h,0.7.3,fleet_logger_0_1,548250034,UMLIFE_v2_TLC555,ch3,origplant,soil_moisture,1598,,,OK,,,983.3,,name=c5off1;level=OK;role=disp;spread=16;gpio=6;device_seq=73099;time_source=device_synced;device_timestamp_utc=2026-07-27T22:30:01.949Z;config_id=170b1c1e;rssi=-56;uptime_s=548250;heap=152416;cal_tier=board-cal;cal_src=wet_rederive_1236_20260719;pressure_context_source=weather_openmeteo;transport=wifi_poll,
plants.env,2026-07-27T22:30:12.949Z,2026-07-27 17:30:12.949,17930,2a89d4,8gtt1h,0.7.3,fleet_logger_0_1,548250718,ESP32,esp32_die,on_chip,die_temp,,24.70,degC,OK,,,,,name=c5off1;source=esp32_die;cal=uncalibrated_board_proxy;api=temperatureRead;config_id=170b1c1e;transport=wifi_poll,
plants.soil,2026-07-27T22:30:43.387Z,2026-07-27 17:30:43.387,17931,2a89d4,8gtt1h,0.7.3,fleet_logger_0_1,548280034,UMLIFE_v2_TLC555,ch0,origplant,soil_moisture,1223,,,OK,,,983.3,,name=c5off1;level=overwatered;role=disp;spread=11;gpio=1;device_seq=73100;time_source=device_synced;device_timestamp_utc=2026-07-27T22:30:31.949Z;config_id=170b1c1e;rssi=-57;uptime_s=548280;heap=152672;cal_tier=board-cal;cal_src=wet_rederive_1236_20260719;pressure_context_source=weather_openmeteo;transport=wifi_poll,
plants.soil,2026-07-27T22:30:43.387Z,2026-07-27 17:30:43.387,17932,2a89d4,8gtt1h,0.7.3,fleet_logger_0_1,548280034,UMLIFE_v2_TLC555,ch1,origplant,soil_moisture,1355,,,OK,,,983.3,,name=c5off1;level=well watered;role=disp;spread=12;gpio=4;device_seq=73101;time_source=device_synced;device_timestamp_utc=2026-07-27T22:30:31.949Z;config_id=170b1c1e;rssi=-57;uptime_s=548280;heap=152672;cal_tier=board-cal;cal_src=wet_rederive_1236_20260719;pressure_context_source=weather_openmeteo;transport=wifi_poll,
plants.soil,2026-07-27T22:30:43.387Z,2026-07-27 17:30:43.387,17933,2a89d4,8gtt1h,0.7.3,fleet_logger_0_1,548280034,UMLIFE_v2_TLC555,ch2,origplant,soil_moisture,1189,,,OK,,,983.3,,name=c5off1;level=overwatered;role=disp;spread=18;gpio=5;device_seq=73102;time_source=device_synced;device_timestamp_utc=2026-07-27T22:30:31.949Z;config_id=170b1c1e;rssi=-57;uptime_s=548280;heap=152672;cal_tier=board-cal;cal_src=wet_rederive_1236_20260719;pressure_context_source=weather_openmeteo;transport=wifi_poll,
plants.soil,2026-07-27T22:30:43.387Z,2026-07-27 17:30:43.387,17934,2a89d4,8gtt1h,0.7.3,fleet_logger_0_1,548280034,UMLIFE_v2_TLC555,ch3,origplant,soil_moisture,1600,,,OK,,,983.3,,name=c5off1;level=OK;role=disp;spread=22;gpio=6;device_seq=73103;time_source=device_synced;device_timestamp_utc=2026-07-27T22:30:31.949Z;config_id=170b1c1e;rssi=-57;uptime_s=548280;heap=152672;cal_tier=board-cal;cal_src=wet_rederive_1236_20260719;pressure_context_source=weather_openmeteo;transport=wifi_poll,
plants.env,2026-07-27T22:30:43.387Z,2026-07-27 17:30:43.387,17935,2a89d4,8gtt1h,0.7.3,fleet_logger_0_1,548280718,ESP32,esp32_die,on_chip,die_temp,,24.70,degC,OK,,,,,name=c5off1;source=esp32_die;cal=uncalibrated_board_proxy;api=temperatureRead;config_id=170b1c1e;transport=wifi_poll,
plants.soil,2026-07-27T22:31:13.799Z,2026-07-27 17:31:13.799,17936,2a89d4,8gtt1h,0.7.3,fleet_logger_0_1,548310034,UMLIFE_v2_TLC555,ch0,origplant,soil_moisture,1224,,,OK,,,983.3,,name=c5off1;level=overwatered;role=disp;spread=12;gpio=1;device_seq=73104;time_source=device_synced;device_timestamp_utc=2026-07-27T22:31:01.949Z;config_id=170b1c1e;rssi=-55;uptime_s=548310;heap=152672;cal_tier=board-cal;cal_src=wet_rederive_1236_20260719;pressure_context_source=weather_openmeteo;transport=wifi_poll,
plants.soil,2026-07-27T22:31:13.799Z,2026-07-27 17:31:13.799,17937,2a89d4,8gtt1h,0.7.3,fleet_logger_0_1,548310034,UMLIFE_v2_TLC555,ch1,origplant,soil_moisture,1355,,,OK,,,983.3,,name=c5off1;level=well watered;role=disp;spread=12;gpio=4;device_seq=73105;time_source=device_synced;device_timestamp_utc=2026-07-27T22:31:01.949Z;config_id=170b1c1e;rssi=-55;uptime_s=548310;heap=152672;cal_tier=board-cal;cal_src=wet_rederive_1236_20260719;pressure_context_source=weather_openmeteo;transport=wifi_poll,
plants.soil,2026-07-27T22:31:13.799Z,2026-07-27 17:31:13.799,17938,2a89d4,8gtt1h,0.7.3,fleet_logger_0_1,548310034,UMLIFE_v2_TLC555,ch2,origplant,soil_moisture,1190,,,OK,,,983.3,,name=c5off1;level=overwatered;role=disp;spread=7;gpio=5;device_seq=73106;time_source=device_synced;device_timestamp_utc=2026-07-27T22:31:01.949Z;config_id=170b1c1e;rssi=-55;uptime_s=548310;heap=152672;cal_tier=board-cal;cal_src=wet_rederive_1236_20260719;pressure_context_source=weather_openmeteo;transport=wifi_poll,
plants.soil,2026-07-27T22:31:13.799Z,2026-07-27 17:31:13.799,17939,2a89d4,8gtt1h,0.7.3,fleet_logger_0_1,548310034,UMLIFE_v2_TLC555,ch3,origplant,soil_moisture,1598,,,OK,,,983.3,,name=c5off1;level=OK;role=disp;spread=22;gpio=6;device_seq=73107;time_source=device_synced;device_timestamp_utc=2026-07-27T22:31:01.949Z;config_id=170b1c1e;rssi=-55;uptime_s=548310;heap=152672;cal_tier=board-cal;cal_src=wet_rederive_1236_20260719;pressure_context_source=weather_openmeteo;transport=wifi_poll,
plants.env,2026-07-27T22:31:13.799Z,2026-07-27 17:31:13.799,17940,2a89d4,8gtt1h,0.7.3,fleet_logger_0_1,548310718,ESP32,esp32_die,on_chip,die_temp,,24.70,degC,OK,,,,,name=c5off1;source=esp32_die;cal=uncalibrated_board_proxy;api=temperatureRead;config_id=170b1c1e;transport=wifi_poll,
plants.soil,2026-07-27T22:31:45.441Z,2026-07-27 17:31:45.441,17941,2a89d4,8gtt1h,0.7.3,fleet_logger_0_1,548340034,UMLIFE_v2_TLC555,ch0,origplant,soil_moisture,1225,,,OK,,,983.3,,name=c5off1;level=overwatered;role=disp;spread=11;gpio=1;device_seq=73108;time_source=device_synced;device_timestamp_utc=2026-07-27T22:31:31.949Z;config_id=170b1c1e;rssi=-56;uptime_s=548340;heap=152672;cal_tier=board-cal;cal_src=wet_rederive_1236_20260719;pressure_context_source=weather_openmeteo;transport=wifi_poll,
plants.soil,2026-07-27T22:31:45.441Z,2026-07-27 17:31:45.441,17942,2a89d4,8gtt1h,0.7.3,fleet_logger_0_1,548340034,UMLIFE_v2_TLC555,ch1,origplant,soil_moisture,1355,,,OK,,,983.3,,name=c5off1;level=well watered;role=disp;spread=25;gpio=4;device_seq=73109;time_source=device_synced;device_timestamp_utc=2026-07-27T22:31:31.949Z;config_id=170b1c1e;rssi=-56;uptime_s=548340;heap=152672;cal_tier=board-cal;cal_src=wet_rederive_1236_20260719;pressure_context_source=weather_openmeteo;transport=wifi_poll,
plants.soil,2026-07-27T22:31:45.441Z,2026-07-27 17:31:45.441,17943,2a89d4,8gtt1h,0.7.3,fleet_logger_0_1,548340034,UMLIFE_v2_TLC555,ch2,origplant,soil_moisture,1188,,,OK,,,983.3,,name=c5off1;level=overwatered;role=disp;spread=10;gpio=5;device_seq=73110;time_source=device_synced;device_timestamp_utc=2026-07-27T22:31:31.949Z;config_id=170b1c1e;rssi=-56;uptime_s=548340;heap=152672;cal_tier=board-cal;cal_src=wet_rederive_1236_20260719;pressure_context_source=weather_openmeteo;transport=wifi_poll,
plants.soil,2026-07-27T22:31:45.441Z,2026-07-27 17:31:45.441,17944,2a89d4,8gtt1h,0.7.3,fleet_logger_0_1,548340034,UMLIFE_v2_TLC555,ch3,origplant,soil_moisture,1600,,,OK,,,983.3,,name=c5off1;level=OK;role=disp;spread=24;gpio=6;device_seq=73111;time_source=device_synced;device_timestamp_utc=2026-07-27T22:31:31.949Z;config_id=170b1c1e;rssi=-56;uptime_s=548340;heap=152672;cal_tier=board-cal;cal_src=wet_rederive_1236_20260719;pressure_context_source=weather_openmeteo;transport=wifi_poll,
plants.env,2026-07-27T22:31:45.441Z,2026-07-27 17:31:45.441,17945,2a89d4,8gtt1h,0.7.3,fleet_logger_0_1,548340718,ESP32,esp32_die,on_chip,die_temp,,24.70,degC,OK,,,,,name=c5off1;source=esp32_die;cal=uncalibrated_board_proxy;api=temperatureRead;config_id=170b1c1e;transport=wifi_poll,
plants.soil,2026-07-27T22:32:16.024Z,2026-07-27 17:32:16.024,17946,2a89d4,8gtt1h,0.7.3,fleet_logger_0_1,548370034,UMLIFE_v2_TLC555,ch0,origplant,soil_moisture,1225,,,OK,,,983.3,,name=c5off1;level=overwatered;role=disp;spread=14;gpio=1;device_seq=73112;time_source=device_synced;device_timestamp_utc=2026-07-27T22:32:01.949Z;config_id=170b1c1e;rssi=-65;uptime_s=548370;heap=152672;cal_tier=board-cal;cal_src=wet_rederive_1236_20260719;pressure_context_source=weather_openmeteo;transport=wifi_poll,
plants.soil,2026-07-27T22:32:16.024Z,2026-07-27 17:32:16.024,17947,2a89d4,8gtt1h,0.7.3,fleet_logger_0_1,548370034,UMLIFE_v2_TLC555,ch1,origplant,soil_moisture,1355,,,OK,,,983.3,,name=c5off1;level=well watered;role=disp;spread=14;gpio=4;device_seq=73113;time_source=device_synced;device_timestamp_utc=2026-07-27T22:32:01.949Z;config_id=170b1c1e;rssi=-65;uptime_s=548370;heap=152672;cal_tier=board-cal;cal_src=wet_rederive_1236_20260719;pressure_context_source=weather_openmeteo;transport=wifi_poll,
plants.soil,2026-07-27T22:32:16.024Z,2026-07-27 17:32:16.024,17948,2a89d4,8gtt1h,0.7.3,fleet_logger_0_1,548370034,UMLIFE_v2_TLC555,ch2,origplant,soil_moisture,1188,,,OK,,,983.3,,name=c5off1;level=overwatered;role=disp;spread=18;gpio=5;device_seq=73114;time_source=device_synced;device_timestamp_utc=2026-07-27T22:32:01.949Z;config_id=170b1c1e;rssi=-65;uptime_s=548370;heap=152672;cal_tier=board-cal;cal_src=wet_rederive_1236_20260719;pressure_context_source=weather_openmeteo;transport=wifi_poll,
plants.soil,2026-07-27T22:32:16.024Z,2026-07-27 17:32:16.024,17949,2a89d4,8gtt1h,0.7.3,fleet_logger_0_1,548370034,UMLIFE_v2_TLC555,ch3,origplant,soil_moisture,1600,,,OK,,,983.3,,name=c5off1;level=OK;role=disp;spread=37;gpio=6;device_seq=73115;time_source=device_synced;device_timestamp_utc=2026-07-27T22:32:01.949Z;config_id=170b1c1e;rssi=-65;uptime_s=548370;heap=152672;cal_tier=board-cal;cal_src=wet_rederive_1236_20260719;pressure_context_source=weather_openmeteo;transport=wifi_poll,
plants.env,2026-07-27T22:32:16.024Z,2026-07-27 17:32:16.024,17950,2a89d4,8gtt1h,0.7.3,fleet_logger_0_1,548370718,ESP32,esp32_die,on_chip,die_temp,,24.70,degC,OK,,,,,name=c5off1;source=esp32_die;cal=uncalibrated_board_proxy;api=temperatureRead;config_id=170b1c1e;transport=wifi_poll,
plants.soil,2026-07-27T22:32:46.349Z,2026-07-27 17:32:46.349,17951,2a89d4,8gtt1h,0.7.3,fleet_logger_0_1,548400034,UMLIFE_v2_TLC555,ch0,origplant,soil_moisture,1226,,,OK,,,983.3,,name=c5off1;level=overwatered;role=disp;spread=11;gpio=1;device_seq=73116;time_source=device_synced;device_timestamp_utc=2026-07-27T22:32:31.949Z;config_id=170b1c1e;rssi=-57;uptime_s=548400;heap=152416;cal_tier=board-cal;cal_src=wet_rederive_1236_20260719;pressure_context_source=weather_openmeteo;transport=wifi_poll,
plants.soil,2026-07-27T22:32:46.349Z,2026-07-27 17:32:46.349,17952,2a89d4,8gtt1h,0.7.3,fleet_logger_0_1,548400034,UMLIFE_v2_TLC555,ch1,origplant,soil_moisture,1356,,,OK,,,983.3,,name=c5off1;level=well watered;role=disp;spread=17;gpio=4;device_seq=73117;time_source=device_synced;device_timestamp_utc=2026-07-27T22:32:31.949Z;config_id=170b1c1e;rssi=-57;uptime_s=548400;heap=152416;cal_tier=board-cal;cal_src=wet_rederive_1236_20260719;pressure_context_source=weather_openmeteo;transport=wifi_poll,
plants.soil,2026-07-27T22:32:46.349Z,2026-07-27 17:32:46.349,17953,2a89d4,8gtt1h,0.7.3,fleet_logger_0_1,548400034,UMLIFE_v2_TLC555,ch2,origplant,soil_moisture,1190,,,OK,,,983.3,,name=c5off1;level=overwatered;role=disp;spread=12;gpio=5;device_seq=73118;time_source=device_synced;device_timestamp_utc=2026-07-27T22:32:31.949Z;config_id=170b1c1e;rssi=-57;uptime_s=548400;heap=152416;cal_tier=board-cal;cal_src=wet_rederive_1236_20260719;pressure_context_source=weather_openmeteo;transport=wifi_poll,
plants.soil,2026-07-27T22:32:46.349Z,2026-07-27 17:32:46.349,17954,2a89d4,8gtt1h,0.7.3,fleet_logger_0_1,548400034,UMLIFE_v2_TLC555,ch3,origplant,soil_moisture,1600,,,OK,,,983.3,,name=c5off1;level=OK;role=disp;spread=19;gpio=6;device_seq=73119;time_source=device_synced;device_timestamp_utc=2026-07-27T22:32:31.949Z;config_id=170b1c1e;rssi=-57;uptime_s=548400;heap=152416;cal_tier=board-cal;cal_src=wet_rederive_1236_20260719;pressure_context_source=weather_openmeteo;transport=wifi_poll,
plants.env,2026-07-27T22:32:46.349Z,2026-07-27 17:32:46.349,17955,2a89d4,8gtt1h,0.7.3,fleet_logger_0_1,548401818,ESP32,esp32_die,on_chip,die_temp,,25.70,degC,OK,,,,,name=c5off1;source=esp32_die;cal=uncalibrated_board_proxy;api=temperatureRead;config_id=170b1c1e;transport=wifi_poll,
plants.soil,2026-07-27T22:33:18.081Z,2026-07-27 17:33:18.081,17956,2a89d4,8gtt1h,0.7.3,fleet_logger_0_1,548430034,UMLIFE_v2_TLC555,ch0,origplant,soil_moisture,1225,,,OK,,,983.3,,name=c5off1;level=overwatered;role=disp;spread=20;gpio=1;device_seq=73120;time_source=device_synced;device_timestamp_utc=2026-07-27T22:33:01.949Z;config_id=170b1c1e;rssi=-58;uptime_s=548430;heap=152416;cal_tier=board-cal;cal_src=wet_rederive_1236_20260719;pressure_context_source=weather_openmeteo;transport=wifi_poll,
plants.soil,2026-07-27T22:33:18.081Z,2026-07-27 17:33:18.081,17957,2a89d4,8gtt1h,0.7.3,fleet_logger_0_1,548430034,UMLIFE_v2_TLC555,ch1,origplant,soil_moisture,1353,,,OK,,,983.3,,name=c5off1;level=well watered;role=disp;spread=15;gpio=4;device_seq=73121;time_source=device_synced;device_timestamp_utc=2026-07-27T22:33:01.949Z;config_id=170b1c1e;rssi=-58;uptime_s=548430;heap=152416;cal_tier=board-cal;cal_src=wet_rederive_1236_20260719;pressure_context_source=weather_openmeteo;transport=wifi_poll,
plants.soil,2026-07-27T22:33:18.081Z,2026-07-27 17:33:18.081,17958,2a89d4,8gtt1h,0.7.3,fleet_logger_0_1,548430034,UMLIFE_v2_TLC555,ch2,origplant,soil_moisture,1189,,,OK,,,983.3,,name=c5off1;level=overwatered;role=disp;spread=15;gpio=5;device_seq=73122;time_source=device_synced;device_timestamp_utc=2026-07-27T22:33:01.949Z;config_id=170b1c1e;rssi=-58;uptime_s=548430;heap=152416;cal_tier=board-cal;cal_src=wet_rederive_1236_20260719;pressure_context_source=weather_openmeteo;transport=wifi_poll,
plants.soil,2026-07-27T22:33:18.081Z,2026-07-27 17:33:18.081,17959,2a89d4,8gtt1h,0.7.3,fleet_logger_0_1,548430034,UMLIFE_v2_TLC555,ch3,origplant,soil_moisture,1600,,,OK,,,983.3,,name=c5off1;level=OK;role=disp;spread=18;gpio=6;device_seq=73123;time_source=device_synced;device_timestamp_utc=2026-07-27T22:33:01.949Z;config_id=170b1c1e;rssi=-58;uptime_s=548430;heap=152416;cal_tier=board-cal;cal_src=wet_rederive_1236_20260719;pressure_context_source=weather_openmeteo;transport=wifi_poll,
plants.env,2026-07-27T22:33:18.081Z,2026-07-27 17:33:18.081,17960,2a89d4,8gtt1h,0.7.3,fleet_logger_0_1,548430718,ESP32,esp32_die,on_chip,die_temp,,24.70,degC,OK,,,,,name=c5off1;source=esp32_die;cal=uncalibrated_board_proxy;api=temperatureRead;config_id=170b1c1e;transport=wifi_poll,
plants.soil,2026-07-27T22:33:48.510Z,2026-07-27 17:33:48.510,17961,2a89d4,8gtt1h,0.7.3,fleet_logger_0_1,548460034,UMLIFE_v2_TLC555,ch0,origplant,soil_moisture,1225,,,OK,,,983.3,,name=c5off1;level=overwatered;role=disp;spread=11;gpio=1;device_seq=73124;time_source=device_synced;device_timestamp_utc=2026-07-27T22:33:31.949Z;config_id=170b1c1e;rssi=-54;uptime_s=548460;heap=152672;cal_tier=board-cal;cal_src=wet_rederive_1236_20260719;pressure_context_source=weather_openmeteo;transport=wifi_poll,
plants.soil,2026-07-27T22:33:48.510Z,2026-07-27 17:33:48.510,17962,2a89d4,8gtt1h,0.7.3,fleet_logger_0_1,548460034,UMLIFE_v2_TLC555,ch1,origplant,soil_moisture,1357,,,OK,,,983.3,,name=c5off1;level=well watered;role=disp;spread=18;gpio=4;device_seq=73125;time_source=device_synced;device_timestamp_utc=2026-07-27T22:33:31.949Z;config_id=170b1c1e;rssi=-54;uptime_s=548460;heap=152672;cal_tier=board-cal;cal_src=wet_rederive_1236_20260719;pressure_context_source=weather_openmeteo;transport=wifi_poll,
plants.soil,2026-07-27T22:33:48.510Z,2026-07-27 17:33:48.510,17963,2a89d4,8gtt1h,0.7.3,fleet_logger_0_1,548460034,UMLIFE_v2_TLC555,ch2,origplant,soil_moisture,1189,,,OK,,,983.3,,name=c5off1;level=overwatered;role=disp;spread=13;gpio=5;device_seq=73126;time_source=device_synced;device_timestamp_utc=2026-07-27T22:33:31.949Z;config_id=170b1c1e;rssi=-54;uptime_s=548460;heap=152672;cal_tier=board-cal;cal_src=wet_rederive_1236_20260719;pressure_context_source=weather_openmeteo;transport=wifi_poll,
plants.soil,2026-07-27T22:33:48.510Z,2026-07-27 17:33:48.510,17964,2a89d4,8gtt1h,0.7.3,fleet_logger_0_1,548460034,UMLIFE_v2_TLC555,ch3,origplant,soil_moisture,1600,,,OK,,,983.3,,name=c5off1;level=OK;role=disp;spread=18;gpio=6;device_seq=73127;time_source=device_synced;device_timestamp_utc=2026-07-27T22:33:31.949Z;config_id=170b1c1e;rssi=-54;uptime_s=548460;heap=152672;cal_tier=board-cal;cal_src=wet_rederive_1236_20260719;pressure_context_source=weather_openmeteo;transport=wifi_poll,
plants.env,2026-07-27T22:33:48.510Z,2026-07-27 17:33:48.510,17965,2a89d4,8gtt1h,0.7.3,fleet_logger_0_1,548460718,ESP32,esp32_die,on_chip,die_temp,,25.70,degC,OK,,,,,name=c5off1;source=esp32_die;cal=uncalibrated_board_proxy;api=temperatureRead;config_id=170b1c1e;transport=wifi_poll,
plants.soil,2026-07-27T22:34:19.007Z,2026-07-27 17:34:19.007,17966,2a89d4,8gtt1h,0.7.3,fleet_logger_0_1,548490034,UMLIFE_v2_TLC555,ch0,origplant,soil_moisture,1227,,,OK,,,983.3,,name=c5off1;level=overwatered;role=disp;spread=13;gpio=1;device_seq=73128;time_source=device_synced;device_timestamp_utc=2026-07-27T22:34:01.949Z;config_id=170b1c1e;rssi=-56;uptime_s=548490;heap=152672;cal_tier=board-cal;cal_src=wet_rederive_1236_20260719;pressure_context_source=weather_openmeteo;transport=wifi_poll,
plants.soil,2026-07-27T22:34:19.007Z,2026-07-27 17:34:19.007,17967,2a89d4,8gtt1h,0.7.3,fleet_logger_0_1,548490034,UMLIFE_v2_TLC555,ch1,origplant,soil_moisture,1352,,,OK,,,983.3,,name=c5off1;level=well watered;role=disp;spread=24;gpio=4;device_seq=73129;time_source=device_synced;device_timestamp_utc=2026-07-27T22:34:01.949Z;config_id=170b1c1e;rssi=-56;uptime_s=548490;heap=152672;cal_tier=board-cal;cal_src=wet_rederive_1236_20260719;pressure_context_source=weather_openmeteo;transport=wifi_poll,
plants.soil,2026-07-27T22:34:19.007Z,2026-07-27 17:34:19.007,17968,2a89d4,8gtt1h,0.7.3,fleet_logger_0_1,548490034,UMLIFE_v2_TLC555,ch2,origplant,soil_moisture,1190,,,OK,,,983.3,,name=c5off1;level=overwatered;role=disp;spread=11;gpio=5;device_seq=73130;time_source=device_synced;device_timestamp_utc=2026-07-27T22:34:01.949Z;config_id=170b1c1e;rssi=-56;uptime_s=548490;heap=152672;cal_tier=board-cal;cal_src=wet_rederive_1236_20260719;pressure_context_source=weather_openmeteo;transport=wifi_poll,
plants.soil,2026-07-27T22:34:19.007Z,2026-07-27 17:34:19.007,17969,2a89d4,8gtt1h,0.7.3,fleet_logger_0_1,548490034,UMLIFE_v2_TLC555,ch3,origplant,soil_moisture,1597,,,OK,,,983.3,,name=c5off1;level=OK;role=disp;spread=12;gpio=6;device_seq=73131;time_source=device_synced;device_timestamp_utc=2026-07-27T22:34:01.949Z;config_id=170b1c1e;rssi=-56;uptime_s=548490;heap=152672;cal_tier=board-cal;cal_src=wet_rederive_1236_20260719;pressure_context_source=weather_openmeteo;transport=wifi_poll,
plants.env,2026-07-27T22:34:19.007Z,2026-07-27 17:34:19.007,17970,2a89d4,8gtt1h,0.7.3,fleet_logger_0_1,548490718,ESP32,esp32_die,on_chip,die_temp,,24.70,degC,OK,,,,,name=c5off1;source=esp32_die;cal=uncalibrated_board_proxy;api=temperatureRead;config_id=170b1c1e;transport=wifi_poll,
plants.soil,2026-07-27T22:34:49.451Z,2026-07-27 17:34:49.451,17971,2a89d4,8gtt1h,0.7.3,fleet_logger_0_1,548520034,UMLIFE_v2_TLC555,ch0,origplant,soil_moisture,1225,,,OK,,,983.3,,name=c5off1;level=overwatered;role=disp;spread=8;gpio=1;device_seq=73132;time_source=device_synced;device_timestamp_utc=2026-07-27T22:34:31.949Z;config_id=170b1c1e;rssi=-56;uptime_s=548520;heap=152672;cal_tier=board-cal;cal_src=wet_rederive_1236_20260719;pressure_context_source=weather_openmeteo;transport=wifi_poll,
plants.soil,2026-07-27T22:34:49.451Z,2026-07-27 17:34:49.451,17972,2a89d4,8gtt1h,0.7.3,fleet_logger_0_1,548520034,UMLIFE_v2_TLC555,ch1,origplant,soil_moisture,1356,,,OK,,,983.3,,name=c5off1;level=well watered;role=disp;spread=18;gpio=4;device_seq=73133;time_source=device_synced;device_timestamp_utc=2026-07-27T22:34:31.949Z;config_id=170b1c1e;rssi=-56;uptime_s=548520;heap=152672;cal_tier=board-cal;cal_src=wet_rederive_1236_20260719;pressure_context_source=weather_openmeteo;transport=wifi_poll,
plants.soil,2026-07-27T22:34:49.451Z,2026-07-27 17:34:49.451,17973,2a89d4,8gtt1h,0.7.3,fleet_logger_0_1,548520034,UMLIFE_v2_TLC555,ch2,origplant,soil_moisture,1191,,,OK,,,983.3,,name=c5off1;level=overwatered;role=disp;spread=13;gpio=5;device_seq=73134;time_source=device_synced;device_timestamp_utc=2026-07-27T22:34:31.949Z;config_id=170b1c1e;rssi=-56;uptime_s=548520;heap=152672;cal_tier=board-cal;cal_src=wet_rederive_1236_20260719;pressure_context_source=weather_openmeteo;transport=wifi_poll,
plants.soil,2026-07-27T22:34:49.451Z,2026-07-27 17:34:49.451,17974,2a89d4,8gtt1h,0.7.3,fleet_logger_0_1,548520034,UMLIFE_v2_TLC555,ch3,origplant,soil_moisture,1598,,,OK,,,983.3,,name=c5off1;level=OK;role=disp;spread=32;gpio=6;device_seq=73135;time_source=device_synced;device_timestamp_utc=2026-07-27T22:34:31.949Z;config_id=170b1c1e;rssi=-56;uptime_s=548520;heap=152672;cal_tier=board-cal;cal_src=wet_rederive_1236_20260719;pressure_context_source=weather_openmeteo;transport=wifi_poll,
plants.env,2026-07-27T22:34:49.451Z,2026-07-27 17:34:49.451,17975,2a89d4,8gtt1h,0.7.3,fleet_logger_0_1,548520718,ESP32,esp32_die,on_chip,die_temp,,25.70,degC,OK,,,,,name=c5off1;source=esp32_die;cal=uncalibrated_board_proxy;api=temperatureRead;config_id=170b1c1e;transport=wifi_poll,
plants.soil,2026-07-27T22:35:20.071Z,2026-07-27 17:35:20.071,17976,2a89d4,8gtt1h,0.7.3,fleet_logger_0_1,548550034,UMLIFE_v2_TLC555,ch0,origplant,soil_moisture,1225,,,OK,,,983.3,,name=c5off1;level=overwatered;role=disp;spread=11;gpio=1;device_seq=73136;time_source=device_synced;device_timestamp_utc=2026-07-27T22:35:01.949Z;config_id=170b1c1e;rssi=-59;uptime_s=548550;heap=152672;cal_tier=board-cal;cal_src=wet_rederive_1236_20260719;pressure_context_source=weather_openmeteo;transport=wifi_poll,
plants.soil,2026-07-27T22:35:20.071Z,2026-07-27 17:35:20.071,17977,2a89d4,8gtt1h,0.7.3,fleet_logger_0_1,548550034,UMLIFE_v2_TLC555,ch1,origplant,soil_moisture,1353,,,OK,,,983.3,,name=c5off1;level=well watered;role=disp;spread=21;gpio=4;device_seq=73137;time_source=device_synced;device_timestamp_utc=2026-07-27T22:35:01.949Z;config_id=170b1c1e;rssi=-59;uptime_s=548550;heap=152672;cal_tier=board-cal;cal_src=wet_rederive_1236_20260719;pressure_context_source=weather_openmeteo;transport=wifi_poll,
plants.soil,2026-07-27T22:35:20.071Z,2026-07-27 17:35:20.071,17978,2a89d4,8gtt1h,0.7.3,fleet_logger_0_1,548550034,UMLIFE_v2_TLC555,ch2,origplant,soil_moisture,1190,,,OK,,,983.3,,name=c5off1;level=overwatered;role=disp;spread=13;gpio=5;device_seq=73138;time_source=device_synced;device_timestamp_utc=2026-07-27T22:35:01.949Z;config_id=170b1c1e;rssi=-59;uptime_s=548550;heap=152672;cal_tier=board-cal;cal_src=wet_rederive_1236_20260719;pressure_context_source=weather_openmeteo;transport=wifi_poll,
plants.soil,2026-07-27T22:35:20.071Z,2026-07-27 17:35:20.071,17979,2a89d4,8gtt1h,0.7.3,fleet_logger_0_1,548550034,UMLIFE_v2_TLC555,ch3,origplant,soil_moisture,1599,,,OK,,,983.3,,name=c5off1;level=OK;role=disp;spread=30;gpio=6;device_seq=73139;time_source=device_synced;device_timestamp_utc=2026-07-27T22:35:01.949Z;config_id=170b1c1e;rssi=-59;uptime_s=548550;heap=152672;cal_tier=board-cal;cal_src=wet_rederive_1236_20260719;pressure_context_source=weather_openmeteo;transport=wifi_poll,
plants.env,2026-07-27T22:35:20.071Z,2026-07-27 17:35:20.071,17980,2a89d4,8gtt1h,0.7.3,fleet_logger_0_1,548550718,ESP32,esp32_die,on_chip,die_temp,,25.70,degC,OK,,,,,name=c5off1;source=esp32_die;cal=uncalibrated_board_proxy;api=temperatureRead;config_id=170b1c1e;transport=wifi_poll,
plants.soil,2026-07-27T22:35:50.696Z,2026-07-27 17:35:50.696,17981,2a89d4,8gtt1h,0.7.3,fleet_logger_0_1,548580034,UMLIFE_v2_TLC555,ch0,origplant,soil_moisture,1225,,,OK,,,983.3,,name=c5off1;level=overwatered;role=disp;spread=7;gpio=1;device_seq=73140;time_source=device_synced;device_timestamp_utc=2026-07-27T22:35:31.949Z;config_id=170b1c1e;rssi=-58;uptime_s=548580;heap=152416;cal_tier=board-cal;cal_src=wet_rederive_1236_20260719;pressure_context_source=weather_openmeteo;transport=wifi_poll,
plants.soil,2026-07-27T22:35:50.696Z,2026-07-27 17:35:50.696,17982,2a89d4,8gtt1h,0.7.3,fleet_logger_0_1,548580034,UMLIFE_v2_TLC555,ch1,origplant,soil_moisture,1355,,,OK,,,983.3,,name=c5off1;level=well watered;role=disp;spread=16;gpio=4;device_seq=73141;time_source=device_synced;device_timestamp_utc=2026-07-27T22:35:31.949Z;config_id=170b1c1e;rssi=-58;uptime_s=548580;heap=152416;cal_tier=board-cal;cal_src=wet_rederive_1236_20260719;pressure_context_source=weather_openmeteo;transport=wifi_poll,
plants.soil,2026-07-27T22:35:50.696Z,2026-07-27 17:35:50.696,17983,2a89d4,8gtt1h,0.7.3,fleet_logger_0_1,548580034,UMLIFE_v2_TLC555,ch2,origplant,soil_moisture,1190,,,OK,,,983.3,,name=c5off1;level=overwatered;role=disp;spread=19;gpio=5;device_seq=73142;time_source=device_synced;device_timestamp_utc=2026-07-27T22:35:31.949Z;config_id=170b1c1e;rssi=-58;uptime_s=548580;heap=152416;cal_tier=board-cal;cal_src=wet_rederive_1236_20260719;pressure_context_source=weather_openmeteo;transport=wifi_poll,
plants.soil,2026-07-27T22:35:50.696Z,2026-07-27 17:35:50.696,17984,2a89d4,8gtt1h,0.7.3,fleet_logger_0_1,548580034,UMLIFE_v2_TLC555,ch3,origplant,soil_moisture,1602,,,OK,,,983.3,,name=c5off1;level=OK;role=disp;spread=38;gpio=6;device_seq=73143;time_source=device_synced;device_timestamp_utc=2026-07-27T22:35:31.949Z;config_id=170b1c1e;rssi=-58;uptime_s=548580;heap=152416;cal_tier=board-cal;cal_src=wet_rederive_1236_20260719;pressure_context_source=weather_openmeteo;transport=wifi_poll,
plants.env,2026-07-27T22:35:50.696Z,2026-07-27 17:35:50.696,17985,2a89d4,8gtt1h,0.7.3,fleet_logger_0_1,548580718,ESP32,esp32_die,on_chip,die_temp,,24.70,degC,OK,,,,,name=c5off1;source=esp32_die;cal=uncalibrated_board_proxy;api=temperatureRead;config_id=170b1c1e;transport=wifi_poll,
plants.soil,2026-07-27T22:36:21.092Z,2026-07-27 17:36:21.092,17986,2a89d4,8gtt1h,0.7.3,fleet_logger_0_1,548610034,UMLIFE_v2_TLC555,ch0,origplant,soil_moisture,1224,,,OK,,,983.3,,name=c5off1;level=overwatered;role=disp;spread=8;gpio=1;device_seq=73144;time_source=device_synced;device_timestamp_utc=2026-07-27T22:36:01.949Z;config_id=170b1c1e;rssi=-57;uptime_s=548610;heap=152412;cal_tier=board-cal;cal_src=wet_rederive_1236_20260719;pressure_context_source=weather_openmeteo;transport=wifi_poll,
plants.soil,2026-07-27T22:36:21.092Z,2026-07-27 17:36:21.092,17987,2a89d4,8gtt1h,0.7.3,fleet_logger_0_1,548610034,UMLIFE_v2_TLC555,ch1,origplant,soil_moisture,1354,,,OK,,,983.3,,name=c5off1;level=well watered;role=disp;spread=30;gpio=4;device_seq=73145;time_source=device_synced;device_timestamp_utc=2026-07-27T22:36:01.949Z;config_id=170b1c1e;rssi=-57;uptime_s=548610;heap=152412;cal_tier=board-cal;cal_src=wet_rederive_1236_20260719;pressure_context_source=weather_openmeteo;transport=wifi_poll,
plants.soil,2026-07-27T22:36:21.092Z,2026-07-27 17:36:21.092,17988,2a89d4,8gtt1h,0.7.3,fleet_logger_0_1,548610034,UMLIFE_v2_TLC555,ch2,origplant,soil_moisture,1191,,,OK,,,983.3,,name=c5off1;level=overwatered;role=disp;spread=13;gpio=5;device_seq=73146;time_source=device_synced;device_timestamp_utc=2026-07-27T22:36:01.949Z;config_id=170b1c1e;rssi=-57;uptime_s=548610;heap=152412;cal_tier=board-cal;cal_src=wet_rederive_1236_20260719;pressure_context_source=weather_openmeteo;transport=wifi_poll,
plants.soil,2026-07-27T22:36:21.092Z,2026-07-27 17:36:21.092,17989,2a89d4,8gtt1h,0.7.3,fleet_logger_0_1,548610034,UMLIFE_v2_TLC555,ch3,origplant,soil_moisture,1601,,,OK,,,983.3,,name=c5off1;level=OK;role=disp;spread=24;gpio=6;device_seq=73147;time_source=device_synced;device_timestamp_utc=2026-07-27T22:36:01.949Z;config_id=170b1c1e;rssi=-57;uptime_s=548610;heap=152412;cal_tier=board-cal;cal_src=wet_rederive_1236_20260719;pressure_context_source=weather_openmeteo;transport=wifi_poll,
plants.env,2026-07-27T22:36:21.092Z,2026-07-27 17:36:21.092,17990,2a89d4,8gtt1h,0.7.3,fleet_logger_0_1,548610718,ESP32,esp32_die,on_chip,die_temp,,25.70,degC,OK,,,,,name=c5off1;source=esp32_die;cal=uncalibrated_board_proxy;api=temperatureRead;config_id=170b1c1e;transport=wifi_poll,
plants.soil,2026-07-27T22:36:51.594Z,2026-07-27 17:36:51.594,17991,2a89d4,8gtt1h,0.7.3,fleet_logger_0_1,548640034,UMLIFE_v2_TLC555,ch0,origplant,soil_moisture,1223,,,OK,,,983.3,,name=c5off1;level=overwatered;role=disp;spread=5;gpio=1;device_seq=73148;time_source=device_synced;device_timestamp_utc=2026-07-27T22:36:31.949Z;config_id=170b1c1e;rssi=-57;uptime_s=548640;heap=152668;cal_tier=board-cal;cal_src=wet_rederive_1236_20260719;pressure_context_source=weather_openmeteo;transport=wifi_poll,
plants.soil,2026-07-27T22:36:51.594Z,2026-07-27 17:36:51.594,17992,2a89d4,8gtt1h,0.7.3,fleet_logger_0_1,548640034,UMLIFE_v2_TLC555,ch1,origplant,soil_moisture,1353,,,OK,,,983.3,,name=c5off1;level=well watered;role=disp;spread=21;gpio=4;device_seq=73149;time_source=device_synced;device_timestamp_utc=2026-07-27T22:36:31.949Z;config_id=170b1c1e;rssi=-57;uptime_s=548640;heap=152668;cal_tier=board-cal;cal_src=wet_rederive_1236_20260719;pressure_context_source=weather_openmeteo;transport=wifi_poll,
plants.soil,2026-07-27T22:36:51.594Z,2026-07-27 17:36:51.594,17993,2a89d4,8gtt1h,0.7.3,fleet_logger_0_1,548640034,UMLIFE_v2_TLC555,ch2,origplant,soil_moisture,1189,,,OK,,,983.3,,name=c5off1;level=overwatered;role=disp;spread=11;gpio=5;device_seq=73150;time_source=device_synced;device_timestamp_utc=2026-07-27T22:36:31.949Z;config_id=170b1c1e;rssi=-57;uptime_s=548640;heap=152668;cal_tier=board-cal;cal_src=wet_rederive_1236_20260719;pressure_context_source=weather_openmeteo;transport=wifi_poll,
plants.soil,2026-07-27T22:36:51.594Z,2026-07-27 17:36:51.594,17994,2a89d4,8gtt1h,0.7.3,fleet_logger_0_1,548640034,UMLIFE_v2_TLC555,ch3,origplant,soil_moisture,1596,,,OK,,,983.3,,name=c5off1;level=OK;role=disp;spread=19;gpio=6;device_seq=73151;time_source=device_synced;device_timestamp_utc=2026-07-27T22:36:31.949Z;config_id=170b1c1e;rssi=-57;uptime_s=548640;heap=152668;cal_tier=board-cal;cal_src=wet_rederive_1236_20260719;pressure_context_source=weather_openmeteo;transport=wifi_poll,
plants.env,2026-07-27T22:36:51.594Z,2026-07-27 17:36:51.594,17995,2a89d4,8gtt1h,0.7.3,fleet_logger_0_1,548640718,ESP32,esp32_die,on_chip,die_temp,,25.70,degC,OK,,,,,name=c5off1;source=esp32_die;cal=uncalibrated_board_proxy;api=temperatureRead;config_id=170b1c1e;transport=wifi_poll,
plants.soil,2026-07-27T22:37:22.017Z,2026-07-27 17:37:22.017,17996,2a89d4,8gtt1h,0.7.3,fleet_logger_0_1,548670034,UMLIFE_v2_TLC555,ch0,origplant,soil_moisture,1226,,,OK,,,983.3,,name=c5off1;level=overwatered;role=disp;spread=8;gpio=1;device_seq=73152;time_source=device_synced;device_timestamp_utc=2026-07-27T22:37:01.949Z;config_id=170b1c1e;rssi=-57;uptime_s=548670;heap=152672;cal_tier=board-cal;cal_src=wet_rederive_1236_20260719;pressure_context_source=weather_openmeteo;transport=wifi_poll,
plants.soil,2026-07-27T22:37:22.017Z,2026-07-27 17:37:22.017,17997,2a89d4,8gtt1h,0.7.3,fleet_logger_0_1,548670034,UMLIFE_v2_TLC555,ch1,origplant,soil_moisture,1355,,,OK,,,983.3,,name=c5off1;level=well watered;role=disp;spread=16;gpio=4;device_seq=73153;time_source=device_synced;device_timestamp_utc=2026-07-27T22:37:01.949Z;config_id=170b1c1e;rssi=-57;uptime_s=548670;heap=152672;cal_tier=board-cal;cal_src=wet_rederive_1236_20260719;pressure_context_source=weather_openmeteo;transport=wifi_poll,
plants.soil,2026-07-27T22:37:22.017Z,2026-07-27 17:37:22.017,17998,2a89d4,8gtt1h,0.7.3,fleet_logger_0_1,548670034,UMLIFE_v2_TLC555,ch2,origplant,soil_moisture,1192,,,OK,,,983.3,,name=c5off1;level=overwatered;role=disp;spread=21;gpio=5;device_seq=73154;time_source=device_synced;device_timestamp_utc=2026-07-27T22:37:01.949Z;config_id=170b1c1e;rssi=-57;uptime_s=548670;heap=152672;cal_tier=board-cal;cal_src=wet_rederive_1236_20260719;pressure_context_source=weather_openmeteo;transport=wifi_poll,
plants.soil,2026-07-27T22:37:22.017Z,2026-07-27 17:37:22.017,17999,2a89d4,8gtt1h,0.7.3,fleet_logger_0_1,548670034,UMLIFE_v2_TLC555,ch3,origplant,soil_moisture,1600,,,OK,,,983.3,,name=c5off1;level=OK;role=disp;spread=19;gpio=6;device_seq=73155;time_source=device_synced;device_timestamp_utc=2026-07-27T22:37:01.949Z;config_id=170b1c1e;rssi=-57;uptime_s=548670;heap=152672;cal_tier=board-cal;cal_src=wet_rederive_1236_20260719;pressure_context_source=weather_openmeteo;transport=wifi_poll,
plants.env,2026-07-27T22:37:22.017Z,2026-07-27 17:37:22.017,18000,2a89d4,8gtt1h,0.7.3,fleet_logger_0_1,548670718,ESP32,esp32_die,on_chip,die_temp,,25.70,degC,OK,,,,,name=c5off1;source=esp32_die;cal=uncalibrated_board_proxy;api=temperatureRead;config_id=170b1c1e;transport=wifi_poll,
plants.soil,2026-07-27T22:37:52.415Z,2026-07-27 17:37:52.415,18001,2a89d4,8gtt1h,0.7.3,fleet_logger_0_1,548700034,UMLIFE_v2_TLC555,ch0,origplant,soil_moisture,1207,,,OK,,,983.3,,name=c5off1;level=overwatered;role=disp;spread=7;gpio=1;device_seq=73156;time_source=device_synced;device_timestamp_utc=2026-07-27T22:37:31.949Z;config_id=170b1c1e;rssi=-55;uptime_s=548700;heap=152672;cal_tier=board-cal;cal_src=wet_rederive_1236_20260719;pressure_context_source=weather_openmeteo;transport=wifi_poll,
plants.soil,2026-07-27T22:37:52.415Z,2026-07-27 17:37:52.415,18002,2a89d4,8gtt1h,0.7.3,fleet_logger_0_1,548700034,UMLIFE_v2_TLC555,ch1,origplant,soil_moisture,1341,,,OK,,,983.3,,name=c5off1;level=well watered;role=disp;spread=23;gpio=4;device_seq=73157;time_source=device_synced;device_timestamp_utc=2026-07-27T22:37:31.949Z;config_id=170b1c1e;rssi=-55;uptime_s=548700;heap=152672;cal_tier=board-cal;cal_src=wet_rederive_1236_20260719;pressure_context_source=weather_openmeteo;transport=wifi_poll,
plants.soil,2026-07-27T22:37:52.415Z,2026-07-27 17:37:52.415,18003,2a89d4,8gtt1h,0.7.3,fleet_logger_0_1,548700034,UMLIFE_v2_TLC555,ch2,origplant,soil_moisture,1191,,,OK,,,983.3,,name=c5off1;level=overwatered;role=disp;spread=17;gpio=5;device_seq=73158;time_source=device_synced;device_timestamp_utc=2026-07-27T22:37:31.949Z;config_id=170b1c1e;rssi=-55;uptime_s=548700;heap=152672;cal_tier=board-cal;cal_src=wet_rederive_1236_20260719;pressure_context_source=weather_openmeteo;transport=wifi_poll,
plants.soil,2026-07-27T22:37:52.415Z,2026-07-27 17:37:52.415,18004,2a89d4,8gtt1h,0.7.3,fleet_logger_0_1,548700034,UMLIFE_v2_TLC555,ch3,origplant,soil_moisture,1596,,,OK,,,983.3,,name=c5off1;level=OK;role=disp;spread=14;gpio=6;device_seq=73159;time_source=device_synced;device_timestamp_utc=2026-07-27T22:37:31.949Z;config_id=170b1c1e;rssi=-55;uptime_s=548700;heap=152672;cal_tier=board-cal;cal_src=wet_rederive_1236_20260719;pressure_context_source=weather_openmeteo;transport=wifi_poll,
plants.env,2026-07-27T22:37:52.415Z,2026-07-27 17:37:52.415,18005,2a89d4,8gtt1h,0.7.3,fleet_logger_0_1,548700718,ESP32,esp32_die,on_chip,die_temp,,25.70,degC,OK,,,,,name=c5off1;source=esp32_die;cal=uncalibrated_board_proxy;api=temperatureRead;config_id=170b1c1e;transport=wifi_poll,
plants.soil,2026-07-27T22:38:22.752Z,2026-07-27 17:38:22.752,18006,2a89d4,8gtt1h,0.7.3,fleet_logger_0_1,548730034,UMLIFE_v2_TLC555,ch0,origplant,soil_moisture,1206,,,OK,,,983.3,,name=c5off1;level=overwatered;role=disp;spread=6;gpio=1;device_seq=73160;time_source=device_synced;device_timestamp_utc=2026-07-27T22:38:01.949Z;config_id=170b1c1e;rssi=-58;uptime_s=548730;heap=152672;cal_tier=board-cal;cal_src=wet_rederive_1236_20260719;pressure_context_source=weather_openmeteo;transport=wifi_poll,
plants.soil,2026-07-27T22:38:22.752Z,2026-07-27 17:38:22.752,18007,2a89d4,8gtt1h,0.7.3,fleet_logger_0_1,548730034,UMLIFE_v2_TLC555,ch1,origplant,soil_moisture,1333,,,OK,,,983.3,,name=c5off1;level=well watered;role=disp;spread=11;gpio=4;device_seq=73161;time_source=device_synced;device_timestamp_utc=2026-07-27T22:38:01.949Z;config_id=170b1c1e;rssi=-58;uptime_s=548730;heap=152672;cal_tier=board-cal;cal_src=wet_rederive_1236_20260719;pressure_context_source=weather_openmeteo;transport=wifi_poll,
plants.soil,2026-07-27T22:38:22.752Z,2026-07-27 17:38:22.752,18008,2a89d4,8gtt1h,0.7.3,fleet_logger_0_1,548730034,UMLIFE_v2_TLC555,ch2,origplant,soil_moisture,1189,,,OK,,,983.3,,name=c5off1;level=overwatered;role=disp;spread=18;gpio=5;device_seq=73162;time_source=device_synced;device_timestamp_utc=2026-07-27T22:38:01.949Z;config_id=170b1c1e;rssi=-58;uptime_s=548730;heap=152672;cal_tier=board-cal;cal_src=wet_rederive_1236_20260719;pressure_context_source=weather_openmeteo;transport=wifi_poll,
plants.soil,2026-07-27T22:38:22.752Z,2026-07-27 17:38:22.752,18009,2a89d4,8gtt1h,0.7.3,fleet_logger_0_1,548730034,UMLIFE_v2_TLC555,ch3,origplant,soil_moisture,1580,,,OK,,,983.3,,name=c5off1;level=OK;role=disp;spread=24;gpio=6;device_seq=73163;time_source=device_synced;device_timestamp_utc=2026-07-27T22:38:01.949Z;config_id=170b1c1e;rssi=-58;uptime_s=548730;heap=152672;cal_tier=board-cal;cal_src=wet_rederive_1236_20260719;pressure_context_source=weather_openmeteo;transport=wifi_poll,
plants.env,2026-07-27T22:38:22.752Z,2026-07-27 17:38:22.752,18010,2a89d4,8gtt1h,0.7.3,fleet_logger_0_1,548730718,ESP32,esp32_die,on_chip,die_temp,,24.70,degC,OK,,,,,name=c5off1;source=esp32_die;cal=uncalibrated_board_proxy;api=temperatureRead;config_id=170b1c1e;transport=wifi_poll,
plants.soil,2026-07-27T22:38:53.241Z,2026-07-27 17:38:53.241,18011,2a89d4,8gtt1h,0.7.3,fleet_logger_0_1,548760034,UMLIFE_v2_TLC555,ch0,origplant,soil_moisture,1207,,,OK,,,983.3,,name=c5off1;level=overwatered;role=disp;spread=12;gpio=1;device_seq=73164;time_source=device_synced;device_timestamp_utc=2026-07-27T22:38:31.949Z;config_id=170b1c1e;rssi=-58;uptime_s=548760;heap=152416;cal_tier=board-cal;cal_src=wet_rederive_1236_20260719;pressure_context_source=weather_openmeteo;transport=wifi_poll,
plants.soil,2026-07-27T22:38:53.241Z,2026-07-27 17:38:53.241,18012,2a89d4,8gtt1h,0.7.3,fleet_logger_0_1,548760034,UMLIFE_v2_TLC555,ch1,origplant,soil_moisture,1336,,,OK,,,983.3,,name=c5off1;level=well watered;role=disp;spread=7;gpio=4;device_seq=73165;time_source=device_synced;device_timestamp_utc=2026-07-27T22:38:31.949Z;config_id=170b1c1e;rssi=-58;uptime_s=548760;heap=152416;cal_tier=board-cal;cal_src=wet_rederive_1236_20260719;pressure_context_source=weather_openmeteo;transport=wifi_poll,
plants.soil,2026-07-27T22:38:53.241Z,2026-07-27 17:38:53.241,18013,2a89d4,8gtt1h,0.7.3,fleet_logger_0_1,548760034,UMLIFE_v2_TLC555,ch2,origplant,soil_moisture,1189,,,OK,,,983.3,,name=c5off1;level=overwatered;role=disp;spread=14;gpio=5;device_seq=73166;time_source=device_synced;device_timestamp_utc=2026-07-27T22:38:31.949Z;config_id=170b1c1e;rssi=-58;uptime_s=548760;heap=152416;cal_tier=board-cal;cal_src=wet_rederive_1236_20260719;pressure_context_source=weather_openmeteo;transport=wifi_poll,
plants.soil,2026-07-27T22:38:53.241Z,2026-07-27 17:38:53.241,18014,2a89d4,8gtt1h,0.7.3,fleet_logger_0_1,548760034,UMLIFE_v2_TLC555,ch3,origplant,soil_moisture,1581,,,OK,,,983.3,,name=c5off1;level=OK;role=disp;spread=9;gpio=6;device_seq=73167;time_source=device_synced;device_timestamp_utc=2026-07-27T22:38:31.949Z;config_id=170b1c1e;rssi=-58;uptime_s=548760;heap=152416;cal_tier=board-cal;cal_src=wet_rederive_1236_20260719;pressure_context_source=weather_openmeteo;transport=wifi_poll,
plants.env,2026-07-27T22:38:53.241Z,2026-07-27 17:38:53.241,18015,2a89d4,8gtt1h,0.7.3,fleet_logger_0_1,548760718,ESP32,esp32_die,on_chip,die_temp,,24.70,degC,OK,,,,,name=c5off1;source=esp32_die;cal=uncalibrated_board_proxy;api=temperatureRead;config_id=170b1c1e;transport=wifi_poll,
plants.soil,2026-07-27T22:39:23.782Z,2026-07-27 17:39:23.782,18016,2a89d4,8gtt1h,0.7.3,fleet_logger_0_1,548790034,UMLIFE_v2_TLC555,ch0,origplant,soil_moisture,1209,,,OK,,,983.3,,name=c5off1;level=overwatered;role=disp;spread=7;gpio=1;device_seq=73168;time_source=device_synced;device_timestamp_utc=2026-07-27T22:39:01.949Z;config_id=170b1c1e;rssi=-60;uptime_s=548790;heap=152368;cal_tier=board-cal;cal_src=wet_rederive_1236_20260719;pressure_context_source=weather_openmeteo;transport=wifi_poll,
plants.soil,2026-07-27T22:39:23.782Z,2026-07-27 17:39:23.782,18017,2a89d4,8gtt1h,0.7.3,fleet_logger_0_1,548790034,UMLIFE_v2_TLC555,ch1,origplant,soil_moisture,1337,,,OK,,,983.3,,name=c5off1;level=well watered;role=disp;spread=5;gpio=4;device_seq=73169;time_source=device_synced;device_timestamp_utc=2026-07-27T22:39:01.949Z;config_id=170b1c1e;rssi=-60;uptime_s=548790;heap=152368;cal_tier=board-cal;cal_src=wet_rederive_1236_20260719;pressure_context_source=weather_openmeteo;transport=wifi_poll,
plants.soil,2026-07-27T22:39:23.782Z,2026-07-27 17:39:23.782,18018,2a89d4,8gtt1h,0.7.3,fleet_logger_0_1,548790034,UMLIFE_v2_TLC555,ch2,origplant,soil_moisture,1190,,,OK,,,983.3,,name=c5off1;level=overwatered;role=disp;spread=8;gpio=5;device_seq=73170;time_source=device_synced;device_timestamp_utc=2026-07-27T22:39:01.949Z;config_id=170b1c1e;rssi=-60;uptime_s=548790;heap=152368;cal_tier=board-cal;cal_src=wet_rederive_1236_20260719;pressure_context_source=weather_openmeteo;transport=wifi_poll,
plants.soil,2026-07-27T22:39:23.782Z,2026-07-27 17:39:23.782,18019,2a89d4,8gtt1h,0.7.3,fleet_logger_0_1,548790034,UMLIFE_v2_TLC555,ch3,origplant,soil_moisture,1591,,,OK,,,983.3,,name=c5off1;level=OK;role=disp;spread=22;gpio=6;device_seq=73171;time_source=device_synced;device_timestamp_utc=2026-07-27T22:39:01.949Z;config_id=170b1c1e;rssi=-60;uptime_s=548790;heap=152368;cal_tier=board-cal;cal_src=wet_rederive_1236_20260719;pressure_context_source=weather_openmeteo;transport=wifi_poll,
plants.env,2026-07-27T22:39:23.782Z,2026-07-27 17:39:23.782,18020,2a89d4,8gtt1h,0.7.3,fleet_logger_0_1,548790718,ESP32,esp32_die,on_chip,die_temp,,24.70,degC,OK,,,,,name=c5off1;source=esp32_die;cal=uncalibrated_board_proxy;api=temperatureRead;config_id=170b1c1e;transport=wifi_poll,
plants.soil,2026-07-27T22:39:54.368Z,2026-07-27 17:39:54.368,18021,2a89d4,8gtt1h,0.7.3,fleet_logger_0_1,548820034,UMLIFE_v2_TLC555,ch0,origplant,soil_moisture,1210,,,OK,,,983.3,,name=c5off1;level=overwatered;role=disp;spread=12;gpio=1;device_seq=73172;time_source=device_synced;device_timestamp_utc=2026-07-27T22:39:31.949Z;config_id=170b1c1e;rssi=-57;uptime_s=548820;heap=152660;cal_tier=board-cal;cal_src=wet_rederive_1236_20260719;pressure_context_source=weather_openmeteo;transport=wifi_poll,
plants.soil,2026-07-27T22:39:54.368Z,2026-07-27 17:39:54.368,18022,2a89d4,8gtt1h,0.7.3,fleet_logger_0_1,548820034,UMLIFE_v2_TLC555,ch1,origplant,soil_moisture,1336,,,OK,,,983.3,,name=c5off1;level=well watered;role=disp;spread=26;gpio=4;device_seq=73173;time_source=device_synced;device_timestamp_utc=2026-07-27T22:39:31.949Z;config_id=170b1c1e;rssi=-57;uptime_s=548820;heap=152660;cal_tier=board-cal;cal_src=wet_rederive_1236_20260719;pressure_context_source=weather_openmeteo;transport=wifi_poll,
plants.soil,2026-07-27T22:39:54.368Z,2026-07-27 17:39:54.368,18023,2a89d4,8gtt1h,0.7.3,fleet_logger_0_1,548820034,UMLIFE_v2_TLC555,ch2,origplant,soil_moisture,1189,,,OK,,,983.3,,name=c5off1;level=overwatered;role=disp;spread=8;gpio=5;device_seq=73174;time_source=device_synced;device_timestamp_utc=2026-07-27T22:39:31.949Z;config_id=170b1c1e;rssi=-57;uptime_s=548820;heap=152660;cal_tier=board-cal;cal_src=wet_rederive_1236_20260719;pressure_context_source=weather_openmeteo;transport=wifi_poll,
plants.soil,2026-07-27T22:39:54.368Z,2026-07-27 17:39:54.368,18024,2a89d4,8gtt1h,0.7.3,fleet_logger_0_1,548820034,UMLIFE_v2_TLC555,ch3,origplant,soil_moisture,1580,,,OK,,,983.3,,name=c5off1;level=OK;role=disp;spread=15;gpio=6;device_seq=73175;time_source=device_synced;device_timestamp_utc=2026-07-27T22:39:31.949Z;config_id=170b1c1e;rssi=-57;uptime_s=548820;heap=152660;cal_tier=board-cal;cal_src=wet_rederive_1236_20260719;pressure_context_source=weather_openmeteo;transport=wifi_poll,
plants.env,2026-07-27T22:39:54.368Z,2026-07-27 17:39:54.368,18025,2a89d4,8gtt1h,0.7.3,fleet_logger_0_1,548820718,ESP32,esp32_die,on_chip,die_temp,,24.70,degC,OK,,,,,name=c5off1;source=esp32_die;cal=uncalibrated_board_proxy;api=temperatureRead;config_id=170b1c1e;transport=wifi_poll,
plants.soil,2026-07-27T22:40:24.593Z,2026-07-27 17:40:24.593,18026,2a89d4,8gtt1h,0.7.3,fleet_logger_0_1,548850034,UMLIFE_v2_TLC555,ch0,origplant,soil_moisture,1214,,,OK,,,983.3,,name=c5off1;level=overwatered;role=disp;spread=9;gpio=1;device_seq=73176;time_source=device_synced;device_timestamp_utc=2026-07-27T22:40:01.949Z;config_id=170b1c1e;rssi=-58;uptime_s=548850;heap=152612;cal_tier=board-cal;cal_src=wet_rederive_1236_20260719;pressure_context_source=weather_openmeteo;transport=wifi_poll,
plants.soil,2026-07-27T22:40:24.593Z,2026-07-27 17:40:24.593,18027,2a89d4,8gtt1h,0.7.3,fleet_logger_0_1,548850034,UMLIFE_v2_TLC555,ch1,origplant,soil_moisture,1339,,,OK,,,983.3,,name=c5off1;level=well watered;role=disp;spread=19;gpio=4;device_seq=73177;time_source=device_synced;device_timestamp_utc=2026-07-27T22:40:01.949Z;config_id=170b1c1e;rssi=-58;uptime_s=548850;heap=152612;cal_tier=board-cal;cal_src=wet_rederive_1236_20260719;pressure_context_source=weather_openmeteo;transport=wifi_poll,
plants.soil,2026-07-27T22:40:24.593Z,2026-07-27 17:40:24.593,18028,2a89d4,8gtt1h,0.7.3,fleet_logger_0_1,548850034,UMLIFE_v2_TLC555,ch2,origplant,soil_moisture,1191,,,OK,,,983.3,,name=c5off1;level=overwatered;role=disp;spread=10;gpio=5;device_seq=73178;time_source=device_synced;device_timestamp_utc=2026-07-27T22:40:01.949Z;config_id=170b1c1e;rssi=-58;uptime_s=548850;heap=152612;cal_tier=board-cal;cal_src=wet_rederive_1236_20260719;pressure_context_source=weather_openmeteo;transport=wifi_poll,
plants.soil,2026-07-27T22:40:24.593Z,2026-07-27 17:40:24.593,18029,2a89d4,8gtt1h,0.7.3,fleet_logger_0_1,548850034,UMLIFE_v2_TLC555,ch3,origplant,soil_moisture,1584,,,OK,,,983.3,,name=c5off1;level=OK;role=disp;spread=18;gpio=6;device_seq=73179;time_source=device_synced;device_timestamp_utc=2026-07-27T22:40:01.949Z;config_id=170b1c1e;rssi=-58;uptime_s=548850;heap=152612;cal_tier=board-cal;cal_src=wet_rederive_1236_20260719;pressure_context_source=weather_openmeteo;transport=wifi_poll,
plants.env,2026-07-27T22:40:24.593Z,2026-07-27 17:40:24.593,18030,2a89d4,8gtt1h,0.7.3,fleet_logger_0_1,548850718,ESP32,esp32_die,on_chip,die_temp,,24.70,degC,OK,,,,,name=c5off1;source=esp32_die;cal=uncalibrated_board_proxy;api=temperatureRead;config_id=170b1c1e;transport=wifi_poll,
plants.soil,2026-07-27T22:40:55.022Z,2026-07-27 17:40:55.022,18031,2a89d4,8gtt1h,0.7.3,fleet_logger_0_1,548880034,UMLIFE_v2_TLC555,ch0,origplant,soil_moisture,1223,,,OK,,,983.3,,name=c5off1;level=overwatered;role=disp;spread=10;gpio=1;device_seq=73180;time_source=device_synced;device_timestamp_utc=2026-07-27T22:40:31.949Z;config_id=170b1c1e;rssi=-56;uptime_s=548880;heap=152624;cal_tier=board-cal;cal_src=wet_rederive_1236_20260719;pressure_context_source=weather_openmeteo;transport=wifi_poll,
plants.soil,2026-07-27T22:40:55.022Z,2026-07-27 17:40:55.022,18032,2a89d4,8gtt1h,0.7.3,fleet_logger_0_1,548880034,UMLIFE_v2_TLC555,ch1,origplant,soil_moisture,1341,,,OK,,,983.3,,name=c5off1;level=well watered;role=disp;spread=17;gpio=4;device_seq=73181;time_source=device_synced;device_timestamp_utc=2026-07-27T22:40:31.949Z;config_id=170b1c1e;rssi=-56;uptime_s=548880;heap=152624;cal_tier=board-cal;cal_src=wet_rederive_1236_20260719;pressure_context_source=weather_openmeteo;transport=wifi_poll,
plants.soil,2026-07-27T22:40:55.022Z,2026-07-27 17:40:55.022,18033,2a89d4,8gtt1h,0.7.3,fleet_logger_0_1,548880034,UMLIFE_v2_TLC555,ch2,origplant,soil_moisture,1190,,,OK,,,983.3,,name=c5off1;level=overwatered;role=disp;spread=8;gpio=5;device_seq=73182;time_source=device_synced;device_timestamp_utc=2026-07-27T22:40:31.949Z;config_id=170b1c1e;rssi=-56;uptime_s=548880;heap=152624;cal_tier=board-cal;cal_src=wet_rederive_1236_20260719;pressure_context_source=weather_openmeteo;transport=wifi_poll,
plants.soil,2026-07-27T22:40:55.022Z,2026-07-27 17:40:55.022,18034,2a89d4,8gtt1h,0.7.3,fleet_logger_0_1,548880034,UMLIFE_v2_TLC555,ch3,origplant,soil_moisture,1580,,,OK,,,983.3,,name=c5off1;level=OK;role=disp;spread=28;gpio=6;device_seq=73183;time_source=device_synced;device_timestamp_utc=2026-07-27T22:40:31.949Z;config_id=170b1c1e;rssi=-56;uptime_s=548880;heap=152624;cal_tier=board-cal;cal_src=wet_rederive_1236_20260719;pressure_context_source=weather_openmeteo;transport=wifi_poll,
plants.env,2026-07-27T22:40:55.022Z,2026-07-27 17:40:55.022,18035,2a89d4,8gtt1h,0.7.3,fleet_logger_0_1,548880718,ESP32,esp32_die,on_chip,die_temp,,24.70,degC,OK,,,,,name=c5off1;source=esp32_die;cal=uncalibrated_board_proxy;api=temperatureRead;config_id=170b1c1e;transport=wifi_poll,
plants.soil,2026-07-27T22:41:25.433Z,2026-07-27 17:41:25.433,18036,2a89d4,8gtt1h,0.7.3,fleet_logger_0_1,548910034,UMLIFE_v2_TLC555,ch0,origplant,soil_moisture,1227,,,OK,,,983.3,,name=c5off1;level=overwatered;role=disp;spread=7;gpio=1;device_seq=73184;time_source=device_synced;device_timestamp_utc=2026-07-27T22:41:01.949Z;config_id=170b1c1e;rssi=-58;uptime_s=548910;heap=152624;cal_tier=board-cal;cal_src=wet_rederive_1236_20260719;pressure_context_source=weather_openmeteo;transport=wifi_poll,
plants.soil,2026-07-27T22:41:25.433Z,2026-07-27 17:41:25.433,18037,2a89d4,8gtt1h,0.7.3,fleet_logger_0_1,548910034,UMLIFE_v2_TLC555,ch1,origplant,soil_moisture,1351,,,OK,,,983.3,,name=c5off1;level=well watered;role=disp;spread=13;gpio=4;device_seq=73185;time_source=device_synced;device_timestamp_utc=2026-07-27T22:41:01.949Z;config_id=170b1c1e;rssi=-58;uptime_s=548910;heap=152624;cal_tier=board-cal;cal_src=wet_rederive_1236_20260719;pressure_context_source=weather_openmeteo;transport=wifi_poll,
plants.soil,2026-07-27T22:41:25.433Z,2026-07-27 17:41:25.433,18038,2a89d4,8gtt1h,0.7.3,fleet_logger_0_1,548910034,UMLIFE_v2_TLC555,ch2,origplant,soil_moisture,1191,,,OK,,,983.3,,name=c5off1;level=overwatered;role=disp;spread=12;gpio=5;device_seq=73186;time_source=device_synced;device_timestamp_utc=2026-07-27T22:41:01.949Z;config_id=170b1c1e;rssi=-58;uptime_s=548910;heap=152624;cal_tier=board-cal;cal_src=wet_rederive_1236_20260719;pressure_context_source=weather_openmeteo;transport=wifi_poll,
plants.soil,2026-07-27T22:41:25.433Z,2026-07-27 17:41:25.433,18039,2a89d4,8gtt1h,0.7.3,fleet_logger_0_1,548910034,UMLIFE_v2_TLC555,ch3,origplant,soil_moisture,1593,,,OK,,,983.3,,name=c5off1;level=OK;role=disp;spread=26;gpio=6;device_seq=73187;time_source=device_synced;device_timestamp_utc=2026-07-27T22:41:01.949Z;config_id=170b1c1e;rssi=-58;uptime_s=548910;heap=152624;cal_tier=board-cal;cal_src=wet_rederive_1236_20260719;pressure_context_source=weather_openmeteo;transport=wifi_poll,
plants.env,2026-07-27T22:41:25.433Z,2026-07-27 17:41:25.433,18040,2a89d4,8gtt1h,0.7.3,fleet_logger_0_1,548910718,ESP32,esp32_die,on_chip,die_temp,,24.70,degC,OK,,,,,name=c5off1;source=esp32_die;cal=uncalibrated_board_proxy;api=temperatureRead;config_id=170b1c1e;transport=wifi_poll,
plants.soil,2026-07-27T22:41:55.731Z,2026-07-27 17:41:55.731,18041,2a89d4,8gtt1h,0.7.3,fleet_logger_0_1,548940034,UMLIFE_v2_TLC555,ch0,origplant,soil_moisture,1226,,,OK,,,983.3,,name=c5off1;level=overwatered;role=disp;spread=11;gpio=1;device_seq=73188;time_source=device_synced;device_timestamp_utc=2026-07-27T22:41:31.949Z;config_id=170b1c1e;rssi=-60;uptime_s=548940;heap=152368;cal_tier=board-cal;cal_src=wet_rederive_1236_20260719;pressure_context_source=weather_openmeteo;transport=wifi_poll,
plants.soil,2026-07-27T22:41:55.731Z,2026-07-27 17:41:55.731,18042,2a89d4,8gtt1h,0.7.3,fleet_logger_0_1,548940034,UMLIFE_v2_TLC555,ch1,origplant,soil_moisture,1353,,,OK,,,983.3,,name=c5off1;level=well watered;role=disp;spread=19;gpio=4;device_seq=73189;time_source=device_synced;device_timestamp_utc=2026-07-27T22:41:31.949Z;config_id=170b1c1e;rssi=-60;uptime_s=548940;heap=152368;cal_tier=board-cal;cal_src=wet_rederive_1236_20260719;pressure_context_source=weather_openmeteo;transport=wifi_poll,
plants.soil,2026-07-27T22:41:55.731Z,2026-07-27 17:41:55.731,18043,2a89d4,8gtt1h,0.7.3,fleet_logger_0_1,548940034,UMLIFE_v2_TLC555,ch2,origplant,soil_moisture,1190,,,OK,,,983.3,,name=c5off1;level=overwatered;role=disp;spread=5;gpio=5;device_seq=73190;time_source=device_synced;device_timestamp_utc=2026-07-27T22:41:31.949Z;config_id=170b1c1e;rssi=-60;uptime_s=548940;heap=152368;cal_tier=board-cal;cal_src=wet_rederive_1236_20260719;pressure_context_source=weather_openmeteo;transport=wifi_poll,
plants.soil,2026-07-27T22:41:55.731Z,2026-07-27 17:41:55.731,18044,2a89d4,8gtt1h,0.7.3,fleet_logger_0_1,548940034,UMLIFE_v2_TLC555,ch3,origplant,soil_moisture,1586,,,OK,,,983.3,,name=c5off1;level=OK;role=disp;spread=29;gpio=6;device_seq=73191;time_source=device_synced;device_timestamp_utc=2026-07-27T22:41:31.949Z;config_id=170b1c1e;rssi=-60;uptime_s=548940;heap=152368;cal_tier=board-cal;cal_src=wet_rederive_1236_20260719;pressure_context_source=weather_openmeteo;transport=wifi_poll,
plants.env,2026-07-27T22:41:55.731Z,2026-07-27 17:41:55.731,18045,2a89d4,8gtt1h,0.7.3,fleet_logger_0_1,548940718,ESP32,esp32_die,on_chip,die_temp,,24.70,degC,OK,,,,,name=c5off1;source=esp32_die;cal=uncalibrated_board_proxy;api=temperatureRead;config_id=170b1c1e;transport=wifi_poll,
plants.soil,2026-07-27T22:42:26.254Z,2026-07-27 17:42:26.254,18046,2a89d4,8gtt1h,0.7.3,fleet_logger_0_1,548970034,UMLIFE_v2_TLC555,ch0,origplant,soil_moisture,1224,,,OK,,,983.3,,name=c5off1;level=overwatered;role=disp;spread=8;gpio=1;device_seq=73192;time_source=device_synced;device_timestamp_utc=2026-07-27T22:42:01.949Z;config_id=170b1c1e;rssi=-57;uptime_s=548970;heap=152356;cal_tier=board-cal;cal_src=wet_rederive_1236_20260719;pressure_context_source=weather_openmeteo;transport=wifi_poll,
plants.soil,2026-07-27T22:42:26.254Z,2026-07-27 17:42:26.254,18047,2a89d4,8gtt1h,0.7.3,fleet_logger_0_1,548970034,UMLIFE_v2_TLC555,ch1,origplant,soil_moisture,1353,,,OK,,,983.3,,name=c5off1;level=well watered;role=disp;spread=15;gpio=4;device_seq=73193;time_source=device_synced;device_timestamp_utc=2026-07-27T22:42:01.949Z;config_id=170b1c1e;rssi=-57;uptime_s=548970;heap=152356;cal_tier=board-cal;cal_src=wet_rederive_1236_20260719;pressure_context_source=weather_openmeteo;transport=wifi_poll,
plants.soil,2026-07-27T22:42:26.254Z,2026-07-27 17:42:26.254,18048,2a89d4,8gtt1h,0.7.3,fleet_logger_0_1,548970034,UMLIFE_v2_TLC555,ch2,origplant,soil_moisture,1192,,,OK,,,983.3,,name=c5off1;level=overwatered;role=disp;spread=12;gpio=5;device_seq=73194;time_source=device_synced;device_timestamp_utc=2026-07-27T22:42:01.949Z;config_id=170b1c1e;rssi=-57;uptime_s=548970;heap=152356;cal_tier=board-cal;cal_src=wet_rederive_1236_20260719;pressure_context_source=weather_openmeteo;transport=wifi_poll,
plants.soil,2026-07-27T22:42:26.254Z,2026-07-27 17:42:26.254,18049,2a89d4,8gtt1h,0.7.3,fleet_logger_0_1,548970034,UMLIFE_v2_TLC555,ch3,origplant,soil_moisture,1596,,,OK,,,983.3,,name=c5off1;level=OK;role=disp;spread=15;gpio=6;device_seq=73195;time_source=device_synced;device_timestamp_utc=2026-07-27T22:42:01.949Z;config_id=170b1c1e;rssi=-57;uptime_s=548970;heap=152356;cal_tier=board-cal;cal_src=wet_rederive_1236_20260719;pressure_context_source=weather_openmeteo;transport=wifi_poll,
plants.env,2026-07-27T22:42:26.254Z,2026-07-27 17:42:26.254,18050,2a89d4,8gtt1h,0.7.3,fleet_logger_0_1,548970719,ESP32,esp32_die,on_chip,die_temp,,24.70,degC,OK,,,,,name=c5off1;source=esp32_die;cal=uncalibrated_board_proxy;api=temperatureRead;config_id=170b1c1e;transport=wifi_poll,
plants.soil,2026-07-27T22:42:56.872Z,2026-07-27 17:42:56.872,18051,2a89d4,8gtt1h,0.7.3,fleet_logger_0_1,549000034,UMLIFE_v2_TLC555,ch0,origplant,soil_moisture,1225,,,OK,,,983.3,,name=c5off1;level=overwatered;role=disp;spread=11;gpio=1;device_seq=73196;time_source=device_synced;device_timestamp_utc=2026-07-27T22:42:31.949Z;config_id=170b1c1e;rssi=-57;uptime_s=549000;heap=152624;cal_tier=board-cal;cal_src=wet_rederive_1236_20260719;pressure_context_source=weather_openmeteo;transport=wifi_poll,
plants.soil,2026-07-27T22:42:56.872Z,2026-07-27 17:42:56.872,18052,2a89d4,8gtt1h,0.7.3,fleet_logger_0_1,549000034,UMLIFE_v2_TLC555,ch1,origplant,soil_moisture,1355,,,OK,,,983.3,,name=c5off1;level=well watered;role=disp;spread=14;gpio=4;device_seq=73197;time_source=device_synced;device_timestamp_utc=2026-07-27T22:42:31.949Z;config_id=170b1c1e;rssi=-57;uptime_s=549000;heap=152624;cal_tier=board-cal;cal_src=wet_rederive_1236_20260719;pressure_context_source=weather_openmeteo;transport=wifi_poll,
plants.soil,2026-07-27T22:42:56.872Z,2026-07-27 17:42:56.872,18053,2a89d4,8gtt1h,0.7.3,fleet_logger_0_1,549000034,UMLIFE_v2_TLC555,ch2,origplant,soil_moisture,1190,,,OK,,,983.3,,name=c5off1;level=overwatered;role=disp;spread=11;gpio=5;device_seq=73198;time_source=device_synced;device_timestamp_utc=2026-07-27T22:42:31.949Z;config_id=170b1c1e;rssi=-57;uptime_s=549000;heap=152624;cal_tier=board-cal;cal_src=wet_rederive_1236_20260719;pressure_context_source=weather_openmeteo;transport=wifi_poll,
plants.soil,2026-07-27T22:42:56.872Z,2026-07-27 17:42:56.872,18054,2a89d4,8gtt1h,0.7.3,fleet_logger_0_1,549000034,UMLIFE_v2_TLC555,ch3,origplant,soil_moisture,1599,,,OK,,,983.3,,name=c5off1;level=OK;role=disp;spread=24;gpio=6;device_seq=73199;time_source=device_synced;device_timestamp_utc=2026-07-27T22:42:31.949Z;config_id=170b1c1e;rssi=-57;uptime_s=549000;heap=152624;cal_tier=board-cal;cal_src=wet_rederive_1236_20260719;pressure_context_source=weather_openmeteo;transport=wifi_poll,
plants.env,2026-07-27T22:42:56.872Z,2026-07-27 17:42:56.872,18055,2a89d4,8gtt1h,0.7.3,fleet_logger_0_1,549001818,ESP32,esp32_die,on_chip,die_temp,,24.70,degC,OK,,,,,name=c5off1;source=esp32_die;cal=uncalibrated_board_proxy;api=temperatureRead;config_id=170b1c1e;transport=wifi_poll,
plants.soil,2026-07-27T22:43:27.668Z,2026-07-27 17:43:27.668,18056,2a89d4,8gtt1h,0.7.3,fleet_logger_0_1,549030034,UMLIFE_v2_TLC555,ch0,origplant,soil_moisture,1225,,,OK,,,983.3,,name=c5off1;level=overwatered;role=disp;spread=6;gpio=1;device_seq=73200;time_source=device_synced;device_timestamp_utc=2026-07-27T22:43:01.949Z;config_id=170b1c1e;rssi=-57;uptime_s=549030;heap=152624;cal_tier=board-cal;cal_src=wet_rederive_1236_20260719;pressure_context_source=weather_openmeteo;transport=wifi_poll,
plants.soil,2026-07-27T22:43:27.668Z,2026-07-27 17:43:27.668,18057,2a89d4,8gtt1h,0.7.3,fleet_logger_0_1,549030034,UMLIFE_v2_TLC555,ch1,origplant,soil_moisture,1353,,,OK,,,983.3,,name=c5off1;level=well watered;role=disp;spread=22;gpio=4;device_seq=73201;time_source=device_synced;device_timestamp_utc=2026-07-27T22:43:01.949Z;config_id=170b1c1e;rssi=-57;uptime_s=549030;heap=152624;cal_tier=board-cal;cal_src=wet_rederive_1236_20260719;pressure_context_source=weather_openmeteo;transport=wifi_poll,
plants.soil,2026-07-27T22:43:27.668Z,2026-07-27 17:43:27.668,18058,2a89d4,8gtt1h,0.7.3,fleet_logger_0_1,549030034,UMLIFE_v2_TLC555,ch2,origplant,soil_moisture,1191,,,OK,,,983.3,,name=c5off1;level=overwatered;role=disp;spread=8;gpio=5;device_seq=73202;time_source=device_synced;device_timestamp_utc=2026-07-27T22:43:01.949Z;config_id=170b1c1e;rssi=-57;uptime_s=549030;heap=152624;cal_tier=board-cal;cal_src=wet_rederive_1236_20260719;pressure_context_source=weather_openmeteo;transport=wifi_poll,
plants.soil,2026-07-27T22:43:27.668Z,2026-07-27 17:43:27.668,18059,2a89d4,8gtt1h,0.7.3,fleet_logger_0_1,549030034,UMLIFE_v2_TLC555,ch3,origplant,soil_moisture,1602,,,OK,,,983.3,,name=c5off1;level=OK;role=disp;spread=21;gpio=6;device_seq=73203;time_source=device_synced;device_timestamp_utc=2026-07-27T22:43:01.949Z;config_id=170b1c1e;rssi=-57;uptime_s=549030;heap=152624;cal_tier=board-cal;cal_src=wet_rederive_1236_20260719;pressure_context_source=weather_openmeteo;transport=wifi_poll,
plants.env,2026-07-27T22:43:27.668Z,2026-07-27 17:43:27.668,18060,2a89d4,8gtt1h,0.7.3,fleet_logger_0_1,549030718,ESP32,esp32_die,on_chip,die_temp,,24.70,degC,OK,,,,,name=c5off1;source=esp32_die;cal=uncalibrated_board_proxy;api=temperatureRead;config_id=170b1c1e;transport=wifi_poll,
plants.soil,2026-07-27T22:43:58.386Z,2026-07-27 17:43:58.386,18061,2a89d4,8gtt1h,0.7.3,fleet_logger_0_1,549060034,UMLIFE_v2_TLC555,ch0,origplant,soil_moisture,1227,,,OK,,,983.3,,name=c5off1;level=overwatered;role=disp;spread=8;gpio=1;device_seq=73204;time_source=device_synced;device_timestamp_utc=2026-07-27T22:43:31.949Z;config_id=170b1c1e;rssi=-58;uptime_s=549060;heap=152652;cal_tier=board-cal;cal_src=wet_rederive_1236_20260719;pressure_context_source=weather_openmeteo;transport=wifi_poll,
plants.soil,2026-07-27T22:43:58.386Z,2026-07-27 17:43:58.386,18062,2a89d4,8gtt1h,0.7.3,fleet_logger_0_1,549060034,UMLIFE_v2_TLC555,ch1,origplant,soil_moisture,1357,,,OK,,,983.3,,name=c5off1;level=well watered;role=disp;spread=17;gpio=4;device_seq=73205;time_source=device_synced;device_timestamp_utc=2026-07-27T22:43:31.949Z;config_id=170b1c1e;rssi=-58;uptime_s=549060;heap=152652;cal_tier=board-cal;cal_src=wet_rederive_1236_20260719;pressure_context_source=weather_openmeteo;transport=wifi_poll,
plants.soil,2026-07-27T22:43:58.386Z,2026-07-27 17:43:58.386,18063,2a89d4,8gtt1h,0.7.3,fleet_logger_0_1,549060034,UMLIFE_v2_TLC555,ch2,origplant,soil_moisture,1192,,,OK,,,983.3,,name=c5off1;level=overwatered;role=disp;spread=12;gpio=5;device_seq=73206;time_source=device_synced;device_timestamp_utc=2026-07-27T22:43:31.949Z;config_id=170b1c1e;rssi=-58;uptime_s=549060;heap=152652;cal_tier=board-cal;cal_src=wet_rederive_1236_20260719;pressure_context_source=weather_openmeteo;transport=wifi_poll,
plants.soil,2026-07-27T22:43:58.386Z,2026-07-27 17:43:58.386,18064,2a89d4,8gtt1h,0.7.3,fleet_logger_0_1,549060034,UMLIFE_v2_TLC555,ch3,origplant,soil_moisture,1602,,,OK,,,983.3,,name=c5off1;level=OK;role=disp;spread=18;gpio=6;device_seq=73207;time_source=device_synced;device_timestamp_utc=2026-07-27T22:43:31.949Z;config_id=170b1c1e;rssi=-58;uptime_s=549060;heap=152652;cal_tier=board-cal;cal_src=wet_rederive_1236_20260719;pressure_context_source=weather_openmeteo;transport=wifi_poll,
plants.env,2026-07-27T22:43:58.386Z,2026-07-27 17:43:58.386,18065,2a89d4,8gtt1h,0.7.3,fleet_logger_0_1,549060718,ESP32,esp32_die,on_chip,die_temp,,24.70,degC,OK,,,,,name=c5off1;source=esp32_die;cal=uncalibrated_board_proxy;api=temperatureRead;config_id=170b1c1e;transport=wifi_poll,
plants.soil,2026-07-27T22:44:28.717Z,2026-07-27 17:44:28.717,18066,2a89d4,8gtt1h,0.7.3,fleet_logger_0_1,549090034,UMLIFE_v2_TLC555,ch0,origplant,soil_moisture,1227,,,OK,,,983.3,,name=c5off1;level=overwatered;role=disp;spread=23;gpio=1;device_seq=73208;time_source=device_synced;device_timestamp_utc=2026-07-27T22:44:01.949Z;config_id=170b1c1e;rssi=-56;uptime_s=549090;heap=152660;cal_tier=board-cal;cal_src=wet_rederive_1236_20260719;pressure_context_source=weather_openmeteo;transport=wifi_poll,
plants.soil,2026-07-27T22:44:28.717Z,2026-07-27 17:44:28.717,18067,2a89d4,8gtt1h,0.7.3,fleet_logger_0_1,549090034,UMLIFE_v2_TLC555,ch1,origplant,soil_moisture,1356,,,OK,,,983.3,,name=c5off1;level=well watered;role=disp;spread=11;gpio=4;device_seq=73209;time_source=device_synced;device_timestamp_utc=2026-07-27T22:44:01.949Z;config_id=170b1c1e;rssi=-56;uptime_s=549090;heap=152660;cal_tier=board-cal;cal_src=wet_rederive_1236_20260719;pressure_context_source=weather_openmeteo;transport=wifi_poll,
plants.soil,2026-07-27T22:44:28.717Z,2026-07-27 17:44:28.717,18068,2a89d4,8gtt1h,0.7.3,fleet_logger_0_1,549090034,UMLIFE_v2_TLC555,ch2,origplant,soil_moisture,1192,,,OK,,,983.3,,name=c5off1;level=overwatered;role=disp;spread=13;gpio=5;device_seq=73210;time_source=device_synced;device_timestamp_utc=2026-07-27T22:44:01.949Z;config_id=170b1c1e;rssi=-56;uptime_s=549090;heap=152660;cal_tier=board-cal;cal_src=wet_rederive_1236_20260719;pressure_context_source=weather_openmeteo;transport=wifi_poll,
plants.soil,2026-07-27T22:44:28.717Z,2026-07-27 17:44:28.717,18069,2a89d4,8gtt1h,0.7.3,fleet_logger_0_1,549090034,UMLIFE_v2_TLC555,ch3,origplant,soil_moisture,1602,,,OK,,,983.3,,name=c5off1;level=OK;role=disp;spread=22;gpio=6;device_seq=73211;time_source=device_synced;device_timestamp_utc=2026-07-27T22:44:01.949Z;config_id=170b1c1e;rssi=-56;uptime_s=549090;heap=152660;cal_tier=board-cal;cal_src=wet_rederive_1236_20260719;pressure_context_source=weather_openmeteo;transport=wifi_poll,
plants.env,2026-07-27T22:44:28.717Z,2026-07-27 17:44:28.717,18070,2a89d4,8gtt1h,0.7.3,fleet_logger_0_1,549090718,ESP32,esp32_die,on_chip,die_temp,,24.70,degC,OK,,,,,name=c5off1;source=esp32_die;cal=uncalibrated_board_proxy;api=temperatureRead;config_id=170b1c1e;transport=wifi_poll,
plants.soil,2026-07-27T22:44:59.034Z,2026-07-27 17:44:59.034,18071,2a89d4,8gtt1h,0.7.3,fleet_logger_0_1,549120034,UMLIFE_v2_TLC555,ch0,origplant,soil_moisture,1225,,,OK,,,983.3,,name=c5off1;level=overwatered;role=disp;spread=19;gpio=1;device_seq=73212;time_source=device_synced;device_timestamp_utc=2026-07-27T22:44:31.949Z;config_id=170b1c1e;rssi=-57;uptime_s=549120;heap=152404;cal_tier=board-cal;cal_src=wet_rederive_1236_20260719;pressure_context_source=weather_openmeteo;transport=wifi_poll,
plants.soil,2026-07-27T22:44:59.034Z,2026-07-27 17:44:59.034,18072,2a89d4,8gtt1h,0.7.3,fleet_logger_0_1,549120034,UMLIFE_v2_TLC555,ch1,origplant,soil_moisture,1355,,,OK,,,983.3,,name=c5off1;level=well watered;role=disp;spread=14;gpio=4;device_seq=73213;time_source=device_synced;device_timestamp_utc=2026-07-27T22:44:31.949Z;config_id=170b1c1e;rssi=-57;uptime_s=549120;heap=152404;cal_tier=board-cal;cal_src=wet_rederive_1236_20260719;pressure_context_source=weather_openmeteo;transport=wifi_poll,
plants.soil,2026-07-27T22:44:59.034Z,2026-07-27 17:44:59.034,18073,2a89d4,8gtt1h,0.7.3,fleet_logger_0_1,549120034,UMLIFE_v2_TLC555,ch2,origplant,soil_moisture,1191,,,OK,,,983.3,,name=c5off1;level=overwatered;role=disp;spread=14;gpio=5;device_seq=73214;time_source=device_synced;device_timestamp_utc=2026-07-27T22:44:31.949Z;config_id=170b1c1e;rssi=-57;uptime_s=549120;heap=152404;cal_tier=board-cal;cal_src=wet_rederive_1236_20260719;pressure_context_source=weather_openmeteo;transport=wifi_poll,
plants.soil,2026-07-27T22:44:59.034Z,2026-07-27 17:44:59.034,18074,2a89d4,8gtt1h,0.7.3,fleet_logger_0_1,549120034,UMLIFE_v2_TLC555,ch3,origplant,soil_moisture,1600,,,OK,,,983.3,,name=c5off1;level=OK;role=disp;spread=17;gpio=6;device_seq=73215;time_source=device_synced;device_timestamp_utc=2026-07-27T22:44:31.949Z;config_id=170b1c1e;rssi=-57;uptime_s=549120;heap=152404;cal_tier=board-cal;cal_src=wet_rederive_1236_20260719;pressure_context_source=weather_openmeteo;transport=wifi_poll,
plants.env,2026-07-27T22:44:59.034Z,2026-07-27 17:44:59.034,18075,2a89d4,8gtt1h,0.7.3,fleet_logger_0_1,549120718,ESP32,esp32_die,on_chip,die_temp,,25.70,degC,OK,,,,,name=c5off1;source=esp32_die;cal=uncalibrated_board_proxy;api=temperatureRead;config_id=170b1c1e;transport=wifi_poll,
plants.soil,2026-07-27T22:45:29.428Z,2026-07-27 17:45:29.428,18076,2a89d4,8gtt1h,0.7.3,fleet_logger_0_1,549150034,UMLIFE_v2_TLC555,ch0,origplant,soil_moisture,1224,,,OK,,,983.3,,name=c5off1;level=overwatered;role=disp;spread=18;gpio=1;device_seq=73216;time_source=device_synced;device_timestamp_utc=2026-07-27T22:45:01.949Z;config_id=170b1c1e;rssi=-57;uptime_s=549150;heap=152404;cal_tier=board-cal;cal_src=wet_rederive_1236_20260719;pressure_context_source=weather_openmeteo;transport=wifi_poll,
plants.soil,2026-07-27T22:45:29.428Z,2026-07-27 17:45:29.428,18077,2a89d4,8gtt1h,0.7.3,fleet_logger_0_1,549150034,UMLIFE_v2_TLC555,ch1,origplant,soil_moisture,1355,,,OK,,,983.3,,name=c5off1;level=well watered;role=disp;spread=14;gpio=4;device_seq=73217;time_source=device_synced;device_timestamp_utc=2026-07-27T22:45:01.949Z;config_id=170b1c1e;rssi=-57;uptime_s=549150;heap=152404;cal_tier=board-cal;cal_src=wet_rederive_1236_20260719;pressure_context_source=weather_openmeteo;transport=wifi_poll,
plants.soil,2026-07-27T22:45:29.428Z,2026-07-27 17:45:29.428,18078,2a89d4,8gtt1h,0.7.3,fleet_logger_0_1,549150034,UMLIFE_v2_TLC555,ch2,origplant,soil_moisture,1191,,,OK,,,983.3,,name=c5off1;level=overwatered;role=disp;spread=7;gpio=5;device_seq=73218;time_source=device_synced;device_timestamp_utc=2026-07-27T22:45:01.949Z;config_id=170b1c1e;rssi=-57;uptime_s=549150;heap=152404;cal_tier=board-cal;cal_src=wet_rederive_1236_20260719;pressure_context_source=weather_openmeteo;transport=wifi_poll,
plants.soil,2026-07-27T22:45:29.428Z,2026-07-27 17:45:29.428,18079,2a89d4,8gtt1h,0.7.3,fleet_logger_0_1,549150034,UMLIFE_v2_TLC555,ch3,origplant,soil_moisture,1598,,,OK,,,983.3,,name=c5off1;level=OK;role=disp;spread=17;gpio=6;device_seq=73219;time_source=device_synced;device_timestamp_utc=2026-07-27T22:45:01.949Z;config_id=170b1c1e;rssi=-57;uptime_s=549150;heap=152404;cal_tier=board-cal;cal_src=wet_rederive_1236_20260719;pressure_context_source=weather_openmeteo;transport=wifi_poll,
plants.env,2026-07-27T22:45:29.428Z,2026-07-27 17:45:29.428,18080,2a89d4,8gtt1h,0.7.3,fleet_logger_0_1,549150719,ESP32,esp32_die,on_chip,die_temp,,24.70,degC,OK,,,,,name=c5off1;source=esp32_die;cal=uncalibrated_board_proxy;api=temperatureRead;config_id=170b1c1e;transport=wifi_poll,
plants.soil,2026-07-27T22:45:59.943Z,2026-07-27 17:45:59.943,18081,2a89d4,8gtt1h,0.7.3,fleet_logger_0_1,549180034,UMLIFE_v2_TLC555,ch0,origplant,soil_moisture,1225,,,OK,,,983.3,,name=c5off1;level=overwatered;role=disp;spread=16;gpio=1;device_seq=73220;time_source=device_synced;device_timestamp_utc=2026-07-27T22:45:31.949Z;config_id=170b1c1e;rssi=-57;uptime_s=549180;heap=152660;cal_tier=board-cal;cal_src=wet_rederive_1236_20260719;pressure_context_source=weather_openmeteo;transport=wifi_poll,
plants.soil,2026-07-27T22:45:59.943Z,2026-07-27 17:45:59.943,18082,2a89d4,8gtt1h,0.7.3,fleet_logger_0_1,549180034,UMLIFE_v2_TLC555,ch1,origplant,soil_moisture,1352,,,OK,,,983.3,,name=c5off1;level=well watered;role=disp;spread=26;gpio=4;device_seq=73221;time_source=device_synced;device_timestamp_utc=2026-07-27T22:45:31.949Z;config_id=170b1c1e;rssi=-57;uptime_s=549180;heap=152660;cal_tier=board-cal;cal_src=wet_rederive_1236_20260719;pressure_context_source=weather_openmeteo;transport=wifi_poll,
plants.soil,2026-07-27T22:45:59.943Z,2026-07-27 17:45:59.943,18083,2a89d4,8gtt1h,0.7.3,fleet_logger_0_1,549180034,UMLIFE_v2_TLC555,ch2,origplant,soil_moisture,1191,,,OK,,,983.3,,name=c5off1;level=overwatered;role=disp;spread=15;gpio=5;device_seq=73222;time_source=device_synced;device_timestamp_utc=2026-07-27T22:45:31.949Z;config_id=170b1c1e;rssi=-57;uptime_s=549180;heap=152660;cal_tier=board-cal;cal_src=wet_rederive_1236_20260719;pressure_context_source=weather_openmeteo;transport=wifi_poll,
plants.soil,2026-07-27T22:45:59.943Z,2026-07-27 17:45:59.943,18084,2a89d4,8gtt1h,0.7.3,fleet_logger_0_1,549180034,UMLIFE_v2_TLC555,ch3,origplant,soil_moisture,1597,,,OK,,,983.3,,name=c5off1;level=OK;role=disp;spread=18;gpio=6;device_seq=73223;time_source=device_synced;device_timestamp_utc=2026-07-27T22:45:31.949Z;config_id=170b1c1e;rssi=-57;uptime_s=549180;heap=152660;cal_tier=board-cal;cal_src=wet_rederive_1236_20260719;pressure_context_source=weather_openmeteo;transport=wifi_poll,
plants.env,2026-07-27T22:45:59.943Z,2026-07-27 17:45:59.943,18085,2a89d4,8gtt1h,0.7.3,fleet_logger_0_1,549180718,ESP32,esp32_die,on_chip,die_temp,,24.70,degC,OK,,,,,name=c5off1;source=esp32_die;cal=uncalibrated_board_proxy;api=temperatureRead;config_id=170b1c1e;transport=wifi_poll,
plants.soil,2026-07-27T22:46:30.967Z,2026-07-27 17:46:30.967,18086,2a89d4,8gtt1h,0.7.3,fleet_logger_0_1,549210034,UMLIFE_v2_TLC555,ch0,origplant,soil_moisture,1227,,,OK,,,983.3,,name=c5off1;level=overwatered;role=disp;spread=26;gpio=1;device_seq=73224;time_source=device_synced;device_timestamp_utc=2026-07-27T22:46:02.086Z;config_id=170b1c1e;rssi=-57;uptime_s=549210;heap=152624;cal_tier=board-cal;cal_src=wet_rederive_1236_20260719;pressure_context_source=weather_openmeteo;transport=wifi_poll,
plants.soil,2026-07-27T22:46:30.967Z,2026-07-27 17:46:30.967,18087,2a89d4,8gtt1h,0.7.3,fleet_logger_0_1,549210034,UMLIFE_v2_TLC555,ch1,origplant,soil_moisture,1356,,,OK,,,983.3,,name=c5off1;level=well watered;role=disp;spread=23;gpio=4;device_seq=73225;time_source=device_synced;device_timestamp_utc=2026-07-27T22:46:02.086Z;config_id=170b1c1e;rssi=-57;uptime_s=549210;heap=152624;cal_tier=board-cal;cal_src=wet_rederive_1236_20260719;pressure_context_source=weather_openmeteo;transport=wifi_poll,
plants.soil,2026-07-27T22:46:30.967Z,2026-07-27 17:46:30.967,18088,2a89d4,8gtt1h,0.7.3,fleet_logger_0_1,549210034,UMLIFE_v2_TLC555,ch2,origplant,soil_moisture,1193,,,OK,,,983.3,,name=c5off1;level=overwatered;role=disp;spread=23;gpio=5;device_seq=73226;time_source=device_synced;device_timestamp_utc=2026-07-27T22:46:02.086Z;config_id=170b1c1e;rssi=-57;uptime_s=549210;heap=152624;cal_tier=board-cal;cal_src=wet_rederive_1236_20260719;pressure_context_source=weather_openmeteo;transport=wifi_poll,
plants.soil,2026-07-27T22:46:30.967Z,2026-07-27 17:46:30.967,18089,2a89d4,8gtt1h,0.7.3,fleet_logger_0_1,549210034,UMLIFE_v2_TLC555,ch3,origplant,soil_moisture,1603,,,OK,,,983.3,,name=c5off1;level=OK;role=disp;spread=8;gpio=6;device_seq=73227;time_source=device_synced;device_timestamp_utc=2026-07-27T22:46:02.086Z;config_id=170b1c1e;rssi=-57;uptime_s=549210;heap=152624;cal_tier=board-cal;cal_src=wet_rederive_1236_20260719;pressure_context_source=weather_openmeteo;transport=wifi_poll,
plants.env,2026-07-27T22:46:30.967Z,2026-07-27 17:46:30.967,18090,2a89d4,8gtt1h,0.7.3,fleet_logger_0_1,549210718,ESP32,esp32_die,on_chip,die_temp,,25.70,degC,OK,,,,,name=c5off1;source=esp32_die;cal=uncalibrated_board_proxy;api=temperatureRead;config_id=170b1c1e;transport=wifi_poll,
plants.soil,2026-07-27T22:47:01.681Z,2026-07-27 17:47:01.681,18091,2a89d4,8gtt1h,0.7.3,fleet_logger_0_1,549270034,UMLIFE_v2_TLC555,ch0,origplant,soil_moisture,1228,,,OK,,,983.3,,name=c5off1;level=overwatered;role=disp;spread=18;gpio=1;device_seq=73232;time_source=device_synced;device_timestamp_utc=2026-07-27T22:47:02.086Z;config_id=170b1c1e;rssi=-58;uptime_s=549270;heap=152900;cal_tier=board-cal;cal_src=wet_rederive_1236_20260719;pressure_context_source=weather_openmeteo;transport=wifi_poll,
plants.soil,2026-07-27T22:47:01.681Z,2026-07-27 17:47:01.681,18092,2a89d4,8gtt1h,0.7.3,fleet_logger_0_1,549270034,UMLIFE_v2_TLC555,ch1,origplant,soil_moisture,1358,,,OK,,,983.3,,name=c5off1;level=well watered;role=disp;spread=19;gpio=4;device_seq=73233;time_source=device_synced;device_timestamp_utc=2026-07-27T22:47:02.086Z;config_id=170b1c1e;rssi=-58;uptime_s=549270;heap=152900;cal_tier=board-cal;cal_src=wet_rederive_1236_20260719;pressure_context_source=weather_openmeteo;transport=wifi_poll,
plants.soil,2026-07-27T22:47:01.681Z,2026-07-27 17:47:01.681,18093,2a89d4,8gtt1h,0.7.3,fleet_logger_0_1,549270034,UMLIFE_v2_TLC555,ch2,origplant,soil_moisture,1191,,,OK,,,983.3,,name=c5off1;level=overwatered;role=disp;spread=11;gpio=5;device_seq=73234;time_source=device_synced;device_timestamp_utc=2026-07-27T22:47:02.086Z;config_id=170b1c1e;rssi=-58;uptime_s=549270;heap=152900;cal_tier=board-cal;cal_src=wet_rederive_1236_20260719;pressure_context_source=weather_openmeteo;transport=wifi_poll,
plants.soil,2026-07-27T22:47:01.681Z,2026-07-27 17:47:01.681,18094,2a89d4,8gtt1h,0.7.3,fleet_logger_0_1,549270034,UMLIFE_v2_TLC555,ch3,origplant,soil_moisture,1601,,,OK,,,983.3,,name=c5off1;level=OK;role=disp;spread=21;gpio=6;device_seq=73235;time_source=device_synced;device_timestamp_utc=2026-07-27T22:47:02.086Z;config_id=170b1c1e;rssi=-58;uptime_s=549270;heap=152900;cal_tier=board-cal;cal_src=wet_rederive_1236_20260719;pressure_context_source=weather_openmeteo;transport=wifi_poll,
plants.env,2026-07-27T22:47:01.681Z,2026-07-27 17:47:01.681,18095,2a89d4,8gtt1h,0.7.3,fleet_logger_0_1,549270718,ESP32,esp32_die,on_chip,die_temp,,25.70,degC,OK,,,,,name=c5off1;source=esp32_die;cal=uncalibrated_board_proxy;api=temperatureRead;config_id=170b1c1e;transport=wifi_poll,
plants.soil,2026-07-27T22:47:32.230Z,2026-07-27 17:47:32.230,18096,2a89d4,8gtt1h,0.7.3,fleet_logger_0_1,549300034,UMLIFE_v2_TLC555,ch0,origplant,soil_moisture,1227,,,OK,,,983.3,,name=c5off1;level=overwatered;role=disp;spread=13;gpio=1;device_seq=73236;time_source=device_synced;device_timestamp_utc=2026-07-27T22:47:32.086Z;config_id=170b1c1e;rssi=-55;uptime_s=549300;heap=152644;cal_tier=board-cal;cal_src=wet_rederive_1236_20260719;pressure_context_source=weather_openmeteo;transport=wifi_poll,
plants.soil,2026-07-27T22:47:32.230Z,2026-07-27 17:47:32.230,18097,2a89d4,8gtt1h,0.7.3,fleet_logger_0_1,549300034,UMLIFE_v2_TLC555,ch1,origplant,soil_moisture,1356,,,OK,,,983.3,,name=c5off1;level=well watered;role=disp;spread=9;gpio=4;device_seq=73237;time_source=device_synced;device_timestamp_utc=2026-07-27T22:47:32.086Z;config_id=170b1c1e;rssi=-55;uptime_s=549300;heap=152644;cal_tier=board-cal;cal_src=wet_rederive_1236_20260719;pressure_context_source=weather_openmeteo;transport=wifi_poll,
plants.soil,2026-07-27T22:47:32.230Z,2026-07-27 17:47:32.230,18098,2a89d4,8gtt1h,0.7.3,fleet_logger_0_1,549300034,UMLIFE_v2_TLC555,ch2,origplant,soil_moisture,1193,,,OK,,,983.3,,name=c5off1;level=overwatered;role=disp;spread=11;gpio=5;device_seq=73238;time_source=device_synced;device_timestamp_utc=2026-07-27T22:47:32.086Z;config_id=170b1c1e;rssi=-55;uptime_s=549300;heap=152644;cal_tier=board-cal;cal_src=wet_rederive_1236_20260719;pressure_context_source=weather_openmeteo;transport=wifi_poll,
plants.soil,2026-07-27T22:47:32.230Z,2026-07-27 17:47:32.230,18099,2a89d4,8gtt1h,0.7.3,fleet_logger_0_1,549300034,UMLIFE_v2_TLC555,ch3,origplant,soil_moisture,1600,,,OK,,,983.3,,name=c5off1;level=OK;role=disp;spread=8;gpio=6;device_seq=73239;time_source=device_synced;device_timestamp_utc=2026-07-27T22:47:32.086Z;config_id=170b1c1e;rssi=-55;uptime_s=549300;heap=152644;cal_tier=board-cal;cal_src=wet_rederive_1236_20260719;pressure_context_source=weather_openmeteo;transport=wifi_poll,
plants.env,2026-07-27T22:47:32.230Z,2026-07-27 17:47:32.230,18100,2a89d4,8gtt1h,0.7.3,fleet_logger_0_1,549300718,ESP32,esp32_die,on_chip,die_temp,,25.70,degC,OK,,,,,name=c5off1;source=esp32_die;cal=uncalibrated_board_proxy;api=temperatureRead;config_id=170b1c1e;transport=wifi_poll,
plants.soil,2026-07-27T22:48:02.737Z,2026-07-27 17:48:02.737,18101,2a89d4,8gtt1h,0.7.3,fleet_logger_0_1,549330034,UMLIFE_v2_TLC555,ch0,origplant,soil_moisture,1226,,,OK,,,983.3,,name=c5off1;level=overwatered;role=disp;spread=22;gpio=1;device_seq=73240;time_source=device_synced;device_timestamp_utc=2026-07-27T22:48:02.086Z;config_id=170b1c1e;rssi=-59;uptime_s=549330;heap=152644;cal_tier=board-cal;cal_src=wet_rederive_1236_20260719;pressure_context_source=weather_openmeteo;transport=wifi_poll,
plants.soil,2026-07-27T22:48:02.737Z,2026-07-27 17:48:02.737,18102,2a89d4,8gtt1h,0.7.3,fleet_logger_0_1,549330034,UMLIFE_v2_TLC555,ch1,origplant,soil_moisture,1356,,,OK,,,983.3,,name=c5off1;level=well watered;role=disp;spread=27;gpio=4;device_seq=73241;time_source=device_synced;device_timestamp_utc=2026-07-27T22:48:02.086Z;config_id=170b1c1e;rssi=-59;uptime_s=549330;heap=152644;cal_tier=board-cal;cal_src=wet_rederive_1236_20260719;pressure_context_source=weather_openmeteo;transport=wifi_poll,
plants.soil,2026-07-27T22:48:02.737Z,2026-07-27 17:48:02.737,18103,2a89d4,8gtt1h,0.7.3,fleet_logger_0_1,549330034,UMLIFE_v2_TLC555,ch2,origplant,soil_moisture,1194,,,OK,,,983.3,,name=c5off1;level=overwatered;role=disp;spread=16;gpio=5;device_seq=73242;time_source=device_synced;device_timestamp_utc=2026-07-27T22:48:02.086Z;config_id=170b1c1e;rssi=-59;uptime_s=549330;heap=152644;cal_tier=board-cal;cal_src=wet_rederive_1236_20260719;pressure_context_source=weather_openmeteo;transport=wifi_poll,
plants.soil,2026-07-27T22:48:02.737Z,2026-07-27 17:48:02.737,18104,2a89d4,8gtt1h,0.7.3,fleet_logger_0_1,549330034,UMLIFE_v2_TLC555,ch3,origplant,soil_moisture,1596,,,OK,,,983.3,,name=c5off1;level=OK;role=disp;spread=26;gpio=6;device_seq=73243;time_source=device_synced;device_timestamp_utc=2026-07-27T22:48:02.086Z;config_id=170b1c1e;rssi=-59;uptime_s=549330;heap=152644;cal_tier=board-cal;cal_src=wet_rederive_1236_20260719;pressure_context_source=weather_openmeteo;transport=wifi_poll,
plants.env,2026-07-27T22:48:02.737Z,2026-07-27 17:48:02.737,18105,2a89d4,8gtt1h,0.7.3,fleet_logger_0_1,549330718,ESP32,esp32_die,on_chip,die_temp,,25.70,degC,OK,,,,,name=c5off1;source=esp32_die;cal=uncalibrated_board_proxy;api=temperatureRead;config_id=170b1c1e;transport=wifi_poll,
plants.soil,2026-07-27T22:48:33.361Z,2026-07-27 17:48:33.361,18106,2a89d4,8gtt1h,0.7.3,fleet_logger_0_1,549360034,UMLIFE_v2_TLC555,ch0,origplant,soil_moisture,1228,,,OK,,,983.3,,name=c5off1;level=overwatered;role=disp;spread=26;gpio=1;device_seq=73244;time_source=device_synced;device_timestamp_utc=2026-07-27T22:48:32.086Z;config_id=170b1c1e;rssi=-56;uptime_s=549360;heap=152912;cal_tier=board-cal;cal_src=wet_rederive_1236_20260719;pressure_context_source=weather_openmeteo;transport=wifi_poll,
plants.soil,2026-07-27T22:48:33.361Z,2026-07-27 17:48:33.361,18107,2a89d4,8gtt1h,0.7.3,fleet_logger_0_1,549360034,UMLIFE_v2_TLC555,ch1,origplant,soil_moisture,1358,,,OK,,,983.3,,name=c5off1;level=well watered;role=disp;spread=27;gpio=4;device_seq=73245;time_source=device_synced;device_timestamp_utc=2026-07-27T22:48:32.086Z;config_id=170b1c1e;rssi=-56;uptime_s=549360;heap=152912;cal_tier=board-cal;cal_src=wet_rederive_1236_20260719;pressure_context_source=weather_openmeteo;transport=wifi_poll,
plants.soil,2026-07-27T22:48:33.361Z,2026-07-27 17:48:33.361,18108,2a89d4,8gtt1h,0.7.3,fleet_logger_0_1,549360034,UMLIFE_v2_TLC555,ch2,origplant,soil_moisture,1191,,,OK,,,983.3,,name=c5off1;level=overwatered;role=disp;spread=24;gpio=5;device_seq=73246;time_source=device_synced;device_timestamp_utc=2026-07-27T22:48:32.086Z;config_id=170b1c1e;rssi=-56;uptime_s=549360;heap=152912;cal_tier=board-cal;cal_src=wet_rederive_1236_20260719;pressure_context_source=weather_openmeteo;transport=wifi_poll,
plants.soil,2026-07-27T22:48:33.361Z,2026-07-27 17:48:33.361,18109,2a89d4,8gtt1h,0.7.3,fleet_logger_0_1,549360034,UMLIFE_v2_TLC555,ch3,origplant,soil_moisture,1600,,,OK,,,983.3,,name=c5off1;level=OK;role=disp;spread=16;gpio=6;device_seq=73247;time_source=device_synced;device_timestamp_utc=2026-07-27T22:48:32.086Z;config_id=170b1c1e;rssi=-56;uptime_s=549360;heap=152912;cal_tier=board-cal;cal_src=wet_rederive_1236_20260719;pressure_context_source=weather_openmeteo;transport=wifi_poll,
plants.env,2026-07-27T22:48:33.361Z,2026-07-27 17:48:33.361,18110,2a89d4,8gtt1h,0.7.3,fleet_logger_0_1,549360718,ESP32,esp32_die,on_chip,die_temp,,25.70,degC,OK,,,,,name=c5off1;source=esp32_die;cal=uncalibrated_board_proxy;api=temperatureRead;config_id=170b1c1e;transport=wifi_poll,
plants.soil,2026-07-27T22:49:03.954Z,2026-07-27 17:49:03.954,18111,2a89d4,8gtt1h,0.7.3,fleet_logger_0_1,549390034,UMLIFE_v2_TLC555,ch0,origplant,soil_moisture,1208,,,OK,,,983.3,,name=c5off1;level=overwatered;role=disp;spread=8;gpio=1;device_seq=73248;time_source=device_synced;device_timestamp_utc=2026-07-27T22:49:02.086Z;config_id=170b1c1e;rssi=-58;uptime_s=549390;heap=152644;cal_tier=board-cal;cal_src=wet_rederive_1236_20260719;pressure_context_source=weather_openmeteo;transport=wifi_poll,
plants.soil,2026-07-27T22:49:03.954Z,2026-07-27 17:49:03.954,18112,2a89d4,8gtt1h,0.7.3,fleet_logger_0_1,549390034,UMLIFE_v2_TLC555,ch1,origplant,soil_moisture,1339,,,OK,,,983.3,,name=c5off1;level=well watered;role=disp;spread=22;gpio=4;device_seq=73249;time_source=device_synced;device_timestamp_utc=2026-07-27T22:49:02.086Z;config_id=170b1c1e;rssi=-58;uptime_s=549390;heap=152644;cal_tier=board-cal;cal_src=wet_rederive_1236_20260719;pressure_context_source=weather_openmeteo;transport=wifi_poll,
plants.soil,2026-07-27T22:49:03.954Z,2026-07-27 17:49:03.954,18113,2a89d4,8gtt1h,0.7.3,fleet_logger_0_1,549390034,UMLIFE_v2_TLC555,ch2,origplant,soil_moisture,1193,,,OK,,,983.3,,name=c5off1;level=overwatered;role=disp;spread=10;gpio=5;device_seq=73250;time_source=device_synced;device_timestamp_utc=2026-07-27T22:49:02.086Z;config_id=170b1c1e;rssi=-58;uptime_s=549390;heap=152644;cal_tier=board-cal;cal_src=wet_rederive_1236_20260719;pressure_context_source=weather_openmeteo;transport=wifi_poll,
plants.soil,2026-07-27T22:49:03.954Z,2026-07-27 17:49:03.954,18114,2a89d4,8gtt1h,0.7.3,fleet_logger_0_1,549390034,UMLIFE_v2_TLC555,ch3,origplant,soil_moisture,1584,,,OK,,,983.3,,name=c5off1;level=OK;role=disp;spread=31;gpio=6;device_seq=73251;time_source=device_synced;device_timestamp_utc=2026-07-27T22:49:02.086Z;config_id=170b1c1e;rssi=-58;uptime_s=549390;heap=152644;cal_tier=board-cal;cal_src=wet_rederive_1236_20260719;pressure_context_source=weather_openmeteo;transport=wifi_poll,
plants.env,2026-07-27T22:49:03.954Z,2026-07-27 17:49:03.954,18115,2a89d4,8gtt1h,0.7.3,fleet_logger_0_1,549390718,ESP32,esp32_die,on_chip,die_temp,,25.70,degC,OK,,,,,name=c5off1;source=esp32_die;cal=uncalibrated_board_proxy;api=temperatureRead;config_id=170b1c1e;transport=wifi_poll,
plants.soil,2026-07-27T22:49:34.565Z,2026-07-27 17:49:34.565,18116,2a89d4,8gtt1h,0.7.3,fleet_logger_0_1,549420034,UMLIFE_v2_TLC555,ch0,origplant,soil_moisture,1218,,,OK,,,983.3,,name=c5off1;level=overwatered;role=disp;spread=17;gpio=1;device_seq=73252;time_source=device_synced;device_timestamp_utc=2026-07-27T22:49:32.086Z;config_id=170b1c1e;rssi=-56;uptime_s=549420;heap=152648;cal_tier=board-cal;cal_src=wet_rederive_1236_20260719;pressure_context_source=weather_openmeteo;transport=wifi_poll,
plants.soil,2026-07-27T22:49:34.565Z,2026-07-27 17:49:34.565,18117,2a89d4,8gtt1h,0.7.3,fleet_logger_0_1,549420034,UMLIFE_v2_TLC555,ch1,origplant,soil_moisture,1356,,,OK,,,983.3,,name=c5off1;level=well watered;role=disp;spread=32;gpio=4;device_seq=73253;time_source=device_synced;device_timestamp_utc=2026-07-27T22:49:32.086Z;config_id=170b1c1e;rssi=-56;uptime_s=549420;heap=152648;cal_tier=board-cal;cal_src=wet_rederive_1236_20260719;pressure_context_source=weather_openmeteo;transport=wifi_poll,
plants.soil,2026-07-27T22:49:34.565Z,2026-07-27 17:49:34.565,18118,2a89d4,8gtt1h,0.7.3,fleet_logger_0_1,549420034,UMLIFE_v2_TLC555,ch2,origplant,soil_moisture,1194,,,OK,,,983.3,,name=c5off1;level=overwatered;role=disp;spread=13;gpio=5;device_seq=73254;time_source=device_synced;device_timestamp_utc=2026-07-27T22:49:32.086Z;config_id=170b1c1e;rssi=-56;uptime_s=549420;heap=152648;cal_tier=board-cal;cal_src=wet_rederive_1236_20260719;pressure_context_source=weather_openmeteo;transport=wifi_poll,
plants.soil,2026-07-27T22:49:34.565Z,2026-07-27 17:49:34.565,18119,2a89d4,8gtt1h,0.7.3,fleet_logger_0_1,549420034,UMLIFE_v2_TLC555,ch3,origplant,soil_moisture,1598,,,OK,,,983.3,,name=c5off1;level=OK;role=disp;spread=19;gpio=6;device_seq=73255;time_source=device_synced;device_timestamp_utc=2026-07-27T22:49:32.086Z;config_id=170b1c1e;rssi=-56;uptime_s=549420;heap=152648;cal_tier=board-cal;cal_src=wet_rederive_1236_20260719;pressure_context_source=weather_openmeteo;transport=wifi_poll,
plants.env,2026-07-27T22:49:34.565Z,2026-07-27 17:49:34.565,18120,2a89d4,8gtt1h,0.7.3,fleet_logger_0_1,549420718,ESP32,esp32_die,on_chip,die_temp,,25.70,degC,OK,,,,,name=c5off1;source=esp32_die;cal=uncalibrated_board_proxy;api=temperatureRead;config_id=170b1c1e;transport=wifi_poll,
plants.soil,2026-07-27T22:50:04.898Z,2026-07-27 17:50:04.898,18121,2a89d4,8gtt1h,0.7.3,fleet_logger_0_1,549450034,UMLIFE_v2_TLC555,ch0,origplant,soil_moisture,1221,,,OK,,,983.3,,name=c5off1;level=overwatered;role=disp;spread=8;gpio=1;device_seq=73256;time_source=device_synced;device_timestamp_utc=2026-07-27T22:50:02.086Z;config_id=170b1c1e;rssi=-58;uptime_s=549450;heap=152656;cal_tier=board-cal;cal_src=wet_rederive_1236_20260719;pressure_context_source=weather_openmeteo;transport=wifi_poll,
plants.soil,2026-07-27T22:50:04.898Z,2026-07-27 17:50:04.898,18122,2a89d4,8gtt1h,0.7.3,fleet_logger_0_1,549450034,UMLIFE_v2_TLC555,ch1,origplant,soil_moisture,1353,,,OK,,,983.3,,name=c5off1;level=well watered;role=disp;spread=10;gpio=4;device_seq=73257;time_source=device_synced;device_timestamp_utc=2026-07-27T22:50:02.086Z;config_id=170b1c1e;rssi=-58;uptime_s=549450;heap=152656;cal_tier=board-cal;cal_src=wet_rederive_1236_20260719;pressure_context_source=weather_openmeteo;transport=wifi_poll,
plants.soil,2026-07-27T22:50:04.898Z,2026-07-27 17:50:04.898,18123,2a89d4,8gtt1h,0.7.3,fleet_logger_0_1,549450034,UMLIFE_v2_TLC555,ch2,origplant,soil_moisture,1191,,,OK,,,983.3,,name=c5off1;level=overwatered;role=disp;spread=13;gpio=5;device_seq=73258;time_source=device_synced;device_timestamp_utc=2026-07-27T22:50:02.086Z;config_id=170b1c1e;rssi=-58;uptime_s=549450;heap=152656;cal_tier=board-cal;cal_src=wet_rederive_1236_20260719;pressure_context_source=weather_openmeteo;transport=wifi_poll,
plants.soil,2026-07-27T22:50:04.898Z,2026-07-27 17:50:04.898,18124,2a89d4,8gtt1h,0.7.3,fleet_logger_0_1,549450034,UMLIFE_v2_TLC555,ch3,origplant,soil_moisture,1598,,,OK,,,983.3,,name=c5off1;level=OK;role=disp;spread=9;gpio=6;device_seq=73259;time_source=device_synced;device_timestamp_utc=2026-07-27T22:50:02.086Z;config_id=170b1c1e;rssi=-58;uptime_s=549450;heap=152656;cal_tier=board-cal;cal_src=wet_rederive_1236_20260719;pressure_context_source=weather_openmeteo;transport=wifi_poll,
plants.env,2026-07-27T22:50:04.898Z,2026-07-27 17:50:04.898,18125,2a89d4,8gtt1h,0.7.3,fleet_logger_0_1,549450718,ESP32,esp32_die,on_chip,die_temp,,25.70,degC,OK,,,,,name=c5off1;source=esp32_die;cal=uncalibrated_board_proxy;api=temperatureRead;config_id=170b1c1e;transport=wifi_poll,
plants.soil,2026-07-27T22:50:35.214Z,2026-07-27 17:50:35.214,18126,2a89d4,8gtt1h,0.7.3,fleet_logger_0_1,549480034,UMLIFE_v2_TLC555,ch0,origplant,soil_moisture,1206,,,OK,,,983.3,,name=c5off1;level=overwatered;role=disp;spread=9;gpio=1;device_seq=73260;time_source=device_synced;device_timestamp_utc=2026-07-27T22:50:32.086Z;config_id=170b1c1e;rssi=-57;uptime_s=549480;heap=152388;cal_tier=board-cal;cal_src=wet_rederive_1236_20260719;pressure_context_source=weather_openmeteo;transport=wifi_poll,
plants.soil,2026-07-27T22:50:35.214Z,2026-07-27 17:50:35.214,18127,2a89d4,8gtt1h,0.7.3,fleet_logger_0_1,549480034,UMLIFE_v2_TLC555,ch1,origplant,soil_moisture,1337,,,OK,,,983.3,,name=c5off1;level=well watered;role=disp;spread=16;gpio=4;device_seq=73261;time_source=device_synced;device_timestamp_utc=2026-07-27T22:50:32.086Z;config_id=170b1c1e;rssi=-57;uptime_s=549480;heap=152388;cal_tier=board-cal;cal_src=wet_rederive_1236_20260719;pressure_context_source=weather_openmeteo;transport=wifi_poll,
plants.soil,2026-07-27T22:50:35.214Z,2026-07-27 17:50:35.214,18128,2a89d4,8gtt1h,0.7.3,fleet_logger_0_1,549480034,UMLIFE_v2_TLC555,ch2,origplant,soil_moisture,1192,,,OK,,,983.3,,name=c5off1;level=overwatered;role=disp;spread=7;gpio=5;device_seq=73262;time_source=device_synced;device_timestamp_utc=2026-07-27T22:50:32.086Z;config_id=170b1c1e;rssi=-57;uptime_s=549480;heap=152388;cal_tier=board-cal;cal_src=wet_rederive_1236_20260719;pressure_context_source=weather_openmeteo;transport=wifi_poll,
plants.soil,2026-07-27T22:50:35.214Z,2026-07-27 17:50:35.214,18129,2a89d4,8gtt1h,0.7.3,fleet_logger_0_1,549480034,UMLIFE_v2_TLC555,ch3,origplant,soil_moisture,1592,,,OK,,,983.3,,name=c5off1;level=OK;role=disp;spread=26;gpio=6;device_seq=73263;time_source=device_synced;device_timestamp_utc=2026-07-27T22:50:32.086Z;config_id=170b1c1e;rssi=-57;uptime_s=549480;heap=152388;cal_tier=board-cal;cal_src=wet_rederive_1236_20260719;pressure_context_source=weather_openmeteo;transport=wifi_poll,
plants.env,2026-07-27T22:50:35.214Z,2026-07-27 17:50:35.214,18130,2a89d4,8gtt1h,0.7.3,fleet_logger_0_1,549480718,ESP32,esp32_die,on_chip,die_temp,,25.70,degC,OK,,,,,name=c5off1;source=esp32_die;cal=uncalibrated_board_proxy;api=temperatureRead;config_id=170b1c1e;transport=wifi_poll,
plants.soil,2026-07-27T22:51:05.699Z,2026-07-27 17:51:05.699,18131,2a89d4,8gtt1h,0.7.3,fleet_logger_0_1,549510034,UMLIFE_v2_TLC555,ch0,origplant,soil_moisture,1219,,,OK,,,983.3,,name=c5off1;level=overwatered;role=disp;spread=16;gpio=1;device_seq=73264;time_source=device_synced;device_timestamp_utc=2026-07-27T22:51:02.086Z;config_id=170b1c1e;rssi=-56;uptime_s=549510;heap=152396;cal_tier=board-cal;cal_src=wet_rederive_1236_20260719;pressure_context_source=weather_openmeteo;transport=wifi_poll,
plants.soil,2026-07-27T22:51:05.699Z,2026-07-27 17:51:05.699,18132,2a89d4,8gtt1h,0.7.3,fleet_logger_0_1,549510034,UMLIFE_v2_TLC555,ch1,origplant,soil_moisture,1352,,,OK,,,983.3,,name=c5off1;level=well watered;role=disp;spread=22;gpio=4;device_seq=73265;time_source=device_synced;device_timestamp_utc=2026-07-27T22:51:02.086Z;config_id=170b1c1e;rssi=-56;uptime_s=549510;heap=152396;cal_tier=board-cal;cal_src=wet_rederive_1236_20260719;pressure_context_source=weather_openmeteo;transport=wifi_poll,
plants.soil,2026-07-27T22:51:05.699Z,2026-07-27 17:51:05.699,18133,2a89d4,8gtt1h,0.7.3,fleet_logger_0_1,549510034,UMLIFE_v2_TLC555,ch2,origplant,soil_moisture,1193,,,OK,,,983.3,,name=c5off1;level=overwatered;role=disp;spread=14;gpio=5;device_seq=73266;time_source=device_synced;device_timestamp_utc=2026-07-27T22:51:02.086Z;config_id=170b1c1e;rssi=-56;uptime_s=549510;heap=152396;cal_tier=board-cal;cal_src=wet_rederive_1236_20260719;pressure_context_source=weather_openmeteo;transport=wifi_poll,
plants.soil,2026-07-27T22:51:05.699Z,2026-07-27 17:51:05.699,18134,2a89d4,8gtt1h,0.7.3,fleet_logger_0_1,549510034,UMLIFE_v2_TLC555,ch3,origplant,soil_moisture,1597,,,OK,,,983.3,,name=c5off1;level=OK;role=disp;spread=32;gpio=6;device_seq=73267;time_source=device_synced;device_timestamp_utc=2026-07-27T22:51:02.086Z;config_id=170b1c1e;rssi=-56;uptime_s=549510;heap=152396;cal_tier=board-cal;cal_src=wet_rederive_1236_20260719;pressure_context_source=weather_openmeteo;transport=wifi_poll,
plants.env,2026-07-27T22:51:05.699Z,2026-07-27 17:51:05.699,18135,2a89d4,8gtt1h,0.7.3,fleet_logger_0_1,549510718,ESP32,esp32_die,on_chip,die_temp,,25.70,degC,OK,,,,,name=c5off1;source=esp32_die;cal=uncalibrated_board_proxy;api=temperatureRead;config_id=170b1c1e;transport=wifi_poll,
plants.soil,2026-07-27T22:51:35.939Z,2026-07-27 17:51:35.939,18136,2a89d4,8gtt1h,0.7.3,fleet_logger_0_1,549540034,UMLIFE_v2_TLC555,ch0,origplant,soil_moisture,1209,,,OK,,,983.3,,name=c5off1;level=overwatered;role=disp;spread=12;gpio=1;device_seq=73268;time_source=device_synced;device_timestamp_utc=2026-07-27T22:51:32.086Z;config_id=170b1c1e;rssi=-57;uptime_s=549540;heap=152660;cal_tier=board-cal;cal_src=wet_rederive_1236_20260719;pressure_context_source=weather_openmeteo;transport=wifi_poll,
plants.soil,2026-07-27T22:51:35.939Z,2026-07-27 17:51:35.939,18137,2a89d4,8gtt1h,0.7.3,fleet_logger_0_1,549540034,UMLIFE_v2_TLC555,ch1,origplant,soil_moisture,1337,,,OK,,,983.3,,name=c5off1;level=well watered;role=disp;spread=22;gpio=4;device_seq=73269;time_source=device_synced;device_timestamp_utc=2026-07-27T22:51:32.086Z;config_id=170b1c1e;rssi=-57;uptime_s=549540;heap=152660;cal_tier=board-cal;cal_src=wet_rederive_1236_20260719;pressure_context_source=weather_openmeteo;transport=wifi_poll,
plants.soil,2026-07-27T22:51:35.939Z,2026-07-27 17:51:35.939,18138,2a89d4,8gtt1h,0.7.3,fleet_logger_0_1,549540034,UMLIFE_v2_TLC555,ch2,origplant,soil_moisture,1193,,,OK,,,983.3,,name=c5off1;level=overwatered;role=disp;spread=13;gpio=5;device_seq=73270;time_source=device_synced;device_timestamp_utc=2026-07-27T22:51:32.086Z;config_id=170b1c1e;rssi=-57;uptime_s=549540;heap=152660;cal_tier=board-cal;cal_src=wet_rederive_1236_20260719;pressure_context_source=weather_openmeteo;transport=wifi_poll,
plants.soil,2026-07-27T22:51:35.939Z,2026-07-27 17:51:35.939,18139,2a89d4,8gtt1h,0.7.3,fleet_logger_0_1,549540034,UMLIFE_v2_TLC555,ch3,origplant,soil_moisture,1595,,,OK,,,983.3,,name=c5off1;level=OK;role=disp;spread=32;gpio=6;device_seq=73271;time_source=device_synced;device_timestamp_utc=2026-07-27T22:51:32.086Z;config_id=170b1c1e;rssi=-57;uptime_s=549540;heap=152660;cal_tier=board-cal;cal_src=wet_rederive_1236_20260719;pressure_context_source=weather_openmeteo;transport=wifi_poll,
plants.env,2026-07-27T22:51:35.939Z,2026-07-27 17:51:35.939,18140,2a89d4,8gtt1h,0.7.3,fleet_logger_0_1,549540719,ESP32,esp32_die,on_chip,die_temp,,24.70,degC,OK,,,,,name=c5off1;source=esp32_die;cal=uncalibrated_board_proxy;api=temperatureRead;config_id=170b1c1e;transport=wifi_poll,
plants.soil,2026-07-27T22:52:06.225Z,2026-07-27 17:52:06.225,18141,2a89d4,8gtt1h,0.7.3,fleet_logger_0_1,549570034,UMLIFE_v2_TLC555,ch0,origplant,soil_moisture,1207,,,OK,,,983.3,,name=c5off1;level=overwatered;role=disp;spread=22;gpio=1;device_seq=73272;time_source=device_synced;device_timestamp_utc=2026-07-27T22:52:02.086Z;config_id=170b1c1e;rssi=-57;uptime_s=549570;heap=152668;cal_tier=board-cal;cal_src=wet_rederive_1236_20260719;pressure_context_source=weather_openmeteo;transport=wifi_poll,
plants.soil,2026-07-27T22:52:06.225Z,2026-07-27 17:52:06.225,18142,2a89d4,8gtt1h,0.7.3,fleet_logger_0_1,549570034,UMLIFE_v2_TLC555,ch1,origplant,soil_moisture,1335,,,OK,,,983.3,,name=c5off1;level=well watered;role=disp;spread=18;gpio=4;device_seq=73273;time_source=device_synced;device_timestamp_utc=2026-07-27T22:52:02.086Z;config_id=170b1c1e;rssi=-57;uptime_s=549570;heap=152668;cal_tier=board-cal;cal_src=wet_rederive_1236_20260719;pressure_context_source=weather_openmeteo;transport=wifi_poll,
plants.soil,2026-07-27T22:52:06.225Z,2026-07-27 17:52:06.225,18143,2a89d4,8gtt1h,0.7.3,fleet_logger_0_1,549570034,UMLIFE_v2_TLC555,ch2,origplant,soil_moisture,1194,,,OK,,,983.3,,name=c5off1;level=overwatered;role=disp;spread=13;gpio=5;device_seq=73274;time_source=device_synced;device_timestamp_utc=2026-07-27T22:52:02.086Z;config_id=170b1c1e;rssi=-57;uptime_s=549570;heap=152668;cal_tier=board-cal;cal_src=wet_rederive_1236_20260719;pressure_context_source=weather_openmeteo;transport=wifi_poll,
plants.soil,2026-07-27T22:52:06.225Z,2026-07-27 17:52:06.225,18144,2a89d4,8gtt1h,0.7.3,fleet_logger_0_1,549570034,UMLIFE_v2_TLC555,ch3,origplant,soil_moisture,1595,,,OK,,,983.3,,name=c5off1;level=OK;role=disp;spread=10;gpio=6;device_seq=73275;time_source=device_synced;device_timestamp_utc=2026-07-27T22:52:02.086Z;config_id=170b1c1e;rssi=-57;uptime_s=549570;heap=152668;cal_tier=board-cal;cal_src=wet_rederive_1236_20260719;pressure_context_source=weather_openmeteo;transport=wifi_poll,
plants.env,2026-07-27T22:52:06.225Z,2026-07-27 17:52:06.225,18145,2a89d4,8gtt1h,0.7.3,fleet_logger_0_1,549570718,ESP32,esp32_die,on_chip,die_temp,,25.70,degC,OK,,,,,name=c5off1;source=esp32_die;cal=uncalibrated_board_proxy;api=temperatureRead;config_id=170b1c1e;transport=wifi_poll,
plants.soil,2026-07-27T22:52:36.664Z,2026-07-27 17:52:36.664,18146,2a89d4,8gtt1h,0.7.3,fleet_logger_0_1,549600034,UMLIFE_v2_TLC555,ch0,origplant,soil_moisture,1208,,,OK,,,983.3,,name=c5off1;level=overwatered;role=disp;spread=11;gpio=1;device_seq=73276;time_source=device_synced;device_timestamp_utc=2026-07-27T22:52:32.086Z;config_id=170b1c1e;rssi=-57;uptime_s=549600;heap=152648;cal_tier=board-cal;cal_src=wet_rederive_1236_20260719;pressure_context_source=weather_openmeteo;transport=wifi_poll,
plants.soil,2026-07-27T22:52:36.664Z,2026-07-27 17:52:36.664,18147,2a89d4,8gtt1h,0.7.3,fleet_logger_0_1,549600034,UMLIFE_v2_TLC555,ch1,origplant,soil_moisture,1336,,,OK,,,983.3,,name=c5off1;level=well watered;role=disp;spread=13;gpio=4;device_seq=73277;time_source=device_synced;device_timestamp_utc=2026-07-27T22:52:32.086Z;config_id=170b1c1e;rssi=-57;uptime_s=549600;heap=152648;cal_tier=board-cal;cal_src=wet_rederive_1236_20260719;pressure_context_source=weather_openmeteo;transport=wifi_poll,
plants.soil,2026-07-27T22:52:36.664Z,2026-07-27 17:52:36.664,18148,2a89d4,8gtt1h,0.7.3,fleet_logger_0_1,549600034,UMLIFE_v2_TLC555,ch2,origplant,soil_moisture,1192,,,OK,,,983.3,,name=c5off1;level=overwatered;role=disp;spread=12;gpio=5;device_seq=73278;time_source=device_synced;device_timestamp_utc=2026-07-27T22:52:32.086Z;config_id=170b1c1e;rssi=-57;uptime_s=549600;heap=152648;cal_tier=board-cal;cal_src=wet_rederive_1236_20260719;pressure_context_source=weather_openmeteo;transport=wifi_poll,
plants.soil,2026-07-27T22:52:36.664Z,2026-07-27 17:52:36.664,18149,2a89d4,8gtt1h,0.7.3,fleet_logger_0_1,549600034,UMLIFE_v2_TLC555,ch3,origplant,soil_moisture,1584,,,OK,,,983.3,,name=c5off1;level=OK;role=disp;spread=18;gpio=6;device_seq=73279;time_source=device_synced;device_timestamp_utc=2026-07-27T22:52:32.086Z;config_id=170b1c1e;rssi=-57;uptime_s=549600;heap=152648;cal_tier=board-cal;cal_src=wet_rederive_1236_20260719;pressure_context_source=weather_openmeteo;transport=wifi_poll,
plants.env,2026-07-27T22:52:36.664Z,2026-07-27 17:52:36.664,18150,2a89d4,8gtt1h,0.7.3,fleet_logger_0_1,549601818,ESP32,esp32_die,on_chip,die_temp,,24.70,degC,OK,,,,,name=c5off1;source=esp32_die;cal=uncalibrated_board_proxy;api=temperatureRead;config_id=170b1c1e;transport=wifi_poll,
plants.soil,2026-07-27T22:53:07.254Z,2026-07-27 17:53:07.254,18151,2a89d4,8gtt1h,0.7.3,fleet_logger_0_1,549630034,UMLIFE_v2_TLC555,ch0,origplant,soil_moisture,1211,,,OK,,,983.3,,name=c5off1;level=overwatered;role=disp;spread=23;gpio=1;device_seq=73280;time_source=device_synced;device_timestamp_utc=2026-07-27T22:53:02.086Z;config_id=170b1c1e;rssi=-55;uptime_s=549630;heap=152656;cal_tier=board-cal;cal_src=wet_rederive_1236_20260719;pressure_context_source=weather_openmeteo;transport=wifi_poll,
plants.soil,2026-07-27T22:53:07.254Z,2026-07-27 17:53:07.254,18152,2a89d4,8gtt1h,0.7.3,fleet_logger_0_1,549630034,UMLIFE_v2_TLC555,ch1,origplant,soil_moisture,1339,,,OK,,,983.3,,name=c5off1;level=well watered;role=disp;spread=26;gpio=4;device_seq=73281;time_source=device_synced;device_timestamp_utc=2026-07-27T22:53:02.086Z;config_id=170b1c1e;rssi=-55;uptime_s=549630;heap=152656;cal_tier=board-cal;cal_src=wet_rederive_1236_20260719;pressure_context_source=weather_openmeteo;transport=wifi_poll,
plants.soil,2026-07-27T22:53:07.254Z,2026-07-27 17:53:07.254,18153,2a89d4,8gtt1h,0.7.3,fleet_logger_0_1,549630034,UMLIFE_v2_TLC555,ch2,origplant,soil_moisture,1193,,,OK,,,983.3,,name=c5off1;level=overwatered;role=disp;spread=18;gpio=5;device_seq=73282;time_source=device_synced;device_timestamp_utc=2026-07-27T22:53:02.086Z;config_id=170b1c1e;rssi=-55;uptime_s=549630;heap=152656;cal_tier=board-cal;cal_src=wet_rederive_1236_20260719;pressure_context_source=weather_openmeteo;transport=wifi_poll,
plants.soil,2026-07-27T22:53:07.254Z,2026-07-27 17:53:07.254,18154,2a89d4,8gtt1h,0.7.3,fleet_logger_0_1,549630034,UMLIFE_v2_TLC555,ch3,origplant,soil_moisture,1582,,,OK,,,983.3,,name=c5off1;level=OK;role=disp;spread=34;gpio=6;device_seq=73283;time_source=device_synced;device_timestamp_utc=2026-07-27T22:53:02.086Z;config_id=170b1c1e;rssi=-55;uptime_s=549630;heap=152656;cal_tier=board-cal;cal_src=wet_rederive_1236_20260719;pressure_context_source=weather_openmeteo;transport=wifi_poll,
plants.env,2026-07-27T22:53:07.254Z,2026-07-27 17:53:07.254,18155,2a89d4,8gtt1h,0.7.3,fleet_logger_0_1,549630718,ESP32,esp32_die,on_chip,die_temp,,24.70,degC,OK,,,,,name=c5off1;source=esp32_die;cal=uncalibrated_board_proxy;api=temperatureRead;config_id=170b1c1e;transport=wifi_poll,
plants.soil,2026-07-27T22:53:37.596Z,2026-07-27 17:53:37.596,18156,2a89d4,8gtt1h,0.7.3,fleet_logger_0_1,549660034,UMLIFE_v2_TLC555,ch0,origplant,soil_moisture,1216,,,OK,,,983.3,,name=c5off1;level=overwatered;role=disp;spread=21;gpio=1;device_seq=73284;time_source=device_synced;device_timestamp_utc=2026-07-27T22:53:32.086Z;config_id=170b1c1e;rssi=-57;uptime_s=549660;heap=152388;cal_tier=board-cal;cal_src=wet_rederive_1236_20260719;pressure_context_source=weather_openmeteo;transport=wifi_poll,
plants.soil,2026-07-27T22:53:37.596Z,2026-07-27 17:53:37.596,18157,2a89d4,8gtt1h,0.7.3,fleet_logger_0_1,549660034,UMLIFE_v2_TLC555,ch1,origplant,soil_moisture,1342,,,OK,,,983.3,,name=c5off1;level=well watered;role=disp;spread=19;gpio=4;device_seq=73285;time_source=device_synced;device_timestamp_utc=2026-07-27T22:53:32.086Z;config_id=170b1c1e;rssi=-57;uptime_s=549660;heap=152388;cal_tier=board-cal;cal_src=wet_rederive_1236_20260719;pressure_context_source=weather_openmeteo;transport=wifi_poll,
plants.soil,2026-07-27T22:53:37.596Z,2026-07-27 17:53:37.596,18158,2a89d4,8gtt1h,0.7.3,fleet_logger_0_1,549660034,UMLIFE_v2_TLC555,ch2,origplant,soil_moisture,1193,,,OK,,,983.3,,name=c5off1;level=overwatered;role=disp;spread=18;gpio=5;device_seq=73286;time_source=device_synced;device_timestamp_utc=2026-07-27T22:53:32.086Z;config_id=170b1c1e;rssi=-57;uptime_s=549660;heap=152388;cal_tier=board-cal;cal_src=wet_rederive_1236_20260719;pressure_context_source=weather_openmeteo;transport=wifi_poll,
plants.soil,2026-07-27T22:53:37.596Z,2026-07-27 17:53:37.596,18159,2a89d4,8gtt1h,0.7.3,fleet_logger_0_1,549660034,UMLIFE_v2_TLC555,ch3,origplant,soil_moisture,1582,,,OK,,,983.3,,name=c5off1;level=OK;role=disp;spread=26;gpio=6;device_seq=73287;time_source=device_synced;device_timestamp_utc=2026-07-27T22:53:32.086Z;config_id=170b1c1e;rssi=-57;uptime_s=549660;heap=152388;cal_tier=board-cal;cal_src=wet_rederive_1236_20260719;pressure_context_source=weather_openmeteo;transport=wifi_poll,
plants.env,2026-07-27T22:53:37.596Z,2026-07-27 17:53:37.596,18160,2a89d4,8gtt1h,0.7.3,fleet_logger_0_1,549660718,ESP32,esp32_die,on_chip,die_temp,,24.70,degC,OK,,,,,name=c5off1;source=esp32_die;cal=uncalibrated_board_proxy;api=temperatureRead;config_id=170b1c1e;transport=wifi_poll,
plants.soil,2026-07-27T22:54:08.098Z,2026-07-27 17:54:08.098,18161,2a89d4,8gtt1h,0.7.3,fleet_logger_0_1,549690034,UMLIFE_v2_TLC555,ch0,origplant,soil_moisture,1224,,,OK,,,983.3,,name=c5off1;level=overwatered;role=disp;spread=18;gpio=1;device_seq=73288;time_source=device_synced;device_timestamp_utc=2026-07-27T22:54:02.086Z;config_id=170b1c1e;rssi=-56;uptime_s=549690;heap=152400;cal_tier=board-cal;cal_src=wet_rederive_1236_20260719;pressure_context_source=weather_openmeteo;transport=wifi_poll,
plants.soil,2026-07-27T22:54:08.098Z,2026-07-27 17:54:08.098,18162,2a89d4,8gtt1h,0.7.3,fleet_logger_0_1,549690034,UMLIFE_v2_TLC555,ch1,origplant,soil_moisture,1344,,,OK,,,983.3,,name=c5off1;level=well watered;role=disp;spread=14;gpio=4;device_seq=73289;time_source=device_synced;device_timestamp_utc=2026-07-27T22:54:02.086Z;config_id=170b1c1e;rssi=-56;uptime_s=549690;heap=152400;cal_tier=board-cal;cal_src=wet_rederive_1236_20260719;pressure_context_source=weather_openmeteo;transport=wifi_poll,
plants.soil,2026-07-27T22:54:08.098Z,2026-07-27 17:54:08.098,18163,2a89d4,8gtt1h,0.7.3,fleet_logger_0_1,549690034,UMLIFE_v2_TLC555,ch2,origplant,soil_moisture,1191,,,OK,,,983.3,,name=c5off1;level=overwatered;role=disp;spread=23;gpio=5;device_seq=73290;time_source=device_synced;device_timestamp_utc=2026-07-27T22:54:02.086Z;config_id=170b1c1e;rssi=-56;uptime_s=549690;heap=152400;cal_tier=board-cal;cal_src=wet_rederive_1236_20260719;pressure_context_source=weather_openmeteo;transport=wifi_poll,
plants.soil,2026-07-27T22:54:08.098Z,2026-07-27 17:54:08.098,18164,2a89d4,8gtt1h,0.7.3,fleet_logger_0_1,549690034,UMLIFE_v2_TLC555,ch3,origplant,soil_moisture,1581,,,OK,,,983.3,,name=c5off1;level=OK;role=disp;spread=22;gpio=6;device_seq=73291;time_source=device_synced;device_timestamp_utc=2026-07-27T22:54:02.086Z;config_id=170b1c1e;rssi=-56;uptime_s=549690;heap=152400;cal_tier=board-cal;cal_src=wet_rederive_1236_20260719;pressure_context_source=weather_openmeteo;transport=wifi_poll,
plants.env,2026-07-27T22:54:08.098Z,2026-07-27 17:54:08.098,18165,2a89d4,8gtt1h,0.7.3,fleet_logger_0_1,549690718,ESP32,esp32_die,on_chip,die_temp,,24.70,degC,OK,,,,,name=c5off1;source=esp32_die;cal=uncalibrated_board_proxy;api=temperatureRead;config_id=170b1c1e;transport=wifi_poll,
plants.soil,2026-07-27T22:54:38.395Z,2026-07-27 17:54:38.395,18166,2a89d4,8gtt1h,0.7.3,fleet_logger_0_1,549720034,UMLIFE_v2_TLC555,ch0,origplant,soil_moisture,1227,,,OK,,,983.3,,name=c5off1;level=overwatered;role=disp;spread=6;gpio=1;device_seq=73292;time_source=device_synced;device_timestamp_utc=2026-07-27T22:54:32.086Z;config_id=170b1c1e;rssi=-59;uptime_s=549720;heap=152616;cal_tier=board-cal;cal_src=wet_rederive_1236_20260719;pressure_context_source=weather_openmeteo;transport=wifi_poll,
plants.soil,2026-07-27T22:54:38.395Z,2026-07-27 17:54:38.395,18167,2a89d4,8gtt1h,0.7.3,fleet_logger_0_1,549720034,UMLIFE_v2_TLC555,ch1,origplant,soil_moisture,1350,,,OK,,,983.3,,name=c5off1;level=well watered;role=disp;spread=30;gpio=4;device_seq=73293;time_source=device_synced;device_timestamp_utc=2026-07-27T22:54:32.086Z;config_id=170b1c1e;rssi=-59;uptime_s=549720;heap=152616;cal_tier=board-cal;cal_src=wet_rederive_1236_20260719;pressure_context_source=weather_openmeteo;transport=wifi_poll,
plants.soil,2026-07-27T22:54:38.395Z,2026-07-27 17:54:38.395,18168,2a89d4,8gtt1h,0.7.3,fleet_logger_0_1,549720034,UMLIFE_v2_TLC555,ch2,origplant,soil_moisture,1192,,,OK,,,983.3,,name=c5off1;level=overwatered;role=disp;spread=13;gpio=5;device_seq=73294;time_source=device_synced;device_timestamp_utc=2026-07-27T22:54:32.086Z;config_id=170b1c1e;rssi=-59;uptime_s=549720;heap=152616;cal_tier=board-cal;cal_src=wet_rederive_1236_20260719;pressure_context_source=weather_openmeteo;transport=wifi_poll,
plants.soil,2026-07-27T22:54:38.395Z,2026-07-27 17:54:38.395,18169,2a89d4,8gtt1h,0.7.3,fleet_logger_0_1,549720034,UMLIFE_v2_TLC555,ch3,origplant,soil_moisture,1581,,,OK,,,983.3,,name=c5off1;level=OK;role=disp;spread=30;gpio=6;device_seq=73295;time_source=device_synced;device_timestamp_utc=2026-07-27T22:54:32.086Z;config_id=170b1c1e;rssi=-59;uptime_s=549720;heap=152616;cal_tier=board-cal;cal_src=wet_rederive_1236_20260719;pressure_context_source=weather_openmeteo;transport=wifi_poll,
plants.env,2026-07-27T22:54:38.395Z,2026-07-27 17:54:38.395,18170,2a89d4,8gtt1h,0.7.3,fleet_logger_0_1,549720718,ESP32,esp32_die,on_chip,die_temp,,24.70,degC,OK,,,,,name=c5off1;source=esp32_die;cal=uncalibrated_board_proxy;api=temperatureRead;config_id=170b1c1e;transport=wifi_poll,
plants.soil,2026-07-27T22:55:08.614Z,2026-07-27 17:55:08.614,18171,2a89d4,8gtt1h,0.7.3,fleet_logger_0_1,549750034,UMLIFE_v2_TLC555,ch0,origplant,soil_moisture,1228,,,OK,,,983.3,,name=c5off1;level=overwatered;role=disp;spread=23;gpio=1;device_seq=73296;time_source=device_synced;device_timestamp_utc=2026-07-27T22:55:02.086Z;config_id=170b1c1e;rssi=-56;uptime_s=549750;heap=152620;cal_tier=board-cal;cal_src=wet_rederive_1236_20260719;pressure_context_source=weather_openmeteo;transport=wifi_poll,
plants.soil,2026-07-27T22:55:08.614Z,2026-07-27 17:55:08.614,18172,2a89d4,8gtt1h,0.7.3,fleet_logger_0_1,549750034,UMLIFE_v2_TLC555,ch1,origplant,soil_moisture,1355,,,OK,,,983.3,,name=c5off1;level=well watered;role=disp;spread=9;gpio=4;device_seq=73297;time_source=device_synced;device_timestamp_utc=2026-07-27T22:55:02.086Z;config_id=170b1c1e;rssi=-56;uptime_s=549750;heap=152620;cal_tier=board-cal;cal_src=wet_rederive_1236_20260719;pressure_context_source=weather_openmeteo;transport=wifi_poll,
plants.soil,2026-07-27T22:55:08.614Z,2026-07-27 17:55:08.614,18173,2a89d4,8gtt1h,0.7.3,fleet_logger_0_1,549750034,UMLIFE_v2_TLC555,ch2,origplant,soil_moisture,1191,,,OK,,,983.3,,name=c5off1;level=overwatered;role=disp;spread=25;gpio=5;device_seq=73298;time_source=device_synced;device_timestamp_utc=2026-07-27T22:55:02.086Z;config_id=170b1c1e;rssi=-56;uptime_s=549750;heap=152620;cal_tier=board-cal;cal_src=wet_rederive_1236_20260719;pressure_context_source=weather_openmeteo;transport=wifi_poll,
plants.soil,2026-07-27T22:55:08.614Z,2026-07-27 17:55:08.614,18174,2a89d4,8gtt1h,0.7.3,fleet_logger_0_1,549750034,UMLIFE_v2_TLC555,ch3,origplant,soil_moisture,1584,,,OK,,,983.3,,name=c5off1;level=OK;role=disp;spread=19;gpio=6;device_seq=73299;time_source=device_synced;device_timestamp_utc=2026-07-27T22:55:02.086Z;config_id=170b1c1e;rssi=-56;uptime_s=549750;heap=152620;cal_tier=board-cal;cal_src=wet_rederive_1236_20260719;pressure_context_source=weather_openmeteo;transport=wifi_poll,
plants.env,2026-07-27T22:55:08.614Z,2026-07-27 17:55:08.614,18175,2a89d4,8gtt1h,0.7.3,fleet_logger_0_1,549750718,ESP32,esp32_die,on_chip,die_temp,,24.70,degC,OK,,,,,name=c5off1;source=esp32_die;cal=uncalibrated_board_proxy;api=temperatureRead;config_id=170b1c1e;transport=wifi_poll,
plants.soil,2026-07-27T22:55:38.925Z,2026-07-27 17:55:38.925,18176,2a89d4,8gtt1h,0.7.3,fleet_logger_0_1,549780034,UMLIFE_v2_TLC555,ch0,origplant,soil_moisture,1226,,,OK,,,983.3,,name=c5off1;level=overwatered;role=disp;spread=14;gpio=1;device_seq=73300;time_source=device_synced;device_timestamp_utc=2026-07-27T22:55:32.086Z;config_id=170b1c1e;rssi=-57;uptime_s=549780;heap=152604;cal_tier=board-cal;cal_src=wet_rederive_1236_20260719;pressure_context_source=weather_openmeteo;transport=wifi_poll,
plants.soil,2026-07-27T22:55:38.925Z,2026-07-27 17:55:38.925,18177,2a89d4,8gtt1h,0.7.3,fleet_logger_0_1,549780034,UMLIFE_v2_TLC555,ch1,origplant,soil_moisture,1355,,,OK,,,983.3,,name=c5off1;level=well watered;role=disp;spread=21;gpio=4;device_seq=73301;time_source=device_synced;device_timestamp_utc=2026-07-27T22:55:32.086Z;config_id=170b1c1e;rssi=-57;uptime_s=549780;heap=152604;cal_tier=board-cal;cal_src=wet_rederive_1236_20260719;pressure_context_source=weather_openmeteo;transport=wifi_poll,
plants.soil,2026-07-27T22:55:38.925Z,2026-07-27 17:55:38.925,18178,2a89d4,8gtt1h,0.7.3,fleet_logger_0_1,549780034,UMLIFE_v2_TLC555,ch2,origplant,soil_moisture,1194,,,OK,,,983.3,,name=c5off1;level=overwatered;role=disp;spread=13;gpio=5;device_seq=73302;time_source=device_synced;device_timestamp_utc=2026-07-27T22:55:32.086Z;config_id=170b1c1e;rssi=-57;uptime_s=549780;heap=152604;cal_tier=board-cal;cal_src=wet_rederive_1236_20260719;pressure_context_source=weather_openmeteo;transport=wifi_poll,
plants.soil,2026-07-27T22:55:38.925Z,2026-07-27 17:55:38.925,18179,2a89d4,8gtt1h,0.7.3,fleet_logger_0_1,549780034,UMLIFE_v2_TLC555,ch3,origplant,soil_moisture,1592,,,OK,,,983.3,,name=c5off1;level=OK;role=disp;spread=10;gpio=6;device_seq=73303;time_source=device_synced;device_timestamp_utc=2026-07-27T22:55:32.086Z;config_id=170b1c1e;rssi=-57;uptime_s=549780;heap=152604;cal_tier=board-cal;cal_src=wet_rederive_1236_20260719;pressure_context_source=weather_openmeteo;transport=wifi_poll,
plants.env,2026-07-27T22:55:38.925Z,2026-07-27 17:55:38.925,18180,2a89d4,8gtt1h,0.7.3,fleet_logger_0_1,549780718,ESP32,esp32_die,on_chip,die_temp,,24.70,degC,OK,,,,,name=c5off1;source=esp32_die;cal=uncalibrated_board_proxy;api=temperatureRead;config_id=170b1c1e;transport=wifi_poll,
plants.soil,2026-07-27T22:56:09.235Z,2026-07-27 17:56:09.235,18181,2a89d4,8gtt1h,0.7.3,fleet_logger_0_1,549810035,UMLIFE_v2_TLC555,ch0,origplant,soil_moisture,1227,,,OK,,,983.3,,name=c5off1;level=overwatered;role=disp;spread=7;gpio=1;device_seq=73304;time_source=device_synced;device_timestamp_utc=2026-07-27T22:56:02.087Z;config_id=170b1c1e;rssi=-57;uptime_s=549810;heap=152596;cal_tier=board-cal;cal_src=wet_rederive_1236_20260719;pressure_context_source=weather_openmeteo;transport=wifi_poll,
plants.soil,2026-07-27T22:56:09.235Z,2026-07-27 17:56:09.235,18182,2a89d4,8gtt1h,0.7.3,fleet_logger_0_1,549810035,UMLIFE_v2_TLC555,ch1,origplant,soil_moisture,1357,,,OK,,,983.3,,name=c5off1;level=well watered;role=disp;spread=6;gpio=4;device_seq=73305;time_source=device_synced;device_timestamp_utc=2026-07-27T22:56:02.087Z;config_id=170b1c1e;rssi=-57;uptime_s=549810;heap=152596;cal_tier=board-cal;cal_src=wet_rederive_1236_20260719;pressure_context_source=weather_openmeteo;transport=wifi_poll,
plants.soil,2026-07-27T22:56:09.235Z,2026-07-27 17:56:09.235,18183,2a89d4,8gtt1h,0.7.3,fleet_logger_0_1,549810035,UMLIFE_v2_TLC555,ch2,origplant,soil_moisture,1194,,,OK,,,983.3,,name=c5off1;level=overwatered;role=disp;spread=14;gpio=5;device_seq=73306;time_source=device_synced;device_timestamp_utc=2026-07-27T22:56:02.087Z;config_id=170b1c1e;rssi=-57;uptime_s=549810;heap=152596;cal_tier=board-cal;cal_src=wet_rederive_1236_20260719;pressure_context_source=weather_openmeteo;transport=wifi_poll,
plants.soil,2026-07-27T22:56:09.235Z,2026-07-27 17:56:09.235,18184,2a89d4,8gtt1h,0.7.3,fleet_logger_0_1,549810035,UMLIFE_v2_TLC555,ch3,origplant,soil_moisture,1601,,,OK,,,983.3,,name=c5off1;level=OK;role=disp;spread=23;gpio=6;device_seq=73307;time_source=device_synced;device_timestamp_utc=2026-07-27T22:56:02.087Z;config_id=170b1c1e;rssi=-57;uptime_s=549810;heap=152596;cal_tier=board-cal;cal_src=wet_rederive_1236_20260719;pressure_context_source=weather_openmeteo;transport=wifi_poll,
plants.env,2026-07-27T22:56:09.235Z,2026-07-27 17:56:09.235,18185,2a89d4,8gtt1h,0.7.3,fleet_logger_0_1,549810719,ESP32,esp32_die,on_chip,die_temp,,24.70,degC,OK,,,,,name=c5off1;source=esp32_die;cal=uncalibrated_board_proxy;api=temperatureRead;config_id=170b1c1e;transport=wifi_poll,
plants.soil,2026-07-27T22:56:39.748Z,2026-07-27 17:56:39.748,18186,2a89d4,8gtt1h,0.7.3,fleet_logger_0_1,549840035,UMLIFE_v2_TLC555,ch0,origplant,soil_moisture,1226,,,OK,,,983.3,,name=c5off1;level=overwatered;role=disp;spread=17;gpio=1;device_seq=73308;time_source=device_synced;device_timestamp_utc=2026-07-27T22:56:32.087Z;config_id=170b1c1e;rssi=-56;uptime_s=549840;heap=152352;cal_tier=board-cal;cal_src=wet_rederive_1236_20260719;pressure_context_source=weather_openmeteo;transport=wifi_poll,
plants.soil,2026-07-27T22:56:39.748Z,2026-07-27 17:56:39.748,18187,2a89d4,8gtt1h,0.7.3,fleet_logger_0_1,549840035,UMLIFE_v2_TLC555,ch1,origplant,soil_moisture,1355,,,OK,,,983.3,,name=c5off1;level=well watered;role=disp;spread=20;gpio=4;device_seq=73309;time_source=device_synced;device_timestamp_utc=2026-07-27T22:56:32.087Z;config_id=170b1c1e;rssi=-56;uptime_s=549840;heap=152352;cal_tier=board-cal;cal_src=wet_rederive_1236_20260719;pressure_context_source=weather_openmeteo;transport=wifi_poll,
plants.soil,2026-07-27T22:56:39.748Z,2026-07-27 17:56:39.748,18188,2a89d4,8gtt1h,0.7.3,fleet_logger_0_1,549840035,UMLIFE_v2_TLC555,ch2,origplant,soil_moisture,1192,,,OK,,,983.3,,name=c5off1;level=overwatered;role=disp;spread=9;gpio=5;device_seq=73310;time_source=device_synced;device_timestamp_utc=2026-07-27T22:56:32.087Z;config_id=170b1c1e;rssi=-56;uptime_s=549840;heap=152352;cal_tier=board-cal;cal_src=wet_rederive_1236_20260719;pressure_context_source=weather_openmeteo;transport=wifi_poll,
plants.soil,2026-07-27T22:56:39.748Z,2026-07-27 17:56:39.748,18189,2a89d4,8gtt1h,0.7.3,fleet_logger_0_1,549840035,UMLIFE_v2_TLC555,ch3,origplant,soil_moisture,1601,,,OK,,,983.3,,name=c5off1;level=OK;role=disp;spread=25;gpio=6;device_seq=73311;time_source=device_synced;device_timestamp_utc=2026-07-27T22:56:32.087Z;config_id=170b1c1e;rssi=-56;uptime_s=549840;heap=152352;cal_tier=board-cal;cal_src=wet_rederive_1236_20260719;pressure_context_source=weather_openmeteo;transport=wifi_poll,
plants.env,2026-07-27T22:56:39.748Z,2026-07-27 17:56:39.748,18190,2a89d4,8gtt1h,0.7.3,fleet_logger_0_1,549840719,ESP32,esp32_die,on_chip,die_temp,,24.70,degC,OK,,,,,name=c5off1;source=esp32_die;cal=uncalibrated_board_proxy;api=temperatureRead;config_id=170b1c1e;transport=wifi_poll,
plants.soil,2026-07-27T22:57:10.240Z,2026-07-27 17:57:10.240,18191,2a89d4,8gtt1h,0.7.3,fleet_logger_0_1,549870035,UMLIFE_v2_TLC555,ch0,origplant,soil_moisture,1226,,,OK,,,983.3,,name=c5off1;level=overwatered;role=disp;spread=9;gpio=1;device_seq=73312;time_source=device_synced;device_timestamp_utc=2026-07-27T22:57:02.087Z;config_id=170b1c1e;rssi=-56;uptime_s=549870;heap=152340;cal_tier=board-cal;cal_src=wet_rederive_1236_20260719;pressure_context_source=weather_openmeteo;transport=wifi_poll,
plants.soil,2026-07-27T22:57:10.240Z,2026-07-27 17:57:10.240,18192,2a89d4,8gtt1h,0.7.3,fleet_logger_0_1,549870035,UMLIFE_v2_TLC555,ch1,origplant,soil_moisture,1356,,,OK,,,983.3,,name=c5off1;level=well watered;role=disp;spread=11;gpio=4;device_seq=73313;time_source=device_synced;device_timestamp_utc=2026-07-27T22:57:02.087Z;config_id=170b1c1e;rssi=-56;uptime_s=549870;heap=152340;cal_tier=board-cal;cal_src=wet_rederive_1236_20260719;pressure_context_source=weather_openmeteo;transport=wifi_poll,
plants.soil,2026-07-27T22:57:10.240Z,2026-07-27 17:57:10.240,18193,2a89d4,8gtt1h,0.7.3,fleet_logger_0_1,549870035,UMLIFE_v2_TLC555,ch2,origplant,soil_moisture,1194,,,OK,,,983.3,,name=c5off1;level=overwatered;role=disp;spread=20;gpio=5;device_seq=73314;time_source=device_synced;device_timestamp_utc=2026-07-27T22:57:02.087Z;config_id=170b1c1e;rssi=-56;uptime_s=549870;heap=152340;cal_tier=board-cal;cal_src=wet_rederive_1236_20260719;pressure_context_source=weather_openmeteo;transport=wifi_poll,
plants.soil,2026-07-27T22:57:10.240Z,2026-07-27 17:57:10.240,18194,2a89d4,8gtt1h,0.7.3,fleet_logger_0_1,549870035,UMLIFE_v2_TLC555,ch3,origplant,soil_moisture,1601,,,OK,,,983.3,,name=c5off1;level=OK;role=disp;spread=16;gpio=6;device_seq=73315;time_source=device_synced;device_timestamp_utc=2026-07-27T22:57:02.087Z;config_id=170b1c1e;rssi=-56;uptime_s=549870;heap=152340;cal_tier=board-cal;cal_src=wet_rederive_1236_20260719;pressure_context_source=weather_openmeteo;transport=wifi_poll,
plants.env,2026-07-27T22:57:10.240Z,2026-07-27 17:57:10.240,18195,2a89d4,8gtt1h,0.7.3,fleet_logger_0_1,549870720,ESP32,esp32_die,on_chip,die_temp,,24.70,degC,OK,,,,,name=c5off1;source=esp32_die;cal=uncalibrated_board_proxy;api=temperatureRead;config_id=170b1c1e;transport=wifi_poll,
plants.soil,2026-07-27T22:57:40.479Z,2026-07-27 17:57:40.479,18196,2a89d4,8gtt1h,0.7.3,fleet_logger_0_1,549900035,UMLIFE_v2_TLC555,ch0,origplant,soil_moisture,1229,,,OK,,,983.3,,name=c5off1;level=overwatered;role=disp;spread=27;gpio=1;device_seq=73316;time_source=device_synced;device_timestamp_utc=2026-07-27T22:57:32.087Z;config_id=170b1c1e;rssi=-56;uptime_s=549900;heap=152656;cal_tier=board-cal;cal_src=wet_rederive_1236_20260719;pressure_context_source=weather_openmeteo;transport=wifi_poll,
plants.soil,2026-07-27T22:57:40.479Z,2026-07-27 17:57:40.479,18197,2a89d4,8gtt1h,0.7.3,fleet_logger_0_1,549900035,UMLIFE_v2_TLC555,ch1,origplant,soil_moisture,1355,,,OK,,,983.3,,name=c5off1;level=well watered;role=disp;spread=26;gpio=4;device_seq=73317;time_source=device_synced;device_timestamp_utc=2026-07-27T22:57:32.087Z;config_id=170b1c1e;rssi=-56;uptime_s=549900;heap=152656;cal_tier=board-cal;cal_src=wet_rederive_1236_20260719;pressure_context_source=weather_openmeteo;transport=wifi_poll,
plants.soil,2026-07-27T22:57:40.479Z,2026-07-27 17:57:40.479,18198,2a89d4,8gtt1h,0.7.3,fleet_logger_0_1,549900035,UMLIFE_v2_TLC555,ch2,origplant,soil_moisture,1193,,,OK,,,983.3,,name=c5off1;level=overwatered;role=disp;spread=26;gpio=5;device_seq=73318;time_source=device_synced;device_timestamp_utc=2026-07-27T22:57:32.087Z;config_id=170b1c1e;rssi=-56;uptime_s=549900;heap=152656;cal_tier=board-cal;cal_src=wet_rederive_1236_20260719;pressure_context_source=weather_openmeteo;transport=wifi_poll,
plants.soil,2026-07-27T22:57:40.479Z,2026-07-27 17:57:40.479,18199,2a89d4,8gtt1h,0.7.3,fleet_logger_0_1,549900035,UMLIFE_v2_TLC555,ch3,origplant,soil_moisture,1601,,,OK,,,983.3,,name=c5off1;level=OK;role=disp;spread=15;gpio=6;device_seq=73319;time_source=device_synced;device_timestamp_utc=2026-07-27T22:57:32.087Z;config_id=170b1c1e;rssi=-56;uptime_s=549900;heap=152656;cal_tier=board-cal;cal_src=wet_rederive_1236_20260719;pressure_context_source=weather_openmeteo;transport=wifi_poll,
plants.env,2026-07-27T22:57:40.479Z,2026-07-27 17:57:40.479,18200,2a89d4,8gtt1h,0.7.3,fleet_logger_0_1,549900719,ESP32,esp32_die,on_chip,die_temp,,24.70,degC,OK,,,,,name=c5off1;source=esp32_die;cal=uncalibrated_board_proxy;api=temperatureRead;config_id=170b1c1e;transport=wifi_poll,
plants.soil,2026-07-27T22:58:10.774Z,2026-07-27 17:58:10.774,18201,2a89d4,8gtt1h,0.7.3,fleet_logger_0_1,549930035,UMLIFE_v2_TLC555,ch0,origplant,soil_moisture,1227,,,OK,,,983.3,,name=c5off1;level=overwatered;role=disp;spread=11;gpio=1;device_seq=73320;time_source=device_synced;device_timestamp_utc=2026-07-27T22:58:02.087Z;config_id=170b1c1e;rssi=-57;uptime_s=549930;heap=152644;cal_tier=board-cal;cal_src=wet_rederive_1236_20260719;pressure_context_source=weather_openmeteo;transport=wifi_poll,
plants.soil,2026-07-27T22:58:10.774Z,2026-07-27 17:58:10.774,18202,2a89d4,8gtt1h,0.7.3,fleet_logger_0_1,549930035,UMLIFE_v2_TLC555,ch1,origplant,soil_moisture,1358,,,OK,,,983.3,,name=c5off1;level=well watered;role=disp;spread=11;gpio=4;device_seq=73321;time_source=device_synced;device_timestamp_utc=2026-07-27T22:58:02.087Z;config_id=170b1c1e;rssi=-57;uptime_s=549930;heap=152644;cal_tier=board-cal;cal_src=wet_rederive_1236_20260719;pressure_context_source=weather_openmeteo;transport=wifi_poll,
plants.soil,2026-07-27T22:58:10.774Z,2026-07-27 17:58:10.774,18203,2a89d4,8gtt1h,0.7.3,fleet_logger_0_1,549930035,UMLIFE_v2_TLC555,ch2,origplant,soil_moisture,1196,,,OK,,,983.3,,name=c5off1;level=overwatered;role=disp;spread=18;gpio=5;device_seq=73322;time_source=device_synced;device_timestamp_utc=2026-07-27T22:58:02.087Z;config_id=170b1c1e;rssi=-57;uptime_s=549930;heap=152644;cal_tier=board-cal;cal_src=wet_rederive_1236_20260719;pressure_context_source=weather_openmeteo;transport=wifi_poll,
plants.soil,2026-07-27T22:58:10.774Z,2026-07-27 17:58:10.774,18204,2a89d4,8gtt1h,0.7.3,fleet_logger_0_1,549930035,UMLIFE_v2_TLC555,ch3,origplant,soil_moisture,1603,,,OK,,,983.3,,name=c5off1;level=OK;role=disp;spread=17;gpio=6;device_seq=73323;time_source=device_synced;device_timestamp_utc=2026-07-27T22:58:02.087Z;config_id=170b1c1e;rssi=-57;uptime_s=549930;heap=152644;cal_tier=board-cal;cal_src=wet_rederive_1236_20260719;pressure_context_source=weather_openmeteo;transport=wifi_poll,
plants.env,2026-07-27T22:58:10.774Z,2026-07-27 17:58:10.774,18205,2a89d4,8gtt1h,0.7.3,fleet_logger_0_1,549930719,ESP32,esp32_die,on_chip,die_temp,,24.70,degC,OK,,,,,name=c5off1;source=esp32_die;cal=uncalibrated_board_proxy;api=temperatureRead;config_id=170b1c1e;transport=wifi_poll,
plants.soil,2026-07-27T22:58:41.094Z,2026-07-27 17:58:41.094,18206,2a89d4,8gtt1h,0.7.3,fleet_logger_0_1,549960035,UMLIFE_v2_TLC555,ch0,origplant,soil_moisture,1227,,,OK,,,983.3,,name=c5off1;level=overwatered;role=disp;spread=19;gpio=1;device_seq=73324;time_source=device_synced;device_timestamp_utc=2026-07-27T22:58:32.087Z;config_id=170b1c1e;rssi=-58;uptime_s=549960;heap=152656;cal_tier=board-cal;cal_src=wet_rederive_1236_20260719;pressure_context_source=weather_openmeteo;transport=wifi_poll,
plants.soil,2026-07-27T22:58:41.094Z,2026-07-27 17:58:41.094,18207,2a89d4,8gtt1h,0.7.3,fleet_logger_0_1,549960035,UMLIFE_v2_TLC555,ch1,origplant,soil_moisture,1357,,,OK,,,983.3,,name=c5off1;level=well watered;role=disp;spread=25;gpio=4;device_seq=73325;time_source=device_synced;device_timestamp_utc=2026-07-27T22:58:32.087Z;config_id=170b1c1e;rssi=-58;uptime_s=549960;heap=152656;cal_tier=board-cal;cal_src=wet_rederive_1236_20260719;pressure_context_source=weather_openmeteo;transport=wifi_poll,
plants.soil,2026-07-27T22:58:41.094Z,2026-07-27 17:58:41.094,18208,2a89d4,8gtt1h,0.7.3,fleet_logger_0_1,549960035,UMLIFE_v2_TLC555,ch2,origplant,soil_moisture,1192,,,OK,,,983.3,,name=c5off1;level=overwatered;role=disp;spread=12;gpio=5;device_seq=73326;time_source=device_synced;device_timestamp_utc=2026-07-27T22:58:32.087Z;config_id=170b1c1e;rssi=-58;uptime_s=549960;heap=152656;cal_tier=board-cal;cal_src=wet_rederive_1236_20260719;pressure_context_source=weather_openmeteo;transport=wifi_poll,
plants.soil,2026-07-27T22:58:41.094Z,2026-07-27 17:58:41.094,18209,2a89d4,8gtt1h,0.7.3,fleet_logger_0_1,549960035,UMLIFE_v2_TLC555,ch3,origplant,soil_moisture,1601,,,OK,,,983.3,,name=c5off1;level=OK;role=disp;spread=23;gpio=6;device_seq=73327;time_source=device_synced;device_timestamp_utc=2026-07-27T22:58:32.087Z;config_id=170b1c1e;rssi=-58;uptime_s=549960;heap=152656;cal_tier=board-cal;cal_src=wet_rederive_1236_20260719;pressure_context_source=weather_openmeteo;transport=wifi_poll,
plants.env,2026-07-27T22:58:41.094Z,2026-07-27 17:58:41.094,18210,2a89d4,8gtt1h,0.7.3,fleet_logger_0_1,549960719,ESP32,esp32_die,on_chip,die_temp,,24.70,degC,OK,,,,,name=c5off1;source=esp32_die;cal=uncalibrated_board_proxy;api=temperatureRead;config_id=170b1c1e;transport=wifi_poll,
plants.soil,2026-07-27T22:59:11.525Z,2026-07-27 17:59:11.525,18211,2a89d4,8gtt1h,0.7.3,fleet_logger_0_1,549990035,UMLIFE_v2_TLC555,ch0,origplant,soil_moisture,1228,,,OK,,,983.3,,name=c5off1;level=overwatered;role=disp;spread=16;gpio=1;device_seq=73328;time_source=device_synced;device_timestamp_utc=2026-07-27T22:59:02.087Z;config_id=170b1c1e;rssi=-57;uptime_s=549990;heap=152656;cal_tier=board-cal;cal_src=wet_rederive_1236_20260719;pressure_context_source=weather_openmeteo;transport=wifi_poll,
plants.soil,2026-07-27T22:59:11.525Z,2026-07-27 17:59:11.525,18212,2a89d4,8gtt1h,0.7.3,fleet_logger_0_1,549990035,UMLIFE_v2_TLC555,ch1,origplant,soil_moisture,1355,,,OK,,,983.3,,name=c5off1;level=well watered;role=disp;spread=13;gpio=4;device_seq=73329;time_source=device_synced;device_timestamp_utc=2026-07-27T22:59:02.087Z;config_id=170b1c1e;rssi=-57;uptime_s=549990;heap=152656;cal_tier=board-cal;cal_src=wet_rederive_1236_20260719;pressure_context_source=weather_openmeteo;transport=wifi_poll,
plants.soil,2026-07-27T22:59:11.525Z,2026-07-27 17:59:11.525,18213,2a89d4,8gtt1h,0.7.3,fleet_logger_0_1,549990035,UMLIFE_v2_TLC555,ch2,origplant,soil_moisture,1196,,,OK,,,983.3,,name=c5off1;level=overwatered;role=disp;spread=12;gpio=5;device_seq=73330;time_source=device_synced;device_timestamp_utc=2026-07-27T22:59:02.087Z;config_id=170b1c1e;rssi=-57;uptime_s=549990;heap=152656;cal_tier=board-cal;cal_src=wet_rederive_1236_20260719;pressure_context_source=weather_openmeteo;transport=wifi_poll,
plants.soil,2026-07-27T22:59:11.525Z,2026-07-27 17:59:11.525,18214,2a89d4,8gtt1h,0.7.3,fleet_logger_0_1,549990035,UMLIFE_v2_TLC555,ch3,origplant,soil_moisture,1599,,,OK,,,983.3,,name=c5off1;level=OK;role=disp;spread=34;gpio=6;device_seq=73331;time_source=device_synced;device_timestamp_utc=2026-07-27T22:59:02.087Z;config_id=170b1c1e;rssi=-57;uptime_s=549990;heap=152656;cal_tier=board-cal;cal_src=wet_rederive_1236_20260719;pressure_context_source=weather_openmeteo;transport=wifi_poll,
plants.env,2026-07-27T22:59:11.525Z,2026-07-27 17:59:11.525,18215,2a89d4,8gtt1h,0.7.3,fleet_logger_0_1,549990719,ESP32,esp32_die,on_chip,die_temp,,24.70,degC,OK,,,,,name=c5off1;source=esp32_die;cal=uncalibrated_board_proxy;api=temperatureRead;config_id=170b1c1e;transport=wifi_poll,
plants.soil,2026-07-27T22:59:42.023Z,2026-07-27 17:59:42.023,18216,2a89d4,8gtt1h,0.7.3,fleet_logger_0_1,550020035,UMLIFE_v2_TLC555,ch0,origplant,soil_moisture,1225,,,OK,,,983.3,,name=c5off1;level=overwatered;role=disp;spread=5;gpio=1;device_seq=73332;time_source=device_synced;device_timestamp_utc=2026-07-27T22:59:32.087Z;config_id=170b1c1e;rssi=-56;uptime_s=550020;heap=152412;cal_tier=board-cal;cal_src=wet_rederive_1236_20260719;pressure_context_source=weather_openmeteo;transport=wifi_poll,
plants.soil,2026-07-27T22:59:42.023Z,2026-07-27 17:59:42.023,18217,2a89d4,8gtt1h,0.7.3,fleet_logger_0_1,550020035,UMLIFE_v2_TLC555,ch1,origplant,soil_moisture,1359,,,OK,,,983.3,,name=c5off1;level=well watered;role=disp;spread=28;gpio=4;device_seq=73333;time_source=device_synced;device_timestamp_utc=2026-07-27T22:59:32.087Z;config_id=170b1c1e;rssi=-56;uptime_s=550020;heap=152412;cal_tier=board-cal;cal_src=wet_rederive_1236_20260719;pressure_context_source=weather_openmeteo;transport=wifi_poll,
plants.soil,2026-07-27T22:59:42.023Z,2026-07-27 17:59:42.023,18218,2a89d4,8gtt1h,0.7.3,fleet_logger_0_1,550020035,UMLIFE_v2_TLC555,ch2,origplant,soil_moisture,1195,,,OK,,,983.3,,name=c5off1;level=overwatered;role=disp;spread=28;gpio=5;device_seq=73334;time_source=device_synced;device_timestamp_utc=2026-07-27T22:59:32.087Z;config_id=170b1c1e;rssi=-56;uptime_s=550020;heap=152412;cal_tier=board-cal;cal_src=wet_rederive_1236_20260719;pressure_context_source=weather_openmeteo;transport=wifi_poll,
plants.soil,2026-07-27T22:59:42.023Z,2026-07-27 17:59:42.023,18219,2a89d4,8gtt1h,0.7.3,fleet_logger_0_1,550020035,UMLIFE_v2_TLC555,ch3,origplant,soil_moisture,1600,,,OK,,,983.3,,name=c5off1;level=OK;role=disp;spread=17;gpio=6;device_seq=73335;time_source=device_synced;device_timestamp_utc=2026-07-27T22:59:32.087Z;config_id=170b1c1e;rssi=-56;uptime_s=550020;heap=152412;cal_tier=board-cal;cal_src=wet_rederive_1236_20260719;pressure_context_source=weather_openmeteo;transport=wifi_poll,
plants.env,2026-07-27T22:59:42.023Z,2026-07-27 17:59:42.023,18220,2a89d4,8gtt1h,0.7.3,fleet_logger_0_1,550020719,ESP32,esp32_die,on_chip,die_temp,,24.70,degC,OK,,,,,name=c5off1;source=esp32_die;cal=uncalibrated_board_proxy;api=temperatureRead;config_id=170b1c1e;transport=wifi_poll,
plants.soil,2026-07-27T23:00:12.329Z,2026-07-27 18:00:12.329,18221,2a89d4,8gtt1h,0.7.3,fleet_logger_0_1,550050035,UMLIFE_v2_TLC555,ch0,origplant,soil_moisture,1226,,,OK,,,983.3,,name=c5off1;level=overwatered;role=disp;spread=21;gpio=1;device_seq=73336;time_source=device_synced;device_timestamp_utc=2026-07-27T23:00:02.087Z;config_id=170b1c1e;rssi=-58;uptime_s=550050;heap=152412;cal_tier=board-cal;cal_src=wet_rederive_1236_20260719;pressure_context_source=weather_openmeteo;transport=wifi_poll,
plants.soil,2026-07-27T23:00:12.329Z,2026-07-27 18:00:12.329,18222,2a89d4,8gtt1h,0.7.3,fleet_logger_0_1,550050035,UMLIFE_v2_TLC555,ch1,origplant,soil_moisture,1356,,,OK,,,983.3,,name=c5off1;level=well watered;role=disp;spread=18;gpio=4;device_seq=73337;time_source=device_synced;device_timestamp_utc=2026-07-27T23:00:02.087Z;config_id=170b1c1e;rssi=-58;uptime_s=550050;heap=152412;cal_tier=board-cal;cal_src=wet_rederive_1236_20260719;pressure_context_source=weather_openmeteo;transport=wifi_poll,
plants.soil,2026-07-27T23:00:12.329Z,2026-07-27 18:00:12.329,18223,2a89d4,8gtt1h,0.7.3,fleet_logger_0_1,550050035,UMLIFE_v2_TLC555,ch2,origplant,soil_moisture,1194,,,OK,,,983.3,,name=c5off1;level=overwatered;role=disp;spread=23;gpio=5;device_seq=73338;time_source=device_synced;device_timestamp_utc=2026-07-27T23:00:02.087Z;config_id=170b1c1e;rssi=-58;uptime_s=550050;heap=152412;cal_tier=board-cal;cal_src=wet_rederive_1236_20260719;pressure_context_source=weather_openmeteo;transport=wifi_poll,
plants.soil,2026-07-27T23:00:12.329Z,2026-07-27 18:00:12.329,18224,2a89d4,8gtt1h,0.7.3,fleet_logger_0_1,550050035,UMLIFE_v2_TLC555,ch3,origplant,soil_moisture,1598,,,OK,,,983.3,,name=c5off1;level=OK;role=disp;spread=22;gpio=6;device_seq=73339;time_source=device_synced;device_timestamp_utc=2026-07-27T23:00:02.087Z;config_id=170b1c1e;rssi=-58;uptime_s=550050;heap=152412;cal_tier=board-cal;cal_src=wet_rederive_1236_20260719;pressure_context_source=weather_openmeteo;transport=wifi_poll,
plants.env,2026-07-27T23:00:12.329Z,2026-07-27 18:00:12.329,18225,2a89d4,8gtt1h,0.7.3,fleet_logger_0_1,550050719,ESP32,esp32_die,on_chip,die_temp,,24.70,degC,OK,,,,,name=c5off1;source=esp32_die;cal=uncalibrated_board_proxy;api=temperatureRead;config_id=170b1c1e;transport=wifi_poll,
plants.soil,2026-07-27T23:00:42.825Z,2026-07-27 18:00:42.825,18226,2a89d4,8gtt1h,0.7.3,fleet_logger_0_1,550080035,UMLIFE_v2_TLC555,ch0,origplant,soil_moisture,1227,,,OK,,,983.3,,name=c5off1;level=overwatered;role=disp;spread=12;gpio=1;device_seq=73340;time_source=device_synced;device_timestamp_utc=2026-07-27T23:00:32.087Z;config_id=170b1c1e;rssi=-58;uptime_s=550080;heap=152656;cal_tier=board-cal;cal_src=wet_rederive_1236_20260719;pressure_context_source=weather_openmeteo;transport=wifi_poll,
plants.soil,2026-07-27T23:00:42.825Z,2026-07-27 18:00:42.825,18227,2a89d4,8gtt1h,0.7.3,fleet_logger_0_1,550080035,UMLIFE_v2_TLC555,ch1,origplant,soil_moisture,1356,,,OK,,,983.3,,name=c5off1;level=well watered;role=disp;spread=15;gpio=4;device_seq=73341;time_source=device_synced;device_timestamp_utc=2026-07-27T23:00:32.087Z;config_id=170b1c1e;rssi=-58;uptime_s=550080;heap=152656;cal_tier=board-cal;cal_src=wet_rederive_1236_20260719;pressure_context_source=weather_openmeteo;transport=wifi_poll,
plants.soil,2026-07-27T23:00:42.825Z,2026-07-27 18:00:42.825,18228,2a89d4,8gtt1h,0.7.3,fleet_logger_0_1,550080035,UMLIFE_v2_TLC555,ch2,origplant,soil_moisture,1195,,,OK,,,983.3,,name=c5off1;level=overwatered;role=disp;spread=20;gpio=5;device_seq=73342;time_source=device_synced;device_timestamp_utc=2026-07-27T23:00:32.087Z;config_id=170b1c1e;rssi=-58;uptime_s=550080;heap=152656;cal_tier=board-cal;cal_src=wet_rederive_1236_20260719;pressure_context_source=weather_openmeteo;transport=wifi_poll,
plants.soil,2026-07-27T23:00:42.825Z,2026-07-27 18:00:42.825,18229,2a89d4,8gtt1h,0.7.3,fleet_logger_0_1,550080035,UMLIFE_v2_TLC555,ch3,origplant,soil_moisture,1597,,,OK,,,983.3,,name=c5off1;level=OK;role=disp;spread=31;gpio=6;device_seq=73343;time_source=device_synced;device_timestamp_utc=2026-07-27T23:00:32.087Z;config_id=170b1c1e;rssi=-58;uptime_s=550080;heap=152656;cal_tier=board-cal;cal_src=wet_rederive_1236_20260719;pressure_context_source=weather_openmeteo;transport=wifi_poll,
plants.env,2026-07-27T23:00:42.825Z,2026-07-27 18:00:42.825,18230,2a89d4,8gtt1h,0.7.3,fleet_logger_0_1,550080719,ESP32,esp32_die,on_chip,die_temp,,24.70,degC,OK,,,,,name=c5off1;source=esp32_die;cal=uncalibrated_board_proxy;api=temperatureRead;config_id=170b1c1e;transport=wifi_poll,
plants.soil,2026-07-27T23:01:13.150Z,2026-07-27 18:01:13.150,18231,2a89d4,8gtt1h,0.7.3,fleet_logger_0_1,550110035,UMLIFE_v2_TLC555,ch0,origplant,soil_moisture,1225,,,OK,,,983.3,,name=c5off1;level=overwatered;role=disp;spread=13;gpio=1;device_seq=73344;time_source=device_synced;device_timestamp_utc=2026-07-27T23:01:02.087Z;config_id=170b1c1e;rssi=-57;uptime_s=550110;heap=152612;cal_tier=board-cal;cal_src=wet_rederive_1236_20260719;pressure_context_source=weather_openmeteo;transport=wifi_poll,
plants.soil,2026-07-27T23:01:13.150Z,2026-07-27 18:01:13.150,18232,2a89d4,8gtt1h,0.7.3,fleet_logger_0_1,550110035,UMLIFE_v2_TLC555,ch1,origplant,soil_moisture,1356,,,OK,,,983.3,,name=c5off1;level=well watered;role=disp;spread=29;gpio=4;device_seq=73345;time_source=device_synced;device_timestamp_utc=2026-07-27T23:01:02.087Z;config_id=170b1c1e;rssi=-57;uptime_s=550110;heap=152612;cal_tier=board-cal;cal_src=wet_rederive_1236_20260719;pressure_context_source=weather_openmeteo;transport=wifi_poll,
plants.soil,2026-07-27T23:01:13.150Z,2026-07-27 18:01:13.150,18233,2a89d4,8gtt1h,0.7.3,fleet_logger_0_1,550110035,UMLIFE_v2_TLC555,ch2,origplant,soil_moisture,1196,,,OK,,,983.3,,name=c5off1;level=overwatered;role=disp;spread=24;gpio=5;device_seq=73346;time_source=device_synced;device_timestamp_utc=2026-07-27T23:01:02.087Z;config_id=170b1c1e;rssi=-57;uptime_s=550110;heap=152612;cal_tier=board-cal;cal_src=wet_rederive_1236_20260719;pressure_context_source=weather_openmeteo;transport=wifi_poll,
plants.soil,2026-07-27T23:01:13.150Z,2026-07-27 18:01:13.150,18234,2a89d4,8gtt1h,0.7.3,fleet_logger_0_1,550110035,UMLIFE_v2_TLC555,ch3,origplant,soil_moisture,1600,,,OK,,,983.3,,name=c5off1;level=OK;role=disp;spread=23;gpio=6;device_seq=73347;time_source=device_synced;device_timestamp_utc=2026-07-27T23:01:02.087Z;config_id=170b1c1e;rssi=-57;uptime_s=550110;heap=152612;cal_tier=board-cal;cal_src=wet_rederive_1236_20260719;pressure_context_source=weather_openmeteo;transport=wifi_poll,
plants.env,2026-07-27T23:01:13.150Z,2026-07-27 18:01:13.150,18235,2a89d4,8gtt1h,0.7.3,fleet_logger_0_1,550110719,ESP32,esp32_die,on_chip,die_temp,,24.70,degC,OK,,,,,name=c5off1;source=esp32_die;cal=uncalibrated_board_proxy;api=temperatureRead;config_id=170b1c1e;transport=wifi_poll,
plants.soil,2026-07-27T23:01:43.463Z,2026-07-27 18:01:43.463,18236,2a89d4,8gtt1h,0.7.3,fleet_logger_0_1,550140035,UMLIFE_v2_TLC555,ch0,origplant,soil_moisture,1227,,,OK,,,983.3,,name=c5off1;level=overwatered;role=disp;spread=9;gpio=1;device_seq=73348;time_source=device_synced;device_timestamp_utc=2026-07-27T23:01:32.087Z;config_id=170b1c1e;rssi=-57;uptime_s=550140;heap=152644;cal_tier=board-cal;cal_src=wet_rederive_1236_20260719;pressure_context_source=weather_openmeteo;transport=wifi_poll,
plants.soil,2026-07-27T23:01:43.463Z,2026-07-27 18:01:43.463,18237,2a89d4,8gtt1h,0.7.3,fleet_logger_0_1,550140035,UMLIFE_v2_TLC555,ch1,origplant,soil_moisture,1359,,,OK,,,983.3,,name=c5off1;level=well watered;role=disp;spread=23;gpio=4;device_seq=73349;time_source=device_synced;device_timestamp_utc=2026-07-27T23:01:32.087Z;config_id=170b1c1e;rssi=-57;uptime_s=550140;heap=152644;cal_tier=board-cal;cal_src=wet_rederive_1236_20260719;pressure_context_source=weather_openmeteo;transport=wifi_poll,
plants.soil,2026-07-27T23:01:43.463Z,2026-07-27 18:01:43.463,18238,2a89d4,8gtt1h,0.7.3,fleet_logger_0_1,550140035,UMLIFE_v2_TLC555,ch2,origplant,soil_moisture,1193,,,OK,,,983.3,,name=c5off1;level=overwatered;role=disp;spread=12;gpio=5;device_seq=73350;time_source=device_synced;device_timestamp_utc=2026-07-27T23:01:32.087Z;config_id=170b1c1e;rssi=-57;uptime_s=550140;heap=152644;cal_tier=board-cal;cal_src=wet_rederive_1236_20260719;pressure_context_source=weather_openmeteo;transport=wifi_poll,
plants.soil,2026-07-27T23:01:43.463Z,2026-07-27 18:01:43.463,18239,2a89d4,8gtt1h,0.7.3,fleet_logger_0_1,550140035,UMLIFE_v2_TLC555,ch3,origplant,soil_moisture,1598,,,OK,,,983.3,,name=c5off1;level=OK;role=disp;spread=22;gpio=6;device_seq=73351;time_source=device_synced;device_timestamp_utc=2026-07-27T23:01:32.087Z;config_id=170b1c1e;rssi=-57;uptime_s=550140;heap=152644;cal_tier=board-cal;cal_src=wet_rederive_1236_20260719;pressure_context_source=weather_openmeteo;transport=wifi_poll,
plants.env,2026-07-27T23:01:43.463Z,2026-07-27 18:01:43.463,18240,2a89d4,8gtt1h,0.7.3,fleet_logger_0_1,550140719,ESP32,esp32_die,on_chip,die_temp,,24.70,degC,OK,,,,,name=c5off1;source=esp32_die;cal=uncalibrated_board_proxy;api=temperatureRead;config_id=170b1c1e;transport=wifi_poll,
plants.soil,2026-07-27T23:02:13.961Z,2026-07-27 18:02:13.961,18241,2a89d4,8gtt1h,0.7.3,fleet_logger_0_1,550170035,UMLIFE_v2_TLC555,ch0,origplant,soil_moisture,1227,,,OK,,,983.3,,name=c5off1;level=overwatered;role=disp;spread=8;gpio=1;device_seq=73352;time_source=device_synced;device_timestamp_utc=2026-07-27T23:02:02.087Z;config_id=170b1c1e;rssi=-55;uptime_s=550170;heap=152644;cal_tier=board-cal;cal_src=wet_rederive_1236_20260719;pressure_context_source=weather_openmeteo;transport=wifi_poll,
plants.soil,2026-07-27T23:02:13.961Z,2026-07-27 18:02:13.961,18242,2a89d4,8gtt1h,0.7.3,fleet_logger_0_1,550170035,UMLIFE_v2_TLC555,ch1,origplant,soil_moisture,1358,,,OK,,,983.3,,name=c5off1;level=well watered;role=disp;spread=13;gpio=4;device_seq=73353;time_source=device_synced;device_timestamp_utc=2026-07-27T23:02:02.087Z;config_id=170b1c1e;rssi=-55;uptime_s=550170;heap=152644;cal_tier=board-cal;cal_src=wet_rederive_1236_20260719;pressure_context_source=weather_openmeteo;transport=wifi_poll,
plants.soil,2026-07-27T23:02:13.961Z,2026-07-27 18:02:13.961,18243,2a89d4,8gtt1h,0.7.3,fleet_logger_0_1,550170035,UMLIFE_v2_TLC555,ch2,origplant,soil_moisture,1194,,,OK,,,983.3,,name=c5off1;level=overwatered;role=disp;spread=12;gpio=5;device_seq=73354;time_source=device_synced;device_timestamp_utc=2026-07-27T23:02:02.087Z;config_id=170b1c1e;rssi=-55;uptime_s=550170;heap=152644;cal_tier=board-cal;cal_src=wet_rederive_1236_20260719;pressure_context_source=weather_openmeteo;transport=wifi_poll,
plants.soil,2026-07-27T23:02:13.961Z,2026-07-27 18:02:13.961,18244,2a89d4,8gtt1h,0.7.3,fleet_logger_0_1,550170035,UMLIFE_v2_TLC555,ch3,origplant,soil_moisture,1602,,,OK,,,983.3,,name=c5off1;level=OK;role=disp;spread=21;gpio=6;device_seq=73355;time_source=device_synced;device_timestamp_utc=2026-07-27T23:02:02.087Z;config_id=170b1c1e;rssi=-55;uptime_s=550170;heap=152644;cal_tier=board-cal;cal_src=wet_rederive_1236_20260719;pressure_context_source=weather_openmeteo;transport=wifi_poll,
plants.env,2026-07-27T23:02:13.961Z,2026-07-27 18:02:13.961,18245,2a89d4,8gtt1h,0.7.3,fleet_logger_0_1,550170719,ESP32,esp32_die,on_chip,die_temp,,24.70,degC,OK,,,,,name=c5off1;source=esp32_die;cal=uncalibrated_board_proxy;api=temperatureRead;config_id=170b1c1e;transport=wifi_poll,
plants.soil,2026-07-27T23:02:45.200Z,2026-07-27 18:02:45.200,18246,2a89d4,8gtt1h,0.7.3,fleet_logger_0_1,550200035,UMLIFE_v2_TLC555,ch0,origplant,soil_moisture,1224,,,OK,,,983.3,,name=c5off1;level=overwatered;role=disp;spread=18;gpio=1;device_seq=73356;time_source=device_synced;device_timestamp_utc=2026-07-27T23:02:32.087Z;config_id=170b1c1e;rssi=-56;uptime_s=550200;heap=152340;cal_tier=board-cal;cal_src=wet_rederive_1236_20260719;pressure_context_source=weather_openmeteo;transport=wifi_poll,
plants.soil,2026-07-27T23:02:45.200Z,2026-07-27 18:02:45.200,18247,2a89d4,8gtt1h,0.7.3,fleet_logger_0_1,550200035,UMLIFE_v2_TLC555,ch1,origplant,soil_moisture,1358,,,OK,,,983.3,,name=c5off1;level=well watered;role=disp;spread=4;gpio=4;device_seq=73357;time_source=device_synced;device_timestamp_utc=2026-07-27T23:02:32.087Z;config_id=170b1c1e;rssi=-56;uptime_s=550200;heap=152340;cal_tier=board-cal;cal_src=wet_rederive_1236_20260719;pressure_context_source=weather_openmeteo;transport=wifi_poll,
plants.soil,2026-07-27T23:02:45.200Z,2026-07-27 18:02:45.200,18248,2a89d4,8gtt1h,0.7.3,fleet_logger_0_1,550200035,UMLIFE_v2_TLC555,ch2,origplant,soil_moisture,1197,,,OK,,,983.3,,name=c5off1;level=overwatered;role=disp;spread=30;gpio=5;device_seq=73358;time_source=device_synced;device_timestamp_utc=2026-07-27T23:02:32.087Z;config_id=170b1c1e;rssi=-56;uptime_s=550200;heap=152340;cal_tier=board-cal;cal_src=wet_rederive_1236_20260719;pressure_context_source=weather_openmeteo;transport=wifi_poll,
plants.soil,2026-07-27T23:02:45.200Z,2026-07-27 18:02:45.200,18249,2a89d4,8gtt1h,0.7.3,fleet_logger_0_1,550200035,UMLIFE_v2_TLC555,ch3,origplant,soil_moisture,1599,,,OK,,,983.3,,name=c5off1;level=OK;role=disp;spread=24;gpio=6;device_seq=73359;time_source=device_synced;device_timestamp_utc=2026-07-27T23:02:32.087Z;config_id=170b1c1e;rssi=-56;uptime_s=550200;heap=152340;cal_tier=board-cal;cal_src=wet_rederive_1236_20260719;pressure_context_source=weather_openmeteo;transport=wifi_poll,
plants.env,2026-07-27T23:02:45.200Z,2026-07-27 18:02:45.200,18250,2a89d4,8gtt1h,0.7.3,fleet_logger_0_1,550201819,ESP32,esp32_die,on_chip,die_temp,,24.70,degC,OK,,,,,name=c5off1;source=esp32_die;cal=uncalibrated_board_proxy;api=temperatureRead;config_id=170b1c1e;transport=wifi_poll,
plants.soil,2026-07-27T23:03:15.530Z,2026-07-27 18:03:15.530,18251,2a89d4,8gtt1h,0.7.3,fleet_logger_0_1,550230035,UMLIFE_v2_TLC555,ch0,origplant,soil_moisture,1206,,,OK,,,983.3,,name=c5off1;level=overwatered;role=disp;spread=20;gpio=1;device_seq=73360;time_source=device_synced;device_timestamp_utc=2026-07-27T23:03:02.087Z;config_id=170b1c1e;rssi=-57;uptime_s=550230;heap=152388;cal_tier=board-cal;cal_src=wet_rederive_1236_20260719;pressure_context_source=weather_openmeteo;transport=wifi_poll,
plants.soil,2026-07-27T23:03:15.530Z,2026-07-27 18:03:15.530,18252,2a89d4,8gtt1h,0.7.3,fleet_logger_0_1,550230035,UMLIFE_v2_TLC555,ch1,origplant,soil_moisture,1337,,,OK,,,983.3,,name=c5off1;level=well watered;role=disp;spread=20;gpio=4;device_seq=73361;time_source=device_synced;device_timestamp_utc=2026-07-27T23:03:02.087Z;config_id=170b1c1e;rssi=-57;uptime_s=550230;heap=152388;cal_tier=board-cal;cal_src=wet_rederive_1236_20260719;pressure_context_source=weather_openmeteo;transport=wifi_poll,
plants.soil,2026-07-27T23:03:15.530Z,2026-07-27 18:03:15.530,18253,2a89d4,8gtt1h,0.7.3,fleet_logger_0_1,550230035,UMLIFE_v2_TLC555,ch2,origplant,soil_moisture,1197,,,OK,,,983.3,,name=c5off1;level=overwatered;role=disp;spread=15;gpio=5;device_seq=73362;time_source=device_synced;device_timestamp_utc=2026-07-27T23:03:02.087Z;config_id=170b1c1e;rssi=-57;uptime_s=550230;heap=152388;cal_tier=board-cal;cal_src=wet_rederive_1236_20260719;pressure_context_source=weather_openmeteo;transport=wifi_poll,
plants.soil,2026-07-27T23:03:15.530Z,2026-07-27 18:03:15.530,18254,2a89d4,8gtt1h,0.7.3,fleet_logger_0_1,550230035,UMLIFE_v2_TLC555,ch3,origplant,soil_moisture,1592,,,OK,,,983.3,,name=c5off1;level=OK;role=disp;spread=27;gpio=6;device_seq=73363;time_source=device_synced;device_timestamp_utc=2026-07-27T23:03:02.087Z;config_id=170b1c1e;rssi=-57;uptime_s=550230;heap=152388;cal_tier=board-cal;cal_src=wet_rederive_1236_20260719;pressure_context_source=weather_openmeteo;transport=wifi_poll,
plants.env,2026-07-27T23:03:15.530Z,2026-07-27 18:03:15.530,18255,2a89d4,8gtt1h,0.7.3,fleet_logger_0_1,550230719,ESP32,esp32_die,on_chip,die_temp,,24.70,degC,OK,,,,,name=c5off1;source=esp32_die;cal=uncalibrated_board_proxy;api=temperatureRead;config_id=170b1c1e;transport=wifi_poll,
plants.soil,2026-07-27T23:03:45.917Z,2026-07-27 18:03:45.917,18256,2a89d4,8gtt1h,0.7.3,fleet_logger_0_1,550260035,UMLIFE_v2_TLC555,ch0,origplant,soil_moisture,1222,,,OK,,,983.3,,name=c5off1;level=overwatered;role=disp;spread=5;gpio=1;device_seq=73364;time_source=device_synced;device_timestamp_utc=2026-07-27T23:03:32.087Z;config_id=170b1c1e;rssi=-57;uptime_s=550260;heap=152656;cal_tier=board-cal;cal_src=wet_rederive_1236_20260719;pressure_context_source=weather_openmeteo;transport=wifi_poll,
plants.soil,2026-07-27T23:03:45.917Z,2026-07-27 18:03:45.917,18257,2a89d4,8gtt1h,0.7.3,fleet_logger_0_1,550260035,UMLIFE_v2_TLC555,ch1,origplant,soil_moisture,1355,,,OK,,,983.3,,name=c5off1;level=well watered;role=disp;spread=14;gpio=4;device_seq=73365;time_source=device_synced;device_timestamp_utc=2026-07-27T23:03:32.087Z;config_id=170b1c1e;rssi=-57;uptime_s=550260;heap=152656;cal_tier=board-cal;cal_src=wet_rederive_1236_20260719;pressure_context_source=weather_openmeteo;transport=wifi_poll,
plants.soil,2026-07-27T23:03:45.917Z,2026-07-27 18:03:45.917,18258,2a89d4,8gtt1h,0.7.3,fleet_logger_0_1,550260035,UMLIFE_v2_TLC555,ch2,origplant,soil_moisture,1195,,,OK,,,983.3,,name=c5off1;level=overwatered;role=disp;spread=22;gpio=5;device_seq=73366;time_source=device_synced;device_timestamp_utc=2026-07-27T23:03:32.087Z;config_id=170b1c1e;rssi=-57;uptime_s=550260;heap=152656;cal_tier=board-cal;cal_src=wet_rederive_1236_20260719;pressure_context_source=weather_openmeteo;transport=wifi_poll,
plants.soil,2026-07-27T23:03:45.917Z,2026-07-27 18:03:45.917,18259,2a89d4,8gtt1h,0.7.3,fleet_logger_0_1,550260035,UMLIFE_v2_TLC555,ch3,origplant,soil_moisture,1601,,,OK,,,983.3,,name=c5off1;level=OK;role=disp;spread=11;gpio=6;device_seq=73367;time_source=device_synced;device_timestamp_utc=2026-07-27T23:03:32.087Z;config_id=170b1c1e;rssi=-57;uptime_s=550260;heap=152656;cal_tier=board-cal;cal_src=wet_rederive_1236_20260719;pressure_context_source=weather_openmeteo;transport=wifi_poll,
plants.env,2026-07-27T23:03:45.917Z,2026-07-27 18:03:45.917,18260,2a89d4,8gtt1h,0.7.3,fleet_logger_0_1,550260719,ESP32,esp32_die,on_chip,die_temp,,24.70,degC,OK,,,,,name=c5off1;source=esp32_die;cal=uncalibrated_board_proxy;api=temperatureRead;config_id=170b1c1e;transport=wifi_poll,
plants.soil,2026-07-27T23:04:16.246Z,2026-07-27 18:04:16.246,18261,2a89d4,8gtt1h,0.7.3,fleet_logger_0_1,550290035,UMLIFE_v2_TLC555,ch0,origplant,soil_moisture,1208,,,OK,,,983.3,,name=c5off1;level=overwatered;role=disp;spread=23;gpio=1;device_seq=73368;time_source=device_synced;device_timestamp_utc=2026-07-27T23:04:02.087Z;config_id=170b1c1e;rssi=-53;uptime_s=550290;heap=152656;cal_tier=board-cal;cal_src=wet_rederive_1236_20260719;pressure_context_source=weather_openmeteo;transport=wifi_poll,
plants.soil,2026-07-27T23:04:16.246Z,2026-07-27 18:04:16.246,18262,2a89d4,8gtt1h,0.7.3,fleet_logger_0_1,550290035,UMLIFE_v2_TLC555,ch1,origplant,soil_moisture,1345,,,OK,,,983.3,,name=c5off1;level=well watered;role=disp;spread=15;gpio=4;device_seq=73369;time_source=device_synced;device_timestamp_utc=2026-07-27T23:04:02.087Z;config_id=170b1c1e;rssi=-53;uptime_s=550290;heap=152656;cal_tier=board-cal;cal_src=wet_rederive_1236_20260719;pressure_context_source=weather_openmeteo;transport=wifi_poll,
plants.soil,2026-07-27T23:04:16.246Z,2026-07-27 18:04:16.246,18263,2a89d4,8gtt1h,0.7.3,fleet_logger_0_1,550290035,UMLIFE_v2_TLC555,ch2,origplant,soil_moisture,1196,,,OK,,,983.3,,name=c5off1;level=overwatered;role=disp;spread=13;gpio=5;device_seq=73370;time_source=device_synced;device_timestamp_utc=2026-07-27T23:04:02.087Z;config_id=170b1c1e;rssi=-53;uptime_s=550290;heap=152656;cal_tier=board-cal;cal_src=wet_rederive_1236_20260719;pressure_context_source=weather_openmeteo;transport=wifi_poll,
plants.soil,2026-07-27T23:04:16.246Z,2026-07-27 18:04:16.246,18264,2a89d4,8gtt1h,0.7.3,fleet_logger_0_1,550290035,UMLIFE_v2_TLC555,ch3,origplant,soil_moisture,1599,,,OK,,,983.3,,name=c5off1;level=OK;role=disp;spread=29;gpio=6;device_seq=73371;time_source=device_synced;device_timestamp_utc=2026-07-27T23:04:02.087Z;config_id=170b1c1e;rssi=-53;uptime_s=550290;heap=152656;cal_tier=board-cal;cal_src=wet_rederive_1236_20260719;pressure_context_source=weather_openmeteo;transport=wifi_poll,
plants.env,2026-07-27T23:04:16.246Z,2026-07-27 18:04:16.246,18265,2a89d4,8gtt1h,0.7.3,fleet_logger_0_1,550290719,ESP32,esp32_die,on_chip,die_temp,,24.70,degC,OK,,,,,name=c5off1;source=esp32_die;cal=uncalibrated_board_proxy;api=temperatureRead;config_id=170b1c1e;transport=wifi_poll,
plants.soil,2026-07-27T23:04:46.557Z,2026-07-27 18:04:46.557,18266,2a89d4,8gtt1h,0.7.3,fleet_logger_0_1,550320035,UMLIFE_v2_TLC555,ch0,origplant,soil_moisture,1224,,,OK,,,983.3,,name=c5off1;level=overwatered;role=disp;spread=14;gpio=1;device_seq=73372;time_source=device_synced;device_timestamp_utc=2026-07-27T23:04:32.087Z;config_id=170b1c1e;rssi=-57;uptime_s=550320;heap=152656;cal_tier=board-cal;cal_src=wet_rederive_1236_20260719;pressure_context_source=weather_openmeteo;transport=wifi_poll,
plants.soil,2026-07-27T23:04:46.557Z,2026-07-27 18:04:46.557,18267,2a89d4,8gtt1h,0.7.3,fleet_logger_0_1,550320035,UMLIFE_v2_TLC555,ch1,origplant,soil_moisture,1356,,,OK,,,983.3,,name=c5off1;level=well watered;role=disp;spread=26;gpio=4;device_seq=73373;time_source=device_synced;device_timestamp_utc=2026-07-27T23:04:32.087Z;config_id=170b1c1e;rssi=-57;uptime_s=550320;heap=152656;cal_tier=board-cal;cal_src=wet_rederive_1236_20260719;pressure_context_source=weather_openmeteo;transport=wifi_poll,
plants.soil,2026-07-27T23:04:46.557Z,2026-07-27 18:04:46.557,18268,2a89d4,8gtt1h,0.7.3,fleet_logger_0_1,550320035,UMLIFE_v2_TLC555,ch2,origplant,soil_moisture,1196,,,OK,,,983.3,,name=c5off1;level=overwatered;role=disp;spread=14;gpio=5;device_seq=73374;time_source=device_synced;device_timestamp_utc=2026-07-27T23:04:32.087Z;config_id=170b1c1e;rssi=-57;uptime_s=550320;heap=152656;cal_tier=board-cal;cal_src=wet_rederive_1236_20260719;pressure_context_source=weather_openmeteo;transport=wifi_poll,
plants.soil,2026-07-27T23:04:46.557Z,2026-07-27 18:04:46.557,18269,2a89d4,8gtt1h,0.7.3,fleet_logger_0_1,550320035,UMLIFE_v2_TLC555,ch3,origplant,soil_moisture,1601,,,OK,,,983.3,,name=c5off1;level=OK;role=disp;spread=36;gpio=6;device_seq=73375;time_source=device_synced;device_timestamp_utc=2026-07-27T23:04:32.087Z;config_id=170b1c1e;rssi=-57;uptime_s=550320;heap=152656;cal_tier=board-cal;cal_src=wet_rederive_1236_20260719;pressure_context_source=weather_openmeteo;transport=wifi_poll,
plants.env,2026-07-27T23:04:46.557Z,2026-07-27 18:04:46.557,18270,2a89d4,8gtt1h,0.7.3,fleet_logger_0_1,550320719,ESP32,esp32_die,on_chip,die_temp,,24.70,degC,OK,,,,,name=c5off1;source=esp32_die;cal=uncalibrated_board_proxy;api=temperatureRead;config_id=170b1c1e;transport=wifi_poll,
plants.soil,2026-07-27T23:05:16.950Z,2026-07-27 18:05:16.950,18271,2a89d4,8gtt1h,0.7.3,fleet_logger_0_1,550350035,UMLIFE_v2_TLC555,ch0,origplant,soil_moisture,1207,,,OK,,,983.3,,name=c5off1;level=overwatered;role=disp;spread=14;gpio=1;device_seq=73376;time_source=device_synced;device_timestamp_utc=2026-07-27T23:05:02.087Z;config_id=170b1c1e;rssi=-56;uptime_s=550350;heap=152668;cal_tier=board-cal;cal_src=wet_rederive_1236_20260719;pressure_context_source=weather_openmeteo;transport=wifi_poll,
plants.soil,2026-07-27T23:05:16.950Z,2026-07-27 18:05:16.950,18272,2a89d4,8gtt1h,0.7.3,fleet_logger_0_1,550350035,UMLIFE_v2_TLC555,ch1,origplant,soil_moisture,1336,,,OK,,,983.3,,name=c5off1;level=well watered;role=disp;spread=25;gpio=4;device_seq=73377;time_source=device_synced;device_timestamp_utc=2026-07-27T23:05:02.087Z;config_id=170b1c1e;rssi=-56;uptime_s=550350;heap=152668;cal_tier=board-cal;cal_src=wet_rederive_1236_20260719;pressure_context_source=weather_openmeteo;transport=wifi_poll,
plants.soil,2026-07-27T23:05:16.950Z,2026-07-27 18:05:16.950,18273,2a89d4,8gtt1h,0.7.3,fleet_logger_0_1,550350035,UMLIFE_v2_TLC555,ch2,origplant,soil_moisture,1195,,,OK,,,983.3,,name=c5off1;level=overwatered;role=disp;spread=9;gpio=5;device_seq=73378;time_source=device_synced;device_timestamp_utc=2026-07-27T23:05:02.087Z;config_id=170b1c1e;rssi=-56;uptime_s=550350;heap=152668;cal_tier=board-cal;cal_src=wet_rederive_1236_20260719;pressure_context_source=weather_openmeteo;transport=wifi_poll,
plants.soil,2026-07-27T23:05:16.950Z,2026-07-27 18:05:16.950,18274,2a89d4,8gtt1h,0.7.3,fleet_logger_0_1,550350035,UMLIFE_v2_TLC555,ch3,origplant,soil_moisture,1592,,,OK,,,983.3,,name=c5off1;level=OK;role=disp;spread=21;gpio=6;device_seq=73379;time_source=device_synced;device_timestamp_utc=2026-07-27T23:05:02.087Z;config_id=170b1c1e;rssi=-56;uptime_s=550350;heap=152668;cal_tier=board-cal;cal_src=wet_rederive_1236_20260719;pressure_context_source=weather_openmeteo;transport=wifi_poll,
plants.env,2026-07-27T23:05:16.950Z,2026-07-27 18:05:16.950,18275,2a89d4,8gtt1h,0.7.3,fleet_logger_0_1,550350719,ESP32,esp32_die,on_chip,die_temp,,24.70,degC,OK,,,,,name=c5off1;source=esp32_die;cal=uncalibrated_board_proxy;api=temperatureRead;config_id=170b1c1e;transport=wifi_poll,
plants.soil,2026-07-27T23:05:47.876Z,2026-07-27 18:05:47.876,18276,2a89d4,8gtt1h,0.7.3,fleet_logger_0_1,550380035,UMLIFE_v2_TLC555,ch0,origplant,soil_moisture,1208,,,OK,,,983.3,,name=c5off1;level=overwatered;role=disp;spread=14;gpio=1;device_seq=73380;time_source=device_synced;device_timestamp_utc=2026-07-27T23:05:32.087Z;config_id=170b1c1e;rssi=-59;uptime_s=550380;heap=152388;cal_tier=board-cal;cal_src=wet_rederive_1236_20260719;pressure_context_source=weather_openmeteo;transport=wifi_poll,
plants.soil,2026-07-27T23:05:47.876Z,2026-07-27 18:05:47.876,18277,2a89d4,8gtt1h,0.7.3,fleet_logger_0_1,550380035,UMLIFE_v2_TLC555,ch1,origplant,soil_moisture,1339,,,OK,,,983.3,,name=c5off1;level=well watered;role=disp;spread=16;gpio=4;device_seq=73381;time_source=device_synced;device_timestamp_utc=2026-07-27T23:05:32.087Z;config_id=170b1c1e;rssi=-59;uptime_s=550380;heap=152388;cal_tier=board-cal;cal_src=wet_rederive_1236_20260719;pressure_context_source=weather_openmeteo;transport=wifi_poll,
plants.soil,2026-07-27T23:05:47.876Z,2026-07-27 18:05:47.876,18278,2a89d4,8gtt1h,0.7.3,fleet_logger_0_1,550380035,UMLIFE_v2_TLC555,ch2,origplant,soil_moisture,1194,,,OK,,,983.3,,name=c5off1;level=overwatered;role=disp;spread=22;gpio=5;device_seq=73382;time_source=device_synced;device_timestamp_utc=2026-07-27T23:05:32.087Z;config_id=170b1c1e;rssi=-59;uptime_s=550380;heap=152388;cal_tier=board-cal;cal_src=wet_rederive_1236_20260719;pressure_context_source=weather_openmeteo;transport=wifi_poll,
plants.soil,2026-07-27T23:05:47.876Z,2026-07-27 18:05:47.876,18279,2a89d4,8gtt1h,0.7.3,fleet_logger_0_1,550380035,UMLIFE_v2_TLC555,ch3,origplant,soil_moisture,1581,,,OK,,,983.3,,name=c5off1;level=OK;role=disp;spread=21;gpio=6;device_seq=73383;time_source=device_synced;device_timestamp_utc=2026-07-27T23:05:32.087Z;config_id=170b1c1e;rssi=-59;uptime_s=550380;heap=152388;cal_tier=board-cal;cal_src=wet_rederive_1236_20260719;pressure_context_source=weather_openmeteo;transport=wifi_poll,
plants.env,2026-07-27T23:05:47.876Z,2026-07-27 18:05:47.876,18280,2a89d4,8gtt1h,0.7.3,fleet_logger_0_1,550380719,ESP32,esp32_die,on_chip,die_temp,,24.70,degC,OK,,,,,name=c5off1;source=esp32_die;cal=uncalibrated_board_proxy;api=temperatureRead;config_id=170b1c1e;transport=wifi_poll,
plants.soil,2026-07-27T23:06:18.200Z,2026-07-27 18:06:18.200,18281,2a89d4,8gtt1h,0.7.3,fleet_logger_0_1,550410035,UMLIFE_v2_TLC555,ch0,origplant,soil_moisture,1208,,,OK,,,983.3,,name=c5off1;level=overwatered;role=disp;spread=10;gpio=1;device_seq=73384;time_source=device_synced;device_timestamp_utc=2026-07-27T23:06:02.087Z;config_id=170b1c1e;rssi=-55;uptime_s=550410;heap=152388;cal_tier=board-cal;cal_src=wet_rederive_1236_20260719;pressure_context_source=weather_openmeteo;transport=wifi_poll,
plants.soil,2026-07-27T23:06:18.200Z,2026-07-27 18:06:18.200,18282,2a89d4,8gtt1h,0.7.3,fleet_logger_0_1,550410035,UMLIFE_v2_TLC555,ch1,origplant,soil_moisture,1335,,,OK,,,983.3,,name=c5off1;level=well watered;role=disp;spread=32;gpio=4;device_seq=73385;time_source=device_synced;device_timestamp_utc=2026-07-27T23:06:02.087Z;config_id=170b1c1e;rssi=-55;uptime_s=550410;heap=152388;cal_tier=board-cal;cal_src=wet_rederive_1236_20260719;pressure_context_source=weather_openmeteo;transport=wifi_poll,
plants.soil,2026-07-27T23:06:18.200Z,2026-07-27 18:06:18.200,18283,2a89d4,8gtt1h,0.7.3,fleet_logger_0_1,550410035,UMLIFE_v2_TLC555,ch2,origplant,soil_moisture,1198,,,OK,,,983.3,,name=c5off1;level=overwatered;role=disp;spread=19;gpio=5;device_seq=73386;time_source=device_synced;device_timestamp_utc=2026-07-27T23:06:02.087Z;config_id=170b1c1e;rssi=-55;uptime_s=550410;heap=152388;cal_tier=board-cal;cal_src=wet_rederive_1236_20260719;pressure_context_source=weather_openmeteo;transport=wifi_poll,
plants.soil,2026-07-27T23:06:18.200Z,2026-07-27 18:06:18.200,18284,2a89d4,8gtt1h,0.7.3,fleet_logger_0_1,550410035,UMLIFE_v2_TLC555,ch3,origplant,soil_moisture,1597,,,OK,,,983.3,,name=c5off1;level=OK;role=disp;spread=30;gpio=6;device_seq=73387;time_source=device_synced;device_timestamp_utc=2026-07-27T23:06:02.087Z;config_id=170b1c1e;rssi=-55;uptime_s=550410;heap=152388;cal_tier=board-cal;cal_src=wet_rederive_1236_20260719;pressure_context_source=weather_openmeteo;transport=wifi_poll,
plants.env,2026-07-27T23:06:18.200Z,2026-07-27 18:06:18.200,18285,2a89d4,8gtt1h,0.7.3,fleet_logger_0_1,550410719,ESP32,esp32_die,on_chip,die_temp,,24.70,degC,OK,,,,,name=c5off1;source=esp32_die;cal=uncalibrated_board_proxy;api=temperatureRead;config_id=170b1c1e;transport=wifi_poll,
plants.soil,2026-07-27T23:06:48.597Z,2026-07-27 18:06:48.597,18286,2a89d4,8gtt1h,0.7.3,fleet_logger_0_1,550440035,UMLIFE_v2_TLC555,ch0,origplant,soil_moisture,1210,,,OK,,,983.3,,name=c5off1;level=overwatered;role=disp;spread=11;gpio=1;device_seq=73388;time_source=device_synced;device_timestamp_utc=2026-07-27T23:06:32.087Z;config_id=170b1c1e;rssi=-55;uptime_s=550440;heap=152656;cal_tier=board-cal;cal_src=wet_rederive_1236_20260719;pressure_context_source=weather_openmeteo;transport=wifi_poll,
plants.soil,2026-07-27T23:06:48.597Z,2026-07-27 18:06:48.597,18287,2a89d4,8gtt1h,0.7.3,fleet_logger_0_1,550440035,UMLIFE_v2_TLC555,ch1,origplant,soil_moisture,1339,,,OK,,,983.3,,name=c5off1;level=well watered;role=disp;spread=41;gpio=4;device_seq=73389;time_source=device_synced;device_timestamp_utc=2026-07-27T23:06:32.087Z;config_id=170b1c1e;rssi=-55;uptime_s=550440;heap=152656;cal_tier=board-cal;cal_src=wet_rederive_1236_20260719;pressure_context_source=weather_openmeteo;transport=wifi_poll,
plants.soil,2026-07-27T23:06:48.597Z,2026-07-27 18:06:48.597,18288,2a89d4,8gtt1h,0.7.3,fleet_logger_0_1,550440035,UMLIFE_v2_TLC555,ch2,origplant,soil_moisture,1198,,,OK,,,983.3,,name=c5off1;level=overwatered;role=disp;spread=20;gpio=5;device_seq=73390;time_source=device_synced;device_timestamp_utc=2026-07-27T23:06:32.087Z;config_id=170b1c1e;rssi=-55;uptime_s=550440;heap=152656;cal_tier=board-cal;cal_src=wet_rederive_1236_20260719;pressure_context_source=weather_openmeteo;transport=wifi_poll,
plants.soil,2026-07-27T23:06:48.597Z,2026-07-27 18:06:48.597,18289,2a89d4,8gtt1h,0.7.3,fleet_logger_0_1,550440035,UMLIFE_v2_TLC555,ch3,origplant,soil_moisture,1588,,,OK,,,983.3,,name=c5off1;level=OK;role=disp;spread=14;gpio=6;device_seq=73391;time_source=device_synced;device_timestamp_utc=2026-07-27T23:06:32.087Z;config_id=170b1c1e;rssi=-55;uptime_s=550440;heap=152656;cal_tier=board-cal;cal_src=wet_rederive_1236_20260719;pressure_context_source=weather_openmeteo;transport=wifi_poll,
plants.env,2026-07-27T23:06:48.597Z,2026-07-27 18:06:48.597,18290,2a89d4,8gtt1h,0.7.3,fleet_logger_0_1,550440719,ESP32,esp32_die,on_chip,die_temp,,24.70,degC,OK,,,,,name=c5off1;source=esp32_die;cal=uncalibrated_board_proxy;api=temperatureRead;config_id=170b1c1e;transport=wifi_poll,
plants.soil,2026-07-27T23:07:18.917Z,2026-07-27 18:07:18.917,18291,2a89d4,8gtt1h,0.7.3,fleet_logger_0_1,550470035,UMLIFE_v2_TLC555,ch0,origplant,soil_moisture,1213,,,OK,,,983.3,,name=c5off1;level=overwatered;role=disp;spread=15;gpio=1;device_seq=73392;time_source=device_synced;device_timestamp_utc=2026-07-27T23:07:02.087Z;config_id=170b1c1e;rssi=-58;uptime_s=550470;heap=152668;cal_tier=board-cal;cal_src=wet_rederive_1236_20260719;pressure_context_source=weather_openmeteo;transport=wifi_poll,
plants.soil,2026-07-27T23:07:18.917Z,2026-07-27 18:07:18.917,18292,2a89d4,8gtt1h,0.7.3,fleet_logger_0_1,550470035,UMLIFE_v2_TLC555,ch1,origplant,soil_moisture,1337,,,OK,,,983.3,,name=c5off1;level=well watered;role=disp;spread=26;gpio=4;device_seq=73393;time_source=device_synced;device_timestamp_utc=2026-07-27T23:07:02.087Z;config_id=170b1c1e;rssi=-58;uptime_s=550470;heap=152668;cal_tier=board-cal;cal_src=wet_rederive_1236_20260719;pressure_context_source=weather_openmeteo;transport=wifi_poll,
plants.soil,2026-07-27T23:07:18.917Z,2026-07-27 18:07:18.917,18293,2a89d4,8gtt1h,0.7.3,fleet_logger_0_1,550470035,UMLIFE_v2_TLC555,ch2,origplant,soil_moisture,1195,,,OK,,,983.3,,name=c5off1;level=overwatered;role=disp;spread=15;gpio=5;device_seq=73394;time_source=device_synced;device_timestamp_utc=2026-07-27T23:07:02.087Z;config_id=170b1c1e;rssi=-58;uptime_s=550470;heap=152668;cal_tier=board-cal;cal_src=wet_rederive_1236_20260719;pressure_context_source=weather_openmeteo;transport=wifi_poll,
plants.soil,2026-07-27T23:07:18.917Z,2026-07-27 18:07:18.917,18294,2a89d4,8gtt1h,0.7.3,fleet_logger_0_1,550470035,UMLIFE_v2_TLC555,ch3,origplant,soil_moisture,1581,,,OK,,,983.3,,name=c5off1;level=OK;role=disp;spread=23;gpio=6;device_seq=73395;time_source=device_synced;device_timestamp_utc=2026-07-27T23:07:02.087Z;config_id=170b1c1e;rssi=-58;uptime_s=550470;heap=152668;cal_tier=board-cal;cal_src=wet_rederive_1236_20260719;pressure_context_source=weather_openmeteo;transport=wifi_poll,
plants.env,2026-07-27T23:07:18.917Z,2026-07-27 18:07:18.917,18295,2a89d4,8gtt1h,0.7.3,fleet_logger_0_1,550470719,ESP32,esp32_die,on_chip,die_temp,,24.70,degC,OK,,,,,name=c5off1;source=esp32_die;cal=uncalibrated_board_proxy;api=temperatureRead;config_id=170b1c1e;transport=wifi_poll,
plants.soil,2026-07-27T23:07:49.222Z,2026-07-27 18:07:49.222,18296,2a89d4,8gtt1h,0.7.3,fleet_logger_0_1,550500035,UMLIFE_v2_TLC555,ch0,origplant,soil_moisture,1223,,,OK,,,983.3,,name=c5off1;level=overwatered;role=disp;spread=7;gpio=1;device_seq=73396;time_source=device_synced;device_timestamp_utc=2026-07-27T23:07:32.087Z;config_id=170b1c1e;rssi=-58;uptime_s=550500;heap=152640;cal_tier=board-cal;cal_src=wet_rederive_1236_20260719;pressure_context_source=weather_openmeteo;transport=wifi_poll,
plants.soil,2026-07-27T23:07:49.222Z,2026-07-27 18:07:49.222,18297,2a89d4,8gtt1h,0.7.3,fleet_logger_0_1,550500035,UMLIFE_v2_TLC555,ch1,origplant,soil_moisture,1344,,,OK,,,983.3,,name=c5off1;level=well watered;role=disp;spread=23;gpio=4;device_seq=73397;time_source=device_synced;device_timestamp_utc=2026-07-27T23:07:32.087Z;config_id=170b1c1e;rssi=-58;uptime_s=550500;heap=152640;cal_tier=board-cal;cal_src=wet_rederive_1236_20260719;pressure_context_source=weather_openmeteo;transport=wifi_poll,
plants.soil,2026-07-27T23:07:49.222Z,2026-07-27 18:07:49.222,18298,2a89d4,8gtt1h,0.7.3,fleet_logger_0_1,550500035,UMLIFE_v2_TLC555,ch2,origplant,soil_moisture,1195,,,OK,,,983.3,,name=c5off1;level=overwatered;role=disp;spread=16;gpio=5;device_seq=73398;time_source=device_synced;device_timestamp_utc=2026-07-27T23:07:32.087Z;config_id=170b1c1e;rssi=-58;uptime_s=550500;heap=152640;cal_tier=board-cal;cal_src=wet_rederive_1236_20260719;pressure_context_source=weather_openmeteo;transport=wifi_poll,
plants.soil,2026-07-27T23:07:49.222Z,2026-07-27 18:07:49.222,18299,2a89d4,8gtt1h,0.7.3,fleet_logger_0_1,550500035,UMLIFE_v2_TLC555,ch3,origplant,soil_moisture,1584,,,OK,,,983.3,,name=c5off1;level=OK;role=disp;spread=13;gpio=6;device_seq=73399;time_source=device_synced;device_timestamp_utc=2026-07-27T23:07:32.087Z;config_id=170b1c1e;rssi=-58;uptime_s=550500;heap=152640;cal_tier=board-cal;cal_src=wet_rederive_1236_20260719;pressure_context_source=weather_openmeteo;transport=wifi_poll,
plants.env,2026-07-27T23:07:49.222Z,2026-07-27 18:07:49.222,18300,2a89d4,8gtt1h,0.7.3,fleet_logger_0_1,550500720,ESP32,esp32_die,on_chip,die_temp,,24.70,degC,OK,,,,,name=c5off1;source=esp32_die;cal=uncalibrated_board_proxy;api=temperatureRead;config_id=170b1c1e;transport=wifi_poll,
plants.soil,2026-07-27T23:08:19.540Z,2026-07-27 18:08:19.540,18301,2a89d4,8gtt1h,0.7.3,fleet_logger_0_1,550530035,UMLIFE_v2_TLC555,ch0,origplant,soil_moisture,1227,,,OK,,,983.3,,name=c5off1;level=overwatered;role=disp;spread=19;gpio=1;device_seq=73400;time_source=device_synced;device_timestamp_utc=2026-07-27T23:08:02.087Z;config_id=170b1c1e;rssi=-58;uptime_s=550530;heap=152640;cal_tier=board-cal;cal_src=wet_rederive_1236_20260719;pressure_context_source=weather_openmeteo;transport=wifi_poll,
plants.soil,2026-07-27T23:08:19.540Z,2026-07-27 18:08:19.540,18302,2a89d4,8gtt1h,0.7.3,fleet_logger_0_1,550530035,UMLIFE_v2_TLC555,ch1,origplant,soil_moisture,1354,,,OK,,,983.3,,name=c5off1;level=well watered;role=disp;spread=18;gpio=4;device_seq=73401;time_source=device_synced;device_timestamp_utc=2026-07-27T23:08:02.087Z;config_id=170b1c1e;rssi=-58;uptime_s=550530;heap=152640;cal_tier=board-cal;cal_src=wet_rederive_1236_20260719;pressure_context_source=weather_openmeteo;transport=wifi_poll,
plants.soil,2026-07-27T23:08:19.540Z,2026-07-27 18:08:19.540,18303,2a89d4,8gtt1h,0.7.3,fleet_logger_0_1,550530035,UMLIFE_v2_TLC555,ch2,origplant,soil_moisture,1194,,,OK,,,983.3,,name=c5off1;level=overwatered;role=disp;spread=16;gpio=5;device_seq=73402;time_source=device_synced;device_timestamp_utc=2026-07-27T23:08:02.087Z;config_id=170b1c1e;rssi=-58;uptime_s=550530;heap=152640;cal_tier=board-cal;cal_src=wet_rederive_1236_20260719;pressure_context_source=weather_openmeteo;transport=wifi_poll,
plants.soil,2026-07-27T23:08:19.540Z,2026-07-27 18:08:19.540,18304,2a89d4,8gtt1h,0.7.3,fleet_logger_0_1,550530035,UMLIFE_v2_TLC555,ch3,origplant,soil_moisture,1584,,,OK,,,983.3,,name=c5off1;level=OK;role=disp;spread=31;gpio=6;device_seq=73403;time_source=device_synced;device_timestamp_utc=2026-07-27T23:08:02.087Z;config_id=170b1c1e;rssi=-58;uptime_s=550530;heap=152640;cal_tier=board-cal;cal_src=wet_rederive_1236_20260719;pressure_context_source=weather_openmeteo;transport=wifi_poll,
plants.env,2026-07-27T23:08:19.540Z,2026-07-27 18:08:19.540,18305,2a89d4,8gtt1h,0.7.3,fleet_logger_0_1,550530719,ESP32,esp32_die,on_chip,die_temp,,24.70,degC,OK,,,,,name=c5off1;source=esp32_die;cal=uncalibrated_board_proxy;api=temperatureRead;config_id=170b1c1e;transport=wifi_poll,
plants.soil,2026-07-27T23:08:50.350Z,2026-07-27 18:08:50.350,18306,2a89d4,8gtt1h,0.7.3,fleet_logger_0_1,550560035,UMLIFE_v2_TLC555,ch0,origplant,soil_moisture,1227,,,OK,,,983.3,,name=c5off1;level=overwatered;role=disp;spread=16;gpio=1;device_seq=73404;time_source=device_synced;device_timestamp_utc=2026-07-27T23:08:32.087Z;config_id=170b1c1e;rssi=-53;uptime_s=550560;heap=152344;cal_tier=board-cal;cal_src=wet_rederive_1236_20260719;pressure_context_source=weather_openmeteo;transport=wifi_poll,
plants.soil,2026-07-27T23:08:50.350Z,2026-07-27 18:08:50.350,18307,2a89d4,8gtt1h,0.7.3,fleet_logger_0_1,550560035,UMLIFE_v2_TLC555,ch1,origplant,soil_moisture,1354,,,OK,,,983.3,,name=c5off1;level=well watered;role=disp;spread=24;gpio=4;device_seq=73405;time_source=device_synced;device_timestamp_utc=2026-07-27T23:08:32.087Z;config_id=170b1c1e;rssi=-53;uptime_s=550560;heap=152344;cal_tier=board-cal;cal_src=wet_rederive_1236_20260719;pressure_context_source=weather_openmeteo;transport=wifi_poll,
plants.soil,2026-07-27T23:08:50.350Z,2026-07-27 18:08:50.350,18308,2a89d4,8gtt1h,0.7.3,fleet_logger_0_1,550560035,UMLIFE_v2_TLC555,ch2,origplant,soil_moisture,1197,,,OK,,,983.3,,name=c5off1;level=overwatered;role=disp;spread=19;gpio=5;device_seq=73406;time_source=device_synced;device_timestamp_utc=2026-07-27T23:08:32.087Z;config_id=170b1c1e;rssi=-53;uptime_s=550560;heap=152344;cal_tier=board-cal;cal_src=wet_rederive_1236_20260719;pressure_context_source=weather_openmeteo;transport=wifi_poll,
plants.soil,2026-07-27T23:08:50.350Z,2026-07-27 18:08:50.350,18309,2a89d4,8gtt1h,0.7.3,fleet_logger_0_1,550560035,UMLIFE_v2_TLC555,ch3,origplant,soil_moisture,1583,,,OK,,,983.3,,name=c5off1;level=OK;role=disp;spread=29;gpio=6;device_seq=73407;time_source=device_synced;device_timestamp_utc=2026-07-27T23:08:32.087Z;config_id=170b1c1e;rssi=-53;uptime_s=550560;heap=152344;cal_tier=board-cal;cal_src=wet_rederive_1236_20260719;pressure_context_source=weather_openmeteo;transport=wifi_poll,
plants.env,2026-07-27T23:08:50.350Z,2026-07-27 18:08:50.350,18310,2a89d4,8gtt1h,0.7.3,fleet_logger_0_1,550560719,ESP32,esp32_die,on_chip,die_temp,,24.70,degC,OK,,,,,name=c5off1;source=esp32_die;cal=uncalibrated_board_proxy;api=temperatureRead;config_id=170b1c1e;transport=wifi_poll,
plants.soil,2026-07-27T23:09:20.865Z,2026-07-27 18:09:20.865,18311,2a89d4,8gtt1h,0.7.3,fleet_logger_0_1,550590035,UMLIFE_v2_TLC555,ch0,origplant,soil_moisture,1229,,,OK,,,983.3,,name=c5off1;level=overwatered;role=disp;spread=21;gpio=1;device_seq=73408;time_source=device_synced;device_timestamp_utc=2026-07-27T23:09:02.087Z;config_id=170b1c1e;rssi=-58;uptime_s=550590;heap=152344;cal_tier=board-cal;cal_src=wet_rederive_1236_20260719;pressure_context_source=weather_openmeteo;transport=wifi_poll,
plants.soil,2026-07-27T23:09:20.865Z,2026-07-27 18:09:20.865,18312,2a89d4,8gtt1h,0.7.3,fleet_logger_0_1,550590035,UMLIFE_v2_TLC555,ch1,origplant,soil_moisture,1356,,,OK,,,983.3,,name=c5off1;level=well watered;role=disp;spread=16;gpio=4;device_seq=73409;time_source=device_synced;device_timestamp_utc=2026-07-27T23:09:02.087Z;config_id=170b1c1e;rssi=-58;uptime_s=550590;heap=152344;cal_tier=board-cal;cal_src=wet_rederive_1236_20260719;pressure_context_source=weather_openmeteo;transport=wifi_poll,
plants.soil,2026-07-27T23:09:20.865Z,2026-07-27 18:09:20.865,18313,2a89d4,8gtt1h,0.7.3,fleet_logger_0_1,550590035,UMLIFE_v2_TLC555,ch2,origplant,soil_moisture,1195,,,OK,,,983.3,,name=c5off1;level=overwatered;role=disp;spread=6;gpio=5;device_seq=73410;time_source=device_synced;device_timestamp_utc=2026-07-27T23:09:02.087Z;config_id=170b1c1e;rssi=-58;uptime_s=550590;heap=152344;cal_tier=board-cal;cal_src=wet_rederive_1236_20260719;pressure_context_source=weather_openmeteo;transport=wifi_poll,
plants.soil,2026-07-27T23:09:20.865Z,2026-07-27 18:09:20.865,18314,2a89d4,8gtt1h,0.7.3,fleet_logger_0_1,550590035,UMLIFE_v2_TLC555,ch3,origplant,soil_moisture,1590,,,OK,,,983.3,,name=c5off1;level=OK;role=disp;spread=34;gpio=6;device_seq=73411;time_source=device_synced;device_timestamp_utc=2026-07-27T23:09:02.087Z;config_id=170b1c1e;rssi=-58;uptime_s=550590;heap=152344;cal_tier=board-cal;cal_src=wet_rederive_1236_20260719;pressure_context_source=weather_openmeteo;transport=wifi_poll,
plants.env,2026-07-27T23:09:20.865Z,2026-07-27 18:09:20.865,18315,2a89d4,8gtt1h,0.7.3,fleet_logger_0_1,550590719,ESP32,esp32_die,on_chip,die_temp,,24.70,degC,OK,,,,,name=c5off1;source=esp32_die;cal=uncalibrated_board_proxy;api=temperatureRead;config_id=170b1c1e;transport=wifi_poll,
plants.soil,2026-07-27T23:09:51.281Z,2026-07-27 18:09:51.281,18316,2a89d4,8gtt1h,0.7.3,fleet_logger_0_1,550620035,UMLIFE_v2_TLC555,ch0,origplant,soil_moisture,1226,,,OK,,,983.3,,name=c5off1;level=overwatered;role=disp;spread=18;gpio=1;device_seq=73412;time_source=device_synced;device_timestamp_utc=2026-07-27T23:09:32.087Z;config_id=170b1c1e;rssi=-55;uptime_s=550620;heap=152596;cal_tier=board-cal;cal_src=wet_rederive_1236_20260719;pressure_context_source=weather_openmeteo;transport=wifi_poll,
plants.soil,2026-07-27T23:09:51.281Z,2026-07-27 18:09:51.281,18317,2a89d4,8gtt1h,0.7.3,fleet_logger_0_1,550620035,UMLIFE_v2_TLC555,ch1,origplant,soil_moisture,1357,,,OK,,,983.3,,name=c5off1;level=well watered;role=disp;spread=27;gpio=4;device_seq=73413;time_source=device_synced;device_timestamp_utc=2026-07-27T23:09:32.087Z;config_id=170b1c1e;rssi=-55;uptime_s=550620;heap=152596;cal_tier=board-cal;cal_src=wet_rederive_1236_20260719;pressure_context_source=weather_openmeteo;transport=wifi_poll,
plants.soil,2026-07-27T23:09:51.281Z,2026-07-27 18:09:51.281,18318,2a89d4,8gtt1h,0.7.3,fleet_logger_0_1,550620035,UMLIFE_v2_TLC555,ch2,origplant,soil_moisture,1196,,,OK,,,983.3,,name=c5off1;level=overwatered;role=disp;spread=8;gpio=5;device_seq=73414;time_source=device_synced;device_timestamp_utc=2026-07-27T23:09:32.087Z;config_id=170b1c1e;rssi=-55;uptime_s=550620;heap=152596;cal_tier=board-cal;cal_src=wet_rederive_1236_20260719;pressure_context_source=weather_openmeteo;transport=wifi_poll,
plants.soil,2026-07-27T23:09:51.281Z,2026-07-27 18:09:51.281,18319,2a89d4,8gtt1h,0.7.3,fleet_logger_0_1,550620035,UMLIFE_v2_TLC555,ch3,origplant,soil_moisture,1599,,,OK,,,983.3,,name=c5off1;level=OK;role=disp;spread=15;gpio=6;device_seq=73415;time_source=device_synced;device_timestamp_utc=2026-07-27T23:09:32.087Z;config_id=170b1c1e;rssi=-55;uptime_s=550620;heap=152596;cal_tier=board-cal;cal_src=wet_rederive_1236_20260719;pressure_context_source=weather_openmeteo;transport=wifi_poll,
plants.env,2026-07-27T23:09:51.281Z,2026-07-27 18:09:51.281,18320,2a89d4,8gtt1h,0.7.3,fleet_logger_0_1,550620719,ESP32,esp32_die,on_chip,die_temp,,24.70,degC,OK,,,,,name=c5off1;source=esp32_die;cal=uncalibrated_board_proxy;api=temperatureRead;config_id=170b1c1e;transport=wifi_poll,
plants.soil,2026-07-27T23:10:21.600Z,2026-07-27 18:10:21.600,18321,2a89d4,8gtt1h,0.7.3,fleet_logger_0_1,550650035,UMLIFE_v2_TLC555,ch0,origplant,soil_moisture,1226,,,OK,,,983.3,,name=c5off1;level=overwatered;role=disp;spread=10;gpio=1;device_seq=73416;time_source=device_synced;device_timestamp_utc=2026-07-27T23:10:02.087Z;config_id=170b1c1e;rssi=-55;uptime_s=550650;heap=152608;cal_tier=board-cal;cal_src=wet_rederive_1236_20260719;pressure_context_source=weather_openmeteo;transport=wifi_poll,
plants.soil,2026-07-27T23:10:21.600Z,2026-07-27 18:10:21.600,18322,2a89d4,8gtt1h,0.7.3,fleet_logger_0_1,550650035,UMLIFE_v2_TLC555,ch1,origplant,soil_moisture,1358,,,OK,,,983.3,,name=c5off1;level=well watered;role=disp;spread=16;gpio=4;device_seq=73417;time_source=device_synced;device_timestamp_utc=2026-07-27T23:10:02.087Z;config_id=170b1c1e;rssi=-55;uptime_s=550650;heap=152608;cal_tier=board-cal;cal_src=wet_rederive_1236_20260719;pressure_context_source=weather_openmeteo;transport=wifi_poll,
plants.soil,2026-07-27T23:10:21.600Z,2026-07-27 18:10:21.600,18323,2a89d4,8gtt1h,0.7.3,fleet_logger_0_1,550650035,UMLIFE_v2_TLC555,ch2,origplant,soil_moisture,1197,,,OK,,,983.3,,name=c5off1;level=overwatered;role=disp;spread=17;gpio=5;device_seq=73418;time_source=device_synced;device_timestamp_utc=2026-07-27T23:10:02.087Z;config_id=170b1c1e;rssi=-55;uptime_s=550650;heap=152608;cal_tier=board-cal;cal_src=wet_rederive_1236_20260719;pressure_context_source=weather_openmeteo;transport=wifi_poll,
plants.soil,2026-07-27T23:10:21.600Z,2026-07-27 18:10:21.600,18324,2a89d4,8gtt1h,0.7.3,fleet_logger_0_1,550650035,UMLIFE_v2_TLC555,ch3,origplant,soil_moisture,1597,,,OK,,,983.3,,name=c5off1;level=OK;role=disp;spread=12;gpio=6;device_seq=73419;time_source=device_synced;device_timestamp_utc=2026-07-27T23:10:02.087Z;config_id=170b1c1e;rssi=-55;uptime_s=550650;heap=152608;cal_tier=board-cal;cal_src=wet_rederive_1236_20260719;pressure_context_source=weather_openmeteo;transport=wifi_poll,
plants.env,2026-07-27T23:10:21.600Z,2026-07-27 18:10:21.600,18325,2a89d4,8gtt1h,0.7.3,fleet_logger_0_1,550650719,ESP32,esp32_die,on_chip,die_temp,,24.70,degC,OK,,,,,name=c5off1;source=esp32_die;cal=uncalibrated_board_proxy;api=temperatureRead;config_id=170b1c1e;transport=wifi_poll,
plants.soil,2026-07-27T23:10:52.116Z,2026-07-27 18:10:52.116,18326,2a89d4,8gtt1h,0.7.3,fleet_logger_0_1,550680035,UMLIFE_v2_TLC555,ch0,origplant,soil_moisture,1228,,,OK,,,983.3,,name=c5off1;level=overwatered;role=disp;spread=14;gpio=1;device_seq=73420;time_source=device_synced;device_timestamp_utc=2026-07-27T23:10:32.087Z;config_id=170b1c1e;rssi=-55;uptime_s=550680;heap=152608;cal_tier=board-cal;cal_src=wet_rederive_1236_20260719;pressure_context_source=weather_openmeteo;transport=wifi_poll,
plants.soil,2026-07-27T23:10:52.116Z,2026-07-27 18:10:52.116,18327,2a89d4,8gtt1h,0.7.3,fleet_logger_0_1,550680035,UMLIFE_v2_TLC555,ch1,origplant,soil_moisture,1358,,,OK,,,983.3,,name=c5off1;level=well watered;role=disp;spread=23;gpio=4;device_seq=73421;time_source=device_synced;device_timestamp_utc=2026-07-27T23:10:32.087Z;config_id=170b1c1e;rssi=-55;uptime_s=550680;heap=152608;cal_tier=board-cal;cal_src=wet_rederive_1236_20260719;pressure_context_source=weather_openmeteo;transport=wifi_poll,
plants.soil,2026-07-27T23:10:52.116Z,2026-07-27 18:10:52.116,18328,2a89d4,8gtt1h,0.7.3,fleet_logger_0_1,550680035,UMLIFE_v2_TLC555,ch2,origplant,soil_moisture,1196,,,OK,,,983.3,,name=c5off1;level=overwatered;role=disp;spread=8;gpio=5;device_seq=73422;time_source=device_synced;device_timestamp_utc=2026-07-27T23:10:32.087Z;config_id=170b1c1e;rssi=-55;uptime_s=550680;heap=152608;cal_tier=board-cal;cal_src=wet_rederive_1236_20260719;pressure_context_source=weather_openmeteo;transport=wifi_poll,
plants.soil,2026-07-27T23:10:52.116Z,2026-07-27 18:10:52.116,18329,2a89d4,8gtt1h,0.7.3,fleet_logger_0_1,550680035,UMLIFE_v2_TLC555,ch3,origplant,soil_moisture,1601,,,OK,,,983.3,,name=c5off1;level=OK;role=disp;spread=24;gpio=6;device_seq=73423;time_source=device_synced;device_timestamp_utc=2026-07-27T23:10:32.087Z;config_id=170b1c1e;rssi=-55;uptime_s=550680;heap=152608;cal_tier=board-cal;cal_src=wet_rederive_1236_20260719;pressure_context_source=weather_openmeteo;transport=wifi_poll,
plants.env,2026-07-27T23:10:52.116Z,2026-07-27 18:10:52.116,18330,2a89d4,8gtt1h,0.7.3,fleet_logger_0_1,550680720,ESP32,esp32_die,on_chip,die_temp,,24.70,degC,OK,,,,,name=c5off1;source=esp32_die;cal=uncalibrated_board_proxy;api=temperatureRead;config_id=170b1c1e;transport=wifi_poll,
plants.soil,2026-07-27T23:11:24.271Z,2026-07-27 18:11:24.271,18331,2a89d4,8gtt1h,0.7.3,fleet_logger_0_1,550710035,UMLIFE_v2_TLC555,ch0,origplant,soil_moisture,1228,,,OK,,,983.3,,name=c5off1;level=overwatered;role=disp;spread=18;gpio=1;device_seq=73424;time_source=device_synced;device_timestamp_utc=2026-07-27T23:11:02.087Z;config_id=170b1c1e;rssi=-56;uptime_s=550710;heap=152656;cal_tier=board-cal;cal_src=wet_rederive_1236_20260719;pressure_context_source=weather_openmeteo;transport=wifi_poll,
plants.soil,2026-07-27T23:11:24.271Z,2026-07-27 18:11:24.271,18332,2a89d4,8gtt1h,0.7.3,fleet_logger_0_1,550710035,UMLIFE_v2_TLC555,ch1,origplant,soil_moisture,1359,,,OK,,,983.3,,name=c5off1;level=well watered;role=disp;spread=9;gpio=4;device_seq=73425;time_source=device_synced;device_timestamp_utc=2026-07-27T23:11:02.087Z;config_id=170b1c1e;rssi=-56;uptime_s=550710;heap=152656;cal_tier=board-cal;cal_src=wet_rederive_1236_20260719;pressure_context_source=weather_openmeteo;transport=wifi_poll,
plants.soil,2026-07-27T23:11:24.271Z,2026-07-27 18:11:24.271,18333,2a89d4,8gtt1h,0.7.3,fleet_logger_0_1,550710035,UMLIFE_v2_TLC555,ch2,origplant,soil_moisture,1198,,,OK,,,983.3,,name=c5off1;level=overwatered;role=disp;spread=21;gpio=5;device_seq=73426;time_source=device_synced;device_timestamp_utc=2026-07-27T23:11:02.087Z;config_id=170b1c1e;rssi=-56;uptime_s=550710;heap=152656;cal_tier=board-cal;cal_src=wet_rederive_1236_20260719;pressure_context_source=weather_openmeteo;transport=wifi_poll,
plants.soil,2026-07-27T23:11:24.271Z,2026-07-27 18:11:24.271,18334,2a89d4,8gtt1h,0.7.3,fleet_logger_0_1,550710035,UMLIFE_v2_TLC555,ch3,origplant,soil_moisture,1602,,,OK,,,983.3,,name=c5off1;level=OK;role=disp;spread=17;gpio=6;device_seq=73427;time_source=device_synced;device_timestamp_utc=2026-07-27T23:11:02.087Z;config_id=170b1c1e;rssi=-56;uptime_s=550710;heap=152656;cal_tier=board-cal;cal_src=wet_rederive_1236_20260719;pressure_context_source=weather_openmeteo;transport=wifi_poll,
plants.env,2026-07-27T23:11:24.271Z,2026-07-27 18:11:24.271,18335,2a89d4,8gtt1h,0.7.3,fleet_logger_0_1,550710720,ESP32,esp32_die,on_chip,die_temp,,24.70,degC,OK,,,,,name=c5off1;source=esp32_die;cal=uncalibrated_board_proxy;api=temperatureRead;config_id=170b1c1e;transport=wifi_poll,
plants.soil,2026-07-27T23:11:54.772Z,2026-07-27 18:11:54.772,18336,2a89d4,8gtt1h,0.7.3,fleet_logger_0_1,550740035,UMLIFE_v2_TLC555,ch0,origplant,soil_moisture,1226,,,OK,,,983.3,,name=c5off1;level=overwatered;role=disp;spread=14;gpio=1;device_seq=73428;time_source=device_synced;device_timestamp_utc=2026-07-27T23:11:32.087Z;config_id=170b1c1e;rssi=-58;uptime_s=550740;heap=152408;cal_tier=board-cal;cal_src=wet_rederive_1236_20260719;pressure_context_source=weather_openmeteo;transport=wifi_poll,
plants.soil,2026-07-27T23:11:54.772Z,2026-07-27 18:11:54.772,18337,2a89d4,8gtt1h,0.7.3,fleet_logger_0_1,550740035,UMLIFE_v2_TLC555,ch1,origplant,soil_moisture,1358,,,OK,,,983.3,,name=c5off1;level=well watered;role=disp;spread=22;gpio=4;device_seq=73429;time_source=device_synced;device_timestamp_utc=2026-07-27T23:11:32.087Z;config_id=170b1c1e;rssi=-58;uptime_s=550740;heap=152408;cal_tier=board-cal;cal_src=wet_rederive_1236_20260719;pressure_context_source=weather_openmeteo;transport=wifi_poll,
plants.soil,2026-07-27T23:11:54.772Z,2026-07-27 18:11:54.772,18338,2a89d4,8gtt1h,0.7.3,fleet_logger_0_1,550740035,UMLIFE_v2_TLC555,ch2,origplant,soil_moisture,1196,,,OK,,,983.3,,name=c5off1;level=overwatered;role=disp;spread=20;gpio=5;device_seq=73430;time_source=device_synced;device_timestamp_utc=2026-07-27T23:11:32.087Z;config_id=170b1c1e;rssi=-58;uptime_s=550740;heap=152408;cal_tier=board-cal;cal_src=wet_rederive_1236_20260719;pressure_context_source=weather_openmeteo;transport=wifi_poll,
plants.soil,2026-07-27T23:11:54.772Z,2026-07-27 18:11:54.772,18339,2a89d4,8gtt1h,0.7.3,fleet_logger_0_1,550740035,UMLIFE_v2_TLC555,ch3,origplant,soil_moisture,1598,,,OK,,,983.3,,name=c5off1;level=OK;role=disp;spread=22;gpio=6;device_seq=73431;time_source=device_synced;device_timestamp_utc=2026-07-27T23:11:32.087Z;config_id=170b1c1e;rssi=-58;uptime_s=550740;heap=152408;cal_tier=board-cal;cal_src=wet_rederive_1236_20260719;pressure_context_source=weather_openmeteo;transport=wifi_poll,
plants.env,2026-07-27T23:11:54.772Z,2026-07-27 18:11:54.772,18340,2a89d4,8gtt1h,0.7.3,fleet_logger_0_1,550740719,ESP32,esp32_die,on_chip,die_temp,,24.70,degC,OK,,,,,name=c5off1;source=esp32_die;cal=uncalibrated_board_proxy;api=temperatureRead;config_id=170b1c1e;transport=wifi_poll,
plants.soil,2026-07-27T23:12:25.206Z,2026-07-27 18:12:25.206,18341,2a89d4,8gtt1h,0.7.3,fleet_logger_0_1,550770035,UMLIFE_v2_TLC555,ch0,origplant,soil_moisture,1228,,,OK,,,983.3,,name=c5off1;level=overwatered;role=disp;spread=21;gpio=1;device_seq=73432;time_source=device_synced;device_timestamp_utc=2026-07-27T23:12:02.087Z;config_id=170b1c1e;rssi=-55;uptime_s=550770;heap=152388;cal_tier=board-cal;cal_src=wet_rederive_1236_20260719;pressure_context_source=weather_openmeteo;transport=wifi_poll,
plants.soil,2026-07-27T23:12:25.206Z,2026-07-27 18:12:25.206,18342,2a89d4,8gtt1h,0.7.3,fleet_logger_0_1,550770035,UMLIFE_v2_TLC555,ch1,origplant,soil_moisture,1356,,,OK,,,983.3,,name=c5off1;level=well watered;role=disp;spread=14;gpio=4;device_seq=73433;time_source=device_synced;device_timestamp_utc=2026-07-27T23:12:02.087Z;config_id=170b1c1e;rssi=-55;uptime_s=550770;heap=152388;cal_tier=board-cal;cal_src=wet_rederive_1236_20260719;pressure_context_source=weather_openmeteo;transport=wifi_poll,
plants.soil,2026-07-27T23:12:25.206Z,2026-07-27 18:12:25.206,18343,2a89d4,8gtt1h,0.7.3,fleet_logger_0_1,550770035,UMLIFE_v2_TLC555,ch2,origplant,soil_moisture,1198,,,OK,,,983.3,,name=c5off1;level=overwatered;role=disp;spread=25;gpio=5;device_seq=73434;time_source=device_synced;device_timestamp_utc=2026-07-27T23:12:02.087Z;config_id=170b1c1e;rssi=-55;uptime_s=550770;heap=152388;cal_tier=board-cal;cal_src=wet_rederive_1236_20260719;pressure_context_source=weather_openmeteo;transport=wifi_poll,
plants.soil,2026-07-27T23:12:25.206Z,2026-07-27 18:12:25.206,18344,2a89d4,8gtt1h,0.7.3,fleet_logger_0_1,550770035,UMLIFE_v2_TLC555,ch3,origplant,soil_moisture,1600,,,OK,,,983.3,,name=c5off1;level=OK;role=disp;spread=20;gpio=6;device_seq=73435;time_source=device_synced;device_timestamp_utc=2026-07-27T23:12:02.087Z;config_id=170b1c1e;rssi=-55;uptime_s=550770;heap=152388;cal_tier=board-cal;cal_src=wet_rederive_1236_20260719;pressure_context_source=weather_openmeteo;transport=wifi_poll,
plants.env,2026-07-27T23:12:25.206Z,2026-07-27 18:12:25.206,18345,2a89d4,8gtt1h,0.7.3,fleet_logger_0_1,550770720,ESP32,esp32_die,on_chip,die_temp,,25.70,degC,OK,,,,,name=c5off1;source=esp32_die;cal=uncalibrated_board_proxy;api=temperatureRead;config_id=170b1c1e;transport=wifi_poll,
plants.soil,2026-07-27T23:12:55.528Z,2026-07-27 18:12:55.528,18346,2a89d4,8gtt1h,0.7.3,fleet_logger_0_1,550800035,UMLIFE_v2_TLC555,ch0,origplant,soil_moisture,1227,,,OK,,,983.3,,name=c5off1;level=overwatered;role=disp;spread=12;gpio=1;device_seq=73436;time_source=device_synced;device_timestamp_utc=2026-07-27T23:12:32.087Z;config_id=170b1c1e;rssi=-57;uptime_s=550800;heap=152668;cal_tier=board-cal;cal_src=wet_rederive_1236_20260719;pressure_context_source=weather_openmeteo;transport=wifi_poll,
plants.soil,2026-07-27T23:12:55.528Z,2026-07-27 18:12:55.528,18347,2a89d4,8gtt1h,0.7.3,fleet_logger_0_1,550800035,UMLIFE_v2_TLC555,ch1,origplant,soil_moisture,1354,,,OK,,,983.3,,name=c5off1;level=well watered;role=disp;spread=9;gpio=4;device_seq=73437;time_source=device_synced;device_timestamp_utc=2026-07-27T23:12:32.087Z;config_id=170b1c1e;rssi=-57;uptime_s=550800;heap=152668;cal_tier=board-cal;cal_src=wet_rederive_1236_20260719;pressure_context_source=weather_openmeteo;transport=wifi_poll,
plants.soil,2026-07-27T23:12:55.528Z,2026-07-27 18:12:55.528,18348,2a89d4,8gtt1h,0.7.3,fleet_logger_0_1,550800035,UMLIFE_v2_TLC555,ch2,origplant,soil_moisture,1197,,,OK,,,983.3,,name=c5off1;level=overwatered;role=disp;spread=16;gpio=5;device_seq=73438;time_source=device_synced;device_timestamp_utc=2026-07-27T23:12:32.087Z;config_id=170b1c1e;rssi=-57;uptime_s=550800;heap=152668;cal_tier=board-cal;cal_src=wet_rederive_1236_20260719;pressure_context_source=weather_openmeteo;transport=wifi_poll,
plants.soil,2026-07-27T23:12:55.528Z,2026-07-27 18:12:55.528,18349,2a89d4,8gtt1h,0.7.3,fleet_logger_0_1,550800035,UMLIFE_v2_TLC555,ch3,origplant,soil_moisture,1600,,,OK,,,983.3,,name=c5off1;level=OK;role=disp;spread=26;gpio=6;device_seq=73439;time_source=device_synced;device_timestamp_utc=2026-07-27T23:12:32.087Z;config_id=170b1c1e;rssi=-57;uptime_s=550800;heap=152668;cal_tier=board-cal;cal_src=wet_rederive_1236_20260719;pressure_context_source=weather_openmeteo;transport=wifi_poll,
plants.env,2026-07-27T23:12:55.528Z,2026-07-27 18:12:55.528,18350,2a89d4,8gtt1h,0.7.3,fleet_logger_0_1,550801819,ESP32,esp32_die,on_chip,die_temp,,24.70,degC,OK,,,,,name=c5off1;source=esp32_die;cal=uncalibrated_board_proxy;api=temperatureRead;config_id=170b1c1e;transport=wifi_poll,
plants.soil,2026-07-27T23:13:25.907Z,2026-07-27 18:13:25.907,18351,2a89d4,8gtt1h,0.7.3,fleet_logger_0_1,550830035,UMLIFE_v2_TLC555,ch0,origplant,soil_moisture,1226,,,OK,,,983.3,,name=c5off1;level=overwatered;role=disp;spread=15;gpio=1;device_seq=73440;time_source=device_synced;device_timestamp_utc=2026-07-27T23:13:02.087Z;config_id=170b1c1e;rssi=-56;uptime_s=550830;heap=152668;cal_tier=board-cal;cal_src=wet_rederive_1236_20260719;pressure_context_source=weather_openmeteo;transport=wifi_poll,
plants.soil,2026-07-27T23:13:25.907Z,2026-07-27 18:13:25.907,18352,2a89d4,8gtt1h,0.7.3,fleet_logger_0_1,550830035,UMLIFE_v2_TLC555,ch1,origplant,soil_moisture,1358,,,OK,,,983.3,,name=c5off1;level=well watered;role=disp;spread=6;gpio=4;device_seq=73441;time_source=device_synced;device_timestamp_utc=2026-07-27T23:13:02.087Z;config_id=170b1c1e;rssi=-56;uptime_s=550830;heap=152668;cal_tier=board-cal;cal_src=wet_rederive_1236_20260719;pressure_context_source=weather_openmeteo;transport=wifi_poll,
plants.soil,2026-07-27T23:13:25.907Z,2026-07-27 18:13:25.907,18353,2a89d4,8gtt1h,0.7.3,fleet_logger_0_1,550830035,UMLIFE_v2_TLC555,ch2,origplant,soil_moisture,1198,,,OK,,,983.3,,name=c5off1;level=overwatered;role=disp;spread=11;gpio=5;device_seq=73442;time_source=device_synced;device_timestamp_utc=2026-07-27T23:13:02.087Z;config_id=170b1c1e;rssi=-56;uptime_s=550830;heap=152668;cal_tier=board-cal;cal_src=wet_rederive_1236_20260719;pressure_context_source=weather_openmeteo;transport=wifi_poll,
plants.soil,2026-07-27T23:13:25.907Z,2026-07-27 18:13:25.907,18354,2a89d4,8gtt1h,0.7.3,fleet_logger_0_1,550830035,UMLIFE_v2_TLC555,ch3,origplant,soil_moisture,1599,,,OK,,,983.3,,name=c5off1;level=OK;role=disp;spread=36;gpio=6;device_seq=73443;time_source=device_synced;device_timestamp_utc=2026-07-27T23:13:02.087Z;config_id=170b1c1e;rssi=-56;uptime_s=550830;heap=152668;cal_tier=board-cal;cal_src=wet_rederive_1236_20260719;pressure_context_source=weather_openmeteo;transport=wifi_poll,
plants.env,2026-07-27T23:13:25.907Z,2026-07-27 18:13:25.907,18355,2a89d4,8gtt1h,0.7.3,fleet_logger_0_1,550830719,ESP32,esp32_die,on_chip,die_temp,,24.70,degC,OK,,,,,name=c5off1;source=esp32_die;cal=uncalibrated_board_proxy;api=temperatureRead;config_id=170b1c1e;transport=wifi_poll,
plants.soil,2026-07-27T23:13:56.233Z,2026-07-27 18:13:56.233,18356,2a89d4,8gtt1h,0.7.3,fleet_logger_0_1,550860035,UMLIFE_v2_TLC555,ch0,origplant,soil_moisture,1227,,,OK,,,983.3,,name=c5off1;level=overwatered;role=disp;spread=12;gpio=1;device_seq=73444;time_source=device_synced;device_timestamp_utc=2026-07-27T23:13:32.087Z;config_id=170b1c1e;rssi=-57;uptime_s=550860;heap=152668;cal_tier=board-cal;cal_src=wet_rederive_1236_20260719;pressure_context_source=weather_openmeteo;transport=wifi_poll,
plants.soil,2026-07-27T23:13:56.233Z,2026-07-27 18:13:56.233,18357,2a89d4,8gtt1h,0.7.3,fleet_logger_0_1,550860035,UMLIFE_v2_TLC555,ch1,origplant,soil_moisture,1356,,,OK,,,983.3,,name=c5off1;level=well watered;role=disp;spread=22;gpio=4;device_seq=73445;time_source=device_synced;device_timestamp_utc=2026-07-27T23:13:32.087Z;config_id=170b1c1e;rssi=-57;uptime_s=550860;heap=152668;cal_tier=board-cal;cal_src=wet_rederive_1236_20260719;pressure_context_source=weather_openmeteo;transport=wifi_poll,
plants.soil,2026-07-27T23:13:56.233Z,2026-07-27 18:13:56.233,18358,2a89d4,8gtt1h,0.7.3,fleet_logger_0_1,550860035,UMLIFE_v2_TLC555,ch2,origplant,soil_moisture,1197,,,OK,,,983.3,,name=c5off1;level=overwatered;role=disp;spread=15;gpio=5;device_seq=73446;time_source=device_synced;device_timestamp_utc=2026-07-27T23:13:32.087Z;config_id=170b1c1e;rssi=-57;uptime_s=550860;heap=152668;cal_tier=board-cal;cal_src=wet_rederive_1236_20260719;pressure_context_source=weather_openmeteo;transport=wifi_poll,
plants.soil,2026-07-27T23:13:56.233Z,2026-07-27 18:13:56.233,18359,2a89d4,8gtt1h,0.7.3,fleet_logger_0_1,550860035,UMLIFE_v2_TLC555,ch3,origplant,soil_moisture,1601,,,OK,,,983.3,,name=c5off1;level=OK;role=disp;spread=24;gpio=6;device_seq=73447;time_source=device_synced;device_timestamp_utc=2026-07-27T23:13:32.087Z;config_id=170b1c1e;rssi=-57;uptime_s=550860;heap=152668;cal_tier=board-cal;cal_src=wet_rederive_1236_20260719;pressure_context_source=weather_openmeteo;transport=wifi_poll,
plants.env,2026-07-27T23:13:56.233Z,2026-07-27 18:13:56.233,18360,2a89d4,8gtt1h,0.7.3,fleet_logger_0_1,550860719,ESP32,esp32_die,on_chip,die_temp,,24.70,degC,OK,,,,,name=c5off1;source=esp32_die;cal=uncalibrated_board_proxy;api=temperatureRead;config_id=170b1c1e;transport=wifi_poll,
plants.soil,2026-07-27T23:14:26.632Z,2026-07-27 18:14:26.632,18361,2a89d4,8gtt1h,0.7.3,fleet_logger_0_1,550890035,UMLIFE_v2_TLC555,ch0,origplant,soil_moisture,1227,,,OK,,,983.3,,name=c5off1;level=overwatered;role=disp;spread=16;gpio=1;device_seq=73448;time_source=device_synced;device_timestamp_utc=2026-07-27T23:14:02.087Z;config_id=170b1c1e;rssi=-57;uptime_s=550890;heap=152668;cal_tier=board-cal;cal_src=wet_rederive_1236_20260719;pressure_context_source=weather_openmeteo;transport=wifi_poll,
plants.soil,2026-07-27T23:14:26.632Z,2026-07-27 18:14:26.632,18362,2a89d4,8gtt1h,0.7.3,fleet_logger_0_1,550890035,UMLIFE_v2_TLC555,ch1,origplant,soil_moisture,1357,,,OK,,,983.3,,name=c5off1;level=well watered;role=disp;spread=29;gpio=4;device_seq=73449;time_source=device_synced;device_timestamp_utc=2026-07-27T23:14:02.087Z;config_id=170b1c1e;rssi=-57;uptime_s=550890;heap=152668;cal_tier=board-cal;cal_src=wet_rederive_1236_20260719;pressure_context_source=weather_openmeteo;transport=wifi_poll,
plants.soil,2026-07-27T23:14:26.632Z,2026-07-27 18:14:26.632,18363,2a89d4,8gtt1h,0.7.3,fleet_logger_0_1,550890035,UMLIFE_v2_TLC555,ch2,origplant,soil_moisture,1194,,,OK,,,983.3,,name=c5off1;level=overwatered;role=disp;spread=14;gpio=5;device_seq=73450;time_source=device_synced;device_timestamp_utc=2026-07-27T23:14:02.087Z;config_id=170b1c1e;rssi=-57;uptime_s=550890;heap=152668;cal_tier=board-cal;cal_src=wet_rederive_1236_20260719;pressure_context_source=weather_openmeteo;transport=wifi_poll,
plants.soil,2026-07-27T23:14:26.632Z,2026-07-27 18:14:26.632,18364,2a89d4,8gtt1h,0.7.3,fleet_logger_0_1,550890035,UMLIFE_v2_TLC555,ch3,origplant,soil_moisture,1600,,,OK,,,983.3,,name=c5off1;level=OK;role=disp;spread=23;gpio=6;device_seq=73451;time_source=device_synced;device_timestamp_utc=2026-07-27T23:14:02.087Z;config_id=170b1c1e;rssi=-57;uptime_s=550890;heap=152668;cal_tier=board-cal;cal_src=wet_rederive_1236_20260719;pressure_context_source=weather_openmeteo;transport=wifi_poll,
plants.env,2026-07-27T23:14:26.632Z,2026-07-27 18:14:26.632,18365,2a89d4,8gtt1h,0.7.3,fleet_logger_0_1,550890719,ESP32,esp32_die,on_chip,die_temp,,24.70,degC,OK,,,,,name=c5off1;source=esp32_die;cal=uncalibrated_board_proxy;api=temperatureRead;config_id=170b1c1e;transport=wifi_poll,
plants.soil,2026-07-27T23:14:57.362Z,2026-07-27 18:14:57.362,18366,2a89d4,8gtt1h,0.7.3,fleet_logger_0_1,550920035,UMLIFE_v2_TLC555,ch0,origplant,soil_moisture,1227,,,OK,,,983.3,,name=c5off1;level=overwatered;role=disp;spread=18;gpio=1;device_seq=73452;time_source=device_synced;device_timestamp_utc=2026-07-27T23:14:32.087Z;config_id=170b1c1e;rssi=-58;uptime_s=550920;heap=152392;cal_tier=board-cal;cal_src=wet_rederive_1236_20260719;pressure_context_source=weather_openmeteo;transport=wifi_poll,
plants.soil,2026-07-27T23:14:57.362Z,2026-07-27 18:14:57.362,18367,2a89d4,8gtt1h,0.7.3,fleet_logger_0_1,550920035,UMLIFE_v2_TLC555,ch1,origplant,soil_moisture,1357,,,OK,,,983.3,,name=c5off1;level=well watered;role=disp;spread=30;gpio=4;device_seq=73453;time_source=device_synced;device_timestamp_utc=2026-07-27T23:14:32.087Z;config_id=170b1c1e;rssi=-58;uptime_s=550920;heap=152392;cal_tier=board-cal;cal_src=wet_rederive_1236_20260719;pressure_context_source=weather_openmeteo;transport=wifi_poll,
plants.soil,2026-07-27T23:14:57.362Z,2026-07-27 18:14:57.362,18368,2a89d4,8gtt1h,0.7.3,fleet_logger_0_1,550920035,UMLIFE_v2_TLC555,ch2,origplant,soil_moisture,1197,,,OK,,,983.3,,name=c5off1;level=overwatered;role=disp;spread=15;gpio=5;device_seq=73454;time_source=device_synced;device_timestamp_utc=2026-07-27T23:14:32.087Z;config_id=170b1c1e;rssi=-58;uptime_s=550920;heap=152392;cal_tier=board-cal;cal_src=wet_rederive_1236_20260719;pressure_context_source=weather_openmeteo;transport=wifi_poll,
plants.soil,2026-07-27T23:14:57.362Z,2026-07-27 18:14:57.362,18369,2a89d4,8gtt1h,0.7.3,fleet_logger_0_1,550920035,UMLIFE_v2_TLC555,ch3,origplant,soil_moisture,1599,,,OK,,,983.3,,name=c5off1;level=OK;role=disp;spread=22;gpio=6;device_seq=73455;time_source=device_synced;device_timestamp_utc=2026-07-27T23:14:32.087Z;config_id=170b1c1e;rssi=-58;uptime_s=550920;heap=152392;cal_tier=board-cal;cal_src=wet_rederive_1236_20260719;pressure_context_source=weather_openmeteo;transport=wifi_poll,
plants.env,2026-07-27T23:14:57.362Z,2026-07-27 18:14:57.362,18370,2a89d4,8gtt1h,0.7.3,fleet_logger_0_1,550920719,ESP32,esp32_die,on_chip,die_temp,,24.70,degC,OK,,,,,name=c5off1;source=esp32_die;cal=uncalibrated_board_proxy;api=temperatureRead;config_id=170b1c1e;transport=wifi_poll,
plants.soil,2026-07-27T23:15:27.788Z,2026-07-27 18:15:27.788,18371,2a89d4,8gtt1h,0.7.3,fleet_logger_0_1,550950035,UMLIFE_v2_TLC555,ch0,origplant,soil_moisture,1227,,,OK,,,983.3,,name=c5off1;level=overwatered;role=disp;spread=17;gpio=1;device_seq=73456;time_source=device_synced;device_timestamp_utc=2026-07-27T23:15:02.087Z;config_id=170b1c1e;rssi=-56;uptime_s=550950;heap=152376;cal_tier=board-cal;cal_src=wet_rederive_1236_20260719;pressure_context_source=weather_openmeteo;transport=wifi_poll,
plants.soil,2026-07-27T23:15:27.788Z,2026-07-27 18:15:27.788,18372,2a89d4,8gtt1h,0.7.3,fleet_logger_0_1,550950035,UMLIFE_v2_TLC555,ch1,origplant,soil_moisture,1359,,,OK,,,983.3,,name=c5off1;level=well watered;role=disp;spread=24;gpio=4;device_seq=73457;time_source=device_synced;device_timestamp_utc=2026-07-27T23:15:02.087Z;config_id=170b1c1e;rssi=-56;uptime_s=550950;heap=152376;cal_tier=board-cal;cal_src=wet_rederive_1236_20260719;pressure_context_source=weather_openmeteo;transport=wifi_poll,
plants.soil,2026-07-27T23:15:27.788Z,2026-07-27 18:15:27.788,18373,2a89d4,8gtt1h,0.7.3,fleet_logger_0_1,550950035,UMLIFE_v2_TLC555,ch2,origplant,soil_moisture,1197,,,OK,,,983.3,,name=c5off1;level=overwatered;role=disp;spread=9;gpio=5;device_seq=73458;time_source=device_synced;device_timestamp_utc=2026-07-27T23:15:02.087Z;config_id=170b1c1e;rssi=-56;uptime_s=550950;heap=152376;cal_tier=board-cal;cal_src=wet_rederive_1236_20260719;pressure_context_source=weather_openmeteo;transport=wifi_poll,
plants.soil,2026-07-27T23:15:27.788Z,2026-07-27 18:15:27.788,18374,2a89d4,8gtt1h,0.7.3,fleet_logger_0_1,550950035,UMLIFE_v2_TLC555,ch3,origplant,soil_moisture,1601,,,OK,,,983.3,,name=c5off1;level=OK;role=disp;spread=17;gpio=6;device_seq=73459;time_source=device_synced;device_timestamp_utc=2026-07-27T23:15:02.087Z;config_id=170b1c1e;rssi=-56;uptime_s=550950;heap=152376;cal_tier=board-cal;cal_src=wet_rederive_1236_20260719;pressure_context_source=weather_openmeteo;transport=wifi_poll,
plants.env,2026-07-27T23:15:27.788Z,2026-07-27 18:15:27.788,18375,2a89d4,8gtt1h,0.7.3,fleet_logger_0_1,550950719,ESP32,esp32_die,on_chip,die_temp,,24.70,degC,OK,,,,,name=c5off1;source=esp32_die;cal=uncalibrated_board_proxy;api=temperatureRead;config_id=170b1c1e;transport=wifi_poll,
plants.soil,2026-07-27T23:15:58.300Z,2026-07-27 18:15:58.300,18376,2a89d4,8gtt1h,0.7.3,fleet_logger_0_1,550980035,UMLIFE_v2_TLC555,ch0,origplant,soil_moisture,1228,,,OK,,,983.3,,name=c5off1;level=overwatered;role=disp;spread=10;gpio=1;device_seq=73460;time_source=device_synced;device_timestamp_utc=2026-07-27T23:15:32.087Z;config_id=170b1c1e;rssi=-55;uptime_s=550980;heap=152644;cal_tier=board-cal;cal_src=wet_rederive_1236_20260719;pressure_context_source=weather_openmeteo;transport=wifi_poll,
plants.soil,2026-07-27T23:15:58.300Z,2026-07-27 18:15:58.300,18377,2a89d4,8gtt1h,0.7.3,fleet_logger_0_1,550980035,UMLIFE_v2_TLC555,ch1,origplant,soil_moisture,1356,,,OK,,,983.3,,name=c5off1;level=well watered;role=disp;spread=16;gpio=4;device_seq=73461;time_source=device_synced;device_timestamp_utc=2026-07-27T23:15:32.087Z;config_id=170b1c1e;rssi=-55;uptime_s=550980;heap=152644;cal_tier=board-cal;cal_src=wet_rederive_1236_20260719;pressure_context_source=weather_openmeteo;transport=wifi_poll,
plants.soil,2026-07-27T23:15:58.300Z,2026-07-27 18:15:58.300,18378,2a89d4,8gtt1h,0.7.3,fleet_logger_0_1,550980035,UMLIFE_v2_TLC555,ch2,origplant,soil_moisture,1196,,,OK,,,983.3,,name=c5off1;level=overwatered;role=disp;spread=17;gpio=5;device_seq=73462;time_source=device_synced;device_timestamp_utc=2026-07-27T23:15:32.087Z;config_id=170b1c1e;rssi=-55;uptime_s=550980;heap=152644;cal_tier=board-cal;cal_src=wet_rederive_1236_20260719;pressure_context_source=weather_openmeteo;transport=wifi_poll,
plants.soil,2026-07-27T23:15:58.300Z,2026-07-27 18:15:58.300,18379,2a89d4,8gtt1h,0.7.3,fleet_logger_0_1,550980035,UMLIFE_v2_TLC555,ch3,origplant,soil_moisture,1600,,,OK,,,983.3,,name=c5off1;level=OK;role=disp;spread=18;gpio=6;device_seq=73463;time_source=device_synced;device_timestamp_utc=2026-07-27T23:15:32.087Z;config_id=170b1c1e;rssi=-55;uptime_s=550980;heap=152644;cal_tier=board-cal;cal_src=wet_rederive_1236_20260719;pressure_context_source=weather_openmeteo;transport=wifi_poll,
plants.env,2026-07-27T23:15:58.300Z,2026-07-27 18:15:58.300,18380,2a89d4,8gtt1h,0.7.3,fleet_logger_0_1,550980719,ESP32,esp32_die,on_chip,die_temp,,24.70,degC,OK,,,,,name=c5off1;source=esp32_die;cal=uncalibrated_board_proxy;api=temperatureRead;config_id=170b1c1e;transport=wifi_poll,
plants.soil,2026-07-27T23:16:28.692Z,2026-07-27 18:16:28.692,18381,2a89d4,8gtt1h,0.7.3,fleet_logger_0_1,551010035,UMLIFE_v2_TLC555,ch0,origplant,soil_moisture,1227,,,OK,,,983.3,,name=c5off1;level=overwatered;role=disp;spread=18;gpio=1;device_seq=73464;time_source=device_synced;device_timestamp_utc=2026-07-27T23:16:02.087Z;config_id=170b1c1e;rssi=-55;uptime_s=551010;heap=152644;cal_tier=board-cal;cal_src=wet_rederive_1236_20260719;pressure_context_source=weather_openmeteo;transport=wifi_poll,
plants.soil,2026-07-27T23:16:28.692Z,2026-07-27 18:16:28.692,18382,2a89d4,8gtt1h,0.7.3,fleet_logger_0_1,551010035,UMLIFE_v2_TLC555,ch1,origplant,soil_moisture,1356,,,OK,,,983.3,,name=c5off1;level=well watered;role=disp;spread=23;gpio=4;device_seq=73465;time_source=device_synced;device_timestamp_utc=2026-07-27T23:16:02.087Z;config_id=170b1c1e;rssi=-55;uptime_s=551010;heap=152644;cal_tier=board-cal;cal_src=wet_rederive_1236_20260719;pressure_context_source=weather_openmeteo;transport=wifi_poll,
plants.soil,2026-07-27T23:16:28.692Z,2026-07-27 18:16:28.692,18383,2a89d4,8gtt1h,0.7.3,fleet_logger_0_1,551010035,UMLIFE_v2_TLC555,ch2,origplant,soil_moisture,1196,,,OK,,,983.3,,name=c5off1;level=overwatered;role=disp;spread=14;gpio=5;device_seq=73466;time_source=device_synced;device_timestamp_utc=2026-07-27T23:16:02.087Z;config_id=170b1c1e;rssi=-55;uptime_s=551010;heap=152644;cal_tier=board-cal;cal_src=wet_rederive_1236_20260719;pressure_context_source=weather_openmeteo;transport=wifi_poll,
plants.soil,2026-07-27T23:16:28.692Z,2026-07-27 18:16:28.692,18384,2a89d4,8gtt1h,0.7.3,fleet_logger_0_1,551010035,UMLIFE_v2_TLC555,ch3,origplant,soil_moisture,1602,,,OK,,,983.3,,name=c5off1;level=OK;role=disp;spread=20;gpio=6;device_seq=73467;time_source=device_synced;device_timestamp_utc=2026-07-27T23:16:02.087Z;config_id=170b1c1e;rssi=-55;uptime_s=551010;heap=152644;cal_tier=board-cal;cal_src=wet_rederive_1236_20260719;pressure_context_source=weather_openmeteo;transport=wifi_poll,
plants.env,2026-07-27T23:16:28.692Z,2026-07-27 18:16:28.692,18385,2a89d4,8gtt1h,0.7.3,fleet_logger_0_1,551010719,ESP32,esp32_die,on_chip,die_temp,,24.70,degC,OK,,,,,name=c5off1;source=esp32_die;cal=uncalibrated_board_proxy;api=temperatureRead;config_id=170b1c1e;transport=wifi_poll,
plants.soil,2026-07-27T23:16:59.100Z,2026-07-27 18:16:59.100,18386,2a89d4,8gtt1h,0.7.3,fleet_logger_0_1,551040035,UMLIFE_v2_TLC555,ch0,origplant,soil_moisture,1226,,,OK,,,983.3,,name=c5off1;level=overwatered;role=disp;spread=12;gpio=1;device_seq=73468;time_source=device_synced;device_timestamp_utc=2026-07-27T23:16:32.087Z;config_id=170b1c1e;rssi=-56;uptime_s=551040;heap=152668;cal_tier=board-cal;cal_src=wet_rederive_1236_20260719;pressure_context_source=weather_openmeteo;transport=wifi_poll,
plants.soil,2026-07-27T23:16:59.100Z,2026-07-27 18:16:59.100,18387,2a89d4,8gtt1h,0.7.3,fleet_logger_0_1,551040035,UMLIFE_v2_TLC555,ch1,origplant,soil_moisture,1356,,,OK,,,983.3,,name=c5off1;level=well watered;role=disp;spread=11;gpio=4;device_seq=73469;time_source=device_synced;device_timestamp_utc=2026-07-27T23:16:32.087Z;config_id=170b1c1e;rssi=-56;uptime_s=551040;heap=152668;cal_tier=board-cal;cal_src=wet_rederive_1236_20260719;pressure_context_source=weather_openmeteo;transport=wifi_poll,
plants.soil,2026-07-27T23:16:59.100Z,2026-07-27 18:16:59.100,18388,2a89d4,8gtt1h,0.7.3,fleet_logger_0_1,551040035,UMLIFE_v2_TLC555,ch2,origplant,soil_moisture,1198,,,OK,,,983.3,,name=c5off1;level=overwatered;role=disp;spread=14;gpio=5;device_seq=73470;time_source=device_synced;device_timestamp_utc=2026-07-27T23:16:32.087Z;config_id=170b1c1e;rssi=-56;uptime_s=551040;heap=152668;cal_tier=board-cal;cal_src=wet_rederive_1236_20260719;pressure_context_source=weather_openmeteo;transport=wifi_poll,
plants.soil,2026-07-27T23:16:59.100Z,2026-07-27 18:16:59.100,18389,2a89d4,8gtt1h,0.7.3,fleet_logger_0_1,551040035,UMLIFE_v2_TLC555,ch3,origplant,soil_moisture,1601,,,OK,,,983.3,,name=c5off1;level=OK;role=disp;spread=13;gpio=6;device_seq=73471;time_source=device_synced;device_timestamp_utc=2026-07-27T23:16:32.087Z;config_id=170b1c1e;rssi=-56;uptime_s=551040;heap=152668;cal_tier=board-cal;cal_src=wet_rederive_1236_20260719;pressure_context_source=weather_openmeteo;transport=wifi_poll,
plants.env,2026-07-27T23:16:59.100Z,2026-07-27 18:16:59.100,18390,2a89d4,8gtt1h,0.7.3,fleet_logger_0_1,551040720,ESP32,esp32_die,on_chip,die_temp,,24.70,degC,OK,,,,,name=c5off1;source=esp32_die;cal=uncalibrated_board_proxy;api=temperatureRead;config_id=170b1c1e;transport=wifi_poll,
plants.soil,2026-07-27T23:17:29.518Z,2026-07-27 18:17:29.518,18391,2a89d4,8gtt1h,0.7.3,fleet_logger_0_1,551070035,UMLIFE_v2_TLC555,ch0,origplant,soil_moisture,1206,,,OK,,,983.3,,name=c5off1;level=overwatered;role=disp;spread=14;gpio=1;device_seq=73472;time_source=device_synced;device_timestamp_utc=2026-07-27T23:17:02.087Z;config_id=170b1c1e;rssi=-55;uptime_s=551070;heap=152668;cal_tier=board-cal;cal_src=wet_rederive_1236_20260719;pressure_context_source=weather_openmeteo;transport=wifi_poll,
plants.soil,2026-07-27T23:17:29.518Z,2026-07-27 18:17:29.518,18392,2a89d4,8gtt1h,0.7.3,fleet_logger_0_1,551070035,UMLIFE_v2_TLC555,ch1,origplant,soil_moisture,1339,,,OK,,,983.3,,name=c5off1;level=well watered;role=disp;spread=13;gpio=4;device_seq=73473;time_source=device_synced;device_timestamp_utc=2026-07-27T23:17:02.087Z;config_id=170b1c1e;rssi=-55;uptime_s=551070;heap=152668;cal_tier=board-cal;cal_src=wet_rederive_1236_20260719;pressure_context_source=weather_openmeteo;transport=wifi_poll,
plants.soil,2026-07-27T23:17:29.518Z,2026-07-27 18:17:29.518,18393,2a89d4,8gtt1h,0.7.3,fleet_logger_0_1,551070035,UMLIFE_v2_TLC555,ch2,origplant,soil_moisture,1196,,,OK,,,983.3,,name=c5off1;level=overwatered;role=disp;spread=19;gpio=5;device_seq=73474;time_source=device_synced;device_timestamp_utc=2026-07-27T23:17:02.087Z;config_id=170b1c1e;rssi=-55;uptime_s=551070;heap=152668;cal_tier=board-cal;cal_src=wet_rederive_1236_20260719;pressure_context_source=weather_openmeteo;transport=wifi_poll,
plants.soil,2026-07-27T23:17:29.518Z,2026-07-27 18:17:29.518,18394,2a89d4,8gtt1h,0.7.3,fleet_logger_0_1,551070035,UMLIFE_v2_TLC555,ch3,origplant,soil_moisture,1594,,,OK,,,983.3,,name=c5off1;level=OK;role=disp;spread=7;gpio=6;device_seq=73475;time_source=device_synced;device_timestamp_utc=2026-07-27T23:17:02.087Z;config_id=170b1c1e;rssi=-55;uptime_s=551070;heap=152668;cal_tier=board-cal;cal_src=wet_rederive_1236_20260719;pressure_context_source=weather_openmeteo;transport=wifi_poll,
plants.env,2026-07-27T23:17:29.518Z,2026-07-27 18:17:29.518,18395,2a89d4,8gtt1h,0.7.3,fleet_logger_0_1,551070719,ESP32,esp32_die,on_chip,die_temp,,24.70,degC,OK,,,,,name=c5off1;source=esp32_die;cal=uncalibrated_board_proxy;api=temperatureRead;config_id=170b1c1e;transport=wifi_poll,
plants.soil,2026-07-27T23:17:59.843Z,2026-07-27 18:17:59.843,18396,2a89d4,8gtt1h,0.7.3,fleet_logger_0_1,551100035,UMLIFE_v2_TLC555,ch0,origplant,soil_moisture,1222,,,OK,,,983.3,,name=c5off1;level=overwatered;role=disp;spread=15;gpio=1;device_seq=73476;time_source=device_synced;device_timestamp_utc=2026-07-27T23:17:32.087Z;config_id=170b1c1e;rssi=-58;uptime_s=551100;heap=152412;cal_tier=board-cal;cal_src=wet_rederive_1236_20260719;pressure_context_source=weather_openmeteo;transport=wifi_poll,
plants.soil,2026-07-27T23:17:59.843Z,2026-07-27 18:17:59.843,18397,2a89d4,8gtt1h,0.7.3,fleet_logger_0_1,551100035,UMLIFE_v2_TLC555,ch1,origplant,soil_moisture,1357,,,OK,,,983.3,,name=c5off1;level=well watered;role=disp;spread=9;gpio=4;device_seq=73477;time_source=device_synced;device_timestamp_utc=2026-07-27T23:17:32.087Z;config_id=170b1c1e;rssi=-58;uptime_s=551100;heap=152412;cal_tier=board-cal;cal_src=wet_rederive_1236_20260719;pressure_context_source=weather_openmeteo;transport=wifi_poll,
plants.soil,2026-07-27T23:17:59.843Z,2026-07-27 18:17:59.843,18398,2a89d4,8gtt1h,0.7.3,fleet_logger_0_1,551100035,UMLIFE_v2_TLC555,ch2,origplant,soil_moisture,1198,,,OK,,,983.3,,name=c5off1;level=overwatered;role=disp;spread=12;gpio=5;device_seq=73478;time_source=device_synced;device_timestamp_utc=2026-07-27T23:17:32.087Z;config_id=170b1c1e;rssi=-58;uptime_s=551100;heap=152412;cal_tier=board-cal;cal_src=wet_rederive_1236_20260719;pressure_context_source=weather_openmeteo;transport=wifi_poll,
plants.soil,2026-07-27T23:17:59.843Z,2026-07-27 18:17:59.843,18399,2a89d4,8gtt1h,0.7.3,fleet_logger_0_1,551100035,UMLIFE_v2_TLC555,ch3,origplant,soil_moisture,1599,,,OK,,,983.3,,name=c5off1;level=OK;role=disp;spread=19;gpio=6;device_seq=73479;time_source=device_synced;device_timestamp_utc=2026-07-27T23:17:32.087Z;config_id=170b1c1e;rssi=-58;uptime_s=551100;heap=152412;cal_tier=board-cal;cal_src=wet_rederive_1236_20260719;pressure_context_source=weather_openmeteo;transport=wifi_poll,
plants.env,2026-07-27T23:17:59.843Z,2026-07-27 18:17:59.843,18400,2a89d4,8gtt1h,0.7.3,fleet_logger_0_1,551100719,ESP32,esp32_die,on_chip,die_temp,,24.70,degC,OK,,,,,name=c5off1;source=esp32_die;cal=uncalibrated_board_proxy;api=temperatureRead;config_id=170b1c1e;transport=wifi_poll,
plants.soil,2026-07-27T23:18:30.765Z,2026-07-27 18:18:30.765,18401,2a89d4,8gtt1h,0.7.3,fleet_logger_0_1,551130035,UMLIFE_v2_TLC555,ch0,origplant,soil_moisture,1222,,,OK,,,983.3,,name=c5off1;level=overwatered;role=disp;spread=18;gpio=1;device_seq=73480;time_source=device_synced;device_timestamp_utc=2026-07-27T23:18:02.087Z;config_id=170b1c1e;rssi=-53;uptime_s=551130;heap=152364;cal_tier=board-cal;cal_src=wet_rederive_1236_20260719;pressure_context_source=weather_openmeteo;transport=wifi_poll,
plants.soil,2026-07-27T23:18:30.765Z,2026-07-27 18:18:30.765,18402,2a89d4,8gtt1h,0.7.3,fleet_logger_0_1,551130035,UMLIFE_v2_TLC555,ch1,origplant,soil_moisture,1359,,,OK,,,983.3,,name=c5off1;level=well watered;role=disp;spread=11;gpio=4;device_seq=73481;time_source=device_synced;device_timestamp_utc=2026-07-27T23:18:02.087Z;config_id=170b1c1e;rssi=-53;uptime_s=551130;heap=152364;cal_tier=board-cal;cal_src=wet_rederive_1236_20260719;pressure_context_source=weather_openmeteo;transport=wifi_poll,
plants.soil,2026-07-27T23:18:30.765Z,2026-07-27 18:18:30.765,18403,2a89d4,8gtt1h,0.7.3,fleet_logger_0_1,551130035,UMLIFE_v2_TLC555,ch2,origplant,soil_moisture,1197,,,OK,,,983.3,,name=c5off1;level=overwatered;role=disp;spread=16;gpio=5;device_seq=73482;time_source=device_synced;device_timestamp_utc=2026-07-27T23:18:02.087Z;config_id=170b1c1e;rssi=-53;uptime_s=551130;heap=152364;cal_tier=board-cal;cal_src=wet_rederive_1236_20260719;pressure_context_source=weather_openmeteo;transport=wifi_poll,
plants.soil,2026-07-27T23:18:30.765Z,2026-07-27 18:18:30.765,18404,2a89d4,8gtt1h,0.7.3,fleet_logger_0_1,551130035,UMLIFE_v2_TLC555,ch3,origplant,soil_moisture,1600,,,OK,,,983.3,,name=c5off1;level=OK;role=disp;spread=37;gpio=6;device_seq=73483;time_source=device_synced;device_timestamp_utc=2026-07-27T23:18:02.087Z;config_id=170b1c1e;rssi=-53;uptime_s=551130;heap=152364;cal_tier=board-cal;cal_src=wet_rederive_1236_20260719;pressure_context_source=weather_openmeteo;transport=wifi_poll,
plants.env,2026-07-27T23:18:30.765Z,2026-07-27 18:18:30.765,18405,2a89d4,8gtt1h,0.7.3,fleet_logger_0_1,551130719,ESP32,esp32_die,on_chip,die_temp,,24.70,degC,OK,,,,,name=c5off1;source=esp32_die;cal=uncalibrated_board_proxy;api=temperatureRead;config_id=170b1c1e;transport=wifi_poll,
plants.soil,2026-07-27T23:19:01.683Z,2026-07-27 18:19:01.683,18406,2a89d4,8gtt1h,0.7.3,fleet_logger_0_1,551190035,UMLIFE_v2_TLC555,ch0,origplant,soil_moisture,1209,,,OK,,,983.3,,name=c5off1;level=overwatered;role=disp;spread=11;gpio=1;device_seq=73488;time_source=device_synced;device_timestamp_utc=2026-07-27T23:19:02.087Z;config_id=170b1c1e;rssi=-58;uptime_s=551190;heap=152924;cal_tier=board-cal;cal_src=wet_rederive_1236_20260719;pressure_context_source=weather_openmeteo;transport=wifi_poll,
plants.soil,2026-07-27T23:19:01.683Z,2026-07-27 18:19:01.683,18407,2a89d4,8gtt1h,0.7.3,fleet_logger_0_1,551190035,UMLIFE_v2_TLC555,ch1,origplant,soil_moisture,1341,,,OK,,,983.3,,name=c5off1;level=well watered;role=disp;spread=19;gpio=4;device_seq=73489;time_source=device_synced;device_timestamp_utc=2026-07-27T23:19:02.087Z;config_id=170b1c1e;rssi=-58;uptime_s=551190;heap=152924;cal_tier=board-cal;cal_src=wet_rederive_1236_20260719;pressure_context_source=weather_openmeteo;transport=wifi_poll,
plants.soil,2026-07-27T23:19:01.683Z,2026-07-27 18:19:01.683,18408,2a89d4,8gtt1h,0.7.3,fleet_logger_0_1,551190035,UMLIFE_v2_TLC555,ch2,origplant,soil_moisture,1198,,,OK,,,983.3,,name=c5off1;level=overwatered;role=disp;spread=6;gpio=5;device_seq=73490;time_source=device_synced;device_timestamp_utc=2026-07-27T23:19:02.087Z;config_id=170b1c1e;rssi=-58;uptime_s=551190;heap=152924;cal_tier=board-cal;cal_src=wet_rederive_1236_20260719;pressure_context_source=weather_openmeteo;transport=wifi_poll,
plants.soil,2026-07-27T23:19:01.683Z,2026-07-27 18:19:01.683,18409,2a89d4,8gtt1h,0.7.3,fleet_logger_0_1,551190035,UMLIFE_v2_TLC555,ch3,origplant,soil_moisture,1601,,,OK,,,983.3,,name=c5off1;level=OK;role=disp;spread=13;gpio=6;device_seq=73491;time_source=device_synced;device_timestamp_utc=2026-07-27T23:19:02.087Z;config_id=170b1c1e;rssi=-58;uptime_s=551190;heap=152924;cal_tier=board-cal;cal_src=wet_rederive_1236_20260719;pressure_context_source=weather_openmeteo;transport=wifi_poll,
plants.env,2026-07-27T23:19:01.683Z,2026-07-27 18:19:01.683,18410,2a89d4,8gtt1h,0.7.3,fleet_logger_0_1,551190719,ESP32,esp32_die,on_chip,die_temp,,24.70,degC,OK,,,,,name=c5off1;source=esp32_die;cal=uncalibrated_board_proxy;api=temperatureRead;config_id=170b1c1e;transport=wifi_poll,
plants.soil,2026-07-27T23:19:31.987Z,2026-07-27 18:19:31.987,18411,2a89d4,8gtt1h,0.7.3,fleet_logger_0_1,551220035,UMLIFE_v2_TLC555,ch0,origplant,soil_moisture,1211,,,OK,,,983.3,,name=c5off1;level=overwatered;role=disp;spread=12;gpio=1;device_seq=73492;time_source=device_synced;device_timestamp_utc=2026-07-27T23:19:32.087Z;config_id=170b1c1e;rssi=-57;uptime_s=551220;heap=152868;cal_tier=board-cal;cal_src=wet_rederive_1236_20260719;pressure_context_source=weather_openmeteo;transport=wifi_poll,
plants.soil,2026-07-27T23:19:31.987Z,2026-07-27 18:19:31.987,18412,2a89d4,8gtt1h,0.7.3,fleet_logger_0_1,551220035,UMLIFE_v2_TLC555,ch1,origplant,soil_moisture,1338,,,OK,,,983.3,,name=c5off1;level=well watered;role=disp;spread=23;gpio=4;device_seq=73493;time_source=device_synced;device_timestamp_utc=2026-07-27T23:19:32.087Z;config_id=170b1c1e;rssi=-57;uptime_s=551220;heap=152868;cal_tier=board-cal;cal_src=wet_rederive_1236_20260719;pressure_context_source=weather_openmeteo;transport=wifi_poll,
plants.soil,2026-07-27T23:19:31.987Z,2026-07-27 18:19:31.987,18413,2a89d4,8gtt1h,0.7.3,fleet_logger_0_1,551220035,UMLIFE_v2_TLC555,ch2,origplant,soil_moisture,1198,,,OK,,,983.3,,name=c5off1;level=overwatered;role=disp;spread=13;gpio=5;device_seq=73494;time_source=device_synced;device_timestamp_utc=2026-07-27T23:19:32.087Z;config_id=170b1c1e;rssi=-57;uptime_s=551220;heap=152868;cal_tier=board-cal;cal_src=wet_rederive_1236_20260719;pressure_context_source=weather_openmeteo;transport=wifi_poll,
plants.soil,2026-07-27T23:19:31.987Z,2026-07-27 18:19:31.987,18414,2a89d4,8gtt1h,0.7.3,fleet_logger_0_1,551220035,UMLIFE_v2_TLC555,ch3,origplant,soil_moisture,1593,,,OK,,,983.3,,name=c5off1;level=OK;role=disp;spread=23;gpio=6;device_seq=73495;time_source=device_synced;device_timestamp_utc=2026-07-27T23:19:32.087Z;config_id=170b1c1e;rssi=-57;uptime_s=551220;heap=152868;cal_tier=board-cal;cal_src=wet_rederive_1236_20260719;pressure_context_source=weather_openmeteo;transport=wifi_poll,
plants.env,2026-07-27T23:19:31.987Z,2026-07-27 18:19:31.987,18415,2a89d4,8gtt1h,0.7.3,fleet_logger_0_1,551220719,ESP32,esp32_die,on_chip,die_temp,,24.70,degC,OK,,,,,name=c5off1;source=esp32_die;cal=uncalibrated_board_proxy;api=temperatureRead;config_id=170b1c1e;transport=wifi_poll,
plants.soil,2026-07-27T23:20:02.395Z,2026-07-27 18:20:02.395,18416,2a89d4,8gtt1h,0.7.3,fleet_logger_0_1,551250035,UMLIFE_v2_TLC555,ch0,origplant,soil_moisture,1210,,,OK,,,983.3,,name=c5off1;level=overwatered;role=disp;spread=13;gpio=1;device_seq=73496;time_source=device_synced;device_timestamp_utc=2026-07-27T23:20:02.087Z;config_id=170b1c1e;rssi=-56;uptime_s=551250;heap=152856;cal_tier=board-cal;cal_src=wet_rederive_1236_20260719;pressure_context_source=weather_openmeteo;transport=wifi_poll,
plants.soil,2026-07-27T23:20:02.395Z,2026-07-27 18:20:02.395,18417,2a89d4,8gtt1h,0.7.3,fleet_logger_0_1,551250035,UMLIFE_v2_TLC555,ch1,origplant,soil_moisture,1339,,,OK,,,983.3,,name=c5off1;level=well watered;role=disp;spread=9;gpio=4;device_seq=73497;time_source=device_synced;device_timestamp_utc=2026-07-27T23:20:02.087Z;config_id=170b1c1e;rssi=-56;uptime_s=551250;heap=152856;cal_tier=board-cal;cal_src=wet_rederive_1236_20260719;pressure_context_source=weather_openmeteo;transport=wifi_poll,
plants.soil,2026-07-27T23:20:02.395Z,2026-07-27 18:20:02.395,18418,2a89d4,8gtt1h,0.7.3,fleet_logger_0_1,551250035,UMLIFE_v2_TLC555,ch2,origplant,soil_moisture,1197,,,OK,,,983.3,,name=c5off1;level=overwatered;role=disp;spread=11;gpio=5;device_seq=73498;time_source=device_synced;device_timestamp_utc=2026-07-27T23:20:02.087Z;config_id=170b1c1e;rssi=-56;uptime_s=551250;heap=152856;cal_tier=board-cal;cal_src=wet_rederive_1236_20260719;pressure_context_source=weather_openmeteo;transport=wifi_poll,
plants.soil,2026-07-27T23:20:02.395Z,2026-07-27 18:20:02.395,18419,2a89d4,8gtt1h,0.7.3,fleet_logger_0_1,551250035,UMLIFE_v2_TLC555,ch3,origplant,soil_moisture,1583,,,OK,,,983.3,,name=c5off1;level=OK;role=disp;spread=26;gpio=6;device_seq=73499;time_source=device_synced;device_timestamp_utc=2026-07-27T23:20:02.087Z;config_id=170b1c1e;rssi=-56;uptime_s=551250;heap=152856;cal_tier=board-cal;cal_src=wet_rederive_1236_20260719;pressure_context_source=weather_openmeteo;transport=wifi_poll,
plants.env,2026-07-27T23:20:02.395Z,2026-07-27 18:20:02.395,18420,2a89d4,8gtt1h,0.7.3,fleet_logger_0_1,551250719,ESP32,esp32_die,on_chip,die_temp,,24.70,degC,OK,,,,,name=c5off1;source=esp32_die;cal=uncalibrated_board_proxy;api=temperatureRead;config_id=170b1c1e;transport=wifi_poll,
plants.soil,2026-07-27T23:20:32.733Z,2026-07-27 18:20:32.733,18421,2a89d4,8gtt1h,0.7.3,fleet_logger_0_1,551280035,UMLIFE_v2_TLC555,ch0,origplant,soil_moisture,1215,,,OK,,,983.3,,name=c5off1;level=overwatered;role=disp;spread=13;gpio=1;device_seq=73500;time_source=device_synced;device_timestamp_utc=2026-07-27T23:20:32.087Z;config_id=170b1c1e;rssi=-54;uptime_s=551280;heap=152668;cal_tier=board-cal;cal_src=wet_rederive_1236_20260719;pressure_context_source=weather_openmeteo;transport=wifi_poll,
plants.soil,2026-07-27T23:20:32.733Z,2026-07-27 18:20:32.733,18422,2a89d4,8gtt1h,0.7.3,fleet_logger_0_1,551280035,UMLIFE_v2_TLC555,ch1,origplant,soil_moisture,1343,,,OK,,,983.3,,name=c5off1;level=well watered;role=disp;spread=18;gpio=4;device_seq=73501;time_source=device_synced;device_timestamp_utc=2026-07-27T23:20:32.087Z;config_id=170b1c1e;rssi=-54;uptime_s=551280;heap=152668;cal_tier=board-cal;cal_src=wet_rederive_1236_20260719;pressure_context_source=weather_openmeteo;transport=wifi_poll,
plants.soil,2026-07-27T23:20:32.733Z,2026-07-27 18:20:32.733,18423,2a89d4,8gtt1h,0.7.3,fleet_logger_0_1,551280035,UMLIFE_v2_TLC555,ch2,origplant,soil_moisture,1198,,,OK,,,983.3,,name=c5off1;level=overwatered;role=disp;spread=22;gpio=5;device_seq=73502;time_source=device_synced;device_timestamp_utc=2026-07-27T23:20:32.087Z;config_id=170b1c1e;rssi=-54;uptime_s=551280;heap=152668;cal_tier=board-cal;cal_src=wet_rederive_1236_20260719;pressure_context_source=weather_openmeteo;transport=wifi_poll,
plants.soil,2026-07-27T23:20:32.733Z,2026-07-27 18:20:32.733,18424,2a89d4,8gtt1h,0.7.3,fleet_logger_0_1,551280035,UMLIFE_v2_TLC555,ch3,origplant,soil_moisture,1584,,,OK,,,983.3,,name=c5off1;level=OK;role=disp;spread=11;gpio=6;device_seq=73503;time_source=device_synced;device_timestamp_utc=2026-07-27T23:20:32.087Z;config_id=170b1c1e;rssi=-54;uptime_s=551280;heap=152668;cal_tier=board-cal;cal_src=wet_rederive_1236_20260719;pressure_context_source=weather_openmeteo;transport=wifi_poll,
plants.env,2026-07-27T23:20:32.733Z,2026-07-27 18:20:32.733,18425,2a89d4,8gtt1h,0.7.3,fleet_logger_0_1,551280719,ESP32,esp32_die,on_chip,die_temp,,24.70,degC,OK,,,,,name=c5off1;source=esp32_die;cal=uncalibrated_board_proxy;api=temperatureRead;config_id=170b1c1e;transport=wifi_poll,
plants.soil,2026-07-27T23:21:03.449Z,2026-07-27 18:21:03.449,18426,2a89d4,8gtt1h,0.7.3,fleet_logger_0_1,551310035,UMLIFE_v2_TLC555,ch0,origplant,soil_moisture,1224,,,OK,,,983.3,,name=c5off1;level=overwatered;role=disp;spread=12;gpio=1;device_seq=73504;time_source=device_synced;device_timestamp_utc=2026-07-27T23:21:02.087Z;config_id=170b1c1e;rssi=-56;uptime_s=551310;heap=152400;cal_tier=board-cal;cal_src=wet_rederive_1236_20260719;pressure_context_source=weather_openmeteo;transport=wifi_poll,
plants.soil,2026-07-27T23:21:03.449Z,2026-07-27 18:21:03.449,18427,2a89d4,8gtt1h,0.7.3,fleet_logger_0_1,551310035,UMLIFE_v2_TLC555,ch1,origplant,soil_moisture,1345,,,OK,,,983.3,,name=c5off1;level=well watered;role=disp;spread=22;gpio=4;device_seq=73505;time_source=device_synced;device_timestamp_utc=2026-07-27T23:21:02.087Z;config_id=170b1c1e;rssi=-56;uptime_s=551310;heap=152400;cal_tier=board-cal;cal_src=wet_rederive_1236_20260719;pressure_context_source=weather_openmeteo;transport=wifi_poll,
plants.soil,2026-07-27T23:21:03.449Z,2026-07-27 18:21:03.449,18428,2a89d4,8gtt1h,0.7.3,fleet_logger_0_1,551310035,UMLIFE_v2_TLC555,ch2,origplant,soil_moisture,1195,,,OK,,,983.3,,name=c5off1;level=overwatered;role=disp;spread=18;gpio=5;device_seq=73506;time_source=device_synced;device_timestamp_utc=2026-07-27T23:21:02.087Z;config_id=170b1c1e;rssi=-56;uptime_s=551310;heap=152400;cal_tier=board-cal;cal_src=wet_rederive_1236_20260719;pressure_context_source=weather_openmeteo;transport=wifi_poll,
plants.soil,2026-07-27T23:21:03.449Z,2026-07-27 18:21:03.449,18429,2a89d4,8gtt1h,0.7.3,fleet_logger_0_1,551310035,UMLIFE_v2_TLC555,ch3,origplant,soil_moisture,1584,,,OK,,,983.3,,name=c5off1;level=OK;role=disp;spread=7;gpio=6;device_seq=73507;time_source=device_synced;device_timestamp_utc=2026-07-27T23:21:02.087Z;config_id=170b1c1e;rssi=-56;uptime_s=551310;heap=152400;cal_tier=board-cal;cal_src=wet_rederive_1236_20260719;pressure_context_source=weather_openmeteo;transport=wifi_poll,
plants.env,2026-07-27T23:21:03.449Z,2026-07-27 18:21:03.449,18430,2a89d4,8gtt1h,0.7.3,fleet_logger_0_1,551310719,ESP32,esp32_die,on_chip,die_temp,,24.70,degC,OK,,,,,name=c5off1;source=esp32_die;cal=uncalibrated_board_proxy;api=temperatureRead;config_id=170b1c1e;transport=wifi_poll,
plants.soil,2026-07-27T23:21:34.048Z,2026-07-27 18:21:34.048,18431,2a89d4,8gtt1h,0.7.3,fleet_logger_0_1,551340035,UMLIFE_v2_TLC555,ch0,origplant,soil_moisture,1227,,,OK,,,983.3,,name=c5off1;level=overwatered;role=disp;spread=22;gpio=1;device_seq=73508;time_source=device_synced;device_timestamp_utc=2026-07-27T23:21:32.087Z;config_id=170b1c1e;rssi=-55;uptime_s=551340;heap=152652;cal_tier=board-cal;cal_src=wet_rederive_1236_20260719;pressure_context_source=weather_openmeteo;transport=wifi_poll,
plants.soil,2026-07-27T23:21:34.048Z,2026-07-27 18:21:34.048,18432,2a89d4,8gtt1h,0.7.3,fleet_logger_0_1,551340035,UMLIFE_v2_TLC555,ch1,origplant,soil_moisture,1351,,,OK,,,983.3,,name=c5off1;level=well watered;role=disp;spread=17;gpio=4;device_seq=73509;time_source=device_synced;device_timestamp_utc=2026-07-27T23:21:32.087Z;config_id=170b1c1e;rssi=-55;uptime_s=551340;heap=152652;cal_tier=board-cal;cal_src=wet_rederive_1236_20260719;pressure_context_source=weather_openmeteo;transport=wifi_poll,
plants.soil,2026-07-27T23:21:34.048Z,2026-07-27 18:21:34.048,18433,2a89d4,8gtt1h,0.7.3,fleet_logger_0_1,551340035,UMLIFE_v2_TLC555,ch2,origplant,soil_moisture,1199,,,OK,,,983.3,,name=c5off1;level=overwatered;role=disp;spread=18;gpio=5;device_seq=73510;time_source=device_synced;device_timestamp_utc=2026-07-27T23:21:32.087Z;config_id=170b1c1e;rssi=-55;uptime_s=551340;heap=152652;cal_tier=board-cal;cal_src=wet_rederive_1236_20260719;pressure_context_source=weather_openmeteo;transport=wifi_poll,
plants.soil,2026-07-27T23:21:34.048Z,2026-07-27 18:21:34.048,18434,2a89d4,8gtt1h,0.7.3,fleet_logger_0_1,551340035,UMLIFE_v2_TLC555,ch3,origplant,soil_moisture,1587,,,OK,,,983.3,,name=c5off1;level=OK;role=disp;spread=26;gpio=6;device_seq=73511;time_source=device_synced;device_timestamp_utc=2026-07-27T23:21:32.087Z;config_id=170b1c1e;rssi=-55;uptime_s=551340;heap=152652;cal_tier=board-cal;cal_src=wet_rederive_1236_20260719;pressure_context_source=weather_openmeteo;transport=wifi_poll,
plants.env,2026-07-27T23:21:34.048Z,2026-07-27 18:21:34.048,18435,2a89d4,8gtt1h,0.7.3,fleet_logger_0_1,551340720,ESP32,esp32_die,on_chip,die_temp,,24.70,degC,OK,,,,,name=c5off1;source=esp32_die;cal=uncalibrated_board_proxy;api=temperatureRead;config_id=170b1c1e;transport=wifi_poll,
plants.soil,2026-07-27T23:22:04.563Z,2026-07-27 18:22:04.563,18436,2a89d4,8gtt1h,0.7.3,fleet_logger_0_1,551370035,UMLIFE_v2_TLC555,ch0,origplant,soil_moisture,1228,,,OK,,,983.3,,name=c5off1;level=overwatered;role=disp;spread=16;gpio=1;device_seq=73512;time_source=device_synced;device_timestamp_utc=2026-07-27T23:22:02.087Z;config_id=170b1c1e;rssi=-56;uptime_s=551370;heap=152608;cal_tier=board-cal;cal_src=wet_rederive_1236_20260719;pressure_context_source=weather_openmeteo;transport=wifi_poll,
plants.soil,2026-07-27T23:22:04.563Z,2026-07-27 18:22:04.563,18437,2a89d4,8gtt1h,0.7.3,fleet_logger_0_1,551370035,UMLIFE_v2_TLC555,ch1,origplant,soil_moisture,1359,,,OK,,,983.3,,name=c5off1;level=well watered;role=disp;spread=34;gpio=4;device_seq=73513;time_source=device_synced;device_timestamp_utc=2026-07-27T23:22:02.087Z;config_id=170b1c1e;rssi=-56;uptime_s=551370;heap=152608;cal_tier=board-cal;cal_src=wet_rederive_1236_20260719;pressure_context_source=weather_openmeteo;transport=wifi_poll,
plants.soil,2026-07-27T23:22:04.563Z,2026-07-27 18:22:04.563,18438,2a89d4,8gtt1h,0.7.3,fleet_logger_0_1,551370035,UMLIFE_v2_TLC555,ch2,origplant,soil_moisture,1197,,,OK,,,983.3,,name=c5off1;level=overwatered;role=disp;spread=13;gpio=5;device_seq=73514;time_source=device_synced;device_timestamp_utc=2026-07-27T23:22:02.087Z;config_id=170b1c1e;rssi=-56;uptime_s=551370;heap=152608;cal_tier=board-cal;cal_src=wet_rederive_1236_20260719;pressure_context_source=weather_openmeteo;transport=wifi_poll,
plants.soil,2026-07-27T23:22:04.563Z,2026-07-27 18:22:04.563,18439,2a89d4,8gtt1h,0.7.3,fleet_logger_0_1,551370035,UMLIFE_v2_TLC555,ch3,origplant,soil_moisture,1588,,,OK,,,983.3,,name=c5off1;level=OK;role=disp;spread=9;gpio=6;device_seq=73515;time_source=device_synced;device_timestamp_utc=2026-07-27T23:22:02.087Z;config_id=170b1c1e;rssi=-56;uptime_s=551370;heap=152608;cal_tier=board-cal;cal_src=wet_rederive_1236_20260719;pressure_context_source=weather_openmeteo;transport=wifi_poll,
plants.env,2026-07-27T23:22:04.563Z,2026-07-27 18:22:04.563,18440,2a89d4,8gtt1h,0.7.3,fleet_logger_0_1,551370719,ESP32,esp32_die,on_chip,die_temp,,24.70,degC,OK,,,,,name=c5off1;source=esp32_die;cal=uncalibrated_board_proxy;api=temperatureRead;config_id=170b1c1e;transport=wifi_poll,
plants.soil,2026-07-27T23:22:35.487Z,2026-07-27 18:22:35.487,18441,2a89d4,8gtt1h,0.7.3,fleet_logger_0_1,551400035,UMLIFE_v2_TLC555,ch0,origplant,soil_moisture,1226,,,OK,,,983.3,,name=c5off1;level=overwatered;role=disp;spread=10;gpio=1;device_seq=73516;time_source=device_synced;device_timestamp_utc=2026-07-27T23:22:32.087Z;config_id=170b1c1e;rssi=-58;uptime_s=551400;heap=152612;cal_tier=board-cal;cal_src=wet_rederive_1236_20260719;pressure_context_source=weather_openmeteo;transport=wifi_poll,
plants.soil,2026-07-27T23:22:35.487Z,2026-07-27 18:22:35.487,18442,2a89d4,8gtt1h,0.7.3,fleet_logger_0_1,551400035,UMLIFE_v2_TLC555,ch1,origplant,soil_moisture,1358,,,OK,,,983.3,,name=c5off1;level=well watered;role=disp;spread=24;gpio=4;device_seq=73517;time_source=device_synced;device_timestamp_utc=2026-07-27T23:22:32.087Z;config_id=170b1c1e;rssi=-58;uptime_s=551400;heap=152612;cal_tier=board-cal;cal_src=wet_rederive_1236_20260719;pressure_context_source=weather_openmeteo;transport=wifi_poll,
plants.soil,2026-07-27T23:22:35.487Z,2026-07-27 18:22:35.487,18443,2a89d4,8gtt1h,0.7.3,fleet_logger_0_1,551400035,UMLIFE_v2_TLC555,ch2,origplant,soil_moisture,1197,,,OK,,,983.3,,name=c5off1;level=overwatered;role=disp;spread=10;gpio=5;device_seq=73518;time_source=device_synced;device_timestamp_utc=2026-07-27T23:22:32.087Z;config_id=170b1c1e;rssi=-58;uptime_s=551400;heap=152612;cal_tier=board-cal;cal_src=wet_rederive_1236_20260719;pressure_context_source=weather_openmeteo;transport=wifi_poll,
plants.soil,2026-07-27T23:22:35.487Z,2026-07-27 18:22:35.487,18444,2a89d4,8gtt1h,0.7.3,fleet_logger_0_1,551400035,UMLIFE_v2_TLC555,ch3,origplant,soil_moisture,1595,,,OK,,,983.3,,name=c5off1;level=OK;role=disp;spread=12;gpio=6;device_seq=73519;time_source=device_synced;device_timestamp_utc=2026-07-27T23:22:32.087Z;config_id=170b1c1e;rssi=-58;uptime_s=551400;heap=152612;cal_tier=board-cal;cal_src=wet_rederive_1236_20260719;pressure_context_source=weather_openmeteo;transport=wifi_poll,
plants.env,2026-07-27T23:22:35.487Z,2026-07-27 18:22:35.487,18445,2a89d4,8gtt1h,0.7.3,fleet_logger_0_1,551401819,ESP32,esp32_die,on_chip,die_temp,,24.70,degC,OK,,,,,name=c5off1;source=esp32_die;cal=uncalibrated_board_proxy;api=temperatureRead;config_id=170b1c1e;transport=wifi_poll,
plants.soil,2026-07-27T23:23:06.002Z,2026-07-27 18:23:06.002,18446,2a89d4,8gtt1h,0.7.3,fleet_logger_0_1,551430035,UMLIFE_v2_TLC555,ch0,origplant,soil_moisture,1225,,,OK,,,983.3,,name=c5off1;level=overwatered;role=disp;spread=14;gpio=1;device_seq=73520;time_source=device_synced;device_timestamp_utc=2026-07-27T23:23:02.087Z;config_id=170b1c1e;rssi=-57;uptime_s=551430;heap=152620;cal_tier=board-cal;cal_src=wet_rederive_1236_20260719;pressure_context_source=weather_openmeteo;transport=wifi_poll,
plants.soil,2026-07-27T23:23:06.002Z,2026-07-27 18:23:06.002,18447,2a89d4,8gtt1h,0.7.3,fleet_logger_0_1,551430035,UMLIFE_v2_TLC555,ch1,origplant,soil_moisture,1359,,,OK,,,983.3,,name=c5off1;level=well watered;role=disp;spread=30;gpio=4;device_seq=73521;time_source=device_synced;device_timestamp_utc=2026-07-27T23:23:02.087Z;config_id=170b1c1e;rssi=-57;uptime_s=551430;heap=152620;cal_tier=board-cal;cal_src=wet_rederive_1236_20260719;pressure_context_source=weather_openmeteo;transport=wifi_poll,
plants.soil,2026-07-27T23:23:06.002Z,2026-07-27 18:23:06.002,18448,2a89d4,8gtt1h,0.7.3,fleet_logger_0_1,551430035,UMLIFE_v2_TLC555,ch2,origplant,soil_moisture,1199,,,OK,,,983.3,,name=c5off1;level=overwatered;role=disp;spread=19;gpio=5;device_seq=73522;time_source=device_synced;device_timestamp_utc=2026-07-27T23:23:02.087Z;config_id=170b1c1e;rssi=-57;uptime_s=551430;heap=152620;cal_tier=board-cal;cal_src=wet_rederive_1236_20260719;pressure_context_source=weather_openmeteo;transport=wifi_poll,
plants.soil,2026-07-27T23:23:06.002Z,2026-07-27 18:23:06.002,18449,2a89d4,8gtt1h,0.7.3,fleet_logger_0_1,551430035,UMLIFE_v2_TLC555,ch3,origplant,soil_moisture,1598,,,OK,,,983.3,,name=c5off1;level=OK;role=disp;spread=39;gpio=6;device_seq=73523;time_source=device_synced;device_timestamp_utc=2026-07-27T23:23:02.087Z;config_id=170b1c1e;rssi=-57;uptime_s=551430;heap=152620;cal_tier=board-cal;cal_src=wet_rederive_1236_20260719;pressure_context_source=weather_openmeteo;transport=wifi_poll,
plants.env,2026-07-27T23:23:06.002Z,2026-07-27 18:23:06.002,18450,2a89d4,8gtt1h,0.7.3,fleet_logger_0_1,551430720,ESP32,esp32_die,on_chip,die_temp,,24.70,degC,OK,,,,,name=c5off1;source=esp32_die;cal=uncalibrated_board_proxy;api=temperatureRead;config_id=170b1c1e;transport=wifi_poll,
plants.soil,2026-07-27T23:23:36.405Z,2026-07-27 18:23:36.405,18451,2a89d4,8gtt1h,0.7.3,fleet_logger_0_1,551460035,UMLIFE_v2_TLC555,ch0,origplant,soil_moisture,1228,,,OK,,,983.3,,name=c5off1;level=overwatered;role=disp;spread=10;gpio=1;device_seq=73524;time_source=device_synced;device_timestamp_utc=2026-07-27T23:23:32.087Z;config_id=170b1c1e;rssi=-55;uptime_s=551460;heap=152340;cal_tier=board-cal;cal_src=wet_rederive_1236_20260719;pressure_context_source=weather_openmeteo;transport=wifi_poll,
plants.soil,2026-07-27T23:23:36.405Z,2026-07-27 18:23:36.405,18452,2a89d4,8gtt1h,0.7.3,fleet_logger_0_1,551460035,UMLIFE_v2_TLC555,ch1,origplant,soil_moisture,1357,,,OK,,,983.3,,name=c5off1;level=well watered;role=disp;spread=32;gpio=4;device_seq=73525;time_source=device_synced;device_timestamp_utc=2026-07-27T23:23:32.087Z;config_id=170b1c1e;rssi=-55;uptime_s=551460;heap=152340;cal_tier=board-cal;cal_src=wet_rederive_1236_20260719;pressure_context_source=weather_openmeteo;transport=wifi_poll,
plants.soil,2026-07-27T23:23:36.405Z,2026-07-27 18:23:36.405,18453,2a89d4,8gtt1h,0.7.3,fleet_logger_0_1,551460035,UMLIFE_v2_TLC555,ch2,origplant,soil_moisture,1197,,,OK,,,983.3,,name=c5off1;level=overwatered;role=disp;spread=29;gpio=5;device_seq=73526;time_source=device_synced;device_timestamp_utc=2026-07-27T23:23:32.087Z;config_id=170b1c1e;rssi=-55;uptime_s=551460;heap=152340;cal_tier=board-cal;cal_src=wet_rederive_1236_20260719;pressure_context_source=weather_openmeteo;transport=wifi_poll,
plants.soil,2026-07-27T23:23:36.405Z,2026-07-27 18:23:36.405,18454,2a89d4,8gtt1h,0.7.3,fleet_logger_0_1,551460035,UMLIFE_v2_TLC555,ch3,origplant,soil_moisture,1599,,,OK,,,983.3,,name=c5off1;level=OK;role=disp;spread=17;gpio=6;device_seq=73527;time_source=device_synced;device_timestamp_utc=2026-07-27T23:23:32.087Z;config_id=170b1c1e;rssi=-55;uptime_s=551460;heap=152340;cal_tier=board-cal;cal_src=wet_rederive_1236_20260719;pressure_context_source=weather_openmeteo;transport=wifi_poll,
plants.env,2026-07-27T23:23:36.405Z,2026-07-27 18:23:36.405,18455,2a89d4,8gtt1h,0.7.3,fleet_logger_0_1,551460719,ESP32,esp32_die,on_chip,die_temp,,24.70,degC,OK,,,,,name=c5off1;source=esp32_die;cal=uncalibrated_board_proxy;api=temperatureRead;config_id=170b1c1e;transport=wifi_poll,
plants.soil,2026-07-27T23:24:06.728Z,2026-07-27 18:24:06.728,18456,2a89d4,8gtt1h,0.7.3,fleet_logger_0_1,551490035,UMLIFE_v2_TLC555,ch0,origplant,soil_moisture,1228,,,OK,,,983.3,,name=c5off1;level=overwatered;role=disp;spread=15;gpio=1;device_seq=73528;time_source=device_synced;device_timestamp_utc=2026-07-27T23:24:02.087Z;config_id=170b1c1e;rssi=-56;uptime_s=551490;heap=152340;cal_tier=board-cal;cal_src=wet_rederive_1236_20260719;pressure_context_source=weather_openmeteo;transport=wifi_poll,
plants.soil,2026-07-27T23:24:06.728Z,2026-07-27 18:24:06.728,18457,2a89d4,8gtt1h,0.7.3,fleet_logger_0_1,551490035,UMLIFE_v2_TLC555,ch1,origplant,soil_moisture,1357,,,OK,,,983.3,,name=c5off1;level=well watered;role=disp;spread=10;gpio=4;device_seq=73529;time_source=device_synced;device_timestamp_utc=2026-07-27T23:24:02.087Z;config_id=170b1c1e;rssi=-56;uptime_s=551490;heap=152340;cal_tier=board-cal;cal_src=wet_rederive_1236_20260719;pressure_context_source=weather_openmeteo;transport=wifi_poll,
plants.soil,2026-07-27T23:24:06.728Z,2026-07-27 18:24:06.728,18458,2a89d4,8gtt1h,0.7.3,fleet_logger_0_1,551490035,UMLIFE_v2_TLC555,ch2,origplant,soil_moisture,1200,,,OK,,,983.3,,name=c5off1;level=overwatered;role=disp;spread=16;gpio=5;device_seq=73530;time_source=device_synced;device_timestamp_utc=2026-07-27T23:24:02.087Z;config_id=170b1c1e;rssi=-56;uptime_s=551490;heap=152340;cal_tier=board-cal;cal_src=wet_rederive_1236_20260719;pressure_context_source=weather_openmeteo;transport=wifi_poll,
plants.soil,2026-07-27T23:24:06.728Z,2026-07-27 18:24:06.728,18459,2a89d4,8gtt1h,0.7.3,fleet_logger_0_1,551490035,UMLIFE_v2_TLC555,ch3,origplant,soil_moisture,1600,,,OK,,,983.3,,name=c5off1;level=OK;role=disp;spread=11;gpio=6;device_seq=73531;time_source=device_synced;device_timestamp_utc=2026-07-27T23:24:02.087Z;config_id=170b1c1e;rssi=-56;uptime_s=551490;heap=152340;cal_tier=board-cal;cal_src=wet_rederive_1236_20260719;pressure_context_source=weather_openmeteo;transport=wifi_poll,
plants.env,2026-07-27T23:24:06.728Z,2026-07-27 18:24:06.728,18460,2a89d4,8gtt1h,0.7.3,fleet_logger_0_1,551490720,ESP32,esp32_die,on_chip,die_temp,,24.70,degC,OK,,,,,name=c5off1;source=esp32_die;cal=uncalibrated_board_proxy;api=temperatureRead;config_id=170b1c1e;transport=wifi_poll,
plants.soil,2026-07-27T23:24:37.242Z,2026-07-27 18:24:37.242,18461,2a89d4,8gtt1h,0.7.3,fleet_logger_0_1,551520035,UMLIFE_v2_TLC555,ch0,origplant,soil_moisture,1227,,,OK,,,983.3,,name=c5off1;level=overwatered;role=disp;spread=23;gpio=1;device_seq=73532;time_source=device_synced;device_timestamp_utc=2026-07-27T23:24:32.087Z;config_id=170b1c1e;rssi=-57;uptime_s=551520;heap=152644;cal_tier=board-cal;cal_src=wet_rederive_1236_20260719;pressure_context_source=weather_openmeteo;transport=wifi_poll,
plants.soil,2026-07-27T23:24:37.242Z,2026-07-27 18:24:37.242,18462,2a89d4,8gtt1h,0.7.3,fleet_logger_0_1,551520035,UMLIFE_v2_TLC555,ch1,origplant,soil_moisture,1359,,,OK,,,983.3,,name=c5off1;level=well watered;role=disp;spread=11;gpio=4;device_seq=73533;time_source=device_synced;device_timestamp_utc=2026-07-27T23:24:32.087Z;config_id=170b1c1e;rssi=-57;uptime_s=551520;heap=152644;cal_tier=board-cal;cal_src=wet_rederive_1236_20260719;pressure_context_source=weather_openmeteo;transport=wifi_poll,
plants.soil,2026-07-27T23:24:37.242Z,2026-07-27 18:24:37.242,18463,2a89d4,8gtt1h,0.7.3,fleet_logger_0_1,551520035,UMLIFE_v2_TLC555,ch2,origplant,soil_moisture,1200,,,OK,,,983.3,,name=c5off1;level=overwatered;role=disp;spread=9;gpio=5;device_seq=73534;time_source=device_synced;device_timestamp_utc=2026-07-27T23:24:32.087Z;config_id=170b1c1e;rssi=-57;uptime_s=551520;heap=152644;cal_tier=board-cal;cal_src=wet_rederive_1236_20260719;pressure_context_source=weather_openmeteo;transport=wifi_poll,
plants.soil,2026-07-27T23:24:37.242Z,2026-07-27 18:24:37.242,18464,2a89d4,8gtt1h,0.7.3,fleet_logger_0_1,551520035,UMLIFE_v2_TLC555,ch3,origplant,soil_moisture,1598,,,OK,,,983.3,,name=c5off1;level=OK;role=disp;spread=27;gpio=6;device_seq=73535;time_source=device_synced;device_timestamp_utc=2026-07-27T23:24:32.087Z;config_id=170b1c1e;rssi=-57;uptime_s=551520;heap=152644;cal_tier=board-cal;cal_src=wet_rederive_1236_20260719;pressure_context_source=weather_openmeteo;transport=wifi_poll,
plants.env,2026-07-27T23:24:37.242Z,2026-07-27 18:24:37.242,18465,2a89d4,8gtt1h,0.7.3,fleet_logger_0_1,551520719,ESP32,esp32_die,on_chip,die_temp,,24.70,degC,OK,,,,,name=c5off1;source=esp32_die;cal=uncalibrated_board_proxy;api=temperatureRead;config_id=170b1c1e;transport=wifi_poll,
plants.soil,2026-07-27T23:25:07.761Z,2026-07-27 18:25:07.761,18466,2a89d4,8gtt1h,0.7.3,fleet_logger_0_1,551550035,UMLIFE_v2_TLC555,ch0,origplant,soil_moisture,1227,,,OK,,,983.3,,name=c5off1;level=overwatered;role=disp;spread=6;gpio=1;device_seq=73536;time_source=device_synced;device_timestamp_utc=2026-07-27T23:25:02.087Z;config_id=170b1c1e;rssi=-56;uptime_s=551550;heap=152632;cal_tier=board-cal;cal_src=wet_rederive_1236_20260719;pressure_context_source=weather_openmeteo;transport=wifi_poll,
plants.soil,2026-07-27T23:25:07.761Z,2026-07-27 18:25:07.761,18467,2a89d4,8gtt1h,0.7.3,fleet_logger_0_1,551550035,UMLIFE_v2_TLC555,ch1,origplant,soil_moisture,1358,,,OK,,,983.3,,name=c5off1;level=well watered;role=disp;spread=12;gpio=4;device_seq=73537;time_source=device_synced;device_timestamp_utc=2026-07-27T23:25:02.087Z;config_id=170b1c1e;rssi=-56;uptime_s=551550;heap=152632;cal_tier=board-cal;cal_src=wet_rederive_1236_20260719;pressure_context_source=weather_openmeteo;transport=wifi_poll,
plants.soil,2026-07-27T23:25:07.761Z,2026-07-27 18:25:07.761,18468,2a89d4,8gtt1h,0.7.3,fleet_logger_0_1,551550035,UMLIFE_v2_TLC555,ch2,origplant,soil_moisture,1198,,,OK,,,983.3,,name=c5off1;level=overwatered;role=disp;spread=8;gpio=5;device_seq=73538;time_source=device_synced;device_timestamp_utc=2026-07-27T23:25:02.087Z;config_id=170b1c1e;rssi=-56;uptime_s=551550;heap=152632;cal_tier=board-cal;cal_src=wet_rederive_1236_20260719;pressure_context_source=weather_openmeteo;transport=wifi_poll,
plants.soil,2026-07-27T23:25:07.761Z,2026-07-27 18:25:07.761,18469,2a89d4,8gtt1h,0.7.3,fleet_logger_0_1,551550035,UMLIFE_v2_TLC555,ch3,origplant,soil_moisture,1600,,,OK,,,983.3,,name=c5off1;level=OK;role=disp;spread=22;gpio=6;device_seq=73539;time_source=device_synced;device_timestamp_utc=2026-07-27T23:25:02.087Z;config_id=170b1c1e;rssi=-56;uptime_s=551550;heap=152632;cal_tier=board-cal;cal_src=wet_rederive_1236_20260719;pressure_context_source=weather_openmeteo;transport=wifi_poll,
plants.env,2026-07-27T23:25:07.761Z,2026-07-27 18:25:07.761,18470,2a89d4,8gtt1h,0.7.3,fleet_logger_0_1,551550719,ESP32,esp32_die,on_chip,die_temp,,24.70,degC,OK,,,,,name=c5off1;source=esp32_die;cal=uncalibrated_board_proxy;api=temperatureRead;config_id=170b1c1e;transport=wifi_poll,
plants.soil,2026-07-27T23:25:38.237Z,2026-07-27 18:25:38.237,18471,2a89d4,8gtt1h,0.7.3,fleet_logger_0_1,551580035,UMLIFE_v2_TLC555,ch0,origplant,soil_moisture,1228,,,OK,,,983.3,,name=c5off1;level=overwatered;role=disp;spread=12;gpio=1;device_seq=73540;time_source=device_synced;device_timestamp_utc=2026-07-27T23:25:32.087Z;config_id=170b1c1e;rssi=-55;uptime_s=551580;heap=152656;cal_tier=board-cal;cal_src=wet_rederive_1236_20260719;pressure_context_source=weather_openmeteo;transport=wifi_poll,
plants.soil,2026-07-27T23:25:38.237Z,2026-07-27 18:25:38.237,18472,2a89d4,8gtt1h,0.7.3,fleet_logger_0_1,551580035,UMLIFE_v2_TLC555,ch1,origplant,soil_moisture,1357,,,OK,,,983.3,,name=c5off1;level=well watered;role=disp;spread=14;gpio=4;device_seq=73541;time_source=device_synced;device_timestamp_utc=2026-07-27T23:25:32.087Z;config_id=170b1c1e;rssi=-55;uptime_s=551580;heap=152656;cal_tier=board-cal;cal_src=wet_rederive_1236_20260719;pressure_context_source=weather_openmeteo;transport=wifi_poll,
plants.soil,2026-07-27T23:25:38.237Z,2026-07-27 18:25:38.237,18473,2a89d4,8gtt1h,0.7.3,fleet_logger_0_1,551580035,UMLIFE_v2_TLC555,ch2,origplant,soil_moisture,1200,,,OK,,,983.3,,name=c5off1;level=overwatered;role=disp;spread=17;gpio=5;device_seq=73542;time_source=device_synced;device_timestamp_utc=2026-07-27T23:25:32.087Z;config_id=170b1c1e;rssi=-55;uptime_s=551580;heap=152656;cal_tier=board-cal;cal_src=wet_rederive_1236_20260719;pressure_context_source=weather_openmeteo;transport=wifi_poll,
plants.soil,2026-07-27T23:25:38.237Z,2026-07-27 18:25:38.237,18474,2a89d4,8gtt1h,0.7.3,fleet_logger_0_1,551580035,UMLIFE_v2_TLC555,ch3,origplant,soil_moisture,1601,,,OK,,,983.3,,name=c5off1;level=OK;role=disp;spread=19;gpio=6;device_seq=73543;time_source=device_synced;device_timestamp_utc=2026-07-27T23:25:32.087Z;config_id=170b1c1e;rssi=-55;uptime_s=551580;heap=152656;cal_tier=board-cal;cal_src=wet_rederive_1236_20260719;pressure_context_source=weather_openmeteo;transport=wifi_poll,
plants.env,2026-07-27T23:25:38.237Z,2026-07-27 18:25:38.237,18475,2a89d4,8gtt1h,0.7.3,fleet_logger_0_1,551580719,ESP32,esp32_die,on_chip,die_temp,,24.70,degC,OK,,,,,name=c5off1;source=esp32_die;cal=uncalibrated_board_proxy;api=temperatureRead;config_id=170b1c1e;transport=wifi_poll,
plants.soil,2026-07-27T23:26:08.958Z,2026-07-27 18:26:08.958,18476,2a89d4,8gtt1h,0.7.3,fleet_logger_0_1,551610035,UMLIFE_v2_TLC555,ch0,origplant,soil_moisture,1229,,,OK,,,983.6,,name=c5off1;level=overwatered;role=disp;spread=8;gpio=1;device_seq=73544;time_source=device_synced;device_timestamp_utc=2026-07-27T23:26:02.087Z;config_id=170b1c1e;rssi=-57;uptime_s=551610;heap=152656;cal_tier=board-cal;cal_src=wet_rederive_1236_20260719;pressure_context_source=weather_openmeteo;transport=wifi_poll,
plants.soil,2026-07-27T23:26:08.958Z,2026-07-27 18:26:08.958,18477,2a89d4,8gtt1h,0.7.3,fleet_logger_0_1,551610035,UMLIFE_v2_TLC555,ch1,origplant,soil_moisture,1359,,,OK,,,983.6,,name=c5off1;level=well watered;role=disp;spread=18;gpio=4;device_seq=73545;time_source=device_synced;device_timestamp_utc=2026-07-27T23:26:02.087Z;config_id=170b1c1e;rssi=-57;uptime_s=551610;heap=152656;cal_tier=board-cal;cal_src=wet_rederive_1236_20260719;pressure_context_source=weather_openmeteo;transport=wifi_poll,
plants.soil,2026-07-27T23:26:08.958Z,2026-07-27 18:26:08.958,18478,2a89d4,8gtt1h,0.7.3,fleet_logger_0_1,551610035,UMLIFE_v2_TLC555,ch2,origplant,soil_moisture,1200,,,OK,,,983.6,,name=c5off1;level=overwatered;role=disp;spread=15;gpio=5;device_seq=73546;time_source=device_synced;device_timestamp_utc=2026-07-27T23:26:02.087Z;config_id=170b1c1e;rssi=-57;uptime_s=551610;heap=152656;cal_tier=board-cal;cal_src=wet_rederive_1236_20260719;pressure_context_source=weather_openmeteo;transport=wifi_poll,
plants.soil,2026-07-27T23:26:08.958Z,2026-07-27 18:26:08.958,18479,2a89d4,8gtt1h,0.7.3,fleet_logger_0_1,551610035,UMLIFE_v2_TLC555,ch3,origplant,soil_moisture,1601,,,OK,,,983.6,,name=c5off1;level=OK;role=disp;spread=29;gpio=6;device_seq=73547;time_source=device_synced;device_timestamp_utc=2026-07-27T23:26:02.087Z;config_id=170b1c1e;rssi=-57;uptime_s=551610;heap=152656;cal_tier=board-cal;cal_src=wet_rederive_1236_20260719;pressure_context_source=weather_openmeteo;transport=wifi_poll,
plants.env,2026-07-27T23:26:08.958Z,2026-07-27 18:26:08.958,18480,2a89d4,8gtt1h,0.7.3,fleet_logger_0_1,551610719,ESP32,esp32_die,on_chip,die_temp,,24.70,degC,OK,,,,,name=c5off1;source=esp32_die;cal=uncalibrated_board_proxy;api=temperatureRead;config_id=170b1c1e;transport=wifi_poll,
plants.soil,2026-07-27T23:26:39.301Z,2026-07-27 18:26:39.301,18481,2a89d4,8gtt1h,0.7.3,fleet_logger_0_1,551640035,UMLIFE_v2_TLC555,ch0,origplant,soil_moisture,1228,,,OK,,,983.6,,name=c5off1;level=overwatered;role=disp;spread=22;gpio=1;device_seq=73548;time_source=device_synced;device_timestamp_utc=2026-07-27T23:26:32.087Z;config_id=170b1c1e;rssi=-56;uptime_s=551640;heap=152412;cal_tier=board-cal;cal_src=wet_rederive_1236_20260719;pressure_context_source=weather_openmeteo;transport=wifi_poll,
plants.soil,2026-07-27T23:26:39.301Z,2026-07-27 18:26:39.301,18482,2a89d4,8gtt1h,0.7.3,fleet_logger_0_1,551640035,UMLIFE_v2_TLC555,ch1,origplant,soil_moisture,1357,,,OK,,,983.6,,name=c5off1;level=well watered;role=disp;spread=21;gpio=4;device_seq=73549;time_source=device_synced;device_timestamp_utc=2026-07-27T23:26:32.087Z;config_id=170b1c1e;rssi=-56;uptime_s=551640;heap=152412;cal_tier=board-cal;cal_src=wet_rederive_1236_20260719;pressure_context_source=weather_openmeteo;transport=wifi_poll,
plants.soil,2026-07-27T23:26:39.301Z,2026-07-27 18:26:39.301,18483,2a89d4,8gtt1h,0.7.3,fleet_logger_0_1,551640035,UMLIFE_v2_TLC555,ch2,origplant,soil_moisture,1200,,,OK,,,983.6,,name=c5off1;level=overwatered;role=disp;spread=14;gpio=5;device_seq=73550;time_source=device_synced;device_timestamp_utc=2026-07-27T23:26:32.087Z;config_id=170b1c1e;rssi=-56;uptime_s=551640;heap=152412;cal_tier=board-cal;cal_src=wet_rederive_1236_20260719;pressure_context_source=weather_openmeteo;transport=wifi_poll,
plants.soil,2026-07-27T23:26:39.301Z,2026-07-27 18:26:39.301,18484,2a89d4,8gtt1h,0.7.3,fleet_logger_0_1,551640035,UMLIFE_v2_TLC555,ch3,origplant,soil_moisture,1599,,,OK,,,983.6,,name=c5off1;level=OK;role=disp;spread=12;gpio=6;device_seq=73551;time_source=device_synced;device_timestamp_utc=2026-07-27T23:26:32.087Z;config_id=170b1c1e;rssi=-56;uptime_s=551640;heap=152412;cal_tier=board-cal;cal_src=wet_rederive_1236_20260719;pressure_context_source=weather_openmeteo;transport=wifi_poll,
plants.env,2026-07-27T23:26:39.301Z,2026-07-27 18:26:39.301,18485,2a89d4,8gtt1h,0.7.3,fleet_logger_0_1,551640719,ESP32,esp32_die,on_chip,die_temp,,24.70,degC,OK,,,,,name=c5off1;source=esp32_die;cal=uncalibrated_board_proxy;api=temperatureRead;config_id=170b1c1e;transport=wifi_poll,
plants.soil,2026-07-27T23:27:09.626Z,2026-07-27 18:27:09.626,18486,2a89d4,8gtt1h,0.7.3,fleet_logger_0_1,551670035,UMLIFE_v2_TLC555,ch0,origplant,soil_moisture,1227,,,OK,,,983.6,,name=c5off1;level=overwatered;role=disp;spread=13;gpio=1;device_seq=73552;time_source=device_synced;device_timestamp_utc=2026-07-27T23:27:02.087Z;config_id=170b1c1e;rssi=-55;uptime_s=551670;heap=152400;cal_tier=board-cal;cal_src=wet_rederive_1236_20260719;pressure_context_source=weather_openmeteo;transport=wifi_poll,
plants.soil,2026-07-27T23:27:09.626Z,2026-07-27 18:27:09.626,18487,2a89d4,8gtt1h,0.7.3,fleet_logger_0_1,551670035,UMLIFE_v2_TLC555,ch1,origplant,soil_moisture,1361,,,OK,,,983.6,,name=c5off1;level=well watered;role=disp;spread=34;gpio=4;device_seq=73553;time_source=device_synced;device_timestamp_utc=2026-07-27T23:27:02.087Z;config_id=170b1c1e;rssi=-55;uptime_s=551670;heap=152400;cal_tier=board-cal;cal_src=wet_rederive_1236_20260719;pressure_context_source=weather_openmeteo;transport=wifi_poll,
plants.soil,2026-07-27T23:27:09.626Z,2026-07-27 18:27:09.626,18488,2a89d4,8gtt1h,0.7.3,fleet_logger_0_1,551670035,UMLIFE_v2_TLC555,ch2,origplant,soil_moisture,1199,,,OK,,,983.6,,name=c5off1;level=overwatered;role=disp;spread=13;gpio=5;device_seq=73554;time_source=device_synced;device_timestamp_utc=2026-07-27T23:27:02.087Z;config_id=170b1c1e;rssi=-55;uptime_s=551670;heap=152400;cal_tier=board-cal;cal_src=wet_rederive_1236_20260719;pressure_context_source=weather_openmeteo;transport=wifi_poll,
plants.soil,2026-07-27T23:27:09.626Z,2026-07-27 18:27:09.626,18489,2a89d4,8gtt1h,0.7.3,fleet_logger_0_1,551670035,UMLIFE_v2_TLC555,ch3,origplant,soil_moisture,1598,,,OK,,,983.6,,name=c5off1;level=OK;role=disp;spread=20;gpio=6;device_seq=73555;time_source=device_synced;device_timestamp_utc=2026-07-27T23:27:02.087Z;config_id=170b1c1e;rssi=-55;uptime_s=551670;heap=152400;cal_tier=board-cal;cal_src=wet_rederive_1236_20260719;pressure_context_source=weather_openmeteo;transport=wifi_poll,
plants.env,2026-07-27T23:27:09.626Z,2026-07-27 18:27:09.626,18490,2a89d4,8gtt1h,0.7.3,fleet_logger_0_1,551670719,ESP32,esp32_die,on_chip,die_temp,,24.70,degC,OK,,,,,name=c5off1;source=esp32_die;cal=uncalibrated_board_proxy;api=temperatureRead;config_id=170b1c1e;transport=wifi_poll,
plants.soil,2026-07-27T23:27:40.025Z,2026-07-27 18:27:40.025,18491,2a89d4,8gtt1h,0.7.3,fleet_logger_0_1,551700035,UMLIFE_v2_TLC555,ch0,origplant,soil_moisture,1229,,,OK,,,983.6,,name=c5off1;level=overwatered;role=disp;spread=16;gpio=1;device_seq=73556;time_source=device_synced;device_timestamp_utc=2026-07-27T23:27:32.087Z;config_id=170b1c1e;rssi=-55;uptime_s=551700;heap=152652;cal_tier=board-cal;cal_src=wet_rederive_1236_20260719;pressure_context_source=weather_openmeteo;transport=wifi_poll,
plants.soil,2026-07-27T23:27:40.025Z,2026-07-27 18:27:40.025,18492,2a89d4,8gtt1h,0.7.3,fleet_logger_0_1,551700035,UMLIFE_v2_TLC555,ch1,origplant,soil_moisture,1357,,,OK,,,983.6,,name=c5off1;level=well watered;role=disp;spread=16;gpio=4;device_seq=73557;time_source=device_synced;device_timestamp_utc=2026-07-27T23:27:32.087Z;config_id=170b1c1e;rssi=-55;uptime_s=551700;heap=152652;cal_tier=board-cal;cal_src=wet_rederive_1236_20260719;pressure_context_source=weather_openmeteo;transport=wifi_poll,
plants.soil,2026-07-27T23:27:40.025Z,2026-07-27 18:27:40.025,18493,2a89d4,8gtt1h,0.7.3,fleet_logger_0_1,551700035,UMLIFE_v2_TLC555,ch2,origplant,soil_moisture,1201,,,OK,,,983.6,,name=c5off1;level=overwatered;role=disp;spread=15;gpio=5;device_seq=73558;time_source=device_synced;device_timestamp_utc=2026-07-27T23:27:32.087Z;config_id=170b1c1e;rssi=-55;uptime_s=551700;heap=152652;cal_tier=board-cal;cal_src=wet_rederive_1236_20260719;pressure_context_source=weather_openmeteo;transport=wifi_poll,
plants.soil,2026-07-27T23:27:40.025Z,2026-07-27 18:27:40.025,18494,2a89d4,8gtt1h,0.7.3,fleet_logger_0_1,551700035,UMLIFE_v2_TLC555,ch3,origplant,soil_moisture,1600,,,OK,,,983.6,,name=c5off1;level=OK;role=disp;spread=27;gpio=6;device_seq=73559;time_source=device_synced;device_timestamp_utc=2026-07-27T23:27:32.087Z;config_id=170b1c1e;rssi=-55;uptime_s=551700;heap=152652;cal_tier=board-cal;cal_src=wet_rederive_1236_20260719;pressure_context_source=weather_openmeteo;transport=wifi_poll,
plants.env,2026-07-27T23:27:40.025Z,2026-07-27 18:27:40.025,18495,2a89d4,8gtt1h,0.7.3,fleet_logger_0_1,551700720,ESP32,esp32_die,on_chip,die_temp,,24.70,degC,OK,,,,,name=c5off1;source=esp32_die;cal=uncalibrated_board_proxy;api=temperatureRead;config_id=170b1c1e;transport=wifi_poll,
plants.soil,2026-07-27T23:28:10.546Z,2026-07-27 18:28:10.546,18496,2a89d4,8gtt1h,0.7.3,fleet_logger_0_1,551730035,UMLIFE_v2_TLC555,ch0,origplant,soil_moisture,1208,,,OK,,,983.6,,name=c5off1;level=overwatered;role=disp;spread=11;gpio=1;device_seq=73560;time_source=device_synced;device_timestamp_utc=2026-07-27T23:28:02.087Z;config_id=170b1c1e;rssi=-53;uptime_s=551730;heap=152656;cal_tier=board-cal;cal_src=wet_rederive_1236_20260719;pressure_context_source=weather_openmeteo;transport=wifi_poll,
plants.soil,2026-07-27T23:28:10.546Z,2026-07-27 18:28:10.546,18497,2a89d4,8gtt1h,0.7.3,fleet_logger_0_1,551730035,UMLIFE_v2_TLC555,ch1,origplant,soil_moisture,1340,,,OK,,,983.6,,name=c5off1;level=well watered;role=disp;spread=12;gpio=4;device_seq=73561;time_source=device_synced;device_timestamp_utc=2026-07-27T23:28:02.087Z;config_id=170b1c1e;rssi=-53;uptime_s=551730;heap=152656;cal_tier=board-cal;cal_src=wet_rederive_1236_20260719;pressure_context_source=weather_openmeteo;transport=wifi_poll,
plants.soil,2026-07-27T23:28:10.546Z,2026-07-27 18:28:10.546,18498,2a89d4,8gtt1h,0.7.3,fleet_logger_0_1,551730035,UMLIFE_v2_TLC555,ch2,origplant,soil_moisture,1200,,,OK,,,983.6,,name=c5off1;level=overwatered;role=disp;spread=13;gpio=5;device_seq=73562;time_source=device_synced;device_timestamp_utc=2026-07-27T23:28:02.087Z;config_id=170b1c1e;rssi=-53;uptime_s=551730;heap=152656;cal_tier=board-cal;cal_src=wet_rederive_1236_20260719;pressure_context_source=weather_openmeteo;transport=wifi_poll,
plants.soil,2026-07-27T23:28:10.546Z,2026-07-27 18:28:10.546,18499,2a89d4,8gtt1h,0.7.3,fleet_logger_0_1,551730035,UMLIFE_v2_TLC555,ch3,origplant,soil_moisture,1588,,,OK,,,983.6,,name=c5off1;level=OK;role=disp;spread=26;gpio=6;device_seq=73563;time_source=device_synced;device_timestamp_utc=2026-07-27T23:28:02.087Z;config_id=170b1c1e;rssi=-53;uptime_s=551730;heap=152656;cal_tier=board-cal;cal_src=wet_rederive_1236_20260719;pressure_context_source=weather_openmeteo;transport=wifi_poll,
plants.env,2026-07-27T23:28:10.546Z,2026-07-27 18:28:10.546,18500,2a89d4,8gtt1h,0.7.3,fleet_logger_0_1,551730719,ESP32,esp32_die,on_chip,die_temp,,24.70,degC,OK,,,,,name=c5off1;source=esp32_die;cal=uncalibrated_board_proxy;api=temperatureRead;config_id=170b1c1e;transport=wifi_poll,
plants.soil,2026-07-27T23:28:40.865Z,2026-07-27 18:28:40.865,18501,2a89d4,8gtt1h,0.7.3,fleet_logger_0_1,551760035,UMLIFE_v2_TLC555,ch0,origplant,soil_moisture,1226,,,OK,,,983.6,,name=c5off1;level=overwatered;role=disp;spread=10;gpio=1;device_seq=73564;time_source=device_synced;device_timestamp_utc=2026-07-27T23:28:32.087Z;config_id=170b1c1e;rssi=-59;uptime_s=551760;heap=152656;cal_tier=board-cal;cal_src=wet_rederive_1236_20260719;pressure_context_source=weather_openmeteo;transport=wifi_poll,
plants.soil,2026-07-27T23:28:40.865Z,2026-07-27 18:28:40.865,18502,2a89d4,8gtt1h,0.7.3,fleet_logger_0_1,551760035,UMLIFE_v2_TLC555,ch1,origplant,soil_moisture,1360,,,OK,,,983.6,,name=c5off1;level=well watered;role=disp;spread=21;gpio=4;device_seq=73565;time_source=device_synced;device_timestamp_utc=2026-07-27T23:28:32.087Z;config_id=170b1c1e;rssi=-59;uptime_s=551760;heap=152656;cal_tier=board-cal;cal_src=wet_rederive_1236_20260719;pressure_context_source=weather_openmeteo;transport=wifi_poll,
plants.soil,2026-07-27T23:28:40.865Z,2026-07-27 18:28:40.865,18503,2a89d4,8gtt1h,0.7.3,fleet_logger_0_1,551760035,UMLIFE_v2_TLC555,ch2,origplant,soil_moisture,1198,,,OK,,,983.6,,name=c5off1;level=overwatered;role=disp;spread=22;gpio=5;device_seq=73566;time_source=device_synced;device_timestamp_utc=2026-07-27T23:28:32.087Z;config_id=170b1c1e;rssi=-59;uptime_s=551760;heap=152656;cal_tier=board-cal;cal_src=wet_rederive_1236_20260719;pressure_context_source=weather_openmeteo;transport=wifi_poll,
plants.soil,2026-07-27T23:28:40.865Z,2026-07-27 18:28:40.865,18504,2a89d4,8gtt1h,0.7.3,fleet_logger_0_1,551760035,UMLIFE_v2_TLC555,ch3,origplant,soil_moisture,1602,,,OK,,,983.6,,name=c5off1;level=OK;role=disp;spread=20;gpio=6;device_seq=73567;time_source=device_synced;device_timestamp_utc=2026-07-27T23:28:32.087Z;config_id=170b1c1e;rssi=-59;uptime_s=551760;heap=152656;cal_tier=board-cal;cal_src=wet_rederive_1236_20260719;pressure_context_source=weather_openmeteo;transport=wifi_poll,
plants.env,2026-07-27T23:28:40.865Z,2026-07-27 18:28:40.865,18505,2a89d4,8gtt1h,0.7.3,fleet_logger_0_1,551760719,ESP32,esp32_die,on_chip,die_temp,,24.70,degC,OK,,,,,name=c5off1;source=esp32_die;cal=uncalibrated_board_proxy;api=temperatureRead;config_id=170b1c1e;transport=wifi_poll,
plants.soil,2026-07-27T23:29:11.225Z,2026-07-27 18:29:11.225,18506,2a89d4,8gtt1h,0.7.3,fleet_logger_0_1,551790035,UMLIFE_v2_TLC555,ch0,origplant,soil_moisture,1226,,,OK,,,983.6,,name=c5off1;level=overwatered;role=disp;spread=8;gpio=1;device_seq=73568;time_source=device_synced;device_timestamp_utc=2026-07-27T23:29:02.087Z;config_id=170b1c1e;rssi=-57;uptime_s=551790;heap=152648;cal_tier=board-cal;cal_src=wet_rederive_1236_20260719;pressure_context_source=weather_openmeteo;transport=wifi_poll,
plants.soil,2026-07-27T23:29:11.225Z,2026-07-27 18:29:11.225,18507,2a89d4,8gtt1h,0.7.3,fleet_logger_0_1,551790035,UMLIFE_v2_TLC555,ch1,origplant,soil_moisture,1360,,,OK,,,983.6,,name=c5off1;level=well watered;role=disp;spread=26;gpio=4;device_seq=73569;time_source=device_synced;device_timestamp_utc=2026-07-27T23:29:02.087Z;config_id=170b1c1e;rssi=-57;uptime_s=551790;heap=152648;cal_tier=board-cal;cal_src=wet_rederive_1236_20260719;pressure_context_source=weather_openmeteo;transport=wifi_poll,
plants.soil,2026-07-27T23:29:11.225Z,2026-07-27 18:29:11.225,18508,2a89d4,8gtt1h,0.7.3,fleet_logger_0_1,551790035,UMLIFE_v2_TLC555,ch2,origplant,soil_moisture,1200,,,OK,,,983.6,,name=c5off1;level=overwatered;role=disp;spread=9;gpio=5;device_seq=73570;time_source=device_synced;device_timestamp_utc=2026-07-27T23:29:02.087Z;config_id=170b1c1e;rssi=-57;uptime_s=551790;heap=152648;cal_tier=board-cal;cal_src=wet_rederive_1236_20260719;pressure_context_source=weather_openmeteo;transport=wifi_poll,
plants.soil,2026-07-27T23:29:11.225Z,2026-07-27 18:29:11.225,18509,2a89d4,8gtt1h,0.7.3,fleet_logger_0_1,551790035,UMLIFE_v2_TLC555,ch3,origplant,soil_moisture,1601,,,OK,,,983.6,,name=c5off1;level=OK;role=disp;spread=16;gpio=6;device_seq=73571;time_source=device_synced;device_timestamp_utc=2026-07-27T23:29:02.087Z;config_id=170b1c1e;rssi=-57;uptime_s=551790;heap=152648;cal_tier=board-cal;cal_src=wet_rederive_1236_20260719;pressure_context_source=weather_openmeteo;transport=wifi_poll,
plants.env,2026-07-27T23:29:11.225Z,2026-07-27 18:29:11.225,18510,2a89d4,8gtt1h,0.7.3,fleet_logger_0_1,551790720,ESP32,esp32_die,on_chip,die_temp,,24.70,degC,OK,,,,,name=c5off1;source=esp32_die;cal=uncalibrated_board_proxy;api=temperatureRead;config_id=170b1c1e;transport=wifi_poll,
plants.soil,2026-07-27T23:29:41.573Z,2026-07-27 18:29:41.573,18511,2a89d4,8gtt1h,0.7.3,fleet_logger_0_1,551820035,UMLIFE_v2_TLC555,ch0,origplant,soil_moisture,1215,,,OK,,,983.6,,name=c5off1;level=overwatered;role=disp;spread=14;gpio=1;device_seq=73572;time_source=device_synced;device_timestamp_utc=2026-07-27T23:29:32.087Z;config_id=170b1c1e;rssi=-54;uptime_s=551820;heap=152400;cal_tier=board-cal;cal_src=wet_rederive_1236_20260719;pressure_context_source=weather_openmeteo;transport=wifi_poll,
plants.soil,2026-07-27T23:29:41.573Z,2026-07-27 18:29:41.573,18512,2a89d4,8gtt1h,0.7.3,fleet_logger_0_1,551820035,UMLIFE_v2_TLC555,ch1,origplant,soil_moisture,1356,,,OK,,,983.6,,name=c5off1;level=well watered;role=disp;spread=22;gpio=4;device_seq=73573;time_source=device_synced;device_timestamp_utc=2026-07-27T23:29:32.087Z;config_id=170b1c1e;rssi=-54;uptime_s=551820;heap=152400;cal_tier=board-cal;cal_src=wet_rederive_1236_20260719;pressure_context_source=weather_openmeteo;transport=wifi_poll,
plants.soil,2026-07-27T23:29:41.573Z,2026-07-27 18:29:41.573,18513,2a89d4,8gtt1h,0.7.3,fleet_logger_0_1,551820035,UMLIFE_v2_TLC555,ch2,origplant,soil_moisture,1201,,,OK,,,983.6,,name=c5off1;level=overwatered;role=disp;spread=9;gpio=5;device_seq=73574;time_source=device_synced;device_timestamp_utc=2026-07-27T23:29:32.087Z;config_id=170b1c1e;rssi=-54;uptime_s=551820;heap=152400;cal_tier=board-cal;cal_src=wet_rederive_1236_20260719;pressure_context_source=weather_openmeteo;transport=wifi_poll,
plants.soil,2026-07-27T23:29:41.573Z,2026-07-27 18:29:41.573,18514,2a89d4,8gtt1h,0.7.3,fleet_logger_0_1,551820035,UMLIFE_v2_TLC555,ch3,origplant,soil_moisture,1599,,,OK,,,983.6,,name=c5off1;level=OK;role=disp;spread=15;gpio=6;device_seq=73575;time_source=device_synced;device_timestamp_utc=2026-07-27T23:29:32.087Z;config_id=170b1c1e;rssi=-54;uptime_s=551820;heap=152400;cal_tier=board-cal;cal_src=wet_rederive_1236_20260719;pressure_context_source=weather_openmeteo;transport=wifi_poll,
plants.env,2026-07-27T23:29:41.573Z,2026-07-27 18:29:41.573,18515,2a89d4,8gtt1h,0.7.3,fleet_logger_0_1,551820719,ESP32,esp32_die,on_chip,die_temp,,24.70,degC,OK,,,,,name=c5off1;source=esp32_die;cal=uncalibrated_board_proxy;api=temperatureRead;config_id=170b1c1e;transport=wifi_poll,
plants.soil,2026-07-27T23:30:12.398Z,2026-07-27 18:30:12.398,18516,2a89d4,8gtt1h,0.7.3,fleet_logger_0_1,551850035,UMLIFE_v2_TLC555,ch0,origplant,soil_moisture,1208,,,OK,,,983.6,,name=c5off1;level=overwatered;role=disp;spread=8;gpio=1;device_seq=73576;time_source=device_synced;device_timestamp_utc=2026-07-27T23:30:02.087Z;config_id=170b1c1e;rssi=-54;uptime_s=551850;heap=152412;cal_tier=board-cal;cal_src=wet_rederive_1236_20260719;pressure_context_source=weather_openmeteo;transport=wifi_poll,
plants.soil,2026-07-27T23:30:12.398Z,2026-07-27 18:30:12.398,18517,2a89d4,8gtt1h,0.7.3,fleet_logger_0_1,551850035,UMLIFE_v2_TLC555,ch1,origplant,soil_moisture,1349,,,OK,,,983.6,,name=c5off1;level=well watered;role=disp;spread=25;gpio=4;device_seq=73577;time_source=device_synced;device_timestamp_utc=2026-07-27T23:30:02.087Z;config_id=170b1c1e;rssi=-54;uptime_s=551850;heap=152412;cal_tier=board-cal;cal_src=wet_rederive_1236_20260719;pressure_context_source=weather_openmeteo;transport=wifi_poll,
plants.soil,2026-07-27T23:30:12.398Z,2026-07-27 18:30:12.398,18518,2a89d4,8gtt1h,0.7.3,fleet_logger_0_1,551850035,UMLIFE_v2_TLC555,ch2,origplant,soil_moisture,1199,,,OK,,,983.6,,name=c5off1;level=overwatered;role=disp;spread=8;gpio=5;device_seq=73578;time_source=device_synced;device_timestamp_utc=2026-07-27T23:30:02.087Z;config_id=170b1c1e;rssi=-54;uptime_s=551850;heap=152412;cal_tier=board-cal;cal_src=wet_rederive_1236_20260719;pressure_context_source=weather_openmeteo;transport=wifi_poll,
plants.soil,2026-07-27T23:30:12.398Z,2026-07-27 18:30:12.398,18519,2a89d4,8gtt1h,0.7.3,fleet_logger_0_1,551850035,UMLIFE_v2_TLC555,ch3,origplant,soil_moisture,1598,,,OK,,,983.6,,name=c5off1;level=OK;role=disp;spread=27;gpio=6;device_seq=73579;time_source=device_synced;device_timestamp_utc=2026-07-27T23:30:02.087Z;config_id=170b1c1e;rssi=-54;uptime_s=551850;heap=152412;cal_tier=board-cal;cal_src=wet_rederive_1236_20260719;pressure_context_source=weather_openmeteo;transport=wifi_poll,
plants.env,2026-07-27T23:30:12.398Z,2026-07-27 18:30:12.398,18520,2a89d4,8gtt1h,0.7.3,fleet_logger_0_1,551850719,ESP32,esp32_die,on_chip,die_temp,,24.70,degC,OK,,,,,name=c5off1;source=esp32_die;cal=uncalibrated_board_proxy;api=temperatureRead;config_id=170b1c1e;transport=wifi_poll,
plants.soil,2026-07-27T23:30:42.809Z,2026-07-27 18:30:42.809,18521,2a89d4,8gtt1h,0.7.3,fleet_logger_0_1,551880035,UMLIFE_v2_TLC555,ch0,origplant,soil_moisture,1227,,,OK,,,983.6,,name=c5off1;level=overwatered;role=disp;spread=9;gpio=1;device_seq=73580;time_source=device_synced;device_timestamp_utc=2026-07-27T23:30:32.087Z;config_id=170b1c1e;rssi=-56;uptime_s=551880;heap=152656;cal_tier=board-cal;cal_src=wet_rederive_1236_20260719;pressure_context_source=weather_openmeteo;transport=wifi_poll,
plants.soil,2026-07-27T23:30:42.809Z,2026-07-27 18:30:42.809,18522,2a89d4,8gtt1h,0.7.3,fleet_logger_0_1,551880035,UMLIFE_v2_TLC555,ch1,origplant,soil_moisture,1360,,,OK,,,983.6,,name=c5off1;level=well watered;role=disp;spread=20;gpio=4;device_seq=73581;time_source=device_synced;device_timestamp_utc=2026-07-27T23:30:32.087Z;config_id=170b1c1e;rssi=-56;uptime_s=551880;heap=152656;cal_tier=board-cal;cal_src=wet_rederive_1236_20260719;pressure_context_source=weather_openmeteo;transport=wifi_poll,
plants.soil,2026-07-27T23:30:42.809Z,2026-07-27 18:30:42.809,18523,2a89d4,8gtt1h,0.7.3,fleet_logger_0_1,551880035,UMLIFE_v2_TLC555,ch2,origplant,soil_moisture,1199,,,OK,,,983.6,,name=c5off1;level=overwatered;role=disp;spread=23;gpio=5;device_seq=73582;time_source=device_synced;device_timestamp_utc=2026-07-27T23:30:32.087Z;config_id=170b1c1e;rssi=-56;uptime_s=551880;heap=152656;cal_tier=board-cal;cal_src=wet_rederive_1236_20260719;pressure_context_source=weather_openmeteo;transport=wifi_poll,
plants.soil,2026-07-27T23:30:42.809Z,2026-07-27 18:30:42.809,18524,2a89d4,8gtt1h,0.7.3,fleet_logger_0_1,551880035,UMLIFE_v2_TLC555,ch3,origplant,soil_moisture,1601,,,OK,,,983.6,,name=c5off1;level=OK;role=disp;spread=28;gpio=6;device_seq=73583;time_source=device_synced;device_timestamp_utc=2026-07-27T23:30:32.087Z;config_id=170b1c1e;rssi=-56;uptime_s=551880;heap=152656;cal_tier=board-cal;cal_src=wet_rederive_1236_20260719;pressure_context_source=weather_openmeteo;transport=wifi_poll,
plants.env,2026-07-27T23:30:42.809Z,2026-07-27 18:30:42.809,18525,2a89d4,8gtt1h,0.7.3,fleet_logger_0_1,551880719,ESP32,esp32_die,on_chip,die_temp,,24.70,degC,OK,,,,,name=c5off1;source=esp32_die;cal=uncalibrated_board_proxy;api=temperatureRead;config_id=170b1c1e;transport=wifi_poll,
plants.soil,2026-07-27T23:31:13.087Z,2026-07-27 18:31:13.087,18526,2a89d4,8gtt1h,0.7.3,fleet_logger_0_1,551910035,UMLIFE_v2_TLC555,ch0,origplant,soil_moisture,1227,,,OK,,,983.6,,name=c5off1;level=overwatered;role=disp;spread=7;gpio=1;device_seq=73584;time_source=device_synced;device_timestamp_utc=2026-07-27T23:31:02.087Z;config_id=170b1c1e;rssi=-57;uptime_s=551910;heap=152668;cal_tier=board-cal;cal_src=wet_rederive_1236_20260719;pressure_context_source=weather_openmeteo;transport=wifi_poll,
plants.soil,2026-07-27T23:31:13.087Z,2026-07-27 18:31:13.087,18527,2a89d4,8gtt1h,0.7.3,fleet_logger_0_1,551910035,UMLIFE_v2_TLC555,ch1,origplant,soil_moisture,1358,,,OK,,,983.6,,name=c5off1;level=well watered;role=disp;spread=17;gpio=4;device_seq=73585;time_source=device_synced;device_timestamp_utc=2026-07-27T23:31:02.087Z;config_id=170b1c1e;rssi=-57;uptime_s=551910;heap=152668;cal_tier=board-cal;cal_src=wet_rederive_1236_20260719;pressure_context_source=weather_openmeteo;transport=wifi_poll,
plants.soil,2026-07-27T23:31:13.087Z,2026-07-27 18:31:13.087,18528,2a89d4,8gtt1h,0.7.3,fleet_logger_0_1,551910035,UMLIFE_v2_TLC555,ch2,origplant,soil_moisture,1197,,,OK,,,983.6,,name=c5off1;level=overwatered;role=disp;spread=9;gpio=5;device_seq=73586;time_source=device_synced;device_timestamp_utc=2026-07-27T23:31:02.087Z;config_id=170b1c1e;rssi=-57;uptime_s=551910;heap=152668;cal_tier=board-cal;cal_src=wet_rederive_1236_20260719;pressure_context_source=weather_openmeteo;transport=wifi_poll,
plants.soil,2026-07-27T23:31:13.087Z,2026-07-27 18:31:13.087,18529,2a89d4,8gtt1h,0.7.3,fleet_logger_0_1,551910035,UMLIFE_v2_TLC555,ch3,origplant,soil_moisture,1600,,,OK,,,983.6,,name=c5off1;level=OK;role=disp;spread=17;gpio=6;device_seq=73587;time_source=device_synced;device_timestamp_utc=2026-07-27T23:31:02.087Z;config_id=170b1c1e;rssi=-57;uptime_s=551910;heap=152668;cal_tier=board-cal;cal_src=wet_rederive_1236_20260719;pressure_context_source=weather_openmeteo;transport=wifi_poll,
plants.env,2026-07-27T23:31:13.087Z,2026-07-27 18:31:13.087,18530,2a89d4,8gtt1h,0.7.3,fleet_logger_0_1,551910719,ESP32,esp32_die,on_chip,die_temp,,24.70,degC,OK,,,,,name=c5off1;source=esp32_die;cal=uncalibrated_board_proxy;api=temperatureRead;config_id=170b1c1e;transport=wifi_poll,
plants.soil,2026-07-27T23:31:43.334Z,2026-07-27 18:31:43.334,18531,2a89d4,8gtt1h,0.7.3,fleet_logger_0_1,551940035,UMLIFE_v2_TLC555,ch0,origplant,soil_moisture,1225,,,OK,,,983.6,,name=c5off1;level=overwatered;role=disp;spread=13;gpio=1;device_seq=73588;time_source=device_synced;device_timestamp_utc=2026-07-27T23:31:32.087Z;config_id=170b1c1e;rssi=-58;uptime_s=551940;heap=152668;cal_tier=board-cal;cal_src=wet_rederive_1236_20260719;pressure_context_source=weather_openmeteo;transport=wifi_poll,
plants.soil,2026-07-27T23:31:43.334Z,2026-07-27 18:31:43.334,18532,2a89d4,8gtt1h,0.7.3,fleet_logger_0_1,551940035,UMLIFE_v2_TLC555,ch1,origplant,soil_moisture,1359,,,OK,,,983.6,,name=c5off1;level=well watered;role=disp;spread=28;gpio=4;device_seq=73589;time_source=device_synced;device_timestamp_utc=2026-07-27T23:31:32.087Z;config_id=170b1c1e;rssi=-58;uptime_s=551940;heap=152668;cal_tier=board-cal;cal_src=wet_rederive_1236_20260719;pressure_context_source=weather_openmeteo;transport=wifi_poll,
plants.soil,2026-07-27T23:31:43.334Z,2026-07-27 18:31:43.334,18533,2a89d4,8gtt1h,0.7.3,fleet_logger_0_1,551940035,UMLIFE_v2_TLC555,ch2,origplant,soil_moisture,1198,,,OK,,,983.6,,name=c5off1;level=overwatered;role=disp;spread=17;gpio=5;device_seq=73590;time_source=device_synced;device_timestamp_utc=2026-07-27T23:31:32.087Z;config_id=170b1c1e;rssi=-58;uptime_s=551940;heap=152668;cal_tier=board-cal;cal_src=wet_rederive_1236_20260719;pressure_context_source=weather_openmeteo;transport=wifi_poll,
plants.soil,2026-07-27T23:31:43.334Z,2026-07-27 18:31:43.334,18534,2a89d4,8gtt1h,0.7.3,fleet_logger_0_1,551940035,UMLIFE_v2_TLC555,ch3,origplant,soil_moisture,1599,,,OK,,,983.6,,name=c5off1;level=OK;role=disp;spread=16;gpio=6;device_seq=73591;time_source=device_synced;device_timestamp_utc=2026-07-27T23:31:32.087Z;config_id=170b1c1e;rssi=-58;uptime_s=551940;heap=152668;cal_tier=board-cal;cal_src=wet_rederive_1236_20260719;pressure_context_source=weather_openmeteo;transport=wifi_poll,
plants.env,2026-07-27T23:31:43.334Z,2026-07-27 18:31:43.334,18535,2a89d4,8gtt1h,0.7.3,fleet_logger_0_1,551940719,ESP32,esp32_die,on_chip,die_temp,,24.70,degC,OK,,,,,name=c5off1;source=esp32_die;cal=uncalibrated_board_proxy;api=temperatureRead;config_id=170b1c1e;transport=wifi_poll,
plants.soil,2026-07-27T23:32:13.739Z,2026-07-27 18:32:13.739,18536,2a89d4,8gtt1h,0.7.3,fleet_logger_0_1,551970035,UMLIFE_v2_TLC555,ch0,origplant,soil_moisture,1225,,,OK,,,983.6,,name=c5off1;level=overwatered;role=disp;spread=8;gpio=1;device_seq=73592;time_source=device_synced;device_timestamp_utc=2026-07-27T23:32:02.087Z;config_id=170b1c1e;rssi=-58;uptime_s=551970;heap=152668;cal_tier=board-cal;cal_src=wet_rederive_1236_20260719;pressure_context_source=weather_openmeteo;transport=wifi_poll,
plants.soil,2026-07-27T23:32:13.739Z,2026-07-27 18:32:13.739,18537,2a89d4,8gtt1h,0.7.3,fleet_logger_0_1,551970035,UMLIFE_v2_TLC555,ch1,origplant,soil_moisture,1357,,,OK,,,983.6,,name=c5off1;level=well watered;role=disp;spread=25;gpio=4;device_seq=73593;time_source=device_synced;device_timestamp_utc=2026-07-27T23:32:02.087Z;config_id=170b1c1e;rssi=-58;uptime_s=551970;heap=152668;cal_tier=board-cal;cal_src=wet_rederive_1236_20260719;pressure_context_source=weather_openmeteo;transport=wifi_poll,
plants.soil,2026-07-27T23:32:13.739Z,2026-07-27 18:32:13.739,18538,2a89d4,8gtt1h,0.7.3,fleet_logger_0_1,551970035,UMLIFE_v2_TLC555,ch2,origplant,soil_moisture,1201,,,OK,,,983.6,,name=c5off1;level=overwatered;role=disp;spread=10;gpio=5;device_seq=73594;time_source=device_synced;device_timestamp_utc=2026-07-27T23:32:02.087Z;config_id=170b1c1e;rssi=-58;uptime_s=551970;heap=152668;cal_tier=board-cal;cal_src=wet_rederive_1236_20260719;pressure_context_source=weather_openmeteo;transport=wifi_poll,
plants.soil,2026-07-27T23:32:13.739Z,2026-07-27 18:32:13.739,18539,2a89d4,8gtt1h,0.7.3,fleet_logger_0_1,551970035,UMLIFE_v2_TLC555,ch3,origplant,soil_moisture,1603,,,OK,,,983.6,,name=c5off1;level=OK;role=disp;spread=34;gpio=6;device_seq=73595;time_source=device_synced;device_timestamp_utc=2026-07-27T23:32:02.087Z;config_id=170b1c1e;rssi=-58;uptime_s=551970;heap=152668;cal_tier=board-cal;cal_src=wet_rederive_1236_20260719;pressure_context_source=weather_openmeteo;transport=wifi_poll,
plants.env,2026-07-27T23:32:13.739Z,2026-07-27 18:32:13.739,18540,2a89d4,8gtt1h,0.7.3,fleet_logger_0_1,551970719,ESP32,esp32_die,on_chip,die_temp,,24.70,degC,OK,,,,,name=c5off1;source=esp32_die;cal=uncalibrated_board_proxy;api=temperatureRead;config_id=170b1c1e;transport=wifi_poll,
plants.soil,2026-07-27T23:32:46.005Z,2026-07-27 18:32:46.005,18541,2a89d4,8gtt1h,0.7.3,fleet_logger_0_1,552000035,UMLIFE_v2_TLC555,ch0,origplant,soil_moisture,1210,,,OK,,,983.6,,name=c5off1;level=overwatered;role=disp;spread=19;gpio=1;device_seq=73596;time_source=device_synced;device_timestamp_utc=2026-07-27T23:32:32.087Z;config_id=170b1c1e;rssi=-55;uptime_s=552000;heap=152388;cal_tier=board-cal;cal_src=wet_rederive_1236_20260719;pressure_context_source=weather_openmeteo;transport=wifi_poll,
plants.soil,2026-07-27T23:32:46.005Z,2026-07-27 18:32:46.005,18542,2a89d4,8gtt1h,0.7.3,fleet_logger_0_1,552000035,UMLIFE_v2_TLC555,ch1,origplant,soil_moisture,1349,,,OK,,,983.6,,name=c5off1;level=well watered;role=disp;spread=16;gpio=4;device_seq=73597;time_source=device_synced;device_timestamp_utc=2026-07-27T23:32:32.087Z;config_id=170b1c1e;rssi=-55;uptime_s=552000;heap=152388;cal_tier=board-cal;cal_src=wet_rederive_1236_20260719;pressure_context_source=weather_openmeteo;transport=wifi_poll,
plants.soil,2026-07-27T23:32:46.005Z,2026-07-27 18:32:46.005,18543,2a89d4,8gtt1h,0.7.3,fleet_logger_0_1,552000035,UMLIFE_v2_TLC555,ch2,origplant,soil_moisture,1201,,,OK,,,983.6,,name=c5off1;level=overwatered;role=disp;spread=20;gpio=5;device_seq=73598;time_source=device_synced;device_timestamp_utc=2026-07-27T23:32:32.087Z;config_id=170b1c1e;rssi=-55;uptime_s=552000;heap=152388;cal_tier=board-cal;cal_src=wet_rederive_1236_20260719;pressure_context_source=weather_openmeteo;transport=wifi_poll,
plants.soil,2026-07-27T23:32:46.005Z,2026-07-27 18:32:46.005,18544,2a89d4,8gtt1h,0.7.3,fleet_logger_0_1,552000035,UMLIFE_v2_TLC555,ch3,origplant,soil_moisture,1598,,,OK,,,983.6,,name=c5off1;level=OK;role=disp;spread=25;gpio=6;device_seq=73599;time_source=device_synced;device_timestamp_utc=2026-07-27T23:32:32.087Z;config_id=170b1c1e;rssi=-55;uptime_s=552000;heap=152388;cal_tier=board-cal;cal_src=wet_rederive_1236_20260719;pressure_context_source=weather_openmeteo;transport=wifi_poll,
plants.env,2026-07-27T23:32:46.005Z,2026-07-27 18:32:46.005,18545,2a89d4,8gtt1h,0.7.3,fleet_logger_0_1,552001819,ESP32,esp32_die,on_chip,die_temp,,24.70,degC,OK,,,,,name=c5off1;source=esp32_die;cal=uncalibrated_board_proxy;api=temperatureRead;config_id=170b1c1e;transport=wifi_poll,
plants.soil,2026-07-27T23:33:16.532Z,2026-07-27 18:33:16.532,18546,2a89d4,8gtt1h,0.7.3,fleet_logger_0_1,552030035,UMLIFE_v2_TLC555,ch0,origplant,soil_moisture,1209,,,OK,,,983.6,,name=c5off1;level=overwatered;role=disp;spread=10;gpio=1;device_seq=73600;time_source=device_synced;device_timestamp_utc=2026-07-27T23:33:02.087Z;config_id=170b1c1e;rssi=-55;uptime_s=552030;heap=152388;cal_tier=board-cal;cal_src=wet_rederive_1236_20260719;pressure_context_source=weather_openmeteo;transport=wifi_poll,
plants.soil,2026-07-27T23:33:16.532Z,2026-07-27 18:33:16.532,18547,2a89d4,8gtt1h,0.7.3,fleet_logger_0_1,552030035,UMLIFE_v2_TLC555,ch1,origplant,soil_moisture,1346,,,OK,,,983.6,,name=c5off1;level=well watered;role=disp;spread=18;gpio=4;device_seq=73601;time_source=device_synced;device_timestamp_utc=2026-07-27T23:33:02.087Z;config_id=170b1c1e;rssi=-55;uptime_s=552030;heap=152388;cal_tier=board-cal;cal_src=wet_rederive_1236_20260719;pressure_context_source=weather_openmeteo;transport=wifi_poll,
plants.soil,2026-07-27T23:33:16.532Z,2026-07-27 18:33:16.532,18548,2a89d4,8gtt1h,0.7.3,fleet_logger_0_1,552030035,UMLIFE_v2_TLC555,ch2,origplant,soil_moisture,1200,,,OK,,,983.6,,name=c5off1;level=overwatered;role=disp;spread=24;gpio=5;device_seq=73602;time_source=device_synced;device_timestamp_utc=2026-07-27T23:33:02.087Z;config_id=170b1c1e;rssi=-55;uptime_s=552030;heap=152388;cal_tier=board-cal;cal_src=wet_rederive_1236_20260719;pressure_context_source=weather_openmeteo;transport=wifi_poll,
plants.soil,2026-07-27T23:33:16.532Z,2026-07-27 18:33:16.532,18549,2a89d4,8gtt1h,0.7.3,fleet_logger_0_1,552030035,UMLIFE_v2_TLC555,ch3,origplant,soil_moisture,1599,,,OK,,,983.6,,name=c5off1;level=OK;role=disp;spread=25;gpio=6;device_seq=73603;time_source=device_synced;device_timestamp_utc=2026-07-27T23:33:02.087Z;config_id=170b1c1e;rssi=-55;uptime_s=552030;heap=152388;cal_tier=board-cal;cal_src=wet_rederive_1236_20260719;pressure_context_source=weather_openmeteo;transport=wifi_poll,
plants.env,2026-07-27T23:33:16.532Z,2026-07-27 18:33:16.532,18550,2a89d4,8gtt1h,0.7.3,fleet_logger_0_1,552030719,ESP32,esp32_die,on_chip,die_temp,,24.70,degC,OK,,,,,name=c5off1;source=esp32_die;cal=uncalibrated_board_proxy;api=temperatureRead;config_id=170b1c1e;transport=wifi_poll,
plants.soil,2026-07-27T23:33:46.831Z,2026-07-27 18:33:46.831,18551,2a89d4,8gtt1h,0.7.3,fleet_logger_0_1,552060035,UMLIFE_v2_TLC555,ch0,origplant,soil_moisture,1212,,,OK,,,983.6,,name=c5off1;level=overwatered;role=disp;spread=12;gpio=1;device_seq=73604;time_source=device_synced;device_timestamp_utc=2026-07-27T23:33:32.087Z;config_id=170b1c1e;rssi=-58;uptime_s=552060;heap=152644;cal_tier=board-cal;cal_src=wet_rederive_1236_20260719;pressure_context_source=weather_openmeteo;transport=wifi_poll,
plants.soil,2026-07-27T23:33:46.831Z,2026-07-27 18:33:46.831,18552,2a89d4,8gtt1h,0.7.3,fleet_logger_0_1,552060035,UMLIFE_v2_TLC555,ch1,origplant,soil_moisture,1341,,,OK,,,983.6,,name=c5off1;level=well watered;role=disp;spread=30;gpio=4;device_seq=73605;time_source=device_synced;device_timestamp_utc=2026-07-27T23:33:32.087Z;config_id=170b1c1e;rssi=-58;uptime_s=552060;heap=152644;cal_tier=board-cal;cal_src=wet_rederive_1236_20260719;pressure_context_source=weather_openmeteo;transport=wifi_poll,
plants.soil,2026-07-27T23:33:46.831Z,2026-07-27 18:33:46.831,18553,2a89d4,8gtt1h,0.7.3,fleet_logger_0_1,552060035,UMLIFE_v2_TLC555,ch2,origplant,soil_moisture,1200,,,OK,,,983.6,,name=c5off1;level=overwatered;role=disp;spread=12;gpio=5;device_seq=73606;time_source=device_synced;device_timestamp_utc=2026-07-27T23:33:32.087Z;config_id=170b1c1e;rssi=-58;uptime_s=552060;heap=152644;cal_tier=board-cal;cal_src=wet_rederive_1236_20260719;pressure_context_source=weather_openmeteo;transport=wifi_poll,
plants.soil,2026-07-27T23:33:46.831Z,2026-07-27 18:33:46.831,18554,2a89d4,8gtt1h,0.7.3,fleet_logger_0_1,552060035,UMLIFE_v2_TLC555,ch3,origplant,soil_moisture,1596,,,OK,,,983.6,,name=c5off1;level=OK;role=disp;spread=9;gpio=6;device_seq=73607;time_source=device_synced;device_timestamp_utc=2026-07-27T23:33:32.087Z;config_id=170b1c1e;rssi=-58;uptime_s=552060;heap=152644;cal_tier=board-cal;cal_src=wet_rederive_1236_20260719;pressure_context_source=weather_openmeteo;transport=wifi_poll,
plants.env,2026-07-27T23:33:46.831Z,2026-07-27 18:33:46.831,18555,2a89d4,8gtt1h,0.7.3,fleet_logger_0_1,552060719,ESP32,esp32_die,on_chip,die_temp,,24.70,degC,OK,,,,,name=c5off1;source=esp32_die;cal=uncalibrated_board_proxy;api=temperatureRead;config_id=170b1c1e;transport=wifi_poll,
plants.soil,2026-07-27T23:34:17.971Z,2026-07-27 18:34:17.971,18556,2a89d4,8gtt1h,0.7.3,fleet_logger_0_1,552090035,UMLIFE_v2_TLC555,ch0,origplant,soil_moisture,1214,,,OK,,,983.6,,name=c5off1;level=overwatered;role=disp;spread=18;gpio=1;device_seq=73608;time_source=device_synced;device_timestamp_utc=2026-07-27T23:34:02.087Z;config_id=170b1c1e;rssi=-55;uptime_s=552090;heap=152644;cal_tier=board-cal;cal_src=wet_rederive_1236_20260719;pressure_context_source=weather_openmeteo;transport=wifi_poll,
plants.soil,2026-07-27T23:34:17.971Z,2026-07-27 18:34:17.971,18557,2a89d4,8gtt1h,0.7.3,fleet_logger_0_1,552090035,UMLIFE_v2_TLC555,ch1,origplant,soil_moisture,1340,,,OK,,,983.6,,name=c5off1;level=well watered;role=disp;spread=17;gpio=4;device_seq=73609;time_source=device_synced;device_timestamp_utc=2026-07-27T23:34:02.087Z;config_id=170b1c1e;rssi=-55;uptime_s=552090;heap=152644;cal_tier=board-cal;cal_src=wet_rederive_1236_20260719;pressure_context_source=weather_openmeteo;transport=wifi_poll,
plants.soil,2026-07-27T23:34:17.971Z,2026-07-27 18:34:17.971,18558,2a89d4,8gtt1h,0.7.3,fleet_logger_0_1,552090035,UMLIFE_v2_TLC555,ch2,origplant,soil_moisture,1200,,,OK,,,983.6,,name=c5off1;level=overwatered;role=disp;spread=18;gpio=5;device_seq=73610;time_source=device_synced;device_timestamp_utc=2026-07-27T23:34:02.087Z;config_id=170b1c1e;rssi=-55;uptime_s=552090;heap=152644;cal_tier=board-cal;cal_src=wet_rederive_1236_20260719;pressure_context_source=weather_openmeteo;transport=wifi_poll,
plants.soil,2026-07-27T23:34:17.971Z,2026-07-27 18:34:17.971,18559,2a89d4,8gtt1h,0.7.3,fleet_logger_0_1,552090035,UMLIFE_v2_TLC555,ch3,origplant,soil_moisture,1591,,,OK,,,983.6,,name=c5off1;level=OK;role=disp;spread=19;gpio=6;device_seq=73611;time_source=device_synced;device_timestamp_utc=2026-07-27T23:34:02.087Z;config_id=170b1c1e;rssi=-55;uptime_s=552090;heap=152644;cal_tier=board-cal;cal_src=wet_rederive_1236_20260719;pressure_context_source=weather_openmeteo;transport=wifi_poll,
plants.env,2026-07-27T23:34:17.971Z,2026-07-27 18:34:17.971,18560,2a89d4,8gtt1h,0.7.3,fleet_logger_0_1,552090719,ESP32,esp32_die,on_chip,die_temp,,24.70,degC,OK,,,,,name=c5off1;source=esp32_die;cal=uncalibrated_board_proxy;api=temperatureRead;config_id=170b1c1e;transport=wifi_poll,
plants.soil,2026-07-27T23:34:48.269Z,2026-07-27 18:34:48.269,18561,2a89d4,8gtt1h,0.7.3,fleet_logger_0_1,552120035,UMLIFE_v2_TLC555,ch0,origplant,soil_moisture,1222,,,OK,,,983.6,,name=c5off1;level=overwatered;role=disp;spread=19;gpio=1;device_seq=73612;time_source=device_synced;device_timestamp_utc=2026-07-27T23:34:32.087Z;config_id=170b1c1e;rssi=-57;uptime_s=552120;heap=152644;cal_tier=board-cal;cal_src=wet_rederive_1236_20260719;pressure_context_source=weather_openmeteo;transport=wifi_poll,
plants.soil,2026-07-27T23:34:48.269Z,2026-07-27 18:34:48.269,18562,2a89d4,8gtt1h,0.7.3,fleet_logger_0_1,552120035,UMLIFE_v2_TLC555,ch1,origplant,soil_moisture,1345,,,OK,,,983.6,,name=c5off1;level=well watered;role=disp;spread=12;gpio=4;device_seq=73613;time_source=device_synced;device_timestamp_utc=2026-07-27T23:34:32.087Z;config_id=170b1c1e;rssi=-57;uptime_s=552120;heap=152644;cal_tier=board-cal;cal_src=wet_rederive_1236_20260719;pressure_context_source=weather_openmeteo;transport=wifi_poll,
plants.soil,2026-07-27T23:34:48.269Z,2026-07-27 18:34:48.269,18563,2a89d4,8gtt1h,0.7.3,fleet_logger_0_1,552120035,UMLIFE_v2_TLC555,ch2,origplant,soil_moisture,1200,,,OK,,,983.6,,name=c5off1;level=overwatered;role=disp;spread=10;gpio=5;device_seq=73614;time_source=device_synced;device_timestamp_utc=2026-07-27T23:34:32.087Z;config_id=170b1c1e;rssi=-57;uptime_s=552120;heap=152644;cal_tier=board-cal;cal_src=wet_rederive_1236_20260719;pressure_context_source=weather_openmeteo;transport=wifi_poll,
plants.soil,2026-07-27T23:34:48.269Z,2026-07-27 18:34:48.269,18564,2a89d4,8gtt1h,0.7.3,fleet_logger_0_1,552120035,UMLIFE_v2_TLC555,ch3,origplant,soil_moisture,1583,,,OK,,,983.6,,name=c5off1;level=OK;role=disp;spread=23;gpio=6;device_seq=73615;time_source=device_synced;device_timestamp_utc=2026-07-27T23:34:32.087Z;config_id=170b1c1e;rssi=-57;uptime_s=552120;heap=152644;cal_tier=board-cal;cal_src=wet_rederive_1236_20260719;pressure_context_source=weather_openmeteo;transport=wifi_poll,
plants.env,2026-07-27T23:34:48.269Z,2026-07-27 18:34:48.269,18565,2a89d4,8gtt1h,0.7.3,fleet_logger_0_1,552120719,ESP32,esp32_die,on_chip,die_temp,,24.70,degC,OK,,,,,name=c5off1;source=esp32_die;cal=uncalibrated_board_proxy;api=temperatureRead;config_id=170b1c1e;transport=wifi_poll,
plants.soil,2026-07-27T23:35:18.863Z,2026-07-27 18:35:18.863,18566,2a89d4,8gtt1h,0.7.3,fleet_logger_0_1,552150035,UMLIFE_v2_TLC555,ch0,origplant,soil_moisture,1227,,,OK,,,983.6,,name=c5off1;level=overwatered;role=disp;spread=10;gpio=1;device_seq=73616;time_source=device_synced;device_timestamp_utc=2026-07-27T23:35:02.087Z;config_id=170b1c1e;rssi=-56;uptime_s=552150;heap=152648;cal_tier=board-cal;cal_src=wet_rederive_1236_20260719;pressure_context_source=weather_openmeteo;transport=wifi_poll,
plants.soil,2026-07-27T23:35:18.863Z,2026-07-27 18:35:18.863,18567,2a89d4,8gtt1h,0.7.3,fleet_logger_0_1,552150035,UMLIFE_v2_TLC555,ch1,origplant,soil_moisture,1353,,,OK,,,983.6,,name=c5off1;level=well watered;role=disp;spread=20;gpio=4;device_seq=73617;time_source=device_synced;device_timestamp_utc=2026-07-27T23:35:02.087Z;config_id=170b1c1e;rssi=-56;uptime_s=552150;heap=152648;cal_tier=board-cal;cal_src=wet_rederive_1236_20260719;pressure_context_source=weather_openmeteo;transport=wifi_poll,
plants.soil,2026-07-27T23:35:18.863Z,2026-07-27 18:35:18.863,18568,2a89d4,8gtt1h,0.7.3,fleet_logger_0_1,552150035,UMLIFE_v2_TLC555,ch2,origplant,soil_moisture,1199,,,OK,,,983.6,,name=c5off1;level=overwatered;role=disp;spread=18;gpio=5;device_seq=73618;time_source=device_synced;device_timestamp_utc=2026-07-27T23:35:02.087Z;config_id=170b1c1e;rssi=-56;uptime_s=552150;heap=152648;cal_tier=board-cal;cal_src=wet_rederive_1236_20260719;pressure_context_source=weather_openmeteo;transport=wifi_poll,
plants.soil,2026-07-27T23:35:18.863Z,2026-07-27 18:35:18.863,18569,2a89d4,8gtt1h,0.7.3,fleet_logger_0_1,552150035,UMLIFE_v2_TLC555,ch3,origplant,soil_moisture,1582,,,OK,,,983.6,,name=c5off1;level=OK;role=disp;spread=7;gpio=6;device_seq=73619;time_source=device_synced;device_timestamp_utc=2026-07-27T23:35:02.087Z;config_id=170b1c1e;rssi=-56;uptime_s=552150;heap=152648;cal_tier=board-cal;cal_src=wet_rederive_1236_20260719;pressure_context_source=weather_openmeteo;transport=wifi_poll,
plants.env,2026-07-27T23:35:18.863Z,2026-07-27 18:35:18.863,18570,2a89d4,8gtt1h,0.7.3,fleet_logger_0_1,552150719,ESP32,esp32_die,on_chip,die_temp,,24.70,degC,OK,,,,,name=c5off1;source=esp32_die;cal=uncalibrated_board_proxy;api=temperatureRead;config_id=170b1c1e;transport=wifi_poll,
plants.soil,2026-07-27T23:35:49.200Z,2026-07-27 18:35:49.200,18571,2a89d4,8gtt1h,0.7.3,fleet_logger_0_1,552180035,UMLIFE_v2_TLC555,ch0,origplant,soil_moisture,1227,,,OK,,,983.6,,name=c5off1;level=overwatered;role=disp;spread=20;gpio=1;device_seq=73620;time_source=device_synced;device_timestamp_utc=2026-07-27T23:35:32.087Z;config_id=170b1c1e;rssi=-57;uptime_s=552180;heap=152364;cal_tier=board-cal;cal_src=wet_rederive_1236_20260719;pressure_context_source=weather_openmeteo;transport=wifi_poll,
plants.soil,2026-07-27T23:35:49.200Z,2026-07-27 18:35:49.200,18572,2a89d4,8gtt1h,0.7.3,fleet_logger_0_1,552180035,UMLIFE_v2_TLC555,ch1,origplant,soil_moisture,1357,,,OK,,,983.6,,name=c5off1;level=well watered;role=disp;spread=25;gpio=4;device_seq=73621;time_source=device_synced;device_timestamp_utc=2026-07-27T23:35:32.087Z;config_id=170b1c1e;rssi=-57;uptime_s=552180;heap=152364;cal_tier=board-cal;cal_src=wet_rederive_1236_20260719;pressure_context_source=weather_openmeteo;transport=wifi_poll,
plants.soil,2026-07-27T23:35:49.200Z,2026-07-27 18:35:49.200,18573,2a89d4,8gtt1h,0.7.3,fleet_logger_0_1,552180035,UMLIFE_v2_TLC555,ch2,origplant,soil_moisture,1199,,,OK,,,983.6,,name=c5off1;level=overwatered;role=disp;spread=14;gpio=5;device_seq=73622;time_source=device_synced;device_timestamp_utc=2026-07-27T23:35:32.087Z;config_id=170b1c1e;rssi=-57;uptime_s=552180;heap=152364;cal_tier=board-cal;cal_src=wet_rederive_1236_20260719;pressure_context_source=weather_openmeteo;transport=wifi_poll,
plants.soil,2026-07-27T23:35:49.200Z,2026-07-27 18:35:49.200,18574,2a89d4,8gtt1h,0.7.3,fleet_logger_0_1,552180035,UMLIFE_v2_TLC555,ch3,origplant,soil_moisture,1588,,,OK,,,983.6,,name=c5off1;level=OK;role=disp;spread=38;gpio=6;device_seq=73623;time_source=device_synced;device_timestamp_utc=2026-07-27T23:35:32.087Z;config_id=170b1c1e;rssi=-57;uptime_s=552180;heap=152364;cal_tier=board-cal;cal_src=wet_rederive_1236_20260719;pressure_context_source=weather_openmeteo;transport=wifi_poll,
plants.env,2026-07-27T23:35:49.200Z,2026-07-27 18:35:49.200,18575,2a89d4,8gtt1h,0.7.3,fleet_logger_0_1,552180719,ESP32,esp32_die,on_chip,die_temp,,24.70,degC,OK,,,,,name=c5off1;source=esp32_die;cal=uncalibrated_board_proxy;api=temperatureRead;config_id=170b1c1e;transport=wifi_poll,
plants.soil,2026-07-27T23:36:19.615Z,2026-07-27 18:36:19.615,18576,2a89d4,8gtt1h,0.7.3,fleet_logger_0_1,552210035,UMLIFE_v2_TLC555,ch0,origplant,soil_moisture,1228,,,OK,,,983.6,,name=c5off1;level=overwatered;role=disp;spread=13;gpio=1;device_seq=73624;time_source=device_synced;device_timestamp_utc=2026-07-27T23:36:02.087Z;config_id=170b1c1e;rssi=-58;uptime_s=552210;heap=152364;cal_tier=board-cal;cal_src=wet_rederive_1236_20260719;pressure_context_source=weather_openmeteo;transport=wifi_poll,
plants.soil,2026-07-27T23:36:19.615Z,2026-07-27 18:36:19.615,18577,2a89d4,8gtt1h,0.7.3,fleet_logger_0_1,552210035,UMLIFE_v2_TLC555,ch1,origplant,soil_moisture,1360,,,OK,,,983.6,,name=c5off1;level=well watered;role=disp;spread=23;gpio=4;device_seq=73625;time_source=device_synced;device_timestamp_utc=2026-07-27T23:36:02.087Z;config_id=170b1c1e;rssi=-58;uptime_s=552210;heap=152364;cal_tier=board-cal;cal_src=wet_rederive_1236_20260719;pressure_context_source=weather_openmeteo;transport=wifi_poll,
plants.soil,2026-07-27T23:36:19.615Z,2026-07-27 18:36:19.615,18578,2a89d4,8gtt1h,0.7.3,fleet_logger_0_1,552210035,UMLIFE_v2_TLC555,ch2,origplant,soil_moisture,1201,,,OK,,,983.6,,name=c5off1;level=overwatered;role=disp;spread=10;gpio=5;device_seq=73626;time_source=device_synced;device_timestamp_utc=2026-07-27T23:36:02.087Z;config_id=170b1c1e;rssi=-58;uptime_s=552210;heap=152364;cal_tier=board-cal;cal_src=wet_rederive_1236_20260719;pressure_context_source=weather_openmeteo;transport=wifi_poll,
plants.soil,2026-07-27T23:36:19.615Z,2026-07-27 18:36:19.615,18579,2a89d4,8gtt1h,0.7.3,fleet_logger_0_1,552210035,UMLIFE_v2_TLC555,ch3,origplant,soil_moisture,1594,,,OK,,,983.6,,name=c5off1;level=OK;role=disp;spread=24;gpio=6;device_seq=73627;time_source=device_synced;device_timestamp_utc=2026-07-27T23:36:02.087Z;config_id=170b1c1e;rssi=-58;uptime_s=552210;heap=152364;cal_tier=board-cal;cal_src=wet_rederive_1236_20260719;pressure_context_source=weather_openmeteo;transport=wifi_poll,
plants.env,2026-07-27T23:36:19.615Z,2026-07-27 18:36:19.615,18580,2a89d4,8gtt1h,0.7.3,fleet_logger_0_1,552210719,ESP32,esp32_die,on_chip,die_temp,,24.70,degC,OK,,,,,name=c5off1;source=esp32_die;cal=uncalibrated_board_proxy;api=temperatureRead;config_id=170b1c1e;transport=wifi_poll,
plants.soil,2026-07-27T23:36:49.922Z,2026-07-27 18:36:49.922,18581,2a89d4,8gtt1h,0.7.3,fleet_logger_0_1,552240035,UMLIFE_v2_TLC555,ch0,origplant,soil_moisture,1228,,,OK,,,983.6,,name=c5off1;level=overwatered;role=disp;spread=11;gpio=1;device_seq=73628;time_source=device_synced;device_timestamp_utc=2026-07-27T23:36:32.087Z;config_id=170b1c1e;rssi=-56;uptime_s=552240;heap=152620;cal_tier=board-cal;cal_src=wet_rederive_1236_20260719;pressure_context_source=weather_openmeteo;transport=wifi_poll,
plants.soil,2026-07-27T23:36:49.922Z,2026-07-27 18:36:49.922,18582,2a89d4,8gtt1h,0.7.3,fleet_logger_0_1,552240035,UMLIFE_v2_TLC555,ch1,origplant,soil_moisture,1359,,,OK,,,983.6,,name=c5off1;level=well watered;role=disp;spread=15;gpio=4;device_seq=73629;time_source=device_synced;device_timestamp_utc=2026-07-27T23:36:32.087Z;config_id=170b1c1e;rssi=-56;uptime_s=552240;heap=152620;cal_tier=board-cal;cal_src=wet_rederive_1236_20260719;pressure_context_source=weather_openmeteo;transport=wifi_poll,
plants.soil,2026-07-27T23:36:49.922Z,2026-07-27 18:36:49.922,18583,2a89d4,8gtt1h,0.7.3,fleet_logger_0_1,552240035,UMLIFE_v2_TLC555,ch2,origplant,soil_moisture,1200,,,OK,,,983.6,,name=c5off1;level=overwatered;role=disp;spread=15;gpio=5;device_seq=73630;time_source=device_synced;device_timestamp_utc=2026-07-27T23:36:32.087Z;config_id=170b1c1e;rssi=-56;uptime_s=552240;heap=152620;cal_tier=board-cal;cal_src=wet_rederive_1236_20260719;pressure_context_source=weather_openmeteo;transport=wifi_poll,
plants.soil,2026-07-27T23:36:49.922Z,2026-07-27 18:36:49.922,18584,2a89d4,8gtt1h,0.7.3,fleet_logger_0_1,552240035,UMLIFE_v2_TLC555,ch3,origplant,soil_moisture,1603,,,OK,,,983.6,,name=c5off1;level=OK;role=disp;spread=18;gpio=6;device_seq=73631;time_source=device_synced;device_timestamp_utc=2026-07-27T23:36:32.087Z;config_id=170b1c1e;rssi=-56;uptime_s=552240;heap=152620;cal_tier=board-cal;cal_src=wet_rederive_1236_20260719;pressure_context_source=weather_openmeteo;transport=wifi_poll,
plants.env,2026-07-27T23:36:49.922Z,2026-07-27 18:36:49.922,18585,2a89d4,8gtt1h,0.7.3,fleet_logger_0_1,552240719,ESP32,esp32_die,on_chip,die_temp,,24.70,degC,OK,,,,,name=c5off1;source=esp32_die;cal=uncalibrated_board_proxy;api=temperatureRead;config_id=170b1c1e;transport=wifi_poll,
plants.soil,2026-07-27T23:37:20.429Z,2026-07-27 18:37:20.429,18586,2a89d4,8gtt1h,0.7.3,fleet_logger_0_1,552270035,UMLIFE_v2_TLC555,ch0,origplant,soil_moisture,1228,,,OK,,,983.6,,name=c5off1;level=overwatered;role=disp;spread=12;gpio=1;device_seq=73632;time_source=device_synced;device_timestamp_utc=2026-07-27T23:37:02.087Z;config_id=170b1c1e;rssi=-56;uptime_s=552270;heap=152620;cal_tier=board-cal;cal_src=wet_rederive_1236_20260719;pressure_context_source=weather_openmeteo;transport=wifi_poll,
plants.soil,2026-07-27T23:37:20.429Z,2026-07-27 18:37:20.429,18587,2a89d4,8gtt1h,0.7.3,fleet_logger_0_1,552270035,UMLIFE_v2_TLC555,ch1,origplant,soil_moisture,1358,,,OK,,,983.6,,name=c5off1;level=well watered;role=disp;spread=16;gpio=4;device_seq=73633;time_source=device_synced;device_timestamp_utc=2026-07-27T23:37:02.087Z;config_id=170b1c1e;rssi=-56;uptime_s=552270;heap=152620;cal_tier=board-cal;cal_src=wet_rederive_1236_20260719;pressure_context_source=weather_openmeteo;transport=wifi_poll,
plants.soil,2026-07-27T23:37:20.429Z,2026-07-27 18:37:20.429,18588,2a89d4,8gtt1h,0.7.3,fleet_logger_0_1,552270035,UMLIFE_v2_TLC555,ch2,origplant,soil_moisture,1198,,,OK,,,983.6,,name=c5off1;level=overwatered;role=disp;spread=14;gpio=5;device_seq=73634;time_source=device_synced;device_timestamp_utc=2026-07-27T23:37:02.087Z;config_id=170b1c1e;rssi=-56;uptime_s=552270;heap=152620;cal_tier=board-cal;cal_src=wet_rederive_1236_20260719;pressure_context_source=weather_openmeteo;transport=wifi_poll,
plants.soil,2026-07-27T23:37:20.429Z,2026-07-27 18:37:20.429,18589,2a89d4,8gtt1h,0.7.3,fleet_logger_0_1,552270035,UMLIFE_v2_TLC555,ch3,origplant,soil_moisture,1601,,,OK,,,983.6,,name=c5off1;level=OK;role=disp;spread=26;gpio=6;device_seq=73635;time_source=device_synced;device_timestamp_utc=2026-07-27T23:37:02.087Z;config_id=170b1c1e;rssi=-56;uptime_s=552270;heap=152620;cal_tier=board-cal;cal_src=wet_rederive_1236_20260719;pressure_context_source=weather_openmeteo;transport=wifi_poll,
plants.env,2026-07-27T23:37:20.429Z,2026-07-27 18:37:20.429,18590,2a89d4,8gtt1h,0.7.3,fleet_logger_0_1,552270719,ESP32,esp32_die,on_chip,die_temp,,24.70,degC,OK,,,,,name=c5off1;source=esp32_die;cal=uncalibrated_board_proxy;api=temperatureRead;config_id=170b1c1e;transport=wifi_poll,
plants.soil,2026-07-27T23:37:50.942Z,2026-07-27 18:37:50.942,18591,2a89d4,8gtt1h,0.7.3,fleet_logger_0_1,552300035,UMLIFE_v2_TLC555,ch0,origplant,soil_moisture,1226,,,OK,,,983.6,,name=c5off1;level=overwatered;role=disp;spread=8;gpio=1;device_seq=73636;time_source=device_synced;device_timestamp_utc=2026-07-27T23:37:32.087Z;config_id=170b1c1e;rssi=-58;uptime_s=552300;heap=152592;cal_tier=board-cal;cal_src=wet_rederive_1236_20260719;pressure_context_source=weather_openmeteo;transport=wifi_poll,
plants.soil,2026-07-27T23:37:50.942Z,2026-07-27 18:37:50.942,18592,2a89d4,8gtt1h,0.7.3,fleet_logger_0_1,552300035,UMLIFE_v2_TLC555,ch1,origplant,soil_moisture,1357,,,OK,,,983.6,,name=c5off1;level=well watered;role=disp;spread=21;gpio=4;device_seq=73637;time_source=device_synced;device_timestamp_utc=2026-07-27T23:37:32.087Z;config_id=170b1c1e;rssi=-58;uptime_s=552300;heap=152592;cal_tier=board-cal;cal_src=wet_rederive_1236_20260719;pressure_context_source=weather_openmeteo;transport=wifi_poll,
plants.soil,2026-07-27T23:37:50.942Z,2026-07-27 18:37:50.942,18593,2a89d4,8gtt1h,0.7.3,fleet_logger_0_1,552300035,UMLIFE_v2_TLC555,ch2,origplant,soil_moisture,1201,,,OK,,,983.6,,name=c5off1;level=overwatered;role=disp;spread=11;gpio=5;device_seq=73638;time_source=device_synced;device_timestamp_utc=2026-07-27T23:37:32.087Z;config_id=170b1c1e;rssi=-58;uptime_s=552300;heap=152592;cal_tier=board-cal;cal_src=wet_rederive_1236_20260719;pressure_context_source=weather_openmeteo;transport=wifi_poll,
plants.soil,2026-07-27T23:37:50.942Z,2026-07-27 18:37:50.942,18594,2a89d4,8gtt1h,0.7.3,fleet_logger_0_1,552300035,UMLIFE_v2_TLC555,ch3,origplant,soil_moisture,1599,,,OK,,,983.6,,name=c5off1;level=OK;role=disp;spread=20;gpio=6;device_seq=73639;time_source=device_synced;device_timestamp_utc=2026-07-27T23:37:32.087Z;config_id=170b1c1e;rssi=-58;uptime_s=552300;heap=152592;cal_tier=board-cal;cal_src=wet_rederive_1236_20260719;pressure_context_source=weather_openmeteo;transport=wifi_poll,
plants.env,2026-07-27T23:37:50.942Z,2026-07-27 18:37:50.942,18595,2a89d4,8gtt1h,0.7.3,fleet_logger_0_1,552300720,ESP32,esp32_die,on_chip,die_temp,,23.70,degC,OK,,,,,name=c5off1;source=esp32_die;cal=uncalibrated_board_proxy;api=temperatureRead;config_id=170b1c1e;transport=wifi_poll,
plants.soil,2026-07-27T23:38:21.765Z,2026-07-27 18:38:21.765,18596,2a89d4,8gtt1h,0.7.3,fleet_logger_0_1,552330035,UMLIFE_v2_TLC555,ch0,origplant,soil_moisture,1226,,,OK,,,983.6,,name=c5off1;level=overwatered;role=disp;spread=18;gpio=1;device_seq=73640;time_source=device_synced;device_timestamp_utc=2026-07-27T23:38:02.087Z;config_id=170b1c1e;rssi=-58;uptime_s=552330;heap=152656;cal_tier=board-cal;cal_src=wet_rederive_1236_20260719;pressure_context_source=weather_openmeteo;transport=wifi_poll,
plants.soil,2026-07-27T23:38:21.765Z,2026-07-27 18:38:21.765,18597,2a89d4,8gtt1h,0.7.3,fleet_logger_0_1,552330035,UMLIFE_v2_TLC555,ch1,origplant,soil_moisture,1360,,,OK,,,983.6,,name=c5off1;level=well watered;role=disp;spread=18;gpio=4;device_seq=73641;time_source=device_synced;device_timestamp_utc=2026-07-27T23:38:02.087Z;config_id=170b1c1e;rssi=-58;uptime_s=552330;heap=152656;cal_tier=board-cal;cal_src=wet_rederive_1236_20260719;pressure_context_source=weather_openmeteo;transport=wifi_poll,
plants.soil,2026-07-27T23:38:21.765Z,2026-07-27 18:38:21.765,18598,2a89d4,8gtt1h,0.7.3,fleet_logger_0_1,552330035,UMLIFE_v2_TLC555,ch2,origplant,soil_moisture,1201,,,OK,,,983.6,,name=c5off1;level=overwatered;role=disp;spread=19;gpio=5;device_seq=73642;time_source=device_synced;device_timestamp_utc=2026-07-27T23:38:02.087Z;config_id=170b1c1e;rssi=-58;uptime_s=552330;heap=152656;cal_tier=board-cal;cal_src=wet_rederive_1236_20260719;pressure_context_source=weather_openmeteo;transport=wifi_poll,
plants.soil,2026-07-27T23:38:21.765Z,2026-07-27 18:38:21.765,18599,2a89d4,8gtt1h,0.7.3,fleet_logger_0_1,552330035,UMLIFE_v2_TLC555,ch3,origplant,soil_moisture,1599,,,OK,,,983.6,,name=c5off1;level=OK;role=disp;spread=26;gpio=6;device_seq=73643;time_source=device_synced;device_timestamp_utc=2026-07-27T23:38:02.087Z;config_id=170b1c1e;rssi=-58;uptime_s=552330;heap=152656;cal_tier=board-cal;cal_src=wet_rederive_1236_20260719;pressure_context_source=weather_openmeteo;transport=wifi_poll,
plants.env,2026-07-27T23:38:21.765Z,2026-07-27 18:38:21.765,18600,2a89d4,8gtt1h,0.7.3,fleet_logger_0_1,552330719,ESP32,esp32_die,on_chip,die_temp,,23.70,degC,OK,,,,,name=c5off1;source=esp32_die;cal=uncalibrated_board_proxy;api=temperatureRead;config_id=170b1c1e;transport=wifi_poll,
plants.soil,2026-07-27T23:38:52.085Z,2026-07-27 18:38:52.085,18601,2a89d4,8gtt1h,0.7.3,fleet_logger_0_1,552360035,UMLIFE_v2_TLC555,ch0,origplant,soil_moisture,1226,,,OK,,,983.6,,name=c5off1;level=overwatered;role=disp;spread=6;gpio=1;device_seq=73644;time_source=device_synced;device_timestamp_utc=2026-07-27T23:38:32.087Z;config_id=170b1c1e;rssi=-57;uptime_s=552360;heap=152396;cal_tier=board-cal;cal_src=wet_rederive_1236_20260719;pressure_context_source=weather_openmeteo;transport=wifi_poll,
plants.soil,2026-07-27T23:38:52.085Z,2026-07-27 18:38:52.085,18602,2a89d4,8gtt1h,0.7.3,fleet_logger_0_1,552360035,UMLIFE_v2_TLC555,ch1,origplant,soil_moisture,1358,,,OK,,,983.6,,name=c5off1;level=well watered;role=disp;spread=25;gpio=4;device_seq=73645;time_source=device_synced;device_timestamp_utc=2026-07-27T23:38:32.087Z;config_id=170b1c1e;rssi=-57;uptime_s=552360;heap=152396;cal_tier=board-cal;cal_src=wet_rederive_1236_20260719;pressure_context_source=weather_openmeteo;transport=wifi_poll,
plants.soil,2026-07-27T23:38:52.085Z,2026-07-27 18:38:52.085,18603,2a89d4,8gtt1h,0.7.3,fleet_logger_0_1,552360035,UMLIFE_v2_TLC555,ch2,origplant,soil_moisture,1199,,,OK,,,983.6,,name=c5off1;level=overwatered;role=disp;spread=9;gpio=5;device_seq=73646;time_source=device_synced;device_timestamp_utc=2026-07-27T23:38:32.087Z;config_id=170b1c1e;rssi=-57;uptime_s=552360;heap=152396;cal_tier=board-cal;cal_src=wet_rederive_1236_20260719;pressure_context_source=weather_openmeteo;transport=wifi_poll,
plants.soil,2026-07-27T23:38:52.085Z,2026-07-27 18:38:52.085,18604,2a89d4,8gtt1h,0.7.3,fleet_logger_0_1,552360035,UMLIFE_v2_TLC555,ch3,origplant,soil_moisture,1600,,,OK,,,983.6,,name=c5off1;level=OK;role=disp;spread=14;gpio=6;device_seq=73647;time_source=device_synced;device_timestamp_utc=2026-07-27T23:38:32.087Z;config_id=170b1c1e;rssi=-57;uptime_s=552360;heap=152396;cal_tier=board-cal;cal_src=wet_rederive_1236_20260719;pressure_context_source=weather_openmeteo;transport=wifi_poll,
plants.env,2026-07-27T23:38:52.085Z,2026-07-27 18:38:52.085,18605,2a89d4,8gtt1h,0.7.3,fleet_logger_0_1,552360719,ESP32,esp32_die,on_chip,die_temp,,24.70,degC,OK,,,,,name=c5off1;source=esp32_die;cal=uncalibrated_board_proxy;api=temperatureRead;config_id=170b1c1e;transport=wifi_poll,
plants.soil,2026-07-27T23:39:22.547Z,2026-07-27 18:39:22.547,18606,2a89d4,8gtt1h,0.7.3,fleet_logger_0_1,552390035,UMLIFE_v2_TLC555,ch0,origplant,soil_moisture,1227,,,OK,,,983.6,,name=c5off1;level=overwatered;role=disp;spread=21;gpio=1;device_seq=73648;time_source=device_synced;device_timestamp_utc=2026-07-27T23:39:02.087Z;config_id=170b1c1e;rssi=-55;uptime_s=552390;heap=152396;cal_tier=board-cal;cal_src=wet_rederive_1236_20260719;pressure_context_source=weather_openmeteo;transport=wifi_poll,
plants.soil,2026-07-27T23:39:22.547Z,2026-07-27 18:39:22.547,18607,2a89d4,8gtt1h,0.7.3,fleet_logger_0_1,552390035,UMLIFE_v2_TLC555,ch1,origplant,soil_moisture,1360,,,OK,,,983.6,,name=c5off1;level=well watered;role=disp;spread=18;gpio=4;device_seq=73649;time_source=device_synced;device_timestamp_utc=2026-07-27T23:39:02.087Z;config_id=170b1c1e;rssi=-55;uptime_s=552390;heap=152396;cal_tier=board-cal;cal_src=wet_rederive_1236_20260719;pressure_context_source=weather_openmeteo;transport=wifi_poll,
plants.soil,2026-07-27T23:39:22.547Z,2026-07-27 18:39:22.547,18608,2a89d4,8gtt1h,0.7.3,fleet_logger_0_1,552390035,UMLIFE_v2_TLC555,ch2,origplant,soil_moisture,1200,,,OK,,,983.6,,name=c5off1;level=overwatered;role=disp;spread=13;gpio=5;device_seq=73650;time_source=device_synced;device_timestamp_utc=2026-07-27T23:39:02.087Z;config_id=170b1c1e;rssi=-55;uptime_s=552390;heap=152396;cal_tier=board-cal;cal_src=wet_rederive_1236_20260719;pressure_context_source=weather_openmeteo;transport=wifi_poll,
plants.soil,2026-07-27T23:39:22.547Z,2026-07-27 18:39:22.547,18609,2a89d4,8gtt1h,0.7.3,fleet_logger_0_1,552390035,UMLIFE_v2_TLC555,ch3,origplant,soil_moisture,1602,,,OK,,,983.6,,name=c5off1;level=OK;role=disp;spread=23;gpio=6;device_seq=73651;time_source=device_synced;device_timestamp_utc=2026-07-27T23:39:02.087Z;config_id=170b1c1e;rssi=-55;uptime_s=552390;heap=152396;cal_tier=board-cal;cal_src=wet_rederive_1236_20260719;pressure_context_source=weather_openmeteo;transport=wifi_poll,
plants.env,2026-07-27T23:39:22.547Z,2026-07-27 18:39:22.547,18610,2a89d4,8gtt1h,0.7.3,fleet_logger_0_1,552390720,ESP32,esp32_die,on_chip,die_temp,,24.70,degC,OK,,,,,name=c5off1;source=esp32_die;cal=uncalibrated_board_proxy;api=temperatureRead;config_id=170b1c1e;transport=wifi_poll,
plants.soil,2026-07-27T23:39:53.106Z,2026-07-27 18:39:53.106,18611,2a89d4,8gtt1h,0.7.3,fleet_logger_0_1,552420035,UMLIFE_v2_TLC555,ch0,origplant,soil_moisture,1226,,,OK,,,983.6,,name=c5off1;level=overwatered;role=disp;spread=8;gpio=1;device_seq=73652;time_source=device_synced;device_timestamp_utc=2026-07-27T23:39:32.087Z;config_id=170b1c1e;rssi=-60;uptime_s=552420;heap=152656;cal_tier=board-cal;cal_src=wet_rederive_1236_20260719;pressure_context_source=weather_openmeteo;transport=wifi_poll,
plants.soil,2026-07-27T23:39:53.106Z,2026-07-27 18:39:53.106,18612,2a89d4,8gtt1h,0.7.3,fleet_logger_0_1,552420035,UMLIFE_v2_TLC555,ch1,origplant,soil_moisture,1359,,,OK,,,983.6,,name=c5off1;level=well watered;role=disp;spread=11;gpio=4;device_seq=73653;time_source=device_synced;device_timestamp_utc=2026-07-27T23:39:32.087Z;config_id=170b1c1e;rssi=-60;uptime_s=552420;heap=152656;cal_tier=board-cal;cal_src=wet_rederive_1236_20260719;pressure_context_source=weather_openmeteo;transport=wifi_poll,
plants.soil,2026-07-27T23:39:53.106Z,2026-07-27 18:39:53.106,18613,2a89d4,8gtt1h,0.7.3,fleet_logger_0_1,552420035,UMLIFE_v2_TLC555,ch2,origplant,soil_moisture,1199,,,OK,,,983.6,,name=c5off1;level=overwatered;role=disp;spread=14;gpio=5;device_seq=73654;time_source=device_synced;device_timestamp_utc=2026-07-27T23:39:32.087Z;config_id=170b1c1e;rssi=-60;uptime_s=552420;heap=152656;cal_tier=board-cal;cal_src=wet_rederive_1236_20260719;pressure_context_source=weather_openmeteo;transport=wifi_poll,
plants.soil,2026-07-27T23:39:53.106Z,2026-07-27 18:39:53.106,18614,2a89d4,8gtt1h,0.7.3,fleet_logger_0_1,552420035,UMLIFE_v2_TLC555,ch3,origplant,soil_moisture,1599,,,OK,,,983.6,,name=c5off1;level=OK;role=disp;spread=29;gpio=6;device_seq=73655;time_source=device_synced;device_timestamp_utc=2026-07-27T23:39:32.087Z;config_id=170b1c1e;rssi=-60;uptime_s=552420;heap=152656;cal_tier=board-cal;cal_src=wet_rederive_1236_20260719;pressure_context_source=weather_openmeteo;transport=wifi_poll,
plants.env,2026-07-27T23:39:53.106Z,2026-07-27 18:39:53.106,18615,2a89d4,8gtt1h,0.7.3,fleet_logger_0_1,552420719,ESP32,esp32_die,on_chip,die_temp,,24.70,degC,OK,,,,,name=c5off1;source=esp32_die;cal=uncalibrated_board_proxy;api=temperatureRead;config_id=170b1c1e;transport=wifi_poll,
plants.soil,2026-07-27T23:40:23.423Z,2026-07-27 18:40:23.423,18616,2a89d4,8gtt1h,0.7.3,fleet_logger_0_1,552450035,UMLIFE_v2_TLC555,ch0,origplant,soil_moisture,1227,,,OK,,,983.6,,name=c5off1;level=overwatered;role=disp;spread=14;gpio=1;device_seq=73656;time_source=device_synced;device_timestamp_utc=2026-07-27T23:40:02.087Z;config_id=170b1c1e;rssi=-54;uptime_s=552450;heap=152664;cal_tier=board-cal;cal_src=wet_rederive_1236_20260719;pressure_context_source=weather_openmeteo;transport=wifi_poll,
plants.soil,2026-07-27T23:40:23.423Z,2026-07-27 18:40:23.423,18617,2a89d4,8gtt1h,0.7.3,fleet_logger_0_1,552450035,UMLIFE_v2_TLC555,ch1,origplant,soil_moisture,1357,,,OK,,,983.6,,name=c5off1;level=well watered;role=disp;spread=24;gpio=4;device_seq=73657;time_source=device_synced;device_timestamp_utc=2026-07-27T23:40:02.087Z;config_id=170b1c1e;rssi=-54;uptime_s=552450;heap=152664;cal_tier=board-cal;cal_src=wet_rederive_1236_20260719;pressure_context_source=weather_openmeteo;transport=wifi_poll,
plants.soil,2026-07-27T23:40:23.423Z,2026-07-27 18:40:23.423,18618,2a89d4,8gtt1h,0.7.3,fleet_logger_0_1,552450035,UMLIFE_v2_TLC555,ch2,origplant,soil_moisture,1200,,,OK,,,983.6,,name=c5off1;level=overwatered;role=disp;spread=17;gpio=5;device_seq=73658;time_source=device_synced;device_timestamp_utc=2026-07-27T23:40:02.087Z;config_id=170b1c1e;rssi=-54;uptime_s=552450;heap=152664;cal_tier=board-cal;cal_src=wet_rederive_1236_20260719;pressure_context_source=weather_openmeteo;transport=wifi_poll,
plants.soil,2026-07-27T23:40:23.423Z,2026-07-27 18:40:23.423,18619,2a89d4,8gtt1h,0.7.3,fleet_logger_0_1,552450035,UMLIFE_v2_TLC555,ch3,origplant,soil_moisture,1599,,,OK,,,983.6,,name=c5off1;level=OK;role=disp;spread=24;gpio=6;device_seq=73659;time_source=device_synced;device_timestamp_utc=2026-07-27T23:40:02.087Z;config_id=170b1c1e;rssi=-54;uptime_s=552450;heap=152664;cal_tier=board-cal;cal_src=wet_rederive_1236_20260719;pressure_context_source=weather_openmeteo;transport=wifi_poll,
plants.env,2026-07-27T23:40:23.423Z,2026-07-27 18:40:23.423,18620,2a89d4,8gtt1h,0.7.3,fleet_logger_0_1,552450719,ESP32,esp32_die,on_chip,die_temp,,24.70,degC,OK,,,,,name=c5off1;source=esp32_die;cal=uncalibrated_board_proxy;api=temperatureRead;config_id=170b1c1e;transport=wifi_poll,
plants.soil,2026-07-27T23:40:53.930Z,2026-07-27 18:40:53.930,18621,2a89d4,8gtt1h,0.7.3,fleet_logger_0_1,552480035,UMLIFE_v2_TLC555,ch0,origplant,soil_moisture,1226,,,OK,,,983.6,,name=c5off1;level=overwatered;role=disp;spread=21;gpio=1;device_seq=73660;time_source=device_synced;device_timestamp_utc=2026-07-27T23:40:32.087Z;config_id=170b1c1e;rssi=-57;uptime_s=552480;heap=152668;cal_tier=board-cal;cal_src=wet_rederive_1236_20260719;pressure_context_source=weather_openmeteo;transport=wifi_poll,
plants.soil,2026-07-27T23:40:53.930Z,2026-07-27 18:40:53.930,18622,2a89d4,8gtt1h,0.7.3,fleet_logger_0_1,552480035,UMLIFE_v2_TLC555,ch1,origplant,soil_moisture,1357,,,OK,,,983.6,,name=c5off1;level=well watered;role=disp;spread=16;gpio=4;device_seq=73661;time_source=device_synced;device_timestamp_utc=2026-07-27T23:40:32.087Z;config_id=170b1c1e;rssi=-57;uptime_s=552480;heap=152668;cal_tier=board-cal;cal_src=wet_rederive_1236_20260719;pressure_context_source=weather_openmeteo;transport=wifi_poll,
plants.soil,2026-07-27T23:40:53.930Z,2026-07-27 18:40:53.930,18623,2a89d4,8gtt1h,0.7.3,fleet_logger_0_1,552480035,UMLIFE_v2_TLC555,ch2,origplant,soil_moisture,1199,,,OK,,,983.6,,name=c5off1;level=overwatered;role=disp;spread=24;gpio=5;device_seq=73662;time_source=device_synced;device_timestamp_utc=2026-07-27T23:40:32.087Z;config_id=170b1c1e;rssi=-57;uptime_s=552480;heap=152668;cal_tier=board-cal;cal_src=wet_rederive_1236_20260719;pressure_context_source=weather_openmeteo;transport=wifi_poll,
plants.soil,2026-07-27T23:40:53.930Z,2026-07-27 18:40:53.930,18624,2a89d4,8gtt1h,0.7.3,fleet_logger_0_1,552480035,UMLIFE_v2_TLC555,ch3,origplant,soil_moisture,1600,,,OK,,,983.6,,name=c5off1;level=OK;role=disp;spread=15;gpio=6;device_seq=73663;time_source=device_synced;device_timestamp_utc=2026-07-27T23:40:32.087Z;config_id=170b1c1e;rssi=-57;uptime_s=552480;heap=152668;cal_tier=board-cal;cal_src=wet_rederive_1236_20260719;pressure_context_source=weather_openmeteo;transport=wifi_poll,
plants.env,2026-07-27T23:40:53.930Z,2026-07-27 18:40:53.930,18625,2a89d4,8gtt1h,0.7.3,fleet_logger_0_1,552480719,ESP32,esp32_die,on_chip,die_temp,,24.70,degC,OK,,,,,name=c5off1;source=esp32_die;cal=uncalibrated_board_proxy;api=temperatureRead;config_id=170b1c1e;transport=wifi_poll,
plants.soil,2026-07-27T23:41:24.344Z,2026-07-27 18:41:24.344,18626,2a89d4,8gtt1h,0.7.3,fleet_logger_0_1,552510035,UMLIFE_v2_TLC555,ch0,origplant,soil_moisture,1227,,,OK,,,983.6,,name=c5off1;level=overwatered;role=disp;spread=9;gpio=1;device_seq=73664;time_source=device_synced;device_timestamp_utc=2026-07-27T23:41:02.087Z;config_id=170b1c1e;rssi=-56;uptime_s=552510;heap=152656;cal_tier=board-cal;cal_src=wet_rederive_1236_20260719;pressure_context_source=weather_openmeteo;transport=wifi_poll,
plants.soil,2026-07-27T23:41:24.344Z,2026-07-27 18:41:24.344,18627,2a89d4,8gtt1h,0.7.3,fleet_logger_0_1,552510035,UMLIFE_v2_TLC555,ch1,origplant,soil_moisture,1360,,,OK,,,983.6,,name=c5off1;level=well watered;role=disp;spread=13;gpio=4;device_seq=73665;time_source=device_synced;device_timestamp_utc=2026-07-27T23:41:02.087Z;config_id=170b1c1e;rssi=-56;uptime_s=552510;heap=152656;cal_tier=board-cal;cal_src=wet_rederive_1236_20260719;pressure_context_source=weather_openmeteo;transport=wifi_poll,
plants.soil,2026-07-27T23:41:24.344Z,2026-07-27 18:41:24.344,18628,2a89d4,8gtt1h,0.7.3,fleet_logger_0_1,552510035,UMLIFE_v2_TLC555,ch2,origplant,soil_moisture,1201,,,OK,,,983.6,,name=c5off1;level=overwatered;role=disp;spread=13;gpio=5;device_seq=73666;time_source=device_synced;device_timestamp_utc=2026-07-27T23:41:02.087Z;config_id=170b1c1e;rssi=-56;uptime_s=552510;heap=152656;cal_tier=board-cal;cal_src=wet_rederive_1236_20260719;pressure_context_source=weather_openmeteo;transport=wifi_poll,
plants.soil,2026-07-27T23:41:24.344Z,2026-07-27 18:41:24.344,18629,2a89d4,8gtt1h,0.7.3,fleet_logger_0_1,552510035,UMLIFE_v2_TLC555,ch3,origplant,soil_moisture,1602,,,OK,,,983.6,,name=c5off1;level=OK;role=disp;spread=27;gpio=6;device_seq=73667;time_source=device_synced;device_timestamp_utc=2026-07-27T23:41:02.087Z;config_id=170b1c1e;rssi=-56;uptime_s=552510;heap=152656;cal_tier=board-cal;cal_src=wet_rederive_1236_20260719;pressure_context_source=weather_openmeteo;transport=wifi_poll,
plants.env,2026-07-27T23:41:24.344Z,2026-07-27 18:41:24.344,18630,2a89d4,8gtt1h,0.7.3,fleet_logger_0_1,552510719,ESP32,esp32_die,on_chip,die_temp,,24.70,degC,OK,,,,,name=c5off1;source=esp32_die;cal=uncalibrated_board_proxy;api=temperatureRead;config_id=170b1c1e;transport=wifi_poll,
plants.soil,2026-07-27T23:41:54.960Z,2026-07-27 18:41:54.960,18631,2a89d4,8gtt1h,0.7.3,fleet_logger_0_1,552540035,UMLIFE_v2_TLC555,ch0,origplant,soil_moisture,1226,,,OK,,,983.6,,name=c5off1;level=overwatered;role=disp;spread=14;gpio=1;device_seq=73668;time_source=device_synced;device_timestamp_utc=2026-07-27T23:41:32.087Z;config_id=170b1c1e;rssi=-57;uptime_s=552540;heap=152388;cal_tier=board-cal;cal_src=wet_rederive_1236_20260719;pressure_context_source=weather_openmeteo;transport=wifi_poll,
plants.soil,2026-07-27T23:41:54.960Z,2026-07-27 18:41:54.960,18632,2a89d4,8gtt1h,0.7.3,fleet_logger_0_1,552540035,UMLIFE_v2_TLC555,ch1,origplant,soil_moisture,1358,,,OK,,,983.6,,name=c5off1;level=well watered;role=disp;spread=13;gpio=4;device_seq=73669;time_source=device_synced;device_timestamp_utc=2026-07-27T23:41:32.087Z;config_id=170b1c1e;rssi=-57;uptime_s=552540;heap=152388;cal_tier=board-cal;cal_src=wet_rederive_1236_20260719;pressure_context_source=weather_openmeteo;transport=wifi_poll,
plants.soil,2026-07-27T23:41:54.960Z,2026-07-27 18:41:54.960,18633,2a89d4,8gtt1h,0.7.3,fleet_logger_0_1,552540035,UMLIFE_v2_TLC555,ch2,origplant,soil_moisture,1202,,,OK,,,983.6,,name=c5off1;level=overwatered;role=disp;spread=9;gpio=5;device_seq=73670;time_source=device_synced;device_timestamp_utc=2026-07-27T23:41:32.087Z;config_id=170b1c1e;rssi=-57;uptime_s=552540;heap=152388;cal_tier=board-cal;cal_src=wet_rederive_1236_20260719;pressure_context_source=weather_openmeteo;transport=wifi_poll,
plants.soil,2026-07-27T23:41:54.960Z,2026-07-27 18:41:54.960,18634,2a89d4,8gtt1h,0.7.3,fleet_logger_0_1,552540035,UMLIFE_v2_TLC555,ch3,origplant,soil_moisture,1601,,,OK,,,983.6,,name=c5off1;level=OK;role=disp;spread=16;gpio=6;device_seq=73671;time_source=device_synced;device_timestamp_utc=2026-07-27T23:41:32.087Z;config_id=170b1c1e;rssi=-57;uptime_s=552540;heap=152388;cal_tier=board-cal;cal_src=wet_rederive_1236_20260719;pressure_context_source=weather_openmeteo;transport=wifi_poll,
plants.env,2026-07-27T23:41:54.960Z,2026-07-27 18:41:54.960,18635,2a89d4,8gtt1h,0.7.3,fleet_logger_0_1,552540719,ESP32,esp32_die,on_chip,die_temp,,24.70,degC,OK,,,,,name=c5off1;source=esp32_die;cal=uncalibrated_board_proxy;api=temperatureRead;config_id=170b1c1e;transport=wifi_poll,
plants.soil,2026-07-27T23:42:25.478Z,2026-07-27 18:42:25.478,18636,2a89d4,8gtt1h,0.7.3,fleet_logger_0_1,552570035,UMLIFE_v2_TLC555,ch0,origplant,soil_moisture,1229,,,OK,,,983.6,,name=c5off1;level=overwatered;role=disp;spread=11;gpio=1;device_seq=73672;time_source=device_synced;device_timestamp_utc=2026-07-27T23:42:02.087Z;config_id=170b1c1e;rssi=-56;uptime_s=552570;heap=152388;cal_tier=board-cal;cal_src=wet_rederive_1236_20260719;pressure_context_source=weather_openmeteo;transport=wifi_poll,
plants.soil,2026-07-27T23:42:25.478Z,2026-07-27 18:42:25.478,18637,2a89d4,8gtt1h,0.7.3,fleet_logger_0_1,552570035,UMLIFE_v2_TLC555,ch1,origplant,soil_moisture,1361,,,OK,,,983.6,,name=c5off1;level=well watered;role=disp;spread=13;gpio=4;device_seq=73673;time_source=device_synced;device_timestamp_utc=2026-07-27T23:42:02.087Z;config_id=170b1c1e;rssi=-56;uptime_s=552570;heap=152388;cal_tier=board-cal;cal_src=wet_rederive_1236_20260719;pressure_context_source=weather_openmeteo;transport=wifi_poll,
plants.soil,2026-07-27T23:42:25.478Z,2026-07-27 18:42:25.478,18638,2a89d4,8gtt1h,0.7.3,fleet_logger_0_1,552570035,UMLIFE_v2_TLC555,ch2,origplant,soil_moisture,1201,,,OK,,,983.6,,name=c5off1;level=overwatered;role=disp;spread=20;gpio=5;device_seq=73674;time_source=device_synced;device_timestamp_utc=2026-07-27T23:42:02.087Z;config_id=170b1c1e;rssi=-56;uptime_s=552570;heap=152388;cal_tier=board-cal;cal_src=wet_rederive_1236_20260719;pressure_context_source=weather_openmeteo;transport=wifi_poll,
plants.soil,2026-07-27T23:42:25.478Z,2026-07-27 18:42:25.478,18639,2a89d4,8gtt1h,0.7.3,fleet_logger_0_1,552570035,UMLIFE_v2_TLC555,ch3,origplant,soil_moisture,1601,,,OK,,,983.6,,name=c5off1;level=OK;role=disp;spread=23;gpio=6;device_seq=73675;time_source=device_synced;device_timestamp_utc=2026-07-27T23:42:02.087Z;config_id=170b1c1e;rssi=-56;uptime_s=552570;heap=152388;cal_tier=board-cal;cal_src=wet_rederive_1236_20260719;pressure_context_source=weather_openmeteo;transport=wifi_poll,
plants.env,2026-07-27T23:42:25.478Z,2026-07-27 18:42:25.478,18640,2a89d4,8gtt1h,0.7.3,fleet_logger_0_1,552570719,ESP32,esp32_die,on_chip,die_temp,,24.70,degC,OK,,,,,name=c5off1;source=esp32_die;cal=uncalibrated_board_proxy;api=temperatureRead;config_id=170b1c1e;transport=wifi_poll,
plants.soil,2026-07-27T23:42:55.807Z,2026-07-27 18:42:55.807,18641,2a89d4,8gtt1h,0.7.3,fleet_logger_0_1,552600035,UMLIFE_v2_TLC555,ch0,origplant,soil_moisture,1226,,,OK,,,983.6,,name=c5off1;level=overwatered;role=disp;spread=14;gpio=1;device_seq=73676;time_source=device_synced;device_timestamp_utc=2026-07-27T23:42:32.087Z;config_id=170b1c1e;rssi=-56;uptime_s=552600;heap=152656;cal_tier=board-cal;cal_src=wet_rederive_1236_20260719;pressure_context_source=weather_openmeteo;transport=wifi_poll,
plants.soil,2026-07-27T23:42:55.807Z,2026-07-27 18:42:55.807,18642,2a89d4,8gtt1h,0.7.3,fleet_logger_0_1,552600035,UMLIFE_v2_TLC555,ch1,origplant,soil_moisture,1359,,,OK,,,983.6,,name=c5off1;level=well watered;role=disp;spread=20;gpio=4;device_seq=73677;time_source=device_synced;device_timestamp_utc=2026-07-27T23:42:32.087Z;config_id=170b1c1e;rssi=-56;uptime_s=552600;heap=152656;cal_tier=board-cal;cal_src=wet_rederive_1236_20260719;pressure_context_source=weather_openmeteo;transport=wifi_poll,
plants.soil,2026-07-27T23:42:55.807Z,2026-07-27 18:42:55.807,18643,2a89d4,8gtt1h,0.7.3,fleet_logger_0_1,552600035,UMLIFE_v2_TLC555,ch2,origplant,soil_moisture,1199,,,OK,,,983.6,,name=c5off1;level=overwatered;role=disp;spread=20;gpio=5;device_seq=73678;time_source=device_synced;device_timestamp_utc=2026-07-27T23:42:32.087Z;config_id=170b1c1e;rssi=-56;uptime_s=552600;heap=152656;cal_tier=board-cal;cal_src=wet_rederive_1236_20260719;pressure_context_source=weather_openmeteo;transport=wifi_poll,
plants.soil,2026-07-27T23:42:55.807Z,2026-07-27 18:42:55.807,18644,2a89d4,8gtt1h,0.7.3,fleet_logger_0_1,552600035,UMLIFE_v2_TLC555,ch3,origplant,soil_moisture,1600,,,OK,,,983.6,,name=c5off1;level=OK;role=disp;spread=37;gpio=6;device_seq=73679;time_source=device_synced;device_timestamp_utc=2026-07-27T23:42:32.087Z;config_id=170b1c1e;rssi=-56;uptime_s=552600;heap=152656;cal_tier=board-cal;cal_src=wet_rederive_1236_20260719;pressure_context_source=weather_openmeteo;transport=wifi_poll,
plants.env,2026-07-27T23:42:55.807Z,2026-07-27 18:42:55.807,18645,2a89d4,8gtt1h,0.7.3,fleet_logger_0_1,552601820,ESP32,esp32_die,on_chip,die_temp,,24.70,degC,OK,,,,,name=c5off1;source=esp32_die;cal=uncalibrated_board_proxy;api=temperatureRead;config_id=170b1c1e;transport=wifi_poll,
plants.soil,2026-07-27T23:43:26.103Z,2026-07-27 18:43:26.103,18646,2a89d4,8gtt1h,0.7.3,fleet_logger_0_1,552630035,UMLIFE_v2_TLC555,ch0,origplant,soil_moisture,1228,,,OK,,,983.6,,name=c5off1;level=overwatered;role=disp;spread=24;gpio=1;device_seq=73680;time_source=device_synced;device_timestamp_utc=2026-07-27T23:43:02.087Z;config_id=170b1c1e;rssi=-57;uptime_s=552630;heap=152656;cal_tier=board-cal;cal_src=wet_rederive_1236_20260719;pressure_context_source=weather_openmeteo;transport=wifi_poll,
plants.soil,2026-07-27T23:43:26.103Z,2026-07-27 18:43:26.103,18647,2a89d4,8gtt1h,0.7.3,fleet_logger_0_1,552630035,UMLIFE_v2_TLC555,ch1,origplant,soil_moisture,1360,,,OK,,,983.6,,name=c5off1;level=well watered;role=disp;spread=14;gpio=4;device_seq=73681;time_source=device_synced;device_timestamp_utc=2026-07-27T23:43:02.087Z;config_id=170b1c1e;rssi=-57;uptime_s=552630;heap=152656;cal_tier=board-cal;cal_src=wet_rederive_1236_20260719;pressure_context_source=weather_openmeteo;transport=wifi_poll,
plants.soil,2026-07-27T23:43:26.103Z,2026-07-27 18:43:26.103,18648,2a89d4,8gtt1h,0.7.3,fleet_logger_0_1,552630035,UMLIFE_v2_TLC555,ch2,origplant,soil_moisture,1201,,,OK,,,983.6,,name=c5off1;level=overwatered;role=disp;spread=11;gpio=5;device_seq=73682;time_source=device_synced;device_timestamp_utc=2026-07-27T23:43:02.087Z;config_id=170b1c1e;rssi=-57;uptime_s=552630;heap=152656;cal_tier=board-cal;cal_src=wet_rederive_1236_20260719;pressure_context_source=weather_openmeteo;transport=wifi_poll,
plants.soil,2026-07-27T23:43:26.103Z,2026-07-27 18:43:26.103,18649,2a89d4,8gtt1h,0.7.3,fleet_logger_0_1,552630035,UMLIFE_v2_TLC555,ch3,origplant,soil_moisture,1597,,,OK,,,983.6,,name=c5off1;level=OK;role=disp;spread=21;gpio=6;device_seq=73683;time_source=device_synced;device_timestamp_utc=2026-07-27T23:43:02.087Z;config_id=170b1c1e;rssi=-57;uptime_s=552630;heap=152656;cal_tier=board-cal;cal_src=wet_rederive_1236_20260719;pressure_context_source=weather_openmeteo;transport=wifi_poll,
plants.env,2026-07-27T23:43:26.103Z,2026-07-27 18:43:26.103,18650,2a89d4,8gtt1h,0.7.3,fleet_logger_0_1,552630719,ESP32,esp32_die,on_chip,die_temp,,24.70,degC,OK,,,,,name=c5off1;source=esp32_die;cal=uncalibrated_board_proxy;api=temperatureRead;config_id=170b1c1e;transport=wifi_poll,
plants.soil,2026-07-27T23:43:56.613Z,2026-07-27 18:43:56.613,18651,2a89d4,8gtt1h,0.7.3,fleet_logger_0_1,552660035,UMLIFE_v2_TLC555,ch0,origplant,soil_moisture,1226,,,OK,,,983.6,,name=c5off1;level=overwatered;role=disp;spread=3;gpio=1;device_seq=73684;time_source=device_synced;device_timestamp_utc=2026-07-27T23:43:32.087Z;config_id=170b1c1e;rssi=-57;uptime_s=552660;heap=152636;cal_tier=board-cal;cal_src=wet_rederive_1236_20260719;pressure_context_source=weather_openmeteo;transport=wifi_poll,
plants.soil,2026-07-27T23:43:56.613Z,2026-07-27 18:43:56.613,18652,2a89d4,8gtt1h,0.7.3,fleet_logger_0_1,552660035,UMLIFE_v2_TLC555,ch1,origplant,soil_moisture,1358,,,OK,,,983.6,,name=c5off1;level=well watered;role=disp;spread=20;gpio=4;device_seq=73685;time_source=device_synced;device_timestamp_utc=2026-07-27T23:43:32.087Z;config_id=170b1c1e;rssi=-57;uptime_s=552660;heap=152636;cal_tier=board-cal;cal_src=wet_rederive_1236_20260719;pressure_context_source=weather_openmeteo;transport=wifi_poll,
plants.soil,2026-07-27T23:43:56.613Z,2026-07-27 18:43:56.613,18653,2a89d4,8gtt1h,0.7.3,fleet_logger_0_1,552660035,UMLIFE_v2_TLC555,ch2,origplant,soil_moisture,1201,,,OK,,,983.6,,name=c5off1;level=overwatered;role=disp;spread=27;gpio=5;device_seq=73686;time_source=device_synced;device_timestamp_utc=2026-07-27T23:43:32.087Z;config_id=170b1c1e;rssi=-57;uptime_s=552660;heap=152636;cal_tier=board-cal;cal_src=wet_rederive_1236_20260719;pressure_context_source=weather_openmeteo;transport=wifi_poll,
plants.soil,2026-07-27T23:43:56.613Z,2026-07-27 18:43:56.613,18654,2a89d4,8gtt1h,0.7.3,fleet_logger_0_1,552660035,UMLIFE_v2_TLC555,ch3,origplant,soil_moisture,1601,,,OK,,,983.6,,name=c5off1;level=OK;role=disp;spread=12;gpio=6;device_seq=73687;time_source=device_synced;device_timestamp_utc=2026-07-27T23:43:32.087Z;config_id=170b1c1e;rssi=-57;uptime_s=552660;heap=152636;cal_tier=board-cal;cal_src=wet_rederive_1236_20260719;pressure_context_source=weather_openmeteo;transport=wifi_poll,
plants.env,2026-07-27T23:43:56.613Z,2026-07-27 18:43:56.613,18655,2a89d4,8gtt1h,0.7.3,fleet_logger_0_1,552660719,ESP32,esp32_die,on_chip,die_temp,,24.70,degC,OK,,,,,name=c5off1;source=esp32_die;cal=uncalibrated_board_proxy;api=temperatureRead;config_id=170b1c1e;transport=wifi_poll,
plants.soil,2026-07-27T23:44:27.131Z,2026-07-27 18:44:27.131,18656,2a89d4,8gtt1h,0.7.3,fleet_logger_0_1,552690035,UMLIFE_v2_TLC555,ch0,origplant,soil_moisture,1226,,,OK,,,983.6,,name=c5off1;level=overwatered;role=disp;spread=11;gpio=1;device_seq=73688;time_source=device_synced;device_timestamp_utc=2026-07-27T23:44:02.087Z;config_id=170b1c1e;rssi=-57;uptime_s=552690;heap=152648;cal_tier=board-cal;cal_src=wet_rederive_1236_20260719;pressure_context_source=weather_openmeteo;transport=wifi_poll,
plants.soil,2026-07-27T23:44:27.131Z,2026-07-27 18:44:27.131,18657,2a89d4,8gtt1h,0.7.3,fleet_logger_0_1,552690035,UMLIFE_v2_TLC555,ch1,origplant,soil_moisture,1357,,,OK,,,983.6,,name=c5off1;level=well watered;role=disp;spread=27;gpio=4;device_seq=73689;time_source=device_synced;device_timestamp_utc=2026-07-27T23:44:02.087Z;config_id=170b1c1e;rssi=-57;uptime_s=552690;heap=152648;cal_tier=board-cal;cal_src=wet_rederive_1236_20260719;pressure_context_source=weather_openmeteo;transport=wifi_poll,
plants.soil,2026-07-27T23:44:27.131Z,2026-07-27 18:44:27.131,18658,2a89d4,8gtt1h,0.7.3,fleet_logger_0_1,552690035,UMLIFE_v2_TLC555,ch2,origplant,soil_moisture,1201,,,OK,,,983.6,,name=c5off1;level=overwatered;role=disp;spread=12;gpio=5;device_seq=73690;time_source=device_synced;device_timestamp_utc=2026-07-27T23:44:02.087Z;config_id=170b1c1e;rssi=-57;uptime_s=552690;heap=152648;cal_tier=board-cal;cal_src=wet_rederive_1236_20260719;pressure_context_source=weather_openmeteo;transport=wifi_poll,
plants.soil,2026-07-27T23:44:27.131Z,2026-07-27 18:44:27.131,18659,2a89d4,8gtt1h,0.7.3,fleet_logger_0_1,552690035,UMLIFE_v2_TLC555,ch3,origplant,soil_moisture,1601,,,OK,,,983.6,,name=c5off1;level=OK;role=disp;spread=34;gpio=6;device_seq=73691;time_source=device_synced;device_timestamp_utc=2026-07-27T23:44:02.087Z;config_id=170b1c1e;rssi=-57;uptime_s=552690;heap=152648;cal_tier=board-cal;cal_src=wet_rederive_1236_20260719;pressure_context_source=weather_openmeteo;transport=wifi_poll,
plants.env,2026-07-27T23:44:27.131Z,2026-07-27 18:44:27.131,18660,2a89d4,8gtt1h,0.7.3,fleet_logger_0_1,552690719,ESP32,esp32_die,on_chip,die_temp,,24.70,degC,OK,,,,,name=c5off1;source=esp32_die;cal=uncalibrated_board_proxy;api=temperatureRead;config_id=170b1c1e;transport=wifi_poll,
plants.soil,2026-07-27T23:44:58.469Z,2026-07-27 18:44:58.469,18661,2a89d4,8gtt1h,0.7.3,fleet_logger_0_1,552720035,UMLIFE_v2_TLC555,ch0,origplant,soil_moisture,1225,,,OK,,,983.6,,name=c5off1;level=overwatered;role=disp;spread=16;gpio=1;device_seq=73692;time_source=device_synced;device_timestamp_utc=2026-07-27T23:44:32.087Z;config_id=170b1c1e;rssi=-56;uptime_s=552720;heap=152400;cal_tier=board-cal;cal_src=wet_rederive_1236_20260719;pressure_context_source=weather_openmeteo;transport=wifi_poll,
plants.soil,2026-07-27T23:44:58.469Z,2026-07-27 18:44:58.469,18662,2a89d4,8gtt1h,0.7.3,fleet_logger_0_1,552720035,UMLIFE_v2_TLC555,ch1,origplant,soil_moisture,1359,,,OK,,,983.6,,name=c5off1;level=well watered;role=disp;spread=18;gpio=4;device_seq=73693;time_source=device_synced;device_timestamp_utc=2026-07-27T23:44:32.087Z;config_id=170b1c1e;rssi=-56;uptime_s=552720;heap=152400;cal_tier=board-cal;cal_src=wet_rederive_1236_20260719;pressure_context_source=weather_openmeteo;transport=wifi_poll,
plants.soil,2026-07-27T23:44:58.469Z,2026-07-27 18:44:58.469,18663,2a89d4,8gtt1h,0.7.3,fleet_logger_0_1,552720035,UMLIFE_v2_TLC555,ch2,origplant,soil_moisture,1201,,,OK,,,983.6,,name=c5off1;level=overwatered;role=disp;spread=26;gpio=5;device_seq=73694;time_source=device_synced;device_timestamp_utc=2026-07-27T23:44:32.087Z;config_id=170b1c1e;rssi=-56;uptime_s=552720;heap=152400;cal_tier=board-cal;cal_src=wet_rederive_1236_20260719;pressure_context_source=weather_openmeteo;transport=wifi_poll,
plants.soil,2026-07-27T23:44:58.469Z,2026-07-27 18:44:58.469,18664,2a89d4,8gtt1h,0.7.3,fleet_logger_0_1,552720035,UMLIFE_v2_TLC555,ch3,origplant,soil_moisture,1599,,,OK,,,983.6,,name=c5off1;level=OK;role=disp;spread=17;gpio=6;device_seq=73695;time_source=device_synced;device_timestamp_utc=2026-07-27T23:44:32.087Z;config_id=170b1c1e;rssi=-56;uptime_s=552720;heap=152400;cal_tier=board-cal;cal_src=wet_rederive_1236_20260719;pressure_context_source=weather_openmeteo;transport=wifi_poll,
plants.env,2026-07-27T23:44:58.469Z,2026-07-27 18:44:58.469,18665,2a89d4,8gtt1h,0.7.3,fleet_logger_0_1,552720719,ESP32,esp32_die,on_chip,die_temp,,24.70,degC,OK,,,,,name=c5off1;source=esp32_die;cal=uncalibrated_board_proxy;api=temperatureRead;config_id=170b1c1e;transport=wifi_poll,
plants.soil,2026-07-27T23:45:28.873Z,2026-07-27 18:45:28.873,18666,2a89d4,8gtt1h,0.7.3,fleet_logger_0_1,552750035,UMLIFE_v2_TLC555,ch0,origplant,soil_moisture,1223,,,OK,,,983.6,,name=c5off1;level=overwatered;role=disp;spread=26;gpio=1;device_seq=73696;time_source=device_synced;device_timestamp_utc=2026-07-27T23:45:02.087Z;config_id=170b1c1e;rssi=-58;uptime_s=552750;heap=152388;cal_tier=board-cal;cal_src=wet_rederive_1236_20260719;pressure_context_source=weather_openmeteo;transport=wifi_poll,
plants.soil,2026-07-27T23:45:28.873Z,2026-07-27 18:45:28.873,18667,2a89d4,8gtt1h,0.7.3,fleet_logger_0_1,552750035,UMLIFE_v2_TLC555,ch1,origplant,soil_moisture,1358,,,OK,,,983.6,,name=c5off1;level=well watered;role=disp;spread=28;gpio=4;device_seq=73697;time_source=device_synced;device_timestamp_utc=2026-07-27T23:45:02.087Z;config_id=170b1c1e;rssi=-58;uptime_s=552750;heap=152388;cal_tier=board-cal;cal_src=wet_rederive_1236_20260719;pressure_context_source=weather_openmeteo;transport=wifi_poll,
plants.soil,2026-07-27T23:45:28.873Z,2026-07-27 18:45:28.873,18668,2a89d4,8gtt1h,0.7.3,fleet_logger_0_1,552750035,UMLIFE_v2_TLC555,ch2,origplant,soil_moisture,1201,,,OK,,,983.6,,name=c5off1;level=overwatered;role=disp;spread=26;gpio=5;device_seq=73698;time_source=device_synced;device_timestamp_utc=2026-07-27T23:45:02.087Z;config_id=170b1c1e;rssi=-58;uptime_s=552750;heap=152388;cal_tier=board-cal;cal_src=wet_rederive_1236_20260719;pressure_context_source=weather_openmeteo;transport=wifi_poll,
plants.soil,2026-07-27T23:45:28.873Z,2026-07-27 18:45:28.873,18669,2a89d4,8gtt1h,0.7.3,fleet_logger_0_1,552750035,UMLIFE_v2_TLC555,ch3,origplant,soil_moisture,1602,,,OK,,,983.6,,name=c5off1;level=OK;role=disp;spread=35;gpio=6;device_seq=73699;time_source=device_synced;device_timestamp_utc=2026-07-27T23:45:02.087Z;config_id=170b1c1e;rssi=-58;uptime_s=552750;heap=152388;cal_tier=board-cal;cal_src=wet_rederive_1236_20260719;pressure_context_source=weather_openmeteo;transport=wifi_poll,
plants.env,2026-07-27T23:45:28.873Z,2026-07-27 18:45:28.873,18670,2a89d4,8gtt1h,0.7.3,fleet_logger_0_1,552750719,ESP32,esp32_die,on_chip,die_temp,,24.70,degC,OK,,,,,name=c5off1;source=esp32_die;cal=uncalibrated_board_proxy;api=temperatureRead;config_id=170b1c1e;transport=wifi_poll,
plants.soil,2026-07-27T23:45:59.194Z,2026-07-27 18:45:59.194,18671,2a89d4,8gtt1h,0.7.3,fleet_logger_0_1,552780035,UMLIFE_v2_TLC555,ch0,origplant,soil_moisture,1214,,,OK,,,983.6,,name=c5off1;level=overwatered;role=disp;spread=11;gpio=1;device_seq=73700;time_source=device_synced;device_timestamp_utc=2026-07-27T23:45:32.087Z;config_id=170b1c1e;rssi=-60;uptime_s=552780;heap=152668;cal_tier=board-cal;cal_src=wet_rederive_1236_20260719;pressure_context_source=weather_openmeteo;transport=wifi_poll,
plants.soil,2026-07-27T23:45:59.194Z,2026-07-27 18:45:59.194,18672,2a89d4,8gtt1h,0.7.3,fleet_logger_0_1,552780035,UMLIFE_v2_TLC555,ch1,origplant,soil_moisture,1352,,,OK,,,983.6,,name=c5off1;level=well watered;role=disp;spread=23;gpio=4;device_seq=73701;time_source=device_synced;device_timestamp_utc=2026-07-27T23:45:32.087Z;config_id=170b1c1e;rssi=-60;uptime_s=552780;heap=152668;cal_tier=board-cal;cal_src=wet_rederive_1236_20260719;pressure_context_source=weather_openmeteo;transport=wifi_poll,
plants.soil,2026-07-27T23:45:59.194Z,2026-07-27 18:45:59.194,18673,2a89d4,8gtt1h,0.7.3,fleet_logger_0_1,552780035,UMLIFE_v2_TLC555,ch2,origplant,soil_moisture,1201,,,OK,,,983.6,,name=c5off1;level=overwatered;role=disp;spread=20;gpio=5;device_seq=73702;time_source=device_synced;device_timestamp_utc=2026-07-27T23:45:32.087Z;config_id=170b1c1e;rssi=-60;uptime_s=552780;heap=152668;cal_tier=board-cal;cal_src=wet_rederive_1236_20260719;pressure_context_source=weather_openmeteo;transport=wifi_poll,
plants.soil,2026-07-27T23:45:59.194Z,2026-07-27 18:45:59.194,18674,2a89d4,8gtt1h,0.7.3,fleet_logger_0_1,552780035,UMLIFE_v2_TLC555,ch3,origplant,soil_moisture,1599,,,OK,,,983.6,,name=c5off1;level=OK;role=disp;spread=15;gpio=6;device_seq=73703;time_source=device_synced;device_timestamp_utc=2026-07-27T23:45:32.087Z;config_id=170b1c1e;rssi=-60;uptime_s=552780;heap=152668;cal_tier=board-cal;cal_src=wet_rederive_1236_20260719;pressure_context_source=weather_openmeteo;transport=wifi_poll,
plants.env,2026-07-27T23:45:59.194Z,2026-07-27 18:45:59.194,18675,2a89d4,8gtt1h,0.7.3,fleet_logger_0_1,552780719,ESP32,esp32_die,on_chip,die_temp,,24.70,degC,OK,,,,,name=c5off1;source=esp32_die;cal=uncalibrated_board_proxy;api=temperatureRead;config_id=170b1c1e;transport=wifi_poll,
plants.soil,2026-07-27T23:46:29.554Z,2026-07-27 18:46:29.554,18676,2a89d4,8gtt1h,0.7.3,fleet_logger_0_1,552810035,UMLIFE_v2_TLC555,ch0,origplant,soil_moisture,1210,,,OK,,,983.6,,name=c5off1;level=overwatered;role=disp;spread=15;gpio=1;device_seq=73704;time_source=device_synced;device_timestamp_utc=2026-07-27T23:46:02.087Z;config_id=170b1c1e;rssi=-57;uptime_s=552810;heap=152656;cal_tier=board-cal;cal_src=wet_rederive_1236_20260719;pressure_context_source=weather_openmeteo;transport=wifi_poll,
plants.soil,2026-07-27T23:46:29.554Z,2026-07-27 18:46:29.554,18677,2a89d4,8gtt1h,0.7.3,fleet_logger_0_1,552810035,UMLIFE_v2_TLC555,ch1,origplant,soil_moisture,1354,,,OK,,,983.6,,name=c5off1;level=well watered;role=disp;spread=30;gpio=4;device_seq=73705;time_source=device_synced;device_timestamp_utc=2026-07-27T23:46:02.087Z;config_id=170b1c1e;rssi=-57;uptime_s=552810;heap=152656;cal_tier=board-cal;cal_src=wet_rederive_1236_20260719;pressure_context_source=weather_openmeteo;transport=wifi_poll,
plants.soil,2026-07-27T23:46:29.554Z,2026-07-27 18:46:29.554,18678,2a89d4,8gtt1h,0.7.3,fleet_logger_0_1,552810035,UMLIFE_v2_TLC555,ch2,origplant,soil_moisture,1200,,,OK,,,983.6,,name=c5off1;level=overwatered;role=disp;spread=16;gpio=5;device_seq=73706;time_source=device_synced;device_timestamp_utc=2026-07-27T23:46:02.087Z;config_id=170b1c1e;rssi=-57;uptime_s=552810;heap=152656;cal_tier=board-cal;cal_src=wet_rederive_1236_20260719;pressure_context_source=weather_openmeteo;transport=wifi_poll,
plants.soil,2026-07-27T23:46:29.554Z,2026-07-27 18:46:29.554,18679,2a89d4,8gtt1h,0.7.3,fleet_logger_0_1,552810035,UMLIFE_v2_TLC555,ch3,origplant,soil_moisture,1599,,,OK,,,983.6,,name=c5off1;level=OK;role=disp;spread=10;gpio=6;device_seq=73707;time_source=device_synced;device_timestamp_utc=2026-07-27T23:46:02.087Z;config_id=170b1c1e;rssi=-57;uptime_s=552810;heap=152656;cal_tier=board-cal;cal_src=wet_rederive_1236_20260719;pressure_context_source=weather_openmeteo;transport=wifi_poll,
plants.env,2026-07-27T23:46:29.554Z,2026-07-27 18:46:29.554,18680,2a89d4,8gtt1h,0.7.3,fleet_logger_0_1,552810719,ESP32,esp32_die,on_chip,die_temp,,24.70,degC,OK,,,,,name=c5off1;source=esp32_die;cal=uncalibrated_board_proxy;api=temperatureRead;config_id=170b1c1e;transport=wifi_poll,
plants.soil,2026-07-27T23:46:59.911Z,2026-07-27 18:46:59.911,18681,2a89d4,8gtt1h,0.7.3,fleet_logger_0_1,552840035,UMLIFE_v2_TLC555,ch0,origplant,soil_moisture,1209,,,OK,,,983.6,,name=c5off1;level=overwatered;role=disp;spread=9;gpio=1;device_seq=73708;time_source=device_synced;device_timestamp_utc=2026-07-27T23:46:32.087Z;config_id=170b1c1e;rssi=-53;uptime_s=552840;heap=152652;cal_tier=board-cal;cal_src=wet_rederive_1236_20260719;pressure_context_source=weather_openmeteo;transport=wifi_poll,
plants.soil,2026-07-27T23:46:59.911Z,2026-07-27 18:46:59.911,18682,2a89d4,8gtt1h,0.7.3,fleet_logger_0_1,552840035,UMLIFE_v2_TLC555,ch1,origplant,soil_moisture,1353,,,OK,,,983.6,,name=c5off1;level=well watered;role=disp;spread=16;gpio=4;device_seq=73709;time_source=device_synced;device_timestamp_utc=2026-07-27T23:46:32.087Z;config_id=170b1c1e;rssi=-53;uptime_s=552840;heap=152652;cal_tier=board-cal;cal_src=wet_rederive_1236_20260719;pressure_context_source=weather_openmeteo;transport=wifi_poll,
plants.soil,2026-07-27T23:46:59.911Z,2026-07-27 18:46:59.911,18683,2a89d4,8gtt1h,0.7.3,fleet_logger_0_1,552840035,UMLIFE_v2_TLC555,ch2,origplant,soil_moisture,1201,,,OK,,,983.6,,name=c5off1;level=overwatered;role=disp;spread=7;gpio=5;device_seq=73710;time_source=device_synced;device_timestamp_utc=2026-07-27T23:46:32.087Z;config_id=170b1c1e;rssi=-53;uptime_s=552840;heap=152652;cal_tier=board-cal;cal_src=wet_rederive_1236_20260719;pressure_context_source=weather_openmeteo;transport=wifi_poll,
plants.soil,2026-07-27T23:46:59.911Z,2026-07-27 18:46:59.911,18684,2a89d4,8gtt1h,0.7.3,fleet_logger_0_1,552840035,UMLIFE_v2_TLC555,ch3,origplant,soil_moisture,1601,,,OK,,,983.6,,name=c5off1;level=OK;role=disp;spread=19;gpio=6;device_seq=73711;time_source=device_synced;device_timestamp_utc=2026-07-27T23:46:32.087Z;config_id=170b1c1e;rssi=-53;uptime_s=552840;heap=152652;cal_tier=board-cal;cal_src=wet_rederive_1236_20260719;pressure_context_source=weather_openmeteo;transport=wifi_poll,
plants.env,2026-07-27T23:46:59.911Z,2026-07-27 18:46:59.911,18685,2a89d4,8gtt1h,0.7.3,fleet_logger_0_1,552840719,ESP32,esp32_die,on_chip,die_temp,,24.70,degC,OK,,,,,name=c5off1;source=esp32_die;cal=uncalibrated_board_proxy;api=temperatureRead;config_id=170b1c1e;transport=wifi_poll,
plants.soil,2026-07-27T23:47:30.337Z,2026-07-27 18:47:30.337,18686,2a89d4,8gtt1h,0.7.3,fleet_logger_0_1,552870035,UMLIFE_v2_TLC555,ch0,origplant,soil_moisture,1211,,,OK,,,983.6,,name=c5off1;level=overwatered;role=disp;spread=15;gpio=1;device_seq=73712;time_source=device_synced;device_timestamp_utc=2026-07-27T23:47:02.087Z;config_id=170b1c1e;rssi=-58;uptime_s=552870;heap=152656;cal_tier=board-cal;cal_src=wet_rederive_1236_20260719;pressure_context_source=weather_openmeteo;transport=wifi_poll,
plants.soil,2026-07-27T23:47:30.337Z,2026-07-27 18:47:30.337,18687,2a89d4,8gtt1h,0.7.3,fleet_logger_0_1,552870035,UMLIFE_v2_TLC555,ch1,origplant,soil_moisture,1341,,,OK,,,983.6,,name=c5off1;level=well watered;role=disp;spread=18;gpio=4;device_seq=73713;time_source=device_synced;device_timestamp_utc=2026-07-27T23:47:02.087Z;config_id=170b1c1e;rssi=-58;uptime_s=552870;heap=152656;cal_tier=board-cal;cal_src=wet_rederive_1236_20260719;pressure_context_source=weather_openmeteo;transport=wifi_poll,
plants.soil,2026-07-27T23:47:30.337Z,2026-07-27 18:47:30.337,18688,2a89d4,8gtt1h,0.7.3,fleet_logger_0_1,552870035,UMLIFE_v2_TLC555,ch2,origplant,soil_moisture,1201,,,OK,,,983.6,,name=c5off1;level=overwatered;role=disp;spread=15;gpio=5;device_seq=73714;time_source=device_synced;device_timestamp_utc=2026-07-27T23:47:02.087Z;config_id=170b1c1e;rssi=-58;uptime_s=552870;heap=152656;cal_tier=board-cal;cal_src=wet_rederive_1236_20260719;pressure_context_source=weather_openmeteo;transport=wifi_poll,
plants.soil,2026-07-27T23:47:30.337Z,2026-07-27 18:47:30.337,18689,2a89d4,8gtt1h,0.7.3,fleet_logger_0_1,552870035,UMLIFE_v2_TLC555,ch3,origplant,soil_moisture,1583,,,OK,,,983.6,,name=c5off1;level=OK;role=disp;spread=8;gpio=6;device_seq=73715;time_source=device_synced;device_timestamp_utc=2026-07-27T23:47:02.087Z;config_id=170b1c1e;rssi=-58;uptime_s=552870;heap=152656;cal_tier=board-cal;cal_src=wet_rederive_1236_20260719;pressure_context_source=weather_openmeteo;transport=wifi_poll,
plants.env,2026-07-27T23:47:30.337Z,2026-07-27 18:47:30.337,18690,2a89d4,8gtt1h,0.7.3,fleet_logger_0_1,552870719,ESP32,esp32_die,on_chip,die_temp,,23.70,degC,OK,,,,,name=c5off1;source=esp32_die;cal=uncalibrated_board_proxy;api=temperatureRead;config_id=170b1c1e;transport=wifi_poll,
plants.soil,2026-07-27T23:48:00.719Z,2026-07-27 18:48:00.719,18691,2a89d4,8gtt1h,0.7.3,fleet_logger_0_1,552900035,UMLIFE_v2_TLC555,ch0,origplant,soil_moisture,1216,,,OK,,,983.6,,name=c5off1;level=overwatered;role=disp;spread=26;gpio=1;device_seq=73716;time_source=device_synced;device_timestamp_utc=2026-07-27T23:47:32.087Z;config_id=170b1c1e;rssi=-57;uptime_s=552900;heap=152352;cal_tier=board-cal;cal_src=wet_rederive_1236_20260719;pressure_context_source=weather_openmeteo;transport=wifi_poll,
plants.soil,2026-07-27T23:48:00.719Z,2026-07-27 18:48:00.719,18692,2a89d4,8gtt1h,0.7.3,fleet_logger_0_1,552900035,UMLIFE_v2_TLC555,ch1,origplant,soil_moisture,1345,,,OK,,,983.6,,name=c5off1;level=well watered;role=disp;spread=12;gpio=4;device_seq=73717;time_source=device_synced;device_timestamp_utc=2026-07-27T23:47:32.087Z;config_id=170b1c1e;rssi=-57;uptime_s=552900;heap=152352;cal_tier=board-cal;cal_src=wet_rederive_1236_20260719;pressure_context_source=weather_openmeteo;transport=wifi_poll,
plants.soil,2026-07-27T23:48:00.719Z,2026-07-27 18:48:00.719,18693,2a89d4,8gtt1h,0.7.3,fleet_logger_0_1,552900035,UMLIFE_v2_TLC555,ch2,origplant,soil_moisture,1200,,,OK,,,983.6,,name=c5off1;level=overwatered;role=disp;spread=19;gpio=5;device_seq=73718;time_source=device_synced;device_timestamp_utc=2026-07-27T23:47:32.087Z;config_id=170b1c1e;rssi=-57;uptime_s=552900;heap=152352;cal_tier=board-cal;cal_src=wet_rederive_1236_20260719;pressure_context_source=weather_openmeteo;transport=wifi_poll,
plants.soil,2026-07-27T23:48:00.719Z,2026-07-27 18:48:00.719,18694,2a89d4,8gtt1h,0.7.3,fleet_logger_0_1,552900035,UMLIFE_v2_TLC555,ch3,origplant,soil_moisture,1592,,,OK,,,983.6,,name=c5off1;level=OK;role=disp;spread=10;gpio=6;device_seq=73719;time_source=device_synced;device_timestamp_utc=2026-07-27T23:47:32.087Z;config_id=170b1c1e;rssi=-57;uptime_s=552900;heap=152352;cal_tier=board-cal;cal_src=wet_rederive_1236_20260719;pressure_context_source=weather_openmeteo;transport=wifi_poll,
plants.env,2026-07-27T23:48:00.719Z,2026-07-27 18:48:00.719,18695,2a89d4,8gtt1h,0.7.3,fleet_logger_0_1,552900719,ESP32,esp32_die,on_chip,die_temp,,24.70,degC,OK,,,,,name=c5off1;source=esp32_die;cal=uncalibrated_board_proxy;api=temperatureRead;config_id=170b1c1e;transport=wifi_poll,
plants.soil,2026-07-27T23:48:31.659Z,2026-07-27 18:48:31.659,18696,2a89d4,8gtt1h,0.7.3,fleet_logger_0_1,552960035,UMLIFE_v2_TLC555,ch0,origplant,soil_moisture,1227,,,OK,,,983.6,,name=c5off1;level=overwatered;role=disp;spread=5;gpio=1;device_seq=73724;time_source=device_synced;device_timestamp_utc=2026-07-27T23:48:32.087Z;config_id=170b1c1e;rssi=-57;uptime_s=552960;heap=152908;cal_tier=board-cal;cal_src=wet_rederive_1236_20260719;pressure_context_source=weather_openmeteo;transport=wifi_poll,
plants.soil,2026-07-27T23:48:31.659Z,2026-07-27 18:48:31.659,18697,2a89d4,8gtt1h,0.7.3,fleet_logger_0_1,552960035,UMLIFE_v2_TLC555,ch1,origplant,soil_moisture,1356,,,OK,,,983.6,,name=c5off1;level=well watered;role=disp;spread=23;gpio=4;device_seq=73725;time_source=device_synced;device_timestamp_utc=2026-07-27T23:48:32.087Z;config_id=170b1c1e;rssi=-57;uptime_s=552960;heap=152908;cal_tier=board-cal;cal_src=wet_rederive_1236_20260719;pressure_context_source=weather_openmeteo;transport=wifi_poll,
plants.soil,2026-07-27T23:48:31.659Z,2026-07-27 18:48:31.659,18698,2a89d4,8gtt1h,0.7.3,fleet_logger_0_1,552960035,UMLIFE_v2_TLC555,ch2,origplant,soil_moisture,1201,,,OK,,,983.6,,name=c5off1;level=overwatered;role=disp;spread=7;gpio=5;device_seq=73726;time_source=device_synced;device_timestamp_utc=2026-07-27T23:48:32.087Z;config_id=170b1c1e;rssi=-57;uptime_s=552960;heap=152908;cal_tier=board-cal;cal_src=wet_rederive_1236_20260719;pressure_context_source=weather_openmeteo;transport=wifi_poll,
plants.soil,2026-07-27T23:48:31.659Z,2026-07-27 18:48:31.659,18699,2a89d4,8gtt1h,0.7.3,fleet_logger_0_1,552960035,UMLIFE_v2_TLC555,ch3,origplant,soil_moisture,1585,,,OK,,,983.6,,name=c5off1;level=OK;role=disp;spread=22;gpio=6;device_seq=73727;time_source=device_synced;device_timestamp_utc=2026-07-27T23:48:32.087Z;config_id=170b1c1e;rssi=-57;uptime_s=552960;heap=152908;cal_tier=board-cal;cal_src=wet_rederive_1236_20260719;pressure_context_source=weather_openmeteo;transport=wifi_poll,
plants.env,2026-07-27T23:48:31.659Z,2026-07-27 18:48:31.659,18700,2a89d4,8gtt1h,0.7.3,fleet_logger_0_1,552960719,ESP32,esp32_die,on_chip,die_temp,,24.70,degC,OK,,,,,name=c5off1;source=esp32_die;cal=uncalibrated_board_proxy;api=temperatureRead;config_id=170b1c1e;transport=wifi_poll,
plants.soil,2026-07-27T23:49:02.276Z,2026-07-27 18:49:02.276,18701,2a89d4,8gtt1h,0.7.3,fleet_logger_0_1,552990035,UMLIFE_v2_TLC555,ch0,origplant,soil_moisture,1226,,,OK,,,983.6,,name=c5off1;level=overwatered;role=disp;spread=13;gpio=1;device_seq=73728;time_source=device_synced;device_timestamp_utc=2026-07-27T23:49:02.087Z;config_id=170b1c1e;rssi=-56;uptime_s=552990;heap=152852;cal_tier=board-cal;cal_src=wet_rederive_1236_20260719;pressure_context_source=weather_openmeteo;transport=wifi_poll,
plants.soil,2026-07-27T23:49:02.276Z,2026-07-27 18:49:02.276,18702,2a89d4,8gtt1h,0.7.3,fleet_logger_0_1,552990035,UMLIFE_v2_TLC555,ch1,origplant,soil_moisture,1361,,,OK,,,983.6,,name=c5off1;level=well watered;role=disp;spread=28;gpio=4;device_seq=73729;time_source=device_synced;device_timestamp_utc=2026-07-27T23:49:02.087Z;config_id=170b1c1e;rssi=-56;uptime_s=552990;heap=152852;cal_tier=board-cal;cal_src=wet_rederive_1236_20260719;pressure_context_source=weather_openmeteo;transport=wifi_poll,
plants.soil,2026-07-27T23:49:02.276Z,2026-07-27 18:49:02.276,18703,2a89d4,8gtt1h,0.7.3,fleet_logger_0_1,552990035,UMLIFE_v2_TLC555,ch2,origplant,soil_moisture,1202,,,OK,,,983.6,,name=c5off1;level=overwatered;role=disp;spread=12;gpio=5;device_seq=73730;time_source=device_synced;device_timestamp_utc=2026-07-27T23:49:02.087Z;config_id=170b1c1e;rssi=-56;uptime_s=552990;heap=152852;cal_tier=board-cal;cal_src=wet_rederive_1236_20260719;pressure_context_source=weather_openmeteo;transport=wifi_poll,
plants.soil,2026-07-27T23:49:02.276Z,2026-07-27 18:49:02.276,18704,2a89d4,8gtt1h,0.7.3,fleet_logger_0_1,552990035,UMLIFE_v2_TLC555,ch3,origplant,soil_moisture,1589,,,OK,,,983.6,,name=c5off1;level=OK;role=disp;spread=12;gpio=6;device_seq=73731;time_source=device_synced;device_timestamp_utc=2026-07-27T23:49:02.087Z;config_id=170b1c1e;rssi=-56;uptime_s=552990;heap=152852;cal_tier=board-cal;cal_src=wet_rederive_1236_20260719;pressure_context_source=weather_openmeteo;transport=wifi_poll,
plants.env,2026-07-27T23:49:02.276Z,2026-07-27 18:49:02.276,18705,2a89d4,8gtt1h,0.7.3,fleet_logger_0_1,552990719,ESP32,esp32_die,on_chip,die_temp,,24.70,degC,OK,,,,,name=c5off1;source=esp32_die;cal=uncalibrated_board_proxy;api=temperatureRead;config_id=170b1c1e;transport=wifi_poll,
plants.soil,2026-07-27T23:49:32.792Z,2026-07-27 18:49:32.792,18706,2a89d4,8gtt1h,0.7.3,fleet_logger_0_1,553020035,UMLIFE_v2_TLC555,ch0,origplant,soil_moisture,1228,,,OK,,,983.6,,name=c5off1;level=overwatered;role=disp;spread=17;gpio=1;device_seq=73732;time_source=device_synced;device_timestamp_utc=2026-07-27T23:49:32.087Z;config_id=170b1c1e;rssi=-55;uptime_s=553020;heap=152876;cal_tier=board-cal;cal_src=wet_rederive_1236_20260719;pressure_context_source=weather_openmeteo;transport=wifi_poll,
plants.soil,2026-07-27T23:49:32.792Z,2026-07-27 18:49:32.792,18707,2a89d4,8gtt1h,0.7.3,fleet_logger_0_1,553020035,UMLIFE_v2_TLC555,ch1,origplant,soil_moisture,1361,,,OK,,,983.6,,name=c5off1;level=well watered;role=disp;spread=14;gpio=4;device_seq=73733;time_source=device_synced;device_timestamp_utc=2026-07-27T23:49:32.087Z;config_id=170b1c1e;rssi=-55;uptime_s=553020;heap=152876;cal_tier=board-cal;cal_src=wet_rederive_1236_20260719;pressure_context_source=weather_openmeteo;transport=wifi_poll,
plants.soil,2026-07-27T23:49:32.792Z,2026-07-27 18:49:32.792,18708,2a89d4,8gtt1h,0.7.3,fleet_logger_0_1,553020035,UMLIFE_v2_TLC555,ch2,origplant,soil_moisture,1201,,,OK,,,983.6,,name=c5off1;level=overwatered;role=disp;spread=9;gpio=5;device_seq=73734;time_source=device_synced;device_timestamp_utc=2026-07-27T23:49:32.087Z;config_id=170b1c1e;rssi=-55;uptime_s=553020;heap=152876;cal_tier=board-cal;cal_src=wet_rederive_1236_20260719;pressure_context_source=weather_openmeteo;transport=wifi_poll,
plants.soil,2026-07-27T23:49:32.792Z,2026-07-27 18:49:32.792,18709,2a89d4,8gtt1h,0.7.3,fleet_logger_0_1,553020035,UMLIFE_v2_TLC555,ch3,origplant,soil_moisture,1596,,,OK,,,983.6,,name=c5off1;level=OK;role=disp;spread=30;gpio=6;device_seq=73735;time_source=device_synced;device_timestamp_utc=2026-07-27T23:49:32.087Z;config_id=170b1c1e;rssi=-55;uptime_s=553020;heap=152876;cal_tier=board-cal;cal_src=wet_rederive_1236_20260719;pressure_context_source=weather_openmeteo;transport=wifi_poll,
plants.env,2026-07-27T23:49:32.792Z,2026-07-27 18:49:32.792,18710,2a89d4,8gtt1h,0.7.3,fleet_logger_0_1,553020719,ESP32,esp32_die,on_chip,die_temp,,24.70,degC,OK,,,,,name=c5off1;source=esp32_die;cal=uncalibrated_board_proxy;api=temperatureRead;config_id=170b1c1e;transport=wifi_poll,
plants.soil,2026-07-27T23:50:03.203Z,2026-07-27 18:50:03.203,18711,2a89d4,8gtt1h,0.7.3,fleet_logger_0_1,553050035,UMLIFE_v2_TLC555,ch0,origplant,soil_moisture,1228,,,OK,,,983.6,,name=c5off1;level=overwatered;role=disp;spread=17;gpio=1;device_seq=73736;time_source=device_synced;device_timestamp_utc=2026-07-27T23:50:02.087Z;config_id=170b1c1e;rssi=-55;uptime_s=553050;heap=152852;cal_tier=board-cal;cal_src=wet_rederive_1236_20260719;pressure_context_source=weather_openmeteo;transport=wifi_poll,
plants.soil,2026-07-27T23:50:03.203Z,2026-07-27 18:50:03.203,18712,2a89d4,8gtt1h,0.7.3,fleet_logger_0_1,553050035,UMLIFE_v2_TLC555,ch1,origplant,soil_moisture,1358,,,OK,,,983.6,,name=c5off1;level=well watered;role=disp;spread=20;gpio=4;device_seq=73737;time_source=device_synced;device_timestamp_utc=2026-07-27T23:50:02.087Z;config_id=170b1c1e;rssi=-55;uptime_s=553050;heap=152852;cal_tier=board-cal;cal_src=wet_rederive_1236_20260719;pressure_context_source=weather_openmeteo;transport=wifi_poll,
plants.soil,2026-07-27T23:50:03.203Z,2026-07-27 18:50:03.203,18713,2a89d4,8gtt1h,0.7.3,fleet_logger_0_1,553050035,UMLIFE_v2_TLC555,ch2,origplant,soil_moisture,1201,,,OK,,,983.6,,name=c5off1;level=overwatered;role=disp;spread=17;gpio=5;device_seq=73738;time_source=device_synced;device_timestamp_utc=2026-07-27T23:50:02.087Z;config_id=170b1c1e;rssi=-55;uptime_s=553050;heap=152852;cal_tier=board-cal;cal_src=wet_rederive_1236_20260719;pressure_context_source=weather_openmeteo;transport=wifi_poll,
plants.soil,2026-07-27T23:50:03.203Z,2026-07-27 18:50:03.203,18714,2a89d4,8gtt1h,0.7.3,fleet_logger_0_1,553050035,UMLIFE_v2_TLC555,ch3,origplant,soil_moisture,1602,,,OK,,,983.6,,name=c5off1;level=OK;role=disp;spread=17;gpio=6;device_seq=73739;time_source=device_synced;device_timestamp_utc=2026-07-27T23:50:02.087Z;config_id=170b1c1e;rssi=-55;uptime_s=553050;heap=152852;cal_tier=board-cal;cal_src=wet_rederive_1236_20260719;pressure_context_source=weather_openmeteo;transport=wifi_poll,
plants.env,2026-07-27T23:50:03.203Z,2026-07-27 18:50:03.203,18715,2a89d4,8gtt1h,0.7.3,fleet_logger_0_1,553050719,ESP32,esp32_die,on_chip,die_temp,,24.70,degC,OK,,,,,name=c5off1;source=esp32_die;cal=uncalibrated_board_proxy;api=temperatureRead;config_id=170b1c1e;transport=wifi_poll,
plants.soil,2026-07-27T23:50:33.525Z,2026-07-27 18:50:33.525,18716,2a89d4,8gtt1h,0.7.3,fleet_logger_0_1,553080035,UMLIFE_v2_TLC555,ch0,origplant,soil_moisture,1228,,,OK,,,983.6,,name=c5off1;level=overwatered;role=disp;spread=7;gpio=1;device_seq=73740;time_source=device_synced;device_timestamp_utc=2026-07-27T23:50:32.087Z;config_id=170b1c1e;rssi=-58;uptime_s=553080;heap=152352;cal_tier=board-cal;cal_src=wet_rederive_1236_20260719;pressure_context_source=weather_openmeteo;transport=wifi_poll,
plants.soil,2026-07-27T23:50:33.525Z,2026-07-27 18:50:33.525,18717,2a89d4,8gtt1h,0.7.3,fleet_logger_0_1,553080035,UMLIFE_v2_TLC555,ch1,origplant,soil_moisture,1361,,,OK,,,983.6,,name=c5off1;level=well watered;role=disp;spread=10;gpio=4;device_seq=73741;time_source=device_synced;device_timestamp_utc=2026-07-27T23:50:32.087Z;config_id=170b1c1e;rssi=-58;uptime_s=553080;heap=152352;cal_tier=board-cal;cal_src=wet_rederive_1236_20260719;pressure_context_source=weather_openmeteo;transport=wifi_poll,
plants.soil,2026-07-27T23:50:33.525Z,2026-07-27 18:50:33.525,18718,2a89d4,8gtt1h,0.7.3,fleet_logger_0_1,553080035,UMLIFE_v2_TLC555,ch2,origplant,soil_moisture,1202,,,OK,,,983.6,,name=c5off1;level=overwatered;role=disp;spread=14;gpio=5;device_seq=73742;time_source=device_synced;device_timestamp_utc=2026-07-27T23:50:32.087Z;config_id=170b1c1e;rssi=-58;uptime_s=553080;heap=152352;cal_tier=board-cal;cal_src=wet_rederive_1236_20260719;pressure_context_source=weather_openmeteo;transport=wifi_poll,
plants.soil,2026-07-27T23:50:33.525Z,2026-07-27 18:50:33.525,18719,2a89d4,8gtt1h,0.7.3,fleet_logger_0_1,553080035,UMLIFE_v2_TLC555,ch3,origplant,soil_moisture,1604,,,OK,,,983.6,,name=c5off1;level=OK;role=disp;spread=33;gpio=6;device_seq=73743;time_source=device_synced;device_timestamp_utc=2026-07-27T23:50:32.087Z;config_id=170b1c1e;rssi=-58;uptime_s=553080;heap=152352;cal_tier=board-cal;cal_src=wet_rederive_1236_20260719;pressure_context_source=weather_openmeteo;transport=wifi_poll,
plants.env,2026-07-27T23:50:33.525Z,2026-07-27 18:50:33.525,18720,2a89d4,8gtt1h,0.7.3,fleet_logger_0_1,553080720,ESP32,esp32_die,on_chip,die_temp,,24.70,degC,OK,,,,,name=c5off1;source=esp32_die;cal=uncalibrated_board_proxy;api=temperatureRead;config_id=170b1c1e;transport=wifi_poll,
plants.soil,2026-07-27T23:51:03.935Z,2026-07-27 18:51:03.935,18721,2a89d4,8gtt1h,0.7.3,fleet_logger_0_1,553110035,UMLIFE_v2_TLC555,ch0,origplant,soil_moisture,1228,,,OK,,,983.6,,name=c5off1;level=overwatered;role=disp;spread=12;gpio=1;device_seq=73744;time_source=device_synced;device_timestamp_utc=2026-07-27T23:51:02.087Z;config_id=170b1c1e;rssi=-56;uptime_s=553110;heap=152388;cal_tier=board-cal;cal_src=wet_rederive_1236_20260719;pressure_context_source=weather_openmeteo;transport=wifi_poll,
plants.soil,2026-07-27T23:51:03.935Z,2026-07-27 18:51:03.935,18722,2a89d4,8gtt1h,0.7.3,fleet_logger_0_1,553110035,UMLIFE_v2_TLC555,ch1,origplant,soil_moisture,1360,,,OK,,,983.6,,name=c5off1;level=well watered;role=disp;spread=22;gpio=4;device_seq=73745;time_source=device_synced;device_timestamp_utc=2026-07-27T23:51:02.087Z;config_id=170b1c1e;rssi=-56;uptime_s=553110;heap=152388;cal_tier=board-cal;cal_src=wet_rederive_1236_20260719;pressure_context_source=weather_openmeteo;transport=wifi_poll,
plants.soil,2026-07-27T23:51:03.935Z,2026-07-27 18:51:03.935,18723,2a89d4,8gtt1h,0.7.3,fleet_logger_0_1,553110035,UMLIFE_v2_TLC555,ch2,origplant,soil_moisture,1201,,,OK,,,983.6,,name=c5off1;level=overwatered;role=disp;spread=12;gpio=5;device_seq=73746;time_source=device_synced;device_timestamp_utc=2026-07-27T23:51:02.087Z;config_id=170b1c1e;rssi=-56;uptime_s=553110;heap=152388;cal_tier=board-cal;cal_src=wet_rederive_1236_20260719;pressure_context_source=weather_openmeteo;transport=wifi_poll,
plants.soil,2026-07-27T23:51:03.935Z,2026-07-27 18:51:03.935,18724,2a89d4,8gtt1h,0.7.3,fleet_logger_0_1,553110035,UMLIFE_v2_TLC555,ch3,origplant,soil_moisture,1601,,,OK,,,983.6,,name=c5off1;level=OK;role=disp;spread=15;gpio=6;device_seq=73747;time_source=device_synced;device_timestamp_utc=2026-07-27T23:51:02.087Z;config_id=170b1c1e;rssi=-56;uptime_s=553110;heap=152388;cal_tier=board-cal;cal_src=wet_rederive_1236_20260719;pressure_context_source=weather_openmeteo;transport=wifi_poll,
plants.env,2026-07-27T23:51:03.935Z,2026-07-27 18:51:03.935,18725,2a89d4,8gtt1h,0.7.3,fleet_logger_0_1,553110719,ESP32,esp32_die,on_chip,die_temp,,24.70,degC,OK,,,,,name=c5off1;source=esp32_die;cal=uncalibrated_board_proxy;api=temperatureRead;config_id=170b1c1e;transport=wifi_poll,
plants.soil,2026-07-27T23:51:34.339Z,2026-07-27 18:51:34.339,18726,2a89d4,8gtt1h,0.7.3,fleet_logger_0_1,553140035,UMLIFE_v2_TLC555,ch0,origplant,soil_moisture,1227,,,OK,,,983.6,,name=c5off1;level=overwatered;role=disp;spread=16;gpio=1;device_seq=73748;time_source=device_synced;device_timestamp_utc=2026-07-27T23:51:32.087Z;config_id=170b1c1e;rssi=-57;uptime_s=553140;heap=152656;cal_tier=board-cal;cal_src=wet_rederive_1236_20260719;pressure_context_source=weather_openmeteo;transport=wifi_poll,
plants.soil,2026-07-27T23:51:34.339Z,2026-07-27 18:51:34.339,18727,2a89d4,8gtt1h,0.7.3,fleet_logger_0_1,553140035,UMLIFE_v2_TLC555,ch1,origplant,soil_moisture,1360,,,OK,,,983.6,,name=c5off1;level=well watered;role=disp;spread=15;gpio=4;device_seq=73749;time_source=device_synced;device_timestamp_utc=2026-07-27T23:51:32.087Z;config_id=170b1c1e;rssi=-57;uptime_s=553140;heap=152656;cal_tier=board-cal;cal_src=wet_rederive_1236_20260719;pressure_context_source=weather_openmeteo;transport=wifi_poll,
plants.soil,2026-07-27T23:51:34.339Z,2026-07-27 18:51:34.339,18728,2a89d4,8gtt1h,0.7.3,fleet_logger_0_1,553140035,UMLIFE_v2_TLC555,ch2,origplant,soil_moisture,1202,,,OK,,,983.6,,name=c5off1;level=overwatered;role=disp;spread=21;gpio=5;device_seq=73750;time_source=device_synced;device_timestamp_utc=2026-07-27T23:51:32.087Z;config_id=170b1c1e;rssi=-57;uptime_s=553140;heap=152656;cal_tier=board-cal;cal_src=wet_rederive_1236_20260719;pressure_context_source=weather_openmeteo;transport=wifi_poll,
plants.soil,2026-07-27T23:51:34.339Z,2026-07-27 18:51:34.339,18729,2a89d4,8gtt1h,0.7.3,fleet_logger_0_1,553140035,UMLIFE_v2_TLC555,ch3,origplant,soil_moisture,1602,,,OK,,,983.6,,name=c5off1;level=OK;role=disp;spread=19;gpio=6;device_seq=73751;time_source=device_synced;device_timestamp_utc=2026-07-27T23:51:32.087Z;config_id=170b1c1e;rssi=-57;uptime_s=553140;heap=152656;cal_tier=board-cal;cal_src=wet_rederive_1236_20260719;pressure_context_source=weather_openmeteo;transport=wifi_poll,
plants.env,2026-07-27T23:51:34.339Z,2026-07-27 18:51:34.339,18730,2a89d4,8gtt1h,0.7.3,fleet_logger_0_1,553140720,ESP32,esp32_die,on_chip,die_temp,,24.70,degC,OK,,,,,name=c5off1;source=esp32_die;cal=uncalibrated_board_proxy;api=temperatureRead;config_id=170b1c1e;transport=wifi_poll,
plants.soil,2026-07-27T23:52:04.858Z,2026-07-27 18:52:04.858,18731,2a89d4,8gtt1h,0.7.3,fleet_logger_0_1,553170035,UMLIFE_v2_TLC555,ch0,origplant,soil_moisture,1227,,,OK,,,983.6,,name=c5off1;level=overwatered;role=disp;spread=9;gpio=1;device_seq=73752;time_source=device_synced;device_timestamp_utc=2026-07-27T23:52:02.087Z;config_id=170b1c1e;rssi=-57;uptime_s=553170;heap=152656;cal_tier=board-cal;cal_src=wet_rederive_1236_20260719;pressure_context_source=weather_openmeteo;transport=wifi_poll,
plants.soil,2026-07-27T23:52:04.858Z,2026-07-27 18:52:04.858,18732,2a89d4,8gtt1h,0.7.3,fleet_logger_0_1,553170035,UMLIFE_v2_TLC555,ch1,origplant,soil_moisture,1361,,,OK,,,983.6,,name=c5off1;level=well watered;role=disp;spread=18;gpio=4;device_seq=73753;time_source=device_synced;device_timestamp_utc=2026-07-27T23:52:02.087Z;config_id=170b1c1e;rssi=-57;uptime_s=553170;heap=152656;cal_tier=board-cal;cal_src=wet_rederive_1236_20260719;pressure_context_source=weather_openmeteo;transport=wifi_poll,
plants.soil,2026-07-27T23:52:04.858Z,2026-07-27 18:52:04.858,18733,2a89d4,8gtt1h,0.7.3,fleet_logger_0_1,553170035,UMLIFE_v2_TLC555,ch2,origplant,soil_moisture,1204,,,OK,,,983.6,,name=c5off1;level=overwatered;role=disp;spread=24;gpio=5;device_seq=73754;time_source=device_synced;device_timestamp_utc=2026-07-27T23:52:02.087Z;config_id=170b1c1e;rssi=-57;uptime_s=553170;heap=152656;cal_tier=board-cal;cal_src=wet_rederive_1236_20260719;pressure_context_source=weather_openmeteo;transport=wifi_poll,
plants.soil,2026-07-27T23:52:04.858Z,2026-07-27 18:52:04.858,18734,2a89d4,8gtt1h,0.7.3,fleet_logger_0_1,553170035,UMLIFE_v2_TLC555,ch3,origplant,soil_moisture,1599,,,OK,,,983.6,,name=c5off1;level=OK;role=disp;spread=21;gpio=6;device_seq=73755;time_source=device_synced;device_timestamp_utc=2026-07-27T23:52:02.087Z;config_id=170b1c1e;rssi=-57;uptime_s=553170;heap=152656;cal_tier=board-cal;cal_src=wet_rederive_1236_20260719;pressure_context_source=weather_openmeteo;transport=wifi_poll,
plants.env,2026-07-27T23:52:04.858Z,2026-07-27 18:52:04.858,18735,2a89d4,8gtt1h,0.7.3,fleet_logger_0_1,553170719,ESP32,esp32_die,on_chip,die_temp,,24.70,degC,OK,,,,,name=c5off1;source=esp32_die;cal=uncalibrated_board_proxy;api=temperatureRead;config_id=170b1c1e;transport=wifi_poll,
plants.soil,2026-07-27T23:52:35.371Z,2026-07-27 18:52:35.371,18736,2a89d4,8gtt1h,0.7.3,fleet_logger_0_1,553200035,UMLIFE_v2_TLC555,ch0,origplant,soil_moisture,1228,,,OK,,,983.6,,name=c5off1;level=overwatered;role=disp;spread=17;gpio=1;device_seq=73756;time_source=device_synced;device_timestamp_utc=2026-07-27T23:52:32.087Z;config_id=170b1c1e;rssi=-57;uptime_s=553200;heap=152668;cal_tier=board-cal;cal_src=wet_rederive_1236_20260719;pressure_context_source=weather_openmeteo;transport=wifi_poll,
plants.soil,2026-07-27T23:52:35.371Z,2026-07-27 18:52:35.371,18737,2a89d4,8gtt1h,0.7.3,fleet_logger_0_1,553200035,UMLIFE_v2_TLC555,ch1,origplant,soil_moisture,1361,,,OK,,,983.6,,name=c5off1;level=well watered;role=disp;spread=22;gpio=4;device_seq=73757;time_source=device_synced;device_timestamp_utc=2026-07-27T23:52:32.087Z;config_id=170b1c1e;rssi=-57;uptime_s=553200;heap=152668;cal_tier=board-cal;cal_src=wet_rederive_1236_20260719;pressure_context_source=weather_openmeteo;transport=wifi_poll,
plants.soil,2026-07-27T23:52:35.371Z,2026-07-27 18:52:35.371,18738,2a89d4,8gtt1h,0.7.3,fleet_logger_0_1,553200035,UMLIFE_v2_TLC555,ch2,origplant,soil_moisture,1203,,,OK,,,983.6,,name=c5off1;level=overwatered;role=disp;spread=11;gpio=5;device_seq=73758;time_source=device_synced;device_timestamp_utc=2026-07-27T23:52:32.087Z;config_id=170b1c1e;rssi=-57;uptime_s=553200;heap=152668;cal_tier=board-cal;cal_src=wet_rederive_1236_20260719;pressure_context_source=weather_openmeteo;transport=wifi_poll,
plants.soil,2026-07-27T23:52:35.371Z,2026-07-27 18:52:35.371,18739,2a89d4,8gtt1h,0.7.3,fleet_logger_0_1,553200035,UMLIFE_v2_TLC555,ch3,origplant,soil_moisture,1600,,,OK,,,983.6,,name=c5off1;level=OK;role=disp;spread=20;gpio=6;device_seq=73759;time_source=device_synced;device_timestamp_utc=2026-07-27T23:52:32.087Z;config_id=170b1c1e;rssi=-57;uptime_s=553200;heap=152668;cal_tier=board-cal;cal_src=wet_rederive_1236_20260719;pressure_context_source=weather_openmeteo;transport=wifi_poll,
plants.env,2026-07-27T23:52:35.371Z,2026-07-27 18:52:35.371,18740,2a89d4,8gtt1h,0.7.3,fleet_logger_0_1,553201819,ESP32,esp32_die,on_chip,die_temp,,24.70,degC,OK,,,,,name=c5off1;source=esp32_die;cal=uncalibrated_board_proxy;api=temperatureRead;config_id=170b1c1e;transport=wifi_poll,
plants.soil,2026-07-27T23:53:05.884Z,2026-07-27 18:53:05.884,18741,2a89d4,8gtt1h,0.7.3,fleet_logger_0_1,553230035,UMLIFE_v2_TLC555,ch0,origplant,soil_moisture,1227,,,OK,,,983.6,,name=c5off1;level=overwatered;role=disp;spread=23;gpio=1;device_seq=73760;time_source=device_synced;device_timestamp_utc=2026-07-27T23:53:02.087Z;config_id=170b1c1e;rssi=-57;uptime_s=553230;heap=152656;cal_tier=board-cal;cal_src=wet_rederive_1236_20260719;pressure_context_source=weather_openmeteo;transport=wifi_poll,
plants.soil,2026-07-27T23:53:05.884Z,2026-07-27 18:53:05.884,18742,2a89d4,8gtt1h,0.7.3,fleet_logger_0_1,553230035,UMLIFE_v2_TLC555,ch1,origplant,soil_moisture,1360,,,OK,,,983.6,,name=c5off1;level=well watered;role=disp;spread=15;gpio=4;device_seq=73761;time_source=device_synced;device_timestamp_utc=2026-07-27T23:53:02.087Z;config_id=170b1c1e;rssi=-57;uptime_s=553230;heap=152656;cal_tier=board-cal;cal_src=wet_rederive_1236_20260719;pressure_context_source=weather_openmeteo;transport=wifi_poll,
plants.soil,2026-07-27T23:53:05.884Z,2026-07-27 18:53:05.884,18743,2a89d4,8gtt1h,0.7.3,fleet_logger_0_1,553230035,UMLIFE_v2_TLC555,ch2,origplant,soil_moisture,1204,,,OK,,,983.6,,name=c5off1;level=overwatered;role=disp;spread=8;gpio=5;device_seq=73762;time_source=device_synced;device_timestamp_utc=2026-07-27T23:53:02.087Z;config_id=170b1c1e;rssi=-57;uptime_s=553230;heap=152656;cal_tier=board-cal;cal_src=wet_rederive_1236_20260719;pressure_context_source=weather_openmeteo;transport=wifi_poll,
plants.soil,2026-07-27T23:53:05.884Z,2026-07-27 18:53:05.884,18744,2a89d4,8gtt1h,0.7.3,fleet_logger_0_1,553230035,UMLIFE_v2_TLC555,ch3,origplant,soil_moisture,1603,,,OK,,,983.6,,name=c5off1;level=OK;role=disp;spread=23;gpio=6;device_seq=73763;time_source=device_synced;device_timestamp_utc=2026-07-27T23:53:02.087Z;config_id=170b1c1e;rssi=-57;uptime_s=553230;heap=152656;cal_tier=board-cal;cal_src=wet_rederive_1236_20260719;pressure_context_source=weather_openmeteo;transport=wifi_poll,
plants.env,2026-07-27T23:53:05.884Z,2026-07-27 18:53:05.884,18745,2a89d4,8gtt1h,0.7.3,fleet_logger_0_1,553230719,ESP32,esp32_die,on_chip,die_temp,,24.70,degC,OK,,,,,name=c5off1;source=esp32_die;cal=uncalibrated_board_proxy;api=temperatureRead;config_id=170b1c1e;transport=wifi_poll,
plants.soil,2026-07-27T23:53:36.297Z,2026-07-27 18:53:36.297,18746,2a89d4,8gtt1h,0.7.3,fleet_logger_0_1,553260035,UMLIFE_v2_TLC555,ch0,origplant,soil_moisture,1227,,,OK,,,983.6,,name=c5off1;level=overwatered;role=disp;spread=15;gpio=1;device_seq=73764;time_source=device_synced;device_timestamp_utc=2026-07-27T23:53:32.087Z;config_id=170b1c1e;rssi=-56;uptime_s=553260;heap=152400;cal_tier=board-cal;cal_src=wet_rederive_1236_20260719;pressure_context_source=weather_openmeteo;transport=wifi_poll,
plants.soil,2026-07-27T23:53:36.297Z,2026-07-27 18:53:36.297,18747,2a89d4,8gtt1h,0.7.3,fleet_logger_0_1,553260035,UMLIFE_v2_TLC555,ch1,origplant,soil_moisture,1360,,,OK,,,983.6,,name=c5off1;level=well watered;role=disp;spread=14;gpio=4;device_seq=73765;time_source=device_synced;device_timestamp_utc=2026-07-27T23:53:32.087Z;config_id=170b1c1e;rssi=-56;uptime_s=553260;heap=152400;cal_tier=board-cal;cal_src=wet_rederive_1236_20260719;pressure_context_source=weather_openmeteo;transport=wifi_poll,
plants.soil,2026-07-27T23:53:36.297Z,2026-07-27 18:53:36.297,18748,2a89d4,8gtt1h,0.7.3,fleet_logger_0_1,553260035,UMLIFE_v2_TLC555,ch2,origplant,soil_moisture,1205,,,OK,,,983.6,,name=c5off1;level=overwatered;role=disp;spread=16;gpio=5;device_seq=73766;time_source=device_synced;device_timestamp_utc=2026-07-27T23:53:32.087Z;config_id=170b1c1e;rssi=-56;uptime_s=553260;heap=152400;cal_tier=board-cal;cal_src=wet_rederive_1236_20260719;pressure_context_source=weather_openmeteo;transport=wifi_poll,
plants.soil,2026-07-27T23:53:36.297Z,2026-07-27 18:53:36.297,18749,2a89d4,8gtt1h,0.7.3,fleet_logger_0_1,553260035,UMLIFE_v2_TLC555,ch3,origplant,soil_moisture,1603,,,OK,,,983.6,,name=c5off1;level=OK;role=disp;spread=23;gpio=6;device_seq=73767;time_source=device_synced;device_timestamp_utc=2026-07-27T23:53:32.087Z;config_id=170b1c1e;rssi=-56;uptime_s=553260;heap=152400;cal_tier=board-cal;cal_src=wet_rederive_1236_20260719;pressure_context_source=weather_openmeteo;transport=wifi_poll,
plants.env,2026-07-27T23:53:36.297Z,2026-07-27 18:53:36.297,18750,2a89d4,8gtt1h,0.7.3,fleet_logger_0_1,553260719,ESP32,esp32_die,on_chip,die_temp,,24.70,degC,OK,,,,,name=c5off1;source=esp32_die;cal=uncalibrated_board_proxy;api=temperatureRead;config_id=170b1c1e;transport=wifi_poll,
plants.soil,2026-07-27T23:54:06.711Z,2026-07-27 18:54:06.711,18751,2a89d4,8gtt1h,0.7.3,fleet_logger_0_1,553290035,UMLIFE_v2_TLC555,ch0,origplant,soil_moisture,1227,,,OK,,,983.6,,name=c5off1;level=overwatered;role=disp;spread=21;gpio=1;device_seq=73768;time_source=device_synced;device_timestamp_utc=2026-07-27T23:54:02.087Z;config_id=170b1c1e;rssi=-56;uptime_s=553290;heap=152412;cal_tier=board-cal;cal_src=wet_rederive_1236_20260719;pressure_context_source=weather_openmeteo;transport=wifi_poll,
plants.soil,2026-07-27T23:54:06.711Z,2026-07-27 18:54:06.711,18752,2a89d4,8gtt1h,0.7.3,fleet_logger_0_1,553290035,UMLIFE_v2_TLC555,ch1,origplant,soil_moisture,1360,,,OK,,,983.6,,name=c5off1;level=well watered;role=disp;spread=10;gpio=4;device_seq=73769;time_source=device_synced;device_timestamp_utc=2026-07-27T23:54:02.087Z;config_id=170b1c1e;rssi=-56;uptime_s=553290;heap=152412;cal_tier=board-cal;cal_src=wet_rederive_1236_20260719;pressure_context_source=weather_openmeteo;transport=wifi_poll,
plants.soil,2026-07-27T23:54:06.711Z,2026-07-27 18:54:06.711,18753,2a89d4,8gtt1h,0.7.3,fleet_logger_0_1,553290035,UMLIFE_v2_TLC555,ch2,origplant,soil_moisture,1204,,,OK,,,983.6,,name=c5off1;level=overwatered;role=disp;spread=12;gpio=5;device_seq=73770;time_source=device_synced;device_timestamp_utc=2026-07-27T23:54:02.087Z;config_id=170b1c1e;rssi=-56;uptime_s=553290;heap=152412;cal_tier=board-cal;cal_src=wet_rederive_1236_20260719;pressure_context_source=weather_openmeteo;transport=wifi_poll,
plants.soil,2026-07-27T23:54:06.711Z,2026-07-27 18:54:06.711,18754,2a89d4,8gtt1h,0.7.3,fleet_logger_0_1,553290035,UMLIFE_v2_TLC555,ch3,origplant,soil_moisture,1600,,,OK,,,983.6,,name=c5off1;level=OK;role=disp;spread=26;gpio=6;device_seq=73771;time_source=device_synced;device_timestamp_utc=2026-07-27T23:54:02.087Z;config_id=170b1c1e;rssi=-56;uptime_s=553290;heap=152412;cal_tier=board-cal;cal_src=wet_rederive_1236_20260719;pressure_context_source=weather_openmeteo;transport=wifi_poll,
plants.env,2026-07-27T23:54:06.711Z,2026-07-27 18:54:06.711,18755,2a89d4,8gtt1h,0.7.3,fleet_logger_0_1,553290719,ESP32,esp32_die,on_chip,die_temp,,24.70,degC,OK,,,,,name=c5off1;source=esp32_die;cal=uncalibrated_board_proxy;api=temperatureRead;config_id=170b1c1e;transport=wifi_poll,
plants.soil,2026-07-27T23:54:37.124Z,2026-07-27 18:54:37.124,18756,2a89d4,8gtt1h,0.7.3,fleet_logger_0_1,553320035,UMLIFE_v2_TLC555,ch0,origplant,soil_moisture,1225,,,OK,,,983.6,,name=c5off1;level=overwatered;role=disp;spread=14;gpio=1;device_seq=73772;time_source=device_synced;device_timestamp_utc=2026-07-27T23:54:32.087Z;config_id=170b1c1e;rssi=-56;uptime_s=553320;heap=152668;cal_tier=board-cal;cal_src=wet_rederive_1236_20260719;pressure_context_source=weather_openmeteo;transport=wifi_poll,
plants.soil,2026-07-27T23:54:37.124Z,2026-07-27 18:54:37.124,18757,2a89d4,8gtt1h,0.7.3,fleet_logger_0_1,553320035,UMLIFE_v2_TLC555,ch1,origplant,soil_moisture,1360,,,OK,,,983.6,,name=c5off1;level=well watered;role=disp;spread=18;gpio=4;device_seq=73773;time_source=device_synced;device_timestamp_utc=2026-07-27T23:54:32.087Z;config_id=170b1c1e;rssi=-56;uptime_s=553320;heap=152668;cal_tier=board-cal;cal_src=wet_rederive_1236_20260719;pressure_context_source=weather_openmeteo;transport=wifi_poll,
plants.soil,2026-07-27T23:54:37.124Z,2026-07-27 18:54:37.124,18758,2a89d4,8gtt1h,0.7.3,fleet_logger_0_1,553320035,UMLIFE_v2_TLC555,ch2,origplant,soil_moisture,1203,,,OK,,,983.6,,name=c5off1;level=overwatered;role=disp;spread=18;gpio=5;device_seq=73774;time_source=device_synced;device_timestamp_utc=2026-07-27T23:54:32.087Z;config_id=170b1c1e;rssi=-56;uptime_s=553320;heap=152668;cal_tier=board-cal;cal_src=wet_rederive_1236_20260719;pressure_context_source=weather_openmeteo;transport=wifi_poll,
plants.soil,2026-07-27T23:54:37.124Z,2026-07-27 18:54:37.124,18759,2a89d4,8gtt1h,0.7.3,fleet_logger_0_1,553320035,UMLIFE_v2_TLC555,ch3,origplant,soil_moisture,1601,,,OK,,,983.6,,name=c5off1;level=OK;role=disp;spread=18;gpio=6;device_seq=73775;time_source=device_synced;device_timestamp_utc=2026-07-27T23:54:32.087Z;config_id=170b1c1e;rssi=-56;uptime_s=553320;heap=152668;cal_tier=board-cal;cal_src=wet_rederive_1236_20260719;pressure_context_source=weather_openmeteo;transport=wifi_poll,
plants.env,2026-07-27T23:54:37.124Z,2026-07-27 18:54:37.124,18760,2a89d4,8gtt1h,0.7.3,fleet_logger_0_1,553320719,ESP32,esp32_die,on_chip,die_temp,,24.70,degC,OK,,,,,name=c5off1;source=esp32_die;cal=uncalibrated_board_proxy;api=temperatureRead;config_id=170b1c1e;transport=wifi_poll,
plants.soil,2026-07-27T23:55:07.340Z,2026-07-27 18:55:07.340,18761,2a89d4,8gtt1h,0.7.3,fleet_logger_0_1,553350035,UMLIFE_v2_TLC555,ch0,origplant,soil_moisture,1227,,,OK,,,983.6,,name=c5off1;level=overwatered;role=disp;spread=6;gpio=1;device_seq=73776;time_source=device_synced;device_timestamp_utc=2026-07-27T23:55:02.087Z;config_id=170b1c1e;rssi=-56;uptime_s=553350;heap=152668;cal_tier=board-cal;cal_src=wet_rederive_1236_20260719;pressure_context_source=weather_openmeteo;transport=wifi_poll,
plants.soil,2026-07-27T23:55:07.340Z,2026-07-27 18:55:07.340,18762,2a89d4,8gtt1h,0.7.3,fleet_logger_0_1,553350035,UMLIFE_v2_TLC555,ch1,origplant,soil_moisture,1360,,,OK,,,983.6,,name=c5off1;level=well watered;role=disp;spread=18;gpio=4;device_seq=73777;time_source=device_synced;device_timestamp_utc=2026-07-27T23:55:02.087Z;config_id=170b1c1e;rssi=-56;uptime_s=553350;heap=152668;cal_tier=board-cal;cal_src=wet_rederive_1236_20260719;pressure_context_source=weather_openmeteo;transport=wifi_poll,
plants.soil,2026-07-27T23:55:07.340Z,2026-07-27 18:55:07.340,18763,2a89d4,8gtt1h,0.7.3,fleet_logger_0_1,553350035,UMLIFE_v2_TLC555,ch2,origplant,soil_moisture,1204,,,OK,,,983.6,,name=c5off1;level=overwatered;role=disp;spread=12;gpio=5;device_seq=73778;time_source=device_synced;device_timestamp_utc=2026-07-27T23:55:02.087Z;config_id=170b1c1e;rssi=-56;uptime_s=553350;heap=152668;cal_tier=board-cal;cal_src=wet_rederive_1236_20260719;pressure_context_source=weather_openmeteo;transport=wifi_poll,
plants.soil,2026-07-27T23:55:07.340Z,2026-07-27 18:55:07.340,18764,2a89d4,8gtt1h,0.7.3,fleet_logger_0_1,553350035,UMLIFE_v2_TLC555,ch3,origplant,soil_moisture,1602,,,OK,,,983.6,,name=c5off1;level=OK;role=disp;spread=29;gpio=6;device_seq=73779;time_source=device_synced;device_timestamp_utc=2026-07-27T23:55:02.087Z;config_id=170b1c1e;rssi=-56;uptime_s=553350;heap=152668;cal_tier=board-cal;cal_src=wet_rederive_1236_20260719;pressure_context_source=weather_openmeteo;transport=wifi_poll,
plants.env,2026-07-27T23:55:07.340Z,2026-07-27 18:55:07.340,18765,2a89d4,8gtt1h,0.7.3,fleet_logger_0_1,553350719,ESP32,esp32_die,on_chip,die_temp,,24.70,degC,OK,,,,,name=c5off1;source=esp32_die;cal=uncalibrated_board_proxy;api=temperatureRead;config_id=170b1c1e;transport=wifi_poll,
plants.soil,2026-07-27T23:55:37.743Z,2026-07-27 18:55:37.743,18766,2a89d4,8gtt1h,0.7.3,fleet_logger_0_1,553380035,UMLIFE_v2_TLC555,ch0,origplant,soil_moisture,1225,,,OK,,,983.6,,name=c5off1;level=overwatered;role=disp;spread=12;gpio=1;device_seq=73780;time_source=device_synced;device_timestamp_utc=2026-07-27T23:55:32.087Z;config_id=170b1c1e;rssi=-60;uptime_s=553380;heap=152644;cal_tier=board-cal;cal_src=wet_rederive_1236_20260719;pressure_context_source=weather_openmeteo;transport=wifi_poll,
plants.soil,2026-07-27T23:55:37.743Z,2026-07-27 18:55:37.743,18767,2a89d4,8gtt1h,0.7.3,fleet_logger_0_1,553380035,UMLIFE_v2_TLC555,ch1,origplant,soil_moisture,1360,,,OK,,,983.6,,name=c5off1;level=well watered;role=disp;spread=11;gpio=4;device_seq=73781;time_source=device_synced;device_timestamp_utc=2026-07-27T23:55:32.087Z;config_id=170b1c1e;rssi=-60;uptime_s=553380;heap=152644;cal_tier=board-cal;cal_src=wet_rederive_1236_20260719;pressure_context_source=weather_openmeteo;transport=wifi_poll,
plants.soil,2026-07-27T23:55:37.743Z,2026-07-27 18:55:37.743,18768,2a89d4,8gtt1h,0.7.3,fleet_logger_0_1,553380035,UMLIFE_v2_TLC555,ch2,origplant,soil_moisture,1203,,,OK,,,983.6,,name=c5off1;level=overwatered;role=disp;spread=17;gpio=5;device_seq=73782;time_source=device_synced;device_timestamp_utc=2026-07-27T23:55:32.087Z;config_id=170b1c1e;rssi=-60;uptime_s=553380;heap=152644;cal_tier=board-cal;cal_src=wet_rederive_1236_20260719;pressure_context_source=weather_openmeteo;transport=wifi_poll,
plants.soil,2026-07-27T23:55:37.743Z,2026-07-27 18:55:37.743,18769,2a89d4,8gtt1h,0.7.3,fleet_logger_0_1,553380035,UMLIFE_v2_TLC555,ch3,origplant,soil_moisture,1601,,,OK,,,983.6,,name=c5off1;level=OK;role=disp;spread=35;gpio=6;device_seq=73783;time_source=device_synced;device_timestamp_utc=2026-07-27T23:55:32.087Z;config_id=170b1c1e;rssi=-60;uptime_s=553380;heap=152644;cal_tier=board-cal;cal_src=wet_rederive_1236_20260719;pressure_context_source=weather_openmeteo;transport=wifi_poll,
plants.env,2026-07-27T23:55:37.743Z,2026-07-27 18:55:37.743,18770,2a89d4,8gtt1h,0.7.3,fleet_logger_0_1,553380719,ESP32,esp32_die,on_chip,die_temp,,24.70,degC,OK,,,,,name=c5off1;source=esp32_die;cal=uncalibrated_board_proxy;api=temperatureRead;config_id=170b1c1e;transport=wifi_poll,
plants.soil,2026-07-27T23:56:08.565Z,2026-07-27 18:56:08.565,18771,2a89d4,8gtt1h,0.7.3,fleet_logger_0_1,553410035,UMLIFE_v2_TLC555,ch0,origplant,soil_moisture,1228,,,OK,,,983.6,,name=c5off1;level=overwatered;role=disp;spread=20;gpio=1;device_seq=73784;time_source=device_synced;device_timestamp_utc=2026-07-27T23:56:02.087Z;config_id=170b1c1e;rssi=-58;uptime_s=553410;heap=152656;cal_tier=board-cal;cal_src=wet_rederive_1236_20260719;pressure_context_source=weather_openmeteo;transport=wifi_poll,
plants.soil,2026-07-27T23:56:08.565Z,2026-07-27 18:56:08.565,18772,2a89d4,8gtt1h,0.7.3,fleet_logger_0_1,553410035,UMLIFE_v2_TLC555,ch1,origplant,soil_moisture,1360,,,OK,,,983.6,,name=c5off1;level=well watered;role=disp;spread=18;gpio=4;device_seq=73785;time_source=device_synced;device_timestamp_utc=2026-07-27T23:56:02.087Z;config_id=170b1c1e;rssi=-58;uptime_s=553410;heap=152656;cal_tier=board-cal;cal_src=wet_rederive_1236_20260719;pressure_context_source=weather_openmeteo;transport=wifi_poll,
plants.soil,2026-07-27T23:56:08.565Z,2026-07-27 18:56:08.565,18773,2a89d4,8gtt1h,0.7.3,fleet_logger_0_1,553410035,UMLIFE_v2_TLC555,ch2,origplant,soil_moisture,1204,,,OK,,,983.6,,name=c5off1;level=overwatered;role=disp;spread=12;gpio=5;device_seq=73786;time_source=device_synced;device_timestamp_utc=2026-07-27T23:56:02.087Z;config_id=170b1c1e;rssi=-58;uptime_s=553410;heap=152656;cal_tier=board-cal;cal_src=wet_rederive_1236_20260719;pressure_context_source=weather_openmeteo;transport=wifi_poll,
plants.soil,2026-07-27T23:56:08.565Z,2026-07-27 18:56:08.565,18774,2a89d4,8gtt1h,0.7.3,fleet_logger_0_1,553410035,UMLIFE_v2_TLC555,ch3,origplant,soil_moisture,1602,,,OK,,,983.6,,name=c5off1;level=OK;role=disp;spread=24;gpio=6;device_seq=73787;time_source=device_synced;device_timestamp_utc=2026-07-27T23:56:02.087Z;config_id=170b1c1e;rssi=-58;uptime_s=553410;heap=152656;cal_tier=board-cal;cal_src=wet_rederive_1236_20260719;pressure_context_source=weather_openmeteo;transport=wifi_poll,
plants.env,2026-07-27T23:56:08.565Z,2026-07-27 18:56:08.565,18775,2a89d4,8gtt1h,0.7.3,fleet_logger_0_1,553410719,ESP32,esp32_die,on_chip,die_temp,,24.70,degC,OK,,,,,name=c5off1;source=esp32_die;cal=uncalibrated_board_proxy;api=temperatureRead;config_id=170b1c1e;transport=wifi_poll,
plants.soil,2026-07-27T23:56:38.885Z,2026-07-27 18:56:38.885,18776,2a89d4,8gtt1h,0.7.3,fleet_logger_0_1,553440035,UMLIFE_v2_TLC555,ch0,origplant,soil_moisture,1208,,,OK,,,983.6,,name=c5off1;level=overwatered;role=disp;spread=6;gpio=1;device_seq=73788;time_source=device_synced;device_timestamp_utc=2026-07-27T23:56:32.087Z;config_id=170b1c1e;rssi=-56;uptime_s=553440;heap=152388;cal_tier=board-cal;cal_src=wet_rederive_1236_20260719;pressure_context_source=weather_openmeteo;transport=wifi_poll,
plants.soil,2026-07-27T23:56:38.885Z,2026-07-27 18:56:38.885,18777,2a89d4,8gtt1h,0.7.3,fleet_logger_0_1,553440035,UMLIFE_v2_TLC555,ch1,origplant,soil_moisture,1344,,,OK,,,983.6,,name=c5off1;level=well watered;role=disp;spread=18;gpio=4;device_seq=73789;time_source=device_synced;device_timestamp_utc=2026-07-27T23:56:32.087Z;config_id=170b1c1e;rssi=-56;uptime_s=553440;heap=152388;cal_tier=board-cal;cal_src=wet_rederive_1236_20260719;pressure_context_source=weather_openmeteo;transport=wifi_poll,
plants.soil,2026-07-27T23:56:38.885Z,2026-07-27 18:56:38.885,18778,2a89d4,8gtt1h,0.7.3,fleet_logger_0_1,553440035,UMLIFE_v2_TLC555,ch2,origplant,soil_moisture,1204,,,OK,,,983.6,,name=c5off1;level=overwatered;role=disp;spread=10;gpio=5;device_seq=73790;time_source=device_synced;device_timestamp_utc=2026-07-27T23:56:32.087Z;config_id=170b1c1e;rssi=-56;uptime_s=553440;heap=152388;cal_tier=board-cal;cal_src=wet_rederive_1236_20260719;pressure_context_source=weather_openmeteo;transport=wifi_poll,
plants.soil,2026-07-27T23:56:38.885Z,2026-07-27 18:56:38.885,18779,2a89d4,8gtt1h,0.7.3,fleet_logger_0_1,553440035,UMLIFE_v2_TLC555,ch3,origplant,soil_moisture,1598,,,OK,,,983.6,,name=c5off1;level=OK;role=disp;spread=24;gpio=6;device_seq=73791;time_source=device_synced;device_timestamp_utc=2026-07-27T23:56:32.087Z;config_id=170b1c1e;rssi=-56;uptime_s=553440;heap=152388;cal_tier=board-cal;cal_src=wet_rederive_1236_20260719;pressure_context_source=weather_openmeteo;transport=wifi_poll,
plants.env,2026-07-27T23:56:38.885Z,2026-07-27 18:56:38.885,18780,2a89d4,8gtt1h,0.7.3,fleet_logger_0_1,553440719,ESP32,esp32_die,on_chip,die_temp,,24.70,degC,OK,,,,,name=c5off1;source=esp32_die;cal=uncalibrated_board_proxy;api=temperatureRead;config_id=170b1c1e;transport=wifi_poll,
plants.soil,2026-07-27T23:57:09.809Z,2026-07-27 18:57:09.809,18781,2a89d4,8gtt1h,0.7.3,fleet_logger_0_1,553470035,UMLIFE_v2_TLC555,ch0,origplant,soil_moisture,1226,,,OK,,,983.6,,name=c5off1;level=overwatered;role=disp;spread=11;gpio=1;device_seq=73792;time_source=device_synced;device_timestamp_utc=2026-07-27T23:57:02.087Z;config_id=170b1c1e;rssi=-56;uptime_s=553470;heap=152388;cal_tier=board-cal;cal_src=wet_rederive_1236_20260719;pressure_context_source=weather_openmeteo;transport=wifi_poll,
plants.soil,2026-07-27T23:57:09.809Z,2026-07-27 18:57:09.809,18782,2a89d4,8gtt1h,0.7.3,fleet_logger_0_1,553470035,UMLIFE_v2_TLC555,ch1,origplant,soil_moisture,1360,,,OK,,,983.6,,name=c5off1;level=well watered;role=disp;spread=15;gpio=4;device_seq=73793;time_source=device_synced;device_timestamp_utc=2026-07-27T23:57:02.087Z;config_id=170b1c1e;rssi=-56;uptime_s=553470;heap=152388;cal_tier=board-cal;cal_src=wet_rederive_1236_20260719;pressure_context_source=weather_openmeteo;transport=wifi_poll,
plants.soil,2026-07-27T23:57:09.809Z,2026-07-27 18:57:09.809,18783,2a89d4,8gtt1h,0.7.3,fleet_logger_0_1,553470035,UMLIFE_v2_TLC555,ch2,origplant,soil_moisture,1204,,,OK,,,983.6,,name=c5off1;level=overwatered;role=disp;spread=21;gpio=5;device_seq=73794;time_source=device_synced;device_timestamp_utc=2026-07-27T23:57:02.087Z;config_id=170b1c1e;rssi=-56;uptime_s=553470;heap=152388;cal_tier=board-cal;cal_src=wet_rederive_1236_20260719;pressure_context_source=weather_openmeteo;transport=wifi_poll,
plants.soil,2026-07-27T23:57:09.809Z,2026-07-27 18:57:09.809,18784,2a89d4,8gtt1h,0.7.3,fleet_logger_0_1,553470035,UMLIFE_v2_TLC555,ch3,origplant,soil_moisture,1601,,,OK,,,983.6,,name=c5off1;level=OK;role=disp;spread=19;gpio=6;device_seq=73795;time_source=device_synced;device_timestamp_utc=2026-07-27T23:57:02.087Z;config_id=170b1c1e;rssi=-56;uptime_s=553470;heap=152388;cal_tier=board-cal;cal_src=wet_rederive_1236_20260719;pressure_context_source=weather_openmeteo;transport=wifi_poll,
plants.env,2026-07-27T23:57:09.809Z,2026-07-27 18:57:09.809,18785,2a89d4,8gtt1h,0.7.3,fleet_logger_0_1,553470719,ESP32,esp32_die,on_chip,die_temp,,24.70,degC,OK,,,,,name=c5off1;source=esp32_die;cal=uncalibrated_board_proxy;api=temperatureRead;config_id=170b1c1e;transport=wifi_poll,
plants.soil,2026-07-27T23:57:40.213Z,2026-07-27 18:57:40.213,18786,2a89d4,8gtt1h,0.7.3,fleet_logger_0_1,553500035,UMLIFE_v2_TLC555,ch0,origplant,soil_moisture,1227,,,OK,,,983.6,,name=c5off1;level=overwatered;role=disp;spread=12;gpio=1;device_seq=73796;time_source=device_synced;device_timestamp_utc=2026-07-27T23:57:32.087Z;config_id=170b1c1e;rssi=-57;uptime_s=553500;heap=152656;cal_tier=board-cal;cal_src=wet_rederive_1236_20260719;pressure_context_source=weather_openmeteo;transport=wifi_poll,
plants.soil,2026-07-27T23:57:40.213Z,2026-07-27 18:57:40.213,18787,2a89d4,8gtt1h,0.7.3,fleet_logger_0_1,553500035,UMLIFE_v2_TLC555,ch1,origplant,soil_moisture,1360,,,OK,,,983.6,,name=c5off1;level=well watered;role=disp;spread=6;gpio=4;device_seq=73797;time_source=device_synced;device_timestamp_utc=2026-07-27T23:57:32.087Z;config_id=170b1c1e;rssi=-57;uptime_s=553500;heap=152656;cal_tier=board-cal;cal_src=wet_rederive_1236_20260719;pressure_context_source=weather_openmeteo;transport=wifi_poll,
plants.soil,2026-07-27T23:57:40.213Z,2026-07-27 18:57:40.213,18788,2a89d4,8gtt1h,0.7.3,fleet_logger_0_1,553500035,UMLIFE_v2_TLC555,ch2,origplant,soil_moisture,1205,,,OK,,,983.6,,name=c5off1;level=overwatered;role=disp;spread=12;gpio=5;device_seq=73798;time_source=device_synced;device_timestamp_utc=2026-07-27T23:57:32.087Z;config_id=170b1c1e;rssi=-57;uptime_s=553500;heap=152656;cal_tier=board-cal;cal_src=wet_rederive_1236_20260719;pressure_context_source=weather_openmeteo;transport=wifi_poll,
plants.soil,2026-07-27T23:57:40.213Z,2026-07-27 18:57:40.213,18789,2a89d4,8gtt1h,0.7.3,fleet_logger_0_1,553500035,UMLIFE_v2_TLC555,ch3,origplant,soil_moisture,1601,,,OK,,,983.6,,name=c5off1;level=OK;role=disp;spread=19;gpio=6;device_seq=73799;time_source=device_synced;device_timestamp_utc=2026-07-27T23:57:32.087Z;config_id=170b1c1e;rssi=-57;uptime_s=553500;heap=152656;cal_tier=board-cal;cal_src=wet_rederive_1236_20260719;pressure_context_source=weather_openmeteo;transport=wifi_poll,
plants.env,2026-07-27T23:57:40.213Z,2026-07-27 18:57:40.213,18790,2a89d4,8gtt1h,0.7.3,fleet_logger_0_1,553500719,ESP32,esp32_die,on_chip,die_temp,,24.70,degC,OK,,,,,name=c5off1;source=esp32_die;cal=uncalibrated_board_proxy;api=temperatureRead;config_id=170b1c1e;transport=wifi_poll,
plants.soil,2026-07-27T23:58:11.052Z,2026-07-27 18:58:11.052,18791,2a89d4,8gtt1h,0.7.3,fleet_logger_0_1,553530035,UMLIFE_v2_TLC555,ch0,origplant,soil_moisture,1221,,,OK,,,983.6,,name=c5off1;level=overwatered;role=disp;spread=13;gpio=1;device_seq=73800;time_source=device_synced;device_timestamp_utc=2026-07-27T23:58:02.087Z;config_id=170b1c1e;rssi=-56;uptime_s=553530;heap=152656;cal_tier=board-cal;cal_src=wet_rederive_1236_20260719;pressure_context_source=weather_openmeteo;transport=wifi_poll,
plants.soil,2026-07-27T23:58:11.052Z,2026-07-27 18:58:11.052,18792,2a89d4,8gtt1h,0.7.3,fleet_logger_0_1,553530035,UMLIFE_v2_TLC555,ch1,origplant,soil_moisture,1359,,,OK,,,983.6,,name=c5off1;level=well watered;role=disp;spread=23;gpio=4;device_seq=73801;time_source=device_synced;device_timestamp_utc=2026-07-27T23:58:02.087Z;config_id=170b1c1e;rssi=-56;uptime_s=553530;heap=152656;cal_tier=board-cal;cal_src=wet_rederive_1236_20260719;pressure_context_source=weather_openmeteo;transport=wifi_poll,
plants.soil,2026-07-27T23:58:11.052Z,2026-07-27 18:58:11.052,18793,2a89d4,8gtt1h,0.7.3,fleet_logger_0_1,553530035,UMLIFE_v2_TLC555,ch2,origplant,soil_moisture,1207,,,OK,,,983.6,,name=c5off1;level=overwatered;role=disp;spread=18;gpio=5;device_seq=73802;time_source=device_synced;device_timestamp_utc=2026-07-27T23:58:02.087Z;config_id=170b1c1e;rssi=-56;uptime_s=553530;heap=152656;cal_tier=board-cal;cal_src=wet_rederive_1236_20260719;pressure_context_source=weather_openmeteo;transport=wifi_poll,
plants.soil,2026-07-27T23:58:11.052Z,2026-07-27 18:58:11.052,18794,2a89d4,8gtt1h,0.7.3,fleet_logger_0_1,553530035,UMLIFE_v2_TLC555,ch3,origplant,soil_moisture,1602,,,OK,,,983.6,,name=c5off1;level=OK;role=disp;spread=9;gpio=6;device_seq=73803;time_source=device_synced;device_timestamp_utc=2026-07-27T23:58:02.087Z;config_id=170b1c1e;rssi=-56;uptime_s=553530;heap=152656;cal_tier=board-cal;cal_src=wet_rederive_1236_20260719;pressure_context_source=weather_openmeteo;transport=wifi_poll,
plants.env,2026-07-27T23:58:11.052Z,2026-07-27 18:58:11.052,18795,2a89d4,8gtt1h,0.7.3,fleet_logger_0_1,553530720,ESP32,esp32_die,on_chip,die_temp,,24.70,degC,OK,,,,,name=c5off1;source=esp32_die;cal=uncalibrated_board_proxy;api=temperatureRead;config_id=170b1c1e;transport=wifi_poll,
plants.soil,2026-07-27T23:58:41.449Z,2026-07-27 18:58:41.449,18796,2a89d4,8gtt1h,0.7.3,fleet_logger_0_1,553560035,UMLIFE_v2_TLC555,ch0,origplant,soil_moisture,1210,,,OK,,,983.6,,name=c5off1;level=overwatered;role=disp;spread=22;gpio=1;device_seq=73804;time_source=device_synced;device_timestamp_utc=2026-07-27T23:58:32.087Z;config_id=170b1c1e;rssi=-60;uptime_s=553560;heap=152656;cal_tier=board-cal;cal_src=wet_rederive_1236_20260719;pressure_context_source=weather_openmeteo;transport=wifi_poll,
plants.soil,2026-07-27T23:58:41.449Z,2026-07-27 18:58:41.449,18797,2a89d4,8gtt1h,0.7.3,fleet_logger_0_1,553560035,UMLIFE_v2_TLC555,ch1,origplant,soil_moisture,1341,,,OK,,,983.6,,name=c5off1;level=well watered;role=disp;spread=28;gpio=4;device_seq=73805;time_source=device_synced;device_timestamp_utc=2026-07-27T23:58:32.087Z;config_id=170b1c1e;rssi=-60;uptime_s=553560;heap=152656;cal_tier=board-cal;cal_src=wet_rederive_1236_20260719;pressure_context_source=weather_openmeteo;transport=wifi_poll,
plants.soil,2026-07-27T23:58:41.449Z,2026-07-27 18:58:41.449,18798,2a89d4,8gtt1h,0.7.3,fleet_logger_0_1,553560035,UMLIFE_v2_TLC555,ch2,origplant,soil_moisture,1204,,,OK,,,983.6,,name=c5off1;level=overwatered;role=disp;spread=22;gpio=5;device_seq=73806;time_source=device_synced;device_timestamp_utc=2026-07-27T23:58:32.087Z;config_id=170b1c1e;rssi=-60;uptime_s=553560;heap=152656;cal_tier=board-cal;cal_src=wet_rederive_1236_20260719;pressure_context_source=weather_openmeteo;transport=wifi_poll,
plants.soil,2026-07-27T23:58:41.449Z,2026-07-27 18:58:41.449,18799,2a89d4,8gtt1h,0.7.3,fleet_logger_0_1,553560035,UMLIFE_v2_TLC555,ch3,origplant,soil_moisture,1593,,,OK,,,983.6,,name=c5off1;level=OK;role=disp;spread=27;gpio=6;device_seq=73807;time_source=device_synced;device_timestamp_utc=2026-07-27T23:58:32.087Z;config_id=170b1c1e;rssi=-60;uptime_s=553560;heap=152656;cal_tier=board-cal;cal_src=wet_rederive_1236_20260719;pressure_context_source=weather_openmeteo;transport=wifi_poll,
plants.env,2026-07-27T23:58:41.449Z,2026-07-27 18:58:41.449,18800,2a89d4,8gtt1h,0.7.3,fleet_logger_0_1,553560719,ESP32,esp32_die,on_chip,die_temp,,24.70,degC,OK,,,,,name=c5off1;source=esp32_die;cal=uncalibrated_board_proxy;api=temperatureRead;config_id=170b1c1e;transport=wifi_poll,
plants.soil,2026-07-27T23:59:11.765Z,2026-07-27 18:59:11.765,18801,2a89d4,8gtt1h,0.7.3,fleet_logger_0_1,553590035,UMLIFE_v2_TLC555,ch0,origplant,soil_moisture,1220,,,OK,,,983.6,,name=c5off1;level=overwatered;role=disp;spread=11;gpio=1;device_seq=73808;time_source=device_synced;device_timestamp_utc=2026-07-27T23:59:02.087Z;config_id=170b1c1e;rssi=-56;uptime_s=553590;heap=152644;cal_tier=board-cal;cal_src=wet_rederive_1236_20260719;pressure_context_source=weather_openmeteo;transport=wifi_poll,
plants.soil,2026-07-27T23:59:11.765Z,2026-07-27 18:59:11.765,18802,2a89d4,8gtt1h,0.7.3,fleet_logger_0_1,553590035,UMLIFE_v2_TLC555,ch1,origplant,soil_moisture,1360,,,OK,,,983.6,,name=c5off1;level=well watered;role=disp;spread=17;gpio=4;device_seq=73809;time_source=device_synced;device_timestamp_utc=2026-07-27T23:59:02.087Z;config_id=170b1c1e;rssi=-56;uptime_s=553590;heap=152644;cal_tier=board-cal;cal_src=wet_rederive_1236_20260719;pressure_context_source=weather_openmeteo;transport=wifi_poll,
plants.soil,2026-07-27T23:59:11.765Z,2026-07-27 18:59:11.765,18803,2a89d4,8gtt1h,0.7.3,fleet_logger_0_1,553590035,UMLIFE_v2_TLC555,ch2,origplant,soil_moisture,1203,,,OK,,,983.6,,name=c5off1;level=overwatered;role=disp;spread=20;gpio=5;device_seq=73810;time_source=device_synced;device_timestamp_utc=2026-07-27T23:59:02.087Z;config_id=170b1c1e;rssi=-56;uptime_s=553590;heap=152644;cal_tier=board-cal;cal_src=wet_rederive_1236_20260719;pressure_context_source=weather_openmeteo;transport=wifi_poll,
plants.soil,2026-07-27T23:59:11.765Z,2026-07-27 18:59:11.765,18804,2a89d4,8gtt1h,0.7.3,fleet_logger_0_1,553590035,UMLIFE_v2_TLC555,ch3,origplant,soil_moisture,1600,,,OK,,,983.6,,name=c5off1;level=OK;role=disp;spread=32;gpio=6;device_seq=73811;time_source=device_synced;device_timestamp_utc=2026-07-27T23:59:02.087Z;config_id=170b1c1e;rssi=-56;uptime_s=553590;heap=152644;cal_tier=board-cal;cal_src=wet_rederive_1236_20260719;pressure_context_source=weather_openmeteo;transport=wifi_poll,
plants.env,2026-07-27T23:59:11.765Z,2026-07-27 18:59:11.765,18805,2a89d4,8gtt1h,0.7.3,fleet_logger_0_1,553590719,ESP32,esp32_die,on_chip,die_temp,,24.70,degC,OK,,,,,name=c5off1;source=esp32_die;cal=uncalibrated_board_proxy;api=temperatureRead;config_id=170b1c1e;transport=wifi_poll,
plants.soil,2026-07-27T23:59:42.589Z,2026-07-27 18:59:42.589,18806,2a89d4,8gtt1h,0.7.3,fleet_logger_0_1,553620035,UMLIFE_v2_TLC555,ch0,origplant,soil_moisture,1214,,,OK,,,983.6,,name=c5off1;level=overwatered;role=disp;spread=13;gpio=1;device_seq=73812;time_source=device_synced;device_timestamp_utc=2026-07-27T23:59:32.087Z;config_id=170b1c1e;rssi=-57;uptime_s=553620;heap=152388;cal_tier=board-cal;cal_src=wet_rederive_1236_20260719;pressure_context_source=weather_openmeteo;transport=wifi_poll,
plants.soil,2026-07-27T23:59:42.589Z,2026-07-27 18:59:42.589,18807,2a89d4,8gtt1h,0.7.3,fleet_logger_0_1,553620035,UMLIFE_v2_TLC555,ch1,origplant,soil_moisture,1355,,,OK,,,983.6,,name=c5off1;level=well watered;role=disp;spread=22;gpio=4;device_seq=73813;time_source=device_synced;device_timestamp_utc=2026-07-27T23:59:32.087Z;config_id=170b1c1e;rssi=-57;uptime_s=553620;heap=152388;cal_tier=board-cal;cal_src=wet_rederive_1236_20260719;pressure_context_source=weather_openmeteo;transport=wifi_poll,
plants.soil,2026-07-27T23:59:42.589Z,2026-07-27 18:59:42.589,18808,2a89d4,8gtt1h,0.7.3,fleet_logger_0_1,553620035,UMLIFE_v2_TLC555,ch2,origplant,soil_moisture,1205,,,OK,,,983.6,,name=c5off1;level=overwatered;role=disp;spread=16;gpio=5;device_seq=73814;time_source=device_synced;device_timestamp_utc=2026-07-27T23:59:32.087Z;config_id=170b1c1e;rssi=-57;uptime_s=553620;heap=152388;cal_tier=board-cal;cal_src=wet_rederive_1236_20260719;pressure_context_source=weather_openmeteo;transport=wifi_poll,
plants.soil,2026-07-27T23:59:42.589Z,2026-07-27 18:59:42.589,18809,2a89d4,8gtt1h,0.7.3,fleet_logger_0_1,553620035,UMLIFE_v2_TLC555,ch3,origplant,soil_moisture,1602,,,OK,,,983.6,,name=c5off1;level=OK;role=disp;spread=24;gpio=6;device_seq=73815;time_source=device_synced;device_timestamp_utc=2026-07-27T23:59:32.087Z;config_id=170b1c1e;rssi=-57;uptime_s=553620;heap=152388;cal_tier=board-cal;cal_src=wet_rederive_1236_20260719;pressure_context_source=weather_openmeteo;transport=wifi_poll,
plants.env,2026-07-27T23:59:42.589Z,2026-07-27 18:59:42.589,18810,2a89d4,8gtt1h,0.7.3,fleet_logger_0_1,553620719,ESP32,esp32_die,on_chip,die_temp,,24.70,degC,OK,,,,,name=c5off1;source=esp32_die;cal=uncalibrated_board_proxy;api=temperatureRead;config_id=170b1c1e;transport=wifi_poll,
