plants.soil,2026-07-28T03:43:08.855Z,2026-07-27 22:43:08.855,20941,6762df,y9d41p,0.7.3,fleet_logger_0_1,567060038,UMLIFE_v2_TLC555,ch0,origplant,soil_moisture,1572,,,OK,,,983.0,,name=classic;level=well watered;role=disp;spread=56;gpio=36;device_seq=75604;time_source=device_synced;device_timestamp_utc=2026-07-28T03:42:48.648Z;config_id=257fa022;rssi=-70;uptime_s=567060;heap=195904;cal_tier=channel-cal;cal_src=wet_rederive_1236_20260719;pressure_context_source=weather_openmeteo;transport=wifi_poll,
plants.soil,2026-07-28T03:43:08.855Z,2026-07-27 22:43:08.855,20942,6762df,y9d41p,0.7.3,fleet_logger_0_1,567060038,UMLIFE_v2_TLC555,ch1,origplant,soil_moisture,1670,,,OK,,,983.0,,name=classic;level=OK;role=disp;spread=26;gpio=39;device_seq=75605;time_source=device_synced;device_timestamp_utc=2026-07-28T03:42:48.648Z;config_id=257fa022;rssi=-70;uptime_s=567060;heap=195904;cal_tier=channel-cal;cal_src=wet_rederive_1236_20260719;pressure_context_source=weather_openmeteo;transport=wifi_poll,
plants.soil,2026-07-28T03:43:08.855Z,2026-07-27 22:43:08.855,20943,6762df,y9d41p,0.7.3,fleet_logger_0_1,567060038,UMLIFE_v2_TLC555,ch2,origplant,soil_moisture,1364,,,OK,,,983.0,,name=classic;level=overwatered;role=disp;spread=29;gpio=34;device_seq=75606;time_source=device_synced;device_timestamp_utc=2026-07-28T03:42:48.648Z;config_id=257fa022;rssi=-70;uptime_s=567060;heap=195904;cal_tier=channel-cal;cal_src=wet_rederive_1236_20260719;pressure_context_source=weather_openmeteo;transport=wifi_poll,
plants.soil,2026-07-28T03:43:08.855Z,2026-07-27 22:43:08.855,20944,6762df,y9d41p,0.7.3,fleet_logger_0_1,567060038,UMLIFE_v2_TLC555,ch3,origplant,soil_moisture,1450,,,OK,,,983.0,,name=classic;level=well watered;role=disp;spread=30;gpio=35;device_seq=75607;time_source=device_synced;device_timestamp_utc=2026-07-28T03:42:48.648Z;config_id=257fa022;rssi=-70;uptime_s=567060;heap=195904;cal_tier=channel-cal;cal_src=wet_rederive_1236_20260719;pressure_context_source=weather_openmeteo;transport=wifi_poll,
plants.env,2026-07-28T03:43:08.855Z,2026-07-27 22:43:08.855,20945,6762df,y9d41p,0.7.3,fleet_logger_0_1,567060794,ESP32,esp32_die,on_chip,die_temp,,52.22,degC,OK,,,,,name=classic;source=esp32_die;cal=uncalibrated_board_proxy;api=temperatureRead;config_id=257fa022;transport=wifi_poll,
plants.soil,2026-07-28T03:43:39.270Z,2026-07-27 22:43:39.270,20946,6762df,y9d41p,0.7.3,fleet_logger_0_1,567090038,UMLIFE_v2_TLC555,ch0,origplant,soil_moisture,1572,,,OK,,,983.0,,name=classic;level=well watered;role=disp;spread=16;gpio=36;device_seq=75608;time_source=device_synced;device_timestamp_utc=2026-07-28T03:43:18.648Z;config_id=257fa022;rssi=-53;uptime_s=567090;heap=195892;cal_tier=channel-cal;cal_src=wet_rederive_1236_20260719;pressure_context_source=weather_openmeteo;transport=wifi_poll,
plants.soil,2026-07-28T03:43:39.270Z,2026-07-27 22:43:39.270,20947,6762df,y9d41p,0.7.3,fleet_logger_0_1,567090038,UMLIFE_v2_TLC555,ch1,origplant,soil_moisture,1673,,,OK,,,983.0,,name=classic;level=OK;role=disp;spread=43;gpio=39;device_seq=75609;time_source=device_synced;device_timestamp_utc=2026-07-28T03:43:18.648Z;config_id=257fa022;rssi=-53;uptime_s=567090;heap=195892;cal_tier=channel-cal;cal_src=wet_rederive_1236_20260719;pressure_context_source=weather_openmeteo;transport=wifi_poll,
plants.soil,2026-07-28T03:43:39.270Z,2026-07-27 22:43:39.270,20948,6762df,y9d41p,0.7.3,fleet_logger_0_1,567090038,UMLIFE_v2_TLC555,ch2,origplant,soil_moisture,1361,,,OK,,,983.0,,name=classic;level=overwatered;role=disp;spread=23;gpio=34;device_seq=75610;time_source=device_synced;device_timestamp_utc=2026-07-28T03:43:18.648Z;config_id=257fa022;rssi=-53;uptime_s=567090;heap=195892;cal_tier=channel-cal;cal_src=wet_rederive_1236_20260719;pressure_context_source=weather_openmeteo;transport=wifi_poll,
plants.soil,2026-07-28T03:43:39.270Z,2026-07-27 22:43:39.270,20949,6762df,y9d41p,0.7.3,fleet_logger_0_1,567090038,UMLIFE_v2_TLC555,ch3,origplant,soil_moisture,1445,,,OK,,,983.0,,name=classic;level=well watered;role=disp;spread=8;gpio=35;device_seq=75611;time_source=device_synced;device_timestamp_utc=2026-07-28T03:43:18.648Z;config_id=257fa022;rssi=-53;uptime_s=567090;heap=195892;cal_tier=channel-cal;cal_src=wet_rederive_1236_20260719;pressure_context_source=weather_openmeteo;transport=wifi_poll,
plants.env,2026-07-28T03:43:39.270Z,2026-07-27 22:43:39.270,20950,6762df,y9d41p,0.7.3,fleet_logger_0_1,567090794,ESP32,esp32_die,on_chip,die_temp,,52.22,degC,OK,,,,,name=classic;source=esp32_die;cal=uncalibrated_board_proxy;api=temperatureRead;config_id=257fa022;transport=wifi_poll,
plants.soil,2026-07-28T03:44:09.783Z,2026-07-27 22:44:09.783,20951,6762df,y9d41p,0.7.3,fleet_logger_0_1,567120038,UMLIFE_v2_TLC555,ch0,origplant,soil_moisture,1574,,,OK,,,983.0,,name=classic;level=well watered;role=disp;spread=55;gpio=36;device_seq=75612;time_source=device_synced;device_timestamp_utc=2026-07-28T03:43:48.648Z;config_id=257fa022;rssi=-53;uptime_s=567120;heap=195892;cal_tier=channel-cal;cal_src=wet_rederive_1236_20260719;pressure_context_source=weather_openmeteo;transport=wifi_poll,
plants.soil,2026-07-28T03:44:09.783Z,2026-07-27 22:44:09.783,20952,6762df,y9d41p,0.7.3,fleet_logger_0_1,567120038,UMLIFE_v2_TLC555,ch1,origplant,soil_moisture,1674,,,OK,,,983.0,,name=classic;level=OK;role=disp;spread=26;gpio=39;device_seq=75613;time_source=device_synced;device_timestamp_utc=2026-07-28T03:43:48.648Z;config_id=257fa022;rssi=-53;uptime_s=567120;heap=195892;cal_tier=channel-cal;cal_src=wet_rederive_1236_20260719;pressure_context_source=weather_openmeteo;transport=wifi_poll,
plants.soil,2026-07-28T03:44:09.783Z,2026-07-27 22:44:09.783,20953,6762df,y9d41p,0.7.3,fleet_logger_0_1,567120038,UMLIFE_v2_TLC555,ch2,origplant,soil_moisture,1359,,,OK,,,983.0,,name=classic;level=overwatered;role=disp;spread=34;gpio=34;device_seq=75614;time_source=device_synced;device_timestamp_utc=2026-07-28T03:43:48.648Z;config_id=257fa022;rssi=-53;uptime_s=567120;heap=195892;cal_tier=channel-cal;cal_src=wet_rederive_1236_20260719;pressure_context_source=weather_openmeteo;transport=wifi_poll,
plants.soil,2026-07-28T03:44:09.783Z,2026-07-27 22:44:09.783,20954,6762df,y9d41p,0.7.3,fleet_logger_0_1,567120038,UMLIFE_v2_TLC555,ch3,origplant,soil_moisture,1440,,,OK,,,983.0,,name=classic;level=well watered;role=disp;spread=15;gpio=35;device_seq=75615;time_source=device_synced;device_timestamp_utc=2026-07-28T03:43:48.648Z;config_id=257fa022;rssi=-53;uptime_s=567120;heap=195892;cal_tier=channel-cal;cal_src=wet_rederive_1236_20260719;pressure_context_source=weather_openmeteo;transport=wifi_poll,
plants.env,2026-07-28T03:44:09.783Z,2026-07-27 22:44:09.783,20955,6762df,y9d41p,0.7.3,fleet_logger_0_1,567120794,ESP32,esp32_die,on_chip,die_temp,,51.67,degC,OK,,,,,name=classic;source=esp32_die;cal=uncalibrated_board_proxy;api=temperatureRead;config_id=257fa022;transport=wifi_poll,
plants.soil,2026-07-28T03:44:40.197Z,2026-07-27 22:44:40.197,20956,6762df,y9d41p,0.7.3,fleet_logger_0_1,567150038,UMLIFE_v2_TLC555,ch0,origplant,soil_moisture,1571,,,OK,,,983.0,,name=classic;level=well watered;role=disp;spread=31;gpio=36;device_seq=75616;time_source=device_synced;device_timestamp_utc=2026-07-28T03:44:18.648Z;config_id=257fa022;rssi=-54;uptime_s=567150;heap=195592;cal_tier=channel-cal;cal_src=wet_rederive_1236_20260719;pressure_context_source=weather_openmeteo;transport=wifi_poll,
plants.soil,2026-07-28T03:44:40.197Z,2026-07-27 22:44:40.197,20957,6762df,y9d41p,0.7.3,fleet_logger_0_1,567150038,UMLIFE_v2_TLC555,ch1,origplant,soil_moisture,1669,,,OK,,,983.0,,name=classic;level=OK;role=disp;spread=23;gpio=39;device_seq=75617;time_source=device_synced;device_timestamp_utc=2026-07-28T03:44:18.648Z;config_id=257fa022;rssi=-54;uptime_s=567150;heap=195592;cal_tier=channel-cal;cal_src=wet_rederive_1236_20260719;pressure_context_source=weather_openmeteo;transport=wifi_poll,
plants.soil,2026-07-28T03:44:40.197Z,2026-07-27 22:44:40.197,20958,6762df,y9d41p,0.7.3,fleet_logger_0_1,567150038,UMLIFE_v2_TLC555,ch2,origplant,soil_moisture,1364,,,OK,,,983.0,,name=classic;level=overwatered;role=disp;spread=31;gpio=34;device_seq=75618;time_source=device_synced;device_timestamp_utc=2026-07-28T03:44:18.648Z;config_id=257fa022;rssi=-54;uptime_s=567150;heap=195592;cal_tier=channel-cal;cal_src=wet_rederive_1236_20260719;pressure_context_source=weather_openmeteo;transport=wifi_poll,
plants.soil,2026-07-28T03:44:40.197Z,2026-07-27 22:44:40.197,20959,6762df,y9d41p,0.7.3,fleet_logger_0_1,567150038,UMLIFE_v2_TLC555,ch3,origplant,soil_moisture,1444,,,OK,,,983.0,,name=classic;level=well watered;role=disp;spread=5;gpio=35;device_seq=75619;time_source=device_synced;device_timestamp_utc=2026-07-28T03:44:18.648Z;config_id=257fa022;rssi=-54;uptime_s=567150;heap=195592;cal_tier=channel-cal;cal_src=wet_rederive_1236_20260719;pressure_context_source=weather_openmeteo;transport=wifi_poll,
plants.env,2026-07-28T03:44:40.197Z,2026-07-27 22:44:40.197,20960,6762df,y9d41p,0.7.3,fleet_logger_0_1,567150794,ESP32,esp32_die,on_chip,die_temp,,52.22,degC,OK,,,,,name=classic;source=esp32_die;cal=uncalibrated_board_proxy;api=temperatureRead;config_id=257fa022;transport=wifi_poll,
plants.soil,2026-07-28T03:45:10.915Z,2026-07-27 22:45:10.915,20961,6762df,y9d41p,0.7.3,fleet_logger_0_1,567180038,UMLIFE_v2_TLC555,ch0,origplant,soil_moisture,1574,,,OK,,,983.0,,name=classic;level=well watered;role=disp;spread=23;gpio=36;device_seq=75620;time_source=device_synced;device_timestamp_utc=2026-07-28T03:44:48.648Z;config_id=257fa022;rssi=-55;uptime_s=567180;heap=195624;cal_tier=channel-cal;cal_src=wet_rederive_1236_20260719;pressure_context_source=weather_openmeteo;transport=wifi_poll,
plants.soil,2026-07-28T03:45:10.915Z,2026-07-27 22:45:10.915,20962,6762df,y9d41p,0.7.3,fleet_logger_0_1,567180038,UMLIFE_v2_TLC555,ch1,origplant,soil_moisture,1675,,,OK,,,983.0,,name=classic;level=OK;role=disp;spread=28;gpio=39;device_seq=75621;time_source=device_synced;device_timestamp_utc=2026-07-28T03:44:48.648Z;config_id=257fa022;rssi=-55;uptime_s=567180;heap=195624;cal_tier=channel-cal;cal_src=wet_rederive_1236_20260719;pressure_context_source=weather_openmeteo;transport=wifi_poll,
plants.soil,2026-07-28T03:45:10.915Z,2026-07-27 22:45:10.915,20963,6762df,y9d41p,0.7.3,fleet_logger_0_1,567180038,UMLIFE_v2_TLC555,ch2,origplant,soil_moisture,1357,,,OK,,,983.0,,name=classic;level=overwatered;role=disp;spread=30;gpio=34;device_seq=75622;time_source=device_synced;device_timestamp_utc=2026-07-28T03:44:48.648Z;config_id=257fa022;rssi=-55;uptime_s=567180;heap=195624;cal_tier=channel-cal;cal_src=wet_rederive_1236_20260719;pressure_context_source=weather_openmeteo;transport=wifi_poll,
plants.soil,2026-07-28T03:45:10.915Z,2026-07-27 22:45:10.915,20964,6762df,y9d41p,0.7.3,fleet_logger_0_1,567180038,UMLIFE_v2_TLC555,ch3,origplant,soil_moisture,1443,,,OK,,,983.0,,name=classic;level=well watered;role=disp;spread=21;gpio=35;device_seq=75623;time_source=device_synced;device_timestamp_utc=2026-07-28T03:44:48.648Z;config_id=257fa022;rssi=-55;uptime_s=567180;heap=195624;cal_tier=channel-cal;cal_src=wet_rederive_1236_20260719;pressure_context_source=weather_openmeteo;transport=wifi_poll,
plants.env,2026-07-28T03:45:10.915Z,2026-07-27 22:45:10.915,20965,6762df,y9d41p,0.7.3,fleet_logger_0_1,567180794,ESP32,esp32_die,on_chip,die_temp,,52.22,degC,OK,,,,,name=classic;source=esp32_die;cal=uncalibrated_board_proxy;api=temperatureRead;config_id=257fa022;transport=wifi_poll,
plants.soil,2026-07-28T03:45:44.587Z,2026-07-27 22:45:44.587,20966,6762df,y9d41p,0.7.3,fleet_logger_0_1,567210038,UMLIFE_v2_TLC555,ch0,origplant,soil_moisture,1570,,,OK,,,983.0,,name=classic;level=well watered;role=disp;spread=27;gpio=36;device_seq=75624;time_source=device_synced;device_timestamp_utc=2026-07-28T03:45:18.648Z;config_id=257fa022;rssi=-53;uptime_s=567210;heap=195896;cal_tier=channel-cal;cal_src=wet_rederive_1236_20260719;pressure_context_source=weather_openmeteo;transport=wifi_poll,
plants.soil,2026-07-28T03:45:44.587Z,2026-07-27 22:45:44.587,20967,6762df,y9d41p,0.7.3,fleet_logger_0_1,567210038,UMLIFE_v2_TLC555,ch1,origplant,soil_moisture,1673,,,OK,,,983.0,,name=classic;level=OK;role=disp;spread=46;gpio=39;device_seq=75625;time_source=device_synced;device_timestamp_utc=2026-07-28T03:45:18.648Z;config_id=257fa022;rssi=-53;uptime_s=567210;heap=195896;cal_tier=channel-cal;cal_src=wet_rederive_1236_20260719;pressure_context_source=weather_openmeteo;transport=wifi_poll,
plants.soil,2026-07-28T03:45:44.587Z,2026-07-27 22:45:44.587,20968,6762df,y9d41p,0.7.3,fleet_logger_0_1,567210038,UMLIFE_v2_TLC555,ch2,origplant,soil_moisture,1362,,,OK,,,983.0,,name=classic;level=overwatered;role=disp;spread=43;gpio=34;device_seq=75626;time_source=device_synced;device_timestamp_utc=2026-07-28T03:45:18.648Z;config_id=257fa022;rssi=-53;uptime_s=567210;heap=195896;cal_tier=channel-cal;cal_src=wet_rederive_1236_20260719;pressure_context_source=weather_openmeteo;transport=wifi_poll,
plants.soil,2026-07-28T03:45:44.587Z,2026-07-27 22:45:44.587,20969,6762df,y9d41p,0.7.3,fleet_logger_0_1,567210038,UMLIFE_v2_TLC555,ch3,origplant,soil_moisture,1444,,,OK,,,983.0,,name=classic;level=well watered;role=disp;spread=17;gpio=35;device_seq=75627;time_source=device_synced;device_timestamp_utc=2026-07-28T03:45:18.648Z;config_id=257fa022;rssi=-53;uptime_s=567210;heap=195896;cal_tier=channel-cal;cal_src=wet_rederive_1236_20260719;pressure_context_source=weather_openmeteo;transport=wifi_poll,
plants.env,2026-07-28T03:45:44.587Z,2026-07-27 22:45:44.587,20970,6762df,y9d41p,0.7.3,fleet_logger_0_1,567210794,ESP32,esp32_die,on_chip,die_temp,,52.22,degC,OK,,,,,name=classic;source=esp32_die;cal=uncalibrated_board_proxy;api=temperatureRead;config_id=257fa022;transport=wifi_poll,
plants.soil,2026-07-28T03:46:15.223Z,2026-07-27 22:46:15.223,20971,6762df,y9d41p,0.7.3,fleet_logger_0_1,567240038,UMLIFE_v2_TLC555,ch0,origplant,soil_moisture,1573,,,OK,,,983.0,,name=classic;level=well watered;role=disp;spread=24;gpio=36;device_seq=75628;time_source=device_synced;device_timestamp_utc=2026-07-28T03:45:48.648Z;config_id=257fa022;rssi=-54;uptime_s=567240;heap=195892;cal_tier=channel-cal;cal_src=wet_rederive_1236_20260719;pressure_context_source=weather_openmeteo;transport=wifi_poll,
plants.soil,2026-07-28T03:46:15.223Z,2026-07-27 22:46:15.223,20972,6762df,y9d41p,0.7.3,fleet_logger_0_1,567240038,UMLIFE_v2_TLC555,ch1,origplant,soil_moisture,1671,,,OK,,,983.0,,name=classic;level=OK;role=disp;spread=25;gpio=39;device_seq=75629;time_source=device_synced;device_timestamp_utc=2026-07-28T03:45:48.648Z;config_id=257fa022;rssi=-54;uptime_s=567240;heap=195892;cal_tier=channel-cal;cal_src=wet_rederive_1236_20260719;pressure_context_source=weather_openmeteo;transport=wifi_poll,
plants.soil,2026-07-28T03:46:15.223Z,2026-07-27 22:46:15.223,20973,6762df,y9d41p,0.7.3,fleet_logger_0_1,567240038,UMLIFE_v2_TLC555,ch2,origplant,soil_moisture,1362,,,OK,,,983.0,,name=classic;level=overwatered;role=disp;spread=12;gpio=34;device_seq=75630;time_source=device_synced;device_timestamp_utc=2026-07-28T03:45:48.648Z;config_id=257fa022;rssi=-54;uptime_s=567240;heap=195892;cal_tier=channel-cal;cal_src=wet_rederive_1236_20260719;pressure_context_source=weather_openmeteo;transport=wifi_poll,
plants.soil,2026-07-28T03:46:15.223Z,2026-07-27 22:46:15.223,20974,6762df,y9d41p,0.7.3,fleet_logger_0_1,567240038,UMLIFE_v2_TLC555,ch3,origplant,soil_moisture,1449,,,OK,,,983.0,,name=classic;level=well watered;role=disp;spread=7;gpio=35;device_seq=75631;time_source=device_synced;device_timestamp_utc=2026-07-28T03:45:48.648Z;config_id=257fa022;rssi=-54;uptime_s=567240;heap=195892;cal_tier=channel-cal;cal_src=wet_rederive_1236_20260719;pressure_context_source=weather_openmeteo;transport=wifi_poll,
plants.env,2026-07-28T03:46:15.223Z,2026-07-27 22:46:15.223,20975,6762df,y9d41p,0.7.3,fleet_logger_0_1,567240794,ESP32,esp32_die,on_chip,die_temp,,52.78,degC,OK,,,,,name=classic;source=esp32_die;cal=uncalibrated_board_proxy;api=temperatureRead;config_id=257fa022;transport=wifi_poll,
plants.soil,2026-07-28T03:46:45.738Z,2026-07-27 22:46:45.738,20976,6762df,y9d41p,0.7.3,fleet_logger_0_1,567270038,UMLIFE_v2_TLC555,ch0,origplant,soil_moisture,1574,,,OK,,,983.0,,name=classic;level=well watered;role=disp;spread=39;gpio=36;device_seq=75632;time_source=device_synced;device_timestamp_utc=2026-07-28T03:46:18.648Z;config_id=257fa022;rssi=-53;uptime_s=567270;heap=195904;cal_tier=channel-cal;cal_src=wet_rederive_1236_20260719;pressure_context_source=weather_openmeteo;transport=wifi_poll,
plants.soil,2026-07-28T03:46:45.738Z,2026-07-27 22:46:45.738,20977,6762df,y9d41p,0.7.3,fleet_logger_0_1,567270038,UMLIFE_v2_TLC555,ch1,origplant,soil_moisture,1673,,,OK,,,983.0,,name=classic;level=OK;role=disp;spread=21;gpio=39;device_seq=75633;time_source=device_synced;device_timestamp_utc=2026-07-28T03:46:18.648Z;config_id=257fa022;rssi=-53;uptime_s=567270;heap=195904;cal_tier=channel-cal;cal_src=wet_rederive_1236_20260719;pressure_context_source=weather_openmeteo;transport=wifi_poll,
plants.soil,2026-07-28T03:46:45.738Z,2026-07-27 22:46:45.738,20978,6762df,y9d41p,0.7.3,fleet_logger_0_1,567270038,UMLIFE_v2_TLC555,ch2,origplant,soil_moisture,1360,,,OK,,,983.0,,name=classic;level=overwatered;role=disp;spread=33;gpio=34;device_seq=75634;time_source=device_synced;device_timestamp_utc=2026-07-28T03:46:18.648Z;config_id=257fa022;rssi=-53;uptime_s=567270;heap=195904;cal_tier=channel-cal;cal_src=wet_rederive_1236_20260719;pressure_context_source=weather_openmeteo;transport=wifi_poll,
plants.soil,2026-07-28T03:46:45.738Z,2026-07-27 22:46:45.738,20979,6762df,y9d41p,0.7.3,fleet_logger_0_1,567270038,UMLIFE_v2_TLC555,ch3,origplant,soil_moisture,1449,,,OK,,,983.0,,name=classic;level=well watered;role=disp;spread=28;gpio=35;device_seq=75635;time_source=device_synced;device_timestamp_utc=2026-07-28T03:46:18.648Z;config_id=257fa022;rssi=-53;uptime_s=567270;heap=195904;cal_tier=channel-cal;cal_src=wet_rederive_1236_20260719;pressure_context_source=weather_openmeteo;transport=wifi_poll,
plants.env,2026-07-28T03:46:45.738Z,2026-07-27 22:46:45.738,20980,6762df,y9d41p,0.7.3,fleet_logger_0_1,567270794,ESP32,esp32_die,on_chip,die_temp,,52.22,degC,OK,,,,,name=classic;source=esp32_die;cal=uncalibrated_board_proxy;api=temperatureRead;config_id=257fa022;transport=wifi_poll,
plants.soil,2026-07-28T03:47:16.157Z,2026-07-27 22:47:16.157,20981,6762df,y9d41p,0.7.3,fleet_logger_0_1,567300039,UMLIFE_v2_TLC555,ch0,origplant,soil_moisture,1575,,,OK,,,983.0,,name=classic;level=well watered;role=disp;spread=19;gpio=36;device_seq=75636;time_source=device_synced;device_timestamp_utc=2026-07-28T03:46:48.649Z;config_id=257fa022;rssi=-53;uptime_s=567300;heap=195900;cal_tier=channel-cal;cal_src=wet_rederive_1236_20260719;pressure_context_source=weather_openmeteo;transport=wifi_poll,
plants.soil,2026-07-28T03:47:16.157Z,2026-07-27 22:47:16.157,20982,6762df,y9d41p,0.7.3,fleet_logger_0_1,567300039,UMLIFE_v2_TLC555,ch1,origplant,soil_moisture,1678,,,OK,,,983.0,,name=classic;level=OK;role=disp;spread=39;gpio=39;device_seq=75637;time_source=device_synced;device_timestamp_utc=2026-07-28T03:46:48.649Z;config_id=257fa022;rssi=-53;uptime_s=567300;heap=195900;cal_tier=channel-cal;cal_src=wet_rederive_1236_20260719;pressure_context_source=weather_openmeteo;transport=wifi_poll,
plants.soil,2026-07-28T03:47:16.157Z,2026-07-27 22:47:16.157,20983,6762df,y9d41p,0.7.3,fleet_logger_0_1,567300039,UMLIFE_v2_TLC555,ch2,origplant,soil_moisture,1359,,,OK,,,983.0,,name=classic;level=overwatered;role=disp;spread=32;gpio=34;device_seq=75638;time_source=device_synced;device_timestamp_utc=2026-07-28T03:46:48.649Z;config_id=257fa022;rssi=-53;uptime_s=567300;heap=195900;cal_tier=channel-cal;cal_src=wet_rederive_1236_20260719;pressure_context_source=weather_openmeteo;transport=wifi_poll,
plants.soil,2026-07-28T03:47:16.157Z,2026-07-27 22:47:16.157,20984,6762df,y9d41p,0.7.3,fleet_logger_0_1,567300039,UMLIFE_v2_TLC555,ch3,origplant,soil_moisture,1443,,,OK,,,983.0,,name=classic;level=well watered;role=disp;spread=12;gpio=35;device_seq=75639;time_source=device_synced;device_timestamp_utc=2026-07-28T03:46:48.649Z;config_id=257fa022;rssi=-53;uptime_s=567300;heap=195900;cal_tier=channel-cal;cal_src=wet_rederive_1236_20260719;pressure_context_source=weather_openmeteo;transport=wifi_poll,
plants.env,2026-07-28T03:47:16.157Z,2026-07-27 22:47:16.157,20985,6762df,y9d41p,0.7.3,fleet_logger_0_1,567300795,ESP32,esp32_die,on_chip,die_temp,,52.22,degC,OK,,,,,name=classic;source=esp32_die;cal=uncalibrated_board_proxy;api=temperatureRead;config_id=257fa022;transport=wifi_poll,
plants.soil,2026-07-28T03:47:46.567Z,2026-07-27 22:47:46.567,20986,6762df,y9d41p,0.7.3,fleet_logger_0_1,567330039,UMLIFE_v2_TLC555,ch0,origplant,soil_moisture,1573,,,OK,,,983.0,,name=classic;level=well watered;role=disp;spread=18;gpio=36;device_seq=75640;time_source=device_synced;device_timestamp_utc=2026-07-28T03:47:18.649Z;config_id=257fa022;rssi=-53;uptime_s=567330;heap=195640;cal_tier=channel-cal;cal_src=wet_rederive_1236_20260719;pressure_context_source=weather_openmeteo;transport=wifi_poll,
plants.soil,2026-07-28T03:47:46.567Z,2026-07-27 22:47:46.567,20987,6762df,y9d41p,0.7.3,fleet_logger_0_1,567330039,UMLIFE_v2_TLC555,ch1,origplant,soil_moisture,1675,,,OK,,,983.0,,name=classic;level=OK;role=disp;spread=25;gpio=39;device_seq=75641;time_source=device_synced;device_timestamp_utc=2026-07-28T03:47:18.649Z;config_id=257fa022;rssi=-53;uptime_s=567330;heap=195640;cal_tier=channel-cal;cal_src=wet_rederive_1236_20260719;pressure_context_source=weather_openmeteo;transport=wifi_poll,
plants.soil,2026-07-28T03:47:46.567Z,2026-07-27 22:47:46.567,20988,6762df,y9d41p,0.7.3,fleet_logger_0_1,567330039,UMLIFE_v2_TLC555,ch2,origplant,soil_moisture,1365,,,OK,,,983.0,,name=classic;level=overwatered;role=disp;spread=41;gpio=34;device_seq=75642;time_source=device_synced;device_timestamp_utc=2026-07-28T03:47:18.649Z;config_id=257fa022;rssi=-53;uptime_s=567330;heap=195640;cal_tier=channel-cal;cal_src=wet_rederive_1236_20260719;pressure_context_source=weather_openmeteo;transport=wifi_poll,
plants.soil,2026-07-28T03:47:46.567Z,2026-07-27 22:47:46.567,20989,6762df,y9d41p,0.7.3,fleet_logger_0_1,567330039,UMLIFE_v2_TLC555,ch3,origplant,soil_moisture,1440,,,OK,,,983.0,,name=classic;level=well watered;role=disp;spread=21;gpio=35;device_seq=75643;time_source=device_synced;device_timestamp_utc=2026-07-28T03:47:18.649Z;config_id=257fa022;rssi=-53;uptime_s=567330;heap=195640;cal_tier=channel-cal;cal_src=wet_rederive_1236_20260719;pressure_context_source=weather_openmeteo;transport=wifi_poll,
plants.env,2026-07-28T03:47:46.567Z,2026-07-27 22:47:46.567,20990,6762df,y9d41p,0.7.3,fleet_logger_0_1,567330795,ESP32,esp32_die,on_chip,die_temp,,52.78,degC,OK,,,,,name=classic;source=esp32_die;cal=uncalibrated_board_proxy;api=temperatureRead;config_id=257fa022;transport=wifi_poll,
plants.soil,2026-07-28T03:48:16.965Z,2026-07-27 22:48:16.965,20991,6762df,y9d41p,0.7.3,fleet_logger_0_1,567360039,UMLIFE_v2_TLC555,ch0,origplant,soil_moisture,1573,,,OK,,,983.0,,name=classic;level=well watered;role=disp;spread=52;gpio=36;device_seq=75644;time_source=device_synced;device_timestamp_utc=2026-07-28T03:47:48.649Z;config_id=257fa022;rssi=-53;uptime_s=567360;heap=195644;cal_tier=channel-cal;cal_src=wet_rederive_1236_20260719;pressure_context_source=weather_openmeteo;transport=wifi_poll,
plants.soil,2026-07-28T03:48:16.965Z,2026-07-27 22:48:16.965,20992,6762df,y9d41p,0.7.3,fleet_logger_0_1,567360039,UMLIFE_v2_TLC555,ch1,origplant,soil_moisture,1678,,,OK,,,983.0,,name=classic;level=OK;role=disp;spread=6;gpio=39;device_seq=75645;time_source=device_synced;device_timestamp_utc=2026-07-28T03:47:48.649Z;config_id=257fa022;rssi=-53;uptime_s=567360;heap=195644;cal_tier=channel-cal;cal_src=wet_rederive_1236_20260719;pressure_context_source=weather_openmeteo;transport=wifi_poll,
plants.soil,2026-07-28T03:48:16.965Z,2026-07-27 22:48:16.965,20993,6762df,y9d41p,0.7.3,fleet_logger_0_1,567360039,UMLIFE_v2_TLC555,ch2,origplant,soil_moisture,1359,,,OK,,,983.0,,name=classic;level=overwatered;role=disp;spread=23;gpio=34;device_seq=75646;time_source=device_synced;device_timestamp_utc=2026-07-28T03:47:48.649Z;config_id=257fa022;rssi=-53;uptime_s=567360;heap=195644;cal_tier=channel-cal;cal_src=wet_rederive_1236_20260719;pressure_context_source=weather_openmeteo;transport=wifi_poll,
plants.soil,2026-07-28T03:48:16.965Z,2026-07-27 22:48:16.965,20994,6762df,y9d41p,0.7.3,fleet_logger_0_1,567360039,UMLIFE_v2_TLC555,ch3,origplant,soil_moisture,1445,,,OK,,,983.0,,name=classic;level=well watered;role=disp;spread=9;gpio=35;device_seq=75647;time_source=device_synced;device_timestamp_utc=2026-07-28T03:47:48.649Z;config_id=257fa022;rssi=-53;uptime_s=567360;heap=195644;cal_tier=channel-cal;cal_src=wet_rederive_1236_20260719;pressure_context_source=weather_openmeteo;transport=wifi_poll,
plants.env,2026-07-28T03:48:16.965Z,2026-07-27 22:48:16.965,20995,6762df,y9d41p,0.7.3,fleet_logger_0_1,567360795,ESP32,esp32_die,on_chip,die_temp,,52.78,degC,OK,,,,,name=classic;source=esp32_die;cal=uncalibrated_board_proxy;api=temperatureRead;config_id=257fa022;transport=wifi_poll,
plants.soil,2026-07-28T03:48:47.390Z,2026-07-27 22:48:47.390,20996,6762df,y9d41p,0.7.3,fleet_logger_0_1,567390039,UMLIFE_v2_TLC555,ch0,origplant,soil_moisture,1571,,,OK,,,983.0,,name=classic;level=well watered;role=disp;spread=33;gpio=36;device_seq=75648;time_source=device_synced;device_timestamp_utc=2026-07-28T03:48:18.649Z;config_id=257fa022;rssi=-54;uptime_s=567390;heap=195904;cal_tier=channel-cal;cal_src=wet_rederive_1236_20260719;pressure_context_source=weather_openmeteo;transport=wifi_poll,
plants.soil,2026-07-28T03:48:47.390Z,2026-07-27 22:48:47.390,20997,6762df,y9d41p,0.7.3,fleet_logger_0_1,567390039,UMLIFE_v2_TLC555,ch1,origplant,soil_moisture,1670,,,OK,,,983.0,,name=classic;level=OK;role=disp;spread=34;gpio=39;device_seq=75649;time_source=device_synced;device_timestamp_utc=2026-07-28T03:48:18.649Z;config_id=257fa022;rssi=-54;uptime_s=567390;heap=195904;cal_tier=channel-cal;cal_src=wet_rederive_1236_20260719;pressure_context_source=weather_openmeteo;transport=wifi_poll,
plants.soil,2026-07-28T03:48:47.390Z,2026-07-27 22:48:47.390,20998,6762df,y9d41p,0.7.3,fleet_logger_0_1,567390039,UMLIFE_v2_TLC555,ch2,origplant,soil_moisture,1361,,,OK,,,983.0,,name=classic;level=overwatered;role=disp;spread=25;gpio=34;device_seq=75650;time_source=device_synced;device_timestamp_utc=2026-07-28T03:48:18.649Z;config_id=257fa022;rssi=-54;uptime_s=567390;heap=195904;cal_tier=channel-cal;cal_src=wet_rederive_1236_20260719;pressure_context_source=weather_openmeteo;transport=wifi_poll,
plants.soil,2026-07-28T03:48:47.390Z,2026-07-27 22:48:47.390,20999,6762df,y9d41p,0.7.3,fleet_logger_0_1,567390039,UMLIFE_v2_TLC555,ch3,origplant,soil_moisture,1449,,,OK,,,983.0,,name=classic;level=well watered;role=disp;spread=11;gpio=35;device_seq=75651;time_source=device_synced;device_timestamp_utc=2026-07-28T03:48:18.649Z;config_id=257fa022;rssi=-54;uptime_s=567390;heap=195904;cal_tier=channel-cal;cal_src=wet_rederive_1236_20260719;pressure_context_source=weather_openmeteo;transport=wifi_poll,
plants.env,2026-07-28T03:48:47.390Z,2026-07-27 22:48:47.390,21000,6762df,y9d41p,0.7.3,fleet_logger_0_1,567390795,ESP32,esp32_die,on_chip,die_temp,,52.78,degC,OK,,,,,name=classic;source=esp32_die;cal=uncalibrated_board_proxy;api=temperatureRead;config_id=257fa022;transport=wifi_poll,
plants.soil,2026-07-28T03:49:18.316Z,2026-07-27 22:49:18.316,21001,6762df,y9d41p,0.7.3,fleet_logger_0_1,567450039,UMLIFE_v2_TLC555,ch0,origplant,soil_moisture,1572,,,OK,,,983.0,,name=classic;level=well watered;role=disp;spread=59;gpio=36;device_seq=75656;time_source=device_synced;device_timestamp_utc=2026-07-28T03:49:18.649Z;config_id=257fa022;rssi=-54;uptime_s=567450;heap=196168;cal_tier=channel-cal;cal_src=wet_rederive_1236_20260719;pressure_context_source=weather_openmeteo;transport=wifi_poll,
plants.soil,2026-07-28T03:49:18.316Z,2026-07-27 22:49:18.316,21002,6762df,y9d41p,0.7.3,fleet_logger_0_1,567450039,UMLIFE_v2_TLC555,ch1,origplant,soil_moisture,1679,,,OK,,,983.0,,name=classic;level=OK;role=disp;spread=33;gpio=39;device_seq=75657;time_source=device_synced;device_timestamp_utc=2026-07-28T03:49:18.649Z;config_id=257fa022;rssi=-54;uptime_s=567450;heap=196168;cal_tier=channel-cal;cal_src=wet_rederive_1236_20260719;pressure_context_source=weather_openmeteo;transport=wifi_poll,
plants.soil,2026-07-28T03:49:18.316Z,2026-07-27 22:49:18.316,21003,6762df,y9d41p,0.7.3,fleet_logger_0_1,567450039,UMLIFE_v2_TLC555,ch2,origplant,soil_moisture,1357,,,OK,,,983.0,,name=classic;level=overwatered;role=disp;spread=21;gpio=34;device_seq=75658;time_source=device_synced;device_timestamp_utc=2026-07-28T03:49:18.649Z;config_id=257fa022;rssi=-54;uptime_s=567450;heap=196168;cal_tier=channel-cal;cal_src=wet_rederive_1236_20260719;pressure_context_source=weather_openmeteo;transport=wifi_poll,
plants.soil,2026-07-28T03:49:18.316Z,2026-07-27 22:49:18.316,21004,6762df,y9d41p,0.7.3,fleet_logger_0_1,567450039,UMLIFE_v2_TLC555,ch3,origplant,soil_moisture,1443,,,OK,,,983.0,,name=classic;level=well watered;role=disp;spread=19;gpio=35;device_seq=75659;time_source=device_synced;device_timestamp_utc=2026-07-28T03:49:18.649Z;config_id=257fa022;rssi=-54;uptime_s=567450;heap=196168;cal_tier=channel-cal;cal_src=wet_rederive_1236_20260719;pressure_context_source=weather_openmeteo;transport=wifi_poll,
plants.env,2026-07-28T03:49:18.316Z,2026-07-27 22:49:18.316,21005,6762df,y9d41p,0.7.3,fleet_logger_0_1,567450795,ESP32,esp32_die,on_chip,die_temp,,52.78,degC,OK,,,,,name=classic;source=esp32_die;cal=uncalibrated_board_proxy;api=temperatureRead;config_id=257fa022;transport=wifi_poll,
plants.soil,2026-07-28T03:49:48.728Z,2026-07-27 22:49:48.728,21006,6762df,y9d41p,0.7.3,fleet_logger_0_1,567480039,UMLIFE_v2_TLC555,ch0,origplant,soil_moisture,1576,,,OK,,,983.0,,name=classic;level=well watered;role=disp;spread=49;gpio=36;device_seq=75660;time_source=device_synced;device_timestamp_utc=2026-07-28T03:49:48.649Z;config_id=257fa022;rssi=-53;uptime_s=567480;heap=196156;cal_tier=channel-cal;cal_src=wet_rederive_1236_20260719;pressure_context_source=weather_openmeteo;transport=wifi_poll,
plants.soil,2026-07-28T03:49:48.728Z,2026-07-27 22:49:48.728,21007,6762df,y9d41p,0.7.3,fleet_logger_0_1,567480039,UMLIFE_v2_TLC555,ch1,origplant,soil_moisture,1679,,,OK,,,983.0,,name=classic;level=OK;role=disp;spread=50;gpio=39;device_seq=75661;time_source=device_synced;device_timestamp_utc=2026-07-28T03:49:48.649Z;config_id=257fa022;rssi=-53;uptime_s=567480;heap=196156;cal_tier=channel-cal;cal_src=wet_rederive_1236_20260719;pressure_context_source=weather_openmeteo;transport=wifi_poll,
plants.soil,2026-07-28T03:49:48.728Z,2026-07-27 22:49:48.728,21008,6762df,y9d41p,0.7.3,fleet_logger_0_1,567480039,UMLIFE_v2_TLC555,ch2,origplant,soil_moisture,1361,,,OK,,,983.0,,name=classic;level=overwatered;role=disp;spread=25;gpio=34;device_seq=75662;time_source=device_synced;device_timestamp_utc=2026-07-28T03:49:48.649Z;config_id=257fa022;rssi=-53;uptime_s=567480;heap=196156;cal_tier=channel-cal;cal_src=wet_rederive_1236_20260719;pressure_context_source=weather_openmeteo;transport=wifi_poll,
plants.soil,2026-07-28T03:49:48.728Z,2026-07-27 22:49:48.728,21009,6762df,y9d41p,0.7.3,fleet_logger_0_1,567480039,UMLIFE_v2_TLC555,ch3,origplant,soil_moisture,1445,,,OK,,,983.0,,name=classic;level=well watered;role=disp;spread=20;gpio=35;device_seq=75663;time_source=device_synced;device_timestamp_utc=2026-07-28T03:49:48.649Z;config_id=257fa022;rssi=-53;uptime_s=567480;heap=196156;cal_tier=channel-cal;cal_src=wet_rederive_1236_20260719;pressure_context_source=weather_openmeteo;transport=wifi_poll,
plants.env,2026-07-28T03:49:48.728Z,2026-07-27 22:49:48.728,21010,6762df,y9d41p,0.7.3,fleet_logger_0_1,567480795,ESP32,esp32_die,on_chip,die_temp,,52.22,degC,OK,,,,,name=classic;source=esp32_die;cal=uncalibrated_board_proxy;api=temperatureRead;config_id=257fa022;transport=wifi_poll,
plants.soil,2026-07-28T03:50:19.142Z,2026-07-27 22:50:19.142,21011,6762df,y9d41p,0.7.3,fleet_logger_0_1,567510039,UMLIFE_v2_TLC555,ch0,origplant,soil_moisture,1574,,,OK,,,983.0,,name=classic;level=well watered;role=disp;spread=24;gpio=36;device_seq=75664;time_source=device_synced;device_timestamp_utc=2026-07-28T03:50:18.649Z;config_id=257fa022;rssi=-54;uptime_s=567510;heap=195900;cal_tier=channel-cal;cal_src=wet_rederive_1236_20260719;pressure_context_source=weather_openmeteo;transport=wifi_poll,
plants.soil,2026-07-28T03:50:19.142Z,2026-07-27 22:50:19.142,21012,6762df,y9d41p,0.7.3,fleet_logger_0_1,567510039,UMLIFE_v2_TLC555,ch1,origplant,soil_moisture,1676,,,OK,,,983.0,,name=classic;level=OK;role=disp;spread=28;gpio=39;device_seq=75665;time_source=device_synced;device_timestamp_utc=2026-07-28T03:50:18.649Z;config_id=257fa022;rssi=-54;uptime_s=567510;heap=195900;cal_tier=channel-cal;cal_src=wet_rederive_1236_20260719;pressure_context_source=weather_openmeteo;transport=wifi_poll,
plants.soil,2026-07-28T03:50:19.142Z,2026-07-27 22:50:19.142,21013,6762df,y9d41p,0.7.3,fleet_logger_0_1,567510039,UMLIFE_v2_TLC555,ch2,origplant,soil_moisture,1359,,,OK,,,983.0,,name=classic;level=overwatered;role=disp;spread=36;gpio=34;device_seq=75666;time_source=device_synced;device_timestamp_utc=2026-07-28T03:50:18.649Z;config_id=257fa022;rssi=-54;uptime_s=567510;heap=195900;cal_tier=channel-cal;cal_src=wet_rederive_1236_20260719;pressure_context_source=weather_openmeteo;transport=wifi_poll,
plants.soil,2026-07-28T03:50:19.142Z,2026-07-27 22:50:19.142,21014,6762df,y9d41p,0.7.3,fleet_logger_0_1,567510039,UMLIFE_v2_TLC555,ch3,origplant,soil_moisture,1440,,,OK,,,983.0,,name=classic;level=well watered;role=disp;spread=23;gpio=35;device_seq=75667;time_source=device_synced;device_timestamp_utc=2026-07-28T03:50:18.649Z;config_id=257fa022;rssi=-54;uptime_s=567510;heap=195900;cal_tier=channel-cal;cal_src=wet_rederive_1236_20260719;pressure_context_source=weather_openmeteo;transport=wifi_poll,
plants.env,2026-07-28T03:50:19.142Z,2026-07-27 22:50:19.142,21015,6762df,y9d41p,0.7.3,fleet_logger_0_1,567510795,ESP32,esp32_die,on_chip,die_temp,,52.78,degC,OK,,,,,name=classic;source=esp32_die;cal=uncalibrated_board_proxy;api=temperatureRead;config_id=257fa022;transport=wifi_poll,
plants.soil,2026-07-28T03:50:49.860Z,2026-07-27 22:50:49.860,21016,6762df,y9d41p,0.7.3,fleet_logger_0_1,567540039,UMLIFE_v2_TLC555,ch0,origplant,soil_moisture,1575,,,OK,,,983.0,,name=classic;level=well watered;role=disp;spread=24;gpio=36;device_seq=75668;time_source=device_synced;device_timestamp_utc=2026-07-28T03:50:48.649Z;config_id=257fa022;rssi=-55;uptime_s=567540;heap=195900;cal_tier=channel-cal;cal_src=wet_rederive_1236_20260719;pressure_context_source=weather_openmeteo;transport=wifi_poll,
plants.soil,2026-07-28T03:50:49.860Z,2026-07-27 22:50:49.860,21017,6762df,y9d41p,0.7.3,fleet_logger_0_1,567540039,UMLIFE_v2_TLC555,ch1,origplant,soil_moisture,1676,,,OK,,,983.0,,name=classic;level=OK;role=disp;spread=27;gpio=39;device_seq=75669;time_source=device_synced;device_timestamp_utc=2026-07-28T03:50:48.649Z;config_id=257fa022;rssi=-55;uptime_s=567540;heap=195900;cal_tier=channel-cal;cal_src=wet_rederive_1236_20260719;pressure_context_source=weather_openmeteo;transport=wifi_poll,
plants.soil,2026-07-28T03:50:49.860Z,2026-07-27 22:50:49.860,21018,6762df,y9d41p,0.7.3,fleet_logger_0_1,567540039,UMLIFE_v2_TLC555,ch2,origplant,soil_moisture,1359,,,OK,,,983.0,,name=classic;level=overwatered;role=disp;spread=18;gpio=34;device_seq=75670;time_source=device_synced;device_timestamp_utc=2026-07-28T03:50:48.649Z;config_id=257fa022;rssi=-55;uptime_s=567540;heap=195900;cal_tier=channel-cal;cal_src=wet_rederive_1236_20260719;pressure_context_source=weather_openmeteo;transport=wifi_poll,
plants.soil,2026-07-28T03:50:49.860Z,2026-07-27 22:50:49.860,21019,6762df,y9d41p,0.7.3,fleet_logger_0_1,567540039,UMLIFE_v2_TLC555,ch3,origplant,soil_moisture,1442,,,OK,,,983.0,,name=classic;level=well watered;role=disp;spread=23;gpio=35;device_seq=75671;time_source=device_synced;device_timestamp_utc=2026-07-28T03:50:48.649Z;config_id=257fa022;rssi=-55;uptime_s=567540;heap=195900;cal_tier=channel-cal;cal_src=wet_rederive_1236_20260719;pressure_context_source=weather_openmeteo;transport=wifi_poll,
plants.env,2026-07-28T03:50:49.860Z,2026-07-27 22:50:49.860,21020,6762df,y9d41p,0.7.3,fleet_logger_0_1,567540795,ESP32,esp32_die,on_chip,die_temp,,53.33,degC,OK,,,,,name=classic;source=esp32_die;cal=uncalibrated_board_proxy;api=temperatureRead;config_id=257fa022;transport=wifi_poll,
plants.soil,2026-07-28T03:51:20.683Z,2026-07-27 22:51:20.683,21021,6762df,y9d41p,0.7.3,fleet_logger_0_1,567570039,UMLIFE_v2_TLC555,ch0,origplant,soil_moisture,1573,,,OK,,,983.0,,name=classic;level=well watered;role=disp;spread=16;gpio=36;device_seq=75672;time_source=device_synced;device_timestamp_utc=2026-07-28T03:51:18.649Z;config_id=257fa022;rssi=-53;uptime_s=567570;heap=195904;cal_tier=channel-cal;cal_src=wet_rederive_1236_20260719;pressure_context_source=weather_openmeteo;transport=wifi_poll,
plants.soil,2026-07-28T03:51:20.683Z,2026-07-27 22:51:20.683,21022,6762df,y9d41p,0.7.3,fleet_logger_0_1,567570039,UMLIFE_v2_TLC555,ch1,origplant,soil_moisture,1677,,,OK,,,983.0,,name=classic;level=OK;role=disp;spread=24;gpio=39;device_seq=75673;time_source=device_synced;device_timestamp_utc=2026-07-28T03:51:18.649Z;config_id=257fa022;rssi=-53;uptime_s=567570;heap=195904;cal_tier=channel-cal;cal_src=wet_rederive_1236_20260719;pressure_context_source=weather_openmeteo;transport=wifi_poll,
plants.soil,2026-07-28T03:51:20.683Z,2026-07-27 22:51:20.683,21023,6762df,y9d41p,0.7.3,fleet_logger_0_1,567570039,UMLIFE_v2_TLC555,ch2,origplant,soil_moisture,1361,,,OK,,,983.0,,name=classic;level=overwatered;role=disp;spread=37;gpio=34;device_seq=75674;time_source=device_synced;device_timestamp_utc=2026-07-28T03:51:18.649Z;config_id=257fa022;rssi=-53;uptime_s=567570;heap=195904;cal_tier=channel-cal;cal_src=wet_rederive_1236_20260719;pressure_context_source=weather_openmeteo;transport=wifi_poll,
plants.soil,2026-07-28T03:51:20.683Z,2026-07-27 22:51:20.683,21024,6762df,y9d41p,0.7.3,fleet_logger_0_1,567570039,UMLIFE_v2_TLC555,ch3,origplant,soil_moisture,1440,,,OK,,,983.0,,name=classic;level=well watered;role=disp;spread=32;gpio=35;device_seq=75675;time_source=device_synced;device_timestamp_utc=2026-07-28T03:51:18.649Z;config_id=257fa022;rssi=-53;uptime_s=567570;heap=195904;cal_tier=channel-cal;cal_src=wet_rederive_1236_20260719;pressure_context_source=weather_openmeteo;transport=wifi_poll,
plants.env,2026-07-28T03:51:20.683Z,2026-07-27 22:51:20.683,21025,6762df,y9d41p,0.7.3,fleet_logger_0_1,567570795,ESP32,esp32_die,on_chip,die_temp,,52.22,degC,OK,,,,,name=classic;source=esp32_die;cal=uncalibrated_board_proxy;api=temperatureRead;config_id=257fa022;transport=wifi_poll,
plants.soil,2026-07-28T03:51:51.103Z,2026-07-27 22:51:51.103,21026,6762df,y9d41p,0.7.3,fleet_logger_0_1,567600039,UMLIFE_v2_TLC555,ch0,origplant,soil_moisture,1545,,,OK,,,983.0,,name=classic;level=well watered;role=disp;spread=29;gpio=36;device_seq=75676;time_source=device_synced;device_timestamp_utc=2026-07-28T03:51:48.649Z;config_id=257fa022;rssi=-53;uptime_s=567600;heap=195904;cal_tier=channel-cal;cal_src=wet_rederive_1236_20260719;pressure_context_source=weather_openmeteo;transport=wifi_poll,
plants.soil,2026-07-28T03:51:51.103Z,2026-07-27 22:51:51.103,21027,6762df,y9d41p,0.7.3,fleet_logger_0_1,567600039,UMLIFE_v2_TLC555,ch1,origplant,soil_moisture,1655,,,OK,,,983.0,,name=classic;level=OK;role=disp;spread=48;gpio=39;device_seq=75677;time_source=device_synced;device_timestamp_utc=2026-07-28T03:51:48.649Z;config_id=257fa022;rssi=-53;uptime_s=567600;heap=195904;cal_tier=channel-cal;cal_src=wet_rederive_1236_20260719;pressure_context_source=weather_openmeteo;transport=wifi_poll,
plants.soil,2026-07-28T03:51:51.103Z,2026-07-27 22:51:51.103,21028,6762df,y9d41p,0.7.3,fleet_logger_0_1,567600039,UMLIFE_v2_TLC555,ch2,origplant,soil_moisture,1331,,,OK,,,983.0,,name=classic;level=overwatered;role=disp;spread=34;gpio=34;device_seq=75678;time_source=device_synced;device_timestamp_utc=2026-07-28T03:51:48.649Z;config_id=257fa022;rssi=-53;uptime_s=567600;heap=195904;cal_tier=channel-cal;cal_src=wet_rederive_1236_20260719;pressure_context_source=weather_openmeteo;transport=wifi_poll,
plants.soil,2026-07-28T03:51:51.103Z,2026-07-27 22:51:51.103,21029,6762df,y9d41p,0.7.3,fleet_logger_0_1,567600039,UMLIFE_v2_TLC555,ch3,origplant,soil_moisture,1418,,,OK,,,983.0,,name=classic;level=well watered;role=disp;spread=32;gpio=35;device_seq=75679;time_source=device_synced;device_timestamp_utc=2026-07-28T03:51:48.649Z;config_id=257fa022;rssi=-53;uptime_s=567600;heap=195904;cal_tier=channel-cal;cal_src=wet_rederive_1236_20260719;pressure_context_source=weather_openmeteo;transport=wifi_poll,
plants.env,2026-07-28T03:51:51.103Z,2026-07-27 22:51:51.103,21030,6762df,y9d41p,0.7.3,fleet_logger_0_1,567601861,ESP32,esp32_die,on_chip,die_temp,,52.78,degC,OK,,,,,name=classic;source=esp32_die;cal=uncalibrated_board_proxy;api=temperatureRead;config_id=257fa022;transport=wifi_poll,
plants.soil,2026-07-28T03:52:21.509Z,2026-07-27 22:52:21.509,21031,6762df,y9d41p,0.7.3,fleet_logger_0_1,567630039,UMLIFE_v2_TLC555,ch0,origplant,soil_moisture,1574,,,OK,,,983.0,,name=classic;level=well watered;role=disp;spread=41;gpio=36;device_seq=75680;time_source=device_synced;device_timestamp_utc=2026-07-28T03:52:18.649Z;config_id=257fa022;rssi=-54;uptime_s=567630;heap=195892;cal_tier=channel-cal;cal_src=wet_rederive_1236_20260719;pressure_context_source=weather_openmeteo;transport=wifi_poll,
plants.soil,2026-07-28T03:52:21.509Z,2026-07-27 22:52:21.509,21032,6762df,y9d41p,0.7.3,fleet_logger_0_1,567630039,UMLIFE_v2_TLC555,ch1,origplant,soil_moisture,1678,,,OK,,,983.0,,name=classic;level=OK;role=disp;spread=35;gpio=39;device_seq=75681;time_source=device_synced;device_timestamp_utc=2026-07-28T03:52:18.649Z;config_id=257fa022;rssi=-54;uptime_s=567630;heap=195892;cal_tier=channel-cal;cal_src=wet_rederive_1236_20260719;pressure_context_source=weather_openmeteo;transport=wifi_poll,
plants.soil,2026-07-28T03:52:21.509Z,2026-07-27 22:52:21.509,21033,6762df,y9d41p,0.7.3,fleet_logger_0_1,567630039,UMLIFE_v2_TLC555,ch2,origplant,soil_moisture,1360,,,OK,,,983.0,,name=classic;level=overwatered;role=disp;spread=35;gpio=34;device_seq=75682;time_source=device_synced;device_timestamp_utc=2026-07-28T03:52:18.649Z;config_id=257fa022;rssi=-54;uptime_s=567630;heap=195892;cal_tier=channel-cal;cal_src=wet_rederive_1236_20260719;pressure_context_source=weather_openmeteo;transport=wifi_poll,
plants.soil,2026-07-28T03:52:21.509Z,2026-07-27 22:52:21.509,21034,6762df,y9d41p,0.7.3,fleet_logger_0_1,567630039,UMLIFE_v2_TLC555,ch3,origplant,soil_moisture,1441,,,OK,,,983.0,,name=classic;level=well watered;role=disp;spread=29;gpio=35;device_seq=75683;time_source=device_synced;device_timestamp_utc=2026-07-28T03:52:18.649Z;config_id=257fa022;rssi=-54;uptime_s=567630;heap=195892;cal_tier=channel-cal;cal_src=wet_rederive_1236_20260719;pressure_context_source=weather_openmeteo;transport=wifi_poll,
plants.env,2026-07-28T03:52:21.509Z,2026-07-27 22:52:21.509,21035,6762df,y9d41p,0.7.3,fleet_logger_0_1,567630795,ESP32,esp32_die,on_chip,die_temp,,52.22,degC,OK,,,,,name=classic;source=esp32_die;cal=uncalibrated_board_proxy;api=temperatureRead;config_id=257fa022;transport=wifi_poll,
plants.soil,2026-07-28T03:52:52.025Z,2026-07-27 22:52:52.025,21036,6762df,y9d41p,0.7.3,fleet_logger_0_1,567660041,UMLIFE_v2_TLC555,ch0,origplant,soil_moisture,1573,,,OK,,,983.0,,name=classic;level=well watered;role=disp;spread=30;gpio=36;device_seq=75684;time_source=device_synced;device_timestamp_utc=2026-07-28T03:52:48.651Z;config_id=257fa022;rssi=-54;uptime_s=567660;heap=195888;cal_tier=channel-cal;cal_src=wet_rederive_1236_20260719;pressure_context_source=weather_openmeteo;transport=wifi_poll,
plants.soil,2026-07-28T03:52:52.025Z,2026-07-27 22:52:52.025,21037,6762df,y9d41p,0.7.3,fleet_logger_0_1,567660041,UMLIFE_v2_TLC555,ch1,origplant,soil_moisture,1674,,,OK,,,983.0,,name=classic;level=OK;role=disp;spread=35;gpio=39;device_seq=75685;time_source=device_synced;device_timestamp_utc=2026-07-28T03:52:48.651Z;config_id=257fa022;rssi=-54;uptime_s=567660;heap=195888;cal_tier=channel-cal;cal_src=wet_rederive_1236_20260719;pressure_context_source=weather_openmeteo;transport=wifi_poll,
plants.soil,2026-07-28T03:52:52.025Z,2026-07-27 22:52:52.025,21038,6762df,y9d41p,0.7.3,fleet_logger_0_1,567660041,UMLIFE_v2_TLC555,ch2,origplant,soil_moisture,1357,,,OK,,,983.0,,name=classic;level=overwatered;role=disp;spread=17;gpio=34;device_seq=75686;time_source=device_synced;device_timestamp_utc=2026-07-28T03:52:48.651Z;config_id=257fa022;rssi=-54;uptime_s=567660;heap=195888;cal_tier=channel-cal;cal_src=wet_rederive_1236_20260719;pressure_context_source=weather_openmeteo;transport=wifi_poll,
plants.soil,2026-07-28T03:52:52.025Z,2026-07-27 22:52:52.025,21039,6762df,y9d41p,0.7.3,fleet_logger_0_1,567660041,UMLIFE_v2_TLC555,ch3,origplant,soil_moisture,1441,,,OK,,,983.0,,name=classic;level=well watered;role=disp;spread=15;gpio=35;device_seq=75687;time_source=device_synced;device_timestamp_utc=2026-07-28T03:52:48.651Z;config_id=257fa022;rssi=-54;uptime_s=567660;heap=195888;cal_tier=channel-cal;cal_src=wet_rederive_1236_20260719;pressure_context_source=weather_openmeteo;transport=wifi_poll,
plants.env,2026-07-28T03:52:52.025Z,2026-07-27 22:52:52.025,21040,6762df,y9d41p,0.7.3,fleet_logger_0_1,567660796,ESP32,esp32_die,on_chip,die_temp,,52.78,degC,OK,,,,,name=classic;source=esp32_die;cal=uncalibrated_board_proxy;api=temperatureRead;config_id=257fa022;transport=wifi_poll,
plants.soil,2026-07-28T03:53:24.796Z,2026-07-27 22:53:24.796,21041,6762df,y9d41p,0.7.3,fleet_logger_0_1,567690041,UMLIFE_v2_TLC555,ch0,origplant,soil_moisture,1569,,,OK,,,983.0,,name=classic;level=well watered;role=disp;spread=34;gpio=36;device_seq=75688;time_source=device_synced;device_timestamp_utc=2026-07-28T03:53:18.651Z;config_id=257fa022;rssi=-53;uptime_s=567690;heap=195644;cal_tier=channel-cal;cal_src=wet_rederive_1236_20260719;pressure_context_source=weather_openmeteo;transport=wifi_poll,
plants.soil,2026-07-28T03:53:24.796Z,2026-07-27 22:53:24.796,21042,6762df,y9d41p,0.7.3,fleet_logger_0_1,567690041,UMLIFE_v2_TLC555,ch1,origplant,soil_moisture,1678,,,OK,,,983.0,,name=classic;level=OK;role=disp;spread=17;gpio=39;device_seq=75689;time_source=device_synced;device_timestamp_utc=2026-07-28T03:53:18.651Z;config_id=257fa022;rssi=-53;uptime_s=567690;heap=195644;cal_tier=channel-cal;cal_src=wet_rederive_1236_20260719;pressure_context_source=weather_openmeteo;transport=wifi_poll,
plants.soil,2026-07-28T03:53:24.796Z,2026-07-27 22:53:24.796,21043,6762df,y9d41p,0.7.3,fleet_logger_0_1,567690041,UMLIFE_v2_TLC555,ch2,origplant,soil_moisture,1358,,,OK,,,983.0,,name=classic;level=overwatered;role=disp;spread=52;gpio=34;device_seq=75690;time_source=device_synced;device_timestamp_utc=2026-07-28T03:53:18.651Z;config_id=257fa022;rssi=-53;uptime_s=567690;heap=195644;cal_tier=channel-cal;cal_src=wet_rederive_1236_20260719;pressure_context_source=weather_openmeteo;transport=wifi_poll,
plants.soil,2026-07-28T03:53:24.796Z,2026-07-27 22:53:24.796,21044,6762df,y9d41p,0.7.3,fleet_logger_0_1,567690041,UMLIFE_v2_TLC555,ch3,origplant,soil_moisture,1439,,,OK,,,983.0,,name=classic;level=well watered;role=disp;spread=12;gpio=35;device_seq=75691;time_source=device_synced;device_timestamp_utc=2026-07-28T03:53:18.651Z;config_id=257fa022;rssi=-53;uptime_s=567690;heap=195644;cal_tier=channel-cal;cal_src=wet_rederive_1236_20260719;pressure_context_source=weather_openmeteo;transport=wifi_poll,
plants.env,2026-07-28T03:53:24.796Z,2026-07-27 22:53:24.796,21045,6762df,y9d41p,0.7.3,fleet_logger_0_1,567690797,ESP32,esp32_die,on_chip,die_temp,,52.78,degC,OK,,,,,name=classic;source=esp32_die;cal=uncalibrated_board_proxy;api=temperatureRead;config_id=257fa022;transport=wifi_poll,
plants.soil,2026-07-28T03:53:55.309Z,2026-07-27 22:53:55.309,21046,6762df,y9d41p,0.7.3,fleet_logger_0_1,567720041,UMLIFE_v2_TLC555,ch0,origplant,soil_moisture,1571,,,OK,,,983.0,,name=classic;level=well watered;role=disp;spread=38;gpio=36;device_seq=75692;time_source=device_synced;device_timestamp_utc=2026-07-28T03:53:48.651Z;config_id=257fa022;rssi=-53;uptime_s=567720;heap=195644;cal_tier=channel-cal;cal_src=wet_rederive_1236_20260719;pressure_context_source=weather_openmeteo;transport=wifi_poll,
plants.soil,2026-07-28T03:53:55.309Z,2026-07-27 22:53:55.309,21047,6762df,y9d41p,0.7.3,fleet_logger_0_1,567720041,UMLIFE_v2_TLC555,ch1,origplant,soil_moisture,1672,,,OK,,,983.0,,name=classic;level=OK;role=disp;spread=24;gpio=39;device_seq=75693;time_source=device_synced;device_timestamp_utc=2026-07-28T03:53:48.651Z;config_id=257fa022;rssi=-53;uptime_s=567720;heap=195644;cal_tier=channel-cal;cal_src=wet_rederive_1236_20260719;pressure_context_source=weather_openmeteo;transport=wifi_poll,
plants.soil,2026-07-28T03:53:55.309Z,2026-07-27 22:53:55.309,21048,6762df,y9d41p,0.7.3,fleet_logger_0_1,567720041,UMLIFE_v2_TLC555,ch2,origplant,soil_moisture,1360,,,OK,,,983.0,,name=classic;level=overwatered;role=disp;spread=53;gpio=34;device_seq=75694;time_source=device_synced;device_timestamp_utc=2026-07-28T03:53:48.651Z;config_id=257fa022;rssi=-53;uptime_s=567720;heap=195644;cal_tier=channel-cal;cal_src=wet_rederive_1236_20260719;pressure_context_source=weather_openmeteo;transport=wifi_poll,
plants.soil,2026-07-28T03:53:55.309Z,2026-07-27 22:53:55.309,21049,6762df,y9d41p,0.7.3,fleet_logger_0_1,567720041,UMLIFE_v2_TLC555,ch3,origplant,soil_moisture,1440,,,OK,,,983.0,,name=classic;level=well watered;role=disp;spread=26;gpio=35;device_seq=75695;time_source=device_synced;device_timestamp_utc=2026-07-28T03:53:48.651Z;config_id=257fa022;rssi=-53;uptime_s=567720;heap=195644;cal_tier=channel-cal;cal_src=wet_rederive_1236_20260719;pressure_context_source=weather_openmeteo;transport=wifi_poll,
plants.env,2026-07-28T03:53:55.309Z,2026-07-27 22:53:55.309,21050,6762df,y9d41p,0.7.3,fleet_logger_0_1,567720796,ESP32,esp32_die,on_chip,die_temp,,52.78,degC,OK,,,,,name=classic;source=esp32_die;cal=uncalibrated_board_proxy;api=temperatureRead;config_id=257fa022;transport=wifi_poll,
plants.soil,2026-07-28T03:54:25.812Z,2026-07-27 22:54:25.812,21051,6762df,y9d41p,0.7.3,fleet_logger_0_1,567750041,UMLIFE_v2_TLC555,ch0,origplant,soil_moisture,1540,,,OK,,,983.0,,name=classic;level=well watered;role=disp;spread=29;gpio=36;device_seq=75696;time_source=device_synced;device_timestamp_utc=2026-07-28T03:54:18.651Z;config_id=257fa022;rssi=-54;uptime_s=567750;heap=195904;cal_tier=channel-cal;cal_src=wet_rederive_1236_20260719;pressure_context_source=weather_openmeteo;transport=wifi_poll,
plants.soil,2026-07-28T03:54:25.812Z,2026-07-27 22:54:25.812,21052,6762df,y9d41p,0.7.3,fleet_logger_0_1,567750041,UMLIFE_v2_TLC555,ch1,origplant,soil_moisture,1645,,,OK,,,983.0,,name=classic;level=OK;role=disp;spread=30;gpio=39;device_seq=75697;time_source=device_synced;device_timestamp_utc=2026-07-28T03:54:18.651Z;config_id=257fa022;rssi=-54;uptime_s=567750;heap=195904;cal_tier=channel-cal;cal_src=wet_rederive_1236_20260719;pressure_context_source=weather_openmeteo;transport=wifi_poll,
plants.soil,2026-07-28T03:54:25.812Z,2026-07-27 22:54:25.812,21053,6762df,y9d41p,0.7.3,fleet_logger_0_1,567750041,UMLIFE_v2_TLC555,ch2,origplant,soil_moisture,1345,,,OK,,,983.0,,name=classic;level=overwatered;role=disp;spread=50;gpio=34;device_seq=75698;time_source=device_synced;device_timestamp_utc=2026-07-28T03:54:18.651Z;config_id=257fa022;rssi=-54;uptime_s=567750;heap=195904;cal_tier=channel-cal;cal_src=wet_rederive_1236_20260719;pressure_context_source=weather_openmeteo;transport=wifi_poll,
plants.soil,2026-07-28T03:54:25.812Z,2026-07-27 22:54:25.812,21054,6762df,y9d41p,0.7.3,fleet_logger_0_1,567750041,UMLIFE_v2_TLC555,ch3,origplant,soil_moisture,1434,,,OK,,,983.0,,name=classic;level=well watered;role=disp;spread=21;gpio=35;device_seq=75699;time_source=device_synced;device_timestamp_utc=2026-07-28T03:54:18.651Z;config_id=257fa022;rssi=-54;uptime_s=567750;heap=195904;cal_tier=channel-cal;cal_src=wet_rederive_1236_20260719;pressure_context_source=weather_openmeteo;transport=wifi_poll,
plants.env,2026-07-28T03:54:25.812Z,2026-07-27 22:54:25.812,21055,6762df,y9d41p,0.7.3,fleet_logger_0_1,567750797,ESP32,esp32_die,on_chip,die_temp,,52.78,degC,OK,,,,,name=classic;source=esp32_die;cal=uncalibrated_board_proxy;api=temperatureRead;config_id=257fa022;transport=wifi_poll,
plants.soil,2026-07-28T03:54:56.236Z,2026-07-27 22:54:56.236,21056,6762df,y9d41p,0.7.3,fleet_logger_0_1,567780041,UMLIFE_v2_TLC555,ch0,origplant,soil_moisture,1570,,,OK,,,983.0,,name=classic;level=well watered;role=disp;spread=31;gpio=36;device_seq=75700;time_source=device_synced;device_timestamp_utc=2026-07-28T03:54:48.651Z;config_id=257fa022;rssi=-54;uptime_s=567780;heap=195904;cal_tier=channel-cal;cal_src=wet_rederive_1236_20260719;pressure_context_source=weather_openmeteo;transport=wifi_poll,
plants.soil,2026-07-28T03:54:56.236Z,2026-07-27 22:54:56.236,21057,6762df,y9d41p,0.7.3,fleet_logger_0_1,567780041,UMLIFE_v2_TLC555,ch1,origplant,soil_moisture,1676,,,OK,,,983.0,,name=classic;level=OK;role=disp;spread=36;gpio=39;device_seq=75701;time_source=device_synced;device_timestamp_utc=2026-07-28T03:54:48.651Z;config_id=257fa022;rssi=-54;uptime_s=567780;heap=195904;cal_tier=channel-cal;cal_src=wet_rederive_1236_20260719;pressure_context_source=weather_openmeteo;transport=wifi_poll,
plants.soil,2026-07-28T03:54:56.236Z,2026-07-27 22:54:56.236,21058,6762df,y9d41p,0.7.3,fleet_logger_0_1,567780041,UMLIFE_v2_TLC555,ch2,origplant,soil_moisture,1363,,,OK,,,983.0,,name=classic;level=overwatered;role=disp;spread=14;gpio=34;device_seq=75702;time_source=device_synced;device_timestamp_utc=2026-07-28T03:54:48.651Z;config_id=257fa022;rssi=-54;uptime_s=567780;heap=195904;cal_tier=channel-cal;cal_src=wet_rederive_1236_20260719;pressure_context_source=weather_openmeteo;transport=wifi_poll,
plants.soil,2026-07-28T03:54:56.236Z,2026-07-27 22:54:56.236,21059,6762df,y9d41p,0.7.3,fleet_logger_0_1,567780041,UMLIFE_v2_TLC555,ch3,origplant,soil_moisture,1438,,,OK,,,983.0,,name=classic;level=well watered;role=disp;spread=32;gpio=35;device_seq=75703;time_source=device_synced;device_timestamp_utc=2026-07-28T03:54:48.651Z;config_id=257fa022;rssi=-54;uptime_s=567780;heap=195904;cal_tier=channel-cal;cal_src=wet_rederive_1236_20260719;pressure_context_source=weather_openmeteo;transport=wifi_poll,
plants.env,2026-07-28T03:54:56.236Z,2026-07-27 22:54:56.236,21060,6762df,y9d41p,0.7.3,fleet_logger_0_1,567780796,ESP32,esp32_die,on_chip,die_temp,,52.78,degC,OK,,,,,name=classic;source=esp32_die;cal=uncalibrated_board_proxy;api=temperatureRead;config_id=257fa022;transport=wifi_poll,
plants.soil,2026-07-28T03:55:28.697Z,2026-07-27 22:55:28.697,21061,6762df,y9d41p,0.7.3,fleet_logger_0_1,567810041,UMLIFE_v2_TLC555,ch0,origplant,soil_moisture,1566,,,OK,,,983.0,,name=classic;level=well watered;role=disp;spread=33;gpio=36;device_seq=75704;time_source=device_synced;device_timestamp_utc=2026-07-28T03:55:18.651Z;config_id=257fa022;rssi=-54;uptime_s=567810;heap=195900;cal_tier=channel-cal;cal_src=wet_rederive_1236_20260719;pressure_context_source=weather_openmeteo;transport=wifi_poll,
plants.soil,2026-07-28T03:55:28.697Z,2026-07-27 22:55:28.697,21062,6762df,y9d41p,0.7.3,fleet_logger_0_1,567810041,UMLIFE_v2_TLC555,ch1,origplant,soil_moisture,1674,,,OK,,,983.0,,name=classic;level=OK;role=disp;spread=30;gpio=39;device_seq=75705;time_source=device_synced;device_timestamp_utc=2026-07-28T03:55:18.651Z;config_id=257fa022;rssi=-54;uptime_s=567810;heap=195900;cal_tier=channel-cal;cal_src=wet_rederive_1236_20260719;pressure_context_source=weather_openmeteo;transport=wifi_poll,
plants.soil,2026-07-28T03:55:28.697Z,2026-07-27 22:55:28.697,21063,6762df,y9d41p,0.7.3,fleet_logger_0_1,567810041,UMLIFE_v2_TLC555,ch2,origplant,soil_moisture,1358,,,OK,,,983.0,,name=classic;level=overwatered;role=disp;spread=50;gpio=34;device_seq=75706;time_source=device_synced;device_timestamp_utc=2026-07-28T03:55:18.651Z;config_id=257fa022;rssi=-54;uptime_s=567810;heap=195900;cal_tier=channel-cal;cal_src=wet_rederive_1236_20260719;pressure_context_source=weather_openmeteo;transport=wifi_poll,
plants.soil,2026-07-28T03:55:28.697Z,2026-07-27 22:55:28.697,21064,6762df,y9d41p,0.7.3,fleet_logger_0_1,567810041,UMLIFE_v2_TLC555,ch3,origplant,soil_moisture,1441,,,OK,,,983.0,,name=classic;level=well watered;role=disp;spread=16;gpio=35;device_seq=75707;time_source=device_synced;device_timestamp_utc=2026-07-28T03:55:18.651Z;config_id=257fa022;rssi=-54;uptime_s=567810;heap=195900;cal_tier=channel-cal;cal_src=wet_rederive_1236_20260719;pressure_context_source=weather_openmeteo;transport=wifi_poll,
plants.env,2026-07-28T03:55:28.697Z,2026-07-27 22:55:28.697,21065,6762df,y9d41p,0.7.3,fleet_logger_0_1,567810796,ESP32,esp32_die,on_chip,die_temp,,52.78,degC,OK,,,,,name=classic;source=esp32_die;cal=uncalibrated_board_proxy;api=temperatureRead;config_id=257fa022;transport=wifi_poll,
plants.soil,2026-07-28T03:55:58.993Z,2026-07-27 22:55:58.993,21066,6762df,y9d41p,0.7.3,fleet_logger_0_1,567840041,UMLIFE_v2_TLC555,ch0,origplant,soil_moisture,1539,,,OK,,,983.0,,name=classic;level=well watered;role=disp;spread=33;gpio=36;device_seq=75708;time_source=device_synced;device_timestamp_utc=2026-07-28T03:55:48.651Z;config_id=257fa022;rssi=-54;uptime_s=567840;heap=195908;cal_tier=channel-cal;cal_src=wet_rederive_1236_20260719;pressure_context_source=weather_openmeteo;transport=wifi_poll,
plants.soil,2026-07-28T03:55:58.993Z,2026-07-27 22:55:58.993,21067,6762df,y9d41p,0.7.3,fleet_logger_0_1,567840041,UMLIFE_v2_TLC555,ch1,origplant,soil_moisture,1660,,,OK,,,983.0,,name=classic;level=OK;role=disp;spread=35;gpio=39;device_seq=75709;time_source=device_synced;device_timestamp_utc=2026-07-28T03:55:48.651Z;config_id=257fa022;rssi=-54;uptime_s=567840;heap=195908;cal_tier=channel-cal;cal_src=wet_rederive_1236_20260719;pressure_context_source=weather_openmeteo;transport=wifi_poll,
plants.soil,2026-07-28T03:55:58.993Z,2026-07-27 22:55:58.993,21068,6762df,y9d41p,0.7.3,fleet_logger_0_1,567840041,UMLIFE_v2_TLC555,ch2,origplant,soil_moisture,1351,,,OK,,,983.0,,name=classic;level=overwatered;role=disp;spread=38;gpio=34;device_seq=75710;time_source=device_synced;device_timestamp_utc=2026-07-28T03:55:48.651Z;config_id=257fa022;rssi=-54;uptime_s=567840;heap=195908;cal_tier=channel-cal;cal_src=wet_rederive_1236_20260719;pressure_context_source=weather_openmeteo;transport=wifi_poll,
plants.soil,2026-07-28T03:55:58.993Z,2026-07-27 22:55:58.993,21069,6762df,y9d41p,0.7.3,fleet_logger_0_1,567840041,UMLIFE_v2_TLC555,ch3,origplant,soil_moisture,1440,,,OK,,,983.0,,name=classic;level=well watered;role=disp;spread=26;gpio=35;device_seq=75711;time_source=device_synced;device_timestamp_utc=2026-07-28T03:55:48.651Z;config_id=257fa022;rssi=-54;uptime_s=567840;heap=195908;cal_tier=channel-cal;cal_src=wet_rederive_1236_20260719;pressure_context_source=weather_openmeteo;transport=wifi_poll,
plants.env,2026-07-28T03:55:58.993Z,2026-07-27 22:55:58.993,21070,6762df,y9d41p,0.7.3,fleet_logger_0_1,567840796,ESP32,esp32_die,on_chip,die_temp,,52.78,degC,OK,,,,,name=classic;source=esp32_die;cal=uncalibrated_board_proxy;api=temperatureRead;config_id=257fa022;transport=wifi_poll,
plants.soil,2026-07-28T03:56:29.527Z,2026-07-27 22:56:29.527,21071,6762df,y9d41p,0.7.3,fleet_logger_0_1,567870041,UMLIFE_v2_TLC555,ch0,origplant,soil_moisture,1533,,,OK,,,983.0,,name=classic;level=well watered;role=disp;spread=36;gpio=36;device_seq=75712;time_source=device_synced;device_timestamp_utc=2026-07-28T03:56:18.651Z;config_id=257fa022;rssi=-55;uptime_s=567870;heap=195648;cal_tier=channel-cal;cal_src=wet_rederive_1236_20260719;pressure_context_source=weather_openmeteo;transport=wifi_poll,
plants.soil,2026-07-28T03:56:29.527Z,2026-07-27 22:56:29.527,21072,6762df,y9d41p,0.7.3,fleet_logger_0_1,567870041,UMLIFE_v2_TLC555,ch1,origplant,soil_moisture,1653,,,OK,,,983.0,,name=classic;level=OK;role=disp;spread=34;gpio=39;device_seq=75713;time_source=device_synced;device_timestamp_utc=2026-07-28T03:56:18.651Z;config_id=257fa022;rssi=-55;uptime_s=567870;heap=195648;cal_tier=channel-cal;cal_src=wet_rederive_1236_20260719;pressure_context_source=weather_openmeteo;transport=wifi_poll,
plants.soil,2026-07-28T03:56:29.527Z,2026-07-27 22:56:29.527,21073,6762df,y9d41p,0.7.3,fleet_logger_0_1,567870041,UMLIFE_v2_TLC555,ch2,origplant,soil_moisture,1348,,,OK,,,983.0,,name=classic;level=overwatered;role=disp;spread=41;gpio=34;device_seq=75714;time_source=device_synced;device_timestamp_utc=2026-07-28T03:56:18.651Z;config_id=257fa022;rssi=-55;uptime_s=567870;heap=195648;cal_tier=channel-cal;cal_src=wet_rederive_1236_20260719;pressure_context_source=weather_openmeteo;transport=wifi_poll,
plants.soil,2026-07-28T03:56:29.527Z,2026-07-27 22:56:29.527,21074,6762df,y9d41p,0.7.3,fleet_logger_0_1,567870041,UMLIFE_v2_TLC555,ch3,origplant,soil_moisture,1435,,,OK,,,983.0,,name=classic;level=well watered;role=disp;spread=16;gpio=35;device_seq=75715;time_source=device_synced;device_timestamp_utc=2026-07-28T03:56:18.651Z;config_id=257fa022;rssi=-55;uptime_s=567870;heap=195648;cal_tier=channel-cal;cal_src=wet_rederive_1236_20260719;pressure_context_source=weather_openmeteo;transport=wifi_poll,
plants.env,2026-07-28T03:56:29.527Z,2026-07-27 22:56:29.527,21075,6762df,y9d41p,0.7.3,fleet_logger_0_1,567870796,ESP32,esp32_die,on_chip,die_temp,,52.22,degC,OK,,,,,name=classic;source=esp32_die;cal=uncalibrated_board_proxy;api=temperatureRead;config_id=257fa022;transport=wifi_poll,
plants.soil,2026-07-28T03:57:00.244Z,2026-07-27 22:57:00.244,21076,6762df,y9d41p,0.7.3,fleet_logger_0_1,567900041,UMLIFE_v2_TLC555,ch0,origplant,soil_moisture,1534,,,OK,,,983.0,,name=classic;level=well watered;role=disp;spread=44;gpio=36;device_seq=75716;time_source=device_synced;device_timestamp_utc=2026-07-28T03:56:48.651Z;config_id=257fa022;rssi=-53;uptime_s=567900;heap=195596;cal_tier=channel-cal;cal_src=wet_rederive_1236_20260719;pressure_context_source=weather_openmeteo;transport=wifi_poll,
plants.soil,2026-07-28T03:57:00.244Z,2026-07-27 22:57:00.244,21077,6762df,y9d41p,0.7.3,fleet_logger_0_1,567900041,UMLIFE_v2_TLC555,ch1,origplant,soil_moisture,1662,,,OK,,,983.0,,name=classic;level=OK;role=disp;spread=26;gpio=39;device_seq=75717;time_source=device_synced;device_timestamp_utc=2026-07-28T03:56:48.651Z;config_id=257fa022;rssi=-53;uptime_s=567900;heap=195596;cal_tier=channel-cal;cal_src=wet_rederive_1236_20260719;pressure_context_source=weather_openmeteo;transport=wifi_poll,
plants.soil,2026-07-28T03:57:00.244Z,2026-07-27 22:57:00.244,21078,6762df,y9d41p,0.7.3,fleet_logger_0_1,567900041,UMLIFE_v2_TLC555,ch2,origplant,soil_moisture,1353,,,OK,,,983.0,,name=classic;level=overwatered;role=disp;spread=34;gpio=34;device_seq=75718;time_source=device_synced;device_timestamp_utc=2026-07-28T03:56:48.651Z;config_id=257fa022;rssi=-53;uptime_s=567900;heap=195596;cal_tier=channel-cal;cal_src=wet_rederive_1236_20260719;pressure_context_source=weather_openmeteo;transport=wifi_poll,
plants.soil,2026-07-28T03:57:00.244Z,2026-07-27 22:57:00.244,21079,6762df,y9d41p,0.7.3,fleet_logger_0_1,567900041,UMLIFE_v2_TLC555,ch3,origplant,soil_moisture,1436,,,OK,,,983.0,,name=classic;level=well watered;role=disp;spread=12;gpio=35;device_seq=75719;time_source=device_synced;device_timestamp_utc=2026-07-28T03:56:48.651Z;config_id=257fa022;rssi=-53;uptime_s=567900;heap=195596;cal_tier=channel-cal;cal_src=wet_rederive_1236_20260719;pressure_context_source=weather_openmeteo;transport=wifi_poll,
plants.env,2026-07-28T03:57:00.244Z,2026-07-27 22:57:00.244,21080,6762df,y9d41p,0.7.3,fleet_logger_0_1,567900796,ESP32,esp32_die,on_chip,die_temp,,52.78,degC,OK,,,,,name=classic;source=esp32_die;cal=uncalibrated_board_proxy;api=temperatureRead;config_id=257fa022;transport=wifi_poll,
plants.soil,2026-07-28T03:57:30.656Z,2026-07-27 22:57:30.656,21081,6762df,y9d41p,0.7.3,fleet_logger_0_1,567930041,UMLIFE_v2_TLC555,ch0,origplant,soil_moisture,1534,,,OK,,,983.0,,name=classic;level=well watered;role=disp;spread=31;gpio=36;device_seq=75720;time_source=device_synced;device_timestamp_utc=2026-07-28T03:57:18.651Z;config_id=257fa022;rssi=-53;uptime_s=567930;heap=193472;cal_tier=channel-cal;cal_src=wet_rederive_1236_20260719;pressure_context_source=weather_openmeteo;transport=wifi_poll,
plants.soil,2026-07-28T03:57:30.656Z,2026-07-27 22:57:30.656,21082,6762df,y9d41p,0.7.3,fleet_logger_0_1,567930041,UMLIFE_v2_TLC555,ch1,origplant,soil_moisture,1665,,,OK,,,983.0,,name=classic;level=OK;role=disp;spread=38;gpio=39;device_seq=75721;time_source=device_synced;device_timestamp_utc=2026-07-28T03:57:18.651Z;config_id=257fa022;rssi=-53;uptime_s=567930;heap=193472;cal_tier=channel-cal;cal_src=wet_rederive_1236_20260719;pressure_context_source=weather_openmeteo;transport=wifi_poll,
plants.soil,2026-07-28T03:57:30.656Z,2026-07-27 22:57:30.656,21083,6762df,y9d41p,0.7.3,fleet_logger_0_1,567930041,UMLIFE_v2_TLC555,ch2,origplant,soil_moisture,1356,,,OK,,,983.0,,name=classic;level=overwatered;role=disp;spread=50;gpio=34;device_seq=75722;time_source=device_synced;device_timestamp_utc=2026-07-28T03:57:18.651Z;config_id=257fa022;rssi=-53;uptime_s=567930;heap=193472;cal_tier=channel-cal;cal_src=wet_rederive_1236_20260719;pressure_context_source=weather_openmeteo;transport=wifi_poll,
plants.soil,2026-07-28T03:57:30.656Z,2026-07-27 22:57:30.656,21084,6762df,y9d41p,0.7.3,fleet_logger_0_1,567930041,UMLIFE_v2_TLC555,ch3,origplant,soil_moisture,1439,,,OK,,,983.0,,name=classic;level=well watered;role=disp;spread=19;gpio=35;device_seq=75723;time_source=device_synced;device_timestamp_utc=2026-07-28T03:57:18.651Z;config_id=257fa022;rssi=-53;uptime_s=567930;heap=193472;cal_tier=channel-cal;cal_src=wet_rederive_1236_20260719;pressure_context_source=weather_openmeteo;transport=wifi_poll,
plants.env,2026-07-28T03:57:30.656Z,2026-07-27 22:57:30.656,21085,6762df,y9d41p,0.7.3,fleet_logger_0_1,567930796,ESP32,esp32_die,on_chip,die_temp,,52.22,degC,OK,,,,,name=classic;source=esp32_die;cal=uncalibrated_board_proxy;api=temperatureRead;config_id=257fa022;transport=wifi_poll,
plants.soil,2026-07-28T03:58:01.785Z,2026-07-27 22:58:01.785,21086,6762df,y9d41p,0.7.3,fleet_logger_0_1,567960041,UMLIFE_v2_TLC555,ch0,origplant,soil_moisture,1536,,,OK,,,983.0,,name=classic;level=well watered;role=disp;spread=29;gpio=36;device_seq=75724;time_source=device_synced;device_timestamp_utc=2026-07-28T03:57:48.651Z;config_id=257fa022;rssi=-53;uptime_s=567960;heap=195908;cal_tier=channel-cal;cal_src=wet_rederive_1236_20260719;pressure_context_source=weather_openmeteo;transport=wifi_poll,
plants.soil,2026-07-28T03:58:01.785Z,2026-07-27 22:58:01.785,21087,6762df,y9d41p,0.7.3,fleet_logger_0_1,567960041,UMLIFE_v2_TLC555,ch1,origplant,soil_moisture,1656,,,OK,,,983.0,,name=classic;level=OK;role=disp;spread=31;gpio=39;device_seq=75725;time_source=device_synced;device_timestamp_utc=2026-07-28T03:57:48.651Z;config_id=257fa022;rssi=-53;uptime_s=567960;heap=195908;cal_tier=channel-cal;cal_src=wet_rederive_1236_20260719;pressure_context_source=weather_openmeteo;transport=wifi_poll,
plants.soil,2026-07-28T03:58:01.785Z,2026-07-27 22:58:01.785,21088,6762df,y9d41p,0.7.3,fleet_logger_0_1,567960041,UMLIFE_v2_TLC555,ch2,origplant,soil_moisture,1350,,,OK,,,983.0,,name=classic;level=overwatered;role=disp;spread=33;gpio=34;device_seq=75726;time_source=device_synced;device_timestamp_utc=2026-07-28T03:57:48.651Z;config_id=257fa022;rssi=-53;uptime_s=567960;heap=195908;cal_tier=channel-cal;cal_src=wet_rederive_1236_20260719;pressure_context_source=weather_openmeteo;transport=wifi_poll,
plants.soil,2026-07-28T03:58:01.785Z,2026-07-27 22:58:01.785,21089,6762df,y9d41p,0.7.3,fleet_logger_0_1,567960041,UMLIFE_v2_TLC555,ch3,origplant,soil_moisture,1435,,,OK,,,983.0,,name=classic;level=well watered;role=disp;spread=23;gpio=35;device_seq=75727;time_source=device_synced;device_timestamp_utc=2026-07-28T03:57:48.651Z;config_id=257fa022;rssi=-53;uptime_s=567960;heap=195908;cal_tier=channel-cal;cal_src=wet_rederive_1236_20260719;pressure_context_source=weather_openmeteo;transport=wifi_poll,
plants.env,2026-07-28T03:58:01.785Z,2026-07-27 22:58:01.785,21090,6762df,y9d41p,0.7.3,fleet_logger_0_1,567960796,ESP32,esp32_die,on_chip,die_temp,,52.22,degC,OK,,,,,name=classic;source=esp32_die;cal=uncalibrated_board_proxy;api=temperatureRead;config_id=257fa022;transport=wifi_poll,
plants.soil,2026-07-28T03:58:32.402Z,2026-07-27 22:58:32.402,21091,6762df,y9d41p,0.7.3,fleet_logger_0_1,567990041,UMLIFE_v2_TLC555,ch0,origplant,soil_moisture,1540,,,OK,,,983.0,,name=classic;level=well watered;role=disp;spread=50;gpio=36;device_seq=75728;time_source=device_synced;device_timestamp_utc=2026-07-28T03:58:18.651Z;config_id=257fa022;rssi=-54;uptime_s=567990;heap=195888;cal_tier=channel-cal;cal_src=wet_rederive_1236_20260719;pressure_context_source=weather_openmeteo;transport=wifi_poll,
plants.soil,2026-07-28T03:58:32.402Z,2026-07-27 22:58:32.402,21092,6762df,y9d41p,0.7.3,fleet_logger_0_1,567990041,UMLIFE_v2_TLC555,ch1,origplant,soil_moisture,1659,,,OK,,,983.0,,name=classic;level=OK;role=disp;spread=19;gpio=39;device_seq=75729;time_source=device_synced;device_timestamp_utc=2026-07-28T03:58:18.651Z;config_id=257fa022;rssi=-54;uptime_s=567990;heap=195888;cal_tier=channel-cal;cal_src=wet_rederive_1236_20260719;pressure_context_source=weather_openmeteo;transport=wifi_poll,
plants.soil,2026-07-28T03:58:32.402Z,2026-07-27 22:58:32.402,21093,6762df,y9d41p,0.7.3,fleet_logger_0_1,567990041,UMLIFE_v2_TLC555,ch2,origplant,soil_moisture,1353,,,OK,,,983.0,,name=classic;level=overwatered;role=disp;spread=27;gpio=34;device_seq=75730;time_source=device_synced;device_timestamp_utc=2026-07-28T03:58:18.651Z;config_id=257fa022;rssi=-54;uptime_s=567990;heap=195888;cal_tier=channel-cal;cal_src=wet_rederive_1236_20260719;pressure_context_source=weather_openmeteo;transport=wifi_poll,
plants.soil,2026-07-28T03:58:32.402Z,2026-07-27 22:58:32.402,21094,6762df,y9d41p,0.7.3,fleet_logger_0_1,567990041,UMLIFE_v2_TLC555,ch3,origplant,soil_moisture,1435,,,OK,,,983.0,,name=classic;level=well watered;role=disp;spread=18;gpio=35;device_seq=75731;time_source=device_synced;device_timestamp_utc=2026-07-28T03:58:18.651Z;config_id=257fa022;rssi=-54;uptime_s=567990;heap=195888;cal_tier=channel-cal;cal_src=wet_rederive_1236_20260719;pressure_context_source=weather_openmeteo;transport=wifi_poll,
plants.env,2026-07-28T03:58:32.402Z,2026-07-27 22:58:32.402,21095,6762df,y9d41p,0.7.3,fleet_logger_0_1,567990796,ESP32,esp32_die,on_chip,die_temp,,52.22,degC,OK,,,,,name=classic;source=esp32_die;cal=uncalibrated_board_proxy;api=temperatureRead;config_id=257fa022;transport=wifi_poll,
plants.soil,2026-07-28T03:59:03.132Z,2026-07-27 22:59:03.132,21096,6762df,y9d41p,0.7.3,fleet_logger_0_1,568020041,UMLIFE_v2_TLC555,ch0,origplant,soil_moisture,1536,,,OK,,,983.0,,name=classic;level=well watered;role=disp;spread=37;gpio=36;device_seq=75732;time_source=device_synced;device_timestamp_utc=2026-07-28T03:58:48.651Z;config_id=257fa022;rssi=-54;uptime_s=568020;heap=195888;cal_tier=channel-cal;cal_src=wet_rederive_1236_20260719;pressure_context_source=weather_openmeteo;transport=wifi_poll,
plants.soil,2026-07-28T03:59:03.132Z,2026-07-27 22:59:03.132,21097,6762df,y9d41p,0.7.3,fleet_logger_0_1,568020041,UMLIFE_v2_TLC555,ch1,origplant,soil_moisture,1648,,,OK,,,983.0,,name=classic;level=OK;role=disp;spread=34;gpio=39;device_seq=75733;time_source=device_synced;device_timestamp_utc=2026-07-28T03:58:48.651Z;config_id=257fa022;rssi=-54;uptime_s=568020;heap=195888;cal_tier=channel-cal;cal_src=wet_rederive_1236_20260719;pressure_context_source=weather_openmeteo;transport=wifi_poll,
plants.soil,2026-07-28T03:59:03.132Z,2026-07-27 22:59:03.132,21098,6762df,y9d41p,0.7.3,fleet_logger_0_1,568020041,UMLIFE_v2_TLC555,ch2,origplant,soil_moisture,1343,,,OK,,,983.0,,name=classic;level=overwatered;role=disp;spread=43;gpio=34;device_seq=75734;time_source=device_synced;device_timestamp_utc=2026-07-28T03:58:48.651Z;config_id=257fa022;rssi=-54;uptime_s=568020;heap=195888;cal_tier=channel-cal;cal_src=wet_rederive_1236_20260719;pressure_context_source=weather_openmeteo;transport=wifi_poll,
plants.soil,2026-07-28T03:59:03.132Z,2026-07-27 22:59:03.132,21099,6762df,y9d41p,0.7.3,fleet_logger_0_1,568020041,UMLIFE_v2_TLC555,ch3,origplant,soil_moisture,1434,,,OK,,,983.0,,name=classic;level=well watered;role=disp;spread=27;gpio=35;device_seq=75735;time_source=device_synced;device_timestamp_utc=2026-07-28T03:58:48.651Z;config_id=257fa022;rssi=-54;uptime_s=568020;heap=195888;cal_tier=channel-cal;cal_src=wet_rederive_1236_20260719;pressure_context_source=weather_openmeteo;transport=wifi_poll,
plants.env,2026-07-28T03:59:03.132Z,2026-07-27 22:59:03.132,21100,6762df,y9d41p,0.7.3,fleet_logger_0_1,568020796,ESP32,esp32_die,on_chip,die_temp,,52.78,degC,OK,,,,,name=classic;source=esp32_die;cal=uncalibrated_board_proxy;api=temperatureRead;config_id=257fa022;transport=wifi_poll,
plants.soil,2026-07-28T03:59:33.849Z,2026-07-27 22:59:33.849,21101,6762df,y9d41p,0.7.3,fleet_logger_0_1,568050041,UMLIFE_v2_TLC555,ch0,origplant,soil_moisture,1540,,,OK,,,983.0,,name=classic;level=well watered;role=disp;spread=27;gpio=36;device_seq=75736;time_source=device_synced;device_timestamp_utc=2026-07-28T03:59:18.651Z;config_id=257fa022;rssi=-54;uptime_s=568050;heap=195636;cal_tier=channel-cal;cal_src=wet_rederive_1236_20260719;pressure_context_source=weather_openmeteo;transport=wifi_poll,
plants.soil,2026-07-28T03:59:33.849Z,2026-07-27 22:59:33.849,21102,6762df,y9d41p,0.7.3,fleet_logger_0_1,568050041,UMLIFE_v2_TLC555,ch1,origplant,soil_moisture,1650,,,OK,,,983.0,,name=classic;level=OK;role=disp;spread=39;gpio=39;device_seq=75737;time_source=device_synced;device_timestamp_utc=2026-07-28T03:59:18.651Z;config_id=257fa022;rssi=-54;uptime_s=568050;heap=195636;cal_tier=channel-cal;cal_src=wet_rederive_1236_20260719;pressure_context_source=weather_openmeteo;transport=wifi_poll,
plants.soil,2026-07-28T03:59:33.849Z,2026-07-27 22:59:33.849,21103,6762df,y9d41p,0.7.3,fleet_logger_0_1,568050041,UMLIFE_v2_TLC555,ch2,origplant,soil_moisture,1333,,,OK,,,983.0,,name=classic;level=overwatered;role=disp;spread=25;gpio=34;device_seq=75738;time_source=device_synced;device_timestamp_utc=2026-07-28T03:59:18.651Z;config_id=257fa022;rssi=-54;uptime_s=568050;heap=195636;cal_tier=channel-cal;cal_src=wet_rederive_1236_20260719;pressure_context_source=weather_openmeteo;transport=wifi_poll,
plants.soil,2026-07-28T03:59:33.849Z,2026-07-27 22:59:33.849,21104,6762df,y9d41p,0.7.3,fleet_logger_0_1,568050041,UMLIFE_v2_TLC555,ch3,origplant,soil_moisture,1428,,,OK,,,983.0,,name=classic;level=well watered;role=disp;spread=23;gpio=35;device_seq=75739;time_source=device_synced;device_timestamp_utc=2026-07-28T03:59:18.651Z;config_id=257fa022;rssi=-54;uptime_s=568050;heap=195636;cal_tier=channel-cal;cal_src=wet_rederive_1236_20260719;pressure_context_source=weather_openmeteo;transport=wifi_poll,
plants.env,2026-07-28T03:59:33.849Z,2026-07-27 22:59:33.849,21105,6762df,y9d41p,0.7.3,fleet_logger_0_1,568050797,ESP32,esp32_die,on_chip,die_temp,,52.22,degC,OK,,,,,name=classic;source=esp32_die;cal=uncalibrated_board_proxy;api=temperatureRead;config_id=257fa022;transport=wifi_poll,
plants.soil,2026-07-28T04:00:04.460Z,2026-07-27 23:00:04.460,21106,6762df,y9d41p,0.7.3,fleet_logger_0_1,568080041,UMLIFE_v2_TLC555,ch0,origplant,soil_moisture,1539,,,OK,,,983.0,,name=classic;level=well watered;role=disp;spread=49;gpio=36;device_seq=75740;time_source=device_synced;device_timestamp_utc=2026-07-28T03:59:48.651Z;config_id=257fa022;rssi=-54;uptime_s=568080;heap=195612;cal_tier=channel-cal;cal_src=wet_rederive_1236_20260719;pressure_context_source=weather_openmeteo;transport=wifi_poll,
plants.soil,2026-07-28T04:00:04.460Z,2026-07-27 23:00:04.460,21107,6762df,y9d41p,0.7.3,fleet_logger_0_1,568080041,UMLIFE_v2_TLC555,ch1,origplant,soil_moisture,1644,,,OK,,,983.0,,name=classic;level=OK;role=disp;spread=33;gpio=39;device_seq=75741;time_source=device_synced;device_timestamp_utc=2026-07-28T03:59:48.651Z;config_id=257fa022;rssi=-54;uptime_s=568080;heap=195612;cal_tier=channel-cal;cal_src=wet_rederive_1236_20260719;pressure_context_source=weather_openmeteo;transport=wifi_poll,
plants.soil,2026-07-28T04:00:04.460Z,2026-07-27 23:00:04.460,21108,6762df,y9d41p,0.7.3,fleet_logger_0_1,568080041,UMLIFE_v2_TLC555,ch2,origplant,soil_moisture,1336,,,OK,,,983.0,,name=classic;level=overwatered;role=disp;spread=35;gpio=34;device_seq=75742;time_source=device_synced;device_timestamp_utc=2026-07-28T03:59:48.651Z;config_id=257fa022;rssi=-54;uptime_s=568080;heap=195612;cal_tier=channel-cal;cal_src=wet_rederive_1236_20260719;pressure_context_source=weather_openmeteo;transport=wifi_poll,
plants.soil,2026-07-28T04:00:04.460Z,2026-07-27 23:00:04.460,21109,6762df,y9d41p,0.7.3,fleet_logger_0_1,568080041,UMLIFE_v2_TLC555,ch3,origplant,soil_moisture,1433,,,OK,,,983.0,,name=classic;level=well watered;role=disp;spread=19;gpio=35;device_seq=75743;time_source=device_synced;device_timestamp_utc=2026-07-28T03:59:48.651Z;config_id=257fa022;rssi=-54;uptime_s=568080;heap=195612;cal_tier=channel-cal;cal_src=wet_rederive_1236_20260719;pressure_context_source=weather_openmeteo;transport=wifi_poll,
plants.env,2026-07-28T04:00:04.460Z,2026-07-27 23:00:04.460,21110,6762df,y9d41p,0.7.3,fleet_logger_0_1,568080797,ESP32,esp32_die,on_chip,die_temp,,52.78,degC,OK,,,,,name=classic;source=esp32_die;cal=uncalibrated_board_proxy;api=temperatureRead;config_id=257fa022;transport=wifi_poll,
plants.soil,2026-07-28T04:00:36.920Z,2026-07-27 23:00:36.920,21111,6762df,y9d41p,0.7.3,fleet_logger_0_1,568110041,UMLIFE_v2_TLC555,ch0,origplant,soil_moisture,1545,,,OK,,,983.0,,name=classic;level=well watered;role=disp;spread=13;gpio=36;device_seq=75744;time_source=device_synced;device_timestamp_utc=2026-07-28T04:00:18.651Z;config_id=257fa022;rssi=-54;uptime_s=568110;heap=195884;cal_tier=channel-cal;cal_src=wet_rederive_1236_20260719;pressure_context_source=weather_openmeteo;transport=wifi_poll,
plants.soil,2026-07-28T04:00:36.920Z,2026-07-27 23:00:36.920,21112,6762df,y9d41p,0.7.3,fleet_logger_0_1,568110041,UMLIFE_v2_TLC555,ch1,origplant,soil_moisture,1646,,,OK,,,983.0,,name=classic;level=OK;role=disp;spread=34;gpio=39;device_seq=75745;time_source=device_synced;device_timestamp_utc=2026-07-28T04:00:18.651Z;config_id=257fa022;rssi=-54;uptime_s=568110;heap=195884;cal_tier=channel-cal;cal_src=wet_rederive_1236_20260719;pressure_context_source=weather_openmeteo;transport=wifi_poll,
plants.soil,2026-07-28T04:00:36.920Z,2026-07-27 23:00:36.920,21113,6762df,y9d41p,0.7.3,fleet_logger_0_1,568110041,UMLIFE_v2_TLC555,ch2,origplant,soil_moisture,1328,,,OK,,,983.0,,name=classic;level=overwatered;role=disp;spread=32;gpio=34;device_seq=75746;time_source=device_synced;device_timestamp_utc=2026-07-28T04:00:18.651Z;config_id=257fa022;rssi=-54;uptime_s=568110;heap=195884;cal_tier=channel-cal;cal_src=wet_rederive_1236_20260719;pressure_context_source=weather_openmeteo;transport=wifi_poll,
plants.soil,2026-07-28T04:00:36.920Z,2026-07-27 23:00:36.920,21114,6762df,y9d41p,0.7.3,fleet_logger_0_1,568110041,UMLIFE_v2_TLC555,ch3,origplant,soil_moisture,1423,,,OK,,,983.0,,name=classic;level=well watered;role=disp;spread=14;gpio=35;device_seq=75747;time_source=device_synced;device_timestamp_utc=2026-07-28T04:00:18.651Z;config_id=257fa022;rssi=-54;uptime_s=568110;heap=195884;cal_tier=channel-cal;cal_src=wet_rederive_1236_20260719;pressure_context_source=weather_openmeteo;transport=wifi_poll,
plants.env,2026-07-28T04:00:36.920Z,2026-07-27 23:00:36.920,21115,6762df,y9d41p,0.7.3,fleet_logger_0_1,568110797,ESP32,esp32_die,on_chip,die_temp,,52.78,degC,OK,,,,,name=classic;source=esp32_die;cal=uncalibrated_board_proxy;api=temperatureRead;config_id=257fa022;transport=wifi_poll,
plants.soil,2026-07-28T04:01:07.537Z,2026-07-27 23:01:07.537,21116,6762df,y9d41p,0.7.3,fleet_logger_0_1,568140041,UMLIFE_v2_TLC555,ch0,origplant,soil_moisture,1548,,,OK,,,983.0,,name=classic;level=well watered;role=disp;spread=41;gpio=36;device_seq=75748;time_source=device_synced;device_timestamp_utc=2026-07-28T04:00:48.651Z;config_id=257fa022;rssi=-55;uptime_s=568140;heap=195908;cal_tier=channel-cal;cal_src=wet_rederive_1236_20260719;pressure_context_source=weather_openmeteo;transport=wifi_poll,
plants.soil,2026-07-28T04:01:07.537Z,2026-07-27 23:01:07.537,21117,6762df,y9d41p,0.7.3,fleet_logger_0_1,568140041,UMLIFE_v2_TLC555,ch1,origplant,soil_moisture,1648,,,OK,,,983.0,,name=classic;level=OK;role=disp;spread=38;gpio=39;device_seq=75749;time_source=device_synced;device_timestamp_utc=2026-07-28T04:00:48.651Z;config_id=257fa022;rssi=-55;uptime_s=568140;heap=195908;cal_tier=channel-cal;cal_src=wet_rederive_1236_20260719;pressure_context_source=weather_openmeteo;transport=wifi_poll,
plants.soil,2026-07-28T04:01:07.537Z,2026-07-27 23:01:07.537,21118,6762df,y9d41p,0.7.3,fleet_logger_0_1,568140041,UMLIFE_v2_TLC555,ch2,origplant,soil_moisture,1335,,,OK,,,983.0,,name=classic;level=overwatered;role=disp;spread=29;gpio=34;device_seq=75750;time_source=device_synced;device_timestamp_utc=2026-07-28T04:00:48.651Z;config_id=257fa022;rssi=-55;uptime_s=568140;heap=195908;cal_tier=channel-cal;cal_src=wet_rederive_1236_20260719;pressure_context_source=weather_openmeteo;transport=wifi_poll,
plants.soil,2026-07-28T04:01:07.537Z,2026-07-27 23:01:07.537,21119,6762df,y9d41p,0.7.3,fleet_logger_0_1,568140041,UMLIFE_v2_TLC555,ch3,origplant,soil_moisture,1421,,,OK,,,983.0,,name=classic;level=well watered;role=disp;spread=10;gpio=35;device_seq=75751;time_source=device_synced;device_timestamp_utc=2026-07-28T04:00:48.651Z;config_id=257fa022;rssi=-55;uptime_s=568140;heap=195908;cal_tier=channel-cal;cal_src=wet_rederive_1236_20260719;pressure_context_source=weather_openmeteo;transport=wifi_poll,
plants.env,2026-07-28T04:01:07.537Z,2026-07-27 23:01:07.537,21120,6762df,y9d41p,0.7.3,fleet_logger_0_1,568140797,ESP32,esp32_die,on_chip,die_temp,,52.78,degC,OK,,,,,name=classic;source=esp32_die;cal=uncalibrated_board_proxy;api=temperatureRead;config_id=257fa022;transport=wifi_poll,
plants.soil,2026-07-28T04:01:37.941Z,2026-07-27 23:01:37.941,21121,6762df,y9d41p,0.7.3,fleet_logger_0_1,568170041,UMLIFE_v2_TLC555,ch0,origplant,soil_moisture,1545,,,OK,,,983.0,,name=classic;level=well watered;role=disp;spread=14;gpio=36;device_seq=75752;time_source=device_synced;device_timestamp_utc=2026-07-28T04:01:18.651Z;config_id=257fa022;rssi=-54;uptime_s=568170;heap=195892;cal_tier=channel-cal;cal_src=wet_rederive_1236_20260719;pressure_context_source=weather_openmeteo;transport=wifi_poll,
plants.soil,2026-07-28T04:01:37.941Z,2026-07-27 23:01:37.941,21122,6762df,y9d41p,0.7.3,fleet_logger_0_1,568170041,UMLIFE_v2_TLC555,ch1,origplant,soil_moisture,1651,,,OK,,,983.0,,name=classic;level=OK;role=disp;spread=37;gpio=39;device_seq=75753;time_source=device_synced;device_timestamp_utc=2026-07-28T04:01:18.651Z;config_id=257fa022;rssi=-54;uptime_s=568170;heap=195892;cal_tier=channel-cal;cal_src=wet_rederive_1236_20260719;pressure_context_source=weather_openmeteo;transport=wifi_poll,
plants.soil,2026-07-28T04:01:37.941Z,2026-07-27 23:01:37.941,21123,6762df,y9d41p,0.7.3,fleet_logger_0_1,568170041,UMLIFE_v2_TLC555,ch2,origplant,soil_moisture,1334,,,OK,,,983.0,,name=classic;level=overwatered;role=disp;spread=32;gpio=34;device_seq=75754;time_source=device_synced;device_timestamp_utc=2026-07-28T04:01:18.651Z;config_id=257fa022;rssi=-54;uptime_s=568170;heap=195892;cal_tier=channel-cal;cal_src=wet_rederive_1236_20260719;pressure_context_source=weather_openmeteo;transport=wifi_poll,
plants.soil,2026-07-28T04:01:37.941Z,2026-07-27 23:01:37.941,21124,6762df,y9d41p,0.7.3,fleet_logger_0_1,568170041,UMLIFE_v2_TLC555,ch3,origplant,soil_moisture,1411,,,OK,,,983.0,,name=classic;level=well watered;role=disp;spread=35;gpio=35;device_seq=75755;time_source=device_synced;device_timestamp_utc=2026-07-28T04:01:18.651Z;config_id=257fa022;rssi=-54;uptime_s=568170;heap=195892;cal_tier=channel-cal;cal_src=wet_rederive_1236_20260719;pressure_context_source=weather_openmeteo;transport=wifi_poll,
plants.env,2026-07-28T04:01:37.941Z,2026-07-27 23:01:37.941,21125,6762df,y9d41p,0.7.3,fleet_logger_0_1,568170797,ESP32,esp32_die,on_chip,die_temp,,52.78,degC,OK,,,,,name=classic;source=esp32_die;cal=uncalibrated_board_proxy;api=temperatureRead;config_id=257fa022;transport=wifi_poll,
plants.soil,2026-07-28T04:02:08.467Z,2026-07-27 23:02:08.467,21126,6762df,y9d41p,0.7.3,fleet_logger_0_1,568200041,UMLIFE_v2_TLC555,ch0,origplant,soil_moisture,1550,,,OK,,,983.0,,name=classic;level=well watered;role=disp;spread=39;gpio=36;device_seq=75756;time_source=device_synced;device_timestamp_utc=2026-07-28T04:01:48.651Z;config_id=257fa022;rssi=-54;uptime_s=568200;heap=195892;cal_tier=channel-cal;cal_src=wet_rederive_1236_20260719;pressure_context_source=weather_openmeteo;transport=wifi_poll,
plants.soil,2026-07-28T04:02:08.467Z,2026-07-27 23:02:08.467,21127,6762df,y9d41p,0.7.3,fleet_logger_0_1,568200041,UMLIFE_v2_TLC555,ch1,origplant,soil_moisture,1652,,,OK,,,983.0,,name=classic;level=OK;role=disp;spread=26;gpio=39;device_seq=75757;time_source=device_synced;device_timestamp_utc=2026-07-28T04:01:48.651Z;config_id=257fa022;rssi=-54;uptime_s=568200;heap=195892;cal_tier=channel-cal;cal_src=wet_rederive_1236_20260719;pressure_context_source=weather_openmeteo;transport=wifi_poll,
plants.soil,2026-07-28T04:02:08.467Z,2026-07-27 23:02:08.467,21128,6762df,y9d41p,0.7.3,fleet_logger_0_1,568200041,UMLIFE_v2_TLC555,ch2,origplant,soil_moisture,1334,,,OK,,,983.0,,name=classic;level=overwatered;role=disp;spread=46;gpio=34;device_seq=75758;time_source=device_synced;device_timestamp_utc=2026-07-28T04:01:48.651Z;config_id=257fa022;rssi=-54;uptime_s=568200;heap=195892;cal_tier=channel-cal;cal_src=wet_rederive_1236_20260719;pressure_context_source=weather_openmeteo;transport=wifi_poll,
plants.soil,2026-07-28T04:02:08.467Z,2026-07-27 23:02:08.467,21129,6762df,y9d41p,0.7.3,fleet_logger_0_1,568200041,UMLIFE_v2_TLC555,ch3,origplant,soil_moisture,1413,,,OK,,,983.0,,name=classic;level=well watered;role=disp;spread=21;gpio=35;device_seq=75759;time_source=device_synced;device_timestamp_utc=2026-07-28T04:01:48.651Z;config_id=257fa022;rssi=-54;uptime_s=568200;heap=195892;cal_tier=channel-cal;cal_src=wet_rederive_1236_20260719;pressure_context_source=weather_openmeteo;transport=wifi_poll,
plants.env,2026-07-28T04:02:08.467Z,2026-07-27 23:02:08.467,21130,6762df,y9d41p,0.7.3,fleet_logger_0_1,568201863,ESP32,esp32_die,on_chip,die_temp,,52.22,degC,OK,,,,,name=classic;source=esp32_die;cal=uncalibrated_board_proxy;api=temperatureRead;config_id=257fa022;transport=wifi_poll,
plants.soil,2026-07-28T04:02:39.083Z,2026-07-27 23:02:39.083,21131,6762df,y9d41p,0.7.3,fleet_logger_0_1,568230041,UMLIFE_v2_TLC555,ch0,origplant,soil_moisture,1563,,,OK,,,983.0,,name=classic;level=well watered;role=disp;spread=31;gpio=36;device_seq=75760;time_source=device_synced;device_timestamp_utc=2026-07-28T04:02:18.651Z;config_id=257fa022;rssi=-53;uptime_s=568230;heap=195636;cal_tier=channel-cal;cal_src=wet_rederive_1236_20260719;pressure_context_source=weather_openmeteo;transport=wifi_poll,
plants.soil,2026-07-28T04:02:39.083Z,2026-07-27 23:02:39.083,21132,6762df,y9d41p,0.7.3,fleet_logger_0_1,568230041,UMLIFE_v2_TLC555,ch1,origplant,soil_moisture,1651,,,OK,,,983.0,,name=classic;level=OK;role=disp;spread=28;gpio=39;device_seq=75761;time_source=device_synced;device_timestamp_utc=2026-07-28T04:02:18.651Z;config_id=257fa022;rssi=-53;uptime_s=568230;heap=195636;cal_tier=channel-cal;cal_src=wet_rederive_1236_20260719;pressure_context_source=weather_openmeteo;transport=wifi_poll,
plants.soil,2026-07-28T04:02:39.083Z,2026-07-27 23:02:39.083,21133,6762df,y9d41p,0.7.3,fleet_logger_0_1,568230041,UMLIFE_v2_TLC555,ch2,origplant,soil_moisture,1334,,,OK,,,983.0,,name=classic;level=overwatered;role=disp;spread=34;gpio=34;device_seq=75762;time_source=device_synced;device_timestamp_utc=2026-07-28T04:02:18.651Z;config_id=257fa022;rssi=-53;uptime_s=568230;heap=195636;cal_tier=channel-cal;cal_src=wet_rederive_1236_20260719;pressure_context_source=weather_openmeteo;transport=wifi_poll,
plants.soil,2026-07-28T04:02:39.083Z,2026-07-27 23:02:39.083,21134,6762df,y9d41p,0.7.3,fleet_logger_0_1,568230041,UMLIFE_v2_TLC555,ch3,origplant,soil_moisture,1410,,,OK,,,983.0,,name=classic;level=well watered;role=disp;spread=15;gpio=35;device_seq=75763;time_source=device_synced;device_timestamp_utc=2026-07-28T04:02:18.651Z;config_id=257fa022;rssi=-53;uptime_s=568230;heap=195636;cal_tier=channel-cal;cal_src=wet_rederive_1236_20260719;pressure_context_source=weather_openmeteo;transport=wifi_poll,
plants.env,2026-07-28T04:02:39.083Z,2026-07-27 23:02:39.083,21135,6762df,y9d41p,0.7.3,fleet_logger_0_1,568230797,ESP32,esp32_die,on_chip,die_temp,,52.78,degC,OK,,,,,name=classic;source=esp32_die;cal=uncalibrated_board_proxy;api=temperatureRead;config_id=257fa022;transport=wifi_poll,
plants.soil,2026-07-28T04:03:09.609Z,2026-07-27 23:03:09.609,21136,6762df,y9d41p,0.7.3,fleet_logger_0_1,568260041,UMLIFE_v2_TLC555,ch0,origplant,soil_moisture,1572,,,OK,,,983.0,,name=classic;level=well watered;role=disp;spread=27;gpio=36;device_seq=75764;time_source=device_synced;device_timestamp_utc=2026-07-28T04:02:48.651Z;config_id=257fa022;rssi=-54;uptime_s=568260;heap=195640;cal_tier=channel-cal;cal_src=wet_rederive_1236_20260719;pressure_context_source=weather_openmeteo;transport=wifi_poll,
plants.soil,2026-07-28T04:03:09.609Z,2026-07-27 23:03:09.609,21137,6762df,y9d41p,0.7.3,fleet_logger_0_1,568260041,UMLIFE_v2_TLC555,ch1,origplant,soil_moisture,1658,,,OK,,,983.0,,name=classic;level=OK;role=disp;spread=18;gpio=39;device_seq=75765;time_source=device_synced;device_timestamp_utc=2026-07-28T04:02:48.651Z;config_id=257fa022;rssi=-54;uptime_s=568260;heap=195640;cal_tier=channel-cal;cal_src=wet_rederive_1236_20260719;pressure_context_source=weather_openmeteo;transport=wifi_poll,
plants.soil,2026-07-28T04:03:09.609Z,2026-07-27 23:03:09.609,21138,6762df,y9d41p,0.7.3,fleet_logger_0_1,568260041,UMLIFE_v2_TLC555,ch2,origplant,soil_moisture,1336,,,OK,,,983.0,,name=classic;level=overwatered;role=disp;spread=22;gpio=34;device_seq=75766;time_source=device_synced;device_timestamp_utc=2026-07-28T04:02:48.651Z;config_id=257fa022;rssi=-54;uptime_s=568260;heap=195640;cal_tier=channel-cal;cal_src=wet_rederive_1236_20260719;pressure_context_source=weather_openmeteo;transport=wifi_poll,
plants.soil,2026-07-28T04:03:09.609Z,2026-07-27 23:03:09.609,21139,6762df,y9d41p,0.7.3,fleet_logger_0_1,568260041,UMLIFE_v2_TLC555,ch3,origplant,soil_moisture,1413,,,OK,,,983.0,,name=classic;level=well watered;role=disp;spread=27;gpio=35;device_seq=75767;time_source=device_synced;device_timestamp_utc=2026-07-28T04:02:48.651Z;config_id=257fa022;rssi=-54;uptime_s=568260;heap=195640;cal_tier=channel-cal;cal_src=wet_rederive_1236_20260719;pressure_context_source=weather_openmeteo;transport=wifi_poll,
plants.env,2026-07-28T04:03:09.609Z,2026-07-27 23:03:09.609,21140,6762df,y9d41p,0.7.3,fleet_logger_0_1,568260797,ESP32,esp32_die,on_chip,die_temp,,52.78,degC,OK,,,,,name=classic;source=esp32_die;cal=uncalibrated_board_proxy;api=temperatureRead;config_id=257fa022;transport=wifi_poll,
plants.soil,2026-07-28T04:03:40.114Z,2026-07-27 23:03:40.114,21141,6762df,y9d41p,0.7.3,fleet_logger_0_1,568290041,UMLIFE_v2_TLC555,ch0,origplant,soil_moisture,1573,,,OK,,,983.0,,name=classic;level=well watered;role=disp;spread=30;gpio=36;device_seq=75768;time_source=device_synced;device_timestamp_utc=2026-07-28T04:03:18.651Z;config_id=257fa022;rssi=-56;uptime_s=568290;heap=195904;cal_tier=channel-cal;cal_src=wet_rederive_1236_20260719;pressure_context_source=weather_openmeteo;transport=wifi_poll,
plants.soil,2026-07-28T04:03:40.114Z,2026-07-27 23:03:40.114,21142,6762df,y9d41p,0.7.3,fleet_logger_0_1,568290041,UMLIFE_v2_TLC555,ch1,origplant,soil_moisture,1662,,,OK,,,983.0,,name=classic;level=OK;role=disp;spread=31;gpio=39;device_seq=75769;time_source=device_synced;device_timestamp_utc=2026-07-28T04:03:18.651Z;config_id=257fa022;rssi=-56;uptime_s=568290;heap=195904;cal_tier=channel-cal;cal_src=wet_rederive_1236_20260719;pressure_context_source=weather_openmeteo;transport=wifi_poll,
plants.soil,2026-07-28T04:03:40.114Z,2026-07-27 23:03:40.114,21143,6762df,y9d41p,0.7.3,fleet_logger_0_1,568290041,UMLIFE_v2_TLC555,ch2,origplant,soil_moisture,1338,,,OK,,,983.0,,name=classic;level=overwatered;role=disp;spread=22;gpio=34;device_seq=75770;time_source=device_synced;device_timestamp_utc=2026-07-28T04:03:18.651Z;config_id=257fa022;rssi=-56;uptime_s=568290;heap=195904;cal_tier=channel-cal;cal_src=wet_rederive_1236_20260719;pressure_context_source=weather_openmeteo;transport=wifi_poll,
plants.soil,2026-07-28T04:03:40.114Z,2026-07-27 23:03:40.114,21144,6762df,y9d41p,0.7.3,fleet_logger_0_1,568290041,UMLIFE_v2_TLC555,ch3,origplant,soil_moisture,1418,,,OK,,,983.0,,name=classic;level=well watered;role=disp;spread=36;gpio=35;device_seq=75771;time_source=device_synced;device_timestamp_utc=2026-07-28T04:03:18.651Z;config_id=257fa022;rssi=-56;uptime_s=568290;heap=195904;cal_tier=channel-cal;cal_src=wet_rederive_1236_20260719;pressure_context_source=weather_openmeteo;transport=wifi_poll,
plants.env,2026-07-28T04:03:40.114Z,2026-07-27 23:03:40.114,21145,6762df,y9d41p,0.7.3,fleet_logger_0_1,568290797,ESP32,esp32_die,on_chip,die_temp,,52.78,degC,OK,,,,,name=classic;source=esp32_die;cal=uncalibrated_board_proxy;api=temperatureRead;config_id=257fa022;transport=wifi_poll,
plants.soil,2026-07-28T04:04:45.035Z,2026-07-27 23:04:45.035,21146,6762df,y9d41p,0.7.3,fleet_logger_0_1,568350041,UMLIFE_v2_TLC555,ch0,origplant,soil_moisture,1573,,,OK,,,983.0,,name=classic;level=well watered;role=disp;spread=39;gpio=36;device_seq=75776;time_source=device_synced;device_timestamp_utc=2026-07-28T04:04:18.651Z;config_id=257fa022;rssi=-55;uptime_s=568350;heap=196152;cal_tier=channel-cal;cal_src=wet_rederive_1236_20260719;pressure_context_source=weather_openmeteo;transport=wifi_poll,
plants.soil,2026-07-28T04:04:45.035Z,2026-07-27 23:04:45.035,21147,6762df,y9d41p,0.7.3,fleet_logger_0_1,568350041,UMLIFE_v2_TLC555,ch1,origplant,soil_moisture,1675,,,OK,,,983.0,,name=classic;level=OK;role=disp;spread=28;gpio=39;device_seq=75777;time_source=device_synced;device_timestamp_utc=2026-07-28T04:04:18.651Z;config_id=257fa022;rssi=-55;uptime_s=568350;heap=196152;cal_tier=channel-cal;cal_src=wet_rederive_1236_20260719;pressure_context_source=weather_openmeteo;transport=wifi_poll,
plants.soil,2026-07-28T04:04:45.035Z,2026-07-27 23:04:45.035,21148,6762df,y9d41p,0.7.3,fleet_logger_0_1,568350041,UMLIFE_v2_TLC555,ch2,origplant,soil_moisture,1346,,,OK,,,983.0,,name=classic;level=overwatered;role=disp;spread=19;gpio=34;device_seq=75778;time_source=device_synced;device_timestamp_utc=2026-07-28T04:04:18.651Z;config_id=257fa022;rssi=-55;uptime_s=568350;heap=196152;cal_tier=channel-cal;cal_src=wet_rederive_1236_20260719;pressure_context_source=weather_openmeteo;transport=wifi_poll,
plants.soil,2026-07-28T04:04:45.035Z,2026-07-27 23:04:45.035,21149,6762df,y9d41p,0.7.3,fleet_logger_0_1,568350041,UMLIFE_v2_TLC555,ch3,origplant,soil_moisture,1419,,,OK,,,983.0,,name=classic;level=well watered;role=disp;spread=16;gpio=35;device_seq=75779;time_source=device_synced;device_timestamp_utc=2026-07-28T04:04:18.651Z;config_id=257fa022;rssi=-55;uptime_s=568350;heap=196152;cal_tier=channel-cal;cal_src=wet_rederive_1236_20260719;pressure_context_source=weather_openmeteo;transport=wifi_poll,
plants.env,2026-07-28T04:04:45.035Z,2026-07-27 23:04:45.035,21150,6762df,y9d41p,0.7.3,fleet_logger_0_1,568350796,ESP32,esp32_die,on_chip,die_temp,,52.78,degC,OK,,,,,name=classic;source=esp32_die;cal=uncalibrated_board_proxy;api=temperatureRead;config_id=257fa022;transport=wifi_poll,
plants.soil,2026-07-28T04:05:15.654Z,2026-07-27 23:05:15.654,21151,6762df,y9d41p,0.7.3,fleet_logger_0_1,568380041,UMLIFE_v2_TLC555,ch0,origplant,soil_moisture,1576,,,OK,,,983.0,,name=classic;level=well watered;role=disp;spread=36;gpio=36;device_seq=75780;time_source=device_synced;device_timestamp_utc=2026-07-28T04:04:48.651Z;config_id=257fa022;rssi=-53;uptime_s=568380;heap=196152;cal_tier=channel-cal;cal_src=wet_rederive_1236_20260719;pressure_context_source=weather_openmeteo;transport=wifi_poll,
plants.soil,2026-07-28T04:05:15.654Z,2026-07-27 23:05:15.654,21152,6762df,y9d41p,0.7.3,fleet_logger_0_1,568380041,UMLIFE_v2_TLC555,ch1,origplant,soil_moisture,1678,,,OK,,,983.0,,name=classic;level=OK;role=disp;spread=48;gpio=39;device_seq=75781;time_source=device_synced;device_timestamp_utc=2026-07-28T04:04:48.651Z;config_id=257fa022;rssi=-53;uptime_s=568380;heap=196152;cal_tier=channel-cal;cal_src=wet_rederive_1236_20260719;pressure_context_source=weather_openmeteo;transport=wifi_poll,
plants.soil,2026-07-28T04:05:15.654Z,2026-07-27 23:05:15.654,21153,6762df,y9d41p,0.7.3,fleet_logger_0_1,568380041,UMLIFE_v2_TLC555,ch2,origplant,soil_moisture,1356,,,OK,,,983.0,,name=classic;level=overwatered;role=disp;spread=27;gpio=34;device_seq=75782;time_source=device_synced;device_timestamp_utc=2026-07-28T04:04:48.651Z;config_id=257fa022;rssi=-53;uptime_s=568380;heap=196152;cal_tier=channel-cal;cal_src=wet_rederive_1236_20260719;pressure_context_source=weather_openmeteo;transport=wifi_poll,
plants.soil,2026-07-28T04:05:15.654Z,2026-07-27 23:05:15.654,21154,6762df,y9d41p,0.7.3,fleet_logger_0_1,568380041,UMLIFE_v2_TLC555,ch3,origplant,soil_moisture,1423,,,OK,,,983.0,,name=classic;level=well watered;role=disp;spread=16;gpio=35;device_seq=75783;time_source=device_synced;device_timestamp_utc=2026-07-28T04:04:48.651Z;config_id=257fa022;rssi=-53;uptime_s=568380;heap=196152;cal_tier=channel-cal;cal_src=wet_rederive_1236_20260719;pressure_context_source=weather_openmeteo;transport=wifi_poll,
plants.env,2026-07-28T04:05:15.654Z,2026-07-27 23:05:15.654,21155,6762df,y9d41p,0.7.3,fleet_logger_0_1,568380797,ESP32,esp32_die,on_chip,die_temp,,52.22,degC,OK,,,,,name=classic;source=esp32_die;cal=uncalibrated_board_proxy;api=temperatureRead;config_id=257fa022;transport=wifi_poll,
plants.soil,2026-07-28T04:05:46.381Z,2026-07-27 23:05:46.381,21156,6762df,y9d41p,0.7.3,fleet_logger_0_1,568410042,UMLIFE_v2_TLC555,ch0,origplant,soil_moisture,1574,,,OK,,,983.0,,name=classic;level=well watered;role=disp;spread=22;gpio=36;device_seq=75784;time_source=device_synced;device_timestamp_utc=2026-07-28T04:05:18.652Z;config_id=257fa022;rssi=-53;uptime_s=568410;heap=195904;cal_tier=channel-cal;cal_src=wet_rederive_1236_20260719;pressure_context_source=weather_openmeteo;transport=wifi_poll,
plants.soil,2026-07-28T04:05:46.381Z,2026-07-27 23:05:46.381,21157,6762df,y9d41p,0.7.3,fleet_logger_0_1,568410042,UMLIFE_v2_TLC555,ch1,origplant,soil_moisture,1672,,,OK,,,983.0,,name=classic;level=OK;role=disp;spread=48;gpio=39;device_seq=75785;time_source=device_synced;device_timestamp_utc=2026-07-28T04:05:18.652Z;config_id=257fa022;rssi=-53;uptime_s=568410;heap=195904;cal_tier=channel-cal;cal_src=wet_rederive_1236_20260719;pressure_context_source=weather_openmeteo;transport=wifi_poll,
plants.soil,2026-07-28T04:05:46.381Z,2026-07-27 23:05:46.381,21158,6762df,y9d41p,0.7.3,fleet_logger_0_1,568410042,UMLIFE_v2_TLC555,ch2,origplant,soil_moisture,1362,,,OK,,,983.0,,name=classic;level=overwatered;role=disp;spread=54;gpio=34;device_seq=75786;time_source=device_synced;device_timestamp_utc=2026-07-28T04:05:18.652Z;config_id=257fa022;rssi=-53;uptime_s=568410;heap=195904;cal_tier=channel-cal;cal_src=wet_rederive_1236_20260719;pressure_context_source=weather_openmeteo;transport=wifi_poll,
plants.soil,2026-07-28T04:05:46.381Z,2026-07-27 23:05:46.381,21159,6762df,y9d41p,0.7.3,fleet_logger_0_1,568410042,UMLIFE_v2_TLC555,ch3,origplant,soil_moisture,1434,,,OK,,,983.0,,name=classic;level=well watered;role=disp;spread=14;gpio=35;device_seq=75787;time_source=device_synced;device_timestamp_utc=2026-07-28T04:05:18.652Z;config_id=257fa022;rssi=-53;uptime_s=568410;heap=195904;cal_tier=channel-cal;cal_src=wet_rederive_1236_20260719;pressure_context_source=weather_openmeteo;transport=wifi_poll,
plants.env,2026-07-28T04:05:46.381Z,2026-07-27 23:05:46.381,21160,6762df,y9d41p,0.7.3,fleet_logger_0_1,568410798,ESP32,esp32_die,on_chip,die_temp,,52.78,degC,OK,,,,,name=classic;source=esp32_die;cal=uncalibrated_board_proxy;api=temperatureRead;config_id=257fa022;transport=wifi_poll,
plants.soil,2026-07-28T04:06:16.991Z,2026-07-27 23:06:16.991,21161,6762df,y9d41p,0.7.3,fleet_logger_0_1,568440042,UMLIFE_v2_TLC555,ch0,origplant,soil_moisture,1570,,,OK,,,983.0,,name=classic;level=well watered;role=disp;spread=49;gpio=36;device_seq=75788;time_source=device_synced;device_timestamp_utc=2026-07-28T04:05:48.652Z;config_id=257fa022;rssi=-55;uptime_s=568440;heap=195904;cal_tier=channel-cal;cal_src=wet_rederive_1236_20260719;pressure_context_source=weather_openmeteo;transport=wifi_poll,
plants.soil,2026-07-28T04:06:16.991Z,2026-07-27 23:06:16.991,21162,6762df,y9d41p,0.7.3,fleet_logger_0_1,568440042,UMLIFE_v2_TLC555,ch1,origplant,soil_moisture,1673,,,OK,,,983.0,,name=classic;level=OK;role=disp;spread=23;gpio=39;device_seq=75789;time_source=device_synced;device_timestamp_utc=2026-07-28T04:05:48.652Z;config_id=257fa022;rssi=-55;uptime_s=568440;heap=195904;cal_tier=channel-cal;cal_src=wet_rederive_1236_20260719;pressure_context_source=weather_openmeteo;transport=wifi_poll,
plants.soil,2026-07-28T04:06:16.991Z,2026-07-27 23:06:16.991,21163,6762df,y9d41p,0.7.3,fleet_logger_0_1,568440042,UMLIFE_v2_TLC555,ch2,origplant,soil_moisture,1358,,,OK,,,983.0,,name=classic;level=overwatered;role=disp;spread=37;gpio=34;device_seq=75790;time_source=device_synced;device_timestamp_utc=2026-07-28T04:05:48.652Z;config_id=257fa022;rssi=-55;uptime_s=568440;heap=195904;cal_tier=channel-cal;cal_src=wet_rederive_1236_20260719;pressure_context_source=weather_openmeteo;transport=wifi_poll,
plants.soil,2026-07-28T04:06:16.991Z,2026-07-27 23:06:16.991,21164,6762df,y9d41p,0.7.3,fleet_logger_0_1,568440042,UMLIFE_v2_TLC555,ch3,origplant,soil_moisture,1432,,,OK,,,983.0,,name=classic;level=well watered;role=disp;spread=9;gpio=35;device_seq=75791;time_source=device_synced;device_timestamp_utc=2026-07-28T04:05:48.652Z;config_id=257fa022;rssi=-55;uptime_s=568440;heap=195904;cal_tier=channel-cal;cal_src=wet_rederive_1236_20260719;pressure_context_source=weather_openmeteo;transport=wifi_poll,
plants.env,2026-07-28T04:06:16.991Z,2026-07-27 23:06:16.991,21165,6762df,y9d41p,0.7.3,fleet_logger_0_1,568440798,ESP32,esp32_die,on_chip,die_temp,,51.67,degC,OK,,,,,name=classic;source=esp32_die;cal=uncalibrated_board_proxy;api=temperatureRead;config_id=257fa022;transport=wifi_poll,
plants.soil,2026-07-28T04:06:48.327Z,2026-07-27 23:06:48.327,21166,6762df,y9d41p,0.7.3,fleet_logger_0_1,568500041,UMLIFE_v2_TLC555,ch0,origplant,soil_moisture,1572,,,OK,,,983.0,,name=classic;level=well watered;role=disp;spread=21;gpio=36;device_seq=75796;time_source=device_synced;device_timestamp_utc=2026-07-28T04:06:48.651Z;config_id=257fa022;rssi=-53;uptime_s=568500;heap=196156;cal_tier=channel-cal;cal_src=wet_rederive_1236_20260719;pressure_context_source=weather_openmeteo;transport=wifi_poll,
plants.soil,2026-07-28T04:06:48.327Z,2026-07-27 23:06:48.327,21167,6762df,y9d41p,0.7.3,fleet_logger_0_1,568500041,UMLIFE_v2_TLC555,ch1,origplant,soil_moisture,1677,,,OK,,,983.0,,name=classic;level=OK;role=disp;spread=35;gpio=39;device_seq=75797;time_source=device_synced;device_timestamp_utc=2026-07-28T04:06:48.651Z;config_id=257fa022;rssi=-53;uptime_s=568500;heap=196156;cal_tier=channel-cal;cal_src=wet_rederive_1236_20260719;pressure_context_source=weather_openmeteo;transport=wifi_poll,
plants.soil,2026-07-28T04:06:48.327Z,2026-07-27 23:06:48.327,21168,6762df,y9d41p,0.7.3,fleet_logger_0_1,568500041,UMLIFE_v2_TLC555,ch2,origplant,soil_moisture,1359,,,OK,,,983.0,,name=classic;level=overwatered;role=disp;spread=43;gpio=34;device_seq=75798;time_source=device_synced;device_timestamp_utc=2026-07-28T04:06:48.651Z;config_id=257fa022;rssi=-53;uptime_s=568500;heap=196156;cal_tier=channel-cal;cal_src=wet_rederive_1236_20260719;pressure_context_source=weather_openmeteo;transport=wifi_poll,
plants.soil,2026-07-28T04:06:48.327Z,2026-07-27 23:06:48.327,21169,6762df,y9d41p,0.7.3,fleet_logger_0_1,568500041,UMLIFE_v2_TLC555,ch3,origplant,soil_moisture,1441,,,OK,,,983.0,,name=classic;level=well watered;role=disp;spread=16;gpio=35;device_seq=75799;time_source=device_synced;device_timestamp_utc=2026-07-28T04:06:48.651Z;config_id=257fa022;rssi=-53;uptime_s=568500;heap=196156;cal_tier=channel-cal;cal_src=wet_rederive_1236_20260719;pressure_context_source=weather_openmeteo;transport=wifi_poll,
plants.env,2026-07-28T04:06:48.327Z,2026-07-27 23:06:48.327,21170,6762df,y9d41p,0.7.3,fleet_logger_0_1,568500796,ESP32,esp32_die,on_chip,die_temp,,52.78,degC,OK,,,,,name=classic;source=esp32_die;cal=uncalibrated_board_proxy;api=temperatureRead;config_id=257fa022;transport=wifi_poll,
plants.soil,2026-07-28T04:07:19.048Z,2026-07-27 23:07:19.048,21171,6762df,y9d41p,0.7.3,fleet_logger_0_1,568530041,UMLIFE_v2_TLC555,ch0,origplant,soil_moisture,1575,,,OK,,,983.0,,name=classic;level=well watered;role=disp;spread=11;gpio=36;device_seq=75800;time_source=device_synced;device_timestamp_utc=2026-07-28T04:07:18.651Z;config_id=257fa022;rssi=-54;uptime_s=568530;heap=196152;cal_tier=channel-cal;cal_src=wet_rederive_1236_20260719;pressure_context_source=weather_openmeteo;transport=wifi_poll,
plants.soil,2026-07-28T04:07:19.048Z,2026-07-27 23:07:19.048,21172,6762df,y9d41p,0.7.3,fleet_logger_0_1,568530041,UMLIFE_v2_TLC555,ch1,origplant,soil_moisture,1683,,,OK,,,983.0,,name=classic;level=OK;role=disp;spread=26;gpio=39;device_seq=75801;time_source=device_synced;device_timestamp_utc=2026-07-28T04:07:18.651Z;config_id=257fa022;rssi=-54;uptime_s=568530;heap=196152;cal_tier=channel-cal;cal_src=wet_rederive_1236_20260719;pressure_context_source=weather_openmeteo;transport=wifi_poll,
plants.soil,2026-07-28T04:07:19.048Z,2026-07-27 23:07:19.048,21173,6762df,y9d41p,0.7.3,fleet_logger_0_1,568530041,UMLIFE_v2_TLC555,ch2,origplant,soil_moisture,1361,,,OK,,,983.0,,name=classic;level=overwatered;role=disp;spread=46;gpio=34;device_seq=75802;time_source=device_synced;device_timestamp_utc=2026-07-28T04:07:18.651Z;config_id=257fa022;rssi=-54;uptime_s=568530;heap=196152;cal_tier=channel-cal;cal_src=wet_rederive_1236_20260719;pressure_context_source=weather_openmeteo;transport=wifi_poll,
plants.soil,2026-07-28T04:07:19.048Z,2026-07-27 23:07:19.048,21174,6762df,y9d41p,0.7.3,fleet_logger_0_1,568530041,UMLIFE_v2_TLC555,ch3,origplant,soil_moisture,1442,,,OK,,,983.0,,name=classic;level=well watered;role=disp;spread=6;gpio=35;device_seq=75803;time_source=device_synced;device_timestamp_utc=2026-07-28T04:07:18.651Z;config_id=257fa022;rssi=-54;uptime_s=568530;heap=196152;cal_tier=channel-cal;cal_src=wet_rederive_1236_20260719;pressure_context_source=weather_openmeteo;transport=wifi_poll,
plants.env,2026-07-28T04:07:19.048Z,2026-07-27 23:07:19.048,21175,6762df,y9d41p,0.7.3,fleet_logger_0_1,568530797,ESP32,esp32_die,on_chip,die_temp,,52.22,degC,OK,,,,,name=classic;source=esp32_die;cal=uncalibrated_board_proxy;api=temperatureRead;config_id=257fa022;transport=wifi_poll,
plants.soil,2026-07-28T04:07:49.767Z,2026-07-27 23:07:49.767,21176,6762df,y9d41p,0.7.3,fleet_logger_0_1,568560041,UMLIFE_v2_TLC555,ch0,origplant,soil_moisture,1573,,,OK,,,983.0,,name=classic;level=well watered;role=disp;spread=32;gpio=36;device_seq=75804;time_source=device_synced;device_timestamp_utc=2026-07-28T04:07:48.651Z;config_id=257fa022;rssi=-55;uptime_s=568560;heap=196140;cal_tier=channel-cal;cal_src=wet_rederive_1236_20260719;pressure_context_source=weather_openmeteo;transport=wifi_poll,
plants.soil,2026-07-28T04:07:49.767Z,2026-07-27 23:07:49.767,21177,6762df,y9d41p,0.7.3,fleet_logger_0_1,568560041,UMLIFE_v2_TLC555,ch1,origplant,soil_moisture,1677,,,OK,,,983.0,,name=classic;level=OK;role=disp;spread=28;gpio=39;device_seq=75805;time_source=device_synced;device_timestamp_utc=2026-07-28T04:07:48.651Z;config_id=257fa022;rssi=-55;uptime_s=568560;heap=196140;cal_tier=channel-cal;cal_src=wet_rederive_1236_20260719;pressure_context_source=weather_openmeteo;transport=wifi_poll,
plants.soil,2026-07-28T04:07:49.767Z,2026-07-27 23:07:49.767,21178,6762df,y9d41p,0.7.3,fleet_logger_0_1,568560041,UMLIFE_v2_TLC555,ch2,origplant,soil_moisture,1363,,,OK,,,983.0,,name=classic;level=overwatered;role=disp;spread=35;gpio=34;device_seq=75806;time_source=device_synced;device_timestamp_utc=2026-07-28T04:07:48.651Z;config_id=257fa022;rssi=-55;uptime_s=568560;heap=196140;cal_tier=channel-cal;cal_src=wet_rederive_1236_20260719;pressure_context_source=weather_openmeteo;transport=wifi_poll,
plants.soil,2026-07-28T04:07:49.767Z,2026-07-27 23:07:49.767,21179,6762df,y9d41p,0.7.3,fleet_logger_0_1,568560041,UMLIFE_v2_TLC555,ch3,origplant,soil_moisture,1446,,,OK,,,983.0,,name=classic;level=well watered;role=disp;spread=33;gpio=35;device_seq=75807;time_source=device_synced;device_timestamp_utc=2026-07-28T04:07:48.651Z;config_id=257fa022;rssi=-55;uptime_s=568560;heap=196140;cal_tier=channel-cal;cal_src=wet_rederive_1236_20260719;pressure_context_source=weather_openmeteo;transport=wifi_poll,
plants.env,2026-07-28T04:07:49.767Z,2026-07-27 23:07:49.767,21180,6762df,y9d41p,0.7.3,fleet_logger_0_1,568560797,ESP32,esp32_die,on_chip,die_temp,,52.22,degC,OK,,,,,name=classic;source=esp32_die;cal=uncalibrated_board_proxy;api=temperatureRead;config_id=257fa022;transport=wifi_poll,
plants.soil,2026-07-28T04:08:20.387Z,2026-07-27 23:08:20.387,21181,6762df,y9d41p,0.7.3,fleet_logger_0_1,568590041,UMLIFE_v2_TLC555,ch0,origplant,soil_moisture,1574,,,OK,,,983.0,,name=classic;level=well watered;role=disp;spread=14;gpio=36;device_seq=75808;time_source=device_synced;device_timestamp_utc=2026-07-28T04:08:18.651Z;config_id=257fa022;rssi=-54;uptime_s=568590;heap=195884;cal_tier=channel-cal;cal_src=wet_rederive_1236_20260719;pressure_context_source=weather_openmeteo;transport=wifi_poll,
plants.soil,2026-07-28T04:08:20.387Z,2026-07-27 23:08:20.387,21182,6762df,y9d41p,0.7.3,fleet_logger_0_1,568590041,UMLIFE_v2_TLC555,ch1,origplant,soil_moisture,1674,,,OK,,,983.0,,name=classic;level=OK;role=disp;spread=42;gpio=39;device_seq=75809;time_source=device_synced;device_timestamp_utc=2026-07-28T04:08:18.651Z;config_id=257fa022;rssi=-54;uptime_s=568590;heap=195884;cal_tier=channel-cal;cal_src=wet_rederive_1236_20260719;pressure_context_source=weather_openmeteo;transport=wifi_poll,
plants.soil,2026-07-28T04:08:20.387Z,2026-07-27 23:08:20.387,21183,6762df,y9d41p,0.7.3,fleet_logger_0_1,568590041,UMLIFE_v2_TLC555,ch2,origplant,soil_moisture,1359,,,OK,,,983.0,,name=classic;level=overwatered;role=disp;spread=24;gpio=34;device_seq=75810;time_source=device_synced;device_timestamp_utc=2026-07-28T04:08:18.651Z;config_id=257fa022;rssi=-54;uptime_s=568590;heap=195884;cal_tier=channel-cal;cal_src=wet_rederive_1236_20260719;pressure_context_source=weather_openmeteo;transport=wifi_poll,
plants.soil,2026-07-28T04:08:20.387Z,2026-07-27 23:08:20.387,21184,6762df,y9d41p,0.7.3,fleet_logger_0_1,568590041,UMLIFE_v2_TLC555,ch3,origplant,soil_moisture,1444,,,OK,,,983.0,,name=classic;level=well watered;role=disp;spread=11;gpio=35;device_seq=75811;time_source=device_synced;device_timestamp_utc=2026-07-28T04:08:18.651Z;config_id=257fa022;rssi=-54;uptime_s=568590;heap=195884;cal_tier=channel-cal;cal_src=wet_rederive_1236_20260719;pressure_context_source=weather_openmeteo;transport=wifi_poll,
plants.env,2026-07-28T04:08:20.387Z,2026-07-27 23:08:20.387,21185,6762df,y9d41p,0.7.3,fleet_logger_0_1,568590797,ESP32,esp32_die,on_chip,die_temp,,52.22,degC,OK,,,,,name=classic;source=esp32_die;cal=uncalibrated_board_proxy;api=temperatureRead;config_id=257fa022;transport=wifi_poll,
plants.soil,2026-07-28T04:08:51.002Z,2026-07-27 23:08:51.002,21186,6762df,y9d41p,0.7.3,fleet_logger_0_1,568620041,UMLIFE_v2_TLC555,ch0,origplant,soil_moisture,1573,,,OK,,,983.0,,name=classic;level=well watered;role=disp;spread=19;gpio=36;device_seq=75812;time_source=device_synced;device_timestamp_utc=2026-07-28T04:08:48.651Z;config_id=257fa022;rssi=-53;uptime_s=568620;heap=195636;cal_tier=channel-cal;cal_src=wet_rederive_1236_20260719;pressure_context_source=weather_openmeteo;transport=wifi_poll,
plants.soil,2026-07-28T04:08:51.002Z,2026-07-27 23:08:51.002,21187,6762df,y9d41p,0.7.3,fleet_logger_0_1,568620041,UMLIFE_v2_TLC555,ch1,origplant,soil_moisture,1674,,,OK,,,983.0,,name=classic;level=OK;role=disp;spread=36;gpio=39;device_seq=75813;time_source=device_synced;device_timestamp_utc=2026-07-28T04:08:48.651Z;config_id=257fa022;rssi=-53;uptime_s=568620;heap=195636;cal_tier=channel-cal;cal_src=wet_rederive_1236_20260719;pressure_context_source=weather_openmeteo;transport=wifi_poll,
plants.soil,2026-07-28T04:08:51.002Z,2026-07-27 23:08:51.002,21188,6762df,y9d41p,0.7.3,fleet_logger_0_1,568620041,UMLIFE_v2_TLC555,ch2,origplant,soil_moisture,1358,,,OK,,,983.0,,name=classic;level=overwatered;role=disp;spread=33;gpio=34;device_seq=75814;time_source=device_synced;device_timestamp_utc=2026-07-28T04:08:48.651Z;config_id=257fa022;rssi=-53;uptime_s=568620;heap=195636;cal_tier=channel-cal;cal_src=wet_rederive_1236_20260719;pressure_context_source=weather_openmeteo;transport=wifi_poll,
plants.soil,2026-07-28T04:08:51.002Z,2026-07-27 23:08:51.002,21189,6762df,y9d41p,0.7.3,fleet_logger_0_1,568620041,UMLIFE_v2_TLC555,ch3,origplant,soil_moisture,1451,,,OK,,,983.0,,name=classic;level=well watered;role=disp;spread=42;gpio=35;device_seq=75815;time_source=device_synced;device_timestamp_utc=2026-07-28T04:08:48.651Z;config_id=257fa022;rssi=-53;uptime_s=568620;heap=195636;cal_tier=channel-cal;cal_src=wet_rederive_1236_20260719;pressure_context_source=weather_openmeteo;transport=wifi_poll,
plants.env,2026-07-28T04:08:51.002Z,2026-07-27 23:08:51.002,21190,6762df,y9d41p,0.7.3,fleet_logger_0_1,568620797,ESP32,esp32_die,on_chip,die_temp,,52.22,degC,OK,,,,,name=classic;source=esp32_die;cal=uncalibrated_board_proxy;api=temperatureRead;config_id=257fa022;transport=wifi_poll,
plants.soil,2026-07-28T04:09:21.622Z,2026-07-27 23:09:21.622,21191,6762df,y9d41p,0.7.3,fleet_logger_0_1,568650041,UMLIFE_v2_TLC555,ch0,origplant,soil_moisture,1574,,,OK,,,983.0,,name=classic;level=well watered;role=disp;spread=20;gpio=36;device_seq=75816;time_source=device_synced;device_timestamp_utc=2026-07-28T04:09:18.651Z;config_id=257fa022;rssi=-53;uptime_s=568650;heap=195872;cal_tier=channel-cal;cal_src=wet_rederive_1236_20260719;pressure_context_source=weather_openmeteo;transport=wifi_poll,
plants.soil,2026-07-28T04:09:21.622Z,2026-07-27 23:09:21.622,21192,6762df,y9d41p,0.7.3,fleet_logger_0_1,568650041,UMLIFE_v2_TLC555,ch1,origplant,soil_moisture,1672,,,OK,,,983.0,,name=classic;level=OK;role=disp;spread=33;gpio=39;device_seq=75817;time_source=device_synced;device_timestamp_utc=2026-07-28T04:09:18.651Z;config_id=257fa022;rssi=-53;uptime_s=568650;heap=195872;cal_tier=channel-cal;cal_src=wet_rederive_1236_20260719;pressure_context_source=weather_openmeteo;transport=wifi_poll,
plants.soil,2026-07-28T04:09:21.622Z,2026-07-27 23:09:21.622,21193,6762df,y9d41p,0.7.3,fleet_logger_0_1,568650041,UMLIFE_v2_TLC555,ch2,origplant,soil_moisture,1363,,,OK,,,983.0,,name=classic;level=overwatered;role=disp;spread=40;gpio=34;device_seq=75818;time_source=device_synced;device_timestamp_utc=2026-07-28T04:09:18.651Z;config_id=257fa022;rssi=-53;uptime_s=568650;heap=195872;cal_tier=channel-cal;cal_src=wet_rederive_1236_20260719;pressure_context_source=weather_openmeteo;transport=wifi_poll,
plants.soil,2026-07-28T04:09:21.622Z,2026-07-27 23:09:21.622,21194,6762df,y9d41p,0.7.3,fleet_logger_0_1,568650041,UMLIFE_v2_TLC555,ch3,origplant,soil_moisture,1448,,,OK,,,983.0,,name=classic;level=well watered;role=disp;spread=31;gpio=35;device_seq=75819;time_source=device_synced;device_timestamp_utc=2026-07-28T04:09:18.651Z;config_id=257fa022;rssi=-53;uptime_s=568650;heap=195872;cal_tier=channel-cal;cal_src=wet_rederive_1236_20260719;pressure_context_source=weather_openmeteo;transport=wifi_poll,
plants.env,2026-07-28T04:09:21.622Z,2026-07-27 23:09:21.622,21195,6762df,y9d41p,0.7.3,fleet_logger_0_1,568650797,ESP32,esp32_die,on_chip,die_temp,,52.22,degC,OK,,,,,name=classic;source=esp32_die;cal=uncalibrated_board_proxy;api=temperatureRead;config_id=257fa022;transport=wifi_poll,
plants.soil,2026-07-28T04:09:52.236Z,2026-07-27 23:09:52.236,21196,6762df,y9d41p,0.7.3,fleet_logger_0_1,568680041,UMLIFE_v2_TLC555,ch0,origplant,soil_moisture,1571,,,OK,,,983.0,,name=classic;level=well watered;role=disp;spread=27;gpio=36;device_seq=75820;time_source=device_synced;device_timestamp_utc=2026-07-28T04:09:48.651Z;config_id=257fa022;rssi=-52;uptime_s=568680;heap=195892;cal_tier=channel-cal;cal_src=wet_rederive_1236_20260719;pressure_context_source=weather_openmeteo;transport=wifi_poll,
plants.soil,2026-07-28T04:09:52.236Z,2026-07-27 23:09:52.236,21197,6762df,y9d41p,0.7.3,fleet_logger_0_1,568680041,UMLIFE_v2_TLC555,ch1,origplant,soil_moisture,1672,,,OK,,,983.0,,name=classic;level=OK;role=disp;spread=33;gpio=39;device_seq=75821;time_source=device_synced;device_timestamp_utc=2026-07-28T04:09:48.651Z;config_id=257fa022;rssi=-52;uptime_s=568680;heap=195892;cal_tier=channel-cal;cal_src=wet_rederive_1236_20260719;pressure_context_source=weather_openmeteo;transport=wifi_poll,
plants.soil,2026-07-28T04:09:52.236Z,2026-07-27 23:09:52.236,21198,6762df,y9d41p,0.7.3,fleet_logger_0_1,568680041,UMLIFE_v2_TLC555,ch2,origplant,soil_moisture,1361,,,OK,,,983.0,,name=classic;level=overwatered;role=disp;spread=41;gpio=34;device_seq=75822;time_source=device_synced;device_timestamp_utc=2026-07-28T04:09:48.651Z;config_id=257fa022;rssi=-52;uptime_s=568680;heap=195892;cal_tier=channel-cal;cal_src=wet_rederive_1236_20260719;pressure_context_source=weather_openmeteo;transport=wifi_poll,
plants.soil,2026-07-28T04:09:52.236Z,2026-07-27 23:09:52.236,21199,6762df,y9d41p,0.7.3,fleet_logger_0_1,568680041,UMLIFE_v2_TLC555,ch3,origplant,soil_moisture,1446,,,OK,,,983.0,,name=classic;level=well watered;role=disp;spread=24;gpio=35;device_seq=75823;time_source=device_synced;device_timestamp_utc=2026-07-28T04:09:48.651Z;config_id=257fa022;rssi=-52;uptime_s=568680;heap=195892;cal_tier=channel-cal;cal_src=wet_rederive_1236_20260719;pressure_context_source=weather_openmeteo;transport=wifi_poll,
plants.env,2026-07-28T04:09:52.236Z,2026-07-27 23:09:52.236,21200,6762df,y9d41p,0.7.3,fleet_logger_0_1,568680797,ESP32,esp32_die,on_chip,die_temp,,52.78,degC,OK,,,,,name=classic;source=esp32_die;cal=uncalibrated_board_proxy;api=temperatureRead;config_id=257fa022;transport=wifi_poll,
plants.soil,2026-07-28T04:10:22.854Z,2026-07-27 23:10:22.854,21201,6762df,y9d41p,0.7.3,fleet_logger_0_1,568710041,UMLIFE_v2_TLC555,ch0,origplant,soil_moisture,1570,,,OK,,,983.0,,name=classic;level=well watered;role=disp;spread=23;gpio=36;device_seq=75824;time_source=device_synced;device_timestamp_utc=2026-07-28T04:10:18.651Z;config_id=257fa022;rssi=-53;uptime_s=568710;heap=195880;cal_tier=channel-cal;cal_src=wet_rederive_1236_20260719;pressure_context_source=weather_openmeteo;transport=wifi_poll,
plants.soil,2026-07-28T04:10:22.854Z,2026-07-27 23:10:22.854,21202,6762df,y9d41p,0.7.3,fleet_logger_0_1,568710041,UMLIFE_v2_TLC555,ch1,origplant,soil_moisture,1673,,,OK,,,983.0,,name=classic;level=OK;role=disp;spread=26;gpio=39;device_seq=75825;time_source=device_synced;device_timestamp_utc=2026-07-28T04:10:18.651Z;config_id=257fa022;rssi=-53;uptime_s=568710;heap=195880;cal_tier=channel-cal;cal_src=wet_rederive_1236_20260719;pressure_context_source=weather_openmeteo;transport=wifi_poll,
plants.soil,2026-07-28T04:10:22.854Z,2026-07-27 23:10:22.854,21203,6762df,y9d41p,0.7.3,fleet_logger_0_1,568710041,UMLIFE_v2_TLC555,ch2,origplant,soil_moisture,1361,,,OK,,,983.0,,name=classic;level=overwatered;role=disp;spread=41;gpio=34;device_seq=75826;time_source=device_synced;device_timestamp_utc=2026-07-28T04:10:18.651Z;config_id=257fa022;rssi=-53;uptime_s=568710;heap=195880;cal_tier=channel-cal;cal_src=wet_rederive_1236_20260719;pressure_context_source=weather_openmeteo;transport=wifi_poll,
plants.soil,2026-07-28T04:10:22.854Z,2026-07-27 23:10:22.854,21204,6762df,y9d41p,0.7.3,fleet_logger_0_1,568710041,UMLIFE_v2_TLC555,ch3,origplant,soil_moisture,1443,,,OK,,,983.0,,name=classic;level=well watered;role=disp;spread=18;gpio=35;device_seq=75827;time_source=device_synced;device_timestamp_utc=2026-07-28T04:10:18.651Z;config_id=257fa022;rssi=-53;uptime_s=568710;heap=195880;cal_tier=channel-cal;cal_src=wet_rederive_1236_20260719;pressure_context_source=weather_openmeteo;transport=wifi_poll,
plants.env,2026-07-28T04:10:22.854Z,2026-07-27 23:10:22.854,21205,6762df,y9d41p,0.7.3,fleet_logger_0_1,568710797,ESP32,esp32_die,on_chip,die_temp,,52.22,degC,OK,,,,,name=classic;source=esp32_die;cal=uncalibrated_board_proxy;api=temperatureRead;config_id=257fa022;transport=wifi_poll,
plants.soil,2026-07-28T04:10:53.576Z,2026-07-27 23:10:53.576,21206,6762df,y9d41p,0.7.3,fleet_logger_0_1,568740041,UMLIFE_v2_TLC555,ch0,origplant,soil_moisture,1569,,,OK,,,983.0,,name=classic;level=well watered;role=disp;spread=28;gpio=36;device_seq=75828;time_source=device_synced;device_timestamp_utc=2026-07-28T04:10:48.651Z;config_id=257fa022;rssi=-54;uptime_s=568740;heap=195892;cal_tier=channel-cal;cal_src=wet_rederive_1236_20260719;pressure_context_source=weather_openmeteo;transport=wifi_poll,
plants.soil,2026-07-28T04:10:53.576Z,2026-07-27 23:10:53.576,21207,6762df,y9d41p,0.7.3,fleet_logger_0_1,568740041,UMLIFE_v2_TLC555,ch1,origplant,soil_moisture,1674,,,OK,,,983.0,,name=classic;level=OK;role=disp;spread=32;gpio=39;device_seq=75829;time_source=device_synced;device_timestamp_utc=2026-07-28T04:10:48.651Z;config_id=257fa022;rssi=-54;uptime_s=568740;heap=195892;cal_tier=channel-cal;cal_src=wet_rederive_1236_20260719;pressure_context_source=weather_openmeteo;transport=wifi_poll,
plants.soil,2026-07-28T04:10:53.576Z,2026-07-27 23:10:53.576,21208,6762df,y9d41p,0.7.3,fleet_logger_0_1,568740041,UMLIFE_v2_TLC555,ch2,origplant,soil_moisture,1362,,,OK,,,983.0,,name=classic;level=overwatered;role=disp;spread=14;gpio=34;device_seq=75830;time_source=device_synced;device_timestamp_utc=2026-07-28T04:10:48.651Z;config_id=257fa022;rssi=-54;uptime_s=568740;heap=195892;cal_tier=channel-cal;cal_src=wet_rederive_1236_20260719;pressure_context_source=weather_openmeteo;transport=wifi_poll,
plants.soil,2026-07-28T04:10:53.576Z,2026-07-27 23:10:53.576,21209,6762df,y9d41p,0.7.3,fleet_logger_0_1,568740041,UMLIFE_v2_TLC555,ch3,origplant,soil_moisture,1437,,,OK,,,983.0,,name=classic;level=well watered;role=disp;spread=31;gpio=35;device_seq=75831;time_source=device_synced;device_timestamp_utc=2026-07-28T04:10:48.651Z;config_id=257fa022;rssi=-54;uptime_s=568740;heap=195892;cal_tier=channel-cal;cal_src=wet_rederive_1236_20260719;pressure_context_source=weather_openmeteo;transport=wifi_poll,
plants.env,2026-07-28T04:10:53.576Z,2026-07-27 23:10:53.576,21210,6762df,y9d41p,0.7.3,fleet_logger_0_1,568740797,ESP32,esp32_die,on_chip,die_temp,,52.22,degC,OK,,,,,name=classic;source=esp32_die;cal=uncalibrated_board_proxy;api=temperatureRead;config_id=257fa022;transport=wifi_poll,
plants.soil,2026-07-28T04:11:24.192Z,2026-07-27 23:11:24.192,21211,6762df,y9d41p,0.7.3,fleet_logger_0_1,568770041,UMLIFE_v2_TLC555,ch0,origplant,soil_moisture,1571,,,OK,,,983.0,,name=classic;level=well watered;role=disp;spread=32;gpio=36;device_seq=75832;time_source=device_synced;device_timestamp_utc=2026-07-28T04:11:18.651Z;config_id=257fa022;rssi=-53;uptime_s=568770;heap=195632;cal_tier=channel-cal;cal_src=wet_rederive_1236_20260719;pressure_context_source=weather_openmeteo;transport=wifi_poll,
plants.soil,2026-07-28T04:11:24.192Z,2026-07-27 23:11:24.192,21212,6762df,y9d41p,0.7.3,fleet_logger_0_1,568770041,UMLIFE_v2_TLC555,ch1,origplant,soil_moisture,1673,,,OK,,,983.0,,name=classic;level=OK;role=disp;spread=10;gpio=39;device_seq=75833;time_source=device_synced;device_timestamp_utc=2026-07-28T04:11:18.651Z;config_id=257fa022;rssi=-53;uptime_s=568770;heap=195632;cal_tier=channel-cal;cal_src=wet_rederive_1236_20260719;pressure_context_source=weather_openmeteo;transport=wifi_poll,
plants.soil,2026-07-28T04:11:24.192Z,2026-07-27 23:11:24.192,21213,6762df,y9d41p,0.7.3,fleet_logger_0_1,568770041,UMLIFE_v2_TLC555,ch2,origplant,soil_moisture,1361,,,OK,,,983.0,,name=classic;level=overwatered;role=disp;spread=30;gpio=34;device_seq=75834;time_source=device_synced;device_timestamp_utc=2026-07-28T04:11:18.651Z;config_id=257fa022;rssi=-53;uptime_s=568770;heap=195632;cal_tier=channel-cal;cal_src=wet_rederive_1236_20260719;pressure_context_source=weather_openmeteo;transport=wifi_poll,
plants.soil,2026-07-28T04:11:24.192Z,2026-07-27 23:11:24.192,21214,6762df,y9d41p,0.7.3,fleet_logger_0_1,568770041,UMLIFE_v2_TLC555,ch3,origplant,soil_moisture,1449,,,OK,,,983.0,,name=classic;level=well watered;role=disp;spread=20;gpio=35;device_seq=75835;time_source=device_synced;device_timestamp_utc=2026-07-28T04:11:18.651Z;config_id=257fa022;rssi=-53;uptime_s=568770;heap=195632;cal_tier=channel-cal;cal_src=wet_rederive_1236_20260719;pressure_context_source=weather_openmeteo;transport=wifi_poll,
plants.env,2026-07-28T04:11:24.192Z,2026-07-27 23:11:24.192,21215,6762df,y9d41p,0.7.3,fleet_logger_0_1,568770796,ESP32,esp32_die,on_chip,die_temp,,52.78,degC,OK,,,,,name=classic;source=esp32_die;cal=uncalibrated_board_proxy;api=temperatureRead;config_id=257fa022;transport=wifi_poll,
plants.soil,2026-07-28T04:11:54.724Z,2026-07-27 23:11:54.724,21216,6762df,y9d41p,0.7.3,fleet_logger_0_1,568800041,UMLIFE_v2_TLC555,ch0,origplant,soil_moisture,1544,,,OK,,,983.0,,name=classic;level=well watered;role=disp;spread=38;gpio=36;device_seq=75836;time_source=device_synced;device_timestamp_utc=2026-07-28T04:11:48.651Z;config_id=257fa022;rssi=-54;uptime_s=568800;heap=195636;cal_tier=channel-cal;cal_src=wet_rederive_1236_20260719;pressure_context_source=weather_openmeteo;transport=wifi_poll,
plants.soil,2026-07-28T04:11:54.724Z,2026-07-27 23:11:54.724,21217,6762df,y9d41p,0.7.3,fleet_logger_0_1,568800041,UMLIFE_v2_TLC555,ch1,origplant,soil_moisture,1663,,,OK,,,983.0,,name=classic;level=OK;role=disp;spread=28;gpio=39;device_seq=75837;time_source=device_synced;device_timestamp_utc=2026-07-28T04:11:48.651Z;config_id=257fa022;rssi=-54;uptime_s=568800;heap=195636;cal_tier=channel-cal;cal_src=wet_rederive_1236_20260719;pressure_context_source=weather_openmeteo;transport=wifi_poll,
plants.soil,2026-07-28T04:11:54.724Z,2026-07-27 23:11:54.724,21218,6762df,y9d41p,0.7.3,fleet_logger_0_1,568800041,UMLIFE_v2_TLC555,ch2,origplant,soil_moisture,1353,,,OK,,,983.0,,name=classic;level=overwatered;role=disp;spread=30;gpio=34;device_seq=75838;time_source=device_synced;device_timestamp_utc=2026-07-28T04:11:48.651Z;config_id=257fa022;rssi=-54;uptime_s=568800;heap=195636;cal_tier=channel-cal;cal_src=wet_rederive_1236_20260719;pressure_context_source=weather_openmeteo;transport=wifi_poll,
plants.soil,2026-07-28T04:11:54.724Z,2026-07-27 23:11:54.724,21219,6762df,y9d41p,0.7.3,fleet_logger_0_1,568800041,UMLIFE_v2_TLC555,ch3,origplant,soil_moisture,1442,,,OK,,,983.0,,name=classic;level=well watered;role=disp;spread=24;gpio=35;device_seq=75839;time_source=device_synced;device_timestamp_utc=2026-07-28T04:11:48.651Z;config_id=257fa022;rssi=-54;uptime_s=568800;heap=195636;cal_tier=channel-cal;cal_src=wet_rederive_1236_20260719;pressure_context_source=weather_openmeteo;transport=wifi_poll,
plants.env,2026-07-28T04:11:54.724Z,2026-07-27 23:11:54.724,21220,6762df,y9d41p,0.7.3,fleet_logger_0_1,568801863,ESP32,esp32_die,on_chip,die_temp,,52.22,degC,OK,,,,,name=classic;source=esp32_die;cal=uncalibrated_board_proxy;api=temperatureRead;config_id=257fa022;transport=wifi_poll,
plants.soil,2026-07-28T04:12:25.428Z,2026-07-27 23:12:25.428,21221,6762df,y9d41p,0.7.3,fleet_logger_0_1,568830041,UMLIFE_v2_TLC555,ch0,origplant,soil_moisture,1574,,,OK,,,983.0,,name=classic;level=well watered;role=disp;spread=34;gpio=36;device_seq=75840;time_source=device_synced;device_timestamp_utc=2026-07-28T04:12:18.651Z;config_id=257fa022;rssi=-54;uptime_s=568830;heap=195892;cal_tier=channel-cal;cal_src=wet_rederive_1236_20260719;pressure_context_source=weather_openmeteo;transport=wifi_poll,
plants.soil,2026-07-28T04:12:25.428Z,2026-07-27 23:12:25.428,21222,6762df,y9d41p,0.7.3,fleet_logger_0_1,568830041,UMLIFE_v2_TLC555,ch1,origplant,soil_moisture,1670,,,OK,,,983.0,,name=classic;level=OK;role=disp;spread=31;gpio=39;device_seq=75841;time_source=device_synced;device_timestamp_utc=2026-07-28T04:12:18.651Z;config_id=257fa022;rssi=-54;uptime_s=568830;heap=195892;cal_tier=channel-cal;cal_src=wet_rederive_1236_20260719;pressure_context_source=weather_openmeteo;transport=wifi_poll,
plants.soil,2026-07-28T04:12:25.428Z,2026-07-27 23:12:25.428,21223,6762df,y9d41p,0.7.3,fleet_logger_0_1,568830041,UMLIFE_v2_TLC555,ch2,origplant,soil_moisture,1359,,,OK,,,983.0,,name=classic;level=overwatered;role=disp;spread=39;gpio=34;device_seq=75842;time_source=device_synced;device_timestamp_utc=2026-07-28T04:12:18.651Z;config_id=257fa022;rssi=-54;uptime_s=568830;heap=195892;cal_tier=channel-cal;cal_src=wet_rederive_1236_20260719;pressure_context_source=weather_openmeteo;transport=wifi_poll,
plants.soil,2026-07-28T04:12:25.428Z,2026-07-27 23:12:25.428,21224,6762df,y9d41p,0.7.3,fleet_logger_0_1,568830041,UMLIFE_v2_TLC555,ch3,origplant,soil_moisture,1447,,,OK,,,983.0,,name=classic;level=well watered;role=disp;spread=17;gpio=35;device_seq=75843;time_source=device_synced;device_timestamp_utc=2026-07-28T04:12:18.651Z;config_id=257fa022;rssi=-54;uptime_s=568830;heap=195892;cal_tier=channel-cal;cal_src=wet_rederive_1236_20260719;pressure_context_source=weather_openmeteo;transport=wifi_poll,
plants.env,2026-07-28T04:12:25.428Z,2026-07-27 23:12:25.428,21225,6762df,y9d41p,0.7.3,fleet_logger_0_1,568830797,ESP32,esp32_die,on_chip,die_temp,,52.78,degC,OK,,,,,name=classic;source=esp32_die;cal=uncalibrated_board_proxy;api=temperatureRead;config_id=257fa022;transport=wifi_poll,
plants.soil,2026-07-28T04:12:55.825Z,2026-07-27 23:12:55.825,21226,6762df,y9d41p,0.7.3,fleet_logger_0_1,568860041,UMLIFE_v2_TLC555,ch0,origplant,soil_moisture,1571,,,OK,,,983.0,,name=classic;level=well watered;role=disp;spread=32;gpio=36;device_seq=75844;time_source=device_synced;device_timestamp_utc=2026-07-28T04:12:48.651Z;config_id=257fa022;rssi=-54;uptime_s=568860;heap=195892;cal_tier=channel-cal;cal_src=wet_rederive_1236_20260719;pressure_context_source=weather_openmeteo;transport=wifi_poll,
plants.soil,2026-07-28T04:12:55.825Z,2026-07-27 23:12:55.825,21227,6762df,y9d41p,0.7.3,fleet_logger_0_1,568860041,UMLIFE_v2_TLC555,ch1,origplant,soil_moisture,1677,,,OK,,,983.0,,name=classic;level=OK;role=disp;spread=30;gpio=39;device_seq=75845;time_source=device_synced;device_timestamp_utc=2026-07-28T04:12:48.651Z;config_id=257fa022;rssi=-54;uptime_s=568860;heap=195892;cal_tier=channel-cal;cal_src=wet_rederive_1236_20260719;pressure_context_source=weather_openmeteo;transport=wifi_poll,
plants.soil,2026-07-28T04:12:55.825Z,2026-07-27 23:12:55.825,21228,6762df,y9d41p,0.7.3,fleet_logger_0_1,568860041,UMLIFE_v2_TLC555,ch2,origplant,soil_moisture,1364,,,OK,,,983.0,,name=classic;level=overwatered;role=disp;spread=57;gpio=34;device_seq=75846;time_source=device_synced;device_timestamp_utc=2026-07-28T04:12:48.651Z;config_id=257fa022;rssi=-54;uptime_s=568860;heap=195892;cal_tier=channel-cal;cal_src=wet_rederive_1236_20260719;pressure_context_source=weather_openmeteo;transport=wifi_poll,
plants.soil,2026-07-28T04:12:55.825Z,2026-07-27 23:12:55.825,21229,6762df,y9d41p,0.7.3,fleet_logger_0_1,568860041,UMLIFE_v2_TLC555,ch3,origplant,soil_moisture,1441,,,OK,,,983.0,,name=classic;level=well watered;role=disp;spread=12;gpio=35;device_seq=75847;time_source=device_synced;device_timestamp_utc=2026-07-28T04:12:48.651Z;config_id=257fa022;rssi=-54;uptime_s=568860;heap=195892;cal_tier=channel-cal;cal_src=wet_rederive_1236_20260719;pressure_context_source=weather_openmeteo;transport=wifi_poll,
plants.env,2026-07-28T04:12:55.825Z,2026-07-27 23:12:55.825,21230,6762df,y9d41p,0.7.3,fleet_logger_0_1,568860797,ESP32,esp32_die,on_chip,die_temp,,52.78,degC,OK,,,,,name=classic;source=esp32_die;cal=uncalibrated_board_proxy;api=temperatureRead;config_id=257fa022;transport=wifi_poll,
plants.soil,2026-07-28T04:13:26.459Z,2026-07-27 23:13:26.459,21231,6762df,y9d41p,0.7.3,fleet_logger_0_1,568890041,UMLIFE_v2_TLC555,ch0,origplant,soil_moisture,1573,,,OK,,,983.0,,name=classic;level=well watered;role=disp;spread=25;gpio=36;device_seq=75848;time_source=device_synced;device_timestamp_utc=2026-07-28T04:13:18.651Z;config_id=257fa022;rssi=-54;uptime_s=568890;heap=195880;cal_tier=channel-cal;cal_src=wet_rederive_1236_20260719;pressure_context_source=weather_openmeteo;transport=wifi_poll,
plants.soil,2026-07-28T04:13:26.459Z,2026-07-27 23:13:26.459,21232,6762df,y9d41p,0.7.3,fleet_logger_0_1,568890041,UMLIFE_v2_TLC555,ch1,origplant,soil_moisture,1671,,,OK,,,983.0,,name=classic;level=OK;role=disp;spread=14;gpio=39;device_seq=75849;time_source=device_synced;device_timestamp_utc=2026-07-28T04:13:18.651Z;config_id=257fa022;rssi=-54;uptime_s=568890;heap=195880;cal_tier=channel-cal;cal_src=wet_rederive_1236_20260719;pressure_context_source=weather_openmeteo;transport=wifi_poll,
plants.soil,2026-07-28T04:13:26.459Z,2026-07-27 23:13:26.459,21233,6762df,y9d41p,0.7.3,fleet_logger_0_1,568890041,UMLIFE_v2_TLC555,ch2,origplant,soil_moisture,1362,,,OK,,,983.0,,name=classic;level=overwatered;role=disp;spread=35;gpio=34;device_seq=75850;time_source=device_synced;device_timestamp_utc=2026-07-28T04:13:18.651Z;config_id=257fa022;rssi=-54;uptime_s=568890;heap=195880;cal_tier=channel-cal;cal_src=wet_rederive_1236_20260719;pressure_context_source=weather_openmeteo;transport=wifi_poll,
plants.soil,2026-07-28T04:13:26.459Z,2026-07-27 23:13:26.459,21234,6762df,y9d41p,0.7.3,fleet_logger_0_1,568890041,UMLIFE_v2_TLC555,ch3,origplant,soil_moisture,1447,,,OK,,,983.0,,name=classic;level=well watered;role=disp;spread=13;gpio=35;device_seq=75851;time_source=device_synced;device_timestamp_utc=2026-07-28T04:13:18.651Z;config_id=257fa022;rssi=-54;uptime_s=568890;heap=195880;cal_tier=channel-cal;cal_src=wet_rederive_1236_20260719;pressure_context_source=weather_openmeteo;transport=wifi_poll,
plants.env,2026-07-28T04:13:26.459Z,2026-07-27 23:13:26.459,21235,6762df,y9d41p,0.7.3,fleet_logger_0_1,568890797,ESP32,esp32_die,on_chip,die_temp,,52.22,degC,OK,,,,,name=classic;source=esp32_die;cal=uncalibrated_board_proxy;api=temperatureRead;config_id=257fa022;transport=wifi_poll,
plants.soil,2026-07-28T04:13:56.987Z,2026-07-27 23:13:56.987,21236,6762df,y9d41p,0.7.3,fleet_logger_0_1,568920041,UMLIFE_v2_TLC555,ch0,origplant,soil_moisture,1571,,,OK,,,983.0,,name=classic;level=well watered;role=disp;spread=38;gpio=36;device_seq=75852;time_source=device_synced;device_timestamp_utc=2026-07-28T04:13:48.651Z;config_id=257fa022;rssi=-53;uptime_s=568920;heap=195892;cal_tier=channel-cal;cal_src=wet_rederive_1236_20260719;pressure_context_source=weather_openmeteo;transport=wifi_poll,
plants.soil,2026-07-28T04:13:56.987Z,2026-07-27 23:13:56.987,21237,6762df,y9d41p,0.7.3,fleet_logger_0_1,568920041,UMLIFE_v2_TLC555,ch1,origplant,soil_moisture,1672,,,OK,,,983.0,,name=classic;level=OK;role=disp;spread=71;gpio=39;device_seq=75853;time_source=device_synced;device_timestamp_utc=2026-07-28T04:13:48.651Z;config_id=257fa022;rssi=-53;uptime_s=568920;heap=195892;cal_tier=channel-cal;cal_src=wet_rederive_1236_20260719;pressure_context_source=weather_openmeteo;transport=wifi_poll,
plants.soil,2026-07-28T04:13:56.987Z,2026-07-27 23:13:56.987,21238,6762df,y9d41p,0.7.3,fleet_logger_0_1,568920041,UMLIFE_v2_TLC555,ch2,origplant,soil_moisture,1361,,,OK,,,983.0,,name=classic;level=overwatered;role=disp;spread=32;gpio=34;device_seq=75854;time_source=device_synced;device_timestamp_utc=2026-07-28T04:13:48.651Z;config_id=257fa022;rssi=-53;uptime_s=568920;heap=195892;cal_tier=channel-cal;cal_src=wet_rederive_1236_20260719;pressure_context_source=weather_openmeteo;transport=wifi_poll,
plants.soil,2026-07-28T04:13:56.987Z,2026-07-27 23:13:56.987,21239,6762df,y9d41p,0.7.3,fleet_logger_0_1,568920041,UMLIFE_v2_TLC555,ch3,origplant,soil_moisture,1450,,,OK,,,983.0,,name=classic;level=well watered;role=disp;spread=17;gpio=35;device_seq=75855;time_source=device_synced;device_timestamp_utc=2026-07-28T04:13:48.651Z;config_id=257fa022;rssi=-53;uptime_s=568920;heap=195892;cal_tier=channel-cal;cal_src=wet_rederive_1236_20260719;pressure_context_source=weather_openmeteo;transport=wifi_poll,
plants.env,2026-07-28T04:13:56.987Z,2026-07-27 23:13:56.987,21240,6762df,y9d41p,0.7.3,fleet_logger_0_1,568920797,ESP32,esp32_die,on_chip,die_temp,,52.78,degC,OK,,,,,name=classic;source=esp32_die;cal=uncalibrated_board_proxy;api=temperatureRead;config_id=257fa022;transport=wifi_poll,
plants.soil,2026-07-28T04:14:27.696Z,2026-07-27 23:14:27.696,21241,6762df,y9d41p,0.7.3,fleet_logger_0_1,568950041,UMLIFE_v2_TLC555,ch0,origplant,soil_moisture,1572,,,OK,,,983.0,,name=classic;level=well watered;role=disp;spread=14;gpio=36;device_seq=75856;time_source=device_synced;device_timestamp_utc=2026-07-28T04:14:18.651Z;config_id=257fa022;rssi=-53;uptime_s=568950;heap=195628;cal_tier=channel-cal;cal_src=wet_rederive_1236_20260719;pressure_context_source=weather_openmeteo;transport=wifi_poll,
plants.soil,2026-07-28T04:14:27.696Z,2026-07-27 23:14:27.696,21242,6762df,y9d41p,0.7.3,fleet_logger_0_1,568950041,UMLIFE_v2_TLC555,ch1,origplant,soil_moisture,1677,,,OK,,,983.0,,name=classic;level=OK;role=disp;spread=30;gpio=39;device_seq=75857;time_source=device_synced;device_timestamp_utc=2026-07-28T04:14:18.651Z;config_id=257fa022;rssi=-53;uptime_s=568950;heap=195628;cal_tier=channel-cal;cal_src=wet_rederive_1236_20260719;pressure_context_source=weather_openmeteo;transport=wifi_poll,
plants.soil,2026-07-28T04:14:27.696Z,2026-07-27 23:14:27.696,21243,6762df,y9d41p,0.7.3,fleet_logger_0_1,568950041,UMLIFE_v2_TLC555,ch2,origplant,soil_moisture,1358,,,OK,,,983.0,,name=classic;level=overwatered;role=disp;spread=43;gpio=34;device_seq=75858;time_source=device_synced;device_timestamp_utc=2026-07-28T04:14:18.651Z;config_id=257fa022;rssi=-53;uptime_s=568950;heap=195628;cal_tier=channel-cal;cal_src=wet_rederive_1236_20260719;pressure_context_source=weather_openmeteo;transport=wifi_poll,
plants.soil,2026-07-28T04:14:27.696Z,2026-07-27 23:14:27.696,21244,6762df,y9d41p,0.7.3,fleet_logger_0_1,568950041,UMLIFE_v2_TLC555,ch3,origplant,soil_moisture,1441,,,OK,,,983.0,,name=classic;level=well watered;role=disp;spread=23;gpio=35;device_seq=75859;time_source=device_synced;device_timestamp_utc=2026-07-28T04:14:18.651Z;config_id=257fa022;rssi=-53;uptime_s=568950;heap=195628;cal_tier=channel-cal;cal_src=wet_rederive_1236_20260719;pressure_context_source=weather_openmeteo;transport=wifi_poll,
plants.env,2026-07-28T04:14:27.696Z,2026-07-27 23:14:27.696,21245,6762df,y9d41p,0.7.3,fleet_logger_0_1,568950797,ESP32,esp32_die,on_chip,die_temp,,52.22,degC,OK,,,,,name=classic;source=esp32_die;cal=uncalibrated_board_proxy;api=temperatureRead;config_id=257fa022;transport=wifi_poll,
plants.soil,2026-07-28T04:14:58.619Z,2026-07-27 23:14:58.619,21246,6762df,y9d41p,0.7.3,fleet_logger_0_1,568980041,UMLIFE_v2_TLC555,ch0,origplant,soil_moisture,1571,,,OK,,,983.0,,name=classic;level=well watered;role=disp;spread=36;gpio=36;device_seq=75860;time_source=device_synced;device_timestamp_utc=2026-07-28T04:14:48.651Z;config_id=257fa022;rssi=-52;uptime_s=568980;heap=195632;cal_tier=channel-cal;cal_src=wet_rederive_1236_20260719;pressure_context_source=weather_openmeteo;transport=wifi_poll,
plants.soil,2026-07-28T04:14:58.619Z,2026-07-27 23:14:58.619,21247,6762df,y9d41p,0.7.3,fleet_logger_0_1,568980041,UMLIFE_v2_TLC555,ch1,origplant,soil_moisture,1679,,,OK,,,983.0,,name=classic;level=OK;role=disp;spread=26;gpio=39;device_seq=75861;time_source=device_synced;device_timestamp_utc=2026-07-28T04:14:48.651Z;config_id=257fa022;rssi=-52;uptime_s=568980;heap=195632;cal_tier=channel-cal;cal_src=wet_rederive_1236_20260719;pressure_context_source=weather_openmeteo;transport=wifi_poll,
plants.soil,2026-07-28T04:14:58.619Z,2026-07-27 23:14:58.619,21248,6762df,y9d41p,0.7.3,fleet_logger_0_1,568980041,UMLIFE_v2_TLC555,ch2,origplant,soil_moisture,1360,,,OK,,,983.0,,name=classic;level=overwatered;role=disp;spread=36;gpio=34;device_seq=75862;time_source=device_synced;device_timestamp_utc=2026-07-28T04:14:48.651Z;config_id=257fa022;rssi=-52;uptime_s=568980;heap=195632;cal_tier=channel-cal;cal_src=wet_rederive_1236_20260719;pressure_context_source=weather_openmeteo;transport=wifi_poll,
plants.soil,2026-07-28T04:14:58.619Z,2026-07-27 23:14:58.619,21249,6762df,y9d41p,0.7.3,fleet_logger_0_1,568980041,UMLIFE_v2_TLC555,ch3,origplant,soil_moisture,1440,,,OK,,,983.0,,name=classic;level=well watered;role=disp;spread=9;gpio=35;device_seq=75863;time_source=device_synced;device_timestamp_utc=2026-07-28T04:14:48.651Z;config_id=257fa022;rssi=-52;uptime_s=568980;heap=195632;cal_tier=channel-cal;cal_src=wet_rederive_1236_20260719;pressure_context_source=weather_openmeteo;transport=wifi_poll,
plants.env,2026-07-28T04:14:58.619Z,2026-07-27 23:14:58.619,21250,6762df,y9d41p,0.7.3,fleet_logger_0_1,568980797,ESP32,esp32_die,on_chip,die_temp,,52.22,degC,OK,,,,,name=classic;source=esp32_die;cal=uncalibrated_board_proxy;api=temperatureRead;config_id=257fa022;transport=wifi_poll,
plants.soil,2026-07-28T04:15:29.138Z,2026-07-27 23:15:29.138,21251,6762df,y9d41p,0.7.3,fleet_logger_0_1,569010041,UMLIFE_v2_TLC555,ch0,origplant,soil_moisture,1574,,,OK,,,983.0,,name=classic;level=well watered;role=disp;spread=29;gpio=36;device_seq=75864;time_source=device_synced;device_timestamp_utc=2026-07-28T04:15:18.651Z;config_id=257fa022;rssi=-53;uptime_s=569010;heap=195892;cal_tier=channel-cal;cal_src=wet_rederive_1236_20260719;pressure_context_source=weather_openmeteo;transport=wifi_poll,
plants.soil,2026-07-28T04:15:29.138Z,2026-07-27 23:15:29.138,21252,6762df,y9d41p,0.7.3,fleet_logger_0_1,569010041,UMLIFE_v2_TLC555,ch1,origplant,soil_moisture,1668,,,OK,,,983.0,,name=classic;level=OK;role=disp;spread=17;gpio=39;device_seq=75865;time_source=device_synced;device_timestamp_utc=2026-07-28T04:15:18.651Z;config_id=257fa022;rssi=-53;uptime_s=569010;heap=195892;cal_tier=channel-cal;cal_src=wet_rederive_1236_20260719;pressure_context_source=weather_openmeteo;transport=wifi_poll,
plants.soil,2026-07-28T04:15:29.138Z,2026-07-27 23:15:29.138,21253,6762df,y9d41p,0.7.3,fleet_logger_0_1,569010041,UMLIFE_v2_TLC555,ch2,origplant,soil_moisture,1359,,,OK,,,983.0,,name=classic;level=overwatered;role=disp;spread=24;gpio=34;device_seq=75866;time_source=device_synced;device_timestamp_utc=2026-07-28T04:15:18.651Z;config_id=257fa022;rssi=-53;uptime_s=569010;heap=195892;cal_tier=channel-cal;cal_src=wet_rederive_1236_20260719;pressure_context_source=weather_openmeteo;transport=wifi_poll,
plants.soil,2026-07-28T04:15:29.138Z,2026-07-27 23:15:29.138,21254,6762df,y9d41p,0.7.3,fleet_logger_0_1,569010041,UMLIFE_v2_TLC555,ch3,origplant,soil_moisture,1451,,,OK,,,983.0,,name=classic;level=well watered;role=disp;spread=38;gpio=35;device_seq=75867;time_source=device_synced;device_timestamp_utc=2026-07-28T04:15:18.651Z;config_id=257fa022;rssi=-53;uptime_s=569010;heap=195892;cal_tier=channel-cal;cal_src=wet_rederive_1236_20260719;pressure_context_source=weather_openmeteo;transport=wifi_poll,
plants.env,2026-07-28T04:15:29.138Z,2026-07-27 23:15:29.138,21255,6762df,y9d41p,0.7.3,fleet_logger_0_1,569010797,ESP32,esp32_die,on_chip,die_temp,,52.78,degC,OK,,,,,name=classic;source=esp32_die;cal=uncalibrated_board_proxy;api=temperatureRead;config_id=257fa022;transport=wifi_poll,
plants.soil,2026-07-28T04:15:59.751Z,2026-07-27 23:15:59.751,21256,6762df,y9d41p,0.7.3,fleet_logger_0_1,569040041,UMLIFE_v2_TLC555,ch0,origplant,soil_moisture,1574,,,OK,,,983.0,,name=classic;level=well watered;role=disp;spread=19;gpio=36;device_seq=75868;time_source=device_synced;device_timestamp_utc=2026-07-28T04:15:48.651Z;config_id=257fa022;rssi=-52;uptime_s=569040;heap=195892;cal_tier=channel-cal;cal_src=wet_rederive_1236_20260719;pressure_context_source=weather_openmeteo;transport=wifi_poll,
plants.soil,2026-07-28T04:15:59.751Z,2026-07-27 23:15:59.751,21257,6762df,y9d41p,0.7.3,fleet_logger_0_1,569040041,UMLIFE_v2_TLC555,ch1,origplant,soil_moisture,1674,,,OK,,,983.0,,name=classic;level=OK;role=disp;spread=14;gpio=39;device_seq=75869;time_source=device_synced;device_timestamp_utc=2026-07-28T04:15:48.651Z;config_id=257fa022;rssi=-52;uptime_s=569040;heap=195892;cal_tier=channel-cal;cal_src=wet_rederive_1236_20260719;pressure_context_source=weather_openmeteo;transport=wifi_poll,
plants.soil,2026-07-28T04:15:59.751Z,2026-07-27 23:15:59.751,21258,6762df,y9d41p,0.7.3,fleet_logger_0_1,569040041,UMLIFE_v2_TLC555,ch2,origplant,soil_moisture,1362,,,OK,,,983.0,,name=classic;level=overwatered;role=disp;spread=28;gpio=34;device_seq=75870;time_source=device_synced;device_timestamp_utc=2026-07-28T04:15:48.651Z;config_id=257fa022;rssi=-52;uptime_s=569040;heap=195892;cal_tier=channel-cal;cal_src=wet_rederive_1236_20260719;pressure_context_source=weather_openmeteo;transport=wifi_poll,
plants.soil,2026-07-28T04:15:59.751Z,2026-07-27 23:15:59.751,21259,6762df,y9d41p,0.7.3,fleet_logger_0_1,569040041,UMLIFE_v2_TLC555,ch3,origplant,soil_moisture,1441,,,OK,,,983.0,,name=classic;level=well watered;role=disp;spread=19;gpio=35;device_seq=75871;time_source=device_synced;device_timestamp_utc=2026-07-28T04:15:48.651Z;config_id=257fa022;rssi=-52;uptime_s=569040;heap=195892;cal_tier=channel-cal;cal_src=wet_rederive_1236_20260719;pressure_context_source=weather_openmeteo;transport=wifi_poll,
plants.env,2026-07-28T04:15:59.751Z,2026-07-27 23:15:59.751,21260,6762df,y9d41p,0.7.3,fleet_logger_0_1,569040797,ESP32,esp32_die,on_chip,die_temp,,52.78,degC,OK,,,,,name=classic;source=esp32_die;cal=uncalibrated_board_proxy;api=temperatureRead;config_id=257fa022;transport=wifi_poll,
plants.soil,2026-07-28T04:16:30.370Z,2026-07-27 23:16:30.370,21261,6762df,y9d41p,0.7.3,fleet_logger_0_1,569070041,UMLIFE_v2_TLC555,ch0,origplant,soil_moisture,1575,,,OK,,,983.0,,name=classic;level=well watered;role=disp;spread=28;gpio=36;device_seq=75872;time_source=device_synced;device_timestamp_utc=2026-07-28T04:16:18.651Z;config_id=257fa022;rssi=-53;uptime_s=569070;heap=195880;cal_tier=channel-cal;cal_src=wet_rederive_1236_20260719;pressure_context_source=weather_openmeteo;transport=wifi_poll,
plants.soil,2026-07-28T04:16:30.370Z,2026-07-27 23:16:30.370,21262,6762df,y9d41p,0.7.3,fleet_logger_0_1,569070041,UMLIFE_v2_TLC555,ch1,origplant,soil_moisture,1676,,,OK,,,983.0,,name=classic;level=OK;role=disp;spread=26;gpio=39;device_seq=75873;time_source=device_synced;device_timestamp_utc=2026-07-28T04:16:18.651Z;config_id=257fa022;rssi=-53;uptime_s=569070;heap=195880;cal_tier=channel-cal;cal_src=wet_rederive_1236_20260719;pressure_context_source=weather_openmeteo;transport=wifi_poll,
plants.soil,2026-07-28T04:16:30.370Z,2026-07-27 23:16:30.370,21263,6762df,y9d41p,0.7.3,fleet_logger_0_1,569070041,UMLIFE_v2_TLC555,ch2,origplant,soil_moisture,1358,,,OK,,,983.0,,name=classic;level=overwatered;role=disp;spread=47;gpio=34;device_seq=75874;time_source=device_synced;device_timestamp_utc=2026-07-28T04:16:18.651Z;config_id=257fa022;rssi=-53;uptime_s=569070;heap=195880;cal_tier=channel-cal;cal_src=wet_rederive_1236_20260719;pressure_context_source=weather_openmeteo;transport=wifi_poll,
plants.soil,2026-07-28T04:16:30.370Z,2026-07-27 23:16:30.370,21264,6762df,y9d41p,0.7.3,fleet_logger_0_1,569070041,UMLIFE_v2_TLC555,ch3,origplant,soil_moisture,1446,,,OK,,,983.0,,name=classic;level=well watered;role=disp;spread=26;gpio=35;device_seq=75875;time_source=device_synced;device_timestamp_utc=2026-07-28T04:16:18.651Z;config_id=257fa022;rssi=-53;uptime_s=569070;heap=195880;cal_tier=channel-cal;cal_src=wet_rederive_1236_20260719;pressure_context_source=weather_openmeteo;transport=wifi_poll,
plants.env,2026-07-28T04:16:30.370Z,2026-07-27 23:16:30.370,21265,6762df,y9d41p,0.7.3,fleet_logger_0_1,569070797,ESP32,esp32_die,on_chip,die_temp,,52.22,degC,OK,,,,,name=classic;source=esp32_die;cal=uncalibrated_board_proxy;api=temperatureRead;config_id=257fa022;transport=wifi_poll,
plants.soil,2026-07-28T04:17:01.807Z,2026-07-27 23:17:01.807,21266,6762df,y9d41p,0.7.3,fleet_logger_0_1,569100041,UMLIFE_v2_TLC555,ch0,origplant,soil_moisture,1570,,,OK,,,983.0,,name=classic;level=well watered;role=disp;spread=9;gpio=36;device_seq=75876;time_source=device_synced;device_timestamp_utc=2026-07-28T04:16:48.651Z;config_id=257fa022;rssi=-54;uptime_s=569100;heap=195904;cal_tier=channel-cal;cal_src=wet_rederive_1236_20260719;pressure_context_source=weather_openmeteo;transport=wifi_poll,
plants.soil,2026-07-28T04:17:01.807Z,2026-07-27 23:17:01.807,21267,6762df,y9d41p,0.7.3,fleet_logger_0_1,569100041,UMLIFE_v2_TLC555,ch1,origplant,soil_moisture,1676,,,OK,,,983.0,,name=classic;level=OK;role=disp;spread=26;gpio=39;device_seq=75877;time_source=device_synced;device_timestamp_utc=2026-07-28T04:16:48.651Z;config_id=257fa022;rssi=-54;uptime_s=569100;heap=195904;cal_tier=channel-cal;cal_src=wet_rederive_1236_20260719;pressure_context_source=weather_openmeteo;transport=wifi_poll,
plants.soil,2026-07-28T04:17:01.807Z,2026-07-27 23:17:01.807,21268,6762df,y9d41p,0.7.3,fleet_logger_0_1,569100041,UMLIFE_v2_TLC555,ch2,origplant,soil_moisture,1358,,,OK,,,983.0,,name=classic;level=overwatered;role=disp;spread=27;gpio=34;device_seq=75878;time_source=device_synced;device_timestamp_utc=2026-07-28T04:16:48.651Z;config_id=257fa022;rssi=-54;uptime_s=569100;heap=195904;cal_tier=channel-cal;cal_src=wet_rederive_1236_20260719;pressure_context_source=weather_openmeteo;transport=wifi_poll,
plants.soil,2026-07-28T04:17:01.807Z,2026-07-27 23:17:01.807,21269,6762df,y9d41p,0.7.3,fleet_logger_0_1,569100041,UMLIFE_v2_TLC555,ch3,origplant,soil_moisture,1442,,,OK,,,983.0,,name=classic;level=well watered;role=disp;spread=32;gpio=35;device_seq=75879;time_source=device_synced;device_timestamp_utc=2026-07-28T04:16:48.651Z;config_id=257fa022;rssi=-54;uptime_s=569100;heap=195904;cal_tier=channel-cal;cal_src=wet_rederive_1236_20260719;pressure_context_source=weather_openmeteo;transport=wifi_poll,
plants.env,2026-07-28T04:17:01.807Z,2026-07-27 23:17:01.807,21270,6762df,y9d41p,0.7.3,fleet_logger_0_1,569100797,ESP32,esp32_die,on_chip,die_temp,,52.78,degC,OK,,,,,name=classic;source=esp32_die;cal=uncalibrated_board_proxy;api=temperatureRead;config_id=257fa022;transport=wifi_poll,
plants.soil,2026-07-28T04:17:32.426Z,2026-07-27 23:17:32.426,21271,6762df,y9d41p,0.7.3,fleet_logger_0_1,569130041,UMLIFE_v2_TLC555,ch0,origplant,soil_moisture,1573,,,OK,,,983.0,,name=classic;level=well watered;role=disp;spread=25;gpio=36;device_seq=75880;time_source=device_synced;device_timestamp_utc=2026-07-28T04:17:18.651Z;config_id=257fa022;rssi=-54;uptime_s=569130;heap=195636;cal_tier=channel-cal;cal_src=wet_rederive_1236_20260719;pressure_context_source=weather_openmeteo;transport=wifi_poll,
plants.soil,2026-07-28T04:17:32.426Z,2026-07-27 23:17:32.426,21272,6762df,y9d41p,0.7.3,fleet_logger_0_1,569130041,UMLIFE_v2_TLC555,ch1,origplant,soil_moisture,1677,,,OK,,,983.0,,name=classic;level=OK;role=disp;spread=24;gpio=39;device_seq=75881;time_source=device_synced;device_timestamp_utc=2026-07-28T04:17:18.651Z;config_id=257fa022;rssi=-54;uptime_s=569130;heap=195636;cal_tier=channel-cal;cal_src=wet_rederive_1236_20260719;pressure_context_source=weather_openmeteo;transport=wifi_poll,
plants.soil,2026-07-28T04:17:32.426Z,2026-07-27 23:17:32.426,21273,6762df,y9d41p,0.7.3,fleet_logger_0_1,569130041,UMLIFE_v2_TLC555,ch2,origplant,soil_moisture,1362,,,OK,,,983.0,,name=classic;level=overwatered;role=disp;spread=41;gpio=34;device_seq=75882;time_source=device_synced;device_timestamp_utc=2026-07-28T04:17:18.651Z;config_id=257fa022;rssi=-54;uptime_s=569130;heap=195636;cal_tier=channel-cal;cal_src=wet_rederive_1236_20260719;pressure_context_source=weather_openmeteo;transport=wifi_poll,
plants.soil,2026-07-28T04:17:32.426Z,2026-07-27 23:17:32.426,21274,6762df,y9d41p,0.7.3,fleet_logger_0_1,569130041,UMLIFE_v2_TLC555,ch3,origplant,soil_moisture,1442,,,OK,,,983.0,,name=classic;level=well watered;role=disp;spread=16;gpio=35;device_seq=75883;time_source=device_synced;device_timestamp_utc=2026-07-28T04:17:18.651Z;config_id=257fa022;rssi=-54;uptime_s=569130;heap=195636;cal_tier=channel-cal;cal_src=wet_rederive_1236_20260719;pressure_context_source=weather_openmeteo;transport=wifi_poll,
plants.env,2026-07-28T04:17:32.426Z,2026-07-27 23:17:32.426,21275,6762df,y9d41p,0.7.3,fleet_logger_0_1,569130797,ESP32,esp32_die,on_chip,die_temp,,52.78,degC,OK,,,,,name=classic;source=esp32_die;cal=uncalibrated_board_proxy;api=temperatureRead;config_id=257fa022;transport=wifi_poll,
plants.soil,2026-07-28T04:18:03.017Z,2026-07-27 23:18:03.017,21276,6762df,y9d41p,0.7.3,fleet_logger_0_1,569160041,UMLIFE_v2_TLC555,ch0,origplant,soil_moisture,1573,,,OK,,,983.0,,name=classic;level=well watered;role=disp;spread=35;gpio=36;device_seq=75884;time_source=device_synced;device_timestamp_utc=2026-07-28T04:17:48.651Z;config_id=257fa022;rssi=-53;uptime_s=569160;heap=195636;cal_tier=channel-cal;cal_src=wet_rederive_1236_20260719;pressure_context_source=weather_openmeteo;transport=wifi_poll,
plants.soil,2026-07-28T04:18:03.017Z,2026-07-27 23:18:03.017,21277,6762df,y9d41p,0.7.3,fleet_logger_0_1,569160041,UMLIFE_v2_TLC555,ch1,origplant,soil_moisture,1675,,,OK,,,983.0,,name=classic;level=OK;role=disp;spread=31;gpio=39;device_seq=75885;time_source=device_synced;device_timestamp_utc=2026-07-28T04:17:48.651Z;config_id=257fa022;rssi=-53;uptime_s=569160;heap=195636;cal_tier=channel-cal;cal_src=wet_rederive_1236_20260719;pressure_context_source=weather_openmeteo;transport=wifi_poll,
plants.soil,2026-07-28T04:18:03.017Z,2026-07-27 23:18:03.017,21278,6762df,y9d41p,0.7.3,fleet_logger_0_1,569160041,UMLIFE_v2_TLC555,ch2,origplant,soil_moisture,1364,,,OK,,,983.0,,name=classic;level=overwatered;role=disp;spread=35;gpio=34;device_seq=75886;time_source=device_synced;device_timestamp_utc=2026-07-28T04:17:48.651Z;config_id=257fa022;rssi=-53;uptime_s=569160;heap=195636;cal_tier=channel-cal;cal_src=wet_rederive_1236_20260719;pressure_context_source=weather_openmeteo;transport=wifi_poll,
plants.soil,2026-07-28T04:18:03.017Z,2026-07-27 23:18:03.017,21279,6762df,y9d41p,0.7.3,fleet_logger_0_1,569160041,UMLIFE_v2_TLC555,ch3,origplant,soil_moisture,1449,,,OK,,,983.0,,name=classic;level=well watered;role=disp;spread=21;gpio=35;device_seq=75887;time_source=device_synced;device_timestamp_utc=2026-07-28T04:17:48.651Z;config_id=257fa022;rssi=-53;uptime_s=569160;heap=195636;cal_tier=channel-cal;cal_src=wet_rederive_1236_20260719;pressure_context_source=weather_openmeteo;transport=wifi_poll,
plants.env,2026-07-28T04:18:03.017Z,2026-07-27 23:18:03.017,21280,6762df,y9d41p,0.7.3,fleet_logger_0_1,569160796,ESP32,esp32_die,on_chip,die_temp,,52.78,degC,OK,,,,,name=classic;source=esp32_die;cal=uncalibrated_board_proxy;api=temperatureRead;config_id=257fa022;transport=wifi_poll,
plants.soil,2026-07-28T04:18:33.659Z,2026-07-27 23:18:33.659,21281,6762df,y9d41p,0.7.3,fleet_logger_0_1,569190041,UMLIFE_v2_TLC555,ch0,origplant,soil_moisture,1576,,,OK,,,983.0,,name=classic;level=well watered;role=disp;spread=21;gpio=36;device_seq=75888;time_source=device_synced;device_timestamp_utc=2026-07-28T04:18:18.651Z;config_id=257fa022;rssi=-53;uptime_s=569190;heap=195896;cal_tier=channel-cal;cal_src=wet_rederive_1236_20260719;pressure_context_source=weather_openmeteo;transport=wifi_poll,
plants.soil,2026-07-28T04:18:33.659Z,2026-07-27 23:18:33.659,21282,6762df,y9d41p,0.7.3,fleet_logger_0_1,569190041,UMLIFE_v2_TLC555,ch1,origplant,soil_moisture,1677,,,OK,,,983.0,,name=classic;level=OK;role=disp;spread=33;gpio=39;device_seq=75889;time_source=device_synced;device_timestamp_utc=2026-07-28T04:18:18.651Z;config_id=257fa022;rssi=-53;uptime_s=569190;heap=195896;cal_tier=channel-cal;cal_src=wet_rederive_1236_20260719;pressure_context_source=weather_openmeteo;transport=wifi_poll,
plants.soil,2026-07-28T04:18:33.659Z,2026-07-27 23:18:33.659,21283,6762df,y9d41p,0.7.3,fleet_logger_0_1,569190041,UMLIFE_v2_TLC555,ch2,origplant,soil_moisture,1360,,,OK,,,983.0,,name=classic;level=overwatered;role=disp;spread=47;gpio=34;device_seq=75890;time_source=device_synced;device_timestamp_utc=2026-07-28T04:18:18.651Z;config_id=257fa022;rssi=-53;uptime_s=569190;heap=195896;cal_tier=channel-cal;cal_src=wet_rederive_1236_20260719;pressure_context_source=weather_openmeteo;transport=wifi_poll,
plants.soil,2026-07-28T04:18:33.659Z,2026-07-27 23:18:33.659,21284,6762df,y9d41p,0.7.3,fleet_logger_0_1,569190041,UMLIFE_v2_TLC555,ch3,origplant,soil_moisture,1445,,,OK,,,983.0,,name=classic;level=well watered;role=disp;spread=22;gpio=35;device_seq=75891;time_source=device_synced;device_timestamp_utc=2026-07-28T04:18:18.651Z;config_id=257fa022;rssi=-53;uptime_s=569190;heap=195896;cal_tier=channel-cal;cal_src=wet_rederive_1236_20260719;pressure_context_source=weather_openmeteo;transport=wifi_poll,
plants.env,2026-07-28T04:18:33.659Z,2026-07-27 23:18:33.659,21285,6762df,y9d41p,0.7.3,fleet_logger_0_1,569190796,ESP32,esp32_die,on_chip,die_temp,,52.78,degC,OK,,,,,name=classic;source=esp32_die;cal=uncalibrated_board_proxy;api=temperatureRead;config_id=257fa022;transport=wifi_poll,
plants.soil,2026-07-28T04:19:04.174Z,2026-07-27 23:19:04.174,21286,6762df,y9d41p,0.7.3,fleet_logger_0_1,569220041,UMLIFE_v2_TLC555,ch0,origplant,soil_moisture,1570,,,OK,,,983.0,,name=classic;level=well watered;role=disp;spread=41;gpio=36;device_seq=75892;time_source=device_synced;device_timestamp_utc=2026-07-28T04:18:48.651Z;config_id=257fa022;rssi=-52;uptime_s=569220;heap=195896;cal_tier=channel-cal;cal_src=wet_rederive_1236_20260719;pressure_context_source=weather_openmeteo;transport=wifi_poll,
plants.soil,2026-07-28T04:19:04.174Z,2026-07-27 23:19:04.174,21287,6762df,y9d41p,0.7.3,fleet_logger_0_1,569220041,UMLIFE_v2_TLC555,ch1,origplant,soil_moisture,1672,,,OK,,,983.0,,name=classic;level=OK;role=disp;spread=23;gpio=39;device_seq=75893;time_source=device_synced;device_timestamp_utc=2026-07-28T04:18:48.651Z;config_id=257fa022;rssi=-52;uptime_s=569220;heap=195896;cal_tier=channel-cal;cal_src=wet_rederive_1236_20260719;pressure_context_source=weather_openmeteo;transport=wifi_poll,
plants.soil,2026-07-28T04:19:04.174Z,2026-07-27 23:19:04.174,21288,6762df,y9d41p,0.7.3,fleet_logger_0_1,569220041,UMLIFE_v2_TLC555,ch2,origplant,soil_moisture,1364,,,OK,,,983.0,,name=classic;level=overwatered;role=disp;spread=46;gpio=34;device_seq=75894;time_source=device_synced;device_timestamp_utc=2026-07-28T04:18:48.651Z;config_id=257fa022;rssi=-52;uptime_s=569220;heap=195896;cal_tier=channel-cal;cal_src=wet_rederive_1236_20260719;pressure_context_source=weather_openmeteo;transport=wifi_poll,
plants.soil,2026-07-28T04:19:04.174Z,2026-07-27 23:19:04.174,21289,6762df,y9d41p,0.7.3,fleet_logger_0_1,569220041,UMLIFE_v2_TLC555,ch3,origplant,soil_moisture,1447,,,OK,,,983.0,,name=classic;level=well watered;role=disp;spread=6;gpio=35;device_seq=75895;time_source=device_synced;device_timestamp_utc=2026-07-28T04:18:48.651Z;config_id=257fa022;rssi=-52;uptime_s=569220;heap=195896;cal_tier=channel-cal;cal_src=wet_rederive_1236_20260719;pressure_context_source=weather_openmeteo;transport=wifi_poll,
plants.env,2026-07-28T04:19:04.174Z,2026-07-27 23:19:04.174,21290,6762df,y9d41p,0.7.3,fleet_logger_0_1,569220797,ESP32,esp32_die,on_chip,die_temp,,52.22,degC,OK,,,,,name=classic;source=esp32_die;cal=uncalibrated_board_proxy;api=temperatureRead;config_id=257fa022;transport=wifi_poll,
plants.soil,2026-07-28T04:19:34.790Z,2026-07-27 23:19:34.790,21291,6762df,y9d41p,0.7.3,fleet_logger_0_1,569250041,UMLIFE_v2_TLC555,ch0,origplant,soil_moisture,1572,,,OK,,,983.0,,name=classic;level=well watered;role=disp;spread=46;gpio=36;device_seq=75896;time_source=device_synced;device_timestamp_utc=2026-07-28T04:19:18.651Z;config_id=257fa022;rssi=-53;uptime_s=569250;heap=195884;cal_tier=channel-cal;cal_src=wet_rederive_1236_20260719;pressure_context_source=weather_openmeteo;transport=wifi_poll,
plants.soil,2026-07-28T04:19:34.790Z,2026-07-27 23:19:34.790,21292,6762df,y9d41p,0.7.3,fleet_logger_0_1,569250041,UMLIFE_v2_TLC555,ch1,origplant,soil_moisture,1675,,,OK,,,983.0,,name=classic;level=OK;role=disp;spread=33;gpio=39;device_seq=75897;time_source=device_synced;device_timestamp_utc=2026-07-28T04:19:18.651Z;config_id=257fa022;rssi=-53;uptime_s=569250;heap=195884;cal_tier=channel-cal;cal_src=wet_rederive_1236_20260719;pressure_context_source=weather_openmeteo;transport=wifi_poll,
plants.soil,2026-07-28T04:19:34.790Z,2026-07-27 23:19:34.790,21293,6762df,y9d41p,0.7.3,fleet_logger_0_1,569250041,UMLIFE_v2_TLC555,ch2,origplant,soil_moisture,1359,,,OK,,,983.0,,name=classic;level=overwatered;role=disp;spread=30;gpio=34;device_seq=75898;time_source=device_synced;device_timestamp_utc=2026-07-28T04:19:18.651Z;config_id=257fa022;rssi=-53;uptime_s=569250;heap=195884;cal_tier=channel-cal;cal_src=wet_rederive_1236_20260719;pressure_context_source=weather_openmeteo;transport=wifi_poll,
plants.soil,2026-07-28T04:19:34.790Z,2026-07-27 23:19:34.790,21294,6762df,y9d41p,0.7.3,fleet_logger_0_1,569250041,UMLIFE_v2_TLC555,ch3,origplant,soil_moisture,1446,,,OK,,,983.0,,name=classic;level=well watered;role=disp;spread=23;gpio=35;device_seq=75899;time_source=device_synced;device_timestamp_utc=2026-07-28T04:19:18.651Z;config_id=257fa022;rssi=-53;uptime_s=569250;heap=195884;cal_tier=channel-cal;cal_src=wet_rederive_1236_20260719;pressure_context_source=weather_openmeteo;transport=wifi_poll,
plants.env,2026-07-28T04:19:34.790Z,2026-07-27 23:19:34.790,21295,6762df,y9d41p,0.7.3,fleet_logger_0_1,569250797,ESP32,esp32_die,on_chip,die_temp,,52.78,degC,OK,,,,,name=classic;source=esp32_die;cal=uncalibrated_board_proxy;api=temperatureRead;config_id=257fa022;transport=wifi_poll,
plants.soil,2026-07-28T04:20:05.409Z,2026-07-27 23:20:05.409,21296,6762df,y9d41p,0.7.3,fleet_logger_0_1,569280041,UMLIFE_v2_TLC555,ch0,origplant,soil_moisture,1552,,,OK,,,983.0,,name=classic;level=well watered;role=disp;spread=14;gpio=36;device_seq=75900;time_source=device_synced;device_timestamp_utc=2026-07-28T04:19:48.651Z;config_id=257fa022;rssi=-53;uptime_s=569280;heap=195880;cal_tier=channel-cal;cal_src=wet_rederive_1236_20260719;pressure_context_source=weather_openmeteo;transport=wifi_poll,
plants.soil,2026-07-28T04:20:05.409Z,2026-07-27 23:20:05.409,21297,6762df,y9d41p,0.7.3,fleet_logger_0_1,569280041,UMLIFE_v2_TLC555,ch1,origplant,soil_moisture,1674,,,OK,,,983.0,,name=classic;level=OK;role=disp;spread=37;gpio=39;device_seq=75901;time_source=device_synced;device_timestamp_utc=2026-07-28T04:19:48.651Z;config_id=257fa022;rssi=-53;uptime_s=569280;heap=195880;cal_tier=channel-cal;cal_src=wet_rederive_1236_20260719;pressure_context_source=weather_openmeteo;transport=wifi_poll,
plants.soil,2026-07-28T04:20:05.409Z,2026-07-27 23:20:05.409,21298,6762df,y9d41p,0.7.3,fleet_logger_0_1,569280041,UMLIFE_v2_TLC555,ch2,origplant,soil_moisture,1359,,,OK,,,983.0,,name=classic;level=overwatered;role=disp;spread=12;gpio=34;device_seq=75902;time_source=device_synced;device_timestamp_utc=2026-07-28T04:19:48.651Z;config_id=257fa022;rssi=-53;uptime_s=569280;heap=195880;cal_tier=channel-cal;cal_src=wet_rederive_1236_20260719;pressure_context_source=weather_openmeteo;transport=wifi_poll,
plants.soil,2026-07-28T04:20:05.409Z,2026-07-27 23:20:05.409,21299,6762df,y9d41p,0.7.3,fleet_logger_0_1,569280041,UMLIFE_v2_TLC555,ch3,origplant,soil_moisture,1440,,,OK,,,983.0,,name=classic;level=well watered;role=disp;spread=26;gpio=35;device_seq=75903;time_source=device_synced;device_timestamp_utc=2026-07-28T04:19:48.651Z;config_id=257fa022;rssi=-53;uptime_s=569280;heap=195880;cal_tier=channel-cal;cal_src=wet_rederive_1236_20260719;pressure_context_source=weather_openmeteo;transport=wifi_poll,
plants.env,2026-07-28T04:20:05.409Z,2026-07-27 23:20:05.409,21300,6762df,y9d41p,0.7.3,fleet_logger_0_1,569280797,ESP32,esp32_die,on_chip,die_temp,,52.22,degC,OK,,,,,name=classic;source=esp32_die;cal=uncalibrated_board_proxy;api=temperatureRead;config_id=257fa022;transport=wifi_poll,
plants.soil,2026-07-28T04:20:36.026Z,2026-07-27 23:20:36.026,21301,6762df,y9d41p,0.7.3,fleet_logger_0_1,569310041,UMLIFE_v2_TLC555,ch0,origplant,soil_moisture,1542,,,OK,,,983.0,,name=classic;level=well watered;role=disp;spread=14;gpio=36;device_seq=75904;time_source=device_synced;device_timestamp_utc=2026-07-28T04:20:18.651Z;config_id=257fa022;rssi=-54;uptime_s=569310;heap=195640;cal_tier=channel-cal;cal_src=wet_rederive_1236_20260719;pressure_context_source=weather_openmeteo;transport=wifi_poll,
plants.soil,2026-07-28T04:20:36.026Z,2026-07-27 23:20:36.026,21302,6762df,y9d41p,0.7.3,fleet_logger_0_1,569310041,UMLIFE_v2_TLC555,ch1,origplant,soil_moisture,1662,,,OK,,,983.0,,name=classic;level=OK;role=disp;spread=42;gpio=39;device_seq=75905;time_source=device_synced;device_timestamp_utc=2026-07-28T04:20:18.651Z;config_id=257fa022;rssi=-54;uptime_s=569310;heap=195640;cal_tier=channel-cal;cal_src=wet_rederive_1236_20260719;pressure_context_source=weather_openmeteo;transport=wifi_poll,
plants.soil,2026-07-28T04:20:36.026Z,2026-07-27 23:20:36.026,21303,6762df,y9d41p,0.7.3,fleet_logger_0_1,569310041,UMLIFE_v2_TLC555,ch2,origplant,soil_moisture,1354,,,OK,,,983.0,,name=classic;level=overwatered;role=disp;spread=28;gpio=34;device_seq=75906;time_source=device_synced;device_timestamp_utc=2026-07-28T04:20:18.651Z;config_id=257fa022;rssi=-54;uptime_s=569310;heap=195640;cal_tier=channel-cal;cal_src=wet_rederive_1236_20260719;pressure_context_source=weather_openmeteo;transport=wifi_poll,
plants.soil,2026-07-28T04:20:36.026Z,2026-07-27 23:20:36.026,21304,6762df,y9d41p,0.7.3,fleet_logger_0_1,569310041,UMLIFE_v2_TLC555,ch3,origplant,soil_moisture,1445,,,OK,,,983.0,,name=classic;level=well watered;role=disp;spread=28;gpio=35;device_seq=75907;time_source=device_synced;device_timestamp_utc=2026-07-28T04:20:18.651Z;config_id=257fa022;rssi=-54;uptime_s=569310;heap=195640;cal_tier=channel-cal;cal_src=wet_rederive_1236_20260719;pressure_context_source=weather_openmeteo;transport=wifi_poll,
plants.env,2026-07-28T04:20:36.026Z,2026-07-27 23:20:36.026,21305,6762df,y9d41p,0.7.3,fleet_logger_0_1,569310797,ESP32,esp32_die,on_chip,die_temp,,52.22,degC,OK,,,,,name=classic;source=esp32_die;cal=uncalibrated_board_proxy;api=temperatureRead;config_id=257fa022;transport=wifi_poll,
plants.soil,2026-07-28T04:21:06.647Z,2026-07-27 23:21:06.647,21306,6762df,y9d41p,0.7.3,fleet_logger_0_1,569340041,UMLIFE_v2_TLC555,ch0,origplant,soil_moisture,1575,,,OK,,,983.0,,name=classic;level=well watered;role=disp;spread=48;gpio=36;device_seq=75908;time_source=device_synced;device_timestamp_utc=2026-07-28T04:20:48.651Z;config_id=257fa022;rssi=-52;uptime_s=569340;heap=195636;cal_tier=channel-cal;cal_src=wet_rederive_1236_20260719;pressure_context_source=weather_openmeteo;transport=wifi_poll,
plants.soil,2026-07-28T04:21:06.647Z,2026-07-27 23:21:06.647,21307,6762df,y9d41p,0.7.3,fleet_logger_0_1,569340041,UMLIFE_v2_TLC555,ch1,origplant,soil_moisture,1674,,,OK,,,983.0,,name=classic;level=OK;role=disp;spread=54;gpio=39;device_seq=75909;time_source=device_synced;device_timestamp_utc=2026-07-28T04:20:48.651Z;config_id=257fa022;rssi=-52;uptime_s=569340;heap=195636;cal_tier=channel-cal;cal_src=wet_rederive_1236_20260719;pressure_context_source=weather_openmeteo;transport=wifi_poll,
plants.soil,2026-07-28T04:21:06.647Z,2026-07-27 23:21:06.647,21308,6762df,y9d41p,0.7.3,fleet_logger_0_1,569340041,UMLIFE_v2_TLC555,ch2,origplant,soil_moisture,1359,,,OK,,,983.0,,name=classic;level=overwatered;role=disp;spread=43;gpio=34;device_seq=75910;time_source=device_synced;device_timestamp_utc=2026-07-28T04:20:48.651Z;config_id=257fa022;rssi=-52;uptime_s=569340;heap=195636;cal_tier=channel-cal;cal_src=wet_rederive_1236_20260719;pressure_context_source=weather_openmeteo;transport=wifi_poll,
plants.soil,2026-07-28T04:21:06.647Z,2026-07-27 23:21:06.647,21309,6762df,y9d41p,0.7.3,fleet_logger_0_1,569340041,UMLIFE_v2_TLC555,ch3,origplant,soil_moisture,1445,,,OK,,,983.0,,name=classic;level=well watered;role=disp;spread=16;gpio=35;device_seq=75911;time_source=device_synced;device_timestamp_utc=2026-07-28T04:20:48.651Z;config_id=257fa022;rssi=-52;uptime_s=569340;heap=195636;cal_tier=channel-cal;cal_src=wet_rederive_1236_20260719;pressure_context_source=weather_openmeteo;transport=wifi_poll,
plants.env,2026-07-28T04:21:06.647Z,2026-07-27 23:21:06.647,21310,6762df,y9d41p,0.7.3,fleet_logger_0_1,569340796,ESP32,esp32_die,on_chip,die_temp,,52.78,degC,OK,,,,,name=classic;source=esp32_die;cal=uncalibrated_board_proxy;api=temperatureRead;config_id=257fa022;transport=wifi_poll,
plants.soil,2026-07-28T04:21:37.032Z,2026-07-27 23:21:37.032,21311,6762df,y9d41p,0.7.3,fleet_logger_0_1,569370041,UMLIFE_v2_TLC555,ch0,origplant,soil_moisture,1537,,,OK,,,983.0,,name=classic;level=well watered;role=disp;spread=65;gpio=36;device_seq=75912;time_source=device_synced;device_timestamp_utc=2026-07-28T04:21:18.651Z;config_id=257fa022;rssi=-54;uptime_s=569370;heap=195896;cal_tier=channel-cal;cal_src=wet_rederive_1236_20260719;pressure_context_source=weather_openmeteo;transport=wifi_poll,
plants.soil,2026-07-28T04:21:37.032Z,2026-07-27 23:21:37.032,21312,6762df,y9d41p,0.7.3,fleet_logger_0_1,569370041,UMLIFE_v2_TLC555,ch1,origplant,soil_moisture,1658,,,OK,,,983.0,,name=classic;level=OK;role=disp;spread=26;gpio=39;device_seq=75913;time_source=device_synced;device_timestamp_utc=2026-07-28T04:21:18.651Z;config_id=257fa022;rssi=-54;uptime_s=569370;heap=195896;cal_tier=channel-cal;cal_src=wet_rederive_1236_20260719;pressure_context_source=weather_openmeteo;transport=wifi_poll,
plants.soil,2026-07-28T04:21:37.032Z,2026-07-27 23:21:37.032,21313,6762df,y9d41p,0.7.3,fleet_logger_0_1,569370041,UMLIFE_v2_TLC555,ch2,origplant,soil_moisture,1345,,,OK,,,983.0,,name=classic;level=overwatered;role=disp;spread=34;gpio=34;device_seq=75914;time_source=device_synced;device_timestamp_utc=2026-07-28T04:21:18.651Z;config_id=257fa022;rssi=-54;uptime_s=569370;heap=195896;cal_tier=channel-cal;cal_src=wet_rederive_1236_20260719;pressure_context_source=weather_openmeteo;transport=wifi_poll,
plants.soil,2026-07-28T04:21:37.032Z,2026-07-27 23:21:37.032,21314,6762df,y9d41p,0.7.3,fleet_logger_0_1,569370041,UMLIFE_v2_TLC555,ch3,origplant,soil_moisture,1439,,,OK,,,983.0,,name=classic;level=well watered;role=disp;spread=21;gpio=35;device_seq=75915;time_source=device_synced;device_timestamp_utc=2026-07-28T04:21:18.651Z;config_id=257fa022;rssi=-54;uptime_s=569370;heap=195896;cal_tier=channel-cal;cal_src=wet_rederive_1236_20260719;pressure_context_source=weather_openmeteo;transport=wifi_poll,
plants.env,2026-07-28T04:21:37.032Z,2026-07-27 23:21:37.032,21315,6762df,y9d41p,0.7.3,fleet_logger_0_1,569370796,ESP32,esp32_die,on_chip,die_temp,,52.22,degC,OK,,,,,name=classic;source=esp32_die;cal=uncalibrated_board_proxy;api=temperatureRead;config_id=257fa022;transport=wifi_poll,
plants.soil,2026-07-28T04:22:07.470Z,2026-07-27 23:22:07.470,21316,6762df,y9d41p,0.7.3,fleet_logger_0_1,569400041,UMLIFE_v2_TLC555,ch0,origplant,soil_moisture,1561,,,OK,,,983.0,,name=classic;level=well watered;role=disp;spread=32;gpio=36;device_seq=75916;time_source=device_synced;device_timestamp_utc=2026-07-28T04:21:48.651Z;config_id=257fa022;rssi=-53;uptime_s=569400;heap=195828;cal_tier=channel-cal;cal_src=wet_rederive_1236_20260719;pressure_context_source=weather_openmeteo;transport=wifi_poll,
plants.soil,2026-07-28T04:22:07.470Z,2026-07-27 23:22:07.470,21317,6762df,y9d41p,0.7.3,fleet_logger_0_1,569400041,UMLIFE_v2_TLC555,ch1,origplant,soil_moisture,1670,,,OK,,,983.0,,name=classic;level=OK;role=disp;spread=20;gpio=39;device_seq=75917;time_source=device_synced;device_timestamp_utc=2026-07-28T04:21:48.651Z;config_id=257fa022;rssi=-53;uptime_s=569400;heap=195828;cal_tier=channel-cal;cal_src=wet_rederive_1236_20260719;pressure_context_source=weather_openmeteo;transport=wifi_poll,
plants.soil,2026-07-28T04:22:07.470Z,2026-07-27 23:22:07.470,21318,6762df,y9d41p,0.7.3,fleet_logger_0_1,569400041,UMLIFE_v2_TLC555,ch2,origplant,soil_moisture,1355,,,OK,,,983.0,,name=classic;level=overwatered;role=disp;spread=42;gpio=34;device_seq=75918;time_source=device_synced;device_timestamp_utc=2026-07-28T04:21:48.651Z;config_id=257fa022;rssi=-53;uptime_s=569400;heap=195828;cal_tier=channel-cal;cal_src=wet_rederive_1236_20260719;pressure_context_source=weather_openmeteo;transport=wifi_poll,
plants.soil,2026-07-28T04:22:07.470Z,2026-07-27 23:22:07.470,21319,6762df,y9d41p,0.7.3,fleet_logger_0_1,569400041,UMLIFE_v2_TLC555,ch3,origplant,soil_moisture,1437,,,OK,,,983.0,,name=classic;level=well watered;role=disp;spread=16;gpio=35;device_seq=75919;time_source=device_synced;device_timestamp_utc=2026-07-28T04:21:48.651Z;config_id=257fa022;rssi=-53;uptime_s=569400;heap=195828;cal_tier=channel-cal;cal_src=wet_rederive_1236_20260719;pressure_context_source=weather_openmeteo;transport=wifi_poll,
plants.env,2026-07-28T04:22:07.470Z,2026-07-27 23:22:07.470,21320,6762df,y9d41p,0.7.3,fleet_logger_0_1,569401863,ESP32,esp32_die,on_chip,die_temp,,52.78,degC,OK,,,,,name=classic;source=esp32_die;cal=uncalibrated_board_proxy;api=temperatureRead;config_id=257fa022;transport=wifi_poll,
plants.soil,2026-07-28T04:22:38.087Z,2026-07-27 23:22:38.087,21321,6762df,y9d41p,0.7.3,fleet_logger_0_1,569430041,UMLIFE_v2_TLC555,ch0,origplant,soil_moisture,1538,,,OK,,,983.0,,name=classic;level=well watered;role=disp;spread=0;gpio=36;device_seq=75920;time_source=device_synced;device_timestamp_utc=2026-07-28T04:22:18.651Z;config_id=257fa022;rssi=-53;uptime_s=569430;heap=195908;cal_tier=channel-cal;cal_src=wet_rederive_1236_20260719;pressure_context_source=weather_openmeteo;transport=wifi_poll,
plants.soil,2026-07-28T04:22:38.087Z,2026-07-27 23:22:38.087,21322,6762df,y9d41p,0.7.3,fleet_logger_0_1,569430041,UMLIFE_v2_TLC555,ch1,origplant,soil_moisture,1650,,,OK,,,983.0,,name=classic;level=OK;role=disp;spread=19;gpio=39;device_seq=75921;time_source=device_synced;device_timestamp_utc=2026-07-28T04:22:18.651Z;config_id=257fa022;rssi=-53;uptime_s=569430;heap=195908;cal_tier=channel-cal;cal_src=wet_rederive_1236_20260719;pressure_context_source=weather_openmeteo;transport=wifi_poll,
plants.soil,2026-07-28T04:22:38.087Z,2026-07-27 23:22:38.087,21323,6762df,y9d41p,0.7.3,fleet_logger_0_1,569430041,UMLIFE_v2_TLC555,ch2,origplant,soil_moisture,1348,,,OK,,,983.0,,name=classic;level=overwatered;role=disp;spread=29;gpio=34;device_seq=75922;time_source=device_synced;device_timestamp_utc=2026-07-28T04:22:18.651Z;config_id=257fa022;rssi=-53;uptime_s=569430;heap=195908;cal_tier=channel-cal;cal_src=wet_rederive_1236_20260719;pressure_context_source=weather_openmeteo;transport=wifi_poll,
plants.soil,2026-07-28T04:22:38.087Z,2026-07-27 23:22:38.087,21324,6762df,y9d41p,0.7.3,fleet_logger_0_1,569430041,UMLIFE_v2_TLC555,ch3,origplant,soil_moisture,1441,,,OK,,,983.0,,name=classic;level=well watered;role=disp;spread=16;gpio=35;device_seq=75923;time_source=device_synced;device_timestamp_utc=2026-07-28T04:22:18.651Z;config_id=257fa022;rssi=-53;uptime_s=569430;heap=195908;cal_tier=channel-cal;cal_src=wet_rederive_1236_20260719;pressure_context_source=weather_openmeteo;transport=wifi_poll,
plants.env,2026-07-28T04:22:38.087Z,2026-07-27 23:22:38.087,21325,6762df,y9d41p,0.7.3,fleet_logger_0_1,569430796,ESP32,esp32_die,on_chip,die_temp,,51.67,degC,OK,,,,,name=classic;source=esp32_die;cal=uncalibrated_board_proxy;api=temperatureRead;config_id=257fa022;transport=wifi_poll,
plants.soil,2026-07-28T04:23:08.807Z,2026-07-27 23:23:08.807,21326,6762df,y9d41p,0.7.3,fleet_logger_0_1,569460041,UMLIFE_v2_TLC555,ch0,origplant,soil_moisture,1540,,,OK,,,983.0,,name=classic;level=well watered;role=disp;spread=31;gpio=36;device_seq=75924;time_source=device_synced;device_timestamp_utc=2026-07-28T04:22:48.651Z;config_id=257fa022;rssi=-54;uptime_s=569460;heap=195904;cal_tier=channel-cal;cal_src=wet_rederive_1236_20260719;pressure_context_source=weather_openmeteo;transport=wifi_poll,
plants.soil,2026-07-28T04:23:08.807Z,2026-07-27 23:23:08.807,21327,6762df,y9d41p,0.7.3,fleet_logger_0_1,569460041,UMLIFE_v2_TLC555,ch1,origplant,soil_moisture,1652,,,OK,,,983.0,,name=classic;level=OK;role=disp;spread=25;gpio=39;device_seq=75925;time_source=device_synced;device_timestamp_utc=2026-07-28T04:22:48.651Z;config_id=257fa022;rssi=-54;uptime_s=569460;heap=195904;cal_tier=channel-cal;cal_src=wet_rederive_1236_20260719;pressure_context_source=weather_openmeteo;transport=wifi_poll,
plants.soil,2026-07-28T04:23:08.807Z,2026-07-27 23:23:08.807,21328,6762df,y9d41p,0.7.3,fleet_logger_0_1,569460041,UMLIFE_v2_TLC555,ch2,origplant,soil_moisture,1333,,,OK,,,983.0,,name=classic;level=overwatered;role=disp;spread=64;gpio=34;device_seq=75926;time_source=device_synced;device_timestamp_utc=2026-07-28T04:22:48.651Z;config_id=257fa022;rssi=-54;uptime_s=569460;heap=195904;cal_tier=channel-cal;cal_src=wet_rederive_1236_20260719;pressure_context_source=weather_openmeteo;transport=wifi_poll,
plants.soil,2026-07-28T04:23:08.807Z,2026-07-27 23:23:08.807,21329,6762df,y9d41p,0.7.3,fleet_logger_0_1,569460041,UMLIFE_v2_TLC555,ch3,origplant,soil_moisture,1405,,,OK,,,983.0,,name=classic;level=well watered;role=disp;spread=13;gpio=35;device_seq=75927;time_source=device_synced;device_timestamp_utc=2026-07-28T04:22:48.651Z;config_id=257fa022;rssi=-54;uptime_s=569460;heap=195904;cal_tier=channel-cal;cal_src=wet_rederive_1236_20260719;pressure_context_source=weather_openmeteo;transport=wifi_poll,
plants.env,2026-07-28T04:23:08.807Z,2026-07-27 23:23:08.807,21330,6762df,y9d41p,0.7.3,fleet_logger_0_1,569460796,ESP32,esp32_die,on_chip,die_temp,,52.22,degC,OK,,,,,name=classic;source=esp32_die;cal=uncalibrated_board_proxy;api=temperatureRead;config_id=257fa022;transport=wifi_poll,
plants.soil,2026-07-28T04:23:39.323Z,2026-07-27 23:23:39.323,21331,6762df,y9d41p,0.7.3,fleet_logger_0_1,569490041,UMLIFE_v2_TLC555,ch0,origplant,soil_moisture,1551,,,OK,,,983.0,,name=classic;level=well watered;role=disp;spread=26;gpio=36;device_seq=75928;time_source=device_synced;device_timestamp_utc=2026-07-28T04:23:18.651Z;config_id=257fa022;rssi=-54;uptime_s=569490;heap=195636;cal_tier=channel-cal;cal_src=wet_rederive_1236_20260719;pressure_context_source=weather_openmeteo;transport=wifi_poll,
plants.soil,2026-07-28T04:23:39.323Z,2026-07-27 23:23:39.323,21332,6762df,y9d41p,0.7.3,fleet_logger_0_1,569490041,UMLIFE_v2_TLC555,ch1,origplant,soil_moisture,1665,,,OK,,,983.0,,name=classic;level=OK;role=disp;spread=31;gpio=39;device_seq=75929;time_source=device_synced;device_timestamp_utc=2026-07-28T04:23:18.651Z;config_id=257fa022;rssi=-54;uptime_s=569490;heap=195636;cal_tier=channel-cal;cal_src=wet_rederive_1236_20260719;pressure_context_source=weather_openmeteo;transport=wifi_poll,
plants.soil,2026-07-28T04:23:39.323Z,2026-07-27 23:23:39.323,21333,6762df,y9d41p,0.7.3,fleet_logger_0_1,569490041,UMLIFE_v2_TLC555,ch2,origplant,soil_moisture,1355,,,OK,,,983.0,,name=classic;level=overwatered;role=disp;spread=63;gpio=34;device_seq=75930;time_source=device_synced;device_timestamp_utc=2026-07-28T04:23:18.651Z;config_id=257fa022;rssi=-54;uptime_s=569490;heap=195636;cal_tier=channel-cal;cal_src=wet_rederive_1236_20260719;pressure_context_source=weather_openmeteo;transport=wifi_poll,
plants.soil,2026-07-28T04:23:39.323Z,2026-07-27 23:23:39.323,21334,6762df,y9d41p,0.7.3,fleet_logger_0_1,569490041,UMLIFE_v2_TLC555,ch3,origplant,soil_moisture,1445,,,OK,,,983.0,,name=classic;level=well watered;role=disp;spread=31;gpio=35;device_seq=75931;time_source=device_synced;device_timestamp_utc=2026-07-28T04:23:18.651Z;config_id=257fa022;rssi=-54;uptime_s=569490;heap=195636;cal_tier=channel-cal;cal_src=wet_rederive_1236_20260719;pressure_context_source=weather_openmeteo;transport=wifi_poll,
plants.env,2026-07-28T04:23:39.323Z,2026-07-27 23:23:39.323,21335,6762df,y9d41p,0.7.3,fleet_logger_0_1,569490796,ESP32,esp32_die,on_chip,die_temp,,52.78,degC,OK,,,,,name=classic;source=esp32_die;cal=uncalibrated_board_proxy;api=temperatureRead;config_id=257fa022;transport=wifi_poll,
plants.soil,2026-07-28T04:24:09.941Z,2026-07-27 23:24:09.941,21336,6762df,y9d41p,0.7.3,fleet_logger_0_1,569520041,UMLIFE_v2_TLC555,ch0,origplant,soil_moisture,1541,,,OK,,,983.0,,name=classic;level=well watered;role=disp;spread=43;gpio=36;device_seq=75932;time_source=device_synced;device_timestamp_utc=2026-07-28T04:23:48.651Z;config_id=257fa022;rssi=-53;uptime_s=569520;heap=193200;cal_tier=channel-cal;cal_src=wet_rederive_1236_20260719;pressure_context_source=weather_openmeteo;transport=wifi_poll,
plants.soil,2026-07-28T04:24:09.941Z,2026-07-27 23:24:09.941,21337,6762df,y9d41p,0.7.3,fleet_logger_0_1,569520041,UMLIFE_v2_TLC555,ch1,origplant,soil_moisture,1660,,,OK,,,983.0,,name=classic;level=OK;role=disp;spread=46;gpio=39;device_seq=75933;time_source=device_synced;device_timestamp_utc=2026-07-28T04:23:48.651Z;config_id=257fa022;rssi=-53;uptime_s=569520;heap=193200;cal_tier=channel-cal;cal_src=wet_rederive_1236_20260719;pressure_context_source=weather_openmeteo;transport=wifi_poll,
plants.soil,2026-07-28T04:24:09.941Z,2026-07-27 23:24:09.941,21338,6762df,y9d41p,0.7.3,fleet_logger_0_1,569520041,UMLIFE_v2_TLC555,ch2,origplant,soil_moisture,1354,,,OK,,,983.0,,name=classic;level=overwatered;role=disp;spread=29;gpio=34;device_seq=75934;time_source=device_synced;device_timestamp_utc=2026-07-28T04:23:48.651Z;config_id=257fa022;rssi=-53;uptime_s=569520;heap=193200;cal_tier=channel-cal;cal_src=wet_rederive_1236_20260719;pressure_context_source=weather_openmeteo;transport=wifi_poll,
plants.soil,2026-07-28T04:24:09.941Z,2026-07-27 23:24:09.941,21339,6762df,y9d41p,0.7.3,fleet_logger_0_1,569520041,UMLIFE_v2_TLC555,ch3,origplant,soil_moisture,1444,,,OK,,,983.0,,name=classic;level=well watered;role=disp;spread=34;gpio=35;device_seq=75935;time_source=device_synced;device_timestamp_utc=2026-07-28T04:23:48.651Z;config_id=257fa022;rssi=-53;uptime_s=569520;heap=193200;cal_tier=channel-cal;cal_src=wet_rederive_1236_20260719;pressure_context_source=weather_openmeteo;transport=wifi_poll,
plants.env,2026-07-28T04:24:09.941Z,2026-07-27 23:24:09.941,21340,6762df,y9d41p,0.7.3,fleet_logger_0_1,569520796,ESP32,esp32_die,on_chip,die_temp,,52.78,degC,OK,,,,,name=classic;source=esp32_die;cal=uncalibrated_board_proxy;api=temperatureRead;config_id=257fa022;transport=wifi_poll,
plants.soil,2026-07-28T04:24:40.323Z,2026-07-27 23:24:40.323,21341,6762df,y9d41p,0.7.3,fleet_logger_0_1,569550041,UMLIFE_v2_TLC555,ch0,origplant,soil_moisture,1537,,,OK,,,983.0,,name=classic;level=well watered;role=disp;spread=43;gpio=36;device_seq=75936;time_source=device_synced;device_timestamp_utc=2026-07-28T04:24:18.651Z;config_id=257fa022;rssi=-52;uptime_s=569550;heap=195884;cal_tier=channel-cal;cal_src=wet_rederive_1236_20260719;pressure_context_source=weather_openmeteo;transport=wifi_poll,
plants.soil,2026-07-28T04:24:40.323Z,2026-07-27 23:24:40.323,21342,6762df,y9d41p,0.7.3,fleet_logger_0_1,569550041,UMLIFE_v2_TLC555,ch1,origplant,soil_moisture,1650,,,OK,,,983.0,,name=classic;level=OK;role=disp;spread=17;gpio=39;device_seq=75937;time_source=device_synced;device_timestamp_utc=2026-07-28T04:24:18.651Z;config_id=257fa022;rssi=-52;uptime_s=569550;heap=195884;cal_tier=channel-cal;cal_src=wet_rederive_1236_20260719;pressure_context_source=weather_openmeteo;transport=wifi_poll,
plants.soil,2026-07-28T04:24:40.323Z,2026-07-27 23:24:40.323,21343,6762df,y9d41p,0.7.3,fleet_logger_0_1,569550041,UMLIFE_v2_TLC555,ch2,origplant,soil_moisture,1333,,,OK,,,983.0,,name=classic;level=overwatered;role=disp;spread=30;gpio=34;device_seq=75938;time_source=device_synced;device_timestamp_utc=2026-07-28T04:24:18.651Z;config_id=257fa022;rssi=-52;uptime_s=569550;heap=195884;cal_tier=channel-cal;cal_src=wet_rederive_1236_20260719;pressure_context_source=weather_openmeteo;transport=wifi_poll,
plants.soil,2026-07-28T04:24:40.323Z,2026-07-27 23:24:40.323,21344,6762df,y9d41p,0.7.3,fleet_logger_0_1,569550041,UMLIFE_v2_TLC555,ch3,origplant,soil_moisture,1407,,,OK,,,983.0,,name=classic;level=well watered;role=disp;spread=21;gpio=35;device_seq=75939;time_source=device_synced;device_timestamp_utc=2026-07-28T04:24:18.651Z;config_id=257fa022;rssi=-52;uptime_s=569550;heap=195884;cal_tier=channel-cal;cal_src=wet_rederive_1236_20260719;pressure_context_source=weather_openmeteo;transport=wifi_poll,
plants.env,2026-07-28T04:24:40.323Z,2026-07-27 23:24:40.323,21345,6762df,y9d41p,0.7.3,fleet_logger_0_1,569550798,ESP32,esp32_die,on_chip,die_temp,,51.67,degC,OK,,,,,name=classic;source=esp32_die;cal=uncalibrated_board_proxy;api=temperatureRead;config_id=257fa022;transport=wifi_poll,
plants.soil,2026-07-28T04:25:10.969Z,2026-07-27 23:25:10.969,21346,6762df,y9d41p,0.7.3,fleet_logger_0_1,569580041,UMLIFE_v2_TLC555,ch0,origplant,soil_moisture,1535,,,OK,,,983.0,,name=classic;level=well watered;role=disp;spread=28;gpio=36;device_seq=75940;time_source=device_synced;device_timestamp_utc=2026-07-28T04:24:48.651Z;config_id=257fa022;rssi=-66;uptime_s=569580;heap=195884;cal_tier=channel-cal;cal_src=wet_rederive_1236_20260719;pressure_context_source=weather_openmeteo;transport=wifi_poll,
plants.soil,2026-07-28T04:25:10.969Z,2026-07-27 23:25:10.969,21347,6762df,y9d41p,0.7.3,fleet_logger_0_1,569580041,UMLIFE_v2_TLC555,ch1,origplant,soil_moisture,1658,,,OK,,,983.0,,name=classic;level=OK;role=disp;spread=23;gpio=39;device_seq=75941;time_source=device_synced;device_timestamp_utc=2026-07-28T04:24:48.651Z;config_id=257fa022;rssi=-66;uptime_s=569580;heap=195884;cal_tier=channel-cal;cal_src=wet_rederive_1236_20260719;pressure_context_source=weather_openmeteo;transport=wifi_poll,
plants.soil,2026-07-28T04:25:10.969Z,2026-07-27 23:25:10.969,21348,6762df,y9d41p,0.7.3,fleet_logger_0_1,569580041,UMLIFE_v2_TLC555,ch2,origplant,soil_moisture,1357,,,OK,,,983.0,,name=classic;level=overwatered;role=disp;spread=27;gpio=34;device_seq=75942;time_source=device_synced;device_timestamp_utc=2026-07-28T04:24:48.651Z;config_id=257fa022;rssi=-66;uptime_s=569580;heap=195884;cal_tier=channel-cal;cal_src=wet_rederive_1236_20260719;pressure_context_source=weather_openmeteo;transport=wifi_poll,
plants.soil,2026-07-28T04:25:10.969Z,2026-07-27 23:25:10.969,21349,6762df,y9d41p,0.7.3,fleet_logger_0_1,569580041,UMLIFE_v2_TLC555,ch3,origplant,soil_moisture,1443,,,OK,,,983.0,,name=classic;level=well watered;role=disp;spread=10;gpio=35;device_seq=75943;time_source=device_synced;device_timestamp_utc=2026-07-28T04:24:48.651Z;config_id=257fa022;rssi=-66;uptime_s=569580;heap=195884;cal_tier=channel-cal;cal_src=wet_rederive_1236_20260719;pressure_context_source=weather_openmeteo;transport=wifi_poll,
plants.env,2026-07-28T04:25:10.969Z,2026-07-27 23:25:10.969,21350,6762df,y9d41p,0.7.3,fleet_logger_0_1,569580796,ESP32,esp32_die,on_chip,die_temp,,52.22,degC,OK,,,,,name=classic;source=esp32_die;cal=uncalibrated_board_proxy;api=temperatureRead;config_id=257fa022;transport=wifi_poll,
plants.soil,2026-07-28T04:25:41.489Z,2026-07-27 23:25:41.489,21351,6762df,y9d41p,0.7.3,fleet_logger_0_1,569610041,UMLIFE_v2_TLC555,ch0,origplant,soil_moisture,1535,,,OK,,,983.0,,name=classic;level=well watered;role=disp;spread=41;gpio=36;device_seq=75944;time_source=device_synced;device_timestamp_utc=2026-07-28T04:25:18.651Z;config_id=257fa022;rssi=-53;uptime_s=569610;heap=195904;cal_tier=channel-cal;cal_src=wet_rederive_1236_20260719;pressure_context_source=weather_openmeteo;transport=wifi_poll,
plants.soil,2026-07-28T04:25:41.489Z,2026-07-27 23:25:41.489,21352,6762df,y9d41p,0.7.3,fleet_logger_0_1,569610041,UMLIFE_v2_TLC555,ch1,origplant,soil_moisture,1652,,,OK,,,983.0,,name=classic;level=OK;role=disp;spread=44;gpio=39;device_seq=75945;time_source=device_synced;device_timestamp_utc=2026-07-28T04:25:18.651Z;config_id=257fa022;rssi=-53;uptime_s=569610;heap=195904;cal_tier=channel-cal;cal_src=wet_rederive_1236_20260719;pressure_context_source=weather_openmeteo;transport=wifi_poll,
plants.soil,2026-07-28T04:25:41.489Z,2026-07-27 23:25:41.489,21353,6762df,y9d41p,0.7.3,fleet_logger_0_1,569610041,UMLIFE_v2_TLC555,ch2,origplant,soil_moisture,1348,,,OK,,,983.0,,name=classic;level=overwatered;role=disp;spread=51;gpio=34;device_seq=75946;time_source=device_synced;device_timestamp_utc=2026-07-28T04:25:18.651Z;config_id=257fa022;rssi=-53;uptime_s=569610;heap=195904;cal_tier=channel-cal;cal_src=wet_rederive_1236_20260719;pressure_context_source=weather_openmeteo;transport=wifi_poll,
plants.soil,2026-07-28T04:25:41.489Z,2026-07-27 23:25:41.489,21354,6762df,y9d41p,0.7.3,fleet_logger_0_1,569610041,UMLIFE_v2_TLC555,ch3,origplant,soil_moisture,1441,,,OK,,,983.0,,name=classic;level=well watered;role=disp;spread=37;gpio=35;device_seq=75947;time_source=device_synced;device_timestamp_utc=2026-07-28T04:25:18.651Z;config_id=257fa022;rssi=-53;uptime_s=569610;heap=195904;cal_tier=channel-cal;cal_src=wet_rederive_1236_20260719;pressure_context_source=weather_openmeteo;transport=wifi_poll,
plants.env,2026-07-28T04:25:41.489Z,2026-07-27 23:25:41.489,21355,6762df,y9d41p,0.7.3,fleet_logger_0_1,569610796,ESP32,esp32_die,on_chip,die_temp,,52.22,degC,OK,,,,,name=classic;source=esp32_die;cal=uncalibrated_board_proxy;api=temperatureRead;config_id=257fa022;transport=wifi_poll,
plants.soil,2026-07-28T04:26:12.001Z,2026-07-27 23:26:12.001,21356,6762df,y9d41p,0.7.3,fleet_logger_0_1,569640041,UMLIFE_v2_TLC555,ch0,origplant,soil_moisture,1535,,,OK,,,983.0,,name=classic;level=well watered;role=disp;spread=27;gpio=36;device_seq=75948;time_source=device_synced;device_timestamp_utc=2026-07-28T04:25:48.651Z;config_id=257fa022;rssi=-53;uptime_s=569640;heap=195900;cal_tier=channel-cal;cal_src=wet_rederive_1236_20260719;pressure_context_source=weather_openmeteo;transport=wifi_poll,
plants.soil,2026-07-28T04:26:12.001Z,2026-07-27 23:26:12.001,21357,6762df,y9d41p,0.7.3,fleet_logger_0_1,569640041,UMLIFE_v2_TLC555,ch1,origplant,soil_moisture,1643,,,OK,,,983.0,,name=classic;level=OK;role=disp;spread=11;gpio=39;device_seq=75949;time_source=device_synced;device_timestamp_utc=2026-07-28T04:25:48.651Z;config_id=257fa022;rssi=-53;uptime_s=569640;heap=195900;cal_tier=channel-cal;cal_src=wet_rederive_1236_20260719;pressure_context_source=weather_openmeteo;transport=wifi_poll,
plants.soil,2026-07-28T04:26:12.001Z,2026-07-27 23:26:12.001,21358,6762df,y9d41p,0.7.3,fleet_logger_0_1,569640041,UMLIFE_v2_TLC555,ch2,origplant,soil_moisture,1338,,,OK,,,983.0,,name=classic;level=overwatered;role=disp;spread=36;gpio=34;device_seq=75950;time_source=device_synced;device_timestamp_utc=2026-07-28T04:25:48.651Z;config_id=257fa022;rssi=-53;uptime_s=569640;heap=195900;cal_tier=channel-cal;cal_src=wet_rederive_1236_20260719;pressure_context_source=weather_openmeteo;transport=wifi_poll,
plants.soil,2026-07-28T04:26:12.001Z,2026-07-27 23:26:12.001,21359,6762df,y9d41p,0.7.3,fleet_logger_0_1,569640041,UMLIFE_v2_TLC555,ch3,origplant,soil_moisture,1429,,,OK,,,983.0,,name=classic;level=well watered;role=disp;spread=28;gpio=35;device_seq=75951;time_source=device_synced;device_timestamp_utc=2026-07-28T04:25:48.651Z;config_id=257fa022;rssi=-53;uptime_s=569640;heap=195900;cal_tier=channel-cal;cal_src=wet_rederive_1236_20260719;pressure_context_source=weather_openmeteo;transport=wifi_poll,
plants.env,2026-07-28T04:26:12.001Z,2026-07-27 23:26:12.001,21360,6762df,y9d41p,0.7.3,fleet_logger_0_1,569640796,ESP32,esp32_die,on_chip,die_temp,,52.78,degC,OK,,,,,name=classic;source=esp32_die;cal=uncalibrated_board_proxy;api=temperatureRead;config_id=257fa022;transport=wifi_poll,
plants.soil,2026-07-28T04:27:16.309Z,2026-07-27 23:27:16.309,21361,6762df,y9d41p,0.7.3,fleet_logger_0_1,569700041,UMLIFE_v2_TLC555,ch0,origplant,soil_moisture,1541,,,OK,,,982.7,,name=classic;level=well watered;role=disp;spread=22;gpio=36;device_seq=75956;time_source=device_synced;device_timestamp_utc=2026-07-28T04:26:48.651Z;config_id=257fa022;rssi=-53;uptime_s=569700;heap=195904;cal_tier=channel-cal;cal_src=wet_rederive_1236_20260719;pressure_context_source=weather_openmeteo;transport=wifi_poll,
plants.soil,2026-07-28T04:27:16.309Z,2026-07-27 23:27:16.309,21362,6762df,y9d41p,0.7.3,fleet_logger_0_1,569700041,UMLIFE_v2_TLC555,ch1,origplant,soil_moisture,1650,,,OK,,,982.7,,name=classic;level=OK;role=disp;spread=26;gpio=39;device_seq=75957;time_source=device_synced;device_timestamp_utc=2026-07-28T04:26:48.651Z;config_id=257fa022;rssi=-53;uptime_s=569700;heap=195904;cal_tier=channel-cal;cal_src=wet_rederive_1236_20260719;pressure_context_source=weather_openmeteo;transport=wifi_poll,
plants.soil,2026-07-28T04:27:16.309Z,2026-07-27 23:27:16.309,21363,6762df,y9d41p,0.7.3,fleet_logger_0_1,569700041,UMLIFE_v2_TLC555,ch2,origplant,soil_moisture,1333,,,OK,,,982.7,,name=classic;level=overwatered;role=disp;spread=49;gpio=34;device_seq=75958;time_source=device_synced;device_timestamp_utc=2026-07-28T04:26:48.651Z;config_id=257fa022;rssi=-53;uptime_s=569700;heap=195904;cal_tier=channel-cal;cal_src=wet_rederive_1236_20260719;pressure_context_source=weather_openmeteo;transport=wifi_poll,
plants.soil,2026-07-28T04:27:16.309Z,2026-07-27 23:27:16.309,21364,6762df,y9d41p,0.7.3,fleet_logger_0_1,569700041,UMLIFE_v2_TLC555,ch3,origplant,soil_moisture,1425,,,OK,,,982.7,,name=classic;level=well watered;role=disp;spread=36;gpio=35;device_seq=75959;time_source=device_synced;device_timestamp_utc=2026-07-28T04:26:48.651Z;config_id=257fa022;rssi=-53;uptime_s=569700;heap=195904;cal_tier=channel-cal;cal_src=wet_rederive_1236_20260719;pressure_context_source=weather_openmeteo;transport=wifi_poll,
plants.env,2026-07-28T04:27:16.309Z,2026-07-27 23:27:16.309,21365,6762df,y9d41p,0.7.3,fleet_logger_0_1,569700797,ESP32,esp32_die,on_chip,die_temp,,52.78,degC,OK,,,,,name=classic;source=esp32_die;cal=uncalibrated_board_proxy;api=temperatureRead;config_id=257fa022;transport=wifi_poll,
plants.soil,2026-07-28T04:27:47.129Z,2026-07-27 23:27:47.129,21366,6762df,y9d41p,0.7.3,fleet_logger_0_1,569730041,UMLIFE_v2_TLC555,ch0,origplant,soil_moisture,1543,,,OK,,,982.7,,name=classic;level=well watered;role=disp;spread=18;gpio=36;device_seq=75960;time_source=device_synced;device_timestamp_utc=2026-07-28T04:27:18.651Z;config_id=257fa022;rssi=-53;uptime_s=569730;heap=196168;cal_tier=channel-cal;cal_src=wet_rederive_1236_20260719;pressure_context_source=weather_openmeteo;transport=wifi_poll,
plants.soil,2026-07-28T04:27:47.129Z,2026-07-27 23:27:47.129,21367,6762df,y9d41p,0.7.3,fleet_logger_0_1,569730041,UMLIFE_v2_TLC555,ch1,origplant,soil_moisture,1646,,,OK,,,982.7,,name=classic;level=OK;role=disp;spread=31;gpio=39;device_seq=75961;time_source=device_synced;device_timestamp_utc=2026-07-28T04:27:18.651Z;config_id=257fa022;rssi=-53;uptime_s=569730;heap=196168;cal_tier=channel-cal;cal_src=wet_rederive_1236_20260719;pressure_context_source=weather_openmeteo;transport=wifi_poll,
plants.soil,2026-07-28T04:27:47.129Z,2026-07-27 23:27:47.129,21368,6762df,y9d41p,0.7.3,fleet_logger_0_1,569730041,UMLIFE_v2_TLC555,ch2,origplant,soil_moisture,1333,,,OK,,,982.7,,name=classic;level=overwatered;role=disp;spread=41;gpio=34;device_seq=75962;time_source=device_synced;device_timestamp_utc=2026-07-28T04:27:18.651Z;config_id=257fa022;rssi=-53;uptime_s=569730;heap=196168;cal_tier=channel-cal;cal_src=wet_rederive_1236_20260719;pressure_context_source=weather_openmeteo;transport=wifi_poll,
plants.soil,2026-07-28T04:27:47.129Z,2026-07-27 23:27:47.129,21369,6762df,y9d41p,0.7.3,fleet_logger_0_1,569730041,UMLIFE_v2_TLC555,ch3,origplant,soil_moisture,1428,,,OK,,,982.7,,name=classic;level=well watered;role=disp;spread=15;gpio=35;device_seq=75963;time_source=device_synced;device_timestamp_utc=2026-07-28T04:27:18.651Z;config_id=257fa022;rssi=-53;uptime_s=569730;heap=196168;cal_tier=channel-cal;cal_src=wet_rederive_1236_20260719;pressure_context_source=weather_openmeteo;transport=wifi_poll,
plants.env,2026-07-28T04:27:47.129Z,2026-07-27 23:27:47.129,21370,6762df,y9d41p,0.7.3,fleet_logger_0_1,569730797,ESP32,esp32_die,on_chip,die_temp,,52.78,degC,OK,,,,,name=classic;source=esp32_die;cal=uncalibrated_board_proxy;api=temperatureRead;config_id=257fa022;transport=wifi_poll,
plants.soil,2026-07-28T04:28:18.390Z,2026-07-27 23:28:18.390,21371,6762df,y9d41p,0.7.3,fleet_logger_0_1,569790041,UMLIFE_v2_TLC555,ch0,origplant,soil_moisture,1547,,,OK,,,982.7,,name=classic;level=well watered;role=disp;spread=16;gpio=36;device_seq=75968;time_source=device_synced;device_timestamp_utc=2026-07-28T04:28:18.651Z;config_id=257fa022;rssi=-55;uptime_s=569790;heap=196004;cal_tier=channel-cal;cal_src=wet_rederive_1236_20260719;pressure_context_source=weather_openmeteo;transport=wifi_poll,
plants.soil,2026-07-28T04:28:18.390Z,2026-07-27 23:28:18.390,21372,6762df,y9d41p,0.7.3,fleet_logger_0_1,569790041,UMLIFE_v2_TLC555,ch1,origplant,soil_moisture,1650,,,OK,,,982.7,,name=classic;level=OK;role=disp;spread=30;gpio=39;device_seq=75969;time_source=device_synced;device_timestamp_utc=2026-07-28T04:28:18.651Z;config_id=257fa022;rssi=-55;uptime_s=569790;heap=196004;cal_tier=channel-cal;cal_src=wet_rederive_1236_20260719;pressure_context_source=weather_openmeteo;transport=wifi_poll,
plants.soil,2026-07-28T04:28:18.390Z,2026-07-27 23:28:18.390,21373,6762df,y9d41p,0.7.3,fleet_logger_0_1,569790041,UMLIFE_v2_TLC555,ch2,origplant,soil_moisture,1327,,,OK,,,982.7,,name=classic;level=overwatered;role=disp;spread=23;gpio=34;device_seq=75970;time_source=device_synced;device_timestamp_utc=2026-07-28T04:28:18.651Z;config_id=257fa022;rssi=-55;uptime_s=569790;heap=196004;cal_tier=channel-cal;cal_src=wet_rederive_1236_20260719;pressure_context_source=weather_openmeteo;transport=wifi_poll,
plants.soil,2026-07-28T04:28:18.390Z,2026-07-27 23:28:18.390,21374,6762df,y9d41p,0.7.3,fleet_logger_0_1,569790041,UMLIFE_v2_TLC555,ch3,origplant,soil_moisture,1412,,,OK,,,982.7,,name=classic;level=well watered;role=disp;spread=23;gpio=35;device_seq=75971;time_source=device_synced;device_timestamp_utc=2026-07-28T04:28:18.651Z;config_id=257fa022;rssi=-55;uptime_s=569790;heap=196004;cal_tier=channel-cal;cal_src=wet_rederive_1236_20260719;pressure_context_source=weather_openmeteo;transport=wifi_poll,
plants.env,2026-07-28T04:28:18.390Z,2026-07-27 23:28:18.390,21375,6762df,y9d41p,0.7.3,fleet_logger_0_1,569790796,ESP32,esp32_die,on_chip,die_temp,,52.78,degC,OK,,,,,name=classic;source=esp32_die;cal=uncalibrated_board_proxy;api=temperatureRead;config_id=257fa022;transport=wifi_poll,
plants.soil,2026-07-28T04:28:48.672Z,2026-07-27 23:28:48.672,21376,6762df,y9d41p,0.7.3,fleet_logger_0_1,569820041,UMLIFE_v2_TLC555,ch0,origplant,soil_moisture,1552,,,OK,,,982.7,,name=classic;level=well watered;role=disp;spread=52;gpio=36;device_seq=75972;time_source=device_synced;device_timestamp_utc=2026-07-28T04:28:48.651Z;config_id=257fa022;rssi=-54;uptime_s=569820;heap=196152;cal_tier=channel-cal;cal_src=wet_rederive_1236_20260719;pressure_context_source=weather_openmeteo;transport=wifi_poll,
plants.soil,2026-07-28T04:28:48.672Z,2026-07-27 23:28:48.672,21377,6762df,y9d41p,0.7.3,fleet_logger_0_1,569820041,UMLIFE_v2_TLC555,ch1,origplant,soil_moisture,1649,,,OK,,,982.7,,name=classic;level=OK;role=disp;spread=37;gpio=39;device_seq=75973;time_source=device_synced;device_timestamp_utc=2026-07-28T04:28:48.651Z;config_id=257fa022;rssi=-54;uptime_s=569820;heap=196152;cal_tier=channel-cal;cal_src=wet_rederive_1236_20260719;pressure_context_source=weather_openmeteo;transport=wifi_poll,
plants.soil,2026-07-28T04:28:48.672Z,2026-07-27 23:28:48.672,21378,6762df,y9d41p,0.7.3,fleet_logger_0_1,569820041,UMLIFE_v2_TLC555,ch2,origplant,soil_moisture,1329,,,OK,,,982.7,,name=classic;level=overwatered;role=disp;spread=29;gpio=34;device_seq=75974;time_source=device_synced;device_timestamp_utc=2026-07-28T04:28:48.651Z;config_id=257fa022;rssi=-54;uptime_s=569820;heap=196152;cal_tier=channel-cal;cal_src=wet_rederive_1236_20260719;pressure_context_source=weather_openmeteo;transport=wifi_poll,
plants.soil,2026-07-28T04:28:48.672Z,2026-07-27 23:28:48.672,21379,6762df,y9d41p,0.7.3,fleet_logger_0_1,569820041,UMLIFE_v2_TLC555,ch3,origplant,soil_moisture,1414,,,OK,,,982.7,,name=classic;level=well watered;role=disp;spread=20;gpio=35;device_seq=75975;time_source=device_synced;device_timestamp_utc=2026-07-28T04:28:48.651Z;config_id=257fa022;rssi=-54;uptime_s=569820;heap=196152;cal_tier=channel-cal;cal_src=wet_rederive_1236_20260719;pressure_context_source=weather_openmeteo;transport=wifi_poll,
plants.env,2026-07-28T04:28:48.672Z,2026-07-27 23:28:48.672,21380,6762df,y9d41p,0.7.3,fleet_logger_0_1,569820797,ESP32,esp32_die,on_chip,die_temp,,52.78,degC,OK,,,,,name=classic;source=esp32_die;cal=uncalibrated_board_proxy;api=temperatureRead;config_id=257fa022;transport=wifi_poll,
plants.soil,2026-07-28T04:29:19.391Z,2026-07-27 23:29:19.391,21381,6762df,y9d41p,0.7.3,fleet_logger_0_1,569850041,UMLIFE_v2_TLC555,ch0,origplant,soil_moisture,1561,,,OK,,,982.7,,name=classic;level=well watered;role=disp;spread=23;gpio=36;device_seq=75976;time_source=device_synced;device_timestamp_utc=2026-07-28T04:29:18.651Z;config_id=257fa022;rssi=-53;uptime_s=569850;heap=195884;cal_tier=channel-cal;cal_src=wet_rederive_1236_20260719;pressure_context_source=weather_openmeteo;transport=wifi_poll,
plants.soil,2026-07-28T04:29:19.391Z,2026-07-27 23:29:19.391,21382,6762df,y9d41p,0.7.3,fleet_logger_0_1,569850041,UMLIFE_v2_TLC555,ch1,origplant,soil_moisture,1656,,,OK,,,982.7,,name=classic;level=OK;role=disp;spread=44;gpio=39;device_seq=75977;time_source=device_synced;device_timestamp_utc=2026-07-28T04:29:18.651Z;config_id=257fa022;rssi=-53;uptime_s=569850;heap=195884;cal_tier=channel-cal;cal_src=wet_rederive_1236_20260719;pressure_context_source=weather_openmeteo;transport=wifi_poll,
plants.soil,2026-07-28T04:29:19.391Z,2026-07-27 23:29:19.391,21383,6762df,y9d41p,0.7.3,fleet_logger_0_1,569850041,UMLIFE_v2_TLC555,ch2,origplant,soil_moisture,1331,,,OK,,,982.7,,name=classic;level=overwatered;role=disp;spread=52;gpio=34;device_seq=75978;time_source=device_synced;device_timestamp_utc=2026-07-28T04:29:18.651Z;config_id=257fa022;rssi=-53;uptime_s=569850;heap=195884;cal_tier=channel-cal;cal_src=wet_rederive_1236_20260719;pressure_context_source=weather_openmeteo;transport=wifi_poll,
plants.soil,2026-07-28T04:29:19.391Z,2026-07-27 23:29:19.391,21384,6762df,y9d41p,0.7.3,fleet_logger_0_1,569850041,UMLIFE_v2_TLC555,ch3,origplant,soil_moisture,1408,,,OK,,,982.7,,name=classic;level=well watered;role=disp;spread=11;gpio=35;device_seq=75979;time_source=device_synced;device_timestamp_utc=2026-07-28T04:29:18.651Z;config_id=257fa022;rssi=-53;uptime_s=569850;heap=195884;cal_tier=channel-cal;cal_src=wet_rederive_1236_20260719;pressure_context_source=weather_openmeteo;transport=wifi_poll,
plants.env,2026-07-28T04:29:19.391Z,2026-07-27 23:29:19.391,21385,6762df,y9d41p,0.7.3,fleet_logger_0_1,569850797,ESP32,esp32_die,on_chip,die_temp,,53.33,degC,OK,,,,,name=classic;source=esp32_die;cal=uncalibrated_board_proxy;api=temperatureRead;config_id=257fa022;transport=wifi_poll,
plants.soil,2026-07-28T04:29:50.215Z,2026-07-27 23:29:50.215,21386,6762df,y9d41p,0.7.3,fleet_logger_0_1,569880041,UMLIFE_v2_TLC555,ch0,origplant,soil_moisture,1537,,,OK,,,982.7,,name=classic;level=well watered;role=disp;spread=50;gpio=36;device_seq=75980;time_source=device_synced;device_timestamp_utc=2026-07-28T04:29:48.651Z;config_id=257fa022;rssi=-53;uptime_s=569880;heap=195884;cal_tier=channel-cal;cal_src=wet_rederive_1236_20260719;pressure_context_source=weather_openmeteo;transport=wifi_poll,
plants.soil,2026-07-28T04:29:50.215Z,2026-07-27 23:29:50.215,21387,6762df,y9d41p,0.7.3,fleet_logger_0_1,569880041,UMLIFE_v2_TLC555,ch1,origplant,soil_moisture,1650,,,OK,,,982.7,,name=classic;level=OK;role=disp;spread=42;gpio=39;device_seq=75981;time_source=device_synced;device_timestamp_utc=2026-07-28T04:29:48.651Z;config_id=257fa022;rssi=-53;uptime_s=569880;heap=195884;cal_tier=channel-cal;cal_src=wet_rederive_1236_20260719;pressure_context_source=weather_openmeteo;transport=wifi_poll,
plants.soil,2026-07-28T04:29:50.215Z,2026-07-27 23:29:50.215,21388,6762df,y9d41p,0.7.3,fleet_logger_0_1,569880041,UMLIFE_v2_TLC555,ch2,origplant,soil_moisture,1331,,,OK,,,982.7,,name=classic;level=overwatered;role=disp;spread=47;gpio=34;device_seq=75982;time_source=device_synced;device_timestamp_utc=2026-07-28T04:29:48.651Z;config_id=257fa022;rssi=-53;uptime_s=569880;heap=195884;cal_tier=channel-cal;cal_src=wet_rederive_1236_20260719;pressure_context_source=weather_openmeteo;transport=wifi_poll,
plants.soil,2026-07-28T04:29:50.215Z,2026-07-27 23:29:50.215,21389,6762df,y9d41p,0.7.3,fleet_logger_0_1,569880041,UMLIFE_v2_TLC555,ch3,origplant,soil_moisture,1409,,,OK,,,982.7,,name=classic;level=well watered;role=disp;spread=23;gpio=35;device_seq=75983;time_source=device_synced;device_timestamp_utc=2026-07-28T04:29:48.651Z;config_id=257fa022;rssi=-53;uptime_s=569880;heap=195884;cal_tier=channel-cal;cal_src=wet_rederive_1236_20260719;pressure_context_source=weather_openmeteo;transport=wifi_poll,
plants.env,2026-07-28T04:29:50.215Z,2026-07-27 23:29:50.215,21390,6762df,y9d41p,0.7.3,fleet_logger_0_1,569880797,ESP32,esp32_die,on_chip,die_temp,,51.67,degC,OK,,,,,name=classic;source=esp32_die;cal=uncalibrated_board_proxy;api=temperatureRead;config_id=257fa022;transport=wifi_poll,
plants.soil,2026-07-28T04:30:20.937Z,2026-07-27 23:30:20.937,21391,6762df,y9d41p,0.7.3,fleet_logger_0_1,569910041,UMLIFE_v2_TLC555,ch0,origplant,soil_moisture,1568,,,OK,,,982.7,,name=classic;level=well watered;role=disp;spread=40;gpio=36;device_seq=75984;time_source=device_synced;device_timestamp_utc=2026-07-28T04:30:18.651Z;config_id=257fa022;rssi=-54;uptime_s=569910;heap=195884;cal_tier=channel-cal;cal_src=wet_rederive_1236_20260719;pressure_context_source=weather_openmeteo;transport=wifi_poll,
plants.soil,2026-07-28T04:30:20.937Z,2026-07-27 23:30:20.937,21392,6762df,y9d41p,0.7.3,fleet_logger_0_1,569910041,UMLIFE_v2_TLC555,ch1,origplant,soil_moisture,1665,,,OK,,,982.7,,name=classic;level=OK;role=disp;spread=17;gpio=39;device_seq=75985;time_source=device_synced;device_timestamp_utc=2026-07-28T04:30:18.651Z;config_id=257fa022;rssi=-54;uptime_s=569910;heap=195884;cal_tier=channel-cal;cal_src=wet_rederive_1236_20260719;pressure_context_source=weather_openmeteo;transport=wifi_poll,
plants.soil,2026-07-28T04:30:20.937Z,2026-07-27 23:30:20.937,21393,6762df,y9d41p,0.7.3,fleet_logger_0_1,569910041,UMLIFE_v2_TLC555,ch2,origplant,soil_moisture,1339,,,OK,,,982.7,,name=classic;level=overwatered;role=disp;spread=34;gpio=34;device_seq=75986;time_source=device_synced;device_timestamp_utc=2026-07-28T04:30:18.651Z;config_id=257fa022;rssi=-54;uptime_s=569910;heap=195884;cal_tier=channel-cal;cal_src=wet_rederive_1236_20260719;pressure_context_source=weather_openmeteo;transport=wifi_poll,
plants.soil,2026-07-28T04:30:20.937Z,2026-07-27 23:30:20.937,21394,6762df,y9d41p,0.7.3,fleet_logger_0_1,569910041,UMLIFE_v2_TLC555,ch3,origplant,soil_moisture,1412,,,OK,,,982.7,,name=classic;level=well watered;role=disp;spread=23;gpio=35;device_seq=75987;time_source=device_synced;device_timestamp_utc=2026-07-28T04:30:18.651Z;config_id=257fa022;rssi=-54;uptime_s=569910;heap=195884;cal_tier=channel-cal;cal_src=wet_rederive_1236_20260719;pressure_context_source=weather_openmeteo;transport=wifi_poll,
plants.env,2026-07-28T04:30:20.937Z,2026-07-27 23:30:20.937,21395,6762df,y9d41p,0.7.3,fleet_logger_0_1,569910797,ESP32,esp32_die,on_chip,die_temp,,52.78,degC,OK,,,,,name=classic;source=esp32_die;cal=uncalibrated_board_proxy;api=temperatureRead;config_id=257fa022;transport=wifi_poll,
plants.soil,2026-07-28T04:30:51.656Z,2026-07-27 23:30:51.656,21396,6762df,y9d41p,0.7.3,fleet_logger_0_1,569940041,UMLIFE_v2_TLC555,ch0,origplant,soil_moisture,1569,,,OK,,,982.7,,name=classic;level=well watered;role=disp;spread=18;gpio=36;device_seq=75988;time_source=device_synced;device_timestamp_utc=2026-07-28T04:30:48.651Z;config_id=257fa022;rssi=-54;uptime_s=569940;heap=195884;cal_tier=channel-cal;cal_src=wet_rederive_1236_20260719;pressure_context_source=weather_openmeteo;transport=wifi_poll,
plants.soil,2026-07-28T04:30:51.656Z,2026-07-27 23:30:51.656,21397,6762df,y9d41p,0.7.3,fleet_logger_0_1,569940041,UMLIFE_v2_TLC555,ch1,origplant,soil_moisture,1674,,,OK,,,982.7,,name=classic;level=OK;role=disp;spread=16;gpio=39;device_seq=75989;time_source=device_synced;device_timestamp_utc=2026-07-28T04:30:48.651Z;config_id=257fa022;rssi=-54;uptime_s=569940;heap=195884;cal_tier=channel-cal;cal_src=wet_rederive_1236_20260719;pressure_context_source=weather_openmeteo;transport=wifi_poll,
plants.soil,2026-07-28T04:30:51.656Z,2026-07-27 23:30:51.656,21398,6762df,y9d41p,0.7.3,fleet_logger_0_1,569940041,UMLIFE_v2_TLC555,ch2,origplant,soil_moisture,1344,,,OK,,,982.7,,name=classic;level=overwatered;role=disp;spread=21;gpio=34;device_seq=75990;time_source=device_synced;device_timestamp_utc=2026-07-28T04:30:48.651Z;config_id=257fa022;rssi=-54;uptime_s=569940;heap=195884;cal_tier=channel-cal;cal_src=wet_rederive_1236_20260719;pressure_context_source=weather_openmeteo;transport=wifi_poll,
plants.soil,2026-07-28T04:30:51.656Z,2026-07-27 23:30:51.656,21399,6762df,y9d41p,0.7.3,fleet_logger_0_1,569940041,UMLIFE_v2_TLC555,ch3,origplant,soil_moisture,1409,,,OK,,,982.7,,name=classic;level=well watered;role=disp;spread=17;gpio=35;device_seq=75991;time_source=device_synced;device_timestamp_utc=2026-07-28T04:30:48.651Z;config_id=257fa022;rssi=-54;uptime_s=569940;heap=195884;cal_tier=channel-cal;cal_src=wet_rederive_1236_20260719;pressure_context_source=weather_openmeteo;transport=wifi_poll,
plants.env,2026-07-28T04:30:51.656Z,2026-07-27 23:30:51.656,21400,6762df,y9d41p,0.7.3,fleet_logger_0_1,569940797,ESP32,esp32_die,on_chip,die_temp,,53.33,degC,OK,,,,,name=classic;source=esp32_die;cal=uncalibrated_board_proxy;api=temperatureRead;config_id=257fa022;transport=wifi_poll,
plants.soil,2026-07-28T04:31:22.273Z,2026-07-27 23:31:22.273,21401,6762df,y9d41p,0.7.3,fleet_logger_0_1,569970041,UMLIFE_v2_TLC555,ch0,origplant,soil_moisture,1571,,,OK,,,982.7,,name=classic;level=well watered;role=disp;spread=29;gpio=36;device_seq=75992;time_source=device_synced;device_timestamp_utc=2026-07-28T04:31:18.651Z;config_id=257fa022;rssi=-53;uptime_s=569970;heap=195896;cal_tier=channel-cal;cal_src=wet_rederive_1236_20260719;pressure_context_source=weather_openmeteo;transport=wifi_poll,
plants.soil,2026-07-28T04:31:22.273Z,2026-07-27 23:31:22.273,21402,6762df,y9d41p,0.7.3,fleet_logger_0_1,569970041,UMLIFE_v2_TLC555,ch1,origplant,soil_moisture,1676,,,OK,,,982.7,,name=classic;level=OK;role=disp;spread=28;gpio=39;device_seq=75993;time_source=device_synced;device_timestamp_utc=2026-07-28T04:31:18.651Z;config_id=257fa022;rssi=-53;uptime_s=569970;heap=195896;cal_tier=channel-cal;cal_src=wet_rederive_1236_20260719;pressure_context_source=weather_openmeteo;transport=wifi_poll,
plants.soil,2026-07-28T04:31:22.273Z,2026-07-27 23:31:22.273,21403,6762df,y9d41p,0.7.3,fleet_logger_0_1,569970041,UMLIFE_v2_TLC555,ch2,origplant,soil_moisture,1347,,,OK,,,982.7,,name=classic;level=overwatered;role=disp;spread=47;gpio=34;device_seq=75994;time_source=device_synced;device_timestamp_utc=2026-07-28T04:31:18.651Z;config_id=257fa022;rssi=-53;uptime_s=569970;heap=195896;cal_tier=channel-cal;cal_src=wet_rederive_1236_20260719;pressure_context_source=weather_openmeteo;transport=wifi_poll,
plants.soil,2026-07-28T04:31:22.273Z,2026-07-27 23:31:22.273,21404,6762df,y9d41p,0.7.3,fleet_logger_0_1,569970041,UMLIFE_v2_TLC555,ch3,origplant,soil_moisture,1417,,,OK,,,982.7,,name=classic;level=well watered;role=disp;spread=25;gpio=35;device_seq=75995;time_source=device_synced;device_timestamp_utc=2026-07-28T04:31:18.651Z;config_id=257fa022;rssi=-53;uptime_s=569970;heap=195896;cal_tier=channel-cal;cal_src=wet_rederive_1236_20260719;pressure_context_source=weather_openmeteo;transport=wifi_poll,
plants.env,2026-07-28T04:31:22.273Z,2026-07-27 23:31:22.273,21405,6762df,y9d41p,0.7.3,fleet_logger_0_1,569970797,ESP32,esp32_die,on_chip,die_temp,,53.33,degC,OK,,,,,name=classic;source=esp32_die;cal=uncalibrated_board_proxy;api=temperatureRead;config_id=257fa022;transport=wifi_poll,
plants.soil,2026-07-28T04:31:52.891Z,2026-07-27 23:31:52.891,21406,6762df,y9d41p,0.7.3,fleet_logger_0_1,570000041,UMLIFE_v2_TLC555,ch0,origplant,soil_moisture,1566,,,OK,,,982.7,,name=classic;level=well watered;role=disp;spread=25;gpio=36;device_seq=75996;time_source=device_synced;device_timestamp_utc=2026-07-28T04:31:48.651Z;config_id=257fa022;rssi=-55;uptime_s=570000;heap=195896;cal_tier=channel-cal;cal_src=wet_rederive_1236_20260719;pressure_context_source=weather_openmeteo;transport=wifi_poll,
plants.soil,2026-07-28T04:31:52.891Z,2026-07-27 23:31:52.891,21407,6762df,y9d41p,0.7.3,fleet_logger_0_1,570000041,UMLIFE_v2_TLC555,ch1,origplant,soil_moisture,1676,,,OK,,,982.7,,name=classic;level=OK;role=disp;spread=14;gpio=39;device_seq=75997;time_source=device_synced;device_timestamp_utc=2026-07-28T04:31:48.651Z;config_id=257fa022;rssi=-55;uptime_s=570000;heap=195896;cal_tier=channel-cal;cal_src=wet_rederive_1236_20260719;pressure_context_source=weather_openmeteo;transport=wifi_poll,
plants.soil,2026-07-28T04:31:52.891Z,2026-07-27 23:31:52.891,21408,6762df,y9d41p,0.7.3,fleet_logger_0_1,570000041,UMLIFE_v2_TLC555,ch2,origplant,soil_moisture,1352,,,OK,,,982.7,,name=classic;level=overwatered;role=disp;spread=36;gpio=34;device_seq=75998;time_source=device_synced;device_timestamp_utc=2026-07-28T04:31:48.651Z;config_id=257fa022;rssi=-55;uptime_s=570000;heap=195896;cal_tier=channel-cal;cal_src=wet_rederive_1236_20260719;pressure_context_source=weather_openmeteo;transport=wifi_poll,
plants.soil,2026-07-28T04:31:52.891Z,2026-07-27 23:31:52.891,21409,6762df,y9d41p,0.7.3,fleet_logger_0_1,570000041,UMLIFE_v2_TLC555,ch3,origplant,soil_moisture,1417,,,OK,,,982.7,,name=classic;level=well watered;role=disp;spread=20;gpio=35;device_seq=75999;time_source=device_synced;device_timestamp_utc=2026-07-28T04:31:48.651Z;config_id=257fa022;rssi=-55;uptime_s=570000;heap=195896;cal_tier=channel-cal;cal_src=wet_rederive_1236_20260719;pressure_context_source=weather_openmeteo;transport=wifi_poll,
plants.env,2026-07-28T04:31:52.891Z,2026-07-27 23:31:52.891,21410,6762df,y9d41p,0.7.3,fleet_logger_0_1,570001863,ESP32,esp32_die,on_chip,die_temp,,52.78,degC,OK,,,,,name=classic;source=esp32_die;cal=uncalibrated_board_proxy;api=temperatureRead;config_id=257fa022;transport=wifi_poll,
plants.soil,2026-07-28T04:32:23.509Z,2026-07-27 23:32:23.509,21411,6762df,y9d41p,0.7.3,fleet_logger_0_1,570030041,UMLIFE_v2_TLC555,ch0,origplant,soil_moisture,1567,,,OK,,,982.7,,name=classic;level=well watered;role=disp;spread=23;gpio=36;device_seq=76000;time_source=device_synced;device_timestamp_utc=2026-07-28T04:32:18.651Z;config_id=257fa022;rssi=-54;uptime_s=570030;heap=195640;cal_tier=channel-cal;cal_src=wet_rederive_1236_20260719;pressure_context_source=weather_openmeteo;transport=wifi_poll,
plants.soil,2026-07-28T04:32:23.509Z,2026-07-27 23:32:23.509,21412,6762df,y9d41p,0.7.3,fleet_logger_0_1,570030041,UMLIFE_v2_TLC555,ch1,origplant,soil_moisture,1674,,,OK,,,982.7,,name=classic;level=OK;role=disp;spread=15;gpio=39;device_seq=76001;time_source=device_synced;device_timestamp_utc=2026-07-28T04:32:18.651Z;config_id=257fa022;rssi=-54;uptime_s=570030;heap=195640;cal_tier=channel-cal;cal_src=wet_rederive_1236_20260719;pressure_context_source=weather_openmeteo;transport=wifi_poll,
plants.soil,2026-07-28T04:32:23.509Z,2026-07-27 23:32:23.509,21413,6762df,y9d41p,0.7.3,fleet_logger_0_1,570030041,UMLIFE_v2_TLC555,ch2,origplant,soil_moisture,1361,,,OK,,,982.7,,name=classic;level=overwatered;role=disp;spread=38;gpio=34;device_seq=76002;time_source=device_synced;device_timestamp_utc=2026-07-28T04:32:18.651Z;config_id=257fa022;rssi=-54;uptime_s=570030;heap=195640;cal_tier=channel-cal;cal_src=wet_rederive_1236_20260719;pressure_context_source=weather_openmeteo;transport=wifi_poll,
plants.soil,2026-07-28T04:32:23.509Z,2026-07-27 23:32:23.509,21414,6762df,y9d41p,0.7.3,fleet_logger_0_1,570030041,UMLIFE_v2_TLC555,ch3,origplant,soil_moisture,1420,,,OK,,,982.7,,name=classic;level=well watered;role=disp;spread=18;gpio=35;device_seq=76003;time_source=device_synced;device_timestamp_utc=2026-07-28T04:32:18.651Z;config_id=257fa022;rssi=-54;uptime_s=570030;heap=195640;cal_tier=channel-cal;cal_src=wet_rederive_1236_20260719;pressure_context_source=weather_openmeteo;transport=wifi_poll,
plants.env,2026-07-28T04:32:23.509Z,2026-07-27 23:32:23.509,21415,6762df,y9d41p,0.7.3,fleet_logger_0_1,570030797,ESP32,esp32_die,on_chip,die_temp,,52.22,degC,OK,,,,,name=classic;source=esp32_die;cal=uncalibrated_board_proxy;api=temperatureRead;config_id=257fa022;transport=wifi_poll,
plants.soil,2026-07-28T04:32:53.847Z,2026-07-27 23:32:53.847,21416,6762df,y9d41p,0.7.3,fleet_logger_0_1,570060041,UMLIFE_v2_TLC555,ch0,origplant,soil_moisture,1570,,,OK,,,982.7,,name=classic;level=well watered;role=disp;spread=21;gpio=36;device_seq=76004;time_source=device_synced;device_timestamp_utc=2026-07-28T04:32:48.651Z;config_id=257fa022;rssi=-55;uptime_s=570060;heap=195644;cal_tier=channel-cal;cal_src=wet_rederive_1236_20260719;pressure_context_source=weather_openmeteo;transport=wifi_poll,
plants.soil,2026-07-28T04:32:53.847Z,2026-07-27 23:32:53.847,21417,6762df,y9d41p,0.7.3,fleet_logger_0_1,570060041,UMLIFE_v2_TLC555,ch1,origplant,soil_moisture,1678,,,OK,,,982.7,,name=classic;level=OK;role=disp;spread=46;gpio=39;device_seq=76005;time_source=device_synced;device_timestamp_utc=2026-07-28T04:32:48.651Z;config_id=257fa022;rssi=-55;uptime_s=570060;heap=195644;cal_tier=channel-cal;cal_src=wet_rederive_1236_20260719;pressure_context_source=weather_openmeteo;transport=wifi_poll,
plants.soil,2026-07-28T04:32:53.847Z,2026-07-27 23:32:53.847,21418,6762df,y9d41p,0.7.3,fleet_logger_0_1,570060041,UMLIFE_v2_TLC555,ch2,origplant,soil_moisture,1362,,,OK,,,982.7,,name=classic;level=overwatered;role=disp;spread=48;gpio=34;device_seq=76006;time_source=device_synced;device_timestamp_utc=2026-07-28T04:32:48.651Z;config_id=257fa022;rssi=-55;uptime_s=570060;heap=195644;cal_tier=channel-cal;cal_src=wet_rederive_1236_20260719;pressure_context_source=weather_openmeteo;transport=wifi_poll,
plants.soil,2026-07-28T04:32:53.847Z,2026-07-27 23:32:53.847,21419,6762df,y9d41p,0.7.3,fleet_logger_0_1,570060041,UMLIFE_v2_TLC555,ch3,origplant,soil_moisture,1434,,,OK,,,982.7,,name=classic;level=well watered;role=disp;spread=26;gpio=35;device_seq=76007;time_source=device_synced;device_timestamp_utc=2026-07-28T04:32:48.651Z;config_id=257fa022;rssi=-55;uptime_s=570060;heap=195644;cal_tier=channel-cal;cal_src=wet_rederive_1236_20260719;pressure_context_source=weather_openmeteo;transport=wifi_poll,
plants.env,2026-07-28T04:32:53.847Z,2026-07-27 23:32:53.847,21420,6762df,y9d41p,0.7.3,fleet_logger_0_1,570060797,ESP32,esp32_die,on_chip,die_temp,,52.22,degC,OK,,,,,name=classic;source=esp32_die;cal=uncalibrated_board_proxy;api=temperatureRead;config_id=257fa022;transport=wifi_poll,
plants.soil,2026-07-28T04:33:25.356Z,2026-07-27 23:33:25.356,21421,6762df,y9d41p,0.7.3,fleet_logger_0_1,570090041,UMLIFE_v2_TLC555,ch0,origplant,soil_moisture,1571,,,OK,,,982.7,,name=classic;level=well watered;role=disp;spread=24;gpio=36;device_seq=76008;time_source=device_synced;device_timestamp_utc=2026-07-28T04:33:18.651Z;config_id=257fa022;rssi=-54;uptime_s=570090;heap=195908;cal_tier=channel-cal;cal_src=wet_rederive_1236_20260719;pressure_context_source=weather_openmeteo;transport=wifi_poll,
plants.soil,2026-07-28T04:33:25.356Z,2026-07-27 23:33:25.356,21422,6762df,y9d41p,0.7.3,fleet_logger_0_1,570090041,UMLIFE_v2_TLC555,ch1,origplant,soil_moisture,1671,,,OK,,,982.7,,name=classic;level=OK;role=disp;spread=33;gpio=39;device_seq=76009;time_source=device_synced;device_timestamp_utc=2026-07-28T04:33:18.651Z;config_id=257fa022;rssi=-54;uptime_s=570090;heap=195908;cal_tier=channel-cal;cal_src=wet_rederive_1236_20260719;pressure_context_source=weather_openmeteo;transport=wifi_poll,
plants.soil,2026-07-28T04:33:25.356Z,2026-07-27 23:33:25.356,21423,6762df,y9d41p,0.7.3,fleet_logger_0_1,570090041,UMLIFE_v2_TLC555,ch2,origplant,soil_moisture,1362,,,OK,,,982.7,,name=classic;level=overwatered;role=disp;spread=34;gpio=34;device_seq=76010;time_source=device_synced;device_timestamp_utc=2026-07-28T04:33:18.651Z;config_id=257fa022;rssi=-54;uptime_s=570090;heap=195908;cal_tier=channel-cal;cal_src=wet_rederive_1236_20260719;pressure_context_source=weather_openmeteo;transport=wifi_poll,
plants.soil,2026-07-28T04:33:25.356Z,2026-07-27 23:33:25.356,21424,6762df,y9d41p,0.7.3,fleet_logger_0_1,570090041,UMLIFE_v2_TLC555,ch3,origplant,soil_moisture,1449,,,OK,,,982.7,,name=classic;level=well watered;role=disp;spread=11;gpio=35;device_seq=76011;time_source=device_synced;device_timestamp_utc=2026-07-28T04:33:18.651Z;config_id=257fa022;rssi=-54;uptime_s=570090;heap=195908;cal_tier=channel-cal;cal_src=wet_rederive_1236_20260719;pressure_context_source=weather_openmeteo;transport=wifi_poll,
plants.env,2026-07-28T04:33:25.356Z,2026-07-27 23:33:25.356,21425,6762df,y9d41p,0.7.3,fleet_logger_0_1,570090797,ESP32,esp32_die,on_chip,die_temp,,52.78,degC,OK,,,,,name=classic;source=esp32_die;cal=uncalibrated_board_proxy;api=temperatureRead;config_id=257fa022;transport=wifi_poll,
plants.soil,2026-07-28T04:33:56.078Z,2026-07-27 23:33:56.078,21426,6762df,y9d41p,0.7.3,fleet_logger_0_1,570120041,UMLIFE_v2_TLC555,ch0,origplant,soil_moisture,1570,,,OK,,,982.7,,name=classic;level=well watered;role=disp;spread=41;gpio=36;device_seq=76012;time_source=device_synced;device_timestamp_utc=2026-07-28T04:33:48.651Z;config_id=257fa022;rssi=-54;uptime_s=570120;heap=195908;cal_tier=channel-cal;cal_src=wet_rederive_1236_20260719;pressure_context_source=weather_openmeteo;transport=wifi_poll,
plants.soil,2026-07-28T04:33:56.078Z,2026-07-27 23:33:56.078,21427,6762df,y9d41p,0.7.3,fleet_logger_0_1,570120041,UMLIFE_v2_TLC555,ch1,origplant,soil_moisture,1677,,,OK,,,982.7,,name=classic;level=OK;role=disp;spread=42;gpio=39;device_seq=76013;time_source=device_synced;device_timestamp_utc=2026-07-28T04:33:48.651Z;config_id=257fa022;rssi=-54;uptime_s=570120;heap=195908;cal_tier=channel-cal;cal_src=wet_rederive_1236_20260719;pressure_context_source=weather_openmeteo;transport=wifi_poll,
plants.soil,2026-07-28T04:33:56.078Z,2026-07-27 23:33:56.078,21428,6762df,y9d41p,0.7.3,fleet_logger_0_1,570120041,UMLIFE_v2_TLC555,ch2,origplant,soil_moisture,1361,,,OK,,,982.7,,name=classic;level=overwatered;role=disp;spread=43;gpio=34;device_seq=76014;time_source=device_synced;device_timestamp_utc=2026-07-28T04:33:48.651Z;config_id=257fa022;rssi=-54;uptime_s=570120;heap=195908;cal_tier=channel-cal;cal_src=wet_rederive_1236_20260719;pressure_context_source=weather_openmeteo;transport=wifi_poll,
plants.soil,2026-07-28T04:33:56.078Z,2026-07-27 23:33:56.078,21429,6762df,y9d41p,0.7.3,fleet_logger_0_1,570120041,UMLIFE_v2_TLC555,ch3,origplant,soil_moisture,1446,,,OK,,,982.7,,name=classic;level=well watered;role=disp;spread=37;gpio=35;device_seq=76015;time_source=device_synced;device_timestamp_utc=2026-07-28T04:33:48.651Z;config_id=257fa022;rssi=-54;uptime_s=570120;heap=195908;cal_tier=channel-cal;cal_src=wet_rederive_1236_20260719;pressure_context_source=weather_openmeteo;transport=wifi_poll,
plants.env,2026-07-28T04:33:56.078Z,2026-07-27 23:33:56.078,21430,6762df,y9d41p,0.7.3,fleet_logger_0_1,570120797,ESP32,esp32_die,on_chip,die_temp,,52.22,degC,OK,,,,,name=classic;source=esp32_die;cal=uncalibrated_board_proxy;api=temperatureRead;config_id=257fa022;transport=wifi_poll,
plants.soil,2026-07-28T04:34:26.459Z,2026-07-27 23:34:26.459,21431,6762df,y9d41p,0.7.3,fleet_logger_0_1,570150041,UMLIFE_v2_TLC555,ch0,origplant,soil_moisture,1570,,,OK,,,982.7,,name=classic;level=well watered;role=disp;spread=22;gpio=36;device_seq=76016;time_source=device_synced;device_timestamp_utc=2026-07-28T04:34:18.651Z;config_id=257fa022;rssi=-53;uptime_s=570150;heap=195852;cal_tier=channel-cal;cal_src=wet_rederive_1236_20260719;pressure_context_source=weather_openmeteo;transport=wifi_poll,
plants.soil,2026-07-28T04:34:26.459Z,2026-07-27 23:34:26.459,21432,6762df,y9d41p,0.7.3,fleet_logger_0_1,570150041,UMLIFE_v2_TLC555,ch1,origplant,soil_moisture,1676,,,OK,,,982.7,,name=classic;level=OK;role=disp;spread=31;gpio=39;device_seq=76017;time_source=device_synced;device_timestamp_utc=2026-07-28T04:34:18.651Z;config_id=257fa022;rssi=-53;uptime_s=570150;heap=195852;cal_tier=channel-cal;cal_src=wet_rederive_1236_20260719;pressure_context_source=weather_openmeteo;transport=wifi_poll,
plants.soil,2026-07-28T04:34:26.459Z,2026-07-27 23:34:26.459,21433,6762df,y9d41p,0.7.3,fleet_logger_0_1,570150041,UMLIFE_v2_TLC555,ch2,origplant,soil_moisture,1364,,,OK,,,982.7,,name=classic;level=overwatered;role=disp;spread=43;gpio=34;device_seq=76018;time_source=device_synced;device_timestamp_utc=2026-07-28T04:34:18.651Z;config_id=257fa022;rssi=-53;uptime_s=570150;heap=195852;cal_tier=channel-cal;cal_src=wet_rederive_1236_20260719;pressure_context_source=weather_openmeteo;transport=wifi_poll,
plants.soil,2026-07-28T04:34:26.459Z,2026-07-27 23:34:26.459,21434,6762df,y9d41p,0.7.3,fleet_logger_0_1,570150041,UMLIFE_v2_TLC555,ch3,origplant,soil_moisture,1442,,,OK,,,982.7,,name=classic;level=well watered;role=disp;spread=20;gpio=35;device_seq=76019;time_source=device_synced;device_timestamp_utc=2026-07-28T04:34:18.651Z;config_id=257fa022;rssi=-53;uptime_s=570150;heap=195852;cal_tier=channel-cal;cal_src=wet_rederive_1236_20260719;pressure_context_source=weather_openmeteo;transport=wifi_poll,
plants.env,2026-07-28T04:34:26.459Z,2026-07-27 23:34:26.459,21435,6762df,y9d41p,0.7.3,fleet_logger_0_1,570150797,ESP32,esp32_die,on_chip,die_temp,,52.22,degC,OK,,,,,name=classic;source=esp32_die;cal=uncalibrated_board_proxy;api=temperatureRead;config_id=257fa022;transport=wifi_poll,
plants.soil,2026-07-28T04:34:57.061Z,2026-07-27 23:34:57.061,21436,6762df,y9d41p,0.7.3,fleet_logger_0_1,570180041,UMLIFE_v2_TLC555,ch0,origplant,soil_moisture,1574,,,OK,,,982.7,,name=classic;level=well watered;role=disp;spread=44;gpio=36;device_seq=76020;time_source=device_synced;device_timestamp_utc=2026-07-28T04:34:48.651Z;config_id=257fa022;rssi=-55;uptime_s=570180;heap=195884;cal_tier=channel-cal;cal_src=wet_rederive_1236_20260719;pressure_context_source=weather_openmeteo;transport=wifi_poll,
plants.soil,2026-07-28T04:34:57.061Z,2026-07-27 23:34:57.061,21437,6762df,y9d41p,0.7.3,fleet_logger_0_1,570180041,UMLIFE_v2_TLC555,ch1,origplant,soil_moisture,1673,,,OK,,,982.7,,name=classic;level=OK;role=disp;spread=26;gpio=39;device_seq=76021;time_source=device_synced;device_timestamp_utc=2026-07-28T04:34:48.651Z;config_id=257fa022;rssi=-55;uptime_s=570180;heap=195884;cal_tier=channel-cal;cal_src=wet_rederive_1236_20260719;pressure_context_source=weather_openmeteo;transport=wifi_poll,
plants.soil,2026-07-28T04:34:57.061Z,2026-07-27 23:34:57.061,21438,6762df,y9d41p,0.7.3,fleet_logger_0_1,570180041,UMLIFE_v2_TLC555,ch2,origplant,soil_moisture,1356,,,OK,,,982.7,,name=classic;level=overwatered;role=disp;spread=44;gpio=34;device_seq=76022;time_source=device_synced;device_timestamp_utc=2026-07-28T04:34:48.651Z;config_id=257fa022;rssi=-55;uptime_s=570180;heap=195884;cal_tier=channel-cal;cal_src=wet_rederive_1236_20260719;pressure_context_source=weather_openmeteo;transport=wifi_poll,
plants.soil,2026-07-28T04:34:57.061Z,2026-07-27 23:34:57.061,21439,6762df,y9d41p,0.7.3,fleet_logger_0_1,570180041,UMLIFE_v2_TLC555,ch3,origplant,soil_moisture,1445,,,OK,,,982.7,,name=classic;level=well watered;role=disp;spread=33;gpio=35;device_seq=76023;time_source=device_synced;device_timestamp_utc=2026-07-28T04:34:48.651Z;config_id=257fa022;rssi=-55;uptime_s=570180;heap=195884;cal_tier=channel-cal;cal_src=wet_rederive_1236_20260719;pressure_context_source=weather_openmeteo;transport=wifi_poll,
plants.env,2026-07-28T04:34:57.061Z,2026-07-27 23:34:57.061,21440,6762df,y9d41p,0.7.3,fleet_logger_0_1,570180797,ESP32,esp32_die,on_chip,die_temp,,52.22,degC,OK,,,,,name=classic;source=esp32_die;cal=uncalibrated_board_proxy;api=temperatureRead;config_id=257fa022;transport=wifi_poll,
plants.soil,2026-07-28T04:35:27.777Z,2026-07-27 23:35:27.777,21441,6762df,y9d41p,0.7.3,fleet_logger_0_1,570210041,UMLIFE_v2_TLC555,ch0,origplant,soil_moisture,1575,,,OK,,,982.7,,name=classic;level=well watered;role=disp;spread=50;gpio=36;device_seq=76024;time_source=device_synced;device_timestamp_utc=2026-07-28T04:35:18.651Z;config_id=257fa022;rssi=-53;uptime_s=570210;heap=195632;cal_tier=channel-cal;cal_src=wet_rederive_1236_20260719;pressure_context_source=weather_openmeteo;transport=wifi_poll,
plants.soil,2026-07-28T04:35:27.777Z,2026-07-27 23:35:27.777,21442,6762df,y9d41p,0.7.3,fleet_logger_0_1,570210041,UMLIFE_v2_TLC555,ch1,origplant,soil_moisture,1674,,,OK,,,982.7,,name=classic;level=OK;role=disp;spread=52;gpio=39;device_seq=76025;time_source=device_synced;device_timestamp_utc=2026-07-28T04:35:18.651Z;config_id=257fa022;rssi=-53;uptime_s=570210;heap=195632;cal_tier=channel-cal;cal_src=wet_rederive_1236_20260719;pressure_context_source=weather_openmeteo;transport=wifi_poll,
plants.soil,2026-07-28T04:35:27.777Z,2026-07-27 23:35:27.777,21443,6762df,y9d41p,0.7.3,fleet_logger_0_1,570210041,UMLIFE_v2_TLC555,ch2,origplant,soil_moisture,1358,,,OK,,,982.7,,name=classic;level=overwatered;role=disp;spread=36;gpio=34;device_seq=76026;time_source=device_synced;device_timestamp_utc=2026-07-28T04:35:18.651Z;config_id=257fa022;rssi=-53;uptime_s=570210;heap=195632;cal_tier=channel-cal;cal_src=wet_rederive_1236_20260719;pressure_context_source=weather_openmeteo;transport=wifi_poll,
plants.soil,2026-07-28T04:35:27.777Z,2026-07-27 23:35:27.777,21444,6762df,y9d41p,0.7.3,fleet_logger_0_1,570210041,UMLIFE_v2_TLC555,ch3,origplant,soil_moisture,1439,,,OK,,,982.7,,name=classic;level=well watered;role=disp;spread=31;gpio=35;device_seq=76027;time_source=device_synced;device_timestamp_utc=2026-07-28T04:35:18.651Z;config_id=257fa022;rssi=-53;uptime_s=570210;heap=195632;cal_tier=channel-cal;cal_src=wet_rederive_1236_20260719;pressure_context_source=weather_openmeteo;transport=wifi_poll,
plants.env,2026-07-28T04:35:27.777Z,2026-07-27 23:35:27.777,21445,6762df,y9d41p,0.7.3,fleet_logger_0_1,570210797,ESP32,esp32_die,on_chip,die_temp,,51.67,degC,OK,,,,,name=classic;source=esp32_die;cal=uncalibrated_board_proxy;api=temperatureRead;config_id=257fa022;transport=wifi_poll,
plants.soil,2026-07-28T04:35:58.348Z,2026-07-27 23:35:58.348,21446,6762df,y9d41p,0.7.3,fleet_logger_0_1,570240041,UMLIFE_v2_TLC555,ch0,origplant,soil_moisture,1569,,,OK,,,982.7,,name=classic;level=well watered;role=disp;spread=49;gpio=36;device_seq=76028;time_source=device_synced;device_timestamp_utc=2026-07-28T04:35:48.651Z;config_id=257fa022;rssi=-55;uptime_s=570240;heap=195632;cal_tier=channel-cal;cal_src=wet_rederive_1236_20260719;pressure_context_source=weather_openmeteo;transport=wifi_poll,
plants.soil,2026-07-28T04:35:58.348Z,2026-07-27 23:35:58.348,21447,6762df,y9d41p,0.7.3,fleet_logger_0_1,570240041,UMLIFE_v2_TLC555,ch1,origplant,soil_moisture,1674,,,OK,,,982.7,,name=classic;level=OK;role=disp;spread=49;gpio=39;device_seq=76029;time_source=device_synced;device_timestamp_utc=2026-07-28T04:35:48.651Z;config_id=257fa022;rssi=-55;uptime_s=570240;heap=195632;cal_tier=channel-cal;cal_src=wet_rederive_1236_20260719;pressure_context_source=weather_openmeteo;transport=wifi_poll,
plants.soil,2026-07-28T04:35:58.348Z,2026-07-27 23:35:58.348,21448,6762df,y9d41p,0.7.3,fleet_logger_0_1,570240041,UMLIFE_v2_TLC555,ch2,origplant,soil_moisture,1359,,,OK,,,982.7,,name=classic;level=overwatered;role=disp;spread=21;gpio=34;device_seq=76030;time_source=device_synced;device_timestamp_utc=2026-07-28T04:35:48.651Z;config_id=257fa022;rssi=-55;uptime_s=570240;heap=195632;cal_tier=channel-cal;cal_src=wet_rederive_1236_20260719;pressure_context_source=weather_openmeteo;transport=wifi_poll,
plants.soil,2026-07-28T04:35:58.348Z,2026-07-27 23:35:58.348,21449,6762df,y9d41p,0.7.3,fleet_logger_0_1,570240041,UMLIFE_v2_TLC555,ch3,origplant,soil_moisture,1440,,,OK,,,982.7,,name=classic;level=well watered;role=disp;spread=36;gpio=35;device_seq=76031;time_source=device_synced;device_timestamp_utc=2026-07-28T04:35:48.651Z;config_id=257fa022;rssi=-55;uptime_s=570240;heap=195632;cal_tier=channel-cal;cal_src=wet_rederive_1236_20260719;pressure_context_source=weather_openmeteo;transport=wifi_poll,
plants.env,2026-07-28T04:35:58.348Z,2026-07-27 23:35:58.348,21450,6762df,y9d41p,0.7.3,fleet_logger_0_1,570240797,ESP32,esp32_die,on_chip,die_temp,,52.22,degC,OK,,,,,name=classic;source=esp32_die;cal=uncalibrated_board_proxy;api=temperatureRead;config_id=257fa022;transport=wifi_poll,
plants.soil,2026-07-28T04:36:28.726Z,2026-07-27 23:36:28.726,21451,6762df,y9d41p,0.7.3,fleet_logger_0_1,570270041,UMLIFE_v2_TLC555,ch0,origplant,soil_moisture,1573,,,OK,,,982.7,,name=classic;level=well watered;role=disp;spread=51;gpio=36;device_seq=76032;time_source=device_synced;device_timestamp_utc=2026-07-28T04:36:18.651Z;config_id=257fa022;rssi=-54;uptime_s=570270;heap=195892;cal_tier=channel-cal;cal_src=wet_rederive_1236_20260719;pressure_context_source=weather_openmeteo;transport=wifi_poll,
plants.soil,2026-07-28T04:36:28.726Z,2026-07-27 23:36:28.726,21452,6762df,y9d41p,0.7.3,fleet_logger_0_1,570270041,UMLIFE_v2_TLC555,ch1,origplant,soil_moisture,1672,,,OK,,,982.7,,name=classic;level=OK;role=disp;spread=14;gpio=39;device_seq=76033;time_source=device_synced;device_timestamp_utc=2026-07-28T04:36:18.651Z;config_id=257fa022;rssi=-54;uptime_s=570270;heap=195892;cal_tier=channel-cal;cal_src=wet_rederive_1236_20260719;pressure_context_source=weather_openmeteo;transport=wifi_poll,
plants.soil,2026-07-28T04:36:28.726Z,2026-07-27 23:36:28.726,21453,6762df,y9d41p,0.7.3,fleet_logger_0_1,570270041,UMLIFE_v2_TLC555,ch2,origplant,soil_moisture,1360,,,OK,,,982.7,,name=classic;level=overwatered;role=disp;spread=42;gpio=34;device_seq=76034;time_source=device_synced;device_timestamp_utc=2026-07-28T04:36:18.651Z;config_id=257fa022;rssi=-54;uptime_s=570270;heap=195892;cal_tier=channel-cal;cal_src=wet_rederive_1236_20260719;pressure_context_source=weather_openmeteo;transport=wifi_poll,
plants.soil,2026-07-28T04:36:28.726Z,2026-07-27 23:36:28.726,21454,6762df,y9d41p,0.7.3,fleet_logger_0_1,570270041,UMLIFE_v2_TLC555,ch3,origplant,soil_moisture,1445,,,OK,,,982.7,,name=classic;level=well watered;role=disp;spread=18;gpio=35;device_seq=76035;time_source=device_synced;device_timestamp_utc=2026-07-28T04:36:18.651Z;config_id=257fa022;rssi=-54;uptime_s=570270;heap=195892;cal_tier=channel-cal;cal_src=wet_rederive_1236_20260719;pressure_context_source=weather_openmeteo;transport=wifi_poll,
plants.env,2026-07-28T04:36:28.726Z,2026-07-27 23:36:28.726,21455,6762df,y9d41p,0.7.3,fleet_logger_0_1,570270797,ESP32,esp32_die,on_chip,die_temp,,51.11,degC,OK,,,,,name=classic;source=esp32_die;cal=uncalibrated_board_proxy;api=temperatureRead;config_id=257fa022;transport=wifi_poll,
plants.soil,2026-07-28T04:36:59.179Z,2026-07-27 23:36:59.179,21456,6762df,y9d41p,0.7.3,fleet_logger_0_1,570300041,UMLIFE_v2_TLC555,ch0,origplant,soil_moisture,1574,,,OK,,,982.7,,name=classic;level=well watered;role=disp;spread=28;gpio=36;device_seq=76036;time_source=device_synced;device_timestamp_utc=2026-07-28T04:36:48.651Z;config_id=257fa022;rssi=-54;uptime_s=570300;heap=195908;cal_tier=channel-cal;cal_src=wet_rederive_1236_20260719;pressure_context_source=weather_openmeteo;transport=wifi_poll,
plants.soil,2026-07-28T04:36:59.179Z,2026-07-27 23:36:59.179,21457,6762df,y9d41p,0.7.3,fleet_logger_0_1,570300041,UMLIFE_v2_TLC555,ch1,origplant,soil_moisture,1671,,,OK,,,982.7,,name=classic;level=OK;role=disp;spread=60;gpio=39;device_seq=76037;time_source=device_synced;device_timestamp_utc=2026-07-28T04:36:48.651Z;config_id=257fa022;rssi=-54;uptime_s=570300;heap=195908;cal_tier=channel-cal;cal_src=wet_rederive_1236_20260719;pressure_context_source=weather_openmeteo;transport=wifi_poll,
plants.soil,2026-07-28T04:36:59.179Z,2026-07-27 23:36:59.179,21458,6762df,y9d41p,0.7.3,fleet_logger_0_1,570300041,UMLIFE_v2_TLC555,ch2,origplant,soil_moisture,1360,,,OK,,,982.7,,name=classic;level=overwatered;role=disp;spread=18;gpio=34;device_seq=76038;time_source=device_synced;device_timestamp_utc=2026-07-28T04:36:48.651Z;config_id=257fa022;rssi=-54;uptime_s=570300;heap=195908;cal_tier=channel-cal;cal_src=wet_rederive_1236_20260719;pressure_context_source=weather_openmeteo;transport=wifi_poll,
plants.soil,2026-07-28T04:36:59.179Z,2026-07-27 23:36:59.179,21459,6762df,y9d41p,0.7.3,fleet_logger_0_1,570300041,UMLIFE_v2_TLC555,ch3,origplant,soil_moisture,1444,,,OK,,,982.7,,name=classic;level=well watered;role=disp;spread=22;gpio=35;device_seq=76039;time_source=device_synced;device_timestamp_utc=2026-07-28T04:36:48.651Z;config_id=257fa022;rssi=-54;uptime_s=570300;heap=195908;cal_tier=channel-cal;cal_src=wet_rederive_1236_20260719;pressure_context_source=weather_openmeteo;transport=wifi_poll,
plants.env,2026-07-28T04:36:59.179Z,2026-07-27 23:36:59.179,21460,6762df,y9d41p,0.7.3,fleet_logger_0_1,570300797,ESP32,esp32_die,on_chip,die_temp,,52.78,degC,OK,,,,,name=classic;source=esp32_die;cal=uncalibrated_board_proxy;api=temperatureRead;config_id=257fa022;transport=wifi_poll,
plants.soil,2026-07-28T04:37:29.570Z,2026-07-27 23:37:29.570,21461,6762df,y9d41p,0.7.3,fleet_logger_0_1,570330041,UMLIFE_v2_TLC555,ch0,origplant,soil_moisture,1575,,,OK,,,982.7,,name=classic;level=well watered;role=disp;spread=17;gpio=36;device_seq=76040;time_source=device_synced;device_timestamp_utc=2026-07-28T04:37:18.651Z;config_id=257fa022;rssi=-53;uptime_s=570330;heap=195908;cal_tier=channel-cal;cal_src=wet_rederive_1236_20260719;pressure_context_source=weather_openmeteo;transport=wifi_poll,
plants.soil,2026-07-28T04:37:29.570Z,2026-07-27 23:37:29.570,21462,6762df,y9d41p,0.7.3,fleet_logger_0_1,570330041,UMLIFE_v2_TLC555,ch1,origplant,soil_moisture,1676,,,OK,,,982.7,,name=classic;level=OK;role=disp;spread=8;gpio=39;device_seq=76041;time_source=device_synced;device_timestamp_utc=2026-07-28T04:37:18.651Z;config_id=257fa022;rssi=-53;uptime_s=570330;heap=195908;cal_tier=channel-cal;cal_src=wet_rederive_1236_20260719;pressure_context_source=weather_openmeteo;transport=wifi_poll,
plants.soil,2026-07-28T04:37:29.570Z,2026-07-27 23:37:29.570,21463,6762df,y9d41p,0.7.3,fleet_logger_0_1,570330041,UMLIFE_v2_TLC555,ch2,origplant,soil_moisture,1363,,,OK,,,982.7,,name=classic;level=overwatered;role=disp;spread=20;gpio=34;device_seq=76042;time_source=device_synced;device_timestamp_utc=2026-07-28T04:37:18.651Z;config_id=257fa022;rssi=-53;uptime_s=570330;heap=195908;cal_tier=channel-cal;cal_src=wet_rederive_1236_20260719;pressure_context_source=weather_openmeteo;transport=wifi_poll,
plants.soil,2026-07-28T04:37:29.570Z,2026-07-27 23:37:29.570,21464,6762df,y9d41p,0.7.3,fleet_logger_0_1,570330041,UMLIFE_v2_TLC555,ch3,origplant,soil_moisture,1443,,,OK,,,982.7,,name=classic;level=well watered;role=disp;spread=21;gpio=35;device_seq=76043;time_source=device_synced;device_timestamp_utc=2026-07-28T04:37:18.651Z;config_id=257fa022;rssi=-53;uptime_s=570330;heap=195908;cal_tier=channel-cal;cal_src=wet_rederive_1236_20260719;pressure_context_source=weather_openmeteo;transport=wifi_poll,
plants.env,2026-07-28T04:37:29.570Z,2026-07-27 23:37:29.570,21465,6762df,y9d41p,0.7.3,fleet_logger_0_1,570330797,ESP32,esp32_die,on_chip,die_temp,,52.22,degC,OK,,,,,name=classic;source=esp32_die;cal=uncalibrated_board_proxy;api=temperatureRead;config_id=257fa022;transport=wifi_poll,
plants.soil,2026-07-28T04:38:00.066Z,2026-07-27 23:38:00.066,21466,6762df,y9d41p,0.7.3,fleet_logger_0_1,570360041,UMLIFE_v2_TLC555,ch0,origplant,soil_moisture,1575,,,OK,,,982.7,,name=classic;level=well watered;role=disp;spread=32;gpio=36;device_seq=76044;time_source=device_synced;device_timestamp_utc=2026-07-28T04:37:48.651Z;config_id=257fa022;rssi=-54;uptime_s=570360;heap=195896;cal_tier=channel-cal;cal_src=wet_rederive_1236_20260719;pressure_context_source=weather_openmeteo;transport=wifi_poll,
plants.soil,2026-07-28T04:38:00.066Z,2026-07-27 23:38:00.066,21467,6762df,y9d41p,0.7.3,fleet_logger_0_1,570360041,UMLIFE_v2_TLC555,ch1,origplant,soil_moisture,1676,,,OK,,,982.7,,name=classic;level=OK;role=disp;spread=29;gpio=39;device_seq=76045;time_source=device_synced;device_timestamp_utc=2026-07-28T04:37:48.651Z;config_id=257fa022;rssi=-54;uptime_s=570360;heap=195896;cal_tier=channel-cal;cal_src=wet_rederive_1236_20260719;pressure_context_source=weather_openmeteo;transport=wifi_poll,
plants.soil,2026-07-28T04:38:00.066Z,2026-07-27 23:38:00.066,21468,6762df,y9d41p,0.7.3,fleet_logger_0_1,570360041,UMLIFE_v2_TLC555,ch2,origplant,soil_moisture,1365,,,OK,,,982.7,,name=classic;level=overwatered;role=disp;spread=14;gpio=34;device_seq=76046;time_source=device_synced;device_timestamp_utc=2026-07-28T04:37:48.651Z;config_id=257fa022;rssi=-54;uptime_s=570360;heap=195896;cal_tier=channel-cal;cal_src=wet_rederive_1236_20260719;pressure_context_source=weather_openmeteo;transport=wifi_poll,
plants.soil,2026-07-28T04:38:00.066Z,2026-07-27 23:38:00.066,21469,6762df,y9d41p,0.7.3,fleet_logger_0_1,570360041,UMLIFE_v2_TLC555,ch3,origplant,soil_moisture,1444,,,OK,,,982.7,,name=classic;level=well watered;role=disp;spread=27;gpio=35;device_seq=76047;time_source=device_synced;device_timestamp_utc=2026-07-28T04:37:48.651Z;config_id=257fa022;rssi=-54;uptime_s=570360;heap=195896;cal_tier=channel-cal;cal_src=wet_rederive_1236_20260719;pressure_context_source=weather_openmeteo;transport=wifi_poll,
plants.env,2026-07-28T04:38:00.066Z,2026-07-27 23:38:00.066,21470,6762df,y9d41p,0.7.3,fleet_logger_0_1,570360797,ESP32,esp32_die,on_chip,die_temp,,52.22,degC,OK,,,,,name=classic;source=esp32_die;cal=uncalibrated_board_proxy;api=temperatureRead;config_id=257fa022;transport=wifi_poll,
plants.soil,2026-07-28T04:38:30.271Z,2026-07-27 23:38:30.271,21471,6762df,y9d41p,0.7.3,fleet_logger_0_1,570390041,UMLIFE_v2_TLC555,ch0,origplant,soil_moisture,1573,,,OK,,,982.7,,name=classic;level=well watered;role=disp;spread=14;gpio=36;device_seq=76048;time_source=device_synced;device_timestamp_utc=2026-07-28T04:38:18.651Z;config_id=257fa022;rssi=-53;uptime_s=570390;heap=195648;cal_tier=channel-cal;cal_src=wet_rederive_1236_20260719;pressure_context_source=weather_openmeteo;transport=wifi_poll,
plants.soil,2026-07-28T04:38:30.271Z,2026-07-27 23:38:30.271,21472,6762df,y9d41p,0.7.3,fleet_logger_0_1,570390041,UMLIFE_v2_TLC555,ch1,origplant,soil_moisture,1672,,,OK,,,982.7,,name=classic;level=OK;role=disp;spread=28;gpio=39;device_seq=76049;time_source=device_synced;device_timestamp_utc=2026-07-28T04:38:18.651Z;config_id=257fa022;rssi=-53;uptime_s=570390;heap=195648;cal_tier=channel-cal;cal_src=wet_rederive_1236_20260719;pressure_context_source=weather_openmeteo;transport=wifi_poll,
plants.soil,2026-07-28T04:38:30.271Z,2026-07-27 23:38:30.271,21473,6762df,y9d41p,0.7.3,fleet_logger_0_1,570390041,UMLIFE_v2_TLC555,ch2,origplant,soil_moisture,1365,,,OK,,,982.7,,name=classic;level=overwatered;role=disp;spread=19;gpio=34;device_seq=76050;time_source=device_synced;device_timestamp_utc=2026-07-28T04:38:18.651Z;config_id=257fa022;rssi=-53;uptime_s=570390;heap=195648;cal_tier=channel-cal;cal_src=wet_rederive_1236_20260719;pressure_context_source=weather_openmeteo;transport=wifi_poll,
plants.soil,2026-07-28T04:38:30.271Z,2026-07-27 23:38:30.271,21474,6762df,y9d41p,0.7.3,fleet_logger_0_1,570390041,UMLIFE_v2_TLC555,ch3,origplant,soil_moisture,1448,,,OK,,,982.7,,name=classic;level=well watered;role=disp;spread=22;gpio=35;device_seq=76051;time_source=device_synced;device_timestamp_utc=2026-07-28T04:38:18.651Z;config_id=257fa022;rssi=-53;uptime_s=570390;heap=195648;cal_tier=channel-cal;cal_src=wet_rederive_1236_20260719;pressure_context_source=weather_openmeteo;transport=wifi_poll,
plants.env,2026-07-28T04:38:30.271Z,2026-07-27 23:38:30.271,21475,6762df,y9d41p,0.7.3,fleet_logger_0_1,570390797,ESP32,esp32_die,on_chip,die_temp,,52.22,degC,OK,,,,,name=classic;source=esp32_die;cal=uncalibrated_board_proxy;api=temperatureRead;config_id=257fa022;transport=wifi_poll,
plants.soil,2026-07-28T04:39:01.398Z,2026-07-27 23:39:01.398,21476,6762df,y9d41p,0.7.3,fleet_logger_0_1,570420041,UMLIFE_v2_TLC555,ch0,origplant,soil_moisture,1573,,,OK,,,982.7,,name=classic;level=well watered;role=disp;spread=30;gpio=36;device_seq=76052;time_source=device_synced;device_timestamp_utc=2026-07-28T04:38:48.651Z;config_id=257fa022;rssi=-54;uptime_s=570420;heap=195644;cal_tier=channel-cal;cal_src=wet_rederive_1236_20260719;pressure_context_source=weather_openmeteo;transport=wifi_poll,
plants.soil,2026-07-28T04:39:01.398Z,2026-07-27 23:39:01.398,21477,6762df,y9d41p,0.7.3,fleet_logger_0_1,570420041,UMLIFE_v2_TLC555,ch1,origplant,soil_moisture,1672,,,OK,,,982.7,,name=classic;level=OK;role=disp;spread=10;gpio=39;device_seq=76053;time_source=device_synced;device_timestamp_utc=2026-07-28T04:38:48.651Z;config_id=257fa022;rssi=-54;uptime_s=570420;heap=195644;cal_tier=channel-cal;cal_src=wet_rederive_1236_20260719;pressure_context_source=weather_openmeteo;transport=wifi_poll,
plants.soil,2026-07-28T04:39:01.398Z,2026-07-27 23:39:01.398,21478,6762df,y9d41p,0.7.3,fleet_logger_0_1,570420041,UMLIFE_v2_TLC555,ch2,origplant,soil_moisture,1361,,,OK,,,982.7,,name=classic;level=overwatered;role=disp;spread=40;gpio=34;device_seq=76054;time_source=device_synced;device_timestamp_utc=2026-07-28T04:38:48.651Z;config_id=257fa022;rssi=-54;uptime_s=570420;heap=195644;cal_tier=channel-cal;cal_src=wet_rederive_1236_20260719;pressure_context_source=weather_openmeteo;transport=wifi_poll,
plants.soil,2026-07-28T04:39:01.398Z,2026-07-27 23:39:01.398,21479,6762df,y9d41p,0.7.3,fleet_logger_0_1,570420041,UMLIFE_v2_TLC555,ch3,origplant,soil_moisture,1450,,,OK,,,982.7,,name=classic;level=well watered;role=disp;spread=19;gpio=35;device_seq=76055;time_source=device_synced;device_timestamp_utc=2026-07-28T04:38:48.651Z;config_id=257fa022;rssi=-54;uptime_s=570420;heap=195644;cal_tier=channel-cal;cal_src=wet_rederive_1236_20260719;pressure_context_source=weather_openmeteo;transport=wifi_poll,
plants.env,2026-07-28T04:39:01.398Z,2026-07-27 23:39:01.398,21480,6762df,y9d41p,0.7.3,fleet_logger_0_1,570420797,ESP32,esp32_die,on_chip,die_temp,,52.22,degC,OK,,,,,name=classic;source=esp32_die;cal=uncalibrated_board_proxy;api=temperatureRead;config_id=257fa022;transport=wifi_poll,
plants.soil,2026-07-28T04:39:32.021Z,2026-07-27 23:39:32.021,21481,6762df,y9d41p,0.7.3,fleet_logger_0_1,570450041,UMLIFE_v2_TLC555,ch0,origplant,soil_moisture,1573,,,OK,,,982.7,,name=classic;level=well watered;role=disp;spread=46;gpio=36;device_seq=76056;time_source=device_synced;device_timestamp_utc=2026-07-28T04:39:18.651Z;config_id=257fa022;rssi=-52;uptime_s=570450;heap=195904;cal_tier=channel-cal;cal_src=wet_rederive_1236_20260719;pressure_context_source=weather_openmeteo;transport=wifi_poll,
plants.soil,2026-07-28T04:39:32.021Z,2026-07-27 23:39:32.021,21482,6762df,y9d41p,0.7.3,fleet_logger_0_1,570450041,UMLIFE_v2_TLC555,ch1,origplant,soil_moisture,1670,,,OK,,,982.7,,name=classic;level=OK;role=disp;spread=45;gpio=39;device_seq=76057;time_source=device_synced;device_timestamp_utc=2026-07-28T04:39:18.651Z;config_id=257fa022;rssi=-52;uptime_s=570450;heap=195904;cal_tier=channel-cal;cal_src=wet_rederive_1236_20260719;pressure_context_source=weather_openmeteo;transport=wifi_poll,
plants.soil,2026-07-28T04:39:32.021Z,2026-07-27 23:39:32.021,21483,6762df,y9d41p,0.7.3,fleet_logger_0_1,570450041,UMLIFE_v2_TLC555,ch2,origplant,soil_moisture,1361,,,OK,,,982.7,,name=classic;level=overwatered;role=disp;spread=29;gpio=34;device_seq=76058;time_source=device_synced;device_timestamp_utc=2026-07-28T04:39:18.651Z;config_id=257fa022;rssi=-52;uptime_s=570450;heap=195904;cal_tier=channel-cal;cal_src=wet_rederive_1236_20260719;pressure_context_source=weather_openmeteo;transport=wifi_poll,
plants.soil,2026-07-28T04:39:32.021Z,2026-07-27 23:39:32.021,21484,6762df,y9d41p,0.7.3,fleet_logger_0_1,570450041,UMLIFE_v2_TLC555,ch3,origplant,soil_moisture,1448,,,OK,,,982.7,,name=classic;level=well watered;role=disp;spread=11;gpio=35;device_seq=76059;time_source=device_synced;device_timestamp_utc=2026-07-28T04:39:18.651Z;config_id=257fa022;rssi=-52;uptime_s=570450;heap=195904;cal_tier=channel-cal;cal_src=wet_rederive_1236_20260719;pressure_context_source=weather_openmeteo;transport=wifi_poll,
plants.env,2026-07-28T04:39:32.021Z,2026-07-27 23:39:32.021,21485,6762df,y9d41p,0.7.3,fleet_logger_0_1,570450797,ESP32,esp32_die,on_chip,die_temp,,52.22,degC,OK,,,,,name=classic;source=esp32_die;cal=uncalibrated_board_proxy;api=temperatureRead;config_id=257fa022;transport=wifi_poll,
plants.soil,2026-07-28T04:40:02.461Z,2026-07-27 23:40:02.461,21486,6762df,y9d41p,0.7.3,fleet_logger_0_1,570480041,UMLIFE_v2_TLC555,ch0,origplant,soil_moisture,1575,,,OK,,,982.7,,name=classic;level=well watered;role=disp;spread=51;gpio=36;device_seq=76060;time_source=device_synced;device_timestamp_utc=2026-07-28T04:39:48.651Z;config_id=257fa022;rssi=-53;uptime_s=570480;heap=195904;cal_tier=channel-cal;cal_src=wet_rederive_1236_20260719;pressure_context_source=weather_openmeteo;transport=wifi_poll,
plants.soil,2026-07-28T04:40:02.461Z,2026-07-27 23:40:02.461,21487,6762df,y9d41p,0.7.3,fleet_logger_0_1,570480041,UMLIFE_v2_TLC555,ch1,origplant,soil_moisture,1672,,,OK,,,982.7,,name=classic;level=OK;role=disp;spread=16;gpio=39;device_seq=76061;time_source=device_synced;device_timestamp_utc=2026-07-28T04:39:48.651Z;config_id=257fa022;rssi=-53;uptime_s=570480;heap=195904;cal_tier=channel-cal;cal_src=wet_rederive_1236_20260719;pressure_context_source=weather_openmeteo;transport=wifi_poll,
plants.soil,2026-07-28T04:40:02.461Z,2026-07-27 23:40:02.461,21488,6762df,y9d41p,0.7.3,fleet_logger_0_1,570480041,UMLIFE_v2_TLC555,ch2,origplant,soil_moisture,1359,,,OK,,,982.7,,name=classic;level=overwatered;role=disp;spread=40;gpio=34;device_seq=76062;time_source=device_synced;device_timestamp_utc=2026-07-28T04:39:48.651Z;config_id=257fa022;rssi=-53;uptime_s=570480;heap=195904;cal_tier=channel-cal;cal_src=wet_rederive_1236_20260719;pressure_context_source=weather_openmeteo;transport=wifi_poll,
plants.soil,2026-07-28T04:40:02.461Z,2026-07-27 23:40:02.461,21489,6762df,y9d41p,0.7.3,fleet_logger_0_1,570480041,UMLIFE_v2_TLC555,ch3,origplant,soil_moisture,1448,,,OK,,,982.7,,name=classic;level=well watered;role=disp;spread=19;gpio=35;device_seq=76063;time_source=device_synced;device_timestamp_utc=2026-07-28T04:39:48.651Z;config_id=257fa022;rssi=-53;uptime_s=570480;heap=195904;cal_tier=channel-cal;cal_src=wet_rederive_1236_20260719;pressure_context_source=weather_openmeteo;transport=wifi_poll,
plants.env,2026-07-28T04:40:02.461Z,2026-07-27 23:40:02.461,21490,6762df,y9d41p,0.7.3,fleet_logger_0_1,570480797,ESP32,esp32_die,on_chip,die_temp,,52.22,degC,OK,,,,,name=classic;source=esp32_die;cal=uncalibrated_board_proxy;api=temperatureRead;config_id=257fa022;transport=wifi_poll,
plants.soil,2026-07-28T04:40:32.851Z,2026-07-27 23:40:32.851,21491,6762df,y9d41p,0.7.3,fleet_logger_0_1,570510041,UMLIFE_v2_TLC555,ch0,origplant,soil_moisture,1571,,,OK,,,982.7,,name=classic;level=well watered;role=disp;spread=36;gpio=36;device_seq=76064;time_source=device_synced;device_timestamp_utc=2026-07-28T04:40:18.651Z;config_id=257fa022;rssi=-53;uptime_s=570510;heap=195904;cal_tier=channel-cal;cal_src=wet_rederive_1236_20260719;pressure_context_source=weather_openmeteo;transport=wifi_poll,
plants.soil,2026-07-28T04:40:32.851Z,2026-07-27 23:40:32.851,21492,6762df,y9d41p,0.7.3,fleet_logger_0_1,570510041,UMLIFE_v2_TLC555,ch1,origplant,soil_moisture,1677,,,OK,,,982.7,,name=classic;level=OK;role=disp;spread=54;gpio=39;device_seq=76065;time_source=device_synced;device_timestamp_utc=2026-07-28T04:40:18.651Z;config_id=257fa022;rssi=-53;uptime_s=570510;heap=195904;cal_tier=channel-cal;cal_src=wet_rederive_1236_20260719;pressure_context_source=weather_openmeteo;transport=wifi_poll,
plants.soil,2026-07-28T04:40:32.851Z,2026-07-27 23:40:32.851,21493,6762df,y9d41p,0.7.3,fleet_logger_0_1,570510041,UMLIFE_v2_TLC555,ch2,origplant,soil_moisture,1365,,,OK,,,982.7,,name=classic;level=overwatered;role=disp;spread=31;gpio=34;device_seq=76066;time_source=device_synced;device_timestamp_utc=2026-07-28T04:40:18.651Z;config_id=257fa022;rssi=-53;uptime_s=570510;heap=195904;cal_tier=channel-cal;cal_src=wet_rederive_1236_20260719;pressure_context_source=weather_openmeteo;transport=wifi_poll,
plants.soil,2026-07-28T04:40:32.851Z,2026-07-27 23:40:32.851,21494,6762df,y9d41p,0.7.3,fleet_logger_0_1,570510041,UMLIFE_v2_TLC555,ch3,origplant,soil_moisture,1449,,,OK,,,982.7,,name=classic;level=well watered;role=disp;spread=21;gpio=35;device_seq=76067;time_source=device_synced;device_timestamp_utc=2026-07-28T04:40:18.651Z;config_id=257fa022;rssi=-53;uptime_s=570510;heap=195904;cal_tier=channel-cal;cal_src=wet_rederive_1236_20260719;pressure_context_source=weather_openmeteo;transport=wifi_poll,
plants.env,2026-07-28T04:40:32.851Z,2026-07-27 23:40:32.851,21495,6762df,y9d41p,0.7.3,fleet_logger_0_1,570510797,ESP32,esp32_die,on_chip,die_temp,,52.78,degC,OK,,,,,name=classic;source=esp32_die;cal=uncalibrated_board_proxy;api=temperatureRead;config_id=257fa022;transport=wifi_poll,
plants.soil,2026-07-28T04:41:03.256Z,2026-07-27 23:41:03.256,21496,6762df,y9d41p,0.7.3,fleet_logger_0_1,570540041,UMLIFE_v2_TLC555,ch0,origplant,soil_moisture,1573,,,OK,,,982.7,,name=classic;level=well watered;role=disp;spread=24;gpio=36;device_seq=76068;time_source=device_synced;device_timestamp_utc=2026-07-28T04:40:48.651Z;config_id=257fa022;rssi=-54;uptime_s=570540;heap=195904;cal_tier=channel-cal;cal_src=wet_rederive_1236_20260719;pressure_context_source=weather_openmeteo;transport=wifi_poll,
plants.soil,2026-07-28T04:41:03.256Z,2026-07-27 23:41:03.256,21497,6762df,y9d41p,0.7.3,fleet_logger_0_1,570540041,UMLIFE_v2_TLC555,ch1,origplant,soil_moisture,1676,,,OK,,,982.7,,name=classic;level=OK;role=disp;spread=27;gpio=39;device_seq=76069;time_source=device_synced;device_timestamp_utc=2026-07-28T04:40:48.651Z;config_id=257fa022;rssi=-54;uptime_s=570540;heap=195904;cal_tier=channel-cal;cal_src=wet_rederive_1236_20260719;pressure_context_source=weather_openmeteo;transport=wifi_poll,
plants.soil,2026-07-28T04:41:03.256Z,2026-07-27 23:41:03.256,21498,6762df,y9d41p,0.7.3,fleet_logger_0_1,570540041,UMLIFE_v2_TLC555,ch2,origplant,soil_moisture,1361,,,OK,,,982.7,,name=classic;level=overwatered;role=disp;spread=29;gpio=34;device_seq=76070;time_source=device_synced;device_timestamp_utc=2026-07-28T04:40:48.651Z;config_id=257fa022;rssi=-54;uptime_s=570540;heap=195904;cal_tier=channel-cal;cal_src=wet_rederive_1236_20260719;pressure_context_source=weather_openmeteo;transport=wifi_poll,
plants.soil,2026-07-28T04:41:03.256Z,2026-07-27 23:41:03.256,21499,6762df,y9d41p,0.7.3,fleet_logger_0_1,570540041,UMLIFE_v2_TLC555,ch3,origplant,soil_moisture,1440,,,OK,,,982.7,,name=classic;level=well watered;role=disp;spread=11;gpio=35;device_seq=76071;time_source=device_synced;device_timestamp_utc=2026-07-28T04:40:48.651Z;config_id=257fa022;rssi=-54;uptime_s=570540;heap=195904;cal_tier=channel-cal;cal_src=wet_rederive_1236_20260719;pressure_context_source=weather_openmeteo;transport=wifi_poll,
plants.env,2026-07-28T04:41:03.256Z,2026-07-27 23:41:03.256,21500,6762df,y9d41p,0.7.3,fleet_logger_0_1,570540797,ESP32,esp32_die,on_chip,die_temp,,52.78,degC,OK,,,,,name=classic;source=esp32_die;cal=uncalibrated_board_proxy;api=temperatureRead;config_id=257fa022;transport=wifi_poll,
plants.soil,2026-07-28T04:41:33.546Z,2026-07-27 23:41:33.546,21501,6762df,y9d41p,0.7.3,fleet_logger_0_1,570570041,UMLIFE_v2_TLC555,ch0,origplant,soil_moisture,1574,,,OK,,,982.7,,name=classic;level=well watered;role=disp;spread=39;gpio=36;device_seq=76072;time_source=device_synced;device_timestamp_utc=2026-07-28T04:41:18.651Z;config_id=257fa022;rssi=-54;uptime_s=570570;heap=195636;cal_tier=channel-cal;cal_src=wet_rederive_1236_20260719;pressure_context_source=weather_openmeteo;transport=wifi_poll,
plants.soil,2026-07-28T04:41:33.546Z,2026-07-27 23:41:33.546,21502,6762df,y9d41p,0.7.3,fleet_logger_0_1,570570041,UMLIFE_v2_TLC555,ch1,origplant,soil_moisture,1675,,,OK,,,982.7,,name=classic;level=OK;role=disp;spread=47;gpio=39;device_seq=76073;time_source=device_synced;device_timestamp_utc=2026-07-28T04:41:18.651Z;config_id=257fa022;rssi=-54;uptime_s=570570;heap=195636;cal_tier=channel-cal;cal_src=wet_rederive_1236_20260719;pressure_context_source=weather_openmeteo;transport=wifi_poll,
plants.soil,2026-07-28T04:41:33.546Z,2026-07-27 23:41:33.546,21503,6762df,y9d41p,0.7.3,fleet_logger_0_1,570570041,UMLIFE_v2_TLC555,ch2,origplant,soil_moisture,1362,,,OK,,,982.7,,name=classic;level=overwatered;role=disp;spread=23;gpio=34;device_seq=76074;time_source=device_synced;device_timestamp_utc=2026-07-28T04:41:18.651Z;config_id=257fa022;rssi=-54;uptime_s=570570;heap=195636;cal_tier=channel-cal;cal_src=wet_rederive_1236_20260719;pressure_context_source=weather_openmeteo;transport=wifi_poll,
plants.soil,2026-07-28T04:41:33.546Z,2026-07-27 23:41:33.546,21504,6762df,y9d41p,0.7.3,fleet_logger_0_1,570570041,UMLIFE_v2_TLC555,ch3,origplant,soil_moisture,1447,,,OK,,,982.7,,name=classic;level=well watered;role=disp;spread=24;gpio=35;device_seq=76075;time_source=device_synced;device_timestamp_utc=2026-07-28T04:41:18.651Z;config_id=257fa022;rssi=-54;uptime_s=570570;heap=195636;cal_tier=channel-cal;cal_src=wet_rederive_1236_20260719;pressure_context_source=weather_openmeteo;transport=wifi_poll,
plants.env,2026-07-28T04:41:33.546Z,2026-07-27 23:41:33.546,21505,6762df,y9d41p,0.7.3,fleet_logger_0_1,570570797,ESP32,esp32_die,on_chip,die_temp,,52.78,degC,OK,,,,,name=classic;source=esp32_die;cal=uncalibrated_board_proxy;api=temperatureRead;config_id=257fa022;transport=wifi_poll,
plants.soil,2026-07-28T04:42:04.284Z,2026-07-27 23:42:04.284,21506,6762df,y9d41p,0.7.3,fleet_logger_0_1,570600041,UMLIFE_v2_TLC555,ch0,origplant,soil_moisture,1575,,,OK,,,982.7,,name=classic;level=well watered;role=disp;spread=23;gpio=36;device_seq=76076;time_source=device_synced;device_timestamp_utc=2026-07-28T04:41:48.651Z;config_id=257fa022;rssi=-53;uptime_s=570600;heap=195636;cal_tier=channel-cal;cal_src=wet_rederive_1236_20260719;pressure_context_source=weather_openmeteo;transport=wifi_poll,
plants.soil,2026-07-28T04:42:04.284Z,2026-07-27 23:42:04.284,21507,6762df,y9d41p,0.7.3,fleet_logger_0_1,570600041,UMLIFE_v2_TLC555,ch1,origplant,soil_moisture,1671,,,OK,,,982.7,,name=classic;level=OK;role=disp;spread=38;gpio=39;device_seq=76077;time_source=device_synced;device_timestamp_utc=2026-07-28T04:41:48.651Z;config_id=257fa022;rssi=-53;uptime_s=570600;heap=195636;cal_tier=channel-cal;cal_src=wet_rederive_1236_20260719;pressure_context_source=weather_openmeteo;transport=wifi_poll,
plants.soil,2026-07-28T04:42:04.284Z,2026-07-27 23:42:04.284,21508,6762df,y9d41p,0.7.3,fleet_logger_0_1,570600041,UMLIFE_v2_TLC555,ch2,origplant,soil_moisture,1362,,,OK,,,982.7,,name=classic;level=overwatered;role=disp;spread=40;gpio=34;device_seq=76078;time_source=device_synced;device_timestamp_utc=2026-07-28T04:41:48.651Z;config_id=257fa022;rssi=-53;uptime_s=570600;heap=195636;cal_tier=channel-cal;cal_src=wet_rederive_1236_20260719;pressure_context_source=weather_openmeteo;transport=wifi_poll,
plants.soil,2026-07-28T04:42:04.284Z,2026-07-27 23:42:04.284,21509,6762df,y9d41p,0.7.3,fleet_logger_0_1,570600041,UMLIFE_v2_TLC555,ch3,origplant,soil_moisture,1450,,,OK,,,982.7,,name=classic;level=well watered;role=disp;spread=31;gpio=35;device_seq=76079;time_source=device_synced;device_timestamp_utc=2026-07-28T04:41:48.651Z;config_id=257fa022;rssi=-53;uptime_s=570600;heap=195636;cal_tier=channel-cal;cal_src=wet_rederive_1236_20260719;pressure_context_source=weather_openmeteo;transport=wifi_poll,
plants.env,2026-07-28T04:42:04.284Z,2026-07-27 23:42:04.284,21510,6762df,y9d41p,0.7.3,fleet_logger_0_1,570601863,ESP32,esp32_die,on_chip,die_temp,,52.22,degC,OK,,,,,name=classic;source=esp32_die;cal=uncalibrated_board_proxy;api=temperatureRead;config_id=257fa022;transport=wifi_poll,
plants.soil,2026-07-28T04:42:34.679Z,2026-07-27 23:42:34.679,21511,6762df,y9d41p,0.7.3,fleet_logger_0_1,570630041,UMLIFE_v2_TLC555,ch0,origplant,soil_moisture,1572,,,OK,,,982.7,,name=classic;level=well watered;role=disp;spread=14;gpio=36;device_seq=76080;time_source=device_synced;device_timestamp_utc=2026-07-28T04:42:18.651Z;config_id=257fa022;rssi=-53;uptime_s=570630;heap=195888;cal_tier=channel-cal;cal_src=wet_rederive_1236_20260719;pressure_context_source=weather_openmeteo;transport=wifi_poll,
plants.soil,2026-07-28T04:42:34.679Z,2026-07-27 23:42:34.679,21512,6762df,y9d41p,0.7.3,fleet_logger_0_1,570630041,UMLIFE_v2_TLC555,ch1,origplant,soil_moisture,1671,,,OK,,,982.7,,name=classic;level=OK;role=disp;spread=8;gpio=39;device_seq=76081;time_source=device_synced;device_timestamp_utc=2026-07-28T04:42:18.651Z;config_id=257fa022;rssi=-53;uptime_s=570630;heap=195888;cal_tier=channel-cal;cal_src=wet_rederive_1236_20260719;pressure_context_source=weather_openmeteo;transport=wifi_poll,
plants.soil,2026-07-28T04:42:34.679Z,2026-07-27 23:42:34.679,21513,6762df,y9d41p,0.7.3,fleet_logger_0_1,570630041,UMLIFE_v2_TLC555,ch2,origplant,soil_moisture,1361,,,OK,,,982.7,,name=classic;level=overwatered;role=disp;spread=36;gpio=34;device_seq=76082;time_source=device_synced;device_timestamp_utc=2026-07-28T04:42:18.651Z;config_id=257fa022;rssi=-53;uptime_s=570630;heap=195888;cal_tier=channel-cal;cal_src=wet_rederive_1236_20260719;pressure_context_source=weather_openmeteo;transport=wifi_poll,
plants.soil,2026-07-28T04:42:34.679Z,2026-07-27 23:42:34.679,21514,6762df,y9d41p,0.7.3,fleet_logger_0_1,570630041,UMLIFE_v2_TLC555,ch3,origplant,soil_moisture,1448,,,OK,,,982.7,,name=classic;level=well watered;role=disp;spread=19;gpio=35;device_seq=76083;time_source=device_synced;device_timestamp_utc=2026-07-28T04:42:18.651Z;config_id=257fa022;rssi=-53;uptime_s=570630;heap=195888;cal_tier=channel-cal;cal_src=wet_rederive_1236_20260719;pressure_context_source=weather_openmeteo;transport=wifi_poll,
plants.env,2026-07-28T04:42:34.679Z,2026-07-27 23:42:34.679,21515,6762df,y9d41p,0.7.3,fleet_logger_0_1,570630797,ESP32,esp32_die,on_chip,die_temp,,51.67,degC,OK,,,,,name=classic;source=esp32_die;cal=uncalibrated_board_proxy;api=temperatureRead;config_id=257fa022;transport=wifi_poll,
plants.soil,2026-07-28T04:43:05.121Z,2026-07-27 23:43:05.121,21516,6762df,y9d41p,0.7.3,fleet_logger_0_1,570660041,UMLIFE_v2_TLC555,ch0,origplant,soil_moisture,1572,,,OK,,,982.7,,name=classic;level=well watered;role=disp;spread=3;gpio=36;device_seq=76084;time_source=device_synced;device_timestamp_utc=2026-07-28T04:42:48.651Z;config_id=257fa022;rssi=-53;uptime_s=570660;heap=195888;cal_tier=channel-cal;cal_src=wet_rederive_1236_20260719;pressure_context_source=weather_openmeteo;transport=wifi_poll,
plants.soil,2026-07-28T04:43:05.121Z,2026-07-27 23:43:05.121,21517,6762df,y9d41p,0.7.3,fleet_logger_0_1,570660041,UMLIFE_v2_TLC555,ch1,origplant,soil_moisture,1674,,,OK,,,982.7,,name=classic;level=OK;role=disp;spread=37;gpio=39;device_seq=76085;time_source=device_synced;device_timestamp_utc=2026-07-28T04:42:48.651Z;config_id=257fa022;rssi=-53;uptime_s=570660;heap=195888;cal_tier=channel-cal;cal_src=wet_rederive_1236_20260719;pressure_context_source=weather_openmeteo;transport=wifi_poll,
plants.soil,2026-07-28T04:43:05.121Z,2026-07-27 23:43:05.121,21518,6762df,y9d41p,0.7.3,fleet_logger_0_1,570660041,UMLIFE_v2_TLC555,ch2,origplant,soil_moisture,1360,,,OK,,,982.7,,name=classic;level=overwatered;role=disp;spread=26;gpio=34;device_seq=76086;time_source=device_synced;device_timestamp_utc=2026-07-28T04:42:48.651Z;config_id=257fa022;rssi=-53;uptime_s=570660;heap=195888;cal_tier=channel-cal;cal_src=wet_rederive_1236_20260719;pressure_context_source=weather_openmeteo;transport=wifi_poll,
plants.soil,2026-07-28T04:43:05.121Z,2026-07-27 23:43:05.121,21519,6762df,y9d41p,0.7.3,fleet_logger_0_1,570660041,UMLIFE_v2_TLC555,ch3,origplant,soil_moisture,1443,,,OK,,,982.7,,name=classic;level=well watered;role=disp;spread=30;gpio=35;device_seq=76087;time_source=device_synced;device_timestamp_utc=2026-07-28T04:42:48.651Z;config_id=257fa022;rssi=-53;uptime_s=570660;heap=195888;cal_tier=channel-cal;cal_src=wet_rederive_1236_20260719;pressure_context_source=weather_openmeteo;transport=wifi_poll,
plants.env,2026-07-28T04:43:05.121Z,2026-07-27 23:43:05.121,21520,6762df,y9d41p,0.7.3,fleet_logger_0_1,570660797,ESP32,esp32_die,on_chip,die_temp,,52.22,degC,OK,,,,,name=classic;source=esp32_die;cal=uncalibrated_board_proxy;api=temperatureRead;config_id=257fa022;transport=wifi_poll,
plants.soil,2026-07-28T04:43:35.527Z,2026-07-27 23:43:35.527,21521,6762df,y9d41p,0.7.3,fleet_logger_0_1,570690041,UMLIFE_v2_TLC555,ch0,origplant,soil_moisture,1573,,,OK,,,982.7,,name=classic;level=well watered;role=disp;spread=31;gpio=36;device_seq=76088;time_source=device_synced;device_timestamp_utc=2026-07-28T04:43:18.651Z;config_id=257fa022;rssi=-53;uptime_s=570690;heap=195900;cal_tier=channel-cal;cal_src=wet_rederive_1236_20260719;pressure_context_source=weather_openmeteo;transport=wifi_poll,
plants.soil,2026-07-28T04:43:35.527Z,2026-07-27 23:43:35.527,21522,6762df,y9d41p,0.7.3,fleet_logger_0_1,570690041,UMLIFE_v2_TLC555,ch1,origplant,soil_moisture,1672,,,OK,,,982.7,,name=classic;level=OK;role=disp;spread=29;gpio=39;device_seq=76089;time_source=device_synced;device_timestamp_utc=2026-07-28T04:43:18.651Z;config_id=257fa022;rssi=-53;uptime_s=570690;heap=195900;cal_tier=channel-cal;cal_src=wet_rederive_1236_20260719;pressure_context_source=weather_openmeteo;transport=wifi_poll,
plants.soil,2026-07-28T04:43:35.527Z,2026-07-27 23:43:35.527,21523,6762df,y9d41p,0.7.3,fleet_logger_0_1,570690041,UMLIFE_v2_TLC555,ch2,origplant,soil_moisture,1362,,,OK,,,982.7,,name=classic;level=overwatered;role=disp;spread=25;gpio=34;device_seq=76090;time_source=device_synced;device_timestamp_utc=2026-07-28T04:43:18.651Z;config_id=257fa022;rssi=-53;uptime_s=570690;heap=195900;cal_tier=channel-cal;cal_src=wet_rederive_1236_20260719;pressure_context_source=weather_openmeteo;transport=wifi_poll,
plants.soil,2026-07-28T04:43:35.527Z,2026-07-27 23:43:35.527,21524,6762df,y9d41p,0.7.3,fleet_logger_0_1,570690041,UMLIFE_v2_TLC555,ch3,origplant,soil_moisture,1446,,,OK,,,982.7,,name=classic;level=well watered;role=disp;spread=27;gpio=35;device_seq=76091;time_source=device_synced;device_timestamp_utc=2026-07-28T04:43:18.651Z;config_id=257fa022;rssi=-53;uptime_s=570690;heap=195900;cal_tier=channel-cal;cal_src=wet_rederive_1236_20260719;pressure_context_source=weather_openmeteo;transport=wifi_poll,
plants.env,2026-07-28T04:43:35.527Z,2026-07-27 23:43:35.527,21525,6762df,y9d41p,0.7.3,fleet_logger_0_1,570690797,ESP32,esp32_die,on_chip,die_temp,,52.22,degC,OK,,,,,name=classic;source=esp32_die;cal=uncalibrated_board_proxy;api=temperatureRead;config_id=257fa022;transport=wifi_poll,
plants.soil,2026-07-28T04:44:05.846Z,2026-07-27 23:44:05.846,21526,6762df,y9d41p,0.7.3,fleet_logger_0_1,570720041,UMLIFE_v2_TLC555,ch0,origplant,soil_moisture,1575,,,OK,,,982.7,,name=classic;level=well watered;role=disp;spread=56;gpio=36;device_seq=76092;time_source=device_synced;device_timestamp_utc=2026-07-28T04:43:48.651Z;config_id=257fa022;rssi=-54;uptime_s=570720;heap=195904;cal_tier=channel-cal;cal_src=wet_rederive_1236_20260719;pressure_context_source=weather_openmeteo;transport=wifi_poll,
plants.soil,2026-07-28T04:44:05.846Z,2026-07-27 23:44:05.846,21527,6762df,y9d41p,0.7.3,fleet_logger_0_1,570720041,UMLIFE_v2_TLC555,ch1,origplant,soil_moisture,1675,,,OK,,,982.7,,name=classic;level=OK;role=disp;spread=36;gpio=39;device_seq=76093;time_source=device_synced;device_timestamp_utc=2026-07-28T04:43:48.651Z;config_id=257fa022;rssi=-54;uptime_s=570720;heap=195904;cal_tier=channel-cal;cal_src=wet_rederive_1236_20260719;pressure_context_source=weather_openmeteo;transport=wifi_poll,
plants.soil,2026-07-28T04:44:05.846Z,2026-07-27 23:44:05.846,21528,6762df,y9d41p,0.7.3,fleet_logger_0_1,570720041,UMLIFE_v2_TLC555,ch2,origplant,soil_moisture,1363,,,OK,,,982.7,,name=classic;level=overwatered;role=disp;spread=20;gpio=34;device_seq=76094;time_source=device_synced;device_timestamp_utc=2026-07-28T04:43:48.651Z;config_id=257fa022;rssi=-54;uptime_s=570720;heap=195904;cal_tier=channel-cal;cal_src=wet_rederive_1236_20260719;pressure_context_source=weather_openmeteo;transport=wifi_poll,
plants.soil,2026-07-28T04:44:05.846Z,2026-07-27 23:44:05.846,21529,6762df,y9d41p,0.7.3,fleet_logger_0_1,570720041,UMLIFE_v2_TLC555,ch3,origplant,soil_moisture,1447,,,OK,,,982.7,,name=classic;level=well watered;role=disp;spread=6;gpio=35;device_seq=76095;time_source=device_synced;device_timestamp_utc=2026-07-28T04:43:48.651Z;config_id=257fa022;rssi=-54;uptime_s=570720;heap=195904;cal_tier=channel-cal;cal_src=wet_rederive_1236_20260719;pressure_context_source=weather_openmeteo;transport=wifi_poll,
plants.env,2026-07-28T04:44:05.846Z,2026-07-27 23:44:05.846,21530,6762df,y9d41p,0.7.3,fleet_logger_0_1,570720797,ESP32,esp32_die,on_chip,die_temp,,52.22,degC,OK,,,,,name=classic;source=esp32_die;cal=uncalibrated_board_proxy;api=temperatureRead;config_id=257fa022;transport=wifi_poll,
plants.soil,2026-07-28T04:44:36.251Z,2026-07-27 23:44:36.251,21531,6762df,y9d41p,0.7.3,fleet_logger_0_1,570750041,UMLIFE_v2_TLC555,ch0,origplant,soil_moisture,1575,,,OK,,,982.7,,name=classic;level=well watered;role=disp;spread=20;gpio=36;device_seq=76096;time_source=device_synced;device_timestamp_utc=2026-07-28T04:44:18.651Z;config_id=257fa022;rssi=-55;uptime_s=570750;heap=195644;cal_tier=channel-cal;cal_src=wet_rederive_1236_20260719;pressure_context_source=weather_openmeteo;transport=wifi_poll,
plants.soil,2026-07-28T04:44:36.251Z,2026-07-27 23:44:36.251,21532,6762df,y9d41p,0.7.3,fleet_logger_0_1,570750041,UMLIFE_v2_TLC555,ch1,origplant,soil_moisture,1673,,,OK,,,982.7,,name=classic;level=OK;role=disp;spread=14;gpio=39;device_seq=76097;time_source=device_synced;device_timestamp_utc=2026-07-28T04:44:18.651Z;config_id=257fa022;rssi=-55;uptime_s=570750;heap=195644;cal_tier=channel-cal;cal_src=wet_rederive_1236_20260719;pressure_context_source=weather_openmeteo;transport=wifi_poll,
plants.soil,2026-07-28T04:44:36.251Z,2026-07-27 23:44:36.251,21533,6762df,y9d41p,0.7.3,fleet_logger_0_1,570750041,UMLIFE_v2_TLC555,ch2,origplant,soil_moisture,1362,,,OK,,,982.7,,name=classic;level=overwatered;role=disp;spread=21;gpio=34;device_seq=76098;time_source=device_synced;device_timestamp_utc=2026-07-28T04:44:18.651Z;config_id=257fa022;rssi=-55;uptime_s=570750;heap=195644;cal_tier=channel-cal;cal_src=wet_rederive_1236_20260719;pressure_context_source=weather_openmeteo;transport=wifi_poll,
plants.soil,2026-07-28T04:44:36.251Z,2026-07-27 23:44:36.251,21534,6762df,y9d41p,0.7.3,fleet_logger_0_1,570750041,UMLIFE_v2_TLC555,ch3,origplant,soil_moisture,1442,,,OK,,,982.7,,name=classic;level=well watered;role=disp;spread=19;gpio=35;device_seq=76099;time_source=device_synced;device_timestamp_utc=2026-07-28T04:44:18.651Z;config_id=257fa022;rssi=-55;uptime_s=570750;heap=195644;cal_tier=channel-cal;cal_src=wet_rederive_1236_20260719;pressure_context_source=weather_openmeteo;transport=wifi_poll,
plants.env,2026-07-28T04:44:36.251Z,2026-07-27 23:44:36.251,21535,6762df,y9d41p,0.7.3,fleet_logger_0_1,570750797,ESP32,esp32_die,on_chip,die_temp,,52.22,degC,OK,,,,,name=classic;source=esp32_die;cal=uncalibrated_board_proxy;api=temperatureRead;config_id=257fa022;transport=wifi_poll,
plants.soil,2026-07-28T04:45:06.560Z,2026-07-27 23:45:06.560,21536,6762df,y9d41p,0.7.3,fleet_logger_0_1,570780041,UMLIFE_v2_TLC555,ch0,origplant,soil_moisture,1574,,,OK,,,982.7,,name=classic;level=well watered;role=disp;spread=43;gpio=36;device_seq=76100;time_source=device_synced;device_timestamp_utc=2026-07-28T04:44:48.651Z;config_id=257fa022;rssi=-54;uptime_s=570780;heap=195632;cal_tier=channel-cal;cal_src=wet_rederive_1236_20260719;pressure_context_source=weather_openmeteo;transport=wifi_poll,
plants.soil,2026-07-28T04:45:06.560Z,2026-07-27 23:45:06.560,21537,6762df,y9d41p,0.7.3,fleet_logger_0_1,570780041,UMLIFE_v2_TLC555,ch1,origplant,soil_moisture,1678,,,OK,,,982.7,,name=classic;level=OK;role=disp;spread=39;gpio=39;device_seq=76101;time_source=device_synced;device_timestamp_utc=2026-07-28T04:44:48.651Z;config_id=257fa022;rssi=-54;uptime_s=570780;heap=195632;cal_tier=channel-cal;cal_src=wet_rederive_1236_20260719;pressure_context_source=weather_openmeteo;transport=wifi_poll,
plants.soil,2026-07-28T04:45:06.560Z,2026-07-27 23:45:06.560,21538,6762df,y9d41p,0.7.3,fleet_logger_0_1,570780041,UMLIFE_v2_TLC555,ch2,origplant,soil_moisture,1364,,,OK,,,982.7,,name=classic;level=overwatered;role=disp;spread=27;gpio=34;device_seq=76102;time_source=device_synced;device_timestamp_utc=2026-07-28T04:44:48.651Z;config_id=257fa022;rssi=-54;uptime_s=570780;heap=195632;cal_tier=channel-cal;cal_src=wet_rederive_1236_20260719;pressure_context_source=weather_openmeteo;transport=wifi_poll,
plants.soil,2026-07-28T04:45:06.560Z,2026-07-27 23:45:06.560,21539,6762df,y9d41p,0.7.3,fleet_logger_0_1,570780041,UMLIFE_v2_TLC555,ch3,origplant,soil_moisture,1440,,,OK,,,982.7,,name=classic;level=well watered;role=disp;spread=26;gpio=35;device_seq=76103;time_source=device_synced;device_timestamp_utc=2026-07-28T04:44:48.651Z;config_id=257fa022;rssi=-54;uptime_s=570780;heap=195632;cal_tier=channel-cal;cal_src=wet_rederive_1236_20260719;pressure_context_source=weather_openmeteo;transport=wifi_poll,
plants.env,2026-07-28T04:45:06.560Z,2026-07-27 23:45:06.560,21540,6762df,y9d41p,0.7.3,fleet_logger_0_1,570780797,ESP32,esp32_die,on_chip,die_temp,,51.67,degC,OK,,,,,name=classic;source=esp32_die;cal=uncalibrated_board_proxy;api=temperatureRead;config_id=257fa022;transport=wifi_poll,
plants.soil,2026-07-28T04:45:36.876Z,2026-07-27 23:45:36.876,21541,6762df,y9d41p,0.7.3,fleet_logger_0_1,570810041,UMLIFE_v2_TLC555,ch0,origplant,soil_moisture,1571,,,OK,,,982.7,,name=classic;level=well watered;role=disp;spread=33;gpio=36;device_seq=76104;time_source=device_synced;device_timestamp_utc=2026-07-28T04:45:18.651Z;config_id=257fa022;rssi=-54;uptime_s=570810;heap=195896;cal_tier=channel-cal;cal_src=wet_rederive_1236_20260719;pressure_context_source=weather_openmeteo;transport=wifi_poll,
plants.soil,2026-07-28T04:45:36.876Z,2026-07-27 23:45:36.876,21542,6762df,y9d41p,0.7.3,fleet_logger_0_1,570810041,UMLIFE_v2_TLC555,ch1,origplant,soil_moisture,1673,,,OK,,,982.7,,name=classic;level=OK;role=disp;spread=22;gpio=39;device_seq=76105;time_source=device_synced;device_timestamp_utc=2026-07-28T04:45:18.651Z;config_id=257fa022;rssi=-54;uptime_s=570810;heap=195896;cal_tier=channel-cal;cal_src=wet_rederive_1236_20260719;pressure_context_source=weather_openmeteo;transport=wifi_poll,
plants.soil,2026-07-28T04:45:36.876Z,2026-07-27 23:45:36.876,21543,6762df,y9d41p,0.7.3,fleet_logger_0_1,570810041,UMLIFE_v2_TLC555,ch2,origplant,soil_moisture,1360,,,OK,,,982.7,,name=classic;level=overwatered;role=disp;spread=13;gpio=34;device_seq=76106;time_source=device_synced;device_timestamp_utc=2026-07-28T04:45:18.651Z;config_id=257fa022;rssi=-54;uptime_s=570810;heap=195896;cal_tier=channel-cal;cal_src=wet_rederive_1236_20260719;pressure_context_source=weather_openmeteo;transport=wifi_poll,
plants.soil,2026-07-28T04:45:36.876Z,2026-07-27 23:45:36.876,21544,6762df,y9d41p,0.7.3,fleet_logger_0_1,570810041,UMLIFE_v2_TLC555,ch3,origplant,soil_moisture,1445,,,OK,,,982.7,,name=classic;level=well watered;role=disp;spread=23;gpio=35;device_seq=76107;time_source=device_synced;device_timestamp_utc=2026-07-28T04:45:18.651Z;config_id=257fa022;rssi=-54;uptime_s=570810;heap=195896;cal_tier=channel-cal;cal_src=wet_rederive_1236_20260719;pressure_context_source=weather_openmeteo;transport=wifi_poll,
plants.env,2026-07-28T04:45:36.876Z,2026-07-27 23:45:36.876,21545,6762df,y9d41p,0.7.3,fleet_logger_0_1,570810797,ESP32,esp32_die,on_chip,die_temp,,52.22,degC,OK,,,,,name=classic;source=esp32_die;cal=uncalibrated_board_proxy;api=temperatureRead;config_id=257fa022;transport=wifi_poll,
plants.soil,2026-07-28T04:46:07.261Z,2026-07-27 23:46:07.261,21546,6762df,y9d41p,0.7.3,fleet_logger_0_1,570840041,UMLIFE_v2_TLC555,ch0,origplant,soil_moisture,1545,,,OK,,,982.7,,name=classic;level=well watered;role=disp;spread=49;gpio=36;device_seq=76108;time_source=device_synced;device_timestamp_utc=2026-07-28T04:45:48.651Z;config_id=257fa022;rssi=-54;uptime_s=570840;heap=195888;cal_tier=channel-cal;cal_src=wet_rederive_1236_20260719;pressure_context_source=weather_openmeteo;transport=wifi_poll,
plants.soil,2026-07-28T04:46:07.261Z,2026-07-27 23:46:07.261,21547,6762df,y9d41p,0.7.3,fleet_logger_0_1,570840041,UMLIFE_v2_TLC555,ch1,origplant,soil_moisture,1663,,,OK,,,982.7,,name=classic;level=OK;role=disp;spread=33;gpio=39;device_seq=76109;time_source=device_synced;device_timestamp_utc=2026-07-28T04:45:48.651Z;config_id=257fa022;rssi=-54;uptime_s=570840;heap=195888;cal_tier=channel-cal;cal_src=wet_rederive_1236_20260719;pressure_context_source=weather_openmeteo;transport=wifi_poll,
plants.soil,2026-07-28T04:46:07.261Z,2026-07-27 23:46:07.261,21548,6762df,y9d41p,0.7.3,fleet_logger_0_1,570840041,UMLIFE_v2_TLC555,ch2,origplant,soil_moisture,1354,,,OK,,,982.7,,name=classic;level=overwatered;role=disp;spread=5;gpio=34;device_seq=76110;time_source=device_synced;device_timestamp_utc=2026-07-28T04:45:48.651Z;config_id=257fa022;rssi=-54;uptime_s=570840;heap=195888;cal_tier=channel-cal;cal_src=wet_rederive_1236_20260719;pressure_context_source=weather_openmeteo;transport=wifi_poll,
plants.soil,2026-07-28T04:46:07.261Z,2026-07-27 23:46:07.261,21549,6762df,y9d41p,0.7.3,fleet_logger_0_1,570840041,UMLIFE_v2_TLC555,ch3,origplant,soil_moisture,1441,,,OK,,,982.7,,name=classic;level=well watered;role=disp;spread=30;gpio=35;device_seq=76111;time_source=device_synced;device_timestamp_utc=2026-07-28T04:45:48.651Z;config_id=257fa022;rssi=-54;uptime_s=570840;heap=195888;cal_tier=channel-cal;cal_src=wet_rederive_1236_20260719;pressure_context_source=weather_openmeteo;transport=wifi_poll,
plants.env,2026-07-28T04:46:07.261Z,2026-07-27 23:46:07.261,21550,6762df,y9d41p,0.7.3,fleet_logger_0_1,570840797,ESP32,esp32_die,on_chip,die_temp,,52.22,degC,OK,,,,,name=classic;source=esp32_die;cal=uncalibrated_board_proxy;api=temperatureRead;config_id=257fa022;transport=wifi_poll,
plants.soil,2026-07-28T04:46:37.705Z,2026-07-27 23:46:37.705,21551,6762df,y9d41p,0.7.3,fleet_logger_0_1,570870041,UMLIFE_v2_TLC555,ch0,origplant,soil_moisture,1535,,,OK,,,982.7,,name=classic;level=well watered;role=disp;spread=30;gpio=36;device_seq=76112;time_source=device_synced;device_timestamp_utc=2026-07-28T04:46:18.651Z;config_id=257fa022;rssi=-54;uptime_s=570870;heap=195896;cal_tier=channel-cal;cal_src=wet_rederive_1236_20260719;pressure_context_source=weather_openmeteo;transport=wifi_poll,
plants.soil,2026-07-28T04:46:37.705Z,2026-07-27 23:46:37.705,21552,6762df,y9d41p,0.7.3,fleet_logger_0_1,570870041,UMLIFE_v2_TLC555,ch1,origplant,soil_moisture,1647,,,OK,,,982.7,,name=classic;level=OK;role=disp;spread=26;gpio=39;device_seq=76113;time_source=device_synced;device_timestamp_utc=2026-07-28T04:46:18.651Z;config_id=257fa022;rssi=-54;uptime_s=570870;heap=195896;cal_tier=channel-cal;cal_src=wet_rederive_1236_20260719;pressure_context_source=weather_openmeteo;transport=wifi_poll,
plants.soil,2026-07-28T04:46:37.705Z,2026-07-27 23:46:37.705,21553,6762df,y9d41p,0.7.3,fleet_logger_0_1,570870041,UMLIFE_v2_TLC555,ch2,origplant,soil_moisture,1337,,,OK,,,982.7,,name=classic;level=overwatered;role=disp;spread=21;gpio=34;device_seq=76114;time_source=device_synced;device_timestamp_utc=2026-07-28T04:46:18.651Z;config_id=257fa022;rssi=-54;uptime_s=570870;heap=195896;cal_tier=channel-cal;cal_src=wet_rederive_1236_20260719;pressure_context_source=weather_openmeteo;transport=wifi_poll,
plants.soil,2026-07-28T04:46:37.705Z,2026-07-27 23:46:37.705,21554,6762df,y9d41p,0.7.3,fleet_logger_0_1,570870041,UMLIFE_v2_TLC555,ch3,origplant,soil_moisture,1429,,,OK,,,982.7,,name=classic;level=well watered;role=disp;spread=25;gpio=35;device_seq=76115;time_source=device_synced;device_timestamp_utc=2026-07-28T04:46:18.651Z;config_id=257fa022;rssi=-54;uptime_s=570870;heap=195896;cal_tier=channel-cal;cal_src=wet_rederive_1236_20260719;pressure_context_source=weather_openmeteo;transport=wifi_poll,
plants.env,2026-07-28T04:46:37.705Z,2026-07-27 23:46:37.705,21555,6762df,y9d41p,0.7.3,fleet_logger_0_1,570870797,ESP32,esp32_die,on_chip,die_temp,,51.67,degC,OK,,,,,name=classic;source=esp32_die;cal=uncalibrated_board_proxy;api=temperatureRead;config_id=257fa022;transport=wifi_poll,
plants.soil,2026-07-28T04:47:07.985Z,2026-07-27 23:47:07.985,21556,6762df,y9d41p,0.7.3,fleet_logger_0_1,570900041,UMLIFE_v2_TLC555,ch0,origplant,soil_moisture,1568,,,OK,,,982.7,,name=classic;level=well watered;role=disp;spread=42;gpio=36;device_seq=76116;time_source=device_synced;device_timestamp_utc=2026-07-28T04:46:48.651Z;config_id=257fa022;rssi=-53;uptime_s=570900;heap=195852;cal_tier=channel-cal;cal_src=wet_rederive_1236_20260719;pressure_context_source=weather_openmeteo;transport=wifi_poll,
plants.soil,2026-07-28T04:47:07.985Z,2026-07-27 23:47:07.985,21557,6762df,y9d41p,0.7.3,fleet_logger_0_1,570900041,UMLIFE_v2_TLC555,ch1,origplant,soil_moisture,1669,,,OK,,,982.7,,name=classic;level=OK;role=disp;spread=41;gpio=39;device_seq=76117;time_source=device_synced;device_timestamp_utc=2026-07-28T04:46:48.651Z;config_id=257fa022;rssi=-53;uptime_s=570900;heap=195852;cal_tier=channel-cal;cal_src=wet_rederive_1236_20260719;pressure_context_source=weather_openmeteo;transport=wifi_poll,
plants.soil,2026-07-28T04:47:07.985Z,2026-07-27 23:47:07.985,21558,6762df,y9d41p,0.7.3,fleet_logger_0_1,570900041,UMLIFE_v2_TLC555,ch2,origplant,soil_moisture,1357,,,OK,,,982.7,,name=classic;level=overwatered;role=disp;spread=16;gpio=34;device_seq=76118;time_source=device_synced;device_timestamp_utc=2026-07-28T04:46:48.651Z;config_id=257fa022;rssi=-53;uptime_s=570900;heap=195852;cal_tier=channel-cal;cal_src=wet_rederive_1236_20260719;pressure_context_source=weather_openmeteo;transport=wifi_poll,
plants.soil,2026-07-28T04:47:07.985Z,2026-07-27 23:47:07.985,21559,6762df,y9d41p,0.7.3,fleet_logger_0_1,570900041,UMLIFE_v2_TLC555,ch3,origplant,soil_moisture,1448,,,OK,,,982.7,,name=classic;level=well watered;role=disp;spread=18;gpio=35;device_seq=76119;time_source=device_synced;device_timestamp_utc=2026-07-28T04:46:48.651Z;config_id=257fa022;rssi=-53;uptime_s=570900;heap=195852;cal_tier=channel-cal;cal_src=wet_rederive_1236_20260719;pressure_context_source=weather_openmeteo;transport=wifi_poll,
plants.env,2026-07-28T04:47:07.985Z,2026-07-27 23:47:07.985,21560,6762df,y9d41p,0.7.3,fleet_logger_0_1,570900797,ESP32,esp32_die,on_chip,die_temp,,52.22,degC,OK,,,,,name=classic;source=esp32_die;cal=uncalibrated_board_proxy;api=temperatureRead;config_id=257fa022;transport=wifi_poll,
plants.soil,2026-07-28T04:47:38.316Z,2026-07-27 23:47:38.316,21561,6762df,y9d41p,0.7.3,fleet_logger_0_1,570930041,UMLIFE_v2_TLC555,ch0,origplant,soil_moisture,1570,,,OK,,,982.7,,name=classic;level=well watered;role=disp;spread=31;gpio=36;device_seq=76120;time_source=device_synced;device_timestamp_utc=2026-07-28T04:47:18.651Z;config_id=257fa022;rssi=-53;uptime_s=570930;heap=195612;cal_tier=channel-cal;cal_src=wet_rederive_1236_20260719;pressure_context_source=weather_openmeteo;transport=wifi_poll,
plants.soil,2026-07-28T04:47:38.316Z,2026-07-27 23:47:38.316,21562,6762df,y9d41p,0.7.3,fleet_logger_0_1,570930041,UMLIFE_v2_TLC555,ch1,origplant,soil_moisture,1673,,,OK,,,982.7,,name=classic;level=OK;role=disp;spread=28;gpio=39;device_seq=76121;time_source=device_synced;device_timestamp_utc=2026-07-28T04:47:18.651Z;config_id=257fa022;rssi=-53;uptime_s=570930;heap=195612;cal_tier=channel-cal;cal_src=wet_rederive_1236_20260719;pressure_context_source=weather_openmeteo;transport=wifi_poll,
plants.soil,2026-07-28T04:47:38.316Z,2026-07-27 23:47:38.316,21563,6762df,y9d41p,0.7.3,fleet_logger_0_1,570930041,UMLIFE_v2_TLC555,ch2,origplant,soil_moisture,1362,,,OK,,,982.7,,name=classic;level=overwatered;role=disp;spread=19;gpio=34;device_seq=76122;time_source=device_synced;device_timestamp_utc=2026-07-28T04:47:18.651Z;config_id=257fa022;rssi=-53;uptime_s=570930;heap=195612;cal_tier=channel-cal;cal_src=wet_rederive_1236_20260719;pressure_context_source=weather_openmeteo;transport=wifi_poll,
plants.soil,2026-07-28T04:47:38.316Z,2026-07-27 23:47:38.316,21564,6762df,y9d41p,0.7.3,fleet_logger_0_1,570930041,UMLIFE_v2_TLC555,ch3,origplant,soil_moisture,1446,,,OK,,,982.7,,name=classic;level=well watered;role=disp;spread=22;gpio=35;device_seq=76123;time_source=device_synced;device_timestamp_utc=2026-07-28T04:47:18.651Z;config_id=257fa022;rssi=-53;uptime_s=570930;heap=195612;cal_tier=channel-cal;cal_src=wet_rederive_1236_20260719;pressure_context_source=weather_openmeteo;transport=wifi_poll,
plants.env,2026-07-28T04:47:38.316Z,2026-07-27 23:47:38.316,21565,6762df,y9d41p,0.7.3,fleet_logger_0_1,570930797,ESP32,esp32_die,on_chip,die_temp,,51.67,degC,OK,,,,,name=classic;source=esp32_die;cal=uncalibrated_board_proxy;api=temperatureRead;config_id=257fa022;transport=wifi_poll,
plants.soil,2026-07-28T04:48:08.780Z,2026-07-27 23:48:08.780,21566,6762df,y9d41p,0.7.3,fleet_logger_0_1,570960041,UMLIFE_v2_TLC555,ch0,origplant,soil_moisture,1575,,,OK,,,982.7,,name=classic;level=well watered;role=disp;spread=36;gpio=36;device_seq=76124;time_source=device_synced;device_timestamp_utc=2026-07-28T04:47:48.651Z;config_id=257fa022;rssi=-53;uptime_s=570960;heap=195620;cal_tier=channel-cal;cal_src=wet_rederive_1236_20260719;pressure_context_source=weather_openmeteo;transport=wifi_poll,
plants.soil,2026-07-28T04:48:08.780Z,2026-07-27 23:48:08.780,21567,6762df,y9d41p,0.7.3,fleet_logger_0_1,570960041,UMLIFE_v2_TLC555,ch1,origplant,soil_moisture,1676,,,OK,,,982.7,,name=classic;level=OK;role=disp;spread=17;gpio=39;device_seq=76125;time_source=device_synced;device_timestamp_utc=2026-07-28T04:47:48.651Z;config_id=257fa022;rssi=-53;uptime_s=570960;heap=195620;cal_tier=channel-cal;cal_src=wet_rederive_1236_20260719;pressure_context_source=weather_openmeteo;transport=wifi_poll,
plants.soil,2026-07-28T04:48:08.780Z,2026-07-27 23:48:08.780,21568,6762df,y9d41p,0.7.3,fleet_logger_0_1,570960041,UMLIFE_v2_TLC555,ch2,origplant,soil_moisture,1359,,,OK,,,982.7,,name=classic;level=overwatered;role=disp;spread=53;gpio=34;device_seq=76126;time_source=device_synced;device_timestamp_utc=2026-07-28T04:47:48.651Z;config_id=257fa022;rssi=-53;uptime_s=570960;heap=195620;cal_tier=channel-cal;cal_src=wet_rederive_1236_20260719;pressure_context_source=weather_openmeteo;transport=wifi_poll,
plants.soil,2026-07-28T04:48:08.780Z,2026-07-27 23:48:08.780,21569,6762df,y9d41p,0.7.3,fleet_logger_0_1,570960041,UMLIFE_v2_TLC555,ch3,origplant,soil_moisture,1446,,,OK,,,982.7,,name=classic;level=well watered;role=disp;spread=30;gpio=35;device_seq=76127;time_source=device_synced;device_timestamp_utc=2026-07-28T04:47:48.651Z;config_id=257fa022;rssi=-53;uptime_s=570960;heap=195620;cal_tier=channel-cal;cal_src=wet_rederive_1236_20260719;pressure_context_source=weather_openmeteo;transport=wifi_poll,
plants.env,2026-07-28T04:48:08.780Z,2026-07-27 23:48:08.780,21570,6762df,y9d41p,0.7.3,fleet_logger_0_1,570960797,ESP32,esp32_die,on_chip,die_temp,,51.67,degC,OK,,,,,name=classic;source=esp32_die;cal=uncalibrated_board_proxy;api=temperatureRead;config_id=257fa022;transport=wifi_poll,
plants.soil,2026-07-28T04:48:39.175Z,2026-07-27 23:48:39.175,21571,6762df,y9d41p,0.7.3,fleet_logger_0_1,570990041,UMLIFE_v2_TLC555,ch0,origplant,soil_moisture,1540,,,OK,,,982.7,,name=classic;level=well watered;role=disp;spread=24;gpio=36;device_seq=76128;time_source=device_synced;device_timestamp_utc=2026-07-28T04:48:18.651Z;config_id=257fa022;rssi=-55;uptime_s=570990;heap=195892;cal_tier=channel-cal;cal_src=wet_rederive_1236_20260719;pressure_context_source=weather_openmeteo;transport=wifi_poll,
plants.soil,2026-07-28T04:48:39.175Z,2026-07-27 23:48:39.175,21572,6762df,y9d41p,0.7.3,fleet_logger_0_1,570990041,UMLIFE_v2_TLC555,ch1,origplant,soil_moisture,1651,,,OK,,,982.7,,name=classic;level=OK;role=disp;spread=11;gpio=39;device_seq=76129;time_source=device_synced;device_timestamp_utc=2026-07-28T04:48:18.651Z;config_id=257fa022;rssi=-55;uptime_s=570990;heap=195892;cal_tier=channel-cal;cal_src=wet_rederive_1236_20260719;pressure_context_source=weather_openmeteo;transport=wifi_poll,
plants.soil,2026-07-28T04:48:39.175Z,2026-07-27 23:48:39.175,21573,6762df,y9d41p,0.7.3,fleet_logger_0_1,570990041,UMLIFE_v2_TLC555,ch2,origplant,soil_moisture,1354,,,OK,,,982.7,,name=classic;level=overwatered;role=disp;spread=28;gpio=34;device_seq=76130;time_source=device_synced;device_timestamp_utc=2026-07-28T04:48:18.651Z;config_id=257fa022;rssi=-55;uptime_s=570990;heap=195892;cal_tier=channel-cal;cal_src=wet_rederive_1236_20260719;pressure_context_source=weather_openmeteo;transport=wifi_poll,
plants.soil,2026-07-28T04:48:39.175Z,2026-07-27 23:48:39.175,21574,6762df,y9d41p,0.7.3,fleet_logger_0_1,570990041,UMLIFE_v2_TLC555,ch3,origplant,soil_moisture,1444,,,OK,,,982.7,,name=classic;level=well watered;role=disp;spread=20;gpio=35;device_seq=76131;time_source=device_synced;device_timestamp_utc=2026-07-28T04:48:18.651Z;config_id=257fa022;rssi=-55;uptime_s=570990;heap=195892;cal_tier=channel-cal;cal_src=wet_rederive_1236_20260719;pressure_context_source=weather_openmeteo;transport=wifi_poll,
plants.env,2026-07-28T04:48:39.175Z,2026-07-27 23:48:39.175,21575,6762df,y9d41p,0.7.3,fleet_logger_0_1,570990797,ESP32,esp32_die,on_chip,die_temp,,52.22,degC,OK,,,,,name=classic;source=esp32_die;cal=uncalibrated_board_proxy;api=temperatureRead;config_id=257fa022;transport=wifi_poll,
plants.soil,2026-07-28T04:49:09.532Z,2026-07-27 23:49:09.532,21576,6762df,y9d41p,0.7.3,fleet_logger_0_1,571020041,UMLIFE_v2_TLC555,ch0,origplant,soil_moisture,1567,,,OK,,,982.7,,name=classic;level=well watered;role=disp;spread=35;gpio=36;device_seq=76132;time_source=device_synced;device_timestamp_utc=2026-07-28T04:48:48.651Z;config_id=257fa022;rssi=-54;uptime_s=571020;heap=195892;cal_tier=channel-cal;cal_src=wet_rederive_1236_20260719;pressure_context_source=weather_openmeteo;transport=wifi_poll,
plants.soil,2026-07-28T04:49:09.532Z,2026-07-27 23:49:09.532,21577,6762df,y9d41p,0.7.3,fleet_logger_0_1,571020041,UMLIFE_v2_TLC555,ch1,origplant,soil_moisture,1673,,,OK,,,982.7,,name=classic;level=OK;role=disp;spread=38;gpio=39;device_seq=76133;time_source=device_synced;device_timestamp_utc=2026-07-28T04:48:48.651Z;config_id=257fa022;rssi=-54;uptime_s=571020;heap=195892;cal_tier=channel-cal;cal_src=wet_rederive_1236_20260719;pressure_context_source=weather_openmeteo;transport=wifi_poll,
plants.soil,2026-07-28T04:49:09.532Z,2026-07-27 23:49:09.532,21578,6762df,y9d41p,0.7.3,fleet_logger_0_1,571020041,UMLIFE_v2_TLC555,ch2,origplant,soil_moisture,1353,,,OK,,,982.7,,name=classic;level=overwatered;role=disp;spread=37;gpio=34;device_seq=76134;time_source=device_synced;device_timestamp_utc=2026-07-28T04:48:48.651Z;config_id=257fa022;rssi=-54;uptime_s=571020;heap=195892;cal_tier=channel-cal;cal_src=wet_rederive_1236_20260719;pressure_context_source=weather_openmeteo;transport=wifi_poll,
plants.soil,2026-07-28T04:49:09.532Z,2026-07-27 23:49:09.532,21579,6762df,y9d41p,0.7.3,fleet_logger_0_1,571020041,UMLIFE_v2_TLC555,ch3,origplant,soil_moisture,1447,,,OK,,,982.7,,name=classic;level=well watered;role=disp;spread=8;gpio=35;device_seq=76135;time_source=device_synced;device_timestamp_utc=2026-07-28T04:48:48.651Z;config_id=257fa022;rssi=-54;uptime_s=571020;heap=195892;cal_tier=channel-cal;cal_src=wet_rederive_1236_20260719;pressure_context_source=weather_openmeteo;transport=wifi_poll,
plants.env,2026-07-28T04:49:09.532Z,2026-07-27 23:49:09.532,21580,6762df,y9d41p,0.7.3,fleet_logger_0_1,571020796,ESP32,esp32_die,on_chip,die_temp,,52.78,degC,OK,,,,,name=classic;source=esp32_die;cal=uncalibrated_board_proxy;api=temperatureRead;config_id=257fa022;transport=wifi_poll,
plants.soil,2026-07-28T04:49:39.943Z,2026-07-27 23:49:39.943,21581,6762df,y9d41p,0.7.3,fleet_logger_0_1,571050041,UMLIFE_v2_TLC555,ch0,origplant,soil_moisture,1570,,,OK,,,982.7,,name=classic;level=well watered;role=disp;spread=49;gpio=36;device_seq=76136;time_source=device_synced;device_timestamp_utc=2026-07-28T04:49:18.651Z;config_id=257fa022;rssi=-54;uptime_s=571050;heap=195908;cal_tier=channel-cal;cal_src=wet_rederive_1236_20260719;pressure_context_source=weather_openmeteo;transport=wifi_poll,
plants.soil,2026-07-28T04:49:39.943Z,2026-07-27 23:49:39.943,21582,6762df,y9d41p,0.7.3,fleet_logger_0_1,571050041,UMLIFE_v2_TLC555,ch1,origplant,soil_moisture,1674,,,OK,,,982.7,,name=classic;level=OK;role=disp;spread=37;gpio=39;device_seq=76137;time_source=device_synced;device_timestamp_utc=2026-07-28T04:49:18.651Z;config_id=257fa022;rssi=-54;uptime_s=571050;heap=195908;cal_tier=channel-cal;cal_src=wet_rederive_1236_20260719;pressure_context_source=weather_openmeteo;transport=wifi_poll,
plants.soil,2026-07-28T04:49:39.943Z,2026-07-27 23:49:39.943,21583,6762df,y9d41p,0.7.3,fleet_logger_0_1,571050041,UMLIFE_v2_TLC555,ch2,origplant,soil_moisture,1365,,,OK,,,982.7,,name=classic;level=overwatered;role=disp;spread=33;gpio=34;device_seq=76138;time_source=device_synced;device_timestamp_utc=2026-07-28T04:49:18.651Z;config_id=257fa022;rssi=-54;uptime_s=571050;heap=195908;cal_tier=channel-cal;cal_src=wet_rederive_1236_20260719;pressure_context_source=weather_openmeteo;transport=wifi_poll,
plants.soil,2026-07-28T04:49:39.943Z,2026-07-27 23:49:39.943,21584,6762df,y9d41p,0.7.3,fleet_logger_0_1,571050041,UMLIFE_v2_TLC555,ch3,origplant,soil_moisture,1444,,,OK,,,982.7,,name=classic;level=well watered;role=disp;spread=26;gpio=35;device_seq=76139;time_source=device_synced;device_timestamp_utc=2026-07-28T04:49:18.651Z;config_id=257fa022;rssi=-54;uptime_s=571050;heap=195908;cal_tier=channel-cal;cal_src=wet_rederive_1236_20260719;pressure_context_source=weather_openmeteo;transport=wifi_poll,
plants.env,2026-07-28T04:49:39.943Z,2026-07-27 23:49:39.943,21585,6762df,y9d41p,0.7.3,fleet_logger_0_1,571050797,ESP32,esp32_die,on_chip,die_temp,,52.22,degC,OK,,,,,name=classic;source=esp32_die;cal=uncalibrated_board_proxy;api=temperatureRead;config_id=257fa022;transport=wifi_poll,
plants.soil,2026-07-28T04:50:10.530Z,2026-07-27 23:50:10.530,21586,6762df,y9d41p,0.7.3,fleet_logger_0_1,571080041,UMLIFE_v2_TLC555,ch0,origplant,soil_moisture,1563,,,OK,,,982.7,,name=classic;level=well watered;role=disp;spread=48;gpio=36;device_seq=76140;time_source=device_synced;device_timestamp_utc=2026-07-28T04:49:48.651Z;config_id=257fa022;rssi=-55;uptime_s=571080;heap=193472;cal_tier=channel-cal;cal_src=wet_rederive_1236_20260719;pressure_context_source=weather_openmeteo;transport=wifi_poll,
plants.soil,2026-07-28T04:50:10.530Z,2026-07-27 23:50:10.530,21587,6762df,y9d41p,0.7.3,fleet_logger_0_1,571080041,UMLIFE_v2_TLC555,ch1,origplant,soil_moisture,1675,,,OK,,,982.7,,name=classic;level=OK;role=disp;spread=43;gpio=39;device_seq=76141;time_source=device_synced;device_timestamp_utc=2026-07-28T04:49:48.651Z;config_id=257fa022;rssi=-55;uptime_s=571080;heap=193472;cal_tier=channel-cal;cal_src=wet_rederive_1236_20260719;pressure_context_source=weather_openmeteo;transport=wifi_poll,
plants.soil,2026-07-28T04:50:10.530Z,2026-07-27 23:50:10.530,21588,6762df,y9d41p,0.7.3,fleet_logger_0_1,571080041,UMLIFE_v2_TLC555,ch2,origplant,soil_moisture,1363,,,OK,,,982.7,,name=classic;level=overwatered;role=disp;spread=49;gpio=34;device_seq=76142;time_source=device_synced;device_timestamp_utc=2026-07-28T04:49:48.651Z;config_id=257fa022;rssi=-55;uptime_s=571080;heap=193472;cal_tier=channel-cal;cal_src=wet_rederive_1236_20260719;pressure_context_source=weather_openmeteo;transport=wifi_poll,
plants.soil,2026-07-28T04:50:10.530Z,2026-07-27 23:50:10.530,21589,6762df,y9d41p,0.7.3,fleet_logger_0_1,571080041,UMLIFE_v2_TLC555,ch3,origplant,soil_moisture,1443,,,OK,,,982.7,,name=classic;level=well watered;role=disp;spread=12;gpio=35;device_seq=76143;time_source=device_synced;device_timestamp_utc=2026-07-28T04:49:48.651Z;config_id=257fa022;rssi=-55;uptime_s=571080;heap=193472;cal_tier=channel-cal;cal_src=wet_rederive_1236_20260719;pressure_context_source=weather_openmeteo;transport=wifi_poll,
plants.env,2026-07-28T04:50:10.530Z,2026-07-27 23:50:10.530,21590,6762df,y9d41p,0.7.3,fleet_logger_0_1,571080796,ESP32,esp32_die,on_chip,die_temp,,52.78,degC,OK,,,,,name=classic;source=esp32_die;cal=uncalibrated_board_proxy;api=temperatureRead;config_id=257fa022;transport=wifi_poll,
plants.soil,2026-07-28T04:50:40.899Z,2026-07-27 23:50:40.899,21591,6762df,y9d41p,0.7.3,fleet_logger_0_1,571110041,UMLIFE_v2_TLC555,ch0,origplant,soil_moisture,1553,,,OK,,,982.7,,name=classic;level=well watered;role=disp;spread=37;gpio=36;device_seq=76144;time_source=device_synced;device_timestamp_utc=2026-07-28T04:50:18.651Z;config_id=257fa022;rssi=-53;uptime_s=571110;heap=193212;cal_tier=channel-cal;cal_src=wet_rederive_1236_20260719;pressure_context_source=weather_openmeteo;transport=wifi_poll,
plants.soil,2026-07-28T04:50:40.899Z,2026-07-27 23:50:40.899,21592,6762df,y9d41p,0.7.3,fleet_logger_0_1,571110041,UMLIFE_v2_TLC555,ch1,origplant,soil_moisture,1667,,,OK,,,982.7,,name=classic;level=OK;role=disp;spread=35;gpio=39;device_seq=76145;time_source=device_synced;device_timestamp_utc=2026-07-28T04:50:18.651Z;config_id=257fa022;rssi=-53;uptime_s=571110;heap=193212;cal_tier=channel-cal;cal_src=wet_rederive_1236_20260719;pressure_context_source=weather_openmeteo;transport=wifi_poll,
plants.soil,2026-07-28T04:50:40.899Z,2026-07-27 23:50:40.899,21593,6762df,y9d41p,0.7.3,fleet_logger_0_1,571110041,UMLIFE_v2_TLC555,ch2,origplant,soil_moisture,1357,,,OK,,,982.7,,name=classic;level=overwatered;role=disp;spread=28;gpio=34;device_seq=76146;time_source=device_synced;device_timestamp_utc=2026-07-28T04:50:18.651Z;config_id=257fa022;rssi=-53;uptime_s=571110;heap=193212;cal_tier=channel-cal;cal_src=wet_rederive_1236_20260719;pressure_context_source=weather_openmeteo;transport=wifi_poll,
plants.soil,2026-07-28T04:50:40.899Z,2026-07-27 23:50:40.899,21594,6762df,y9d41p,0.7.3,fleet_logger_0_1,571110041,UMLIFE_v2_TLC555,ch3,origplant,soil_moisture,1447,,,OK,,,982.7,,name=classic;level=well watered;role=disp;spread=19;gpio=35;device_seq=76147;time_source=device_synced;device_timestamp_utc=2026-07-28T04:50:18.651Z;config_id=257fa022;rssi=-53;uptime_s=571110;heap=193212;cal_tier=channel-cal;cal_src=wet_rederive_1236_20260719;pressure_context_source=weather_openmeteo;transport=wifi_poll,
plants.env,2026-07-28T04:50:40.899Z,2026-07-27 23:50:40.899,21595,6762df,y9d41p,0.7.3,fleet_logger_0_1,571110796,ESP32,esp32_die,on_chip,die_temp,,52.22,degC,OK,,,,,name=classic;source=esp32_die;cal=uncalibrated_board_proxy;api=temperatureRead;config_id=257fa022;transport=wifi_poll,
plants.soil,2026-07-28T04:51:11.408Z,2026-07-27 23:51:11.408,21596,6762df,y9d41p,0.7.3,fleet_logger_0_1,571140041,UMLIFE_v2_TLC555,ch0,origplant,soil_moisture,1537,,,OK,,,982.7,,name=classic;level=well watered;role=disp;spread=43;gpio=36;device_seq=76148;time_source=device_synced;device_timestamp_utc=2026-07-28T04:50:48.651Z;config_id=257fa022;rssi=-54;uptime_s=571140;heap=193116;cal_tier=channel-cal;cal_src=wet_rederive_1236_20260719;pressure_context_source=weather_openmeteo;transport=wifi_poll,
plants.soil,2026-07-28T04:51:11.408Z,2026-07-27 23:51:11.408,21597,6762df,y9d41p,0.7.3,fleet_logger_0_1,571140041,UMLIFE_v2_TLC555,ch1,origplant,soil_moisture,1661,,,OK,,,982.7,,name=classic;level=OK;role=disp;spread=32;gpio=39;device_seq=76149;time_source=device_synced;device_timestamp_utc=2026-07-28T04:50:48.651Z;config_id=257fa022;rssi=-54;uptime_s=571140;heap=193116;cal_tier=channel-cal;cal_src=wet_rederive_1236_20260719;pressure_context_source=weather_openmeteo;transport=wifi_poll,
plants.soil,2026-07-28T04:51:11.408Z,2026-07-27 23:51:11.408,21598,6762df,y9d41p,0.7.3,fleet_logger_0_1,571140041,UMLIFE_v2_TLC555,ch2,origplant,soil_moisture,1355,,,OK,,,982.7,,name=classic;level=overwatered;role=disp;spread=37;gpio=34;device_seq=76150;time_source=device_synced;device_timestamp_utc=2026-07-28T04:50:48.651Z;config_id=257fa022;rssi=-54;uptime_s=571140;heap=193116;cal_tier=channel-cal;cal_src=wet_rederive_1236_20260719;pressure_context_source=weather_openmeteo;transport=wifi_poll,
plants.soil,2026-07-28T04:51:11.408Z,2026-07-27 23:51:11.408,21599,6762df,y9d41p,0.7.3,fleet_logger_0_1,571140041,UMLIFE_v2_TLC555,ch3,origplant,soil_moisture,1439,,,OK,,,982.7,,name=classic;level=well watered;role=disp;spread=22;gpio=35;device_seq=76151;time_source=device_synced;device_timestamp_utc=2026-07-28T04:50:48.651Z;config_id=257fa022;rssi=-54;uptime_s=571140;heap=193116;cal_tier=channel-cal;cal_src=wet_rederive_1236_20260719;pressure_context_source=weather_openmeteo;transport=wifi_poll,
plants.env,2026-07-28T04:51:11.408Z,2026-07-27 23:51:11.408,21600,6762df,y9d41p,0.7.3,fleet_logger_0_1,571140797,ESP32,esp32_die,on_chip,die_temp,,51.11,degC,OK,,,,,name=classic;source=esp32_die;cal=uncalibrated_board_proxy;api=temperatureRead;config_id=257fa022;transport=wifi_poll,
plants.soil,2026-07-28T04:51:41.815Z,2026-07-27 23:51:41.815,21601,6762df,y9d41p,0.7.3,fleet_logger_0_1,571170041,UMLIFE_v2_TLC555,ch0,origplant,soil_moisture,1540,,,OK,,,982.7,,name=classic;level=well watered;role=disp;spread=15;gpio=36;device_seq=76152;time_source=device_synced;device_timestamp_utc=2026-07-28T04:51:18.651Z;config_id=257fa022;rssi=-54;uptime_s=571170;heap=195896;cal_tier=channel-cal;cal_src=wet_rederive_1236_20260719;pressure_context_source=weather_openmeteo;transport=wifi_poll,
plants.soil,2026-07-28T04:51:41.815Z,2026-07-27 23:51:41.815,21602,6762df,y9d41p,0.7.3,fleet_logger_0_1,571170041,UMLIFE_v2_TLC555,ch1,origplant,soil_moisture,1656,,,OK,,,982.7,,name=classic;level=OK;role=disp;spread=29;gpio=39;device_seq=76153;time_source=device_synced;device_timestamp_utc=2026-07-28T04:51:18.651Z;config_id=257fa022;rssi=-54;uptime_s=571170;heap=195896;cal_tier=channel-cal;cal_src=wet_rederive_1236_20260719;pressure_context_source=weather_openmeteo;transport=wifi_poll,
plants.soil,2026-07-28T04:51:41.815Z,2026-07-27 23:51:41.815,21603,6762df,y9d41p,0.7.3,fleet_logger_0_1,571170041,UMLIFE_v2_TLC555,ch2,origplant,soil_moisture,1358,,,OK,,,982.7,,name=classic;level=overwatered;role=disp;spread=28;gpio=34;device_seq=76154;time_source=device_synced;device_timestamp_utc=2026-07-28T04:51:18.651Z;config_id=257fa022;rssi=-54;uptime_s=571170;heap=195896;cal_tier=channel-cal;cal_src=wet_rederive_1236_20260719;pressure_context_source=weather_openmeteo;transport=wifi_poll,
plants.soil,2026-07-28T04:51:41.815Z,2026-07-27 23:51:41.815,21604,6762df,y9d41p,0.7.3,fleet_logger_0_1,571170041,UMLIFE_v2_TLC555,ch3,origplant,soil_moisture,1446,,,OK,,,982.7,,name=classic;level=well watered;role=disp;spread=41;gpio=35;device_seq=76155;time_source=device_synced;device_timestamp_utc=2026-07-28T04:51:18.651Z;config_id=257fa022;rssi=-54;uptime_s=571170;heap=195896;cal_tier=channel-cal;cal_src=wet_rederive_1236_20260719;pressure_context_source=weather_openmeteo;transport=wifi_poll,
plants.env,2026-07-28T04:51:41.815Z,2026-07-27 23:51:41.815,21605,6762df,y9d41p,0.7.3,fleet_logger_0_1,571170797,ESP32,esp32_die,on_chip,die_temp,,52.22,degC,OK,,,,,name=classic;source=esp32_die;cal=uncalibrated_board_proxy;api=temperatureRead;config_id=257fa022;transport=wifi_poll,
plants.soil,2026-07-28T04:52:12.215Z,2026-07-27 23:52:12.215,21606,6762df,y9d41p,0.7.3,fleet_logger_0_1,571200041,UMLIFE_v2_TLC555,ch0,origplant,soil_moisture,1541,,,OK,,,982.7,,name=classic;level=well watered;role=disp;spread=34;gpio=36;device_seq=76156;time_source=device_synced;device_timestamp_utc=2026-07-28T04:51:48.651Z;config_id=257fa022;rssi=-56;uptime_s=571200;heap=195896;cal_tier=channel-cal;cal_src=wet_rederive_1236_20260719;pressure_context_source=weather_openmeteo;transport=wifi_poll,
plants.soil,2026-07-28T04:52:12.215Z,2026-07-27 23:52:12.215,21607,6762df,y9d41p,0.7.3,fleet_logger_0_1,571200041,UMLIFE_v2_TLC555,ch1,origplant,soil_moisture,1664,,,OK,,,982.7,,name=classic;level=OK;role=disp;spread=39;gpio=39;device_seq=76157;time_source=device_synced;device_timestamp_utc=2026-07-28T04:51:48.651Z;config_id=257fa022;rssi=-56;uptime_s=571200;heap=195896;cal_tier=channel-cal;cal_src=wet_rederive_1236_20260719;pressure_context_source=weather_openmeteo;transport=wifi_poll,
plants.soil,2026-07-28T04:52:12.215Z,2026-07-27 23:52:12.215,21608,6762df,y9d41p,0.7.3,fleet_logger_0_1,571200041,UMLIFE_v2_TLC555,ch2,origplant,soil_moisture,1353,,,OK,,,982.7,,name=classic;level=overwatered;role=disp;spread=25;gpio=34;device_seq=76158;time_source=device_synced;device_timestamp_utc=2026-07-28T04:51:48.651Z;config_id=257fa022;rssi=-56;uptime_s=571200;heap=195896;cal_tier=channel-cal;cal_src=wet_rederive_1236_20260719;pressure_context_source=weather_openmeteo;transport=wifi_poll,
plants.soil,2026-07-28T04:52:12.215Z,2026-07-27 23:52:12.215,21609,6762df,y9d41p,0.7.3,fleet_logger_0_1,571200041,UMLIFE_v2_TLC555,ch3,origplant,soil_moisture,1442,,,OK,,,982.7,,name=classic;level=well watered;role=disp;spread=22;gpio=35;device_seq=76159;time_source=device_synced;device_timestamp_utc=2026-07-28T04:51:48.651Z;config_id=257fa022;rssi=-56;uptime_s=571200;heap=195896;cal_tier=channel-cal;cal_src=wet_rederive_1236_20260719;pressure_context_source=weather_openmeteo;transport=wifi_poll,
plants.env,2026-07-28T04:52:12.215Z,2026-07-27 23:52:12.215,21610,6762df,y9d41p,0.7.3,fleet_logger_0_1,571201862,ESP32,esp32_die,on_chip,die_temp,,51.67,degC,OK,,,,,name=classic;source=esp32_die;cal=uncalibrated_board_proxy;api=temperatureRead;config_id=257fa022;transport=wifi_poll,
plants.soil,2026-07-28T04:52:42.959Z,2026-07-27 23:52:42.959,21611,6762df,y9d41p,0.7.3,fleet_logger_0_1,571230041,UMLIFE_v2_TLC555,ch0,origplant,soil_moisture,1541,,,OK,,,982.7,,name=classic;level=well watered;role=disp;spread=26;gpio=36;device_seq=76160;time_source=device_synced;device_timestamp_utc=2026-07-28T04:52:18.651Z;config_id=257fa022;rssi=-53;uptime_s=571230;heap=195904;cal_tier=channel-cal;cal_src=wet_rederive_1236_20260719;pressure_context_source=weather_openmeteo;transport=wifi_poll,
plants.soil,2026-07-28T04:52:42.959Z,2026-07-27 23:52:42.959,21612,6762df,y9d41p,0.7.3,fleet_logger_0_1,571230041,UMLIFE_v2_TLC555,ch1,origplant,soil_moisture,1646,,,OK,,,982.7,,name=classic;level=OK;role=disp;spread=11;gpio=39;device_seq=76161;time_source=device_synced;device_timestamp_utc=2026-07-28T04:52:18.651Z;config_id=257fa022;rssi=-53;uptime_s=571230;heap=195904;cal_tier=channel-cal;cal_src=wet_rederive_1236_20260719;pressure_context_source=weather_openmeteo;transport=wifi_poll,
plants.soil,2026-07-28T04:52:42.959Z,2026-07-27 23:52:42.959,21613,6762df,y9d41p,0.7.3,fleet_logger_0_1,571230041,UMLIFE_v2_TLC555,ch2,origplant,soil_moisture,1328,,,OK,,,982.7,,name=classic;level=overwatered;role=disp;spread=29;gpio=34;device_seq=76162;time_source=device_synced;device_timestamp_utc=2026-07-28T04:52:18.651Z;config_id=257fa022;rssi=-53;uptime_s=571230;heap=195904;cal_tier=channel-cal;cal_src=wet_rederive_1236_20260719;pressure_context_source=weather_openmeteo;transport=wifi_poll,
plants.soil,2026-07-28T04:52:42.959Z,2026-07-27 23:52:42.959,21614,6762df,y9d41p,0.7.3,fleet_logger_0_1,571230041,UMLIFE_v2_TLC555,ch3,origplant,soil_moisture,1429,,,OK,,,982.7,,name=classic;level=well watered;role=disp;spread=41;gpio=35;device_seq=76163;time_source=device_synced;device_timestamp_utc=2026-07-28T04:52:18.651Z;config_id=257fa022;rssi=-53;uptime_s=571230;heap=195904;cal_tier=channel-cal;cal_src=wet_rederive_1236_20260719;pressure_context_source=weather_openmeteo;transport=wifi_poll,
plants.env,2026-07-28T04:52:42.959Z,2026-07-27 23:52:42.959,21615,6762df,y9d41p,0.7.3,fleet_logger_0_1,571230796,ESP32,esp32_die,on_chip,die_temp,,51.67,degC,OK,,,,,name=classic;source=esp32_die;cal=uncalibrated_board_proxy;api=temperatureRead;config_id=257fa022;transport=wifi_poll,
plants.soil,2026-07-28T04:53:15.002Z,2026-07-27 23:53:15.002,21616,6762df,y9d41p,0.7.3,fleet_logger_0_1,571260041,UMLIFE_v2_TLC555,ch0,origplant,soil_moisture,1537,,,OK,,,982.7,,name=classic;level=well watered;role=disp;spread=26;gpio=36;device_seq=76164;time_source=device_synced;device_timestamp_utc=2026-07-28T04:52:48.651Z;config_id=257fa022;rssi=-54;uptime_s=571260;heap=195904;cal_tier=channel-cal;cal_src=wet_rederive_1236_20260719;pressure_context_source=weather_openmeteo;transport=wifi_poll,
plants.soil,2026-07-28T04:53:15.002Z,2026-07-27 23:53:15.002,21617,6762df,y9d41p,0.7.3,fleet_logger_0_1,571260041,UMLIFE_v2_TLC555,ch1,origplant,soil_moisture,1644,,,OK,,,982.7,,name=classic;level=OK;role=disp;spread=19;gpio=39;device_seq=76165;time_source=device_synced;device_timestamp_utc=2026-07-28T04:52:48.651Z;config_id=257fa022;rssi=-54;uptime_s=571260;heap=195904;cal_tier=channel-cal;cal_src=wet_rederive_1236_20260719;pressure_context_source=weather_openmeteo;transport=wifi_poll,
plants.soil,2026-07-28T04:53:15.002Z,2026-07-27 23:53:15.002,21618,6762df,y9d41p,0.7.3,fleet_logger_0_1,571260041,UMLIFE_v2_TLC555,ch2,origplant,soil_moisture,1333,,,OK,,,982.7,,name=classic;level=overwatered;role=disp;spread=32;gpio=34;device_seq=76166;time_source=device_synced;device_timestamp_utc=2026-07-28T04:52:48.651Z;config_id=257fa022;rssi=-54;uptime_s=571260;heap=195904;cal_tier=channel-cal;cal_src=wet_rederive_1236_20260719;pressure_context_source=weather_openmeteo;transport=wifi_poll,
plants.soil,2026-07-28T04:53:15.002Z,2026-07-27 23:53:15.002,21619,6762df,y9d41p,0.7.3,fleet_logger_0_1,571260041,UMLIFE_v2_TLC555,ch3,origplant,soil_moisture,1435,,,OK,,,982.7,,name=classic;level=well watered;role=disp;spread=12;gpio=35;device_seq=76167;time_source=device_synced;device_timestamp_utc=2026-07-28T04:52:48.651Z;config_id=257fa022;rssi=-54;uptime_s=571260;heap=195904;cal_tier=channel-cal;cal_src=wet_rederive_1236_20260719;pressure_context_source=weather_openmeteo;transport=wifi_poll,
plants.env,2026-07-28T04:53:15.002Z,2026-07-27 23:53:15.002,21620,6762df,y9d41p,0.7.3,fleet_logger_0_1,571260796,ESP32,esp32_die,on_chip,die_temp,,52.78,degC,OK,,,,,name=classic;source=esp32_die;cal=uncalibrated_board_proxy;api=temperatureRead;config_id=257fa022;transport=wifi_poll,
plants.soil,2026-07-28T04:53:45.449Z,2026-07-27 23:53:45.449,21621,6762df,y9d41p,0.7.3,fleet_logger_0_1,571290041,UMLIFE_v2_TLC555,ch0,origplant,soil_moisture,1537,,,OK,,,982.7,,name=classic;level=well watered;role=disp;spread=38;gpio=36;device_seq=76168;time_source=device_synced;device_timestamp_utc=2026-07-28T04:53:18.651Z;config_id=257fa022;rssi=-55;uptime_s=571290;heap=195628;cal_tier=channel-cal;cal_src=wet_rederive_1236_20260719;pressure_context_source=weather_openmeteo;transport=wifi_poll,
plants.soil,2026-07-28T04:53:45.449Z,2026-07-27 23:53:45.449,21622,6762df,y9d41p,0.7.3,fleet_logger_0_1,571290041,UMLIFE_v2_TLC555,ch1,origplant,soil_moisture,1652,,,OK,,,982.7,,name=classic;level=OK;role=disp;spread=34;gpio=39;device_seq=76169;time_source=device_synced;device_timestamp_utc=2026-07-28T04:53:18.651Z;config_id=257fa022;rssi=-55;uptime_s=571290;heap=195628;cal_tier=channel-cal;cal_src=wet_rederive_1236_20260719;pressure_context_source=weather_openmeteo;transport=wifi_poll,
plants.soil,2026-07-28T04:53:45.449Z,2026-07-27 23:53:45.449,21623,6762df,y9d41p,0.7.3,fleet_logger_0_1,571290041,UMLIFE_v2_TLC555,ch2,origplant,soil_moisture,1336,,,OK,,,982.7,,name=classic;level=overwatered;role=disp;spread=23;gpio=34;device_seq=76170;time_source=device_synced;device_timestamp_utc=2026-07-28T04:53:18.651Z;config_id=257fa022;rssi=-55;uptime_s=571290;heap=195628;cal_tier=channel-cal;cal_src=wet_rederive_1236_20260719;pressure_context_source=weather_openmeteo;transport=wifi_poll,
plants.soil,2026-07-28T04:53:45.449Z,2026-07-27 23:53:45.449,21624,6762df,y9d41p,0.7.3,fleet_logger_0_1,571290041,UMLIFE_v2_TLC555,ch3,origplant,soil_moisture,1431,,,OK,,,982.7,,name=classic;level=well watered;role=disp;spread=14;gpio=35;device_seq=76171;time_source=device_synced;device_timestamp_utc=2026-07-28T04:53:18.651Z;config_id=257fa022;rssi=-55;uptime_s=571290;heap=195628;cal_tier=channel-cal;cal_src=wet_rederive_1236_20260719;pressure_context_source=weather_openmeteo;transport=wifi_poll,
plants.env,2026-07-28T04:53:45.449Z,2026-07-27 23:53:45.449,21625,6762df,y9d41p,0.7.3,fleet_logger_0_1,571290797,ESP32,esp32_die,on_chip,die_temp,,52.22,degC,OK,,,,,name=classic;source=esp32_die;cal=uncalibrated_board_proxy;api=temperatureRead;config_id=257fa022;transport=wifi_poll,
plants.soil,2026-07-28T04:54:15.810Z,2026-07-27 23:54:15.810,21626,6762df,y9d41p,0.7.3,fleet_logger_0_1,571320041,UMLIFE_v2_TLC555,ch0,origplant,soil_moisture,1544,,,OK,,,982.7,,name=classic;level=well watered;role=disp;spread=28;gpio=36;device_seq=76172;time_source=device_synced;device_timestamp_utc=2026-07-28T04:53:48.651Z;config_id=257fa022;rssi=-53;uptime_s=571320;heap=195632;cal_tier=channel-cal;cal_src=wet_rederive_1236_20260719;pressure_context_source=weather_openmeteo;transport=wifi_poll,
plants.soil,2026-07-28T04:54:15.810Z,2026-07-27 23:54:15.810,21627,6762df,y9d41p,0.7.3,fleet_logger_0_1,571320041,UMLIFE_v2_TLC555,ch1,origplant,soil_moisture,1645,,,OK,,,982.7,,name=classic;level=OK;role=disp;spread=29;gpio=39;device_seq=76173;time_source=device_synced;device_timestamp_utc=2026-07-28T04:53:48.651Z;config_id=257fa022;rssi=-53;uptime_s=571320;heap=195632;cal_tier=channel-cal;cal_src=wet_rederive_1236_20260719;pressure_context_source=weather_openmeteo;transport=wifi_poll,
plants.soil,2026-07-28T04:54:15.810Z,2026-07-27 23:54:15.810,21628,6762df,y9d41p,0.7.3,fleet_logger_0_1,571320041,UMLIFE_v2_TLC555,ch2,origplant,soil_moisture,1328,,,OK,,,982.7,,name=classic;level=overwatered;role=disp;spread=32;gpio=34;device_seq=76174;time_source=device_synced;device_timestamp_utc=2026-07-28T04:53:48.651Z;config_id=257fa022;rssi=-53;uptime_s=571320;heap=195632;cal_tier=channel-cal;cal_src=wet_rederive_1236_20260719;pressure_context_source=weather_openmeteo;transport=wifi_poll,
plants.soil,2026-07-28T04:54:15.810Z,2026-07-27 23:54:15.810,21629,6762df,y9d41p,0.7.3,fleet_logger_0_1,571320041,UMLIFE_v2_TLC555,ch3,origplant,soil_moisture,1416,,,OK,,,982.7,,name=classic;level=well watered;role=disp;spread=29;gpio=35;device_seq=76175;time_source=device_synced;device_timestamp_utc=2026-07-28T04:53:48.651Z;config_id=257fa022;rssi=-53;uptime_s=571320;heap=195632;cal_tier=channel-cal;cal_src=wet_rederive_1236_20260719;pressure_context_source=weather_openmeteo;transport=wifi_poll,
plants.env,2026-07-28T04:54:15.810Z,2026-07-27 23:54:15.810,21630,6762df,y9d41p,0.7.3,fleet_logger_0_1,571320797,ESP32,esp32_die,on_chip,die_temp,,51.67,degC,OK,,,,,name=classic;source=esp32_die;cal=uncalibrated_board_proxy;api=temperatureRead;config_id=257fa022;transport=wifi_poll,
plants.soil,2026-07-28T04:54:46.135Z,2026-07-27 23:54:46.135,21631,6762df,y9d41p,0.7.3,fleet_logger_0_1,571350041,UMLIFE_v2_TLC555,ch0,origplant,soil_moisture,1542,,,OK,,,982.7,,name=classic;level=well watered;role=disp;spread=2;gpio=36;device_seq=76176;time_source=device_synced;device_timestamp_utc=2026-07-28T04:54:18.651Z;config_id=257fa022;rssi=-53;uptime_s=571350;heap=195896;cal_tier=channel-cal;cal_src=wet_rederive_1236_20260719;pressure_context_source=weather_openmeteo;transport=wifi_poll,
plants.soil,2026-07-28T04:54:46.135Z,2026-07-27 23:54:46.135,21632,6762df,y9d41p,0.7.3,fleet_logger_0_1,571350041,UMLIFE_v2_TLC555,ch1,origplant,soil_moisture,1648,,,OK,,,982.7,,name=classic;level=OK;role=disp;spread=21;gpio=39;device_seq=76177;time_source=device_synced;device_timestamp_utc=2026-07-28T04:54:18.651Z;config_id=257fa022;rssi=-53;uptime_s=571350;heap=195896;cal_tier=channel-cal;cal_src=wet_rederive_1236_20260719;pressure_context_source=weather_openmeteo;transport=wifi_poll,
plants.soil,2026-07-28T04:54:46.135Z,2026-07-27 23:54:46.135,21633,6762df,y9d41p,0.7.3,fleet_logger_0_1,571350041,UMLIFE_v2_TLC555,ch2,origplant,soil_moisture,1329,,,OK,,,982.7,,name=classic;level=overwatered;role=disp;spread=30;gpio=34;device_seq=76178;time_source=device_synced;device_timestamp_utc=2026-07-28T04:54:18.651Z;config_id=257fa022;rssi=-53;uptime_s=571350;heap=195896;cal_tier=channel-cal;cal_src=wet_rederive_1236_20260719;pressure_context_source=weather_openmeteo;transport=wifi_poll,
plants.soil,2026-07-28T04:54:46.135Z,2026-07-27 23:54:46.135,21634,6762df,y9d41p,0.7.3,fleet_logger_0_1,571350041,UMLIFE_v2_TLC555,ch3,origplant,soil_moisture,1422,,,OK,,,982.7,,name=classic;level=well watered;role=disp;spread=12;gpio=35;device_seq=76179;time_source=device_synced;device_timestamp_utc=2026-07-28T04:54:18.651Z;config_id=257fa022;rssi=-53;uptime_s=571350;heap=195896;cal_tier=channel-cal;cal_src=wet_rederive_1236_20260719;pressure_context_source=weather_openmeteo;transport=wifi_poll,
plants.env,2026-07-28T04:54:46.135Z,2026-07-27 23:54:46.135,21635,6762df,y9d41p,0.7.3,fleet_logger_0_1,571350797,ESP32,esp32_die,on_chip,die_temp,,51.67,degC,OK,,,,,name=classic;source=esp32_die;cal=uncalibrated_board_proxy;api=temperatureRead;config_id=257fa022;transport=wifi_poll,
plants.soil,2026-07-28T04:55:16.740Z,2026-07-27 23:55:16.740,21636,6762df,y9d41p,0.7.3,fleet_logger_0_1,571380041,UMLIFE_v2_TLC555,ch0,origplant,soil_moisture,1543,,,OK,,,982.7,,name=classic;level=well watered;role=disp;spread=39;gpio=36;device_seq=76180;time_source=device_synced;device_timestamp_utc=2026-07-28T04:54:48.651Z;config_id=257fa022;rssi=-54;uptime_s=571380;heap=195896;cal_tier=channel-cal;cal_src=wet_rederive_1236_20260719;pressure_context_source=weather_openmeteo;transport=wifi_poll,
plants.soil,2026-07-28T04:55:16.740Z,2026-07-27 23:55:16.740,21637,6762df,y9d41p,0.7.3,fleet_logger_0_1,571380041,UMLIFE_v2_TLC555,ch1,origplant,soil_moisture,1651,,,OK,,,982.7,,name=classic;level=OK;role=disp;spread=21;gpio=39;device_seq=76181;time_source=device_synced;device_timestamp_utc=2026-07-28T04:54:48.651Z;config_id=257fa022;rssi=-54;uptime_s=571380;heap=195896;cal_tier=channel-cal;cal_src=wet_rederive_1236_20260719;pressure_context_source=weather_openmeteo;transport=wifi_poll,
plants.soil,2026-07-28T04:55:16.740Z,2026-07-27 23:55:16.740,21638,6762df,y9d41p,0.7.3,fleet_logger_0_1,571380041,UMLIFE_v2_TLC555,ch2,origplant,soil_moisture,1331,,,OK,,,982.7,,name=classic;level=overwatered;role=disp;spread=12;gpio=34;device_seq=76182;time_source=device_synced;device_timestamp_utc=2026-07-28T04:54:48.651Z;config_id=257fa022;rssi=-54;uptime_s=571380;heap=195896;cal_tier=channel-cal;cal_src=wet_rederive_1236_20260719;pressure_context_source=weather_openmeteo;transport=wifi_poll,
plants.soil,2026-07-28T04:55:16.740Z,2026-07-27 23:55:16.740,21639,6762df,y9d41p,0.7.3,fleet_logger_0_1,571380041,UMLIFE_v2_TLC555,ch3,origplant,soil_moisture,1417,,,OK,,,982.7,,name=classic;level=well watered;role=disp;spread=18;gpio=35;device_seq=76183;time_source=device_synced;device_timestamp_utc=2026-07-28T04:54:48.651Z;config_id=257fa022;rssi=-54;uptime_s=571380;heap=195896;cal_tier=channel-cal;cal_src=wet_rederive_1236_20260719;pressure_context_source=weather_openmeteo;transport=wifi_poll,
plants.env,2026-07-28T04:55:16.740Z,2026-07-27 23:55:16.740,21640,6762df,y9d41p,0.7.3,fleet_logger_0_1,571380797,ESP32,esp32_die,on_chip,die_temp,,52.22,degC,OK,,,,,name=classic;source=esp32_die;cal=uncalibrated_board_proxy;api=temperatureRead;config_id=257fa022;transport=wifi_poll,
plants.soil,2026-07-28T04:55:47.181Z,2026-07-27 23:55:47.181,21641,6762df,y9d41p,0.7.3,fleet_logger_0_1,571410041,UMLIFE_v2_TLC555,ch0,origplant,soil_moisture,1550,,,OK,,,982.7,,name=classic;level=well watered;role=disp;spread=30;gpio=36;device_seq=76184;time_source=device_synced;device_timestamp_utc=2026-07-28T04:55:18.651Z;config_id=257fa022;rssi=-54;uptime_s=571410;heap=195892;cal_tier=channel-cal;cal_src=wet_rederive_1236_20260719;pressure_context_source=weather_openmeteo;transport=wifi_poll,
plants.soil,2026-07-28T04:55:47.181Z,2026-07-27 23:55:47.181,21642,6762df,y9d41p,0.7.3,fleet_logger_0_1,571410041,UMLIFE_v2_TLC555,ch1,origplant,soil_moisture,1649,,,OK,,,982.7,,name=classic;level=OK;role=disp;spread=27;gpio=39;device_seq=76185;time_source=device_synced;device_timestamp_utc=2026-07-28T04:55:18.651Z;config_id=257fa022;rssi=-54;uptime_s=571410;heap=195892;cal_tier=channel-cal;cal_src=wet_rederive_1236_20260719;pressure_context_source=weather_openmeteo;transport=wifi_poll,
plants.soil,2026-07-28T04:55:47.181Z,2026-07-27 23:55:47.181,21643,6762df,y9d41p,0.7.3,fleet_logger_0_1,571410041,UMLIFE_v2_TLC555,ch2,origplant,soil_moisture,1328,,,OK,,,982.7,,name=classic;level=overwatered;role=disp;spread=27;gpio=34;device_seq=76186;time_source=device_synced;device_timestamp_utc=2026-07-28T04:55:18.651Z;config_id=257fa022;rssi=-54;uptime_s=571410;heap=195892;cal_tier=channel-cal;cal_src=wet_rederive_1236_20260719;pressure_context_source=weather_openmeteo;transport=wifi_poll,
plants.soil,2026-07-28T04:55:47.181Z,2026-07-27 23:55:47.181,21644,6762df,y9d41p,0.7.3,fleet_logger_0_1,571410041,UMLIFE_v2_TLC555,ch3,origplant,soil_moisture,1405,,,OK,,,982.7,,name=classic;level=well watered;role=disp;spread=22;gpio=35;device_seq=76187;time_source=device_synced;device_timestamp_utc=2026-07-28T04:55:18.651Z;config_id=257fa022;rssi=-54;uptime_s=571410;heap=195892;cal_tier=channel-cal;cal_src=wet_rederive_1236_20260719;pressure_context_source=weather_openmeteo;transport=wifi_poll,
plants.env,2026-07-28T04:55:47.181Z,2026-07-27 23:55:47.181,21645,6762df,y9d41p,0.7.3,fleet_logger_0_1,571410797,ESP32,esp32_die,on_chip,die_temp,,52.22,degC,OK,,,,,name=classic;source=esp32_die;cal=uncalibrated_board_proxy;api=temperatureRead;config_id=257fa022;transport=wifi_poll,
plants.soil,2026-07-28T04:56:18.442Z,2026-07-27 23:56:18.442,21646,6762df,y9d41p,0.7.3,fleet_logger_0_1,571470041,UMLIFE_v2_TLC555,ch0,origplant,soil_moisture,1563,,,OK,,,982.7,,name=classic;level=well watered;role=disp;spread=33;gpio=36;device_seq=76192;time_source=device_synced;device_timestamp_utc=2026-07-28T04:56:18.651Z;config_id=257fa022;rssi=-54;uptime_s=571470;heap=195752;cal_tier=channel-cal;cal_src=wet_rederive_1236_20260719;pressure_context_source=weather_openmeteo;transport=wifi_poll,
plants.soil,2026-07-28T04:56:18.442Z,2026-07-27 23:56:18.442,21647,6762df,y9d41p,0.7.3,fleet_logger_0_1,571470041,UMLIFE_v2_TLC555,ch1,origplant,soil_moisture,1652,,,OK,,,982.7,,name=classic;level=OK;role=disp;spread=23;gpio=39;device_seq=76193;time_source=device_synced;device_timestamp_utc=2026-07-28T04:56:18.651Z;config_id=257fa022;rssi=-54;uptime_s=571470;heap=195752;cal_tier=channel-cal;cal_src=wet_rederive_1236_20260719;pressure_context_source=weather_openmeteo;transport=wifi_poll,
plants.soil,2026-07-28T04:56:18.442Z,2026-07-27 23:56:18.442,21648,6762df,y9d41p,0.7.3,fleet_logger_0_1,571470041,UMLIFE_v2_TLC555,ch2,origplant,soil_moisture,1325,,,OK,,,982.7,,name=classic;level=overwatered;role=disp;spread=25;gpio=34;device_seq=76194;time_source=device_synced;device_timestamp_utc=2026-07-28T04:56:18.651Z;config_id=257fa022;rssi=-54;uptime_s=571470;heap=195752;cal_tier=channel-cal;cal_src=wet_rederive_1236_20260719;pressure_context_source=weather_openmeteo;transport=wifi_poll,
plants.soil,2026-07-28T04:56:18.442Z,2026-07-27 23:56:18.442,21649,6762df,y9d41p,0.7.3,fleet_logger_0_1,571470041,UMLIFE_v2_TLC555,ch3,origplant,soil_moisture,1404,,,OK,,,982.7,,name=classic;level=well watered;role=disp;spread=29;gpio=35;device_seq=76195;time_source=device_synced;device_timestamp_utc=2026-07-28T04:56:18.651Z;config_id=257fa022;rssi=-54;uptime_s=571470;heap=195752;cal_tier=channel-cal;cal_src=wet_rederive_1236_20260719;pressure_context_source=weather_openmeteo;transport=wifi_poll,
plants.env,2026-07-28T04:56:18.442Z,2026-07-27 23:56:18.442,21650,6762df,y9d41p,0.7.3,fleet_logger_0_1,571470796,ESP32,esp32_die,on_chip,die_temp,,52.78,degC,OK,,,,,name=classic;source=esp32_die;cal=uncalibrated_board_proxy;api=temperatureRead;config_id=257fa022;transport=wifi_poll,
plants.soil,2026-07-28T04:56:49.378Z,2026-07-27 23:56:49.378,21651,6762df,y9d41p,0.7.3,fleet_logger_0_1,571500041,UMLIFE_v2_TLC555,ch0,origplant,soil_moisture,1566,,,OK,,,982.7,,name=classic;level=well watered;role=disp;spread=32;gpio=36;device_seq=76196;time_source=device_synced;device_timestamp_utc=2026-07-28T04:56:48.651Z;config_id=257fa022;rssi=-54;uptime_s=571500;heap=195904;cal_tier=channel-cal;cal_src=wet_rederive_1236_20260719;pressure_context_source=weather_openmeteo;transport=wifi_poll,
plants.soil,2026-07-28T04:56:49.378Z,2026-07-27 23:56:49.378,21652,6762df,y9d41p,0.7.3,fleet_logger_0_1,571500041,UMLIFE_v2_TLC555,ch1,origplant,soil_moisture,1657,,,OK,,,982.7,,name=classic;level=OK;role=disp;spread=17;gpio=39;device_seq=76197;time_source=device_synced;device_timestamp_utc=2026-07-28T04:56:48.651Z;config_id=257fa022;rssi=-54;uptime_s=571500;heap=195904;cal_tier=channel-cal;cal_src=wet_rederive_1236_20260719;pressure_context_source=weather_openmeteo;transport=wifi_poll,
plants.soil,2026-07-28T04:56:49.378Z,2026-07-27 23:56:49.378,21653,6762df,y9d41p,0.7.3,fleet_logger_0_1,571500041,UMLIFE_v2_TLC555,ch2,origplant,soil_moisture,1339,,,OK,,,982.7,,name=classic;level=overwatered;role=disp;spread=15;gpio=34;device_seq=76198;time_source=device_synced;device_timestamp_utc=2026-07-28T04:56:48.651Z;config_id=257fa022;rssi=-54;uptime_s=571500;heap=195904;cal_tier=channel-cal;cal_src=wet_rederive_1236_20260719;pressure_context_source=weather_openmeteo;transport=wifi_poll,
plants.soil,2026-07-28T04:56:49.378Z,2026-07-27 23:56:49.378,21654,6762df,y9d41p,0.7.3,fleet_logger_0_1,571500041,UMLIFE_v2_TLC555,ch3,origplant,soil_moisture,1409,,,OK,,,982.7,,name=classic;level=well watered;role=disp;spread=21;gpio=35;device_seq=76199;time_source=device_synced;device_timestamp_utc=2026-07-28T04:56:48.651Z;config_id=257fa022;rssi=-54;uptime_s=571500;heap=195904;cal_tier=channel-cal;cal_src=wet_rederive_1236_20260719;pressure_context_source=weather_openmeteo;transport=wifi_poll,
plants.env,2026-07-28T04:56:49.378Z,2026-07-27 23:56:49.378,21655,6762df,y9d41p,0.7.3,fleet_logger_0_1,571500797,ESP32,esp32_die,on_chip,die_temp,,52.78,degC,OK,,,,,name=classic;source=esp32_die;cal=uncalibrated_board_proxy;api=temperatureRead;config_id=257fa022;transport=wifi_poll,
plants.soil,2026-07-28T04:57:20.294Z,2026-07-27 23:57:20.294,21656,6762df,y9d41p,0.7.3,fleet_logger_0_1,571530041,UMLIFE_v2_TLC555,ch0,origplant,soil_moisture,1544,,,OK,,,982.7,,name=classic;level=well watered;role=disp;spread=22;gpio=36;device_seq=76200;time_source=device_synced;device_timestamp_utc=2026-07-28T04:57:18.651Z;config_id=257fa022;rssi=-53;uptime_s=571530;heap=196156;cal_tier=channel-cal;cal_src=wet_rederive_1236_20260719;pressure_context_source=weather_openmeteo;transport=wifi_poll,
plants.soil,2026-07-28T04:57:20.294Z,2026-07-27 23:57:20.294,21657,6762df,y9d41p,0.7.3,fleet_logger_0_1,571530041,UMLIFE_v2_TLC555,ch1,origplant,soil_moisture,1648,,,OK,,,982.7,,name=classic;level=OK;role=disp;spread=26;gpio=39;device_seq=76201;time_source=device_synced;device_timestamp_utc=2026-07-28T04:57:18.651Z;config_id=257fa022;rssi=-53;uptime_s=571530;heap=196156;cal_tier=channel-cal;cal_src=wet_rederive_1236_20260719;pressure_context_source=weather_openmeteo;transport=wifi_poll,
plants.soil,2026-07-28T04:57:20.294Z,2026-07-27 23:57:20.294,21658,6762df,y9d41p,0.7.3,fleet_logger_0_1,571530041,UMLIFE_v2_TLC555,ch2,origplant,soil_moisture,1337,,,OK,,,982.7,,name=classic;level=overwatered;role=disp;spread=26;gpio=34;device_seq=76202;time_source=device_synced;device_timestamp_utc=2026-07-28T04:57:18.651Z;config_id=257fa022;rssi=-53;uptime_s=571530;heap=196156;cal_tier=channel-cal;cal_src=wet_rederive_1236_20260719;pressure_context_source=weather_openmeteo;transport=wifi_poll,
plants.soil,2026-07-28T04:57:20.294Z,2026-07-27 23:57:20.294,21659,6762df,y9d41p,0.7.3,fleet_logger_0_1,571530041,UMLIFE_v2_TLC555,ch3,origplant,soil_moisture,1416,,,OK,,,982.7,,name=classic;level=well watered;role=disp;spread=25;gpio=35;device_seq=76203;time_source=device_synced;device_timestamp_utc=2026-07-28T04:57:18.651Z;config_id=257fa022;rssi=-53;uptime_s=571530;heap=196156;cal_tier=channel-cal;cal_src=wet_rederive_1236_20260719;pressure_context_source=weather_openmeteo;transport=wifi_poll,
plants.env,2026-07-28T04:57:20.294Z,2026-07-27 23:57:20.294,21660,6762df,y9d41p,0.7.3,fleet_logger_0_1,571530797,ESP32,esp32_die,on_chip,die_temp,,52.78,degC,OK,,,,,name=classic;source=esp32_die;cal=uncalibrated_board_proxy;api=temperatureRead;config_id=257fa022;transport=wifi_poll,
plants.soil,2026-07-28T04:57:50.456Z,2026-07-27 23:57:50.456,21661,6762df,y9d41p,0.7.3,fleet_logger_0_1,571560041,UMLIFE_v2_TLC555,ch0,origplant,soil_moisture,1577,,,OK,,,982.7,,name=classic;level=well watered;role=disp;spread=35;gpio=36;device_seq=76204;time_source=device_synced;device_timestamp_utc=2026-07-28T04:57:48.651Z;config_id=257fa022;rssi=-54;uptime_s=571560;heap=196156;cal_tier=channel-cal;cal_src=wet_rederive_1236_20260719;pressure_context_source=weather_openmeteo;transport=wifi_poll,
plants.soil,2026-07-28T04:57:50.456Z,2026-07-27 23:57:50.456,21662,6762df,y9d41p,0.7.3,fleet_logger_0_1,571560041,UMLIFE_v2_TLC555,ch1,origplant,soil_moisture,1669,,,OK,,,982.7,,name=classic;level=OK;role=disp;spread=17;gpio=39;device_seq=76205;time_source=device_synced;device_timestamp_utc=2026-07-28T04:57:48.651Z;config_id=257fa022;rssi=-54;uptime_s=571560;heap=196156;cal_tier=channel-cal;cal_src=wet_rederive_1236_20260719;pressure_context_source=weather_openmeteo;transport=wifi_poll,
plants.soil,2026-07-28T04:57:50.456Z,2026-07-27 23:57:50.456,21663,6762df,y9d41p,0.7.3,fleet_logger_0_1,571560041,UMLIFE_v2_TLC555,ch2,origplant,soil_moisture,1346,,,OK,,,982.7,,name=classic;level=overwatered;role=disp;spread=41;gpio=34;device_seq=76206;time_source=device_synced;device_timestamp_utc=2026-07-28T04:57:48.651Z;config_id=257fa022;rssi=-54;uptime_s=571560;heap=196156;cal_tier=channel-cal;cal_src=wet_rederive_1236_20260719;pressure_context_source=weather_openmeteo;transport=wifi_poll,
plants.soil,2026-07-28T04:57:50.456Z,2026-07-27 23:57:50.456,21664,6762df,y9d41p,0.7.3,fleet_logger_0_1,571560041,UMLIFE_v2_TLC555,ch3,origplant,soil_moisture,1421,,,OK,,,982.7,,name=classic;level=well watered;role=disp;spread=12;gpio=35;device_seq=76207;time_source=device_synced;device_timestamp_utc=2026-07-28T04:57:48.651Z;config_id=257fa022;rssi=-54;uptime_s=571560;heap=196156;cal_tier=channel-cal;cal_src=wet_rederive_1236_20260719;pressure_context_source=weather_openmeteo;transport=wifi_poll,
plants.env,2026-07-28T04:57:50.456Z,2026-07-27 23:57:50.456,21665,6762df,y9d41p,0.7.3,fleet_logger_0_1,571560797,ESP32,esp32_die,on_chip,die_temp,,52.78,degC,OK,,,,,name=classic;source=esp32_die;cal=uncalibrated_board_proxy;api=temperatureRead;config_id=257fa022;transport=wifi_poll,
plants.soil,2026-07-28T04:58:20.869Z,2026-07-27 23:58:20.869,21666,6762df,y9d41p,0.7.3,fleet_logger_0_1,571590041,UMLIFE_v2_TLC555,ch0,origplant,soil_moisture,1573,,,OK,,,982.7,,name=classic;level=well watered;role=disp;spread=18;gpio=36;device_seq=76208;time_source=device_synced;device_timestamp_utc=2026-07-28T04:58:18.651Z;config_id=257fa022;rssi=-53;uptime_s=571590;heap=195904;cal_tier=channel-cal;cal_src=wet_rederive_1236_20260719;pressure_context_source=weather_openmeteo;transport=wifi_poll,
plants.soil,2026-07-28T04:58:20.869Z,2026-07-27 23:58:20.869,21667,6762df,y9d41p,0.7.3,fleet_logger_0_1,571590041,UMLIFE_v2_TLC555,ch1,origplant,soil_moisture,1677,,,OK,,,982.7,,name=classic;level=OK;role=disp;spread=42;gpio=39;device_seq=76209;time_source=device_synced;device_timestamp_utc=2026-07-28T04:58:18.651Z;config_id=257fa022;rssi=-53;uptime_s=571590;heap=195904;cal_tier=channel-cal;cal_src=wet_rederive_1236_20260719;pressure_context_source=weather_openmeteo;transport=wifi_poll,
plants.soil,2026-07-28T04:58:20.869Z,2026-07-27 23:58:20.869,21668,6762df,y9d41p,0.7.3,fleet_logger_0_1,571590041,UMLIFE_v2_TLC555,ch2,origplant,soil_moisture,1348,,,OK,,,982.7,,name=classic;level=overwatered;role=disp;spread=29;gpio=34;device_seq=76210;time_source=device_synced;device_timestamp_utc=2026-07-28T04:58:18.651Z;config_id=257fa022;rssi=-53;uptime_s=571590;heap=195904;cal_tier=channel-cal;cal_src=wet_rederive_1236_20260719;pressure_context_source=weather_openmeteo;transport=wifi_poll,
plants.soil,2026-07-28T04:58:20.869Z,2026-07-27 23:58:20.869,21669,6762df,y9d41p,0.7.3,fleet_logger_0_1,571590041,UMLIFE_v2_TLC555,ch3,origplant,soil_moisture,1419,,,OK,,,982.7,,name=classic;level=well watered;role=disp;spread=14;gpio=35;device_seq=76211;time_source=device_synced;device_timestamp_utc=2026-07-28T04:58:18.651Z;config_id=257fa022;rssi=-53;uptime_s=571590;heap=195904;cal_tier=channel-cal;cal_src=wet_rederive_1236_20260719;pressure_context_source=weather_openmeteo;transport=wifi_poll,
plants.env,2026-07-28T04:58:20.869Z,2026-07-27 23:58:20.869,21670,6762df,y9d41p,0.7.3,fleet_logger_0_1,571590797,ESP32,esp32_die,on_chip,die_temp,,52.22,degC,OK,,,,,name=classic;source=esp32_die;cal=uncalibrated_board_proxy;api=temperatureRead;config_id=257fa022;transport=wifi_poll,
plants.soil,2026-07-28T04:58:51.259Z,2026-07-27 23:58:51.259,21671,6762df,y9d41p,0.7.3,fleet_logger_0_1,571620041,UMLIFE_v2_TLC555,ch0,origplant,soil_moisture,1573,,,OK,,,982.7,,name=classic;level=well watered;role=disp;spread=16;gpio=36;device_seq=76212;time_source=device_synced;device_timestamp_utc=2026-07-28T04:58:48.651Z;config_id=257fa022;rssi=-54;uptime_s=571620;heap=195900;cal_tier=channel-cal;cal_src=wet_rederive_1236_20260719;pressure_context_source=weather_openmeteo;transport=wifi_poll,
plants.soil,2026-07-28T04:58:51.259Z,2026-07-27 23:58:51.259,21672,6762df,y9d41p,0.7.3,fleet_logger_0_1,571620041,UMLIFE_v2_TLC555,ch1,origplant,soil_moisture,1678,,,OK,,,982.7,,name=classic;level=OK;role=disp;spread=40;gpio=39;device_seq=76213;time_source=device_synced;device_timestamp_utc=2026-07-28T04:58:48.651Z;config_id=257fa022;rssi=-54;uptime_s=571620;heap=195900;cal_tier=channel-cal;cal_src=wet_rederive_1236_20260719;pressure_context_source=weather_openmeteo;transport=wifi_poll,
plants.soil,2026-07-28T04:58:51.259Z,2026-07-27 23:58:51.259,21673,6762df,y9d41p,0.7.3,fleet_logger_0_1,571620041,UMLIFE_v2_TLC555,ch2,origplant,soil_moisture,1354,,,OK,,,982.7,,name=classic;level=overwatered;role=disp;spread=41;gpio=34;device_seq=76214;time_source=device_synced;device_timestamp_utc=2026-07-28T04:58:48.651Z;config_id=257fa022;rssi=-54;uptime_s=571620;heap=195900;cal_tier=channel-cal;cal_src=wet_rederive_1236_20260719;pressure_context_source=weather_openmeteo;transport=wifi_poll,
plants.soil,2026-07-28T04:58:51.259Z,2026-07-27 23:58:51.259,21674,6762df,y9d41p,0.7.3,fleet_logger_0_1,571620041,UMLIFE_v2_TLC555,ch3,origplant,soil_moisture,1420,,,OK,,,982.7,,name=classic;level=well watered;role=disp;spread=39;gpio=35;device_seq=76215;time_source=device_synced;device_timestamp_utc=2026-07-28T04:58:48.651Z;config_id=257fa022;rssi=-54;uptime_s=571620;heap=195900;cal_tier=channel-cal;cal_src=wet_rederive_1236_20260719;pressure_context_source=weather_openmeteo;transport=wifi_poll,
plants.env,2026-07-28T04:58:51.259Z,2026-07-27 23:58:51.259,21675,6762df,y9d41p,0.7.3,fleet_logger_0_1,571620797,ESP32,esp32_die,on_chip,die_temp,,52.78,degC,OK,,,,,name=classic;source=esp32_die;cal=uncalibrated_board_proxy;api=temperatureRead;config_id=257fa022;transport=wifi_poll,
plants.soil,2026-07-28T04:59:21.593Z,2026-07-27 23:59:21.593,21676,6762df,y9d41p,0.7.3,fleet_logger_0_1,571650041,UMLIFE_v2_TLC555,ch0,origplant,soil_moisture,1571,,,OK,,,982.7,,name=classic;level=well watered;role=disp;spread=20;gpio=36;device_seq=76216;time_source=device_synced;device_timestamp_utc=2026-07-28T04:59:18.651Z;config_id=257fa022;rssi=-53;uptime_s=571650;heap=195600;cal_tier=channel-cal;cal_src=wet_rederive_1236_20260719;pressure_context_source=weather_openmeteo;transport=wifi_poll,
plants.soil,2026-07-28T04:59:21.593Z,2026-07-27 23:59:21.593,21677,6762df,y9d41p,0.7.3,fleet_logger_0_1,571650041,UMLIFE_v2_TLC555,ch1,origplant,soil_moisture,1674,,,OK,,,982.7,,name=classic;level=OK;role=disp;spread=41;gpio=39;device_seq=76217;time_source=device_synced;device_timestamp_utc=2026-07-28T04:59:18.651Z;config_id=257fa022;rssi=-53;uptime_s=571650;heap=195600;cal_tier=channel-cal;cal_src=wet_rederive_1236_20260719;pressure_context_source=weather_openmeteo;transport=wifi_poll,
plants.soil,2026-07-28T04:59:21.593Z,2026-07-27 23:59:21.593,21678,6762df,y9d41p,0.7.3,fleet_logger_0_1,571650041,UMLIFE_v2_TLC555,ch2,origplant,soil_moisture,1364,,,OK,,,982.7,,name=classic;level=overwatered;role=disp;spread=34;gpio=34;device_seq=76218;time_source=device_synced;device_timestamp_utc=2026-07-28T04:59:18.651Z;config_id=257fa022;rssi=-53;uptime_s=571650;heap=195600;cal_tier=channel-cal;cal_src=wet_rederive_1236_20260719;pressure_context_source=weather_openmeteo;transport=wifi_poll,
plants.soil,2026-07-28T04:59:21.593Z,2026-07-27 23:59:21.593,21679,6762df,y9d41p,0.7.3,fleet_logger_0_1,571650041,UMLIFE_v2_TLC555,ch3,origplant,soil_moisture,1429,,,OK,,,982.7,,name=classic;level=well watered;role=disp;spread=24;gpio=35;device_seq=76219;time_source=device_synced;device_timestamp_utc=2026-07-28T04:59:18.651Z;config_id=257fa022;rssi=-53;uptime_s=571650;heap=195600;cal_tier=channel-cal;cal_src=wet_rederive_1236_20260719;pressure_context_source=weather_openmeteo;transport=wifi_poll,
plants.env,2026-07-28T04:59:21.593Z,2026-07-27 23:59:21.593,21680,6762df,y9d41p,0.7.3,fleet_logger_0_1,571650797,ESP32,esp32_die,on_chip,die_temp,,52.22,degC,OK,,,,,name=classic;source=esp32_die;cal=uncalibrated_board_proxy;api=temperatureRead;config_id=257fa022;transport=wifi_poll,
plants.soil,2026-07-28T04:59:51.992Z,2026-07-27 23:59:51.992,21681,6762df,y9d41p,0.7.3,fleet_logger_0_1,571680041,UMLIFE_v2_TLC555,ch0,origplant,soil_moisture,1573,,,OK,,,982.7,,name=classic;level=well watered;role=disp;spread=29;gpio=36;device_seq=76220;time_source=device_synced;device_timestamp_utc=2026-07-28T04:59:48.651Z;config_id=257fa022;rssi=-54;uptime_s=571680;heap=195632;cal_tier=channel-cal;cal_src=wet_rederive_1236_20260719;pressure_context_source=weather_openmeteo;transport=wifi_poll,
plants.soil,2026-07-28T04:59:51.992Z,2026-07-27 23:59:51.992,21682,6762df,y9d41p,0.7.3,fleet_logger_0_1,571680041,UMLIFE_v2_TLC555,ch1,origplant,soil_moisture,1673,,,OK,,,982.7,,name=classic;level=OK;role=disp;spread=40;gpio=39;device_seq=76221;time_source=device_synced;device_timestamp_utc=2026-07-28T04:59:48.651Z;config_id=257fa022;rssi=-54;uptime_s=571680;heap=195632;cal_tier=channel-cal;cal_src=wet_rederive_1236_20260719;pressure_context_source=weather_openmeteo;transport=wifi_poll,
plants.soil,2026-07-28T04:59:51.992Z,2026-07-27 23:59:51.992,21683,6762df,y9d41p,0.7.3,fleet_logger_0_1,571680041,UMLIFE_v2_TLC555,ch2,origplant,soil_moisture,1366,,,OK,,,982.7,,name=classic;level=overwatered;role=disp;spread=43;gpio=34;device_seq=76222;time_source=device_synced;device_timestamp_utc=2026-07-28T04:59:48.651Z;config_id=257fa022;rssi=-54;uptime_s=571680;heap=195632;cal_tier=channel-cal;cal_src=wet_rederive_1236_20260719;pressure_context_source=weather_openmeteo;transport=wifi_poll,
plants.soil,2026-07-28T04:59:51.992Z,2026-07-27 23:59:51.992,21684,6762df,y9d41p,0.7.3,fleet_logger_0_1,571680041,UMLIFE_v2_TLC555,ch3,origplant,soil_moisture,1439,,,OK,,,982.7,,name=classic;level=well watered;role=disp;spread=19;gpio=35;device_seq=76223;time_source=device_synced;device_timestamp_utc=2026-07-28T04:59:48.651Z;config_id=257fa022;rssi=-54;uptime_s=571680;heap=195632;cal_tier=channel-cal;cal_src=wet_rederive_1236_20260719;pressure_context_source=weather_openmeteo;transport=wifi_poll,
plants.env,2026-07-28T04:59:51.992Z,2026-07-27 23:59:51.992,21685,6762df,y9d41p,0.7.3,fleet_logger_0_1,571680797,ESP32,esp32_die,on_chip,die_temp,,51.11,degC,OK,,,,,name=classic;source=esp32_die;cal=uncalibrated_board_proxy;api=temperatureRead;config_id=257fa022;transport=wifi_poll,
plants.soil,2026-07-28T05:00:22.668Z,2026-07-28 00:00:22.668,21686,6762df,y9d41p,0.7.3,fleet_logger_0_1,571710041,UMLIFE_v2_TLC555,ch0,origplant,soil_moisture,1571,,,OK,,,982.7,,name=classic;level=well watered;role=disp;spread=15;gpio=36;device_seq=76224;time_source=device_synced;device_timestamp_utc=2026-07-28T05:00:18.651Z;config_id=257fa022;rssi=-53;uptime_s=571710;heap=195892;cal_tier=channel-cal;cal_src=wet_rederive_1236_20260719;pressure_context_source=weather_openmeteo;transport=wifi_poll,
plants.soil,2026-07-28T05:00:22.668Z,2026-07-28 00:00:22.668,21687,6762df,y9d41p,0.7.3,fleet_logger_0_1,571710041,UMLIFE_v2_TLC555,ch1,origplant,soil_moisture,1672,,,OK,,,982.7,,name=classic;level=OK;role=disp;spread=25;gpio=39;device_seq=76225;time_source=device_synced;device_timestamp_utc=2026-07-28T05:00:18.651Z;config_id=257fa022;rssi=-53;uptime_s=571710;heap=195892;cal_tier=channel-cal;cal_src=wet_rederive_1236_20260719;pressure_context_source=weather_openmeteo;transport=wifi_poll,
plants.soil,2026-07-28T05:00:22.668Z,2026-07-28 00:00:22.668,21688,6762df,y9d41p,0.7.3,fleet_logger_0_1,571710041,UMLIFE_v2_TLC555,ch2,origplant,soil_moisture,1363,,,OK,,,982.7,,name=classic;level=overwatered;role=disp;spread=30;gpio=34;device_seq=76226;time_source=device_synced;device_timestamp_utc=2026-07-28T05:00:18.651Z;config_id=257fa022;rssi=-53;uptime_s=571710;heap=195892;cal_tier=channel-cal;cal_src=wet_rederive_1236_20260719;pressure_context_source=weather_openmeteo;transport=wifi_poll,
plants.soil,2026-07-28T05:00:22.668Z,2026-07-28 00:00:22.668,21689,6762df,y9d41p,0.7.3,fleet_logger_0_1,571710041,UMLIFE_v2_TLC555,ch3,origplant,soil_moisture,1445,,,OK,,,982.7,,name=classic;level=well watered;role=disp;spread=30;gpio=35;device_seq=76227;time_source=device_synced;device_timestamp_utc=2026-07-28T05:00:18.651Z;config_id=257fa022;rssi=-53;uptime_s=571710;heap=195892;cal_tier=channel-cal;cal_src=wet_rederive_1236_20260719;pressure_context_source=weather_openmeteo;transport=wifi_poll,
plants.env,2026-07-28T05:00:22.668Z,2026-07-28 00:00:22.668,21690,6762df,y9d41p,0.7.3,fleet_logger_0_1,571710797,ESP32,esp32_die,on_chip,die_temp,,51.67,degC,OK,,,,,name=classic;source=esp32_die;cal=uncalibrated_board_proxy;api=temperatureRead;config_id=257fa022;transport=wifi_poll,
plants.soil,2026-07-28T05:00:53.023Z,2026-07-28 00:00:53.023,21691,6762df,y9d41p,0.7.3,fleet_logger_0_1,571740041,UMLIFE_v2_TLC555,ch0,origplant,soil_moisture,1574,,,OK,,,982.7,,name=classic;level=well watered;role=disp;spread=30;gpio=36;device_seq=76228;time_source=device_synced;device_timestamp_utc=2026-07-28T05:00:48.651Z;config_id=257fa022;rssi=-53;uptime_s=571740;heap=195904;cal_tier=channel-cal;cal_src=wet_rederive_1236_20260719;pressure_context_source=weather_openmeteo;transport=wifi_poll,
plants.soil,2026-07-28T05:00:53.023Z,2026-07-28 00:00:53.023,21692,6762df,y9d41p,0.7.3,fleet_logger_0_1,571740041,UMLIFE_v2_TLC555,ch1,origplant,soil_moisture,1677,,,OK,,,982.7,,name=classic;level=OK;role=disp;spread=57;gpio=39;device_seq=76229;time_source=device_synced;device_timestamp_utc=2026-07-28T05:00:48.651Z;config_id=257fa022;rssi=-53;uptime_s=571740;heap=195904;cal_tier=channel-cal;cal_src=wet_rederive_1236_20260719;pressure_context_source=weather_openmeteo;transport=wifi_poll,
plants.soil,2026-07-28T05:00:53.023Z,2026-07-28 00:00:53.023,21693,6762df,y9d41p,0.7.3,fleet_logger_0_1,571740041,UMLIFE_v2_TLC555,ch2,origplant,soil_moisture,1358,,,OK,,,982.7,,name=classic;level=overwatered;role=disp;spread=33;gpio=34;device_seq=76230;time_source=device_synced;device_timestamp_utc=2026-07-28T05:00:48.651Z;config_id=257fa022;rssi=-53;uptime_s=571740;heap=195904;cal_tier=channel-cal;cal_src=wet_rederive_1236_20260719;pressure_context_source=weather_openmeteo;transport=wifi_poll,
plants.soil,2026-07-28T05:00:53.023Z,2026-07-28 00:00:53.023,21694,6762df,y9d41p,0.7.3,fleet_logger_0_1,571740041,UMLIFE_v2_TLC555,ch3,origplant,soil_moisture,1443,,,OK,,,982.7,,name=classic;level=well watered;role=disp;spread=26;gpio=35;device_seq=76231;time_source=device_synced;device_timestamp_utc=2026-07-28T05:00:48.651Z;config_id=257fa022;rssi=-53;uptime_s=571740;heap=195904;cal_tier=channel-cal;cal_src=wet_rederive_1236_20260719;pressure_context_source=weather_openmeteo;transport=wifi_poll,
plants.env,2026-07-28T05:00:53.023Z,2026-07-28 00:00:53.023,21695,6762df,y9d41p,0.7.3,fleet_logger_0_1,571740797,ESP32,esp32_die,on_chip,die_temp,,51.67,degC,OK,,,,,name=classic;source=esp32_die;cal=uncalibrated_board_proxy;api=temperatureRead;config_id=257fa022;transport=wifi_poll,
plants.soil,2026-07-28T05:01:23.857Z,2026-07-28 00:01:23.857,21696,6762df,y9d41p,0.7.3,fleet_logger_0_1,571770041,UMLIFE_v2_TLC555,ch0,origplant,soil_moisture,1569,,,OK,,,982.7,,name=classic;level=well watered;role=disp;spread=25;gpio=36;device_seq=76232;time_source=device_synced;device_timestamp_utc=2026-07-28T05:01:18.651Z;config_id=257fa022;rssi=-53;uptime_s=571770;heap=195880;cal_tier=channel-cal;cal_src=wet_rederive_1236_20260719;pressure_context_source=weather_openmeteo;transport=wifi_poll,
plants.soil,2026-07-28T05:01:23.857Z,2026-07-28 00:01:23.857,21697,6762df,y9d41p,0.7.3,fleet_logger_0_1,571770041,UMLIFE_v2_TLC555,ch1,origplant,soil_moisture,1674,,,OK,,,982.7,,name=classic;level=OK;role=disp;spread=27;gpio=39;device_seq=76233;time_source=device_synced;device_timestamp_utc=2026-07-28T05:01:18.651Z;config_id=257fa022;rssi=-53;uptime_s=571770;heap=195880;cal_tier=channel-cal;cal_src=wet_rederive_1236_20260719;pressure_context_source=weather_openmeteo;transport=wifi_poll,
plants.soil,2026-07-28T05:01:23.857Z,2026-07-28 00:01:23.857,21698,6762df,y9d41p,0.7.3,fleet_logger_0_1,571770041,UMLIFE_v2_TLC555,ch2,origplant,soil_moisture,1362,,,OK,,,982.7,,name=classic;level=overwatered;role=disp;spread=47;gpio=34;device_seq=76234;time_source=device_synced;device_timestamp_utc=2026-07-28T05:01:18.651Z;config_id=257fa022;rssi=-53;uptime_s=571770;heap=195880;cal_tier=channel-cal;cal_src=wet_rederive_1236_20260719;pressure_context_source=weather_openmeteo;transport=wifi_poll,
plants.soil,2026-07-28T05:01:23.857Z,2026-07-28 00:01:23.857,21699,6762df,y9d41p,0.7.3,fleet_logger_0_1,571770041,UMLIFE_v2_TLC555,ch3,origplant,soil_moisture,1440,,,OK,,,982.7,,name=classic;level=well watered;role=disp;spread=21;gpio=35;device_seq=76235;time_source=device_synced;device_timestamp_utc=2026-07-28T05:01:18.651Z;config_id=257fa022;rssi=-53;uptime_s=571770;heap=195880;cal_tier=channel-cal;cal_src=wet_rederive_1236_20260719;pressure_context_source=weather_openmeteo;transport=wifi_poll,
plants.env,2026-07-28T05:01:23.857Z,2026-07-28 00:01:23.857,21700,6762df,y9d41p,0.7.3,fleet_logger_0_1,571770797,ESP32,esp32_die,on_chip,die_temp,,51.67,degC,OK,,,,,name=classic;source=esp32_die;cal=uncalibrated_board_proxy;api=temperatureRead;config_id=257fa022;transport=wifi_poll,
plants.soil,2026-07-28T05:01:54.182Z,2026-07-28 00:01:54.182,21701,6762df,y9d41p,0.7.3,fleet_logger_0_1,571800041,UMLIFE_v2_TLC555,ch0,origplant,soil_moisture,1575,,,OK,,,982.7,,name=classic;level=well watered;role=disp;spread=21;gpio=36;device_seq=76236;time_source=device_synced;device_timestamp_utc=2026-07-28T05:01:48.651Z;config_id=257fa022;rssi=-53;uptime_s=571800;heap=195892;cal_tier=channel-cal;cal_src=wet_rederive_1236_20260719;pressure_context_source=weather_openmeteo;transport=wifi_poll,
plants.soil,2026-07-28T05:01:54.182Z,2026-07-28 00:01:54.182,21702,6762df,y9d41p,0.7.3,fleet_logger_0_1,571800041,UMLIFE_v2_TLC555,ch1,origplant,soil_moisture,1674,,,OK,,,982.7,,name=classic;level=OK;role=disp;spread=32;gpio=39;device_seq=76237;time_source=device_synced;device_timestamp_utc=2026-07-28T05:01:48.651Z;config_id=257fa022;rssi=-53;uptime_s=571800;heap=195892;cal_tier=channel-cal;cal_src=wet_rederive_1236_20260719;pressure_context_source=weather_openmeteo;transport=wifi_poll,
plants.soil,2026-07-28T05:01:54.182Z,2026-07-28 00:01:54.182,21703,6762df,y9d41p,0.7.3,fleet_logger_0_1,571800041,UMLIFE_v2_TLC555,ch2,origplant,soil_moisture,1363,,,OK,,,982.7,,name=classic;level=overwatered;role=disp;spread=43;gpio=34;device_seq=76238;time_source=device_synced;device_timestamp_utc=2026-07-28T05:01:48.651Z;config_id=257fa022;rssi=-53;uptime_s=571800;heap=195892;cal_tier=channel-cal;cal_src=wet_rederive_1236_20260719;pressure_context_source=weather_openmeteo;transport=wifi_poll,
plants.soil,2026-07-28T05:01:54.182Z,2026-07-28 00:01:54.182,21704,6762df,y9d41p,0.7.3,fleet_logger_0_1,571800041,UMLIFE_v2_TLC555,ch3,origplant,soil_moisture,1440,,,OK,,,982.7,,name=classic;level=well watered;role=disp;spread=29;gpio=35;device_seq=76239;time_source=device_synced;device_timestamp_utc=2026-07-28T05:01:48.651Z;config_id=257fa022;rssi=-53;uptime_s=571800;heap=195892;cal_tier=channel-cal;cal_src=wet_rederive_1236_20260719;pressure_context_source=weather_openmeteo;transport=wifi_poll,
plants.env,2026-07-28T05:01:54.182Z,2026-07-28 00:01:54.182,21705,6762df,y9d41p,0.7.3,fleet_logger_0_1,571801863,ESP32,esp32_die,on_chip,die_temp,,52.22,degC,OK,,,,,name=classic;source=esp32_die;cal=uncalibrated_board_proxy;api=temperatureRead;config_id=257fa022;transport=wifi_poll,
plants.soil,2026-07-28T05:02:24.614Z,2026-07-28 00:02:24.614,21706,6762df,y9d41p,0.7.3,fleet_logger_0_1,571830041,UMLIFE_v2_TLC555,ch0,origplant,soil_moisture,1569,,,OK,,,982.7,,name=classic;level=well watered;role=disp;spread=34;gpio=36;device_seq=76240;time_source=device_synced;device_timestamp_utc=2026-07-28T05:02:18.651Z;config_id=257fa022;rssi=-53;uptime_s=571830;heap=195632;cal_tier=channel-cal;cal_src=wet_rederive_1236_20260719;pressure_context_source=weather_openmeteo;transport=wifi_poll,
plants.soil,2026-07-28T05:02:24.614Z,2026-07-28 00:02:24.614,21707,6762df,y9d41p,0.7.3,fleet_logger_0_1,571830041,UMLIFE_v2_TLC555,ch1,origplant,soil_moisture,1678,,,OK,,,982.7,,name=classic;level=OK;role=disp;spread=32;gpio=39;device_seq=76241;time_source=device_synced;device_timestamp_utc=2026-07-28T05:02:18.651Z;config_id=257fa022;rssi=-53;uptime_s=571830;heap=195632;cal_tier=channel-cal;cal_src=wet_rederive_1236_20260719;pressure_context_source=weather_openmeteo;transport=wifi_poll,
plants.soil,2026-07-28T05:02:24.614Z,2026-07-28 00:02:24.614,21708,6762df,y9d41p,0.7.3,fleet_logger_0_1,571830041,UMLIFE_v2_TLC555,ch2,origplant,soil_moisture,1361,,,OK,,,982.7,,name=classic;level=overwatered;role=disp;spread=36;gpio=34;device_seq=76242;time_source=device_synced;device_timestamp_utc=2026-07-28T05:02:18.651Z;config_id=257fa022;rssi=-53;uptime_s=571830;heap=195632;cal_tier=channel-cal;cal_src=wet_rederive_1236_20260719;pressure_context_source=weather_openmeteo;transport=wifi_poll,
plants.soil,2026-07-28T05:02:24.614Z,2026-07-28 00:02:24.614,21709,6762df,y9d41p,0.7.3,fleet_logger_0_1,571830041,UMLIFE_v2_TLC555,ch3,origplant,soil_moisture,1437,,,OK,,,982.7,,name=classic;level=well watered;role=disp;spread=28;gpio=35;device_seq=76243;time_source=device_synced;device_timestamp_utc=2026-07-28T05:02:18.651Z;config_id=257fa022;rssi=-53;uptime_s=571830;heap=195632;cal_tier=channel-cal;cal_src=wet_rederive_1236_20260719;pressure_context_source=weather_openmeteo;transport=wifi_poll,
plants.env,2026-07-28T05:02:24.614Z,2026-07-28 00:02:24.614,21710,6762df,y9d41p,0.7.3,fleet_logger_0_1,571830797,ESP32,esp32_die,on_chip,die_temp,,51.67,degC,OK,,,,,name=classic;source=esp32_die;cal=uncalibrated_board_proxy;api=temperatureRead;config_id=257fa022;transport=wifi_poll,
plants.soil,2026-07-28T05:02:54.903Z,2026-07-28 00:02:54.903,21711,6762df,y9d41p,0.7.3,fleet_logger_0_1,571860041,UMLIFE_v2_TLC555,ch0,origplant,soil_moisture,1571,,,OK,,,982.7,,name=classic;level=well watered;role=disp;spread=35;gpio=36;device_seq=76244;time_source=device_synced;device_timestamp_utc=2026-07-28T05:02:48.651Z;config_id=257fa022;rssi=-54;uptime_s=571860;heap=195624;cal_tier=channel-cal;cal_src=wet_rederive_1236_20260719;pressure_context_source=weather_openmeteo;transport=wifi_poll,
plants.soil,2026-07-28T05:02:54.903Z,2026-07-28 00:02:54.903,21712,6762df,y9d41p,0.7.3,fleet_logger_0_1,571860041,UMLIFE_v2_TLC555,ch1,origplant,soil_moisture,1677,,,OK,,,982.7,,name=classic;level=OK;role=disp;spread=36;gpio=39;device_seq=76245;time_source=device_synced;device_timestamp_utc=2026-07-28T05:02:48.651Z;config_id=257fa022;rssi=-54;uptime_s=571860;heap=195624;cal_tier=channel-cal;cal_src=wet_rederive_1236_20260719;pressure_context_source=weather_openmeteo;transport=wifi_poll,
plants.soil,2026-07-28T05:02:54.903Z,2026-07-28 00:02:54.903,21713,6762df,y9d41p,0.7.3,fleet_logger_0_1,571860041,UMLIFE_v2_TLC555,ch2,origplant,soil_moisture,1359,,,OK,,,982.7,,name=classic;level=overwatered;role=disp;spread=40;gpio=34;device_seq=76246;time_source=device_synced;device_timestamp_utc=2026-07-28T05:02:48.651Z;config_id=257fa022;rssi=-54;uptime_s=571860;heap=195624;cal_tier=channel-cal;cal_src=wet_rederive_1236_20260719;pressure_context_source=weather_openmeteo;transport=wifi_poll,
plants.soil,2026-07-28T05:02:54.903Z,2026-07-28 00:02:54.903,21714,6762df,y9d41p,0.7.3,fleet_logger_0_1,571860041,UMLIFE_v2_TLC555,ch3,origplant,soil_moisture,1436,,,OK,,,982.7,,name=classic;level=well watered;role=disp;spread=12;gpio=35;device_seq=76247;time_source=device_synced;device_timestamp_utc=2026-07-28T05:02:48.651Z;config_id=257fa022;rssi=-54;uptime_s=571860;heap=195624;cal_tier=channel-cal;cal_src=wet_rederive_1236_20260719;pressure_context_source=weather_openmeteo;transport=wifi_poll,
plants.env,2026-07-28T05:02:54.903Z,2026-07-28 00:02:54.903,21715,6762df,y9d41p,0.7.3,fleet_logger_0_1,571860797,ESP32,esp32_die,on_chip,die_temp,,51.11,degC,OK,,,,,name=classic;source=esp32_die;cal=uncalibrated_board_proxy;api=temperatureRead;config_id=257fa022;transport=wifi_poll,
plants.soil,2026-07-28T05:03:25.311Z,2026-07-28 00:03:25.311,21716,6762df,y9d41p,0.7.3,fleet_logger_0_1,571890041,UMLIFE_v2_TLC555,ch0,origplant,soil_moisture,1572,,,OK,,,982.7,,name=classic;level=well watered;role=disp;spread=5;gpio=36;device_seq=76248;time_source=device_synced;device_timestamp_utc=2026-07-28T05:03:18.651Z;config_id=257fa022;rssi=-53;uptime_s=571890;heap=195888;cal_tier=channel-cal;cal_src=wet_rederive_1236_20260719;pressure_context_source=weather_openmeteo;transport=wifi_poll,
plants.soil,2026-07-28T05:03:25.311Z,2026-07-28 00:03:25.311,21717,6762df,y9d41p,0.7.3,fleet_logger_0_1,571890041,UMLIFE_v2_TLC555,ch1,origplant,soil_moisture,1677,,,OK,,,982.7,,name=classic;level=OK;role=disp;spread=47;gpio=39;device_seq=76249;time_source=device_synced;device_timestamp_utc=2026-07-28T05:03:18.651Z;config_id=257fa022;rssi=-53;uptime_s=571890;heap=195888;cal_tier=channel-cal;cal_src=wet_rederive_1236_20260719;pressure_context_source=weather_openmeteo;transport=wifi_poll,
plants.soil,2026-07-28T05:03:25.311Z,2026-07-28 00:03:25.311,21718,6762df,y9d41p,0.7.3,fleet_logger_0_1,571890041,UMLIFE_v2_TLC555,ch2,origplant,soil_moisture,1361,,,OK,,,982.7,,name=classic;level=overwatered;role=disp;spread=19;gpio=34;device_seq=76250;time_source=device_synced;device_timestamp_utc=2026-07-28T05:03:18.651Z;config_id=257fa022;rssi=-53;uptime_s=571890;heap=195888;cal_tier=channel-cal;cal_src=wet_rederive_1236_20260719;pressure_context_source=weather_openmeteo;transport=wifi_poll,
plants.soil,2026-07-28T05:03:25.311Z,2026-07-28 00:03:25.311,21719,6762df,y9d41p,0.7.3,fleet_logger_0_1,571890041,UMLIFE_v2_TLC555,ch3,origplant,soil_moisture,1443,,,OK,,,982.7,,name=classic;level=well watered;role=disp;spread=28;gpio=35;device_seq=76251;time_source=device_synced;device_timestamp_utc=2026-07-28T05:03:18.651Z;config_id=257fa022;rssi=-53;uptime_s=571890;heap=195888;cal_tier=channel-cal;cal_src=wet_rederive_1236_20260719;pressure_context_source=weather_openmeteo;transport=wifi_poll,
plants.env,2026-07-28T05:03:25.311Z,2026-07-28 00:03:25.311,21720,6762df,y9d41p,0.7.3,fleet_logger_0_1,571890797,ESP32,esp32_die,on_chip,die_temp,,51.67,degC,OK,,,,,name=classic;source=esp32_die;cal=uncalibrated_board_proxy;api=temperatureRead;config_id=257fa022;transport=wifi_poll,
plants.soil,2026-07-28T05:03:55.814Z,2026-07-28 00:03:55.814,21721,6762df,y9d41p,0.7.3,fleet_logger_0_1,571920041,UMLIFE_v2_TLC555,ch0,origplant,soil_moisture,1573,,,OK,,,982.7,,name=classic;level=well watered;role=disp;spread=55;gpio=36;device_seq=76252;time_source=device_synced;device_timestamp_utc=2026-07-28T05:03:48.651Z;config_id=257fa022;rssi=-53;uptime_s=571920;heap=195892;cal_tier=channel-cal;cal_src=wet_rederive_1236_20260719;pressure_context_source=weather_openmeteo;transport=wifi_poll,
plants.soil,2026-07-28T05:03:55.814Z,2026-07-28 00:03:55.814,21722,6762df,y9d41p,0.7.3,fleet_logger_0_1,571920041,UMLIFE_v2_TLC555,ch1,origplant,soil_moisture,1674,,,OK,,,982.7,,name=classic;level=OK;role=disp;spread=18;gpio=39;device_seq=76253;time_source=device_synced;device_timestamp_utc=2026-07-28T05:03:48.651Z;config_id=257fa022;rssi=-53;uptime_s=571920;heap=195892;cal_tier=channel-cal;cal_src=wet_rederive_1236_20260719;pressure_context_source=weather_openmeteo;transport=wifi_poll,
plants.soil,2026-07-28T05:03:55.814Z,2026-07-28 00:03:55.814,21723,6762df,y9d41p,0.7.3,fleet_logger_0_1,571920041,UMLIFE_v2_TLC555,ch2,origplant,soil_moisture,1368,,,OK,,,982.7,,name=classic;level=overwatered;role=disp;spread=32;gpio=34;device_seq=76254;time_source=device_synced;device_timestamp_utc=2026-07-28T05:03:48.651Z;config_id=257fa022;rssi=-53;uptime_s=571920;heap=195892;cal_tier=channel-cal;cal_src=wet_rederive_1236_20260719;pressure_context_source=weather_openmeteo;transport=wifi_poll,
plants.soil,2026-07-28T05:03:55.814Z,2026-07-28 00:03:55.814,21724,6762df,y9d41p,0.7.3,fleet_logger_0_1,571920041,UMLIFE_v2_TLC555,ch3,origplant,soil_moisture,1447,,,OK,,,982.7,,name=classic;level=well watered;role=disp;spread=30;gpio=35;device_seq=76255;time_source=device_synced;device_timestamp_utc=2026-07-28T05:03:48.651Z;config_id=257fa022;rssi=-53;uptime_s=571920;heap=195892;cal_tier=channel-cal;cal_src=wet_rederive_1236_20260719;pressure_context_source=weather_openmeteo;transport=wifi_poll,
plants.env,2026-07-28T05:03:55.814Z,2026-07-28 00:03:55.814,21725,6762df,y9d41p,0.7.3,fleet_logger_0_1,571920797,ESP32,esp32_die,on_chip,die_temp,,51.67,degC,OK,,,,,name=classic;source=esp32_die;cal=uncalibrated_board_proxy;api=temperatureRead;config_id=257fa022;transport=wifi_poll,
plants.soil,2026-07-28T05:04:26.340Z,2026-07-28 00:04:26.340,21726,6762df,y9d41p,0.7.3,fleet_logger_0_1,571950041,UMLIFE_v2_TLC555,ch0,origplant,soil_moisture,1571,,,OK,,,982.7,,name=classic;level=well watered;role=disp;spread=22;gpio=36;device_seq=76256;time_source=device_synced;device_timestamp_utc=2026-07-28T05:04:18.651Z;config_id=257fa022;rssi=-71;uptime_s=571950;heap=195904;cal_tier=channel-cal;cal_src=wet_rederive_1236_20260719;pressure_context_source=weather_openmeteo;transport=wifi_poll,
plants.soil,2026-07-28T05:04:26.340Z,2026-07-28 00:04:26.340,21727,6762df,y9d41p,0.7.3,fleet_logger_0_1,571950041,UMLIFE_v2_TLC555,ch1,origplant,soil_moisture,1676,,,OK,,,982.7,,name=classic;level=OK;role=disp;spread=52;gpio=39;device_seq=76257;time_source=device_synced;device_timestamp_utc=2026-07-28T05:04:18.651Z;config_id=257fa022;rssi=-71;uptime_s=571950;heap=195904;cal_tier=channel-cal;cal_src=wet_rederive_1236_20260719;pressure_context_source=weather_openmeteo;transport=wifi_poll,
plants.soil,2026-07-28T05:04:26.340Z,2026-07-28 00:04:26.340,21728,6762df,y9d41p,0.7.3,fleet_logger_0_1,571950041,UMLIFE_v2_TLC555,ch2,origplant,soil_moisture,1362,,,OK,,,982.7,,name=classic;level=overwatered;role=disp;spread=21;gpio=34;device_seq=76258;time_source=device_synced;device_timestamp_utc=2026-07-28T05:04:18.651Z;config_id=257fa022;rssi=-71;uptime_s=571950;heap=195904;cal_tier=channel-cal;cal_src=wet_rederive_1236_20260719;pressure_context_source=weather_openmeteo;transport=wifi_poll,
plants.soil,2026-07-28T05:04:26.340Z,2026-07-28 00:04:26.340,21729,6762df,y9d41p,0.7.3,fleet_logger_0_1,571950041,UMLIFE_v2_TLC555,ch3,origplant,soil_moisture,1440,,,OK,,,982.7,,name=classic;level=well watered;role=disp;spread=15;gpio=35;device_seq=76259;time_source=device_synced;device_timestamp_utc=2026-07-28T05:04:18.651Z;config_id=257fa022;rssi=-71;uptime_s=571950;heap=195904;cal_tier=channel-cal;cal_src=wet_rederive_1236_20260719;pressure_context_source=weather_openmeteo;transport=wifi_poll,
plants.env,2026-07-28T05:04:26.340Z,2026-07-28 00:04:26.340,21730,6762df,y9d41p,0.7.3,fleet_logger_0_1,571950797,ESP32,esp32_die,on_chip,die_temp,,51.11,degC,OK,,,,,name=classic;source=esp32_die;cal=uncalibrated_board_proxy;api=temperatureRead;config_id=257fa022;transport=wifi_poll,
plants.soil,2026-07-28T05:04:56.733Z,2026-07-28 00:04:56.733,21731,6762df,y9d41p,0.7.3,fleet_logger_0_1,571980041,UMLIFE_v2_TLC555,ch0,origplant,soil_moisture,1570,,,OK,,,982.7,,name=classic;level=well watered;role=disp;spread=44;gpio=36;device_seq=76260;time_source=device_synced;device_timestamp_utc=2026-07-28T05:04:48.651Z;config_id=257fa022;rssi=-53;uptime_s=571980;heap=195908;cal_tier=channel-cal;cal_src=wet_rederive_1236_20260719;pressure_context_source=weather_openmeteo;transport=wifi_poll,
plants.soil,2026-07-28T05:04:56.733Z,2026-07-28 00:04:56.733,21732,6762df,y9d41p,0.7.3,fleet_logger_0_1,571980041,UMLIFE_v2_TLC555,ch1,origplant,soil_moisture,1677,,,OK,,,982.7,,name=classic;level=OK;role=disp;spread=23;gpio=39;device_seq=76261;time_source=device_synced;device_timestamp_utc=2026-07-28T05:04:48.651Z;config_id=257fa022;rssi=-53;uptime_s=571980;heap=195908;cal_tier=channel-cal;cal_src=wet_rederive_1236_20260719;pressure_context_source=weather_openmeteo;transport=wifi_poll,
plants.soil,2026-07-28T05:04:56.733Z,2026-07-28 00:04:56.733,21733,6762df,y9d41p,0.7.3,fleet_logger_0_1,571980041,UMLIFE_v2_TLC555,ch2,origplant,soil_moisture,1364,,,OK,,,982.7,,name=classic;level=overwatered;role=disp;spread=33;gpio=34;device_seq=76262;time_source=device_synced;device_timestamp_utc=2026-07-28T05:04:48.651Z;config_id=257fa022;rssi=-53;uptime_s=571980;heap=195908;cal_tier=channel-cal;cal_src=wet_rederive_1236_20260719;pressure_context_source=weather_openmeteo;transport=wifi_poll,
plants.soil,2026-07-28T05:04:56.733Z,2026-07-28 00:04:56.733,21734,6762df,y9d41p,0.7.3,fleet_logger_0_1,571980041,UMLIFE_v2_TLC555,ch3,origplant,soil_moisture,1439,,,OK,,,982.7,,name=classic;level=well watered;role=disp;spread=31;gpio=35;device_seq=76263;time_source=device_synced;device_timestamp_utc=2026-07-28T05:04:48.651Z;config_id=257fa022;rssi=-53;uptime_s=571980;heap=195908;cal_tier=channel-cal;cal_src=wet_rederive_1236_20260719;pressure_context_source=weather_openmeteo;transport=wifi_poll,
plants.env,2026-07-28T05:04:56.733Z,2026-07-28 00:04:56.733,21735,6762df,y9d41p,0.7.3,fleet_logger_0_1,571980796,ESP32,esp32_die,on_chip,die_temp,,52.22,degC,OK,,,,,name=classic;source=esp32_die;cal=uncalibrated_board_proxy;api=temperatureRead;config_id=257fa022;transport=wifi_poll,
plants.soil,2026-07-28T05:05:27.140Z,2026-07-28 00:05:27.140,21736,6762df,y9d41p,0.7.3,fleet_logger_0_1,572010041,UMLIFE_v2_TLC555,ch0,origplant,soil_moisture,1571,,,OK,,,982.7,,name=classic;level=well watered;role=disp;spread=33;gpio=36;device_seq=76264;time_source=device_synced;device_timestamp_utc=2026-07-28T05:05:18.651Z;config_id=257fa022;rssi=-53;uptime_s=572010;heap=195624;cal_tier=channel-cal;cal_src=wet_rederive_1236_20260719;pressure_context_source=weather_openmeteo;transport=wifi_poll,
plants.soil,2026-07-28T05:05:27.140Z,2026-07-28 00:05:27.140,21737,6762df,y9d41p,0.7.3,fleet_logger_0_1,572010041,UMLIFE_v2_TLC555,ch1,origplant,soil_moisture,1673,,,OK,,,982.7,,name=classic;level=OK;role=disp;spread=46;gpio=39;device_seq=76265;time_source=device_synced;device_timestamp_utc=2026-07-28T05:05:18.651Z;config_id=257fa022;rssi=-53;uptime_s=572010;heap=195624;cal_tier=channel-cal;cal_src=wet_rederive_1236_20260719;pressure_context_source=weather_openmeteo;transport=wifi_poll,
plants.soil,2026-07-28T05:05:27.140Z,2026-07-28 00:05:27.140,21738,6762df,y9d41p,0.7.3,fleet_logger_0_1,572010041,UMLIFE_v2_TLC555,ch2,origplant,soil_moisture,1361,,,OK,,,982.7,,name=classic;level=overwatered;role=disp;spread=25;gpio=34;device_seq=76266;time_source=device_synced;device_timestamp_utc=2026-07-28T05:05:18.651Z;config_id=257fa022;rssi=-53;uptime_s=572010;heap=195624;cal_tier=channel-cal;cal_src=wet_rederive_1236_20260719;pressure_context_source=weather_openmeteo;transport=wifi_poll,
plants.soil,2026-07-28T05:05:27.140Z,2026-07-28 00:05:27.140,21739,6762df,y9d41p,0.7.3,fleet_logger_0_1,572010041,UMLIFE_v2_TLC555,ch3,origplant,soil_moisture,1446,,,OK,,,982.7,,name=classic;level=well watered;role=disp;spread=22;gpio=35;device_seq=76267;time_source=device_synced;device_timestamp_utc=2026-07-28T05:05:18.651Z;config_id=257fa022;rssi=-53;uptime_s=572010;heap=195624;cal_tier=channel-cal;cal_src=wet_rederive_1236_20260719;pressure_context_source=weather_openmeteo;transport=wifi_poll,
plants.env,2026-07-28T05:05:27.140Z,2026-07-28 00:05:27.140,21740,6762df,y9d41p,0.7.3,fleet_logger_0_1,572010797,ESP32,esp32_die,on_chip,die_temp,,51.67,degC,OK,,,,,name=classic;source=esp32_die;cal=uncalibrated_board_proxy;api=temperatureRead;config_id=257fa022;transport=wifi_poll,
plants.soil,2026-07-28T05:05:57.804Z,2026-07-28 00:05:57.804,21741,6762df,y9d41p,0.7.3,fleet_logger_0_1,572040041,UMLIFE_v2_TLC555,ch0,origplant,soil_moisture,1571,,,OK,,,982.7,,name=classic;level=well watered;role=disp;spread=27;gpio=36;device_seq=76268;time_source=device_synced;device_timestamp_utc=2026-07-28T05:05:48.651Z;config_id=257fa022;rssi=-54;uptime_s=572040;heap=195636;cal_tier=channel-cal;cal_src=wet_rederive_1236_20260719;pressure_context_source=weather_openmeteo;transport=wifi_poll,
plants.soil,2026-07-28T05:05:57.804Z,2026-07-28 00:05:57.804,21742,6762df,y9d41p,0.7.3,fleet_logger_0_1,572040041,UMLIFE_v2_TLC555,ch1,origplant,soil_moisture,1680,,,OK,,,982.7,,name=classic;level=OK;role=disp;spread=43;gpio=39;device_seq=76269;time_source=device_synced;device_timestamp_utc=2026-07-28T05:05:48.651Z;config_id=257fa022;rssi=-54;uptime_s=572040;heap=195636;cal_tier=channel-cal;cal_src=wet_rederive_1236_20260719;pressure_context_source=weather_openmeteo;transport=wifi_poll,
plants.soil,2026-07-28T05:05:57.804Z,2026-07-28 00:05:57.804,21743,6762df,y9d41p,0.7.3,fleet_logger_0_1,572040041,UMLIFE_v2_TLC555,ch2,origplant,soil_moisture,1362,,,OK,,,982.7,,name=classic;level=overwatered;role=disp;spread=56;gpio=34;device_seq=76270;time_source=device_synced;device_timestamp_utc=2026-07-28T05:05:48.651Z;config_id=257fa022;rssi=-54;uptime_s=572040;heap=195636;cal_tier=channel-cal;cal_src=wet_rederive_1236_20260719;pressure_context_source=weather_openmeteo;transport=wifi_poll,
plants.soil,2026-07-28T05:05:57.804Z,2026-07-28 00:05:57.804,21744,6762df,y9d41p,0.7.3,fleet_logger_0_1,572040041,UMLIFE_v2_TLC555,ch3,origplant,soil_moisture,1442,,,OK,,,982.7,,name=classic;level=well watered;role=disp;spread=12;gpio=35;device_seq=76271;time_source=device_synced;device_timestamp_utc=2026-07-28T05:05:48.651Z;config_id=257fa022;rssi=-54;uptime_s=572040;heap=195636;cal_tier=channel-cal;cal_src=wet_rederive_1236_20260719;pressure_context_source=weather_openmeteo;transport=wifi_poll,
plants.env,2026-07-28T05:05:57.804Z,2026-07-28 00:05:57.804,21745,6762df,y9d41p,0.7.3,fleet_logger_0_1,572040797,ESP32,esp32_die,on_chip,die_temp,,52.22,degC,OK,,,,,name=classic;source=esp32_die;cal=uncalibrated_board_proxy;api=temperatureRead;config_id=257fa022;transport=wifi_poll,
plants.soil,2026-07-28T05:06:28.180Z,2026-07-28 00:06:28.180,21746,6762df,y9d41p,0.7.3,fleet_logger_0_1,572070041,UMLIFE_v2_TLC555,ch0,origplant,soil_moisture,1574,,,OK,,,982.7,,name=classic;level=well watered;role=disp;spread=14;gpio=36;device_seq=76272;time_source=device_synced;device_timestamp_utc=2026-07-28T05:06:18.651Z;config_id=257fa022;rssi=-53;uptime_s=572070;heap=195892;cal_tier=channel-cal;cal_src=wet_rederive_1236_20260719;pressure_context_source=weather_openmeteo;transport=wifi_poll,
plants.soil,2026-07-28T05:06:28.180Z,2026-07-28 00:06:28.180,21747,6762df,y9d41p,0.7.3,fleet_logger_0_1,572070041,UMLIFE_v2_TLC555,ch1,origplant,soil_moisture,1679,,,OK,,,982.7,,name=classic;level=OK;role=disp;spread=36;gpio=39;device_seq=76273;time_source=device_synced;device_timestamp_utc=2026-07-28T05:06:18.651Z;config_id=257fa022;rssi=-53;uptime_s=572070;heap=195892;cal_tier=channel-cal;cal_src=wet_rederive_1236_20260719;pressure_context_source=weather_openmeteo;transport=wifi_poll,
plants.soil,2026-07-28T05:06:28.180Z,2026-07-28 00:06:28.180,21748,6762df,y9d41p,0.7.3,fleet_logger_0_1,572070041,UMLIFE_v2_TLC555,ch2,origplant,soil_moisture,1363,,,OK,,,982.7,,name=classic;level=overwatered;role=disp;spread=18;gpio=34;device_seq=76274;time_source=device_synced;device_timestamp_utc=2026-07-28T05:06:18.651Z;config_id=257fa022;rssi=-53;uptime_s=572070;heap=195892;cal_tier=channel-cal;cal_src=wet_rederive_1236_20260719;pressure_context_source=weather_openmeteo;transport=wifi_poll,
plants.soil,2026-07-28T05:06:28.180Z,2026-07-28 00:06:28.180,21749,6762df,y9d41p,0.7.3,fleet_logger_0_1,572070041,UMLIFE_v2_TLC555,ch3,origplant,soil_moisture,1447,,,OK,,,982.7,,name=classic;level=well watered;role=disp;spread=18;gpio=35;device_seq=76275;time_source=device_synced;device_timestamp_utc=2026-07-28T05:06:18.651Z;config_id=257fa022;rssi=-53;uptime_s=572070;heap=195892;cal_tier=channel-cal;cal_src=wet_rederive_1236_20260719;pressure_context_source=weather_openmeteo;transport=wifi_poll,
plants.env,2026-07-28T05:06:28.180Z,2026-07-28 00:06:28.180,21750,6762df,y9d41p,0.7.3,fleet_logger_0_1,572070797,ESP32,esp32_die,on_chip,die_temp,,51.67,degC,OK,,,,,name=classic;source=esp32_die;cal=uncalibrated_board_proxy;api=temperatureRead;config_id=257fa022;transport=wifi_poll,
plants.soil,2026-07-28T05:06:58.603Z,2026-07-28 00:06:58.603,21751,6762df,y9d41p,0.7.3,fleet_logger_0_1,572100041,UMLIFE_v2_TLC555,ch0,origplant,soil_moisture,1573,,,OK,,,982.7,,name=classic;level=well watered;role=disp;spread=59;gpio=36;device_seq=76276;time_source=device_synced;device_timestamp_utc=2026-07-28T05:06:48.651Z;config_id=257fa022;rssi=-55;uptime_s=572100;heap=195880;cal_tier=channel-cal;cal_src=wet_rederive_1236_20260719;pressure_context_source=weather_openmeteo;transport=wifi_poll,
plants.soil,2026-07-28T05:06:58.603Z,2026-07-28 00:06:58.603,21752,6762df,y9d41p,0.7.3,fleet_logger_0_1,572100041,UMLIFE_v2_TLC555,ch1,origplant,soil_moisture,1673,,,OK,,,982.7,,name=classic;level=OK;role=disp;spread=37;gpio=39;device_seq=76277;time_source=device_synced;device_timestamp_utc=2026-07-28T05:06:48.651Z;config_id=257fa022;rssi=-55;uptime_s=572100;heap=195880;cal_tier=channel-cal;cal_src=wet_rederive_1236_20260719;pressure_context_source=weather_openmeteo;transport=wifi_poll,
plants.soil,2026-07-28T05:06:58.603Z,2026-07-28 00:06:58.603,21753,6762df,y9d41p,0.7.3,fleet_logger_0_1,572100041,UMLIFE_v2_TLC555,ch2,origplant,soil_moisture,1365,,,OK,,,982.7,,name=classic;level=overwatered;role=disp;spread=25;gpio=34;device_seq=76278;time_source=device_synced;device_timestamp_utc=2026-07-28T05:06:48.651Z;config_id=257fa022;rssi=-55;uptime_s=572100;heap=195880;cal_tier=channel-cal;cal_src=wet_rederive_1236_20260719;pressure_context_source=weather_openmeteo;transport=wifi_poll,
plants.soil,2026-07-28T05:06:58.603Z,2026-07-28 00:06:58.603,21754,6762df,y9d41p,0.7.3,fleet_logger_0_1,572100041,UMLIFE_v2_TLC555,ch3,origplant,soil_moisture,1446,,,OK,,,982.7,,name=classic;level=well watered;role=disp;spread=27;gpio=35;device_seq=76279;time_source=device_synced;device_timestamp_utc=2026-07-28T05:06:48.651Z;config_id=257fa022;rssi=-55;uptime_s=572100;heap=195880;cal_tier=channel-cal;cal_src=wet_rederive_1236_20260719;pressure_context_source=weather_openmeteo;transport=wifi_poll,
plants.env,2026-07-28T05:06:58.603Z,2026-07-28 00:06:58.603,21755,6762df,y9d41p,0.7.3,fleet_logger_0_1,572100797,ESP32,esp32_die,on_chip,die_temp,,52.78,degC,OK,,,,,name=classic;source=esp32_die;cal=uncalibrated_board_proxy;api=temperatureRead;config_id=257fa022;transport=wifi_poll,
plants.soil,2026-07-28T05:07:28.941Z,2026-07-28 00:07:28.941,21756,6762df,y9d41p,0.7.3,fleet_logger_0_1,572130041,UMLIFE_v2_TLC555,ch0,origplant,soil_moisture,1571,,,OK,,,982.7,,name=classic;level=well watered;role=disp;spread=60;gpio=36;device_seq=76280;time_source=device_synced;device_timestamp_utc=2026-07-28T05:07:18.651Z;config_id=257fa022;rssi=-55;uptime_s=572130;heap=195892;cal_tier=channel-cal;cal_src=wet_rederive_1236_20260719;pressure_context_source=weather_openmeteo;transport=wifi_poll,
plants.soil,2026-07-28T05:07:28.941Z,2026-07-28 00:07:28.941,21757,6762df,y9d41p,0.7.3,fleet_logger_0_1,572130041,UMLIFE_v2_TLC555,ch1,origplant,soil_moisture,1675,,,OK,,,982.7,,name=classic;level=OK;role=disp;spread=50;gpio=39;device_seq=76281;time_source=device_synced;device_timestamp_utc=2026-07-28T05:07:18.651Z;config_id=257fa022;rssi=-55;uptime_s=572130;heap=195892;cal_tier=channel-cal;cal_src=wet_rederive_1236_20260719;pressure_context_source=weather_openmeteo;transport=wifi_poll,
plants.soil,2026-07-28T05:07:28.941Z,2026-07-28 00:07:28.941,21758,6762df,y9d41p,0.7.3,fleet_logger_0_1,572130041,UMLIFE_v2_TLC555,ch2,origplant,soil_moisture,1356,,,OK,,,982.7,,name=classic;level=overwatered;role=disp;spread=30;gpio=34;device_seq=76282;time_source=device_synced;device_timestamp_utc=2026-07-28T05:07:18.651Z;config_id=257fa022;rssi=-55;uptime_s=572130;heap=195892;cal_tier=channel-cal;cal_src=wet_rederive_1236_20260719;pressure_context_source=weather_openmeteo;transport=wifi_poll,
plants.soil,2026-07-28T05:07:28.941Z,2026-07-28 00:07:28.941,21759,6762df,y9d41p,0.7.3,fleet_logger_0_1,572130041,UMLIFE_v2_TLC555,ch3,origplant,soil_moisture,1446,,,OK,,,982.7,,name=classic;level=well watered;role=disp;spread=22;gpio=35;device_seq=76283;time_source=device_synced;device_timestamp_utc=2026-07-28T05:07:18.651Z;config_id=257fa022;rssi=-55;uptime_s=572130;heap=195892;cal_tier=channel-cal;cal_src=wet_rederive_1236_20260719;pressure_context_source=weather_openmeteo;transport=wifi_poll,
plants.env,2026-07-28T05:07:28.941Z,2026-07-28 00:07:28.941,21760,6762df,y9d41p,0.7.3,fleet_logger_0_1,572130797,ESP32,esp32_die,on_chip,die_temp,,52.22,degC,OK,,,,,name=classic;source=esp32_die;cal=uncalibrated_board_proxy;api=temperatureRead;config_id=257fa022;transport=wifi_poll,
plants.soil,2026-07-28T05:07:59.306Z,2026-07-28 00:07:59.306,21761,6762df,y9d41p,0.7.3,fleet_logger_0_1,572160041,UMLIFE_v2_TLC555,ch0,origplant,soil_moisture,1571,,,OK,,,982.7,,name=classic;level=well watered;role=disp;spread=52;gpio=36;device_seq=76284;time_source=device_synced;device_timestamp_utc=2026-07-28T05:07:48.651Z;config_id=257fa022;rssi=-54;uptime_s=572160;heap=195892;cal_tier=channel-cal;cal_src=wet_rederive_1236_20260719;pressure_context_source=weather_openmeteo;transport=wifi_poll,
plants.soil,2026-07-28T05:07:59.306Z,2026-07-28 00:07:59.306,21762,6762df,y9d41p,0.7.3,fleet_logger_0_1,572160041,UMLIFE_v2_TLC555,ch1,origplant,soil_moisture,1675,,,OK,,,982.7,,name=classic;level=OK;role=disp;spread=34;gpio=39;device_seq=76285;time_source=device_synced;device_timestamp_utc=2026-07-28T05:07:48.651Z;config_id=257fa022;rssi=-54;uptime_s=572160;heap=195892;cal_tier=channel-cal;cal_src=wet_rederive_1236_20260719;pressure_context_source=weather_openmeteo;transport=wifi_poll,
plants.soil,2026-07-28T05:07:59.306Z,2026-07-28 00:07:59.306,21763,6762df,y9d41p,0.7.3,fleet_logger_0_1,572160041,UMLIFE_v2_TLC555,ch2,origplant,soil_moisture,1359,,,OK,,,982.7,,name=classic;level=overwatered;role=disp;spread=33;gpio=34;device_seq=76286;time_source=device_synced;device_timestamp_utc=2026-07-28T05:07:48.651Z;config_id=257fa022;rssi=-54;uptime_s=572160;heap=195892;cal_tier=channel-cal;cal_src=wet_rederive_1236_20260719;pressure_context_source=weather_openmeteo;transport=wifi_poll,
plants.soil,2026-07-28T05:07:59.306Z,2026-07-28 00:07:59.306,21764,6762df,y9d41p,0.7.3,fleet_logger_0_1,572160041,UMLIFE_v2_TLC555,ch3,origplant,soil_moisture,1443,,,OK,,,982.7,,name=classic;level=well watered;role=disp;spread=15;gpio=35;device_seq=76287;time_source=device_synced;device_timestamp_utc=2026-07-28T05:07:48.651Z;config_id=257fa022;rssi=-54;uptime_s=572160;heap=195892;cal_tier=channel-cal;cal_src=wet_rederive_1236_20260719;pressure_context_source=weather_openmeteo;transport=wifi_poll,
plants.env,2026-07-28T05:07:59.306Z,2026-07-28 00:07:59.306,21765,6762df,y9d41p,0.7.3,fleet_logger_0_1,572160797,ESP32,esp32_die,on_chip,die_temp,,52.22,degC,OK,,,,,name=classic;source=esp32_die;cal=uncalibrated_board_proxy;api=temperatureRead;config_id=257fa022;transport=wifi_poll,
plants.soil,2026-07-28T05:08:29.736Z,2026-07-28 00:08:29.736,21766,6762df,y9d41p,0.7.3,fleet_logger_0_1,572190041,UMLIFE_v2_TLC555,ch0,origplant,soil_moisture,1572,,,OK,,,982.7,,name=classic;level=well watered;role=disp;spread=34;gpio=36;device_seq=76288;time_source=device_synced;device_timestamp_utc=2026-07-28T05:08:18.651Z;config_id=257fa022;rssi=-53;uptime_s=572190;heap=195632;cal_tier=channel-cal;cal_src=wet_rederive_1236_20260719;pressure_context_source=weather_openmeteo;transport=wifi_poll,
plants.soil,2026-07-28T05:08:29.736Z,2026-07-28 00:08:29.736,21767,6762df,y9d41p,0.7.3,fleet_logger_0_1,572190041,UMLIFE_v2_TLC555,ch1,origplant,soil_moisture,1676,,,OK,,,982.7,,name=classic;level=OK;role=disp;spread=32;gpio=39;device_seq=76289;time_source=device_synced;device_timestamp_utc=2026-07-28T05:08:18.651Z;config_id=257fa022;rssi=-53;uptime_s=572190;heap=195632;cal_tier=channel-cal;cal_src=wet_rederive_1236_20260719;pressure_context_source=weather_openmeteo;transport=wifi_poll,
plants.soil,2026-07-28T05:08:29.736Z,2026-07-28 00:08:29.736,21768,6762df,y9d41p,0.7.3,fleet_logger_0_1,572190041,UMLIFE_v2_TLC555,ch2,origplant,soil_moisture,1359,,,OK,,,982.7,,name=classic;level=overwatered;role=disp;spread=44;gpio=34;device_seq=76290;time_source=device_synced;device_timestamp_utc=2026-07-28T05:08:18.651Z;config_id=257fa022;rssi=-53;uptime_s=572190;heap=195632;cal_tier=channel-cal;cal_src=wet_rederive_1236_20260719;pressure_context_source=weather_openmeteo;transport=wifi_poll,
plants.soil,2026-07-28T05:08:29.736Z,2026-07-28 00:08:29.736,21769,6762df,y9d41p,0.7.3,fleet_logger_0_1,572190041,UMLIFE_v2_TLC555,ch3,origplant,soil_moisture,1443,,,OK,,,982.7,,name=classic;level=well watered;role=disp;spread=23;gpio=35;device_seq=76291;time_source=device_synced;device_timestamp_utc=2026-07-28T05:08:18.651Z;config_id=257fa022;rssi=-53;uptime_s=572190;heap=195632;cal_tier=channel-cal;cal_src=wet_rederive_1236_20260719;pressure_context_source=weather_openmeteo;transport=wifi_poll,
plants.env,2026-07-28T05:08:29.736Z,2026-07-28 00:08:29.736,21770,6762df,y9d41p,0.7.3,fleet_logger_0_1,572190797,ESP32,esp32_die,on_chip,die_temp,,51.67,degC,OK,,,,,name=classic;source=esp32_die;cal=uncalibrated_board_proxy;api=temperatureRead;config_id=257fa022;transport=wifi_poll,
plants.soil,2026-07-28T05:09:00.101Z,2026-07-28 00:09:00.101,21771,6762df,y9d41p,0.7.3,fleet_logger_0_1,572220041,UMLIFE_v2_TLC555,ch0,origplant,soil_moisture,1572,,,OK,,,982.7,,name=classic;level=well watered;role=disp;spread=40;gpio=36;device_seq=76292;time_source=device_synced;device_timestamp_utc=2026-07-28T05:08:48.651Z;config_id=257fa022;rssi=-55;uptime_s=572220;heap=195620;cal_tier=channel-cal;cal_src=wet_rederive_1236_20260719;pressure_context_source=weather_openmeteo;transport=wifi_poll,
plants.soil,2026-07-28T05:09:00.101Z,2026-07-28 00:09:00.101,21772,6762df,y9d41p,0.7.3,fleet_logger_0_1,572220041,UMLIFE_v2_TLC555,ch1,origplant,soil_moisture,1679,,,OK,,,982.7,,name=classic;level=OK;role=disp;spread=36;gpio=39;device_seq=76293;time_source=device_synced;device_timestamp_utc=2026-07-28T05:08:48.651Z;config_id=257fa022;rssi=-55;uptime_s=572220;heap=195620;cal_tier=channel-cal;cal_src=wet_rederive_1236_20260719;pressure_context_source=weather_openmeteo;transport=wifi_poll,
plants.soil,2026-07-28T05:09:00.101Z,2026-07-28 00:09:00.101,21773,6762df,y9d41p,0.7.3,fleet_logger_0_1,572220041,UMLIFE_v2_TLC555,ch2,origplant,soil_moisture,1363,,,OK,,,982.7,,name=classic;level=overwatered;role=disp;spread=25;gpio=34;device_seq=76294;time_source=device_synced;device_timestamp_utc=2026-07-28T05:08:48.651Z;config_id=257fa022;rssi=-55;uptime_s=572220;heap=195620;cal_tier=channel-cal;cal_src=wet_rederive_1236_20260719;pressure_context_source=weather_openmeteo;transport=wifi_poll,
plants.soil,2026-07-28T05:09:00.101Z,2026-07-28 00:09:00.101,21774,6762df,y9d41p,0.7.3,fleet_logger_0_1,572220041,UMLIFE_v2_TLC555,ch3,origplant,soil_moisture,1448,,,OK,,,982.7,,name=classic;level=well watered;role=disp;spread=15;gpio=35;device_seq=76295;time_source=device_synced;device_timestamp_utc=2026-07-28T05:08:48.651Z;config_id=257fa022;rssi=-55;uptime_s=572220;heap=195620;cal_tier=channel-cal;cal_src=wet_rederive_1236_20260719;pressure_context_source=weather_openmeteo;transport=wifi_poll,
plants.env,2026-07-28T05:09:00.101Z,2026-07-28 00:09:00.101,21775,6762df,y9d41p,0.7.3,fleet_logger_0_1,572220797,ESP32,esp32_die,on_chip,die_temp,,51.67,degC,OK,,,,,name=classic;source=esp32_die;cal=uncalibrated_board_proxy;api=temperatureRead;config_id=257fa022;transport=wifi_poll,
plants.soil,2026-07-28T05:09:30.880Z,2026-07-28 00:09:30.880,21776,6762df,y9d41p,0.7.3,fleet_logger_0_1,572250041,UMLIFE_v2_TLC555,ch0,origplant,soil_moisture,1573,,,OK,,,982.7,,name=classic;level=well watered;role=disp;spread=29;gpio=36;device_seq=76296;time_source=device_synced;device_timestamp_utc=2026-07-28T05:09:18.651Z;config_id=257fa022;rssi=-54;uptime_s=572250;heap=195892;cal_tier=channel-cal;cal_src=wet_rederive_1236_20260719;pressure_context_source=weather_openmeteo;transport=wifi_poll,
plants.soil,2026-07-28T05:09:30.880Z,2026-07-28 00:09:30.880,21777,6762df,y9d41p,0.7.3,fleet_logger_0_1,572250041,UMLIFE_v2_TLC555,ch1,origplant,soil_moisture,1678,,,OK,,,982.7,,name=classic;level=OK;role=disp;spread=27;gpio=39;device_seq=76297;time_source=device_synced;device_timestamp_utc=2026-07-28T05:09:18.651Z;config_id=257fa022;rssi=-54;uptime_s=572250;heap=195892;cal_tier=channel-cal;cal_src=wet_rederive_1236_20260719;pressure_context_source=weather_openmeteo;transport=wifi_poll,
plants.soil,2026-07-28T05:09:30.880Z,2026-07-28 00:09:30.880,21778,6762df,y9d41p,0.7.3,fleet_logger_0_1,572250041,UMLIFE_v2_TLC555,ch2,origplant,soil_moisture,1361,,,OK,,,982.7,,name=classic;level=overwatered;role=disp;spread=47;gpio=34;device_seq=76298;time_source=device_synced;device_timestamp_utc=2026-07-28T05:09:18.651Z;config_id=257fa022;rssi=-54;uptime_s=572250;heap=195892;cal_tier=channel-cal;cal_src=wet_rederive_1236_20260719;pressure_context_source=weather_openmeteo;transport=wifi_poll,
plants.soil,2026-07-28T05:09:30.880Z,2026-07-28 00:09:30.880,21779,6762df,y9d41p,0.7.3,fleet_logger_0_1,572250041,UMLIFE_v2_TLC555,ch3,origplant,soil_moisture,1445,,,OK,,,982.7,,name=classic;level=well watered;role=disp;spread=15;gpio=35;device_seq=76299;time_source=device_synced;device_timestamp_utc=2026-07-28T05:09:18.651Z;config_id=257fa022;rssi=-54;uptime_s=572250;heap=195892;cal_tier=channel-cal;cal_src=wet_rederive_1236_20260719;pressure_context_source=weather_openmeteo;transport=wifi_poll,
plants.env,2026-07-28T05:09:30.880Z,2026-07-28 00:09:30.880,21780,6762df,y9d41p,0.7.3,fleet_logger_0_1,572250797,ESP32,esp32_die,on_chip,die_temp,,51.11,degC,OK,,,,,name=classic;source=esp32_die;cal=uncalibrated_board_proxy;api=temperatureRead;config_id=257fa022;transport=wifi_poll,
plants.soil,2026-07-28T05:10:01.519Z,2026-07-28 00:10:01.519,21781,6762df,y9d41p,0.7.3,fleet_logger_0_1,572280041,UMLIFE_v2_TLC555,ch0,origplant,soil_moisture,1572,,,OK,,,982.7,,name=classic;level=well watered;role=disp;spread=40;gpio=36;device_seq=76300;time_source=device_synced;device_timestamp_utc=2026-07-28T05:09:48.651Z;config_id=257fa022;rssi=-54;uptime_s=572280;heap=195896;cal_tier=channel-cal;cal_src=wet_rederive_1236_20260719;pressure_context_source=weather_openmeteo;transport=wifi_poll,
plants.soil,2026-07-28T05:10:01.519Z,2026-07-28 00:10:01.519,21782,6762df,y9d41p,0.7.3,fleet_logger_0_1,572280041,UMLIFE_v2_TLC555,ch1,origplant,soil_moisture,1681,,,OK,,,982.7,,name=classic;level=OK;role=disp;spread=18;gpio=39;device_seq=76301;time_source=device_synced;device_timestamp_utc=2026-07-28T05:09:48.651Z;config_id=257fa022;rssi=-54;uptime_s=572280;heap=195896;cal_tier=channel-cal;cal_src=wet_rederive_1236_20260719;pressure_context_source=weather_openmeteo;transport=wifi_poll,
plants.soil,2026-07-28T05:10:01.519Z,2026-07-28 00:10:01.519,21783,6762df,y9d41p,0.7.3,fleet_logger_0_1,572280041,UMLIFE_v2_TLC555,ch2,origplant,soil_moisture,1363,,,OK,,,982.7,,name=classic;level=overwatered;role=disp;spread=27;gpio=34;device_seq=76302;time_source=device_synced;device_timestamp_utc=2026-07-28T05:09:48.651Z;config_id=257fa022;rssi=-54;uptime_s=572280;heap=195896;cal_tier=channel-cal;cal_src=wet_rederive_1236_20260719;pressure_context_source=weather_openmeteo;transport=wifi_poll,
plants.soil,2026-07-28T05:10:01.519Z,2026-07-28 00:10:01.519,21784,6762df,y9d41p,0.7.3,fleet_logger_0_1,572280041,UMLIFE_v2_TLC555,ch3,origplant,soil_moisture,1438,,,OK,,,982.7,,name=classic;level=well watered;role=disp;spread=41;gpio=35;device_seq=76303;time_source=device_synced;device_timestamp_utc=2026-07-28T05:09:48.651Z;config_id=257fa022;rssi=-54;uptime_s=572280;heap=195896;cal_tier=channel-cal;cal_src=wet_rederive_1236_20260719;pressure_context_source=weather_openmeteo;transport=wifi_poll,
plants.env,2026-07-28T05:10:01.519Z,2026-07-28 00:10:01.519,21785,6762df,y9d41p,0.7.3,fleet_logger_0_1,572280797,ESP32,esp32_die,on_chip,die_temp,,51.67,degC,OK,,,,,name=classic;source=esp32_die;cal=uncalibrated_board_proxy;api=temperatureRead;config_id=257fa022;transport=wifi_poll,
plants.soil,2026-07-28T05:10:31.885Z,2026-07-28 00:10:31.885,21786,6762df,y9d41p,0.7.3,fleet_logger_0_1,572310041,UMLIFE_v2_TLC555,ch0,origplant,soil_moisture,1574,,,OK,,,982.7,,name=classic;level=well watered;role=disp;spread=21;gpio=36;device_seq=76304;time_source=device_synced;device_timestamp_utc=2026-07-28T05:10:18.651Z;config_id=257fa022;rssi=-54;uptime_s=572310;heap=195904;cal_tier=channel-cal;cal_src=wet_rederive_1236_20260719;pressure_context_source=weather_openmeteo;transport=wifi_poll,
plants.soil,2026-07-28T05:10:31.885Z,2026-07-28 00:10:31.885,21787,6762df,y9d41p,0.7.3,fleet_logger_0_1,572310041,UMLIFE_v2_TLC555,ch1,origplant,soil_moisture,1680,,,OK,,,982.7,,name=classic;level=OK;role=disp;spread=31;gpio=39;device_seq=76305;time_source=device_synced;device_timestamp_utc=2026-07-28T05:10:18.651Z;config_id=257fa022;rssi=-54;uptime_s=572310;heap=195904;cal_tier=channel-cal;cal_src=wet_rederive_1236_20260719;pressure_context_source=weather_openmeteo;transport=wifi_poll,
plants.soil,2026-07-28T05:10:31.885Z,2026-07-28 00:10:31.885,21788,6762df,y9d41p,0.7.3,fleet_logger_0_1,572310041,UMLIFE_v2_TLC555,ch2,origplant,soil_moisture,1358,,,OK,,,982.7,,name=classic;level=overwatered;role=disp;spread=29;gpio=34;device_seq=76306;time_source=device_synced;device_timestamp_utc=2026-07-28T05:10:18.651Z;config_id=257fa022;rssi=-54;uptime_s=572310;heap=195904;cal_tier=channel-cal;cal_src=wet_rederive_1236_20260719;pressure_context_source=weather_openmeteo;transport=wifi_poll,
plants.soil,2026-07-28T05:10:31.885Z,2026-07-28 00:10:31.885,21789,6762df,y9d41p,0.7.3,fleet_logger_0_1,572310041,UMLIFE_v2_TLC555,ch3,origplant,soil_moisture,1444,,,OK,,,982.7,,name=classic;level=well watered;role=disp;spread=24;gpio=35;device_seq=76307;time_source=device_synced;device_timestamp_utc=2026-07-28T05:10:18.651Z;config_id=257fa022;rssi=-54;uptime_s=572310;heap=195904;cal_tier=channel-cal;cal_src=wet_rederive_1236_20260719;pressure_context_source=weather_openmeteo;transport=wifi_poll,
plants.env,2026-07-28T05:10:31.885Z,2026-07-28 00:10:31.885,21790,6762df,y9d41p,0.7.3,fleet_logger_0_1,572310797,ESP32,esp32_die,on_chip,die_temp,,52.22,degC,OK,,,,,name=classic;source=esp32_die;cal=uncalibrated_board_proxy;api=temperatureRead;config_id=257fa022;transport=wifi_poll,
plants.soil,2026-07-28T05:11:02.296Z,2026-07-28 00:11:02.296,21791,6762df,y9d41p,0.7.3,fleet_logger_0_1,572340041,UMLIFE_v2_TLC555,ch0,origplant,soil_moisture,1575,,,OK,,,982.7,,name=classic;level=well watered;role=disp;spread=21;gpio=36;device_seq=76308;time_source=device_synced;device_timestamp_utc=2026-07-28T05:10:48.651Z;config_id=257fa022;rssi=-53;uptime_s=572340;heap=195904;cal_tier=channel-cal;cal_src=wet_rederive_1236_20260719;pressure_context_source=weather_openmeteo;transport=wifi_poll,
plants.soil,2026-07-28T05:11:02.296Z,2026-07-28 00:11:02.296,21792,6762df,y9d41p,0.7.3,fleet_logger_0_1,572340041,UMLIFE_v2_TLC555,ch1,origplant,soil_moisture,1676,,,OK,,,982.7,,name=classic;level=OK;role=disp;spread=32;gpio=39;device_seq=76309;time_source=device_synced;device_timestamp_utc=2026-07-28T05:10:48.651Z;config_id=257fa022;rssi=-53;uptime_s=572340;heap=195904;cal_tier=channel-cal;cal_src=wet_rederive_1236_20260719;pressure_context_source=weather_openmeteo;transport=wifi_poll,
plants.soil,2026-07-28T05:11:02.296Z,2026-07-28 00:11:02.296,21793,6762df,y9d41p,0.7.3,fleet_logger_0_1,572340041,UMLIFE_v2_TLC555,ch2,origplant,soil_moisture,1364,,,OK,,,982.7,,name=classic;level=overwatered;role=disp;spread=31;gpio=34;device_seq=76310;time_source=device_synced;device_timestamp_utc=2026-07-28T05:10:48.651Z;config_id=257fa022;rssi=-53;uptime_s=572340;heap=195904;cal_tier=channel-cal;cal_src=wet_rederive_1236_20260719;pressure_context_source=weather_openmeteo;transport=wifi_poll,
plants.soil,2026-07-28T05:11:02.296Z,2026-07-28 00:11:02.296,21794,6762df,y9d41p,0.7.3,fleet_logger_0_1,572340041,UMLIFE_v2_TLC555,ch3,origplant,soil_moisture,1438,,,OK,,,982.7,,name=classic;level=well watered;role=disp;spread=29;gpio=35;device_seq=76311;time_source=device_synced;device_timestamp_utc=2026-07-28T05:10:48.651Z;config_id=257fa022;rssi=-53;uptime_s=572340;heap=195904;cal_tier=channel-cal;cal_src=wet_rederive_1236_20260719;pressure_context_source=weather_openmeteo;transport=wifi_poll,
plants.env,2026-07-28T05:11:02.296Z,2026-07-28 00:11:02.296,21795,6762df,y9d41p,0.7.3,fleet_logger_0_1,572340797,ESP32,esp32_die,on_chip,die_temp,,51.11,degC,OK,,,,,name=classic;source=esp32_die;cal=uncalibrated_board_proxy;api=temperatureRead;config_id=257fa022;transport=wifi_poll,
plants.soil,2026-07-28T05:11:32.811Z,2026-07-28 00:11:32.811,21796,6762df,y9d41p,0.7.3,fleet_logger_0_1,572370041,UMLIFE_v2_TLC555,ch0,origplant,soil_moisture,1571,,,OK,,,982.7,,name=classic;level=well watered;role=disp;spread=10;gpio=36;device_seq=76312;time_source=device_synced;device_timestamp_utc=2026-07-28T05:11:18.651Z;config_id=257fa022;rssi=-53;uptime_s=572370;heap=195628;cal_tier=channel-cal;cal_src=wet_rederive_1236_20260719;pressure_context_source=weather_openmeteo;transport=wifi_poll,
plants.soil,2026-07-28T05:11:32.811Z,2026-07-28 00:11:32.811,21797,6762df,y9d41p,0.7.3,fleet_logger_0_1,572370041,UMLIFE_v2_TLC555,ch1,origplant,soil_moisture,1678,,,OK,,,982.7,,name=classic;level=OK;role=disp;spread=33;gpio=39;device_seq=76313;time_source=device_synced;device_timestamp_utc=2026-07-28T05:11:18.651Z;config_id=257fa022;rssi=-53;uptime_s=572370;heap=195628;cal_tier=channel-cal;cal_src=wet_rederive_1236_20260719;pressure_context_source=weather_openmeteo;transport=wifi_poll,
plants.soil,2026-07-28T05:11:32.811Z,2026-07-28 00:11:32.811,21798,6762df,y9d41p,0.7.3,fleet_logger_0_1,572370041,UMLIFE_v2_TLC555,ch2,origplant,soil_moisture,1363,,,OK,,,982.7,,name=classic;level=overwatered;role=disp;spread=19;gpio=34;device_seq=76314;time_source=device_synced;device_timestamp_utc=2026-07-28T05:11:18.651Z;config_id=257fa022;rssi=-53;uptime_s=572370;heap=195628;cal_tier=channel-cal;cal_src=wet_rederive_1236_20260719;pressure_context_source=weather_openmeteo;transport=wifi_poll,
plants.soil,2026-07-28T05:11:32.811Z,2026-07-28 00:11:32.811,21799,6762df,y9d41p,0.7.3,fleet_logger_0_1,572370041,UMLIFE_v2_TLC555,ch3,origplant,soil_moisture,1439,,,OK,,,982.7,,name=classic;level=well watered;role=disp;spread=17;gpio=35;device_seq=76315;time_source=device_synced;device_timestamp_utc=2026-07-28T05:11:18.651Z;config_id=257fa022;rssi=-53;uptime_s=572370;heap=195628;cal_tier=channel-cal;cal_src=wet_rederive_1236_20260719;pressure_context_source=weather_openmeteo;transport=wifi_poll,
plants.env,2026-07-28T05:11:32.811Z,2026-07-28 00:11:32.811,21800,6762df,y9d41p,0.7.3,fleet_logger_0_1,572370797,ESP32,esp32_die,on_chip,die_temp,,52.22,degC,OK,,,,,name=classic;source=esp32_die;cal=uncalibrated_board_proxy;api=temperatureRead;config_id=257fa022;transport=wifi_poll,
plants.soil,2026-07-28T05:12:03.224Z,2026-07-28 00:12:03.224,21801,6762df,y9d41p,0.7.3,fleet_logger_0_1,572400041,UMLIFE_v2_TLC555,ch0,origplant,soil_moisture,1569,,,OK,,,982.7,,name=classic;level=well watered;role=disp;spread=23;gpio=36;device_seq=76316;time_source=device_synced;device_timestamp_utc=2026-07-28T05:11:48.651Z;config_id=257fa022;rssi=-53;uptime_s=572400;heap=195596;cal_tier=channel-cal;cal_src=wet_rederive_1236_20260719;pressure_context_source=weather_openmeteo;transport=wifi_poll,
plants.soil,2026-07-28T05:12:03.224Z,2026-07-28 00:12:03.224,21802,6762df,y9d41p,0.7.3,fleet_logger_0_1,572400041,UMLIFE_v2_TLC555,ch1,origplant,soil_moisture,1679,,,OK,,,982.7,,name=classic;level=OK;role=disp;spread=43;gpio=39;device_seq=76317;time_source=device_synced;device_timestamp_utc=2026-07-28T05:11:48.651Z;config_id=257fa022;rssi=-53;uptime_s=572400;heap=195596;cal_tier=channel-cal;cal_src=wet_rederive_1236_20260719;pressure_context_source=weather_openmeteo;transport=wifi_poll,
plants.soil,2026-07-28T05:12:03.224Z,2026-07-28 00:12:03.224,21803,6762df,y9d41p,0.7.3,fleet_logger_0_1,572400041,UMLIFE_v2_TLC555,ch2,origplant,soil_moisture,1367,,,OK,,,982.7,,name=classic;level=overwatered;role=disp;spread=34;gpio=34;device_seq=76318;time_source=device_synced;device_timestamp_utc=2026-07-28T05:11:48.651Z;config_id=257fa022;rssi=-53;uptime_s=572400;heap=195596;cal_tier=channel-cal;cal_src=wet_rederive_1236_20260719;pressure_context_source=weather_openmeteo;transport=wifi_poll,
plants.soil,2026-07-28T05:12:03.224Z,2026-07-28 00:12:03.224,21804,6762df,y9d41p,0.7.3,fleet_logger_0_1,572400041,UMLIFE_v2_TLC555,ch3,origplant,soil_moisture,1441,,,OK,,,982.7,,name=classic;level=well watered;role=disp;spread=12;gpio=35;device_seq=76319;time_source=device_synced;device_timestamp_utc=2026-07-28T05:11:48.651Z;config_id=257fa022;rssi=-53;uptime_s=572400;heap=195596;cal_tier=channel-cal;cal_src=wet_rederive_1236_20260719;pressure_context_source=weather_openmeteo;transport=wifi_poll,
plants.env,2026-07-28T05:12:03.224Z,2026-07-28 00:12:03.224,21805,6762df,y9d41p,0.7.3,fleet_logger_0_1,572401863,ESP32,esp32_die,on_chip,die_temp,,51.67,degC,OK,,,,,name=classic;source=esp32_die;cal=uncalibrated_board_proxy;api=temperatureRead;config_id=257fa022;transport=wifi_poll,
plants.soil,2026-07-28T05:12:33.661Z,2026-07-28 00:12:33.661,21806,6762df,y9d41p,0.7.3,fleet_logger_0_1,572430041,UMLIFE_v2_TLC555,ch0,origplant,soil_moisture,1566,,,OK,,,982.7,,name=classic;level=well watered;role=disp;spread=29;gpio=36;device_seq=76320;time_source=device_synced;device_timestamp_utc=2026-07-28T05:12:18.651Z;config_id=257fa022;rssi=-52;uptime_s=572430;heap=195888;cal_tier=channel-cal;cal_src=wet_rederive_1236_20260719;pressure_context_source=weather_openmeteo;transport=wifi_poll,
plants.soil,2026-07-28T05:12:33.661Z,2026-07-28 00:12:33.661,21807,6762df,y9d41p,0.7.3,fleet_logger_0_1,572430041,UMLIFE_v2_TLC555,ch1,origplant,soil_moisture,1673,,,OK,,,982.7,,name=classic;level=OK;role=disp;spread=34;gpio=39;device_seq=76321;time_source=device_synced;device_timestamp_utc=2026-07-28T05:12:18.651Z;config_id=257fa022;rssi=-52;uptime_s=572430;heap=195888;cal_tier=channel-cal;cal_src=wet_rederive_1236_20260719;pressure_context_source=weather_openmeteo;transport=wifi_poll,
plants.soil,2026-07-28T05:12:33.661Z,2026-07-28 00:12:33.661,21808,6762df,y9d41p,0.7.3,fleet_logger_0_1,572430041,UMLIFE_v2_TLC555,ch2,origplant,soil_moisture,1363,,,OK,,,982.7,,name=classic;level=overwatered;role=disp;spread=42;gpio=34;device_seq=76322;time_source=device_synced;device_timestamp_utc=2026-07-28T05:12:18.651Z;config_id=257fa022;rssi=-52;uptime_s=572430;heap=195888;cal_tier=channel-cal;cal_src=wet_rederive_1236_20260719;pressure_context_source=weather_openmeteo;transport=wifi_poll,
plants.soil,2026-07-28T05:12:33.661Z,2026-07-28 00:12:33.661,21809,6762df,y9d41p,0.7.3,fleet_logger_0_1,572430041,UMLIFE_v2_TLC555,ch3,origplant,soil_moisture,1447,,,OK,,,982.7,,name=classic;level=well watered;role=disp;spread=18;gpio=35;device_seq=76323;time_source=device_synced;device_timestamp_utc=2026-07-28T05:12:18.651Z;config_id=257fa022;rssi=-52;uptime_s=572430;heap=195888;cal_tier=channel-cal;cal_src=wet_rederive_1236_20260719;pressure_context_source=weather_openmeteo;transport=wifi_poll,
plants.env,2026-07-28T05:12:33.661Z,2026-07-28 00:12:33.661,21810,6762df,y9d41p,0.7.3,fleet_logger_0_1,572430796,ESP32,esp32_die,on_chip,die_temp,,52.22,degC,OK,,,,,name=classic;source=esp32_die;cal=uncalibrated_board_proxy;api=temperatureRead;config_id=257fa022;transport=wifi_poll,
plants.soil,2026-07-28T05:13:03.913Z,2026-07-28 00:13:03.913,21811,6762df,y9d41p,0.7.3,fleet_logger_0_1,572460041,UMLIFE_v2_TLC555,ch0,origplant,soil_moisture,1573,,,OK,,,982.7,,name=classic;level=well watered;role=disp;spread=27;gpio=36;device_seq=76324;time_source=device_synced;device_timestamp_utc=2026-07-28T05:12:49.290Z;config_id=257fa022;rssi=-52;uptime_s=572460;heap=195844;cal_tier=channel-cal;cal_src=wet_rederive_1236_20260719;pressure_context_source=weather_openmeteo;transport=wifi_poll,
plants.soil,2026-07-28T05:13:03.913Z,2026-07-28 00:13:03.913,21812,6762df,y9d41p,0.7.3,fleet_logger_0_1,572460041,UMLIFE_v2_TLC555,ch1,origplant,soil_moisture,1675,,,OK,,,982.7,,name=classic;level=OK;role=disp;spread=46;gpio=39;device_seq=76325;time_source=device_synced;device_timestamp_utc=2026-07-28T05:12:49.290Z;config_id=257fa022;rssi=-52;uptime_s=572460;heap=195844;cal_tier=channel-cal;cal_src=wet_rederive_1236_20260719;pressure_context_source=weather_openmeteo;transport=wifi_poll,
plants.soil,2026-07-28T05:13:03.913Z,2026-07-28 00:13:03.913,21813,6762df,y9d41p,0.7.3,fleet_logger_0_1,572460041,UMLIFE_v2_TLC555,ch2,origplant,soil_moisture,1365,,,OK,,,982.7,,name=classic;level=overwatered;role=disp;spread=22;gpio=34;device_seq=76326;time_source=device_synced;device_timestamp_utc=2026-07-28T05:12:49.290Z;config_id=257fa022;rssi=-52;uptime_s=572460;heap=195844;cal_tier=channel-cal;cal_src=wet_rederive_1236_20260719;pressure_context_source=weather_openmeteo;transport=wifi_poll,
plants.soil,2026-07-28T05:13:03.913Z,2026-07-28 00:13:03.913,21814,6762df,y9d41p,0.7.3,fleet_logger_0_1,572460041,UMLIFE_v2_TLC555,ch3,origplant,soil_moisture,1449,,,OK,,,982.7,,name=classic;level=well watered;role=disp;spread=22;gpio=35;device_seq=76327;time_source=device_synced;device_timestamp_utc=2026-07-28T05:12:49.290Z;config_id=257fa022;rssi=-52;uptime_s=572460;heap=195844;cal_tier=channel-cal;cal_src=wet_rederive_1236_20260719;pressure_context_source=weather_openmeteo;transport=wifi_poll,
plants.env,2026-07-28T05:13:03.913Z,2026-07-28 00:13:03.913,21815,6762df,y9d41p,0.7.3,fleet_logger_0_1,572460797,ESP32,esp32_die,on_chip,die_temp,,51.67,degC,OK,,,,,name=classic;source=esp32_die;cal=uncalibrated_board_proxy;api=temperatureRead;config_id=257fa022;transport=wifi_poll,
plants.soil,2026-07-28T05:13:34.287Z,2026-07-28 00:13:34.287,21816,6762df,y9d41p,0.7.3,fleet_logger_0_1,572490041,UMLIFE_v2_TLC555,ch0,origplant,soil_moisture,1573,,,OK,,,982.7,,name=classic;level=well watered;role=disp;spread=25;gpio=36;device_seq=76328;time_source=device_synced;device_timestamp_utc=2026-07-28T05:13:19.290Z;config_id=257fa022;rssi=-52;uptime_s=572490;heap=195892;cal_tier=channel-cal;cal_src=wet_rederive_1236_20260719;pressure_context_source=weather_openmeteo;transport=wifi_poll,
plants.soil,2026-07-28T05:13:34.287Z,2026-07-28 00:13:34.287,21817,6762df,y9d41p,0.7.3,fleet_logger_0_1,572490041,UMLIFE_v2_TLC555,ch1,origplant,soil_moisture,1673,,,OK,,,982.7,,name=classic;level=OK;role=disp;spread=16;gpio=39;device_seq=76329;time_source=device_synced;device_timestamp_utc=2026-07-28T05:13:19.290Z;config_id=257fa022;rssi=-52;uptime_s=572490;heap=195892;cal_tier=channel-cal;cal_src=wet_rederive_1236_20260719;pressure_context_source=weather_openmeteo;transport=wifi_poll,
plants.soil,2026-07-28T05:13:34.287Z,2026-07-28 00:13:34.287,21818,6762df,y9d41p,0.7.3,fleet_logger_0_1,572490041,UMLIFE_v2_TLC555,ch2,origplant,soil_moisture,1362,,,OK,,,982.7,,name=classic;level=overwatered;role=disp;spread=27;gpio=34;device_seq=76330;time_source=device_synced;device_timestamp_utc=2026-07-28T05:13:19.290Z;config_id=257fa022;rssi=-52;uptime_s=572490;heap=195892;cal_tier=channel-cal;cal_src=wet_rederive_1236_20260719;pressure_context_source=weather_openmeteo;transport=wifi_poll,
plants.soil,2026-07-28T05:13:34.287Z,2026-07-28 00:13:34.287,21819,6762df,y9d41p,0.7.3,fleet_logger_0_1,572490041,UMLIFE_v2_TLC555,ch3,origplant,soil_moisture,1443,,,OK,,,982.7,,name=classic;level=well watered;role=disp;spread=31;gpio=35;device_seq=76331;time_source=device_synced;device_timestamp_utc=2026-07-28T05:13:19.290Z;config_id=257fa022;rssi=-52;uptime_s=572490;heap=195892;cal_tier=channel-cal;cal_src=wet_rederive_1236_20260719;pressure_context_source=weather_openmeteo;transport=wifi_poll,
plants.env,2026-07-28T05:13:34.287Z,2026-07-28 00:13:34.287,21820,6762df,y9d41p,0.7.3,fleet_logger_0_1,572490797,ESP32,esp32_die,on_chip,die_temp,,52.78,degC,OK,,,,,name=classic;source=esp32_die;cal=uncalibrated_board_proxy;api=temperatureRead;config_id=257fa022;transport=wifi_poll,
plants.soil,2026-07-28T05:14:04.670Z,2026-07-28 00:14:04.670,21821,6762df,y9d41p,0.7.3,fleet_logger_0_1,572520041,UMLIFE_v2_TLC555,ch0,origplant,soil_moisture,1572,,,OK,,,982.7,,name=classic;level=well watered;role=disp;spread=28;gpio=36;device_seq=76332;time_source=device_synced;device_timestamp_utc=2026-07-28T05:13:49.290Z;config_id=257fa022;rssi=-52;uptime_s=572520;heap=195892;cal_tier=channel-cal;cal_src=wet_rederive_1236_20260719;pressure_context_source=weather_openmeteo;transport=wifi_poll,
plants.soil,2026-07-28T05:14:04.670Z,2026-07-28 00:14:04.670,21822,6762df,y9d41p,0.7.3,fleet_logger_0_1,572520041,UMLIFE_v2_TLC555,ch1,origplant,soil_moisture,1678,,,OK,,,982.7,,name=classic;level=OK;role=disp;spread=26;gpio=39;device_seq=76333;time_source=device_synced;device_timestamp_utc=2026-07-28T05:13:49.290Z;config_id=257fa022;rssi=-52;uptime_s=572520;heap=195892;cal_tier=channel-cal;cal_src=wet_rederive_1236_20260719;pressure_context_source=weather_openmeteo;transport=wifi_poll,
plants.soil,2026-07-28T05:14:04.670Z,2026-07-28 00:14:04.670,21823,6762df,y9d41p,0.7.3,fleet_logger_0_1,572520041,UMLIFE_v2_TLC555,ch2,origplant,soil_moisture,1368,,,OK,,,982.7,,name=classic;level=overwatered;role=disp;spread=17;gpio=34;device_seq=76334;time_source=device_synced;device_timestamp_utc=2026-07-28T05:13:49.290Z;config_id=257fa022;rssi=-52;uptime_s=572520;heap=195892;cal_tier=channel-cal;cal_src=wet_rederive_1236_20260719;pressure_context_source=weather_openmeteo;transport=wifi_poll,
plants.soil,2026-07-28T05:14:04.670Z,2026-07-28 00:14:04.670,21824,6762df,y9d41p,0.7.3,fleet_logger_0_1,572520041,UMLIFE_v2_TLC555,ch3,origplant,soil_moisture,1439,,,OK,,,982.7,,name=classic;level=well watered;role=disp;spread=17;gpio=35;device_seq=76335;time_source=device_synced;device_timestamp_utc=2026-07-28T05:13:49.290Z;config_id=257fa022;rssi=-52;uptime_s=572520;heap=195892;cal_tier=channel-cal;cal_src=wet_rederive_1236_20260719;pressure_context_source=weather_openmeteo;transport=wifi_poll,
plants.env,2026-07-28T05:14:04.670Z,2026-07-28 00:14:04.670,21825,6762df,y9d41p,0.7.3,fleet_logger_0_1,572520797,ESP32,esp32_die,on_chip,die_temp,,51.67,degC,OK,,,,,name=classic;source=esp32_die;cal=uncalibrated_board_proxy;api=temperatureRead;config_id=257fa022;transport=wifi_poll,
plants.soil,2026-07-28T05:14:34.979Z,2026-07-28 00:14:34.979,21826,6762df,y9d41p,0.7.3,fleet_logger_0_1,572550041,UMLIFE_v2_TLC555,ch0,origplant,soil_moisture,1538,,,OK,,,982.7,,name=classic;level=well watered;role=disp;spread=10;gpio=36;device_seq=76336;time_source=device_synced;device_timestamp_utc=2026-07-28T05:14:19.290Z;config_id=257fa022;rssi=-51;uptime_s=572550;heap=195620;cal_tier=channel-cal;cal_src=wet_rederive_1236_20260719;pressure_context_source=weather_openmeteo;transport=wifi_poll,
plants.soil,2026-07-28T05:14:34.979Z,2026-07-28 00:14:34.979,21827,6762df,y9d41p,0.7.3,fleet_logger_0_1,572550041,UMLIFE_v2_TLC555,ch1,origplant,soil_moisture,1666,,,OK,,,982.7,,name=classic;level=OK;role=disp;spread=33;gpio=39;device_seq=76337;time_source=device_synced;device_timestamp_utc=2026-07-28T05:14:19.290Z;config_id=257fa022;rssi=-51;uptime_s=572550;heap=195620;cal_tier=channel-cal;cal_src=wet_rederive_1236_20260719;pressure_context_source=weather_openmeteo;transport=wifi_poll,
plants.soil,2026-07-28T05:14:34.979Z,2026-07-28 00:14:34.979,21828,6762df,y9d41p,0.7.3,fleet_logger_0_1,572550041,UMLIFE_v2_TLC555,ch2,origplant,soil_moisture,1353,,,OK,,,982.7,,name=classic;level=overwatered;role=disp;spread=33;gpio=34;device_seq=76338;time_source=device_synced;device_timestamp_utc=2026-07-28T05:14:19.290Z;config_id=257fa022;rssi=-51;uptime_s=572550;heap=195620;cal_tier=channel-cal;cal_src=wet_rederive_1236_20260719;pressure_context_source=weather_openmeteo;transport=wifi_poll,
plants.soil,2026-07-28T05:14:34.979Z,2026-07-28 00:14:34.979,21829,6762df,y9d41p,0.7.3,fleet_logger_0_1,572550041,UMLIFE_v2_TLC555,ch3,origplant,soil_moisture,1437,,,OK,,,982.7,,name=classic;level=well watered;role=disp;spread=18;gpio=35;device_seq=76339;time_source=device_synced;device_timestamp_utc=2026-07-28T05:14:19.290Z;config_id=257fa022;rssi=-51;uptime_s=572550;heap=195620;cal_tier=channel-cal;cal_src=wet_rederive_1236_20260719;pressure_context_source=weather_openmeteo;transport=wifi_poll,
plants.env,2026-07-28T05:14:34.979Z,2026-07-28 00:14:34.979,21830,6762df,y9d41p,0.7.3,fleet_logger_0_1,572550797,ESP32,esp32_die,on_chip,die_temp,,51.67,degC,OK,,,,,name=classic;source=esp32_die;cal=uncalibrated_board_proxy;api=temperatureRead;config_id=257fa022;transport=wifi_poll,
plants.soil,2026-07-28T05:15:05.508Z,2026-07-28 00:15:05.508,21831,6762df,y9d41p,0.7.3,fleet_logger_0_1,572580041,UMLIFE_v2_TLC555,ch0,origplant,soil_moisture,1570,,,OK,,,982.7,,name=classic;level=well watered;role=disp;spread=34;gpio=36;device_seq=76340;time_source=device_synced;device_timestamp_utc=2026-07-28T05:14:49.290Z;config_id=257fa022;rssi=-52;uptime_s=572580;heap=195628;cal_tier=channel-cal;cal_src=wet_rederive_1236_20260719;pressure_context_source=weather_openmeteo;transport=wifi_poll,
plants.soil,2026-07-28T05:15:05.508Z,2026-07-28 00:15:05.508,21832,6762df,y9d41p,0.7.3,fleet_logger_0_1,572580041,UMLIFE_v2_TLC555,ch1,origplant,soil_moisture,1681,,,OK,,,982.7,,name=classic;level=OK;role=disp;spread=11;gpio=39;device_seq=76341;time_source=device_synced;device_timestamp_utc=2026-07-28T05:14:49.290Z;config_id=257fa022;rssi=-52;uptime_s=572580;heap=195628;cal_tier=channel-cal;cal_src=wet_rederive_1236_20260719;pressure_context_source=weather_openmeteo;transport=wifi_poll,
plants.soil,2026-07-28T05:15:05.508Z,2026-07-28 00:15:05.508,21833,6762df,y9d41p,0.7.3,fleet_logger_0_1,572580041,UMLIFE_v2_TLC555,ch2,origplant,soil_moisture,1362,,,OK,,,982.7,,name=classic;level=overwatered;role=disp;spread=36;gpio=34;device_seq=76342;time_source=device_synced;device_timestamp_utc=2026-07-28T05:14:49.290Z;config_id=257fa022;rssi=-52;uptime_s=572580;heap=195628;cal_tier=channel-cal;cal_src=wet_rederive_1236_20260719;pressure_context_source=weather_openmeteo;transport=wifi_poll,
plants.soil,2026-07-28T05:15:05.508Z,2026-07-28 00:15:05.508,21834,6762df,y9d41p,0.7.3,fleet_logger_0_1,572580041,UMLIFE_v2_TLC555,ch3,origplant,soil_moisture,1436,,,OK,,,982.7,,name=classic;level=well watered;role=disp;spread=22;gpio=35;device_seq=76343;time_source=device_synced;device_timestamp_utc=2026-07-28T05:14:49.290Z;config_id=257fa022;rssi=-52;uptime_s=572580;heap=195628;cal_tier=channel-cal;cal_src=wet_rederive_1236_20260719;pressure_context_source=weather_openmeteo;transport=wifi_poll,
plants.env,2026-07-28T05:15:05.508Z,2026-07-28 00:15:05.508,21835,6762df,y9d41p,0.7.3,fleet_logger_0_1,572580797,ESP32,esp32_die,on_chip,die_temp,,52.22,degC,OK,,,,,name=classic;source=esp32_die;cal=uncalibrated_board_proxy;api=temperatureRead;config_id=257fa022;transport=wifi_poll,
plants.soil,2026-07-28T05:15:36.033Z,2026-07-28 00:15:36.033,21836,6762df,y9d41p,0.7.3,fleet_logger_0_1,572610041,UMLIFE_v2_TLC555,ch0,origplant,soil_moisture,1569,,,OK,,,982.7,,name=classic;level=well watered;role=disp;spread=19;gpio=36;device_seq=76344;time_source=device_synced;device_timestamp_utc=2026-07-28T05:15:19.290Z;config_id=257fa022;rssi=-51;uptime_s=572610;heap=195740;cal_tier=channel-cal;cal_src=wet_rederive_1236_20260719;pressure_context_source=weather_openmeteo;transport=wifi_poll,
plants.soil,2026-07-28T05:15:36.033Z,2026-07-28 00:15:36.033,21837,6762df,y9d41p,0.7.3,fleet_logger_0_1,572610041,UMLIFE_v2_TLC555,ch1,origplant,soil_moisture,1681,,,OK,,,982.7,,name=classic;level=OK;role=disp;spread=22;gpio=39;device_seq=76345;time_source=device_synced;device_timestamp_utc=2026-07-28T05:15:19.290Z;config_id=257fa022;rssi=-51;uptime_s=572610;heap=195740;cal_tier=channel-cal;cal_src=wet_rederive_1236_20260719;pressure_context_source=weather_openmeteo;transport=wifi_poll,
plants.soil,2026-07-28T05:15:36.033Z,2026-07-28 00:15:36.033,21838,6762df,y9d41p,0.7.3,fleet_logger_0_1,572610041,UMLIFE_v2_TLC555,ch2,origplant,soil_moisture,1362,,,OK,,,982.7,,name=classic;level=overwatered;role=disp;spread=27;gpio=34;device_seq=76346;time_source=device_synced;device_timestamp_utc=2026-07-28T05:15:19.290Z;config_id=257fa022;rssi=-51;uptime_s=572610;heap=195740;cal_tier=channel-cal;cal_src=wet_rederive_1236_20260719;pressure_context_source=weather_openmeteo;transport=wifi_poll,
plants.soil,2026-07-28T05:15:36.033Z,2026-07-28 00:15:36.033,21839,6762df,y9d41p,0.7.3,fleet_logger_0_1,572610041,UMLIFE_v2_TLC555,ch3,origplant,soil_moisture,1438,,,OK,,,982.7,,name=classic;level=well watered;role=disp;spread=30;gpio=35;device_seq=76347;time_source=device_synced;device_timestamp_utc=2026-07-28T05:15:19.290Z;config_id=257fa022;rssi=-51;uptime_s=572610;heap=195740;cal_tier=channel-cal;cal_src=wet_rederive_1236_20260719;pressure_context_source=weather_openmeteo;transport=wifi_poll,
plants.env,2026-07-28T05:15:36.033Z,2026-07-28 00:15:36.033,21840,6762df,y9d41p,0.7.3,fleet_logger_0_1,572610796,ESP32,esp32_die,on_chip,die_temp,,51.11,degC,OK,,,,,name=classic;source=esp32_die;cal=uncalibrated_board_proxy;api=temperatureRead;config_id=257fa022;transport=wifi_poll,
plants.soil,2026-07-28T05:16:06.521Z,2026-07-28 00:16:06.521,21841,6762df,y9d41p,0.7.3,fleet_logger_0_1,572640041,UMLIFE_v2_TLC555,ch0,origplant,soil_moisture,1535,,,OK,,,982.7,,name=classic;level=well watered;role=disp;spread=22;gpio=36;device_seq=76348;time_source=device_synced;device_timestamp_utc=2026-07-28T05:15:49.290Z;config_id=257fa022;rssi=-52;uptime_s=572640;heap=195880;cal_tier=channel-cal;cal_src=wet_rederive_1236_20260719;pressure_context_source=weather_openmeteo;transport=wifi_poll,
plants.soil,2026-07-28T05:16:06.521Z,2026-07-28 00:16:06.521,21842,6762df,y9d41p,0.7.3,fleet_logger_0_1,572640041,UMLIFE_v2_TLC555,ch1,origplant,soil_moisture,1664,,,OK,,,982.7,,name=classic;level=OK;role=disp;spread=45;gpio=39;device_seq=76349;time_source=device_synced;device_timestamp_utc=2026-07-28T05:15:49.290Z;config_id=257fa022;rssi=-52;uptime_s=572640;heap=195880;cal_tier=channel-cal;cal_src=wet_rederive_1236_20260719;pressure_context_source=weather_openmeteo;transport=wifi_poll,
plants.soil,2026-07-28T05:16:06.521Z,2026-07-28 00:16:06.521,21843,6762df,y9d41p,0.7.3,fleet_logger_0_1,572640041,UMLIFE_v2_TLC555,ch2,origplant,soil_moisture,1357,,,OK,,,982.7,,name=classic;level=overwatered;role=disp;spread=16;gpio=34;device_seq=76350;time_source=device_synced;device_timestamp_utc=2026-07-28T05:15:49.290Z;config_id=257fa022;rssi=-52;uptime_s=572640;heap=195880;cal_tier=channel-cal;cal_src=wet_rederive_1236_20260719;pressure_context_source=weather_openmeteo;transport=wifi_poll,
plants.soil,2026-07-28T05:16:06.521Z,2026-07-28 00:16:06.521,21844,6762df,y9d41p,0.7.3,fleet_logger_0_1,572640041,UMLIFE_v2_TLC555,ch3,origplant,soil_moisture,1443,,,OK,,,982.7,,name=classic;level=well watered;role=disp;spread=21;gpio=35;device_seq=76351;time_source=device_synced;device_timestamp_utc=2026-07-28T05:15:49.290Z;config_id=257fa022;rssi=-52;uptime_s=572640;heap=195880;cal_tier=channel-cal;cal_src=wet_rederive_1236_20260719;pressure_context_source=weather_openmeteo;transport=wifi_poll,
plants.env,2026-07-28T05:16:06.521Z,2026-07-28 00:16:06.521,21845,6762df,y9d41p,0.7.3,fleet_logger_0_1,572640796,ESP32,esp32_die,on_chip,die_temp,,51.67,degC,OK,,,,,name=classic;source=esp32_die;cal=uncalibrated_board_proxy;api=temperatureRead;config_id=257fa022;transport=wifi_poll,
plants.soil,2026-07-28T05:16:36.860Z,2026-07-28 00:16:36.860,21846,6762df,y9d41p,0.7.3,fleet_logger_0_1,572670041,UMLIFE_v2_TLC555,ch0,origplant,soil_moisture,1560,,,OK,,,982.7,,name=classic;level=well watered;role=disp;spread=42;gpio=36;device_seq=76352;time_source=device_synced;device_timestamp_utc=2026-07-28T05:16:19.290Z;config_id=257fa022;rssi=-51;uptime_s=572670;heap=195880;cal_tier=channel-cal;cal_src=wet_rederive_1236_20260719;pressure_context_source=weather_openmeteo;transport=wifi_poll,
plants.soil,2026-07-28T05:16:36.860Z,2026-07-28 00:16:36.860,21847,6762df,y9d41p,0.7.3,fleet_logger_0_1,572670041,UMLIFE_v2_TLC555,ch1,origplant,soil_moisture,1678,,,OK,,,982.7,,name=classic;level=OK;role=disp;spread=39;gpio=39;device_seq=76353;time_source=device_synced;device_timestamp_utc=2026-07-28T05:16:19.290Z;config_id=257fa022;rssi=-51;uptime_s=572670;heap=195880;cal_tier=channel-cal;cal_src=wet_rederive_1236_20260719;pressure_context_source=weather_openmeteo;transport=wifi_poll,
plants.soil,2026-07-28T05:16:36.860Z,2026-07-28 00:16:36.860,21848,6762df,y9d41p,0.7.3,fleet_logger_0_1,572670041,UMLIFE_v2_TLC555,ch2,origplant,soil_moisture,1360,,,OK,,,982.7,,name=classic;level=overwatered;role=disp;spread=39;gpio=34;device_seq=76354;time_source=device_synced;device_timestamp_utc=2026-07-28T05:16:19.290Z;config_id=257fa022;rssi=-51;uptime_s=572670;heap=195880;cal_tier=channel-cal;cal_src=wet_rederive_1236_20260719;pressure_context_source=weather_openmeteo;transport=wifi_poll,
plants.soil,2026-07-28T05:16:36.860Z,2026-07-28 00:16:36.860,21849,6762df,y9d41p,0.7.3,fleet_logger_0_1,572670041,UMLIFE_v2_TLC555,ch3,origplant,soil_moisture,1438,,,OK,,,982.7,,name=classic;level=well watered;role=disp;spread=29;gpio=35;device_seq=76355;time_source=device_synced;device_timestamp_utc=2026-07-28T05:16:19.290Z;config_id=257fa022;rssi=-51;uptime_s=572670;heap=195880;cal_tier=channel-cal;cal_src=wet_rederive_1236_20260719;pressure_context_source=weather_openmeteo;transport=wifi_poll,
plants.env,2026-07-28T05:16:36.860Z,2026-07-28 00:16:36.860,21850,6762df,y9d41p,0.7.3,fleet_logger_0_1,572670796,ESP32,esp32_die,on_chip,die_temp,,52.22,degC,OK,,,,,name=classic;source=esp32_die;cal=uncalibrated_board_proxy;api=temperatureRead;config_id=257fa022;transport=wifi_poll,
plants.soil,2026-07-28T05:17:07.478Z,2026-07-28 00:17:07.478,21851,6762df,y9d41p,0.7.3,fleet_logger_0_1,572700041,UMLIFE_v2_TLC555,ch0,origplant,soil_moisture,1537,,,OK,,,982.7,,name=classic;level=well watered;role=disp;spread=32;gpio=36;device_seq=76356;time_source=device_synced;device_timestamp_utc=2026-07-28T05:16:49.290Z;config_id=257fa022;rssi=-52;uptime_s=572700;heap=195868;cal_tier=channel-cal;cal_src=wet_rederive_1236_20260719;pressure_context_source=weather_openmeteo;transport=wifi_poll,
plants.soil,2026-07-28T05:17:07.478Z,2026-07-28 00:17:07.478,21852,6762df,y9d41p,0.7.3,fleet_logger_0_1,572700041,UMLIFE_v2_TLC555,ch1,origplant,soil_moisture,1650,,,OK,,,982.7,,name=classic;level=OK;role=disp;spread=28;gpio=39;device_seq=76357;time_source=device_synced;device_timestamp_utc=2026-07-28T05:16:49.290Z;config_id=257fa022;rssi=-52;uptime_s=572700;heap=195868;cal_tier=channel-cal;cal_src=wet_rederive_1236_20260719;pressure_context_source=weather_openmeteo;transport=wifi_poll,
plants.soil,2026-07-28T05:17:07.478Z,2026-07-28 00:17:07.478,21853,6762df,y9d41p,0.7.3,fleet_logger_0_1,572700041,UMLIFE_v2_TLC555,ch2,origplant,soil_moisture,1334,,,OK,,,982.7,,name=classic;level=overwatered;role=disp;spread=35;gpio=34;device_seq=76358;time_source=device_synced;device_timestamp_utc=2026-07-28T05:16:49.290Z;config_id=257fa022;rssi=-52;uptime_s=572700;heap=195868;cal_tier=channel-cal;cal_src=wet_rederive_1236_20260719;pressure_context_source=weather_openmeteo;transport=wifi_poll,
plants.soil,2026-07-28T05:17:07.478Z,2026-07-28 00:17:07.478,21854,6762df,y9d41p,0.7.3,fleet_logger_0_1,572700041,UMLIFE_v2_TLC555,ch3,origplant,soil_moisture,1418,,,OK,,,982.7,,name=classic;level=well watered;role=disp;spread=22;gpio=35;device_seq=76359;time_source=device_synced;device_timestamp_utc=2026-07-28T05:16:49.290Z;config_id=257fa022;rssi=-52;uptime_s=572700;heap=195868;cal_tier=channel-cal;cal_src=wet_rederive_1236_20260719;pressure_context_source=weather_openmeteo;transport=wifi_poll,
plants.env,2026-07-28T05:17:07.478Z,2026-07-28 00:17:07.478,21855,6762df,y9d41p,0.7.3,fleet_logger_0_1,572700796,ESP32,esp32_die,on_chip,die_temp,,52.22,degC,OK,,,,,name=classic;source=esp32_die;cal=uncalibrated_board_proxy;api=temperatureRead;config_id=257fa022;transport=wifi_poll,
plants.soil,2026-07-28T05:17:38.035Z,2026-07-28 00:17:38.035,21856,6762df,y9d41p,0.7.3,fleet_logger_0_1,572730041,UMLIFE_v2_TLC555,ch0,origplant,soil_moisture,1535,,,OK,,,982.7,,name=classic;level=well watered;role=disp;spread=61;gpio=36;device_seq=76360;time_source=device_synced;device_timestamp_utc=2026-07-28T05:17:19.290Z;config_id=257fa022;rssi=-54;uptime_s=572730;heap=190484;cal_tier=channel-cal;cal_src=wet_rederive_1236_20260719;pressure_context_source=weather_openmeteo;transport=wifi_poll,
plants.soil,2026-07-28T05:17:38.035Z,2026-07-28 00:17:38.035,21857,6762df,y9d41p,0.7.3,fleet_logger_0_1,572730041,UMLIFE_v2_TLC555,ch1,origplant,soil_moisture,1650,,,OK,,,982.7,,name=classic;level=OK;role=disp;spread=53;gpio=39;device_seq=76361;time_source=device_synced;device_timestamp_utc=2026-07-28T05:17:19.290Z;config_id=257fa022;rssi=-54;uptime_s=572730;heap=190484;cal_tier=channel-cal;cal_src=wet_rederive_1236_20260719;pressure_context_source=weather_openmeteo;transport=wifi_poll,
plants.soil,2026-07-28T05:17:38.035Z,2026-07-28 00:17:38.035,21858,6762df,y9d41p,0.7.3,fleet_logger_0_1,572730041,UMLIFE_v2_TLC555,ch2,origplant,soil_moisture,1354,,,OK,,,982.7,,name=classic;level=overwatered;role=disp;spread=29;gpio=34;device_seq=76362;time_source=device_synced;device_timestamp_utc=2026-07-28T05:17:19.290Z;config_id=257fa022;rssi=-54;uptime_s=572730;heap=190484;cal_tier=channel-cal;cal_src=wet_rederive_1236_20260719;pressure_context_source=weather_openmeteo;transport=wifi_poll,
plants.soil,2026-07-28T05:17:38.035Z,2026-07-28 00:17:38.035,21859,6762df,y9d41p,0.7.3,fleet_logger_0_1,572730041,UMLIFE_v2_TLC555,ch3,origplant,soil_moisture,1440,,,OK,,,982.7,,name=classic;level=well watered;role=disp;spread=32;gpio=35;device_seq=76363;time_source=device_synced;device_timestamp_utc=2026-07-28T05:17:19.290Z;config_id=257fa022;rssi=-54;uptime_s=572730;heap=190484;cal_tier=channel-cal;cal_src=wet_rederive_1236_20260719;pressure_context_source=weather_openmeteo;transport=wifi_poll,
plants.env,2026-07-28T05:17:38.035Z,2026-07-28 00:17:38.035,21860,6762df,y9d41p,0.7.3,fleet_logger_0_1,572730797,ESP32,esp32_die,on_chip,die_temp,,51.11,degC,OK,,,,,name=classic;source=esp32_die;cal=uncalibrated_board_proxy;api=temperatureRead;config_id=257fa022;transport=wifi_poll,
plants.soil,2026-07-28T05:18:08.711Z,2026-07-28 00:18:08.711,21861,6762df,y9d41p,0.7.3,fleet_logger_0_1,572760041,UMLIFE_v2_TLC555,ch0,origplant,soil_moisture,1536,,,OK,,,982.7,,name=classic;level=well watered;role=disp;spread=31;gpio=36;device_seq=76364;time_source=device_synced;device_timestamp_utc=2026-07-28T05:17:49.290Z;config_id=257fa022;rssi=-54;uptime_s=572760;heap=193096;cal_tier=channel-cal;cal_src=wet_rederive_1236_20260719;pressure_context_source=weather_openmeteo;transport=wifi_poll,
plants.soil,2026-07-28T05:18:08.711Z,2026-07-28 00:18:08.711,21862,6762df,y9d41p,0.7.3,fleet_logger_0_1,572760041,UMLIFE_v2_TLC555,ch1,origplant,soil_moisture,1663,,,OK,,,982.7,,name=classic;level=OK;role=disp;spread=35;gpio=39;device_seq=76365;time_source=device_synced;device_timestamp_utc=2026-07-28T05:17:49.290Z;config_id=257fa022;rssi=-54;uptime_s=572760;heap=193096;cal_tier=channel-cal;cal_src=wet_rederive_1236_20260719;pressure_context_source=weather_openmeteo;transport=wifi_poll,
plants.soil,2026-07-28T05:18:08.711Z,2026-07-28 00:18:08.711,21863,6762df,y9d41p,0.7.3,fleet_logger_0_1,572760041,UMLIFE_v2_TLC555,ch2,origplant,soil_moisture,1353,,,OK,,,982.7,,name=classic;level=overwatered;role=disp;spread=59;gpio=34;device_seq=76366;time_source=device_synced;device_timestamp_utc=2026-07-28T05:17:49.290Z;config_id=257fa022;rssi=-54;uptime_s=572760;heap=193096;cal_tier=channel-cal;cal_src=wet_rederive_1236_20260719;pressure_context_source=weather_openmeteo;transport=wifi_poll,
plants.soil,2026-07-28T05:18:08.711Z,2026-07-28 00:18:08.711,21864,6762df,y9d41p,0.7.3,fleet_logger_0_1,572760041,UMLIFE_v2_TLC555,ch3,origplant,soil_moisture,1434,,,OK,,,982.7,,name=classic;level=well watered;role=disp;spread=22;gpio=35;device_seq=76367;time_source=device_synced;device_timestamp_utc=2026-07-28T05:17:49.290Z;config_id=257fa022;rssi=-54;uptime_s=572760;heap=193096;cal_tier=channel-cal;cal_src=wet_rederive_1236_20260719;pressure_context_source=weather_openmeteo;transport=wifi_poll,
plants.env,2026-07-28T05:18:08.711Z,2026-07-28 00:18:08.711,21865,6762df,y9d41p,0.7.3,fleet_logger_0_1,572760797,ESP32,esp32_die,on_chip,die_temp,,51.67,degC,OK,,,,,name=classic;source=esp32_die;cal=uncalibrated_board_proxy;api=temperatureRead;config_id=257fa022;transport=wifi_poll,
plants.soil,2026-07-28T05:18:39.017Z,2026-07-28 00:18:39.017,21866,6762df,y9d41p,0.7.3,fleet_logger_0_1,572790041,UMLIFE_v2_TLC555,ch0,origplant,soil_moisture,1538,,,OK,,,982.7,,name=classic;level=well watered;role=disp;spread=32;gpio=36;device_seq=76368;time_source=device_synced;device_timestamp_utc=2026-07-28T05:18:19.290Z;config_id=257fa022;rssi=-53;uptime_s=572790;heap=195872;cal_tier=channel-cal;cal_src=wet_rederive_1236_20260719;pressure_context_source=weather_openmeteo;transport=wifi_poll,
plants.soil,2026-07-28T05:18:39.017Z,2026-07-28 00:18:39.017,21867,6762df,y9d41p,0.7.3,fleet_logger_0_1,572790041,UMLIFE_v2_TLC555,ch1,origplant,soil_moisture,1666,,,OK,,,982.7,,name=classic;level=OK;role=disp;spread=28;gpio=39;device_seq=76369;time_source=device_synced;device_timestamp_utc=2026-07-28T05:18:19.290Z;config_id=257fa022;rssi=-53;uptime_s=572790;heap=195872;cal_tier=channel-cal;cal_src=wet_rederive_1236_20260719;pressure_context_source=weather_openmeteo;transport=wifi_poll,
plants.soil,2026-07-28T05:18:39.017Z,2026-07-28 00:18:39.017,21868,6762df,y9d41p,0.7.3,fleet_logger_0_1,572790041,UMLIFE_v2_TLC555,ch2,origplant,soil_moisture,1360,,,OK,,,982.7,,name=classic;level=overwatered;role=disp;spread=9;gpio=34;device_seq=76370;time_source=device_synced;device_timestamp_utc=2026-07-28T05:18:19.290Z;config_id=257fa022;rssi=-53;uptime_s=572790;heap=195872;cal_tier=channel-cal;cal_src=wet_rederive_1236_20260719;pressure_context_source=weather_openmeteo;transport=wifi_poll,
plants.soil,2026-07-28T05:18:39.017Z,2026-07-28 00:18:39.017,21869,6762df,y9d41p,0.7.3,fleet_logger_0_1,572790041,UMLIFE_v2_TLC555,ch3,origplant,soil_moisture,1441,,,OK,,,982.7,,name=classic;level=well watered;role=disp;spread=24;gpio=35;device_seq=76371;time_source=device_synced;device_timestamp_utc=2026-07-28T05:18:19.290Z;config_id=257fa022;rssi=-53;uptime_s=572790;heap=195872;cal_tier=channel-cal;cal_src=wet_rederive_1236_20260719;pressure_context_source=weather_openmeteo;transport=wifi_poll,
plants.env,2026-07-28T05:18:39.017Z,2026-07-28 00:18:39.017,21870,6762df,y9d41p,0.7.3,fleet_logger_0_1,572790796,ESP32,esp32_die,on_chip,die_temp,,52.22,degC,OK,,,,,name=classic;source=esp32_die;cal=uncalibrated_board_proxy;api=temperatureRead;config_id=257fa022;transport=wifi_poll,
plants.soil,2026-07-28T05:19:09.431Z,2026-07-28 00:19:09.431,21871,6762df,y9d41p,0.7.3,fleet_logger_0_1,572820041,UMLIFE_v2_TLC555,ch0,origplant,soil_moisture,1542,,,OK,,,982.7,,name=classic;level=well watered;role=disp;spread=34;gpio=36;device_seq=76372;time_source=device_synced;device_timestamp_utc=2026-07-28T05:18:49.290Z;config_id=257fa022;rssi=-54;uptime_s=572820;heap=195868;cal_tier=channel-cal;cal_src=wet_rederive_1236_20260719;pressure_context_source=weather_openmeteo;transport=wifi_poll,
plants.soil,2026-07-28T05:19:09.431Z,2026-07-28 00:19:09.431,21872,6762df,y9d41p,0.7.3,fleet_logger_0_1,572820041,UMLIFE_v2_TLC555,ch1,origplant,soil_moisture,1649,,,OK,,,982.7,,name=classic;level=OK;role=disp;spread=26;gpio=39;device_seq=76373;time_source=device_synced;device_timestamp_utc=2026-07-28T05:18:49.290Z;config_id=257fa022;rssi=-54;uptime_s=572820;heap=195868;cal_tier=channel-cal;cal_src=wet_rederive_1236_20260719;pressure_context_source=weather_openmeteo;transport=wifi_poll,
plants.soil,2026-07-28T05:19:09.431Z,2026-07-28 00:19:09.431,21873,6762df,y9d41p,0.7.3,fleet_logger_0_1,572820041,UMLIFE_v2_TLC555,ch2,origplant,soil_moisture,1331,,,OK,,,982.7,,name=classic;level=overwatered;role=disp;spread=48;gpio=34;device_seq=76374;time_source=device_synced;device_timestamp_utc=2026-07-28T05:18:49.290Z;config_id=257fa022;rssi=-54;uptime_s=572820;heap=195868;cal_tier=channel-cal;cal_src=wet_rederive_1236_20260719;pressure_context_source=weather_openmeteo;transport=wifi_poll,
plants.soil,2026-07-28T05:19:09.431Z,2026-07-28 00:19:09.431,21874,6762df,y9d41p,0.7.3,fleet_logger_0_1,572820041,UMLIFE_v2_TLC555,ch3,origplant,soil_moisture,1420,,,OK,,,982.7,,name=classic;level=well watered;role=disp;spread=18;gpio=35;device_seq=76375;time_source=device_synced;device_timestamp_utc=2026-07-28T05:18:49.290Z;config_id=257fa022;rssi=-54;uptime_s=572820;heap=195868;cal_tier=channel-cal;cal_src=wet_rederive_1236_20260719;pressure_context_source=weather_openmeteo;transport=wifi_poll,
plants.env,2026-07-28T05:19:09.431Z,2026-07-28 00:19:09.431,21875,6762df,y9d41p,0.7.3,fleet_logger_0_1,572820796,ESP32,esp32_die,on_chip,die_temp,,52.22,degC,OK,,,,,name=classic;source=esp32_die;cal=uncalibrated_board_proxy;api=temperatureRead;config_id=257fa022;transport=wifi_poll,
plants.soil,2026-07-28T05:19:39.946Z,2026-07-28 00:19:39.946,21876,6762df,y9d41p,0.7.3,fleet_logger_0_1,572850041,UMLIFE_v2_TLC555,ch0,origplant,soil_moisture,1537,,,OK,,,982.7,,name=classic;level=well watered;role=disp;spread=50;gpio=36;device_seq=76376;time_source=device_synced;device_timestamp_utc=2026-07-28T05:19:19.290Z;config_id=257fa022;rssi=-54;uptime_s=572850;heap=195864;cal_tier=channel-cal;cal_src=wet_rederive_1236_20260719;pressure_context_source=weather_openmeteo;transport=wifi_poll,
plants.soil,2026-07-28T05:19:39.946Z,2026-07-28 00:19:39.946,21877,6762df,y9d41p,0.7.3,fleet_logger_0_1,572850041,UMLIFE_v2_TLC555,ch1,origplant,soil_moisture,1654,,,OK,,,982.7,,name=classic;level=OK;role=disp;spread=36;gpio=39;device_seq=76377;time_source=device_synced;device_timestamp_utc=2026-07-28T05:19:19.290Z;config_id=257fa022;rssi=-54;uptime_s=572850;heap=195864;cal_tier=channel-cal;cal_src=wet_rederive_1236_20260719;pressure_context_source=weather_openmeteo;transport=wifi_poll,
plants.soil,2026-07-28T05:19:39.946Z,2026-07-28 00:19:39.946,21878,6762df,y9d41p,0.7.3,fleet_logger_0_1,572850041,UMLIFE_v2_TLC555,ch2,origplant,soil_moisture,1353,,,OK,,,982.7,,name=classic;level=overwatered;role=disp;spread=37;gpio=34;device_seq=76378;time_source=device_synced;device_timestamp_utc=2026-07-28T05:19:19.290Z;config_id=257fa022;rssi=-54;uptime_s=572850;heap=195864;cal_tier=channel-cal;cal_src=wet_rederive_1236_20260719;pressure_context_source=weather_openmeteo;transport=wifi_poll,
plants.soil,2026-07-28T05:19:39.946Z,2026-07-28 00:19:39.946,21879,6762df,y9d41p,0.7.3,fleet_logger_0_1,572850041,UMLIFE_v2_TLC555,ch3,origplant,soil_moisture,1445,,,OK,,,982.7,,name=classic;level=well watered;role=disp;spread=27;gpio=35;device_seq=76379;time_source=device_synced;device_timestamp_utc=2026-07-28T05:19:19.290Z;config_id=257fa022;rssi=-54;uptime_s=572850;heap=195864;cal_tier=channel-cal;cal_src=wet_rederive_1236_20260719;pressure_context_source=weather_openmeteo;transport=wifi_poll,
plants.env,2026-07-28T05:19:39.946Z,2026-07-28 00:19:39.946,21880,6762df,y9d41p,0.7.3,fleet_logger_0_1,572850796,ESP32,esp32_die,on_chip,die_temp,,51.67,degC,OK,,,,,name=classic;source=esp32_die;cal=uncalibrated_board_proxy;api=temperatureRead;config_id=257fa022;transport=wifi_poll,
plants.soil,2026-07-28T05:20:10.357Z,2026-07-28 00:20:10.357,21881,6762df,y9d41p,0.7.3,fleet_logger_0_1,572880041,UMLIFE_v2_TLC555,ch0,origplant,soil_moisture,1540,,,OK,,,982.7,,name=classic;level=well watered;role=disp;spread=22;gpio=36;device_seq=76380;time_source=device_synced;device_timestamp_utc=2026-07-28T05:19:49.290Z;config_id=257fa022;rssi=-54;uptime_s=572880;heap=195864;cal_tier=channel-cal;cal_src=wet_rederive_1236_20260719;pressure_context_source=weather_openmeteo;transport=wifi_poll,
plants.soil,2026-07-28T05:20:10.357Z,2026-07-28 00:20:10.357,21882,6762df,y9d41p,0.7.3,fleet_logger_0_1,572880041,UMLIFE_v2_TLC555,ch1,origplant,soil_moisture,1644,,,OK,,,982.7,,name=classic;level=OK;role=disp;spread=19;gpio=39;device_seq=76381;time_source=device_synced;device_timestamp_utc=2026-07-28T05:19:49.290Z;config_id=257fa022;rssi=-54;uptime_s=572880;heap=195864;cal_tier=channel-cal;cal_src=wet_rederive_1236_20260719;pressure_context_source=weather_openmeteo;transport=wifi_poll,
plants.soil,2026-07-28T05:20:10.357Z,2026-07-28 00:20:10.357,21883,6762df,y9d41p,0.7.3,fleet_logger_0_1,572880041,UMLIFE_v2_TLC555,ch2,origplant,soil_moisture,1338,,,OK,,,982.7,,name=classic;level=overwatered;role=disp;spread=32;gpio=34;device_seq=76382;time_source=device_synced;device_timestamp_utc=2026-07-28T05:19:49.290Z;config_id=257fa022;rssi=-54;uptime_s=572880;heap=195864;cal_tier=channel-cal;cal_src=wet_rederive_1236_20260719;pressure_context_source=weather_openmeteo;transport=wifi_poll,
plants.soil,2026-07-28T05:20:10.357Z,2026-07-28 00:20:10.357,21884,6762df,y9d41p,0.7.3,fleet_logger_0_1,572880041,UMLIFE_v2_TLC555,ch3,origplant,soil_moisture,1432,,,OK,,,982.7,,name=classic;level=well watered;role=disp;spread=22;gpio=35;device_seq=76383;time_source=device_synced;device_timestamp_utc=2026-07-28T05:19:49.290Z;config_id=257fa022;rssi=-54;uptime_s=572880;heap=195864;cal_tier=channel-cal;cal_src=wet_rederive_1236_20260719;pressure_context_source=weather_openmeteo;transport=wifi_poll,
plants.env,2026-07-28T05:20:10.357Z,2026-07-28 00:20:10.357,21885,6762df,y9d41p,0.7.3,fleet_logger_0_1,572880796,ESP32,esp32_die,on_chip,die_temp,,51.67,degC,OK,,,,,name=classic;source=esp32_die;cal=uncalibrated_board_proxy;api=temperatureRead;config_id=257fa022;transport=wifi_poll,
plants.soil,2026-07-28T05:20:40.716Z,2026-07-28 00:20:40.716,21886,6762df,y9d41p,0.7.3,fleet_logger_0_1,572910041,UMLIFE_v2_TLC555,ch0,origplant,soil_moisture,1538,,,OK,,,982.7,,name=classic;level=well watered;role=disp;spread=8;gpio=36;device_seq=76384;time_source=device_synced;device_timestamp_utc=2026-07-28T05:20:19.290Z;config_id=257fa022;rssi=-53;uptime_s=572910;heap=195600;cal_tier=channel-cal;cal_src=wet_rederive_1236_20260719;pressure_context_source=weather_openmeteo;transport=wifi_poll,
plants.soil,2026-07-28T05:20:40.716Z,2026-07-28 00:20:40.716,21887,6762df,y9d41p,0.7.3,fleet_logger_0_1,572910041,UMLIFE_v2_TLC555,ch1,origplant,soil_moisture,1651,,,OK,,,982.7,,name=classic;level=OK;role=disp;spread=24;gpio=39;device_seq=76385;time_source=device_synced;device_timestamp_utc=2026-07-28T05:20:19.290Z;config_id=257fa022;rssi=-53;uptime_s=572910;heap=195600;cal_tier=channel-cal;cal_src=wet_rederive_1236_20260719;pressure_context_source=weather_openmeteo;transport=wifi_poll,
plants.soil,2026-07-28T05:20:40.716Z,2026-07-28 00:20:40.716,21888,6762df,y9d41p,0.7.3,fleet_logger_0_1,572910041,UMLIFE_v2_TLC555,ch2,origplant,soil_moisture,1342,,,OK,,,982.7,,name=classic;level=overwatered;role=disp;spread=26;gpio=34;device_seq=76386;time_source=device_synced;device_timestamp_utc=2026-07-28T05:20:19.290Z;config_id=257fa022;rssi=-53;uptime_s=572910;heap=195600;cal_tier=channel-cal;cal_src=wet_rederive_1236_20260719;pressure_context_source=weather_openmeteo;transport=wifi_poll,
plants.soil,2026-07-28T05:20:40.716Z,2026-07-28 00:20:40.716,21889,6762df,y9d41p,0.7.3,fleet_logger_0_1,572910041,UMLIFE_v2_TLC555,ch3,origplant,soil_moisture,1426,,,OK,,,982.7,,name=classic;level=well watered;role=disp;spread=15;gpio=35;device_seq=76387;time_source=device_synced;device_timestamp_utc=2026-07-28T05:20:19.290Z;config_id=257fa022;rssi=-53;uptime_s=572910;heap=195600;cal_tier=channel-cal;cal_src=wet_rederive_1236_20260719;pressure_context_source=weather_openmeteo;transport=wifi_poll,
plants.env,2026-07-28T05:20:40.716Z,2026-07-28 00:20:40.716,21890,6762df,y9d41p,0.7.3,fleet_logger_0_1,572910796,ESP32,esp32_die,on_chip,die_temp,,52.22,degC,OK,,,,,name=classic;source=esp32_die;cal=uncalibrated_board_proxy;api=temperatureRead;config_id=257fa022;transport=wifi_poll,
plants.soil,2026-07-28T05:21:11.081Z,2026-07-28 00:21:11.081,21891,6762df,y9d41p,0.7.3,fleet_logger_0_1,572940041,UMLIFE_v2_TLC555,ch0,origplant,soil_moisture,1538,,,OK,,,982.7,,name=classic;level=well watered;role=disp;spread=50;gpio=36;device_seq=76388;time_source=device_synced;device_timestamp_utc=2026-07-28T05:20:49.290Z;config_id=257fa022;rssi=-53;uptime_s=572940;heap=195624;cal_tier=channel-cal;cal_src=wet_rederive_1236_20260719;pressure_context_source=weather_openmeteo;transport=wifi_poll,
plants.soil,2026-07-28T05:21:11.081Z,2026-07-28 00:21:11.081,21892,6762df,y9d41p,0.7.3,fleet_logger_0_1,572940041,UMLIFE_v2_TLC555,ch1,origplant,soil_moisture,1650,,,OK,,,982.7,,name=classic;level=OK;role=disp;spread=22;gpio=39;device_seq=76389;time_source=device_synced;device_timestamp_utc=2026-07-28T05:20:49.290Z;config_id=257fa022;rssi=-53;uptime_s=572940;heap=195624;cal_tier=channel-cal;cal_src=wet_rederive_1236_20260719;pressure_context_source=weather_openmeteo;transport=wifi_poll,
plants.soil,2026-07-28T05:21:11.081Z,2026-07-28 00:21:11.081,21893,6762df,y9d41p,0.7.3,fleet_logger_0_1,572940041,UMLIFE_v2_TLC555,ch2,origplant,soil_moisture,1327,,,OK,,,982.7,,name=classic;level=overwatered;role=disp;spread=57;gpio=34;device_seq=76390;time_source=device_synced;device_timestamp_utc=2026-07-28T05:20:49.290Z;config_id=257fa022;rssi=-53;uptime_s=572940;heap=195624;cal_tier=channel-cal;cal_src=wet_rederive_1236_20260719;pressure_context_source=weather_openmeteo;transport=wifi_poll,
plants.soil,2026-07-28T05:21:11.081Z,2026-07-28 00:21:11.081,21894,6762df,y9d41p,0.7.3,fleet_logger_0_1,572940041,UMLIFE_v2_TLC555,ch3,origplant,soil_moisture,1424,,,OK,,,982.7,,name=classic;level=well watered;role=disp;spread=20;gpio=35;device_seq=76391;time_source=device_synced;device_timestamp_utc=2026-07-28T05:20:49.290Z;config_id=257fa022;rssi=-53;uptime_s=572940;heap=195624;cal_tier=channel-cal;cal_src=wet_rederive_1236_20260719;pressure_context_source=weather_openmeteo;transport=wifi_poll,
plants.env,2026-07-28T05:21:11.081Z,2026-07-28 00:21:11.081,21895,6762df,y9d41p,0.7.3,fleet_logger_0_1,572940797,ESP32,esp32_die,on_chip,die_temp,,51.11,degC,OK,,,,,name=classic;source=esp32_die;cal=uncalibrated_board_proxy;api=temperatureRead;config_id=257fa022;transport=wifi_poll,
plants.soil,2026-07-28T05:21:41.574Z,2026-07-28 00:21:41.574,21896,6762df,y9d41p,0.7.3,fleet_logger_0_1,572970041,UMLIFE_v2_TLC555,ch0,origplant,soil_moisture,1540,,,OK,,,982.7,,name=classic;level=well watered;role=disp;spread=39;gpio=36;device_seq=76392;time_source=device_synced;device_timestamp_utc=2026-07-28T05:21:19.290Z;config_id=257fa022;rssi=-54;uptime_s=572970;heap=195880;cal_tier=channel-cal;cal_src=wet_rederive_1236_20260719;pressure_context_source=weather_openmeteo;transport=wifi_poll,
plants.soil,2026-07-28T05:21:41.574Z,2026-07-28 00:21:41.574,21897,6762df,y9d41p,0.7.3,fleet_logger_0_1,572970041,UMLIFE_v2_TLC555,ch1,origplant,soil_moisture,1647,,,OK,,,982.7,,name=classic;level=OK;role=disp;spread=42;gpio=39;device_seq=76393;time_source=device_synced;device_timestamp_utc=2026-07-28T05:21:19.290Z;config_id=257fa022;rssi=-54;uptime_s=572970;heap=195880;cal_tier=channel-cal;cal_src=wet_rederive_1236_20260719;pressure_context_source=weather_openmeteo;transport=wifi_poll,
plants.soil,2026-07-28T05:21:41.574Z,2026-07-28 00:21:41.574,21898,6762df,y9d41p,0.7.3,fleet_logger_0_1,572970041,UMLIFE_v2_TLC555,ch2,origplant,soil_moisture,1332,,,OK,,,982.7,,name=classic;level=overwatered;role=disp;spread=37;gpio=34;device_seq=76394;time_source=device_synced;device_timestamp_utc=2026-07-28T05:21:19.290Z;config_id=257fa022;rssi=-54;uptime_s=572970;heap=195880;cal_tier=channel-cal;cal_src=wet_rederive_1236_20260719;pressure_context_source=weather_openmeteo;transport=wifi_poll,
plants.soil,2026-07-28T05:21:41.574Z,2026-07-28 00:21:41.574,21899,6762df,y9d41p,0.7.3,fleet_logger_0_1,572970041,UMLIFE_v2_TLC555,ch3,origplant,soil_moisture,1430,,,OK,,,982.7,,name=classic;level=well watered;role=disp;spread=18;gpio=35;device_seq=76395;time_source=device_synced;device_timestamp_utc=2026-07-28T05:21:19.290Z;config_id=257fa022;rssi=-54;uptime_s=572970;heap=195880;cal_tier=channel-cal;cal_src=wet_rederive_1236_20260719;pressure_context_source=weather_openmeteo;transport=wifi_poll,
plants.env,2026-07-28T05:21:41.574Z,2026-07-28 00:21:41.574,21900,6762df,y9d41p,0.7.3,fleet_logger_0_1,572970797,ESP32,esp32_die,on_chip,die_temp,,51.67,degC,OK,,,,,name=classic;source=esp32_die;cal=uncalibrated_board_proxy;api=temperatureRead;config_id=257fa022;transport=wifi_poll,
plants.soil,2026-07-28T05:22:12.007Z,2026-07-28 00:22:12.007,21901,6762df,y9d41p,0.7.3,fleet_logger_0_1,573000041,UMLIFE_v2_TLC555,ch0,origplant,soil_moisture,1546,,,OK,,,982.7,,name=classic;level=well watered;role=disp;spread=48;gpio=36;device_seq=76396;time_source=device_synced;device_timestamp_utc=2026-07-28T05:21:49.290Z;config_id=257fa022;rssi=-53;uptime_s=573000;heap=195880;cal_tier=channel-cal;cal_src=wet_rederive_1236_20260719;pressure_context_source=weather_openmeteo;transport=wifi_poll,
plants.soil,2026-07-28T05:22:12.007Z,2026-07-28 00:22:12.007,21902,6762df,y9d41p,0.7.3,fleet_logger_0_1,573000041,UMLIFE_v2_TLC555,ch1,origplant,soil_moisture,1648,,,OK,,,982.7,,name=classic;level=OK;role=disp;spread=34;gpio=39;device_seq=76397;time_source=device_synced;device_timestamp_utc=2026-07-28T05:21:49.290Z;config_id=257fa022;rssi=-53;uptime_s=573000;heap=195880;cal_tier=channel-cal;cal_src=wet_rederive_1236_20260719;pressure_context_source=weather_openmeteo;transport=wifi_poll,
plants.soil,2026-07-28T05:22:12.007Z,2026-07-28 00:22:12.007,21903,6762df,y9d41p,0.7.3,fleet_logger_0_1,573000041,UMLIFE_v2_TLC555,ch2,origplant,soil_moisture,1335,,,OK,,,982.7,,name=classic;level=overwatered;role=disp;spread=20;gpio=34;device_seq=76398;time_source=device_synced;device_timestamp_utc=2026-07-28T05:21:49.290Z;config_id=257fa022;rssi=-53;uptime_s=573000;heap=195880;cal_tier=channel-cal;cal_src=wet_rederive_1236_20260719;pressure_context_source=weather_openmeteo;transport=wifi_poll,
plants.soil,2026-07-28T05:22:12.007Z,2026-07-28 00:22:12.007,21904,6762df,y9d41p,0.7.3,fleet_logger_0_1,573000041,UMLIFE_v2_TLC555,ch3,origplant,soil_moisture,1415,,,OK,,,982.7,,name=classic;level=well watered;role=disp;spread=21;gpio=35;device_seq=76399;time_source=device_synced;device_timestamp_utc=2026-07-28T05:21:49.290Z;config_id=257fa022;rssi=-53;uptime_s=573000;heap=195880;cal_tier=channel-cal;cal_src=wet_rederive_1236_20260719;pressure_context_source=weather_openmeteo;transport=wifi_poll,
plants.env,2026-07-28T05:22:12.007Z,2026-07-28 00:22:12.007,21905,6762df,y9d41p,0.7.3,fleet_logger_0_1,573001863,ESP32,esp32_die,on_chip,die_temp,,51.11,degC,OK,,,,,name=classic;source=esp32_die;cal=uncalibrated_board_proxy;api=temperatureRead;config_id=257fa022;transport=wifi_poll,
plants.soil,2026-07-28T05:22:42.420Z,2026-07-28 00:22:42.420,21906,6762df,y9d41p,0.7.3,fleet_logger_0_1,573030041,UMLIFE_v2_TLC555,ch0,origplant,soil_moisture,1542,,,OK,,,982.7,,name=classic;level=well watered;role=disp;spread=45;gpio=36;device_seq=76400;time_source=device_synced;device_timestamp_utc=2026-07-28T05:22:19.290Z;config_id=257fa022;rssi=-53;uptime_s=573030;heap=195880;cal_tier=channel-cal;cal_src=wet_rederive_1236_20260719;pressure_context_source=weather_openmeteo;transport=wifi_poll,
plants.soil,2026-07-28T05:22:42.420Z,2026-07-28 00:22:42.420,21907,6762df,y9d41p,0.7.3,fleet_logger_0_1,573030041,UMLIFE_v2_TLC555,ch1,origplant,soil_moisture,1651,,,OK,,,982.7,,name=classic;level=OK;role=disp;spread=38;gpio=39;device_seq=76401;time_source=device_synced;device_timestamp_utc=2026-07-28T05:22:19.290Z;config_id=257fa022;rssi=-53;uptime_s=573030;heap=195880;cal_tier=channel-cal;cal_src=wet_rederive_1236_20260719;pressure_context_source=weather_openmeteo;transport=wifi_poll,
plants.soil,2026-07-28T05:22:42.420Z,2026-07-28 00:22:42.420,21908,6762df,y9d41p,0.7.3,fleet_logger_0_1,573030041,UMLIFE_v2_TLC555,ch2,origplant,soil_moisture,1331,,,OK,,,982.7,,name=classic;level=overwatered;role=disp;spread=27;gpio=34;device_seq=76402;time_source=device_synced;device_timestamp_utc=2026-07-28T05:22:19.290Z;config_id=257fa022;rssi=-53;uptime_s=573030;heap=195880;cal_tier=channel-cal;cal_src=wet_rederive_1236_20260719;pressure_context_source=weather_openmeteo;transport=wifi_poll,
plants.soil,2026-07-28T05:22:42.420Z,2026-07-28 00:22:42.420,21909,6762df,y9d41p,0.7.3,fleet_logger_0_1,573030041,UMLIFE_v2_TLC555,ch3,origplant,soil_moisture,1408,,,OK,,,982.7,,name=classic;level=well watered;role=disp;spread=10;gpio=35;device_seq=76403;time_source=device_synced;device_timestamp_utc=2026-07-28T05:22:19.290Z;config_id=257fa022;rssi=-53;uptime_s=573030;heap=195880;cal_tier=channel-cal;cal_src=wet_rederive_1236_20260719;pressure_context_source=weather_openmeteo;transport=wifi_poll,
plants.env,2026-07-28T05:22:42.420Z,2026-07-28 00:22:42.420,21910,6762df,y9d41p,0.7.3,fleet_logger_0_1,573030797,ESP32,esp32_die,on_chip,die_temp,,51.67,degC,OK,,,,,name=classic;source=esp32_die;cal=uncalibrated_board_proxy;api=temperatureRead;config_id=257fa022;transport=wifi_poll,
plants.soil,2026-07-28T05:23:12.732Z,2026-07-28 00:23:12.732,21911,6762df,y9d41p,0.7.3,fleet_logger_0_1,573060041,UMLIFE_v2_TLC555,ch0,origplant,soil_moisture,1545,,,OK,,,982.7,,name=classic;level=well watered;role=disp;spread=36;gpio=36;device_seq=76404;time_source=device_synced;device_timestamp_utc=2026-07-28T05:22:49.290Z;config_id=257fa022;rssi=-54;uptime_s=573060;heap=195880;cal_tier=channel-cal;cal_src=wet_rederive_1236_20260719;pressure_context_source=weather_openmeteo;transport=wifi_poll,
plants.soil,2026-07-28T05:23:12.732Z,2026-07-28 00:23:12.732,21912,6762df,y9d41p,0.7.3,fleet_logger_0_1,573060041,UMLIFE_v2_TLC555,ch1,origplant,soil_moisture,1652,,,OK,,,982.7,,name=classic;level=OK;role=disp;spread=28;gpio=39;device_seq=76405;time_source=device_synced;device_timestamp_utc=2026-07-28T05:22:49.290Z;config_id=257fa022;rssi=-54;uptime_s=573060;heap=195880;cal_tier=channel-cal;cal_src=wet_rederive_1236_20260719;pressure_context_source=weather_openmeteo;transport=wifi_poll,
plants.soil,2026-07-28T05:23:12.732Z,2026-07-28 00:23:12.732,21913,6762df,y9d41p,0.7.3,fleet_logger_0_1,573060041,UMLIFE_v2_TLC555,ch2,origplant,soil_moisture,1333,,,OK,,,982.7,,name=classic;level=overwatered;role=disp;spread=27;gpio=34;device_seq=76406;time_source=device_synced;device_timestamp_utc=2026-07-28T05:22:49.290Z;config_id=257fa022;rssi=-54;uptime_s=573060;heap=195880;cal_tier=channel-cal;cal_src=wet_rederive_1236_20260719;pressure_context_source=weather_openmeteo;transport=wifi_poll,
plants.soil,2026-07-28T05:23:12.732Z,2026-07-28 00:23:12.732,21914,6762df,y9d41p,0.7.3,fleet_logger_0_1,573060041,UMLIFE_v2_TLC555,ch3,origplant,soil_moisture,1404,,,OK,,,982.7,,name=classic;level=well watered;role=disp;spread=32;gpio=35;device_seq=76407;time_source=device_synced;device_timestamp_utc=2026-07-28T05:22:49.290Z;config_id=257fa022;rssi=-54;uptime_s=573060;heap=195880;cal_tier=channel-cal;cal_src=wet_rederive_1236_20260719;pressure_context_source=weather_openmeteo;transport=wifi_poll,
plants.env,2026-07-28T05:23:12.732Z,2026-07-28 00:23:12.732,21915,6762df,y9d41p,0.7.3,fleet_logger_0_1,573060797,ESP32,esp32_die,on_chip,die_temp,,51.67,degC,OK,,,,,name=classic;source=esp32_die;cal=uncalibrated_board_proxy;api=temperatureRead;config_id=257fa022;transport=wifi_poll,
plants.soil,2026-07-28T05:23:44.731Z,2026-07-28 00:23:44.731,21916,6762df,y9d41p,0.7.3,fleet_logger_0_1,573090041,UMLIFE_v2_TLC555,ch0,origplant,soil_moisture,1559,,,OK,,,982.7,,name=classic;level=well watered;role=disp;spread=17;gpio=36;device_seq=76408;time_source=device_synced;device_timestamp_utc=2026-07-28T05:23:19.290Z;config_id=257fa022;rssi=-52;uptime_s=573090;heap=195620;cal_tier=channel-cal;cal_src=wet_rederive_1236_20260719;pressure_context_source=weather_openmeteo;transport=wifi_poll,
plants.soil,2026-07-28T05:23:44.731Z,2026-07-28 00:23:44.731,21917,6762df,y9d41p,0.7.3,fleet_logger_0_1,573090041,UMLIFE_v2_TLC555,ch1,origplant,soil_moisture,1656,,,OK,,,982.7,,name=classic;level=OK;role=disp;spread=26;gpio=39;device_seq=76409;time_source=device_synced;device_timestamp_utc=2026-07-28T05:23:19.290Z;config_id=257fa022;rssi=-52;uptime_s=573090;heap=195620;cal_tier=channel-cal;cal_src=wet_rederive_1236_20260719;pressure_context_source=weather_openmeteo;transport=wifi_poll,
plants.soil,2026-07-28T05:23:44.731Z,2026-07-28 00:23:44.731,21918,6762df,y9d41p,0.7.3,fleet_logger_0_1,573090041,UMLIFE_v2_TLC555,ch2,origplant,soil_moisture,1334,,,OK,,,982.7,,name=classic;level=overwatered;role=disp;spread=32;gpio=34;device_seq=76410;time_source=device_synced;device_timestamp_utc=2026-07-28T05:23:19.290Z;config_id=257fa022;rssi=-52;uptime_s=573090;heap=195620;cal_tier=channel-cal;cal_src=wet_rederive_1236_20260719;pressure_context_source=weather_openmeteo;transport=wifi_poll,
plants.soil,2026-07-28T05:23:44.731Z,2026-07-28 00:23:44.731,21919,6762df,y9d41p,0.7.3,fleet_logger_0_1,573090041,UMLIFE_v2_TLC555,ch3,origplant,soil_moisture,1409,,,OK,,,982.7,,name=classic;level=well watered;role=disp;spread=25;gpio=35;device_seq=76411;time_source=device_synced;device_timestamp_utc=2026-07-28T05:23:19.290Z;config_id=257fa022;rssi=-52;uptime_s=573090;heap=195620;cal_tier=channel-cal;cal_src=wet_rederive_1236_20260719;pressure_context_source=weather_openmeteo;transport=wifi_poll,
plants.env,2026-07-28T05:23:44.731Z,2026-07-28 00:23:44.731,21920,6762df,y9d41p,0.7.3,fleet_logger_0_1,573090797,ESP32,esp32_die,on_chip,die_temp,,52.22,degC,OK,,,,,name=classic;source=esp32_die;cal=uncalibrated_board_proxy;api=temperatureRead;config_id=257fa022;transport=wifi_poll,
plants.soil,2026-07-28T05:24:15.143Z,2026-07-28 00:24:15.143,21921,6762df,y9d41p,0.7.3,fleet_logger_0_1,573120041,UMLIFE_v2_TLC555,ch0,origplant,soil_moisture,1570,,,OK,,,982.7,,name=classic;level=well watered;role=disp;spread=40;gpio=36;device_seq=76412;time_source=device_synced;device_timestamp_utc=2026-07-28T05:23:49.290Z;config_id=257fa022;rssi=-52;uptime_s=573120;heap=195624;cal_tier=channel-cal;cal_src=wet_rederive_1236_20260719;pressure_context_source=weather_openmeteo;transport=wifi_poll,
plants.soil,2026-07-28T05:24:15.143Z,2026-07-28 00:24:15.143,21922,6762df,y9d41p,0.7.3,fleet_logger_0_1,573120041,UMLIFE_v2_TLC555,ch1,origplant,soil_moisture,1661,,,OK,,,982.7,,name=classic;level=OK;role=disp;spread=25;gpio=39;device_seq=76413;time_source=device_synced;device_timestamp_utc=2026-07-28T05:23:49.290Z;config_id=257fa022;rssi=-52;uptime_s=573120;heap=195624;cal_tier=channel-cal;cal_src=wet_rederive_1236_20260719;pressure_context_source=weather_openmeteo;transport=wifi_poll,
plants.soil,2026-07-28T05:24:15.143Z,2026-07-28 00:24:15.143,21923,6762df,y9d41p,0.7.3,fleet_logger_0_1,573120041,UMLIFE_v2_TLC555,ch2,origplant,soil_moisture,1341,,,OK,,,982.7,,name=classic;level=overwatered;role=disp;spread=26;gpio=34;device_seq=76414;time_source=device_synced;device_timestamp_utc=2026-07-28T05:23:49.290Z;config_id=257fa022;rssi=-52;uptime_s=573120;heap=195624;cal_tier=channel-cal;cal_src=wet_rederive_1236_20260719;pressure_context_source=weather_openmeteo;transport=wifi_poll,
plants.soil,2026-07-28T05:24:15.143Z,2026-07-28 00:24:15.143,21924,6762df,y9d41p,0.7.3,fleet_logger_0_1,573120041,UMLIFE_v2_TLC555,ch3,origplant,soil_moisture,1417,,,OK,,,982.7,,name=classic;level=well watered;role=disp;spread=22;gpio=35;device_seq=76415;time_source=device_synced;device_timestamp_utc=2026-07-28T05:23:49.290Z;config_id=257fa022;rssi=-52;uptime_s=573120;heap=195624;cal_tier=channel-cal;cal_src=wet_rederive_1236_20260719;pressure_context_source=weather_openmeteo;transport=wifi_poll,
plants.env,2026-07-28T05:24:15.143Z,2026-07-28 00:24:15.143,21925,6762df,y9d41p,0.7.3,fleet_logger_0_1,573120797,ESP32,esp32_die,on_chip,die_temp,,51.67,degC,OK,,,,,name=classic;source=esp32_die;cal=uncalibrated_board_proxy;api=temperatureRead;config_id=257fa022;transport=wifi_poll,
plants.soil,2026-07-28T05:24:45.516Z,2026-07-28 00:24:45.516,21926,6762df,y9d41p,0.7.3,fleet_logger_0_1,573150041,UMLIFE_v2_TLC555,ch0,origplant,soil_moisture,1572,,,OK,,,982.7,,name=classic;level=well watered;role=disp;spread=12;gpio=36;device_seq=76416;time_source=device_synced;device_timestamp_utc=2026-07-28T05:24:19.290Z;config_id=257fa022;rssi=-53;uptime_s=573150;heap=195856;cal_tier=channel-cal;cal_src=wet_rederive_1236_20260719;pressure_context_source=weather_openmeteo;transport=wifi_poll,
plants.soil,2026-07-28T05:24:45.516Z,2026-07-28 00:24:45.516,21927,6762df,y9d41p,0.7.3,fleet_logger_0_1,573150041,UMLIFE_v2_TLC555,ch1,origplant,soil_moisture,1667,,,OK,,,982.7,,name=classic;level=OK;role=disp;spread=30;gpio=39;device_seq=76417;time_source=device_synced;device_timestamp_utc=2026-07-28T05:24:19.290Z;config_id=257fa022;rssi=-53;uptime_s=573150;heap=195856;cal_tier=channel-cal;cal_src=wet_rederive_1236_20260719;pressure_context_source=weather_openmeteo;transport=wifi_poll,
plants.soil,2026-07-28T05:24:45.516Z,2026-07-28 00:24:45.516,21928,6762df,y9d41p,0.7.3,fleet_logger_0_1,573150041,UMLIFE_v2_TLC555,ch2,origplant,soil_moisture,1341,,,OK,,,982.7,,name=classic;level=overwatered;role=disp;spread=44;gpio=34;device_seq=76418;time_source=device_synced;device_timestamp_utc=2026-07-28T05:24:19.290Z;config_id=257fa022;rssi=-53;uptime_s=573150;heap=195856;cal_tier=channel-cal;cal_src=wet_rederive_1236_20260719;pressure_context_source=weather_openmeteo;transport=wifi_poll,
plants.soil,2026-07-28T05:24:45.516Z,2026-07-28 00:24:45.516,21929,6762df,y9d41p,0.7.3,fleet_logger_0_1,573150041,UMLIFE_v2_TLC555,ch3,origplant,soil_moisture,1409,,,OK,,,982.7,,name=classic;level=well watered;role=disp;spread=13;gpio=35;device_seq=76419;time_source=device_synced;device_timestamp_utc=2026-07-28T05:24:19.290Z;config_id=257fa022;rssi=-53;uptime_s=573150;heap=195856;cal_tier=channel-cal;cal_src=wet_rederive_1236_20260719;pressure_context_source=weather_openmeteo;transport=wifi_poll,
plants.env,2026-07-28T05:24:45.516Z,2026-07-28 00:24:45.516,21930,6762df,y9d41p,0.7.3,fleet_logger_0_1,573150797,ESP32,esp32_die,on_chip,die_temp,,51.11,degC,OK,,,,,name=classic;source=esp32_die;cal=uncalibrated_board_proxy;api=temperatureRead;config_id=257fa022;transport=wifi_poll,
plants.soil,2026-07-28T05:25:15.899Z,2026-07-28 00:25:15.899,21931,6762df,y9d41p,0.7.3,fleet_logger_0_1,573180041,UMLIFE_v2_TLC555,ch0,origplant,soil_moisture,1570,,,OK,,,982.7,,name=classic;level=well watered;role=disp;spread=21;gpio=36;device_seq=76420;time_source=device_synced;device_timestamp_utc=2026-07-28T05:24:49.290Z;config_id=257fa022;rssi=-54;uptime_s=573180;heap=195880;cal_tier=channel-cal;cal_src=wet_rederive_1236_20260719;pressure_context_source=weather_openmeteo;transport=wifi_poll,
plants.soil,2026-07-28T05:25:15.899Z,2026-07-28 00:25:15.899,21932,6762df,y9d41p,0.7.3,fleet_logger_0_1,573180041,UMLIFE_v2_TLC555,ch1,origplant,soil_moisture,1673,,,OK,,,982.7,,name=classic;level=OK;role=disp;spread=19;gpio=39;device_seq=76421;time_source=device_synced;device_timestamp_utc=2026-07-28T05:24:49.290Z;config_id=257fa022;rssi=-54;uptime_s=573180;heap=195880;cal_tier=channel-cal;cal_src=wet_rederive_1236_20260719;pressure_context_source=weather_openmeteo;transport=wifi_poll,
plants.soil,2026-07-28T05:25:15.899Z,2026-07-28 00:25:15.899,21933,6762df,y9d41p,0.7.3,fleet_logger_0_1,573180041,UMLIFE_v2_TLC555,ch2,origplant,soil_moisture,1341,,,OK,,,982.7,,name=classic;level=overwatered;role=disp;spread=36;gpio=34;device_seq=76422;time_source=device_synced;device_timestamp_utc=2026-07-28T05:24:49.290Z;config_id=257fa022;rssi=-54;uptime_s=573180;heap=195880;cal_tier=channel-cal;cal_src=wet_rederive_1236_20260719;pressure_context_source=weather_openmeteo;transport=wifi_poll,
plants.soil,2026-07-28T05:25:15.899Z,2026-07-28 00:25:15.899,21934,6762df,y9d41p,0.7.3,fleet_logger_0_1,573180041,UMLIFE_v2_TLC555,ch3,origplant,soil_moisture,1415,,,OK,,,982.7,,name=classic;level=well watered;role=disp;spread=32;gpio=35;device_seq=76423;time_source=device_synced;device_timestamp_utc=2026-07-28T05:24:49.290Z;config_id=257fa022;rssi=-54;uptime_s=573180;heap=195880;cal_tier=channel-cal;cal_src=wet_rederive_1236_20260719;pressure_context_source=weather_openmeteo;transport=wifi_poll,
plants.env,2026-07-28T05:25:15.899Z,2026-07-28 00:25:15.899,21935,6762df,y9d41p,0.7.3,fleet_logger_0_1,573180797,ESP32,esp32_die,on_chip,die_temp,,51.67,degC,OK,,,,,name=classic;source=esp32_die;cal=uncalibrated_board_proxy;api=temperatureRead;config_id=257fa022;transport=wifi_poll,
plants.soil,2026-07-28T05:25:46.483Z,2026-07-28 00:25:46.483,21936,6762df,y9d41p,0.7.3,fleet_logger_0_1,573210041,UMLIFE_v2_TLC555,ch0,origplant,soil_moisture,1567,,,OK,,,982.7,,name=classic;level=well watered;role=disp;spread=46;gpio=36;device_seq=76424;time_source=device_synced;device_timestamp_utc=2026-07-28T05:25:19.290Z;config_id=257fa022;rssi=-53;uptime_s=573210;heap=195880;cal_tier=channel-cal;cal_src=wet_rederive_1236_20260719;pressure_context_source=weather_openmeteo;transport=wifi_poll,
plants.soil,2026-07-28T05:25:46.483Z,2026-07-28 00:25:46.483,21937,6762df,y9d41p,0.7.3,fleet_logger_0_1,573210041,UMLIFE_v2_TLC555,ch1,origplant,soil_moisture,1679,,,OK,,,982.7,,name=classic;level=OK;role=disp;spread=22;gpio=39;device_seq=76425;time_source=device_synced;device_timestamp_utc=2026-07-28T05:25:19.290Z;config_id=257fa022;rssi=-53;uptime_s=573210;heap=195880;cal_tier=channel-cal;cal_src=wet_rederive_1236_20260719;pressure_context_source=weather_openmeteo;transport=wifi_poll,
plants.soil,2026-07-28T05:25:46.483Z,2026-07-28 00:25:46.483,21938,6762df,y9d41p,0.7.3,fleet_logger_0_1,573210041,UMLIFE_v2_TLC555,ch2,origplant,soil_moisture,1344,,,OK,,,982.7,,name=classic;level=overwatered;role=disp;spread=26;gpio=34;device_seq=76426;time_source=device_synced;device_timestamp_utc=2026-07-28T05:25:19.290Z;config_id=257fa022;rssi=-53;uptime_s=573210;heap=195880;cal_tier=channel-cal;cal_src=wet_rederive_1236_20260719;pressure_context_source=weather_openmeteo;transport=wifi_poll,
plants.soil,2026-07-28T05:25:46.483Z,2026-07-28 00:25:46.483,21939,6762df,y9d41p,0.7.3,fleet_logger_0_1,573210041,UMLIFE_v2_TLC555,ch3,origplant,soil_moisture,1419,,,OK,,,982.7,,name=classic;level=well watered;role=disp;spread=19;gpio=35;device_seq=76427;time_source=device_synced;device_timestamp_utc=2026-07-28T05:25:19.290Z;config_id=257fa022;rssi=-53;uptime_s=573210;heap=195880;cal_tier=channel-cal;cal_src=wet_rederive_1236_20260719;pressure_context_source=weather_openmeteo;transport=wifi_poll,
plants.env,2026-07-28T05:25:46.483Z,2026-07-28 00:25:46.483,21940,6762df,y9d41p,0.7.3,fleet_logger_0_1,573210797,ESP32,esp32_die,on_chip,die_temp,,50.56,degC,OK,,,,,name=classic;source=esp32_die;cal=uncalibrated_board_proxy;api=temperatureRead;config_id=257fa022;transport=wifi_poll,
plants.soil,2026-07-28T05:26:16.807Z,2026-07-28 00:26:16.807,21941,6762df,y9d41p,0.7.3,fleet_logger_0_1,573240041,UMLIFE_v2_TLC555,ch0,origplant,soil_moisture,1566,,,OK,,,982.7,,name=classic;level=well watered;role=disp;spread=39;gpio=36;device_seq=76428;time_source=device_synced;device_timestamp_utc=2026-07-28T05:25:49.290Z;config_id=257fa022;rssi=-54;uptime_s=573240;heap=195880;cal_tier=channel-cal;cal_src=wet_rederive_1236_20260719;pressure_context_source=weather_openmeteo;transport=wifi_poll,
plants.soil,2026-07-28T05:26:16.807Z,2026-07-28 00:26:16.807,21942,6762df,y9d41p,0.7.3,fleet_logger_0_1,573240041,UMLIFE_v2_TLC555,ch1,origplant,soil_moisture,1672,,,OK,,,982.7,,name=classic;level=OK;role=disp;spread=32;gpio=39;device_seq=76429;time_source=device_synced;device_timestamp_utc=2026-07-28T05:25:49.290Z;config_id=257fa022;rssi=-54;uptime_s=573240;heap=195880;cal_tier=channel-cal;cal_src=wet_rederive_1236_20260719;pressure_context_source=weather_openmeteo;transport=wifi_poll,
plants.soil,2026-07-28T05:26:16.807Z,2026-07-28 00:26:16.807,21943,6762df,y9d41p,0.7.3,fleet_logger_0_1,573240041,UMLIFE_v2_TLC555,ch2,origplant,soil_moisture,1348,,,OK,,,982.7,,name=classic;level=overwatered;role=disp;spread=60;gpio=34;device_seq=76430;time_source=device_synced;device_timestamp_utc=2026-07-28T05:25:49.290Z;config_id=257fa022;rssi=-54;uptime_s=573240;heap=195880;cal_tier=channel-cal;cal_src=wet_rederive_1236_20260719;pressure_context_source=weather_openmeteo;transport=wifi_poll,
plants.soil,2026-07-28T05:26:16.807Z,2026-07-28 00:26:16.807,21944,6762df,y9d41p,0.7.3,fleet_logger_0_1,573240041,UMLIFE_v2_TLC555,ch3,origplant,soil_moisture,1418,,,OK,,,982.7,,name=classic;level=well watered;role=disp;spread=25;gpio=35;device_seq=76431;time_source=device_synced;device_timestamp_utc=2026-07-28T05:25:49.290Z;config_id=257fa022;rssi=-54;uptime_s=573240;heap=195880;cal_tier=channel-cal;cal_src=wet_rederive_1236_20260719;pressure_context_source=weather_openmeteo;transport=wifi_poll,
plants.env,2026-07-28T05:26:16.807Z,2026-07-28 00:26:16.807,21945,6762df,y9d41p,0.7.3,fleet_logger_0_1,573240797,ESP32,esp32_die,on_chip,die_temp,,51.11,degC,OK,,,,,name=classic;source=esp32_die;cal=uncalibrated_board_proxy;api=temperatureRead;config_id=257fa022;transport=wifi_poll,
plants.soil,2026-07-28T05:26:47.253Z,2026-07-28 00:26:47.253,21946,6762df,y9d41p,0.7.3,fleet_logger_0_1,573270041,UMLIFE_v2_TLC555,ch0,origplant,soil_moisture,1565,,,OK,,,982.7,,name=classic;level=well watered;role=disp;spread=10;gpio=36;device_seq=76432;time_source=device_synced;device_timestamp_utc=2026-07-28T05:26:19.290Z;config_id=257fa022;rssi=-53;uptime_s=573270;heap=195608;cal_tier=channel-cal;cal_src=wet_rederive_1236_20260719;pressure_context_source=weather_openmeteo;transport=wifi_poll,
plants.soil,2026-07-28T05:26:47.253Z,2026-07-28 00:26:47.253,21947,6762df,y9d41p,0.7.3,fleet_logger_0_1,573270041,UMLIFE_v2_TLC555,ch1,origplant,soil_moisture,1671,,,OK,,,982.7,,name=classic;level=OK;role=disp;spread=29;gpio=39;device_seq=76433;time_source=device_synced;device_timestamp_utc=2026-07-28T05:26:19.290Z;config_id=257fa022;rssi=-53;uptime_s=573270;heap=195608;cal_tier=channel-cal;cal_src=wet_rederive_1236_20260719;pressure_context_source=weather_openmeteo;transport=wifi_poll,
plants.soil,2026-07-28T05:26:47.253Z,2026-07-28 00:26:47.253,21948,6762df,y9d41p,0.7.3,fleet_logger_0_1,573270041,UMLIFE_v2_TLC555,ch2,origplant,soil_moisture,1356,,,OK,,,982.7,,name=classic;level=overwatered;role=disp;spread=20;gpio=34;device_seq=76434;time_source=device_synced;device_timestamp_utc=2026-07-28T05:26:19.290Z;config_id=257fa022;rssi=-53;uptime_s=573270;heap=195608;cal_tier=channel-cal;cal_src=wet_rederive_1236_20260719;pressure_context_source=weather_openmeteo;transport=wifi_poll,
plants.soil,2026-07-28T05:26:47.253Z,2026-07-28 00:26:47.253,21949,6762df,y9d41p,0.7.3,fleet_logger_0_1,573270041,UMLIFE_v2_TLC555,ch3,origplant,soil_moisture,1422,,,OK,,,982.7,,name=classic;level=well watered;role=disp;spread=18;gpio=35;device_seq=76435;time_source=device_synced;device_timestamp_utc=2026-07-28T05:26:19.290Z;config_id=257fa022;rssi=-53;uptime_s=573270;heap=195608;cal_tier=channel-cal;cal_src=wet_rederive_1236_20260719;pressure_context_source=weather_openmeteo;transport=wifi_poll,
plants.env,2026-07-28T05:26:47.253Z,2026-07-28 00:26:47.253,21950,6762df,y9d41p,0.7.3,fleet_logger_0_1,573270797,ESP32,esp32_die,on_chip,die_temp,,51.67,degC,OK,,,,,name=classic;source=esp32_die;cal=uncalibrated_board_proxy;api=temperatureRead;config_id=257fa022;transport=wifi_poll,
plants.soil,2026-07-28T05:27:17.639Z,2026-07-28 00:27:17.639,21951,6762df,y9d41p,0.7.3,fleet_logger_0_1,573300041,UMLIFE_v2_TLC555,ch0,origplant,soil_moisture,1567,,,OK,,,983.3,,name=classic;level=well watered;role=disp;spread=23;gpio=36;device_seq=76436;time_source=device_synced;device_timestamp_utc=2026-07-28T05:26:49.290Z;config_id=257fa022;rssi=-53;uptime_s=573300;heap=195620;cal_tier=channel-cal;cal_src=wet_rederive_1236_20260719;pressure_context_source=weather_openmeteo;transport=wifi_poll,
plants.soil,2026-07-28T05:27:17.639Z,2026-07-28 00:27:17.639,21952,6762df,y9d41p,0.7.3,fleet_logger_0_1,573300041,UMLIFE_v2_TLC555,ch1,origplant,soil_moisture,1674,,,OK,,,983.3,,name=classic;level=OK;role=disp;spread=43;gpio=39;device_seq=76437;time_source=device_synced;device_timestamp_utc=2026-07-28T05:26:49.290Z;config_id=257fa022;rssi=-53;uptime_s=573300;heap=195620;cal_tier=channel-cal;cal_src=wet_rederive_1236_20260719;pressure_context_source=weather_openmeteo;transport=wifi_poll,
plants.soil,2026-07-28T05:27:17.639Z,2026-07-28 00:27:17.639,21953,6762df,y9d41p,0.7.3,fleet_logger_0_1,573300041,UMLIFE_v2_TLC555,ch2,origplant,soil_moisture,1356,,,OK,,,983.3,,name=classic;level=overwatered;role=disp;spread=27;gpio=34;device_seq=76438;time_source=device_synced;device_timestamp_utc=2026-07-28T05:26:49.290Z;config_id=257fa022;rssi=-53;uptime_s=573300;heap=195620;cal_tier=channel-cal;cal_src=wet_rederive_1236_20260719;pressure_context_source=weather_openmeteo;transport=wifi_poll,
plants.soil,2026-07-28T05:27:17.639Z,2026-07-28 00:27:17.639,21954,6762df,y9d41p,0.7.3,fleet_logger_0_1,573300041,UMLIFE_v2_TLC555,ch3,origplant,soil_moisture,1426,,,OK,,,983.3,,name=classic;level=well watered;role=disp;spread=18;gpio=35;device_seq=76439;time_source=device_synced;device_timestamp_utc=2026-07-28T05:26:49.290Z;config_id=257fa022;rssi=-53;uptime_s=573300;heap=195620;cal_tier=channel-cal;cal_src=wet_rederive_1236_20260719;pressure_context_source=weather_openmeteo;transport=wifi_poll,
plants.env,2026-07-28T05:27:17.639Z,2026-07-28 00:27:17.639,21955,6762df,y9d41p,0.7.3,fleet_logger_0_1,573300797,ESP32,esp32_die,on_chip,die_temp,,50.56,degC,OK,,,,,name=classic;source=esp32_die;cal=uncalibrated_board_proxy;api=temperatureRead;config_id=257fa022;transport=wifi_poll,
plants.soil,2026-07-28T05:27:48.499Z,2026-07-28 00:27:48.499,21956,6762df,y9d41p,0.7.3,fleet_logger_0_1,573360041,UMLIFE_v2_TLC555,ch0,origplant,soil_moisture,1564,,,OK,,,983.3,,name=classic;level=well watered;role=disp;spread=16;gpio=36;device_seq=76444;time_source=device_synced;device_timestamp_utc=2026-07-28T05:27:49.290Z;config_id=257fa022;rssi=-54;uptime_s=573360;heap=196120;cal_tier=channel-cal;cal_src=wet_rederive_1236_20260719;pressure_context_source=weather_openmeteo;transport=wifi_poll,
plants.soil,2026-07-28T05:27:48.499Z,2026-07-28 00:27:48.499,21957,6762df,y9d41p,0.7.3,fleet_logger_0_1,573360041,UMLIFE_v2_TLC555,ch1,origplant,soil_moisture,1676,,,OK,,,983.3,,name=classic;level=OK;role=disp;spread=57;gpio=39;device_seq=76445;time_source=device_synced;device_timestamp_utc=2026-07-28T05:27:49.290Z;config_id=257fa022;rssi=-54;uptime_s=573360;heap=196120;cal_tier=channel-cal;cal_src=wet_rederive_1236_20260719;pressure_context_source=weather_openmeteo;transport=wifi_poll,
plants.soil,2026-07-28T05:27:48.499Z,2026-07-28 00:27:48.499,21958,6762df,y9d41p,0.7.3,fleet_logger_0_1,573360041,UMLIFE_v2_TLC555,ch2,origplant,soil_moisture,1358,,,OK,,,983.3,,name=classic;level=overwatered;role=disp;spread=7;gpio=34;device_seq=76446;time_source=device_synced;device_timestamp_utc=2026-07-28T05:27:49.290Z;config_id=257fa022;rssi=-54;uptime_s=573360;heap=196120;cal_tier=channel-cal;cal_src=wet_rederive_1236_20260719;pressure_context_source=weather_openmeteo;transport=wifi_poll,
plants.soil,2026-07-28T05:27:48.499Z,2026-07-28 00:27:48.499,21959,6762df,y9d41p,0.7.3,fleet_logger_0_1,573360041,UMLIFE_v2_TLC555,ch3,origplant,soil_moisture,1436,,,OK,,,983.3,,name=classic;level=well watered;role=disp;spread=12;gpio=35;device_seq=76447;time_source=device_synced;device_timestamp_utc=2026-07-28T05:27:49.290Z;config_id=257fa022;rssi=-54;uptime_s=573360;heap=196120;cal_tier=channel-cal;cal_src=wet_rederive_1236_20260719;pressure_context_source=weather_openmeteo;transport=wifi_poll,
plants.env,2026-07-28T05:27:48.499Z,2026-07-28 00:27:48.499,21960,6762df,y9d41p,0.7.3,fleet_logger_0_1,573360796,ESP32,esp32_die,on_chip,die_temp,,51.11,degC,OK,,,,,name=classic;source=esp32_die;cal=uncalibrated_board_proxy;api=temperatureRead;config_id=257fa022;transport=wifi_poll,
plants.soil,2026-07-28T05:28:18.872Z,2026-07-28 00:28:18.872,21961,6762df,y9d41p,0.7.3,fleet_logger_0_1,573390041,UMLIFE_v2_TLC555,ch0,origplant,soil_moisture,1568,,,OK,,,983.3,,name=classic;level=well watered;role=disp;spread=35;gpio=36;device_seq=76448;time_source=device_synced;device_timestamp_utc=2026-07-28T05:28:19.290Z;config_id=257fa022;rssi=-54;uptime_s=573390;heap=196124;cal_tier=channel-cal;cal_src=wet_rederive_1236_20260719;pressure_context_source=weather_openmeteo;transport=wifi_poll,
plants.soil,2026-07-28T05:28:18.872Z,2026-07-28 00:28:18.872,21962,6762df,y9d41p,0.7.3,fleet_logger_0_1,573390041,UMLIFE_v2_TLC555,ch1,origplant,soil_moisture,1674,,,OK,,,983.3,,name=classic;level=OK;role=disp;spread=11;gpio=39;device_seq=76449;time_source=device_synced;device_timestamp_utc=2026-07-28T05:28:19.290Z;config_id=257fa022;rssi=-54;uptime_s=573390;heap=196124;cal_tier=channel-cal;cal_src=wet_rederive_1236_20260719;pressure_context_source=weather_openmeteo;transport=wifi_poll,
plants.soil,2026-07-28T05:28:18.872Z,2026-07-28 00:28:18.872,21963,6762df,y9d41p,0.7.3,fleet_logger_0_1,573390041,UMLIFE_v2_TLC555,ch2,origplant,soil_moisture,1362,,,OK,,,983.3,,name=classic;level=overwatered;role=disp;spread=32;gpio=34;device_seq=76450;time_source=device_synced;device_timestamp_utc=2026-07-28T05:28:19.290Z;config_id=257fa022;rssi=-54;uptime_s=573390;heap=196124;cal_tier=channel-cal;cal_src=wet_rederive_1236_20260719;pressure_context_source=weather_openmeteo;transport=wifi_poll,
plants.soil,2026-07-28T05:28:18.872Z,2026-07-28 00:28:18.872,21964,6762df,y9d41p,0.7.3,fleet_logger_0_1,573390041,UMLIFE_v2_TLC555,ch3,origplant,soil_moisture,1438,,,OK,,,983.3,,name=classic;level=well watered;role=disp;spread=18;gpio=35;device_seq=76451;time_source=device_synced;device_timestamp_utc=2026-07-28T05:28:19.290Z;config_id=257fa022;rssi=-54;uptime_s=573390;heap=196124;cal_tier=channel-cal;cal_src=wet_rederive_1236_20260719;pressure_context_source=weather_openmeteo;transport=wifi_poll,
plants.env,2026-07-28T05:28:18.872Z,2026-07-28 00:28:18.872,21965,6762df,y9d41p,0.7.3,fleet_logger_0_1,573390797,ESP32,esp32_die,on_chip,die_temp,,50.56,degC,OK,,,,,name=classic;source=esp32_die;cal=uncalibrated_board_proxy;api=temperatureRead;config_id=257fa022;transport=wifi_poll,
plants.soil,2026-07-28T05:28:49.222Z,2026-07-28 00:28:49.222,21966,6762df,y9d41p,0.7.3,fleet_logger_0_1,573420041,UMLIFE_v2_TLC555,ch0,origplant,soil_moisture,1563,,,OK,,,983.3,,name=classic;level=well watered;role=disp;spread=43;gpio=36;device_seq=76452;time_source=device_synced;device_timestamp_utc=2026-07-28T05:28:49.290Z;config_id=257fa022;rssi=-54;uptime_s=573420;heap=195860;cal_tier=channel-cal;cal_src=wet_rederive_1236_20260719;pressure_context_source=weather_openmeteo;transport=wifi_poll,
plants.soil,2026-07-28T05:28:49.222Z,2026-07-28 00:28:49.222,21967,6762df,y9d41p,0.7.3,fleet_logger_0_1,573420041,UMLIFE_v2_TLC555,ch1,origplant,soil_moisture,1671,,,OK,,,983.3,,name=classic;level=OK;role=disp;spread=49;gpio=39;device_seq=76453;time_source=device_synced;device_timestamp_utc=2026-07-28T05:28:49.290Z;config_id=257fa022;rssi=-54;uptime_s=573420;heap=195860;cal_tier=channel-cal;cal_src=wet_rederive_1236_20260719;pressure_context_source=weather_openmeteo;transport=wifi_poll,
plants.soil,2026-07-28T05:28:49.222Z,2026-07-28 00:28:49.222,21968,6762df,y9d41p,0.7.3,fleet_logger_0_1,573420041,UMLIFE_v2_TLC555,ch2,origplant,soil_moisture,1361,,,OK,,,983.3,,name=classic;level=overwatered;role=disp;spread=42;gpio=34;device_seq=76454;time_source=device_synced;device_timestamp_utc=2026-07-28T05:28:49.290Z;config_id=257fa022;rssi=-54;uptime_s=573420;heap=195860;cal_tier=channel-cal;cal_src=wet_rederive_1236_20260719;pressure_context_source=weather_openmeteo;transport=wifi_poll,
plants.soil,2026-07-28T05:28:49.222Z,2026-07-28 00:28:49.222,21969,6762df,y9d41p,0.7.3,fleet_logger_0_1,573420041,UMLIFE_v2_TLC555,ch3,origplant,soil_moisture,1440,,,OK,,,983.3,,name=classic;level=well watered;role=disp;spread=23;gpio=35;device_seq=76455;time_source=device_synced;device_timestamp_utc=2026-07-28T05:28:49.290Z;config_id=257fa022;rssi=-54;uptime_s=573420;heap=195860;cal_tier=channel-cal;cal_src=wet_rederive_1236_20260719;pressure_context_source=weather_openmeteo;transport=wifi_poll,
plants.env,2026-07-28T05:28:49.222Z,2026-07-28 00:28:49.222,21970,6762df,y9d41p,0.7.3,fleet_logger_0_1,573420797,ESP32,esp32_die,on_chip,die_temp,,51.11,degC,OK,,,,,name=classic;source=esp32_die;cal=uncalibrated_board_proxy;api=temperatureRead;config_id=257fa022;transport=wifi_poll,
plants.soil,2026-07-28T05:29:19.627Z,2026-07-28 00:29:19.627,21971,6762df,y9d41p,0.7.3,fleet_logger_0_1,573450041,UMLIFE_v2_TLC555,ch0,origplant,soil_moisture,1572,,,OK,,,983.3,,name=classic;level=well watered;role=disp;spread=21;gpio=36;device_seq=76456;time_source=device_synced;device_timestamp_utc=2026-07-28T05:29:19.290Z;config_id=257fa022;rssi=-54;uptime_s=573450;heap=195600;cal_tier=channel-cal;cal_src=wet_rederive_1236_20260719;pressure_context_source=weather_openmeteo;transport=wifi_poll,
plants.soil,2026-07-28T05:29:19.627Z,2026-07-28 00:29:19.627,21972,6762df,y9d41p,0.7.3,fleet_logger_0_1,573450041,UMLIFE_v2_TLC555,ch1,origplant,soil_moisture,1670,,,OK,,,983.3,,name=classic;level=OK;role=disp;spread=23;gpio=39;device_seq=76457;time_source=device_synced;device_timestamp_utc=2026-07-28T05:29:19.290Z;config_id=257fa022;rssi=-54;uptime_s=573450;heap=195600;cal_tier=channel-cal;cal_src=wet_rederive_1236_20260719;pressure_context_source=weather_openmeteo;transport=wifi_poll,
plants.soil,2026-07-28T05:29:19.627Z,2026-07-28 00:29:19.627,21973,6762df,y9d41p,0.7.3,fleet_logger_0_1,573450041,UMLIFE_v2_TLC555,ch2,origplant,soil_moisture,1354,,,OK,,,983.3,,name=classic;level=overwatered;role=disp;spread=13;gpio=34;device_seq=76458;time_source=device_synced;device_timestamp_utc=2026-07-28T05:29:19.290Z;config_id=257fa022;rssi=-54;uptime_s=573450;heap=195600;cal_tier=channel-cal;cal_src=wet_rederive_1236_20260719;pressure_context_source=weather_openmeteo;transport=wifi_poll,
plants.soil,2026-07-28T05:29:19.627Z,2026-07-28 00:29:19.627,21974,6762df,y9d41p,0.7.3,fleet_logger_0_1,573450041,UMLIFE_v2_TLC555,ch3,origplant,soil_moisture,1446,,,OK,,,983.3,,name=classic;level=well watered;role=disp;spread=14;gpio=35;device_seq=76459;time_source=device_synced;device_timestamp_utc=2026-07-28T05:29:19.290Z;config_id=257fa022;rssi=-54;uptime_s=573450;heap=195600;cal_tier=channel-cal;cal_src=wet_rederive_1236_20260719;pressure_context_source=weather_openmeteo;transport=wifi_poll,
plants.env,2026-07-28T05:29:19.627Z,2026-07-28 00:29:19.627,21975,6762df,y9d41p,0.7.3,fleet_logger_0_1,573450796,ESP32,esp32_die,on_chip,die_temp,,50.56,degC,OK,,,,,name=classic;source=esp32_die;cal=uncalibrated_board_proxy;api=temperatureRead;config_id=257fa022;transport=wifi_poll,
plants.soil,2026-07-28T05:29:50.039Z,2026-07-28 00:29:50.039,21976,6762df,y9d41p,0.7.3,fleet_logger_0_1,573480041,UMLIFE_v2_TLC555,ch0,origplant,soil_moisture,1533,,,OK,,,983.3,,name=classic;level=well watered;role=disp;spread=21;gpio=36;device_seq=76460;time_source=device_synced;device_timestamp_utc=2026-07-28T05:29:49.290Z;config_id=257fa022;rssi=-59;uptime_s=573480;heap=195600;cal_tier=channel-cal;cal_src=wet_rederive_1236_20260719;pressure_context_source=weather_openmeteo;transport=wifi_poll,
plants.soil,2026-07-28T05:29:50.039Z,2026-07-28 00:29:50.039,21977,6762df,y9d41p,0.7.3,fleet_logger_0_1,573480041,UMLIFE_v2_TLC555,ch1,origplant,soil_moisture,1645,,,OK,,,983.3,,name=classic;level=OK;role=disp;spread=35;gpio=39;device_seq=76461;time_source=device_synced;device_timestamp_utc=2026-07-28T05:29:49.290Z;config_id=257fa022;rssi=-59;uptime_s=573480;heap=195600;cal_tier=channel-cal;cal_src=wet_rederive_1236_20260719;pressure_context_source=weather_openmeteo;transport=wifi_poll,
plants.soil,2026-07-28T05:29:50.039Z,2026-07-28 00:29:50.039,21978,6762df,y9d41p,0.7.3,fleet_logger_0_1,573480041,UMLIFE_v2_TLC555,ch2,origplant,soil_moisture,1321,,,OK,,,983.3,,name=classic;level=overwatered;role=disp;spread=36;gpio=34;device_seq=76462;time_source=device_synced;device_timestamp_utc=2026-07-28T05:29:49.290Z;config_id=257fa022;rssi=-59;uptime_s=573480;heap=195600;cal_tier=channel-cal;cal_src=wet_rederive_1236_20260719;pressure_context_source=weather_openmeteo;transport=wifi_poll,
plants.soil,2026-07-28T05:29:50.039Z,2026-07-28 00:29:50.039,21979,6762df,y9d41p,0.7.3,fleet_logger_0_1,573480041,UMLIFE_v2_TLC555,ch3,origplant,soil_moisture,1404,,,OK,,,983.3,,name=classic;level=well watered;role=disp;spread=23;gpio=35;device_seq=76463;time_source=device_synced;device_timestamp_utc=2026-07-28T05:29:49.290Z;config_id=257fa022;rssi=-59;uptime_s=573480;heap=195600;cal_tier=channel-cal;cal_src=wet_rederive_1236_20260719;pressure_context_source=weather_openmeteo;transport=wifi_poll,
plants.env,2026-07-28T05:29:50.039Z,2026-07-28 00:29:50.039,21980,6762df,y9d41p,0.7.3,fleet_logger_0_1,573480797,ESP32,esp32_die,on_chip,die_temp,,51.67,degC,OK,,,,,name=classic;source=esp32_die;cal=uncalibrated_board_proxy;api=temperatureRead;config_id=257fa022;transport=wifi_poll,
plants.soil,2026-07-28T05:30:20.650Z,2026-07-28 00:30:20.650,21981,6762df,y9d41p,0.7.3,fleet_logger_0_1,573510041,UMLIFE_v2_TLC555,ch0,origplant,soil_moisture,1568,,,OK,,,983.3,,name=classic;level=well watered;role=disp;spread=30;gpio=36;device_seq=76464;time_source=device_synced;device_timestamp_utc=2026-07-28T05:30:19.290Z;config_id=257fa022;rssi=-59;uptime_s=573510;heap=195860;cal_tier=channel-cal;cal_src=wet_rederive_1236_20260719;pressure_context_source=weather_openmeteo;transport=wifi_poll,
plants.soil,2026-07-28T05:30:20.650Z,2026-07-28 00:30:20.650,21982,6762df,y9d41p,0.7.3,fleet_logger_0_1,573510041,UMLIFE_v2_TLC555,ch1,origplant,soil_moisture,1670,,,OK,,,983.3,,name=classic;level=OK;role=disp;spread=23;gpio=39;device_seq=76465;time_source=device_synced;device_timestamp_utc=2026-07-28T05:30:19.290Z;config_id=257fa022;rssi=-59;uptime_s=573510;heap=195860;cal_tier=channel-cal;cal_src=wet_rederive_1236_20260719;pressure_context_source=weather_openmeteo;transport=wifi_poll,
plants.soil,2026-07-28T05:30:20.650Z,2026-07-28 00:30:20.650,21983,6762df,y9d41p,0.7.3,fleet_logger_0_1,573510041,UMLIFE_v2_TLC555,ch2,origplant,soil_moisture,1359,,,OK,,,983.3,,name=classic;level=overwatered;role=disp;spread=36;gpio=34;device_seq=76466;time_source=device_synced;device_timestamp_utc=2026-07-28T05:30:19.290Z;config_id=257fa022;rssi=-59;uptime_s=573510;heap=195860;cal_tier=channel-cal;cal_src=wet_rederive_1236_20260719;pressure_context_source=weather_openmeteo;transport=wifi_poll,
plants.soil,2026-07-28T05:30:20.650Z,2026-07-28 00:30:20.650,21984,6762df,y9d41p,0.7.3,fleet_logger_0_1,573510041,UMLIFE_v2_TLC555,ch3,origplant,soil_moisture,1442,,,OK,,,983.3,,name=classic;level=well watered;role=disp;spread=20;gpio=35;device_seq=76467;time_source=device_synced;device_timestamp_utc=2026-07-28T05:30:19.290Z;config_id=257fa022;rssi=-59;uptime_s=573510;heap=195860;cal_tier=channel-cal;cal_src=wet_rederive_1236_20260719;pressure_context_source=weather_openmeteo;transport=wifi_poll,
plants.env,2026-07-28T05:30:20.650Z,2026-07-28 00:30:20.650,21985,6762df,y9d41p,0.7.3,fleet_logger_0_1,573510797,ESP32,esp32_die,on_chip,die_temp,,51.11,degC,OK,,,,,name=classic;source=esp32_die;cal=uncalibrated_board_proxy;api=temperatureRead;config_id=257fa022;transport=wifi_poll,
plants.soil,2026-07-28T05:30:51.062Z,2026-07-28 00:30:51.062,21986,6762df,y9d41p,0.7.3,fleet_logger_0_1,573540041,UMLIFE_v2_TLC555,ch0,origplant,soil_moisture,1567,,,OK,,,983.3,,name=classic;level=well watered;role=disp;spread=33;gpio=36;device_seq=76468;time_source=device_synced;device_timestamp_utc=2026-07-28T05:30:49.290Z;config_id=257fa022;rssi=-59;uptime_s=573540;heap=195860;cal_tier=channel-cal;cal_src=wet_rederive_1236_20260719;pressure_context_source=weather_openmeteo;transport=wifi_poll,
plants.soil,2026-07-28T05:30:51.062Z,2026-07-28 00:30:51.062,21987,6762df,y9d41p,0.7.3,fleet_logger_0_1,573540041,UMLIFE_v2_TLC555,ch1,origplant,soil_moisture,1674,,,OK,,,983.3,,name=classic;level=OK;role=disp;spread=26;gpio=39;device_seq=76469;time_source=device_synced;device_timestamp_utc=2026-07-28T05:30:49.290Z;config_id=257fa022;rssi=-59;uptime_s=573540;heap=195860;cal_tier=channel-cal;cal_src=wet_rederive_1236_20260719;pressure_context_source=weather_openmeteo;transport=wifi_poll,
plants.soil,2026-07-28T05:30:51.062Z,2026-07-28 00:30:51.062,21988,6762df,y9d41p,0.7.3,fleet_logger_0_1,573540041,UMLIFE_v2_TLC555,ch2,origplant,soil_moisture,1357,,,OK,,,983.3,,name=classic;level=overwatered;role=disp;spread=21;gpio=34;device_seq=76470;time_source=device_synced;device_timestamp_utc=2026-07-28T05:30:49.290Z;config_id=257fa022;rssi=-59;uptime_s=573540;heap=195860;cal_tier=channel-cal;cal_src=wet_rederive_1236_20260719;pressure_context_source=weather_openmeteo;transport=wifi_poll,
plants.soil,2026-07-28T05:30:51.062Z,2026-07-28 00:30:51.062,21989,6762df,y9d41p,0.7.3,fleet_logger_0_1,573540041,UMLIFE_v2_TLC555,ch3,origplant,soil_moisture,1443,,,OK,,,983.3,,name=classic;level=well watered;role=disp;spread=23;gpio=35;device_seq=76471;time_source=device_synced;device_timestamp_utc=2026-07-28T05:30:49.290Z;config_id=257fa022;rssi=-59;uptime_s=573540;heap=195860;cal_tier=channel-cal;cal_src=wet_rederive_1236_20260719;pressure_context_source=weather_openmeteo;transport=wifi_poll,
plants.env,2026-07-28T05:30:51.062Z,2026-07-28 00:30:51.062,21990,6762df,y9d41p,0.7.3,fleet_logger_0_1,573540797,ESP32,esp32_die,on_chip,die_temp,,52.22,degC,OK,,,,,name=classic;source=esp32_die;cal=uncalibrated_board_proxy;api=temperatureRead;config_id=257fa022;transport=wifi_poll,
plants.soil,2026-07-28T05:31:21.479Z,2026-07-28 00:31:21.479,21991,6762df,y9d41p,0.7.3,fleet_logger_0_1,573570041,UMLIFE_v2_TLC555,ch0,origplant,soil_moisture,1570,,,OK,,,983.3,,name=classic;level=well watered;role=disp;spread=51;gpio=36;device_seq=76472;time_source=device_synced;device_timestamp_utc=2026-07-28T05:31:19.290Z;config_id=257fa022;rssi=-60;uptime_s=573570;heap=195880;cal_tier=channel-cal;cal_src=wet_rederive_1236_20260719;pressure_context_source=weather_openmeteo;transport=wifi_poll,
plants.soil,2026-07-28T05:31:21.479Z,2026-07-28 00:31:21.479,21992,6762df,y9d41p,0.7.3,fleet_logger_0_1,573570041,UMLIFE_v2_TLC555,ch1,origplant,soil_moisture,1675,,,OK,,,983.3,,name=classic;level=OK;role=disp;spread=15;gpio=39;device_seq=76473;time_source=device_synced;device_timestamp_utc=2026-07-28T05:31:19.290Z;config_id=257fa022;rssi=-60;uptime_s=573570;heap=195880;cal_tier=channel-cal;cal_src=wet_rederive_1236_20260719;pressure_context_source=weather_openmeteo;transport=wifi_poll,
plants.soil,2026-07-28T05:31:21.479Z,2026-07-28 00:31:21.479,21993,6762df,y9d41p,0.7.3,fleet_logger_0_1,573570041,UMLIFE_v2_TLC555,ch2,origplant,soil_moisture,1360,,,OK,,,983.3,,name=classic;level=overwatered;role=disp;spread=19;gpio=34;device_seq=76474;time_source=device_synced;device_timestamp_utc=2026-07-28T05:31:19.290Z;config_id=257fa022;rssi=-60;uptime_s=573570;heap=195880;cal_tier=channel-cal;cal_src=wet_rederive_1236_20260719;pressure_context_source=weather_openmeteo;transport=wifi_poll,
plants.soil,2026-07-28T05:31:21.479Z,2026-07-28 00:31:21.479,21994,6762df,y9d41p,0.7.3,fleet_logger_0_1,573570041,UMLIFE_v2_TLC555,ch3,origplant,soil_moisture,1439,,,OK,,,983.3,,name=classic;level=well watered;role=disp;spread=19;gpio=35;device_seq=76475;time_source=device_synced;device_timestamp_utc=2026-07-28T05:31:19.290Z;config_id=257fa022;rssi=-60;uptime_s=573570;heap=195880;cal_tier=channel-cal;cal_src=wet_rederive_1236_20260719;pressure_context_source=weather_openmeteo;transport=wifi_poll,
plants.env,2026-07-28T05:31:21.479Z,2026-07-28 00:31:21.479,21995,6762df,y9d41p,0.7.3,fleet_logger_0_1,573570797,ESP32,esp32_die,on_chip,die_temp,,51.67,degC,OK,,,,,name=classic;source=esp32_die;cal=uncalibrated_board_proxy;api=temperatureRead;config_id=257fa022;transport=wifi_poll,
plants.soil,2026-07-28T05:31:52.190Z,2026-07-28 00:31:52.190,21996,6762df,y9d41p,0.7.3,fleet_logger_0_1,573600041,UMLIFE_v2_TLC555,ch0,origplant,soil_moisture,1568,,,OK,,,983.3,,name=classic;level=well watered;role=disp;spread=25;gpio=36;device_seq=76476;time_source=device_synced;device_timestamp_utc=2026-07-28T05:31:49.290Z;config_id=257fa022;rssi=-58;uptime_s=573600;heap=195868;cal_tier=channel-cal;cal_src=wet_rederive_1236_20260719;pressure_context_source=weather_openmeteo;transport=wifi_poll,
plants.soil,2026-07-28T05:31:52.190Z,2026-07-28 00:31:52.190,21997,6762df,y9d41p,0.7.3,fleet_logger_0_1,573600041,UMLIFE_v2_TLC555,ch1,origplant,soil_moisture,1677,,,OK,,,983.3,,name=classic;level=OK;role=disp;spread=31;gpio=39;device_seq=76477;time_source=device_synced;device_timestamp_utc=2026-07-28T05:31:49.290Z;config_id=257fa022;rssi=-58;uptime_s=573600;heap=195868;cal_tier=channel-cal;cal_src=wet_rederive_1236_20260719;pressure_context_source=weather_openmeteo;transport=wifi_poll,
plants.soil,2026-07-28T05:31:52.190Z,2026-07-28 00:31:52.190,21998,6762df,y9d41p,0.7.3,fleet_logger_0_1,573600041,UMLIFE_v2_TLC555,ch2,origplant,soil_moisture,1360,,,OK,,,983.3,,name=classic;level=overwatered;role=disp;spread=47;gpio=34;device_seq=76478;time_source=device_synced;device_timestamp_utc=2026-07-28T05:31:49.290Z;config_id=257fa022;rssi=-58;uptime_s=573600;heap=195868;cal_tier=channel-cal;cal_src=wet_rederive_1236_20260719;pressure_context_source=weather_openmeteo;transport=wifi_poll,
plants.soil,2026-07-28T05:31:52.190Z,2026-07-28 00:31:52.190,21999,6762df,y9d41p,0.7.3,fleet_logger_0_1,573600041,UMLIFE_v2_TLC555,ch3,origplant,soil_moisture,1436,,,OK,,,983.3,,name=classic;level=well watered;role=disp;spread=26;gpio=35;device_seq=76479;time_source=device_synced;device_timestamp_utc=2026-07-28T05:31:49.290Z;config_id=257fa022;rssi=-58;uptime_s=573600;heap=195868;cal_tier=channel-cal;cal_src=wet_rederive_1236_20260719;pressure_context_source=weather_openmeteo;transport=wifi_poll,
plants.env,2026-07-28T05:31:52.190Z,2026-07-28 00:31:52.190,22000,6762df,y9d41p,0.7.3,fleet_logger_0_1,573601863,ESP32,esp32_die,on_chip,die_temp,,52.22,degC,OK,,,,,name=classic;source=esp32_die;cal=uncalibrated_board_proxy;api=temperatureRead;config_id=257fa022;transport=wifi_poll,
plants.soil,2026-07-28T05:32:22.622Z,2026-07-28 00:32:22.622,22001,6762df,y9d41p,0.7.3,fleet_logger_0_1,573630041,UMLIFE_v2_TLC555,ch0,origplant,soil_moisture,1568,,,OK,,,983.3,,name=classic;level=well watered;role=disp;spread=27;gpio=36;device_seq=76480;time_source=device_synced;device_timestamp_utc=2026-07-28T05:32:19.290Z;config_id=257fa022;rssi=-59;uptime_s=573630;heap=195620;cal_tier=channel-cal;cal_src=wet_rederive_1236_20260719;pressure_context_source=weather_openmeteo;transport=wifi_poll,
plants.soil,2026-07-28T05:32:22.622Z,2026-07-28 00:32:22.622,22002,6762df,y9d41p,0.7.3,fleet_logger_0_1,573630041,UMLIFE_v2_TLC555,ch1,origplant,soil_moisture,1677,,,OK,,,983.3,,name=classic;level=OK;role=disp;spread=39;gpio=39;device_seq=76481;time_source=device_synced;device_timestamp_utc=2026-07-28T05:32:19.290Z;config_id=257fa022;rssi=-59;uptime_s=573630;heap=195620;cal_tier=channel-cal;cal_src=wet_rederive_1236_20260719;pressure_context_source=weather_openmeteo;transport=wifi_poll,
plants.soil,2026-07-28T05:32:22.622Z,2026-07-28 00:32:22.622,22003,6762df,y9d41p,0.7.3,fleet_logger_0_1,573630041,UMLIFE_v2_TLC555,ch2,origplant,soil_moisture,1360,,,OK,,,983.3,,name=classic;level=overwatered;role=disp;spread=23;gpio=34;device_seq=76482;time_source=device_synced;device_timestamp_utc=2026-07-28T05:32:19.290Z;config_id=257fa022;rssi=-59;uptime_s=573630;heap=195620;cal_tier=channel-cal;cal_src=wet_rederive_1236_20260719;pressure_context_source=weather_openmeteo;transport=wifi_poll,
plants.soil,2026-07-28T05:32:22.622Z,2026-07-28 00:32:22.622,22004,6762df,y9d41p,0.7.3,fleet_logger_0_1,573630041,UMLIFE_v2_TLC555,ch3,origplant,soil_moisture,1440,,,OK,,,983.3,,name=classic;level=well watered;role=disp;spread=18;gpio=35;device_seq=76483;time_source=device_synced;device_timestamp_utc=2026-07-28T05:32:19.290Z;config_id=257fa022;rssi=-59;uptime_s=573630;heap=195620;cal_tier=channel-cal;cal_src=wet_rederive_1236_20260719;pressure_context_source=weather_openmeteo;transport=wifi_poll,
plants.env,2026-07-28T05:32:22.622Z,2026-07-28 00:32:22.622,22005,6762df,y9d41p,0.7.3,fleet_logger_0_1,573630797,ESP32,esp32_die,on_chip,die_temp,,51.67,degC,OK,,,,,name=classic;source=esp32_die;cal=uncalibrated_board_proxy;api=temperatureRead;config_id=257fa022;transport=wifi_poll,
plants.soil,2026-07-28T05:32:52.980Z,2026-07-28 00:32:52.980,22006,6762df,y9d41p,0.7.3,fleet_logger_0_1,573660041,UMLIFE_v2_TLC555,ch0,origplant,soil_moisture,1567,,,OK,,,983.3,,name=classic;level=well watered;role=disp;spread=25;gpio=36;device_seq=76484;time_source=device_synced;device_timestamp_utc=2026-07-28T05:32:49.290Z;config_id=257fa022;rssi=-59;uptime_s=573660;heap=195620;cal_tier=channel-cal;cal_src=wet_rederive_1236_20260719;pressure_context_source=weather_openmeteo;transport=wifi_poll,
plants.soil,2026-07-28T05:32:52.980Z,2026-07-28 00:32:52.980,22007,6762df,y9d41p,0.7.3,fleet_logger_0_1,573660041,UMLIFE_v2_TLC555,ch1,origplant,soil_moisture,1673,,,OK,,,983.3,,name=classic;level=OK;role=disp;spread=41;gpio=39;device_seq=76485;time_source=device_synced;device_timestamp_utc=2026-07-28T05:32:49.290Z;config_id=257fa022;rssi=-59;uptime_s=573660;heap=195620;cal_tier=channel-cal;cal_src=wet_rederive_1236_20260719;pressure_context_source=weather_openmeteo;transport=wifi_poll,
plants.soil,2026-07-28T05:32:52.980Z,2026-07-28 00:32:52.980,22008,6762df,y9d41p,0.7.3,fleet_logger_0_1,573660041,UMLIFE_v2_TLC555,ch2,origplant,soil_moisture,1361,,,OK,,,983.3,,name=classic;level=overwatered;role=disp;spread=27;gpio=34;device_seq=76486;time_source=device_synced;device_timestamp_utc=2026-07-28T05:32:49.290Z;config_id=257fa022;rssi=-59;uptime_s=573660;heap=195620;cal_tier=channel-cal;cal_src=wet_rederive_1236_20260719;pressure_context_source=weather_openmeteo;transport=wifi_poll,
plants.soil,2026-07-28T05:32:52.980Z,2026-07-28 00:32:52.980,22009,6762df,y9d41p,0.7.3,fleet_logger_0_1,573660041,UMLIFE_v2_TLC555,ch3,origplant,soil_moisture,1444,,,OK,,,983.3,,name=classic;level=well watered;role=disp;spread=30;gpio=35;device_seq=76487;time_source=device_synced;device_timestamp_utc=2026-07-28T05:32:49.290Z;config_id=257fa022;rssi=-59;uptime_s=573660;heap=195620;cal_tier=channel-cal;cal_src=wet_rederive_1236_20260719;pressure_context_source=weather_openmeteo;transport=wifi_poll,
plants.env,2026-07-28T05:32:52.980Z,2026-07-28 00:32:52.980,22010,6762df,y9d41p,0.7.3,fleet_logger_0_1,573660797,ESP32,esp32_die,on_chip,die_temp,,51.67,degC,OK,,,,,name=classic;source=esp32_die;cal=uncalibrated_board_proxy;api=temperatureRead;config_id=257fa022;transport=wifi_poll,
plants.soil,2026-07-28T05:33:23.354Z,2026-07-28 00:33:23.354,22011,6762df,y9d41p,0.7.3,fleet_logger_0_1,573690041,UMLIFE_v2_TLC555,ch0,origplant,soil_moisture,1548,,,OK,,,983.3,,name=classic;level=well watered;role=disp;spread=25;gpio=36;device_seq=76488;time_source=device_synced;device_timestamp_utc=2026-07-28T05:33:19.290Z;config_id=257fa022;rssi=-58;uptime_s=573690;heap=195880;cal_tier=channel-cal;cal_src=wet_rederive_1236_20260719;pressure_context_source=weather_openmeteo;transport=wifi_poll,
plants.soil,2026-07-28T05:33:23.354Z,2026-07-28 00:33:23.354,22012,6762df,y9d41p,0.7.3,fleet_logger_0_1,573690041,UMLIFE_v2_TLC555,ch1,origplant,soil_moisture,1668,,,OK,,,983.3,,name=classic;level=OK;role=disp;spread=12;gpio=39;device_seq=76489;time_source=device_synced;device_timestamp_utc=2026-07-28T05:33:19.290Z;config_id=257fa022;rssi=-58;uptime_s=573690;heap=195880;cal_tier=channel-cal;cal_src=wet_rederive_1236_20260719;pressure_context_source=weather_openmeteo;transport=wifi_poll,
plants.soil,2026-07-28T05:33:23.354Z,2026-07-28 00:33:23.354,22013,6762df,y9d41p,0.7.3,fleet_logger_0_1,573690041,UMLIFE_v2_TLC555,ch2,origplant,soil_moisture,1358,,,OK,,,983.3,,name=classic;level=overwatered;role=disp;spread=32;gpio=34;device_seq=76490;time_source=device_synced;device_timestamp_utc=2026-07-28T05:33:19.290Z;config_id=257fa022;rssi=-58;uptime_s=573690;heap=195880;cal_tier=channel-cal;cal_src=wet_rederive_1236_20260719;pressure_context_source=weather_openmeteo;transport=wifi_poll,
plants.soil,2026-07-28T05:33:23.354Z,2026-07-28 00:33:23.354,22014,6762df,y9d41p,0.7.3,fleet_logger_0_1,573690041,UMLIFE_v2_TLC555,ch3,origplant,soil_moisture,1441,,,OK,,,983.3,,name=classic;level=well watered;role=disp;spread=21;gpio=35;device_seq=76491;time_source=device_synced;device_timestamp_utc=2026-07-28T05:33:19.290Z;config_id=257fa022;rssi=-58;uptime_s=573690;heap=195880;cal_tier=channel-cal;cal_src=wet_rederive_1236_20260719;pressure_context_source=weather_openmeteo;transport=wifi_poll,
plants.env,2026-07-28T05:33:23.354Z,2026-07-28 00:33:23.354,22015,6762df,y9d41p,0.7.3,fleet_logger_0_1,573690797,ESP32,esp32_die,on_chip,die_temp,,52.22,degC,OK,,,,,name=classic;source=esp32_die;cal=uncalibrated_board_proxy;api=temperatureRead;config_id=257fa022;transport=wifi_poll,
plants.soil,2026-07-28T05:33:53.960Z,2026-07-28 00:33:53.960,22016,6762df,y9d41p,0.7.3,fleet_logger_0_1,573720041,UMLIFE_v2_TLC555,ch0,origplant,soil_moisture,1566,,,OK,,,983.3,,name=classic;level=well watered;role=disp;spread=33;gpio=36;device_seq=76492;time_source=device_synced;device_timestamp_utc=2026-07-28T05:33:49.290Z;config_id=257fa022;rssi=-58;uptime_s=573720;heap=195880;cal_tier=channel-cal;cal_src=wet_rederive_1236_20260719;pressure_context_source=weather_openmeteo;transport=wifi_poll,
plants.soil,2026-07-28T05:33:53.960Z,2026-07-28 00:33:53.960,22017,6762df,y9d41p,0.7.3,fleet_logger_0_1,573720041,UMLIFE_v2_TLC555,ch1,origplant,soil_moisture,1678,,,OK,,,983.3,,name=classic;level=OK;role=disp;spread=37;gpio=39;device_seq=76493;time_source=device_synced;device_timestamp_utc=2026-07-28T05:33:49.290Z;config_id=257fa022;rssi=-58;uptime_s=573720;heap=195880;cal_tier=channel-cal;cal_src=wet_rederive_1236_20260719;pressure_context_source=weather_openmeteo;transport=wifi_poll,
plants.soil,2026-07-28T05:33:53.960Z,2026-07-28 00:33:53.960,22018,6762df,y9d41p,0.7.3,fleet_logger_0_1,573720041,UMLIFE_v2_TLC555,ch2,origplant,soil_moisture,1354,,,OK,,,983.3,,name=classic;level=overwatered;role=disp;spread=25;gpio=34;device_seq=76494;time_source=device_synced;device_timestamp_utc=2026-07-28T05:33:49.290Z;config_id=257fa022;rssi=-58;uptime_s=573720;heap=195880;cal_tier=channel-cal;cal_src=wet_rederive_1236_20260719;pressure_context_source=weather_openmeteo;transport=wifi_poll,
plants.soil,2026-07-28T05:33:53.960Z,2026-07-28 00:33:53.960,22019,6762df,y9d41p,0.7.3,fleet_logger_0_1,573720041,UMLIFE_v2_TLC555,ch3,origplant,soil_moisture,1433,,,OK,,,983.3,,name=classic;level=well watered;role=disp;spread=21;gpio=35;device_seq=76495;time_source=device_synced;device_timestamp_utc=2026-07-28T05:33:49.290Z;config_id=257fa022;rssi=-58;uptime_s=573720;heap=195880;cal_tier=channel-cal;cal_src=wet_rederive_1236_20260719;pressure_context_source=weather_openmeteo;transport=wifi_poll,
plants.env,2026-07-28T05:33:53.960Z,2026-07-28 00:33:53.960,22020,6762df,y9d41p,0.7.3,fleet_logger_0_1,573720797,ESP32,esp32_die,on_chip,die_temp,,52.22,degC,OK,,,,,name=classic;source=esp32_die;cal=uncalibrated_board_proxy;api=temperatureRead;config_id=257fa022;transport=wifi_poll,
plants.soil,2026-07-28T05:34:24.321Z,2026-07-28 00:34:24.321,22021,6762df,y9d41p,0.7.3,fleet_logger_0_1,573750041,UMLIFE_v2_TLC555,ch0,origplant,soil_moisture,1543,,,OK,,,983.3,,name=classic;level=well watered;role=disp;spread=48;gpio=36;device_seq=76496;time_source=device_synced;device_timestamp_utc=2026-07-28T05:34:19.290Z;config_id=257fa022;rssi=-60;uptime_s=573750;heap=195880;cal_tier=channel-cal;cal_src=wet_rederive_1236_20260719;pressure_context_source=weather_openmeteo;transport=wifi_poll,
plants.soil,2026-07-28T05:34:24.321Z,2026-07-28 00:34:24.321,22022,6762df,y9d41p,0.7.3,fleet_logger_0_1,573750041,UMLIFE_v2_TLC555,ch1,origplant,soil_moisture,1661,,,OK,,,983.3,,name=classic;level=OK;role=disp;spread=17;gpio=39;device_seq=76497;time_source=device_synced;device_timestamp_utc=2026-07-28T05:34:19.290Z;config_id=257fa022;rssi=-60;uptime_s=573750;heap=195880;cal_tier=channel-cal;cal_src=wet_rederive_1236_20260719;pressure_context_source=weather_openmeteo;transport=wifi_poll,
plants.soil,2026-07-28T05:34:24.321Z,2026-07-28 00:34:24.321,22023,6762df,y9d41p,0.7.3,fleet_logger_0_1,573750041,UMLIFE_v2_TLC555,ch2,origplant,soil_moisture,1350,,,OK,,,983.3,,name=classic;level=overwatered;role=disp;spread=48;gpio=34;device_seq=76498;time_source=device_synced;device_timestamp_utc=2026-07-28T05:34:19.290Z;config_id=257fa022;rssi=-60;uptime_s=573750;heap=195880;cal_tier=channel-cal;cal_src=wet_rederive_1236_20260719;pressure_context_source=weather_openmeteo;transport=wifi_poll,
plants.soil,2026-07-28T05:34:24.321Z,2026-07-28 00:34:24.321,22024,6762df,y9d41p,0.7.3,fleet_logger_0_1,573750041,UMLIFE_v2_TLC555,ch3,origplant,soil_moisture,1441,,,OK,,,983.3,,name=classic;level=well watered;role=disp;spread=37;gpio=35;device_seq=76499;time_source=device_synced;device_timestamp_utc=2026-07-28T05:34:19.290Z;config_id=257fa022;rssi=-60;uptime_s=573750;heap=195880;cal_tier=channel-cal;cal_src=wet_rederive_1236_20260719;pressure_context_source=weather_openmeteo;transport=wifi_poll,
plants.env,2026-07-28T05:34:24.321Z,2026-07-28 00:34:24.321,22025,6762df,y9d41p,0.7.3,fleet_logger_0_1,573750797,ESP32,esp32_die,on_chip,die_temp,,51.67,degC,OK,,,,,name=classic;source=esp32_die;cal=uncalibrated_board_proxy;api=temperatureRead;config_id=257fa022;transport=wifi_poll,
plants.soil,2026-07-28T05:34:54.681Z,2026-07-28 00:34:54.681,22026,6762df,y9d41p,0.7.3,fleet_logger_0_1,573780041,UMLIFE_v2_TLC555,ch0,origplant,soil_moisture,1569,,,OK,,,983.3,,name=classic;level=well watered;role=disp;spread=34;gpio=36;device_seq=76500;time_source=device_synced;device_timestamp_utc=2026-07-28T05:34:49.290Z;config_id=257fa022;rssi=-59;uptime_s=573780;heap=195880;cal_tier=channel-cal;cal_src=wet_rederive_1236_20260719;pressure_context_source=weather_openmeteo;transport=wifi_poll,
plants.soil,2026-07-28T05:34:54.681Z,2026-07-28 00:34:54.681,22027,6762df,y9d41p,0.7.3,fleet_logger_0_1,573780041,UMLIFE_v2_TLC555,ch1,origplant,soil_moisture,1677,,,OK,,,983.3,,name=classic;level=OK;role=disp;spread=43;gpio=39;device_seq=76501;time_source=device_synced;device_timestamp_utc=2026-07-28T05:34:49.290Z;config_id=257fa022;rssi=-59;uptime_s=573780;heap=195880;cal_tier=channel-cal;cal_src=wet_rederive_1236_20260719;pressure_context_source=weather_openmeteo;transport=wifi_poll,
plants.soil,2026-07-28T05:34:54.681Z,2026-07-28 00:34:54.681,22028,6762df,y9d41p,0.7.3,fleet_logger_0_1,573780041,UMLIFE_v2_TLC555,ch2,origplant,soil_moisture,1356,,,OK,,,983.3,,name=classic;level=overwatered;role=disp;spread=16;gpio=34;device_seq=76502;time_source=device_synced;device_timestamp_utc=2026-07-28T05:34:49.290Z;config_id=257fa022;rssi=-59;uptime_s=573780;heap=195880;cal_tier=channel-cal;cal_src=wet_rederive_1236_20260719;pressure_context_source=weather_openmeteo;transport=wifi_poll,
plants.soil,2026-07-28T05:34:54.681Z,2026-07-28 00:34:54.681,22029,6762df,y9d41p,0.7.3,fleet_logger_0_1,573780041,UMLIFE_v2_TLC555,ch3,origplant,soil_moisture,1435,,,OK,,,983.3,,name=classic;level=well watered;role=disp;spread=36;gpio=35;device_seq=76503;time_source=device_synced;device_timestamp_utc=2026-07-28T05:34:49.290Z;config_id=257fa022;rssi=-59;uptime_s=573780;heap=195880;cal_tier=channel-cal;cal_src=wet_rederive_1236_20260719;pressure_context_source=weather_openmeteo;transport=wifi_poll,
plants.env,2026-07-28T05:34:54.681Z,2026-07-28 00:34:54.681,22030,6762df,y9d41p,0.7.3,fleet_logger_0_1,573780797,ESP32,esp32_die,on_chip,die_temp,,52.22,degC,OK,,,,,name=classic;source=esp32_die;cal=uncalibrated_board_proxy;api=temperatureRead;config_id=257fa022;transport=wifi_poll,
plants.soil,2026-07-28T05:35:25.094Z,2026-07-28 00:35:25.094,22031,6762df,y9d41p,0.7.3,fleet_logger_0_1,573810041,UMLIFE_v2_TLC555,ch0,origplant,soil_moisture,1564,,,OK,,,983.3,,name=classic;level=well watered;role=disp;spread=25;gpio=36;device_seq=76504;time_source=device_synced;device_timestamp_utc=2026-07-28T05:35:19.290Z;config_id=257fa022;rssi=-59;uptime_s=573810;heap=195612;cal_tier=channel-cal;cal_src=wet_rederive_1236_20260719;pressure_context_source=weather_openmeteo;transport=wifi_poll,
plants.soil,2026-07-28T05:35:25.094Z,2026-07-28 00:35:25.094,22032,6762df,y9d41p,0.7.3,fleet_logger_0_1,573810041,UMLIFE_v2_TLC555,ch1,origplant,soil_moisture,1674,,,OK,,,983.3,,name=classic;level=OK;role=disp;spread=33;gpio=39;device_seq=76505;time_source=device_synced;device_timestamp_utc=2026-07-28T05:35:19.290Z;config_id=257fa022;rssi=-59;uptime_s=573810;heap=195612;cal_tier=channel-cal;cal_src=wet_rederive_1236_20260719;pressure_context_source=weather_openmeteo;transport=wifi_poll,
plants.soil,2026-07-28T05:35:25.094Z,2026-07-28 00:35:25.094,22033,6762df,y9d41p,0.7.3,fleet_logger_0_1,573810041,UMLIFE_v2_TLC555,ch2,origplant,soil_moisture,1362,,,OK,,,983.3,,name=classic;level=overwatered;role=disp;spread=31;gpio=34;device_seq=76506;time_source=device_synced;device_timestamp_utc=2026-07-28T05:35:19.290Z;config_id=257fa022;rssi=-59;uptime_s=573810;heap=195612;cal_tier=channel-cal;cal_src=wet_rederive_1236_20260719;pressure_context_source=weather_openmeteo;transport=wifi_poll,
plants.soil,2026-07-28T05:35:25.094Z,2026-07-28 00:35:25.094,22034,6762df,y9d41p,0.7.3,fleet_logger_0_1,573810041,UMLIFE_v2_TLC555,ch3,origplant,soil_moisture,1438,,,OK,,,983.3,,name=classic;level=well watered;role=disp;spread=47;gpio=35;device_seq=76507;time_source=device_synced;device_timestamp_utc=2026-07-28T05:35:19.290Z;config_id=257fa022;rssi=-59;uptime_s=573810;heap=195612;cal_tier=channel-cal;cal_src=wet_rederive_1236_20260719;pressure_context_source=weather_openmeteo;transport=wifi_poll,
plants.env,2026-07-28T05:35:25.094Z,2026-07-28 00:35:25.094,22035,6762df,y9d41p,0.7.3,fleet_logger_0_1,573810797,ESP32,esp32_die,on_chip,die_temp,,52.22,degC,OK,,,,,name=classic;source=esp32_die;cal=uncalibrated_board_proxy;api=temperatureRead;config_id=257fa022;transport=wifi_poll,
plants.soil,2026-07-28T05:35:55.498Z,2026-07-28 00:35:55.498,22036,6762df,y9d41p,0.7.3,fleet_logger_0_1,573840041,UMLIFE_v2_TLC555,ch0,origplant,soil_moisture,1568,,,OK,,,983.3,,name=classic;level=well watered;role=disp;spread=22;gpio=36;device_seq=76508;time_source=device_synced;device_timestamp_utc=2026-07-28T05:35:49.290Z;config_id=257fa022;rssi=-60;uptime_s=573840;heap=195608;cal_tier=channel-cal;cal_src=wet_rederive_1236_20260719;pressure_context_source=weather_openmeteo;transport=wifi_poll,
plants.soil,2026-07-28T05:35:55.498Z,2026-07-28 00:35:55.498,22037,6762df,y9d41p,0.7.3,fleet_logger_0_1,573840041,UMLIFE_v2_TLC555,ch1,origplant,soil_moisture,1675,,,OK,,,983.3,,name=classic;level=OK;role=disp;spread=4;gpio=39;device_seq=76509;time_source=device_synced;device_timestamp_utc=2026-07-28T05:35:49.290Z;config_id=257fa022;rssi=-60;uptime_s=573840;heap=195608;cal_tier=channel-cal;cal_src=wet_rederive_1236_20260719;pressure_context_source=weather_openmeteo;transport=wifi_poll,
plants.soil,2026-07-28T05:35:55.498Z,2026-07-28 00:35:55.498,22038,6762df,y9d41p,0.7.3,fleet_logger_0_1,573840041,UMLIFE_v2_TLC555,ch2,origplant,soil_moisture,1359,,,OK,,,983.3,,name=classic;level=overwatered;role=disp;spread=27;gpio=34;device_seq=76510;time_source=device_synced;device_timestamp_utc=2026-07-28T05:35:49.290Z;config_id=257fa022;rssi=-60;uptime_s=573840;heap=195608;cal_tier=channel-cal;cal_src=wet_rederive_1236_20260719;pressure_context_source=weather_openmeteo;transport=wifi_poll,
plants.soil,2026-07-28T05:35:55.498Z,2026-07-28 00:35:55.498,22039,6762df,y9d41p,0.7.3,fleet_logger_0_1,573840041,UMLIFE_v2_TLC555,ch3,origplant,soil_moisture,1444,,,OK,,,983.3,,name=classic;level=well watered;role=disp;spread=35;gpio=35;device_seq=76511;time_source=device_synced;device_timestamp_utc=2026-07-28T05:35:49.290Z;config_id=257fa022;rssi=-60;uptime_s=573840;heap=195608;cal_tier=channel-cal;cal_src=wet_rederive_1236_20260719;pressure_context_source=weather_openmeteo;transport=wifi_poll,
plants.env,2026-07-28T05:35:55.498Z,2026-07-28 00:35:55.498,22040,6762df,y9d41p,0.7.3,fleet_logger_0_1,573840797,ESP32,esp32_die,on_chip,die_temp,,52.22,degC,OK,,,,,name=classic;source=esp32_die;cal=uncalibrated_board_proxy;api=temperatureRead;config_id=257fa022;transport=wifi_poll,
plants.soil,2026-07-28T05:36:26.035Z,2026-07-28 00:36:26.035,22041,6762df,y9d41p,0.7.3,fleet_logger_0_1,573870041,UMLIFE_v2_TLC555,ch0,origplant,soil_moisture,1571,,,OK,,,983.3,,name=classic;level=well watered;role=disp;spread=12;gpio=36;device_seq=76512;time_source=device_synced;device_timestamp_utc=2026-07-28T05:36:19.290Z;config_id=257fa022;rssi=-59;uptime_s=573870;heap=195868;cal_tier=channel-cal;cal_src=wet_rederive_1236_20260719;pressure_context_source=weather_openmeteo;transport=wifi_poll,
plants.soil,2026-07-28T05:36:26.035Z,2026-07-28 00:36:26.035,22042,6762df,y9d41p,0.7.3,fleet_logger_0_1,573870041,UMLIFE_v2_TLC555,ch1,origplant,soil_moisture,1678,,,OK,,,983.3,,name=classic;level=OK;role=disp;spread=16;gpio=39;device_seq=76513;time_source=device_synced;device_timestamp_utc=2026-07-28T05:36:19.290Z;config_id=257fa022;rssi=-59;uptime_s=573870;heap=195868;cal_tier=channel-cal;cal_src=wet_rederive_1236_20260719;pressure_context_source=weather_openmeteo;transport=wifi_poll,
plants.soil,2026-07-28T05:36:26.035Z,2026-07-28 00:36:26.035,22043,6762df,y9d41p,0.7.3,fleet_logger_0_1,573870041,UMLIFE_v2_TLC555,ch2,origplant,soil_moisture,1361,,,OK,,,983.3,,name=classic;level=overwatered;role=disp;spread=65;gpio=34;device_seq=76514;time_source=device_synced;device_timestamp_utc=2026-07-28T05:36:19.290Z;config_id=257fa022;rssi=-59;uptime_s=573870;heap=195868;cal_tier=channel-cal;cal_src=wet_rederive_1236_20260719;pressure_context_source=weather_openmeteo;transport=wifi_poll,
plants.soil,2026-07-28T05:36:26.035Z,2026-07-28 00:36:26.035,22044,6762df,y9d41p,0.7.3,fleet_logger_0_1,573870041,UMLIFE_v2_TLC555,ch3,origplant,soil_moisture,1441,,,OK,,,983.3,,name=classic;level=well watered;role=disp;spread=36;gpio=35;device_seq=76515;time_source=device_synced;device_timestamp_utc=2026-07-28T05:36:19.290Z;config_id=257fa022;rssi=-59;uptime_s=573870;heap=195868;cal_tier=channel-cal;cal_src=wet_rederive_1236_20260719;pressure_context_source=weather_openmeteo;transport=wifi_poll,
plants.env,2026-07-28T05:36:26.035Z,2026-07-28 00:36:26.035,22045,6762df,y9d41p,0.7.3,fleet_logger_0_1,573870797,ESP32,esp32_die,on_chip,die_temp,,52.22,degC,OK,,,,,name=classic;source=esp32_die;cal=uncalibrated_board_proxy;api=temperatureRead;config_id=257fa022;transport=wifi_poll,
plants.soil,2026-07-28T05:36:56.527Z,2026-07-28 00:36:56.527,22046,6762df,y9d41p,0.7.3,fleet_logger_0_1,573900041,UMLIFE_v2_TLC555,ch0,origplant,soil_moisture,1566,,,OK,,,983.3,,name=classic;level=well watered;role=disp;spread=23;gpio=36;device_seq=76516;time_source=device_synced;device_timestamp_utc=2026-07-28T05:36:49.290Z;config_id=257fa022;rssi=-59;uptime_s=573900;heap=195832;cal_tier=channel-cal;cal_src=wet_rederive_1236_20260719;pressure_context_source=weather_openmeteo;transport=wifi_poll,
plants.soil,2026-07-28T05:36:56.527Z,2026-07-28 00:36:56.527,22047,6762df,y9d41p,0.7.3,fleet_logger_0_1,573900041,UMLIFE_v2_TLC555,ch1,origplant,soil_moisture,1676,,,OK,,,983.3,,name=classic;level=OK;role=disp;spread=26;gpio=39;device_seq=76517;time_source=device_synced;device_timestamp_utc=2026-07-28T05:36:49.290Z;config_id=257fa022;rssi=-59;uptime_s=573900;heap=195832;cal_tier=channel-cal;cal_src=wet_rederive_1236_20260719;pressure_context_source=weather_openmeteo;transport=wifi_poll,
plants.soil,2026-07-28T05:36:56.527Z,2026-07-28 00:36:56.527,22048,6762df,y9d41p,0.7.3,fleet_logger_0_1,573900041,UMLIFE_v2_TLC555,ch2,origplant,soil_moisture,1357,,,OK,,,983.3,,name=classic;level=overwatered;role=disp;spread=11;gpio=34;device_seq=76518;time_source=device_synced;device_timestamp_utc=2026-07-28T05:36:49.290Z;config_id=257fa022;rssi=-59;uptime_s=573900;heap=195832;cal_tier=channel-cal;cal_src=wet_rederive_1236_20260719;pressure_context_source=weather_openmeteo;transport=wifi_poll,
plants.soil,2026-07-28T05:36:56.527Z,2026-07-28 00:36:56.527,22049,6762df,y9d41p,0.7.3,fleet_logger_0_1,573900041,UMLIFE_v2_TLC555,ch3,origplant,soil_moisture,1443,,,OK,,,983.3,,name=classic;level=well watered;role=disp;spread=15;gpio=35;device_seq=76519;time_source=device_synced;device_timestamp_utc=2026-07-28T05:36:49.290Z;config_id=257fa022;rssi=-59;uptime_s=573900;heap=195832;cal_tier=channel-cal;cal_src=wet_rederive_1236_20260719;pressure_context_source=weather_openmeteo;transport=wifi_poll,
plants.env,2026-07-28T05:36:56.527Z,2026-07-28 00:36:56.527,22050,6762df,y9d41p,0.7.3,fleet_logger_0_1,573900796,ESP32,esp32_die,on_chip,die_temp,,52.22,degC,OK,,,,,name=classic;source=esp32_die;cal=uncalibrated_board_proxy;api=temperatureRead;config_id=257fa022;transport=wifi_poll,
plants.soil,2026-07-28T05:37:27.160Z,2026-07-28 00:37:27.160,22051,6762df,y9d41p,0.7.3,fleet_logger_0_1,573930041,UMLIFE_v2_TLC555,ch0,origplant,soil_moisture,1568,,,OK,,,983.3,,name=classic;level=well watered;role=disp;spread=28;gpio=36;device_seq=76520;time_source=device_synced;device_timestamp_utc=2026-07-28T05:37:19.290Z;config_id=257fa022;rssi=-59;uptime_s=573930;heap=195880;cal_tier=channel-cal;cal_src=wet_rederive_1236_20260719;pressure_context_source=weather_openmeteo;transport=wifi_poll,
plants.soil,2026-07-28T05:37:27.160Z,2026-07-28 00:37:27.160,22052,6762df,y9d41p,0.7.3,fleet_logger_0_1,573930041,UMLIFE_v2_TLC555,ch1,origplant,soil_moisture,1673,,,OK,,,983.3,,name=classic;level=OK;role=disp;spread=27;gpio=39;device_seq=76521;time_source=device_synced;device_timestamp_utc=2026-07-28T05:37:19.290Z;config_id=257fa022;rssi=-59;uptime_s=573930;heap=195880;cal_tier=channel-cal;cal_src=wet_rederive_1236_20260719;pressure_context_source=weather_openmeteo;transport=wifi_poll,
plants.soil,2026-07-28T05:37:27.160Z,2026-07-28 00:37:27.160,22053,6762df,y9d41p,0.7.3,fleet_logger_0_1,573930041,UMLIFE_v2_TLC555,ch2,origplant,soil_moisture,1357,,,OK,,,983.3,,name=classic;level=overwatered;role=disp;spread=41;gpio=34;device_seq=76522;time_source=device_synced;device_timestamp_utc=2026-07-28T05:37:19.290Z;config_id=257fa022;rssi=-59;uptime_s=573930;heap=195880;cal_tier=channel-cal;cal_src=wet_rederive_1236_20260719;pressure_context_source=weather_openmeteo;transport=wifi_poll,
plants.soil,2026-07-28T05:37:27.160Z,2026-07-28 00:37:27.160,22054,6762df,y9d41p,0.7.3,fleet_logger_0_1,573930041,UMLIFE_v2_TLC555,ch3,origplant,soil_moisture,1432,,,OK,,,983.3,,name=classic;level=well watered;role=disp;spread=22;gpio=35;device_seq=76523;time_source=device_synced;device_timestamp_utc=2026-07-28T05:37:19.290Z;config_id=257fa022;rssi=-59;uptime_s=573930;heap=195880;cal_tier=channel-cal;cal_src=wet_rederive_1236_20260719;pressure_context_source=weather_openmeteo;transport=wifi_poll,
plants.env,2026-07-28T05:37:27.160Z,2026-07-28 00:37:27.160,22055,6762df,y9d41p,0.7.3,fleet_logger_0_1,573930797,ESP32,esp32_die,on_chip,die_temp,,51.67,degC,OK,,,,,name=classic;source=esp32_die;cal=uncalibrated_board_proxy;api=temperatureRead;config_id=257fa022;transport=wifi_poll,
plants.soil,2026-07-28T05:37:57.567Z,2026-07-28 00:37:57.567,22056,6762df,y9d41p,0.7.3,fleet_logger_0_1,573960041,UMLIFE_v2_TLC555,ch0,origplant,soil_moisture,1566,,,OK,,,983.3,,name=classic;level=well watered;role=disp;spread=38;gpio=36;device_seq=76524;time_source=device_synced;device_timestamp_utc=2026-07-28T05:37:49.290Z;config_id=257fa022;rssi=-58;uptime_s=573960;heap=195872;cal_tier=channel-cal;cal_src=wet_rederive_1236_20260719;pressure_context_source=weather_openmeteo;transport=wifi_poll,
plants.soil,2026-07-28T05:37:57.567Z,2026-07-28 00:37:57.567,22057,6762df,y9d41p,0.7.3,fleet_logger_0_1,573960041,UMLIFE_v2_TLC555,ch1,origplant,soil_moisture,1671,,,OK,,,983.3,,name=classic;level=OK;role=disp;spread=29;gpio=39;device_seq=76525;time_source=device_synced;device_timestamp_utc=2026-07-28T05:37:49.290Z;config_id=257fa022;rssi=-58;uptime_s=573960;heap=195872;cal_tier=channel-cal;cal_src=wet_rederive_1236_20260719;pressure_context_source=weather_openmeteo;transport=wifi_poll,
plants.soil,2026-07-28T05:37:57.567Z,2026-07-28 00:37:57.567,22058,6762df,y9d41p,0.7.3,fleet_logger_0_1,573960041,UMLIFE_v2_TLC555,ch2,origplant,soil_moisture,1361,,,OK,,,983.3,,name=classic;level=overwatered;role=disp;spread=42;gpio=34;device_seq=76526;time_source=device_synced;device_timestamp_utc=2026-07-28T05:37:49.290Z;config_id=257fa022;rssi=-58;uptime_s=573960;heap=195872;cal_tier=channel-cal;cal_src=wet_rederive_1236_20260719;pressure_context_source=weather_openmeteo;transport=wifi_poll,
plants.soil,2026-07-28T05:37:57.567Z,2026-07-28 00:37:57.567,22059,6762df,y9d41p,0.7.3,fleet_logger_0_1,573960041,UMLIFE_v2_TLC555,ch3,origplant,soil_moisture,1445,,,OK,,,983.3,,name=classic;level=well watered;role=disp;spread=21;gpio=35;device_seq=76527;time_source=device_synced;device_timestamp_utc=2026-07-28T05:37:49.290Z;config_id=257fa022;rssi=-58;uptime_s=573960;heap=195872;cal_tier=channel-cal;cal_src=wet_rederive_1236_20260719;pressure_context_source=weather_openmeteo;transport=wifi_poll,
plants.env,2026-07-28T05:37:57.567Z,2026-07-28 00:37:57.567,22060,6762df,y9d41p,0.7.3,fleet_logger_0_1,573960797,ESP32,esp32_die,on_chip,die_temp,,52.22,degC,OK,,,,,name=classic;source=esp32_die;cal=uncalibrated_board_proxy;api=temperatureRead;config_id=257fa022;transport=wifi_poll,
plants.soil,2026-07-28T05:38:27.780Z,2026-07-28 00:38:27.780,22061,6762df,y9d41p,0.7.3,fleet_logger_0_1,573990041,UMLIFE_v2_TLC555,ch0,origplant,soil_moisture,1542,,,OK,,,983.3,,name=classic;level=well watered;role=disp;spread=33;gpio=36;device_seq=76528;time_source=device_synced;device_timestamp_utc=2026-07-28T05:38:19.290Z;config_id=257fa022;rssi=-58;uptime_s=573990;heap=195616;cal_tier=channel-cal;cal_src=wet_rederive_1236_20260719;pressure_context_source=weather_openmeteo;transport=wifi_poll,
plants.soil,2026-07-28T05:38:27.780Z,2026-07-28 00:38:27.780,22062,6762df,y9d41p,0.7.3,fleet_logger_0_1,573990041,UMLIFE_v2_TLC555,ch1,origplant,soil_moisture,1669,,,OK,,,983.3,,name=classic;level=OK;role=disp;spread=31;gpio=39;device_seq=76529;time_source=device_synced;device_timestamp_utc=2026-07-28T05:38:19.290Z;config_id=257fa022;rssi=-58;uptime_s=573990;heap=195616;cal_tier=channel-cal;cal_src=wet_rederive_1236_20260719;pressure_context_source=weather_openmeteo;transport=wifi_poll,
plants.soil,2026-07-28T05:38:27.780Z,2026-07-28 00:38:27.780,22063,6762df,y9d41p,0.7.3,fleet_logger_0_1,573990041,UMLIFE_v2_TLC555,ch2,origplant,soil_moisture,1357,,,OK,,,983.3,,name=classic;level=overwatered;role=disp;spread=33;gpio=34;device_seq=76530;time_source=device_synced;device_timestamp_utc=2026-07-28T05:38:19.290Z;config_id=257fa022;rssi=-58;uptime_s=573990;heap=195616;cal_tier=channel-cal;cal_src=wet_rederive_1236_20260719;pressure_context_source=weather_openmeteo;transport=wifi_poll,
plants.soil,2026-07-28T05:38:27.780Z,2026-07-28 00:38:27.780,22064,6762df,y9d41p,0.7.3,fleet_logger_0_1,573990041,UMLIFE_v2_TLC555,ch3,origplant,soil_moisture,1432,,,OK,,,983.3,,name=classic;level=well watered;role=disp;spread=17;gpio=35;device_seq=76531;time_source=device_synced;device_timestamp_utc=2026-07-28T05:38:19.290Z;config_id=257fa022;rssi=-58;uptime_s=573990;heap=195616;cal_tier=channel-cal;cal_src=wet_rederive_1236_20260719;pressure_context_source=weather_openmeteo;transport=wifi_poll,
plants.env,2026-07-28T05:38:27.780Z,2026-07-28 00:38:27.780,22065,6762df,y9d41p,0.7.3,fleet_logger_0_1,573990797,ESP32,esp32_die,on_chip,die_temp,,52.22,degC,OK,,,,,name=classic;source=esp32_die;cal=uncalibrated_board_proxy;api=temperatureRead;config_id=257fa022;transport=wifi_poll,
plants.soil,2026-07-28T05:38:58.139Z,2026-07-28 00:38:58.139,22066,6762df,y9d41p,0.7.3,fleet_logger_0_1,574020041,UMLIFE_v2_TLC555,ch0,origplant,soil_moisture,1558,,,OK,,,983.3,,name=classic;level=well watered;role=disp;spread=32;gpio=36;device_seq=76532;time_source=device_synced;device_timestamp_utc=2026-07-28T05:38:49.290Z;config_id=257fa022;rssi=-59;uptime_s=574020;heap=195624;cal_tier=channel-cal;cal_src=wet_rederive_1236_20260719;pressure_context_source=weather_openmeteo;transport=wifi_poll,
plants.soil,2026-07-28T05:38:58.139Z,2026-07-28 00:38:58.139,22067,6762df,y9d41p,0.7.3,fleet_logger_0_1,574020041,UMLIFE_v2_TLC555,ch1,origplant,soil_moisture,1672,,,OK,,,983.3,,name=classic;level=OK;role=disp;spread=47;gpio=39;device_seq=76533;time_source=device_synced;device_timestamp_utc=2026-07-28T05:38:49.290Z;config_id=257fa022;rssi=-59;uptime_s=574020;heap=195624;cal_tier=channel-cal;cal_src=wet_rederive_1236_20260719;pressure_context_source=weather_openmeteo;transport=wifi_poll,
plants.soil,2026-07-28T05:38:58.139Z,2026-07-28 00:38:58.139,22068,6762df,y9d41p,0.7.3,fleet_logger_0_1,574020041,UMLIFE_v2_TLC555,ch2,origplant,soil_moisture,1357,,,OK,,,983.3,,name=classic;level=overwatered;role=disp;spread=30;gpio=34;device_seq=76534;time_source=device_synced;device_timestamp_utc=2026-07-28T05:38:49.290Z;config_id=257fa022;rssi=-59;uptime_s=574020;heap=195624;cal_tier=channel-cal;cal_src=wet_rederive_1236_20260719;pressure_context_source=weather_openmeteo;transport=wifi_poll,
plants.soil,2026-07-28T05:38:58.139Z,2026-07-28 00:38:58.139,22069,6762df,y9d41p,0.7.3,fleet_logger_0_1,574020041,UMLIFE_v2_TLC555,ch3,origplant,soil_moisture,1441,,,OK,,,983.3,,name=classic;level=well watered;role=disp;spread=16;gpio=35;device_seq=76535;time_source=device_synced;device_timestamp_utc=2026-07-28T05:38:49.290Z;config_id=257fa022;rssi=-59;uptime_s=574020;heap=195624;cal_tier=channel-cal;cal_src=wet_rederive_1236_20260719;pressure_context_source=weather_openmeteo;transport=wifi_poll,
plants.env,2026-07-28T05:38:58.139Z,2026-07-28 00:38:58.139,22070,6762df,y9d41p,0.7.3,fleet_logger_0_1,574020796,ESP32,esp32_die,on_chip,die_temp,,51.67,degC,OK,,,,,name=classic;source=esp32_die;cal=uncalibrated_board_proxy;api=temperatureRead;config_id=257fa022;transport=wifi_poll,
plants.soil,2026-07-28T05:39:28.380Z,2026-07-28 00:39:28.380,22071,6762df,y9d41p,0.7.3,fleet_logger_0_1,574050041,UMLIFE_v2_TLC555,ch0,origplant,soil_moisture,1572,,,OK,,,983.3,,name=classic;level=well watered;role=disp;spread=18;gpio=36;device_seq=76536;time_source=device_synced;device_timestamp_utc=2026-07-28T05:39:19.290Z;config_id=257fa022;rssi=-57;uptime_s=574050;heap=195888;cal_tier=channel-cal;cal_src=wet_rederive_1236_20260719;pressure_context_source=weather_openmeteo;transport=wifi_poll,
plants.soil,2026-07-28T05:39:28.380Z,2026-07-28 00:39:28.380,22072,6762df,y9d41p,0.7.3,fleet_logger_0_1,574050041,UMLIFE_v2_TLC555,ch1,origplant,soil_moisture,1677,,,OK,,,983.3,,name=classic;level=OK;role=disp;spread=42;gpio=39;device_seq=76537;time_source=device_synced;device_timestamp_utc=2026-07-28T05:39:19.290Z;config_id=257fa022;rssi=-57;uptime_s=574050;heap=195888;cal_tier=channel-cal;cal_src=wet_rederive_1236_20260719;pressure_context_source=weather_openmeteo;transport=wifi_poll,
plants.soil,2026-07-28T05:39:28.380Z,2026-07-28 00:39:28.380,22073,6762df,y9d41p,0.7.3,fleet_logger_0_1,574050041,UMLIFE_v2_TLC555,ch2,origplant,soil_moisture,1356,,,OK,,,983.3,,name=classic;level=overwatered;role=disp;spread=44;gpio=34;device_seq=76538;time_source=device_synced;device_timestamp_utc=2026-07-28T05:39:19.290Z;config_id=257fa022;rssi=-57;uptime_s=574050;heap=195888;cal_tier=channel-cal;cal_src=wet_rederive_1236_20260719;pressure_context_source=weather_openmeteo;transport=wifi_poll,
plants.soil,2026-07-28T05:39:28.380Z,2026-07-28 00:39:28.380,22074,6762df,y9d41p,0.7.3,fleet_logger_0_1,574050041,UMLIFE_v2_TLC555,ch3,origplant,soil_moisture,1441,,,OK,,,983.3,,name=classic;level=well watered;role=disp;spread=26;gpio=35;device_seq=76539;time_source=device_synced;device_timestamp_utc=2026-07-28T05:39:19.290Z;config_id=257fa022;rssi=-57;uptime_s=574050;heap=195888;cal_tier=channel-cal;cal_src=wet_rederive_1236_20260719;pressure_context_source=weather_openmeteo;transport=wifi_poll,
plants.env,2026-07-28T05:39:28.380Z,2026-07-28 00:39:28.380,22075,6762df,y9d41p,0.7.3,fleet_logger_0_1,574050796,ESP32,esp32_die,on_chip,die_temp,,51.11,degC,OK,,,,,name=classic;source=esp32_die;cal=uncalibrated_board_proxy;api=temperatureRead;config_id=257fa022;transport=wifi_poll,
plants.soil,2026-07-28T05:39:58.710Z,2026-07-28 00:39:58.710,22076,6762df,y9d41p,0.7.3,fleet_logger_0_1,574080041,UMLIFE_v2_TLC555,ch0,origplant,soil_moisture,1552,,,OK,,,983.3,,name=classic;level=well watered;role=disp;spread=55;gpio=36;device_seq=76540;time_source=device_synced;device_timestamp_utc=2026-07-28T05:39:49.290Z;config_id=257fa022;rssi=-58;uptime_s=574080;heap=193368;cal_tier=channel-cal;cal_src=wet_rederive_1236_20260719;pressure_context_source=weather_openmeteo;transport=wifi_poll,
plants.soil,2026-07-28T05:39:58.710Z,2026-07-28 00:39:58.710,22077,6762df,y9d41p,0.7.3,fleet_logger_0_1,574080041,UMLIFE_v2_TLC555,ch1,origplant,soil_moisture,1672,,,OK,,,983.3,,name=classic;level=OK;role=disp;spread=30;gpio=39;device_seq=76541;time_source=device_synced;device_timestamp_utc=2026-07-28T05:39:49.290Z;config_id=257fa022;rssi=-58;uptime_s=574080;heap=193368;cal_tier=channel-cal;cal_src=wet_rederive_1236_20260719;pressure_context_source=weather_openmeteo;transport=wifi_poll,
plants.soil,2026-07-28T05:39:58.710Z,2026-07-28 00:39:58.710,22078,6762df,y9d41p,0.7.3,fleet_logger_0_1,574080041,UMLIFE_v2_TLC555,ch2,origplant,soil_moisture,1357,,,OK,,,983.3,,name=classic;level=overwatered;role=disp;spread=40;gpio=34;device_seq=76542;time_source=device_synced;device_timestamp_utc=2026-07-28T05:39:49.290Z;config_id=257fa022;rssi=-58;uptime_s=574080;heap=193368;cal_tier=channel-cal;cal_src=wet_rederive_1236_20260719;pressure_context_source=weather_openmeteo;transport=wifi_poll,
plants.soil,2026-07-28T05:39:58.710Z,2026-07-28 00:39:58.710,22079,6762df,y9d41p,0.7.3,fleet_logger_0_1,574080041,UMLIFE_v2_TLC555,ch3,origplant,soil_moisture,1436,,,OK,,,983.3,,name=classic;level=well watered;role=disp;spread=27;gpio=35;device_seq=76543;time_source=device_synced;device_timestamp_utc=2026-07-28T05:39:49.290Z;config_id=257fa022;rssi=-58;uptime_s=574080;heap=193368;cal_tier=channel-cal;cal_src=wet_rederive_1236_20260719;pressure_context_source=weather_openmeteo;transport=wifi_poll,
plants.env,2026-07-28T05:39:58.710Z,2026-07-28 00:39:58.710,22080,6762df,y9d41p,0.7.3,fleet_logger_0_1,574080796,ESP32,esp32_die,on_chip,die_temp,,52.22,degC,OK,,,,,name=classic;source=esp32_die;cal=uncalibrated_board_proxy;api=temperatureRead;config_id=257fa022;transport=wifi_poll,
plants.soil,2026-07-28T05:40:29.021Z,2026-07-28 00:40:29.021,22081,6762df,y9d41p,0.7.3,fleet_logger_0_1,574110041,UMLIFE_v2_TLC555,ch0,origplant,soil_moisture,1549,,,OK,,,983.3,,name=classic;level=well watered;role=disp;spread=54;gpio=36;device_seq=76544;time_source=device_synced;device_timestamp_utc=2026-07-28T05:40:19.290Z;config_id=257fa022;rssi=-57;uptime_s=574110;heap=195848;cal_tier=channel-cal;cal_src=wet_rederive_1236_20260719;pressure_context_source=weather_openmeteo;transport=wifi_poll,
plants.soil,2026-07-28T05:40:29.021Z,2026-07-28 00:40:29.021,22082,6762df,y9d41p,0.7.3,fleet_logger_0_1,574110041,UMLIFE_v2_TLC555,ch1,origplant,soil_moisture,1670,,,OK,,,983.3,,name=classic;level=OK;role=disp;spread=32;gpio=39;device_seq=76545;time_source=device_synced;device_timestamp_utc=2026-07-28T05:40:19.290Z;config_id=257fa022;rssi=-57;uptime_s=574110;heap=195848;cal_tier=channel-cal;cal_src=wet_rederive_1236_20260719;pressure_context_source=weather_openmeteo;transport=wifi_poll,
plants.soil,2026-07-28T05:40:29.021Z,2026-07-28 00:40:29.021,22083,6762df,y9d41p,0.7.3,fleet_logger_0_1,574110041,UMLIFE_v2_TLC555,ch2,origplant,soil_moisture,1356,,,OK,,,983.3,,name=classic;level=overwatered;role=disp;spread=41;gpio=34;device_seq=76546;time_source=device_synced;device_timestamp_utc=2026-07-28T05:40:19.290Z;config_id=257fa022;rssi=-57;uptime_s=574110;heap=195848;cal_tier=channel-cal;cal_src=wet_rederive_1236_20260719;pressure_context_source=weather_openmeteo;transport=wifi_poll,
plants.soil,2026-07-28T05:40:29.021Z,2026-07-28 00:40:29.021,22084,6762df,y9d41p,0.7.3,fleet_logger_0_1,574110041,UMLIFE_v2_TLC555,ch3,origplant,soil_moisture,1442,,,OK,,,983.3,,name=classic;level=well watered;role=disp;spread=29;gpio=35;device_seq=76547;time_source=device_synced;device_timestamp_utc=2026-07-28T05:40:19.290Z;config_id=257fa022;rssi=-57;uptime_s=574110;heap=195848;cal_tier=channel-cal;cal_src=wet_rederive_1236_20260719;pressure_context_source=weather_openmeteo;transport=wifi_poll,
plants.env,2026-07-28T05:40:29.021Z,2026-07-28 00:40:29.021,22085,6762df,y9d41p,0.7.3,fleet_logger_0_1,574110796,ESP32,esp32_die,on_chip,die_temp,,52.78,degC,OK,,,,,name=classic;source=esp32_die;cal=uncalibrated_board_proxy;api=temperatureRead;config_id=257fa022;transport=wifi_poll,
plants.soil,2026-07-28T05:40:59.900Z,2026-07-28 00:40:59.900,22086,6762df,y9d41p,0.7.3,fleet_logger_0_1,574140041,UMLIFE_v2_TLC555,ch0,origplant,soil_moisture,1543,,,OK,,,983.3,,name=classic;level=well watered;role=disp;spread=42;gpio=36;device_seq=76548;time_source=device_synced;device_timestamp_utc=2026-07-28T05:40:49.290Z;config_id=257fa022;rssi=-57;uptime_s=574140;heap=190848;cal_tier=channel-cal;cal_src=wet_rederive_1236_20260719;pressure_context_source=weather_openmeteo;transport=wifi_poll,
plants.soil,2026-07-28T05:40:59.900Z,2026-07-28 00:40:59.900,22087,6762df,y9d41p,0.7.3,fleet_logger_0_1,574140041,UMLIFE_v2_TLC555,ch1,origplant,soil_moisture,1669,,,OK,,,983.3,,name=classic;level=OK;role=disp;spread=29;gpio=39;device_seq=76549;time_source=device_synced;device_timestamp_utc=2026-07-28T05:40:49.290Z;config_id=257fa022;rssi=-57;uptime_s=574140;heap=190848;cal_tier=channel-cal;cal_src=wet_rederive_1236_20260719;pressure_context_source=weather_openmeteo;transport=wifi_poll,
plants.soil,2026-07-28T05:40:59.900Z,2026-07-28 00:40:59.900,22088,6762df,y9d41p,0.7.3,fleet_logger_0_1,574140041,UMLIFE_v2_TLC555,ch2,origplant,soil_moisture,1357,,,OK,,,983.3,,name=classic;level=overwatered;role=disp;spread=18;gpio=34;device_seq=76550;time_source=device_synced;device_timestamp_utc=2026-07-28T05:40:49.290Z;config_id=257fa022;rssi=-57;uptime_s=574140;heap=190848;cal_tier=channel-cal;cal_src=wet_rederive_1236_20260719;pressure_context_source=weather_openmeteo;transport=wifi_poll,
plants.soil,2026-07-28T05:40:59.900Z,2026-07-28 00:40:59.900,22089,6762df,y9d41p,0.7.3,fleet_logger_0_1,574140041,UMLIFE_v2_TLC555,ch3,origplant,soil_moisture,1433,,,OK,,,983.3,,name=classic;level=well watered;role=disp;spread=26;gpio=35;device_seq=76551;time_source=device_synced;device_timestamp_utc=2026-07-28T05:40:49.290Z;config_id=257fa022;rssi=-57;uptime_s=574140;heap=190848;cal_tier=channel-cal;cal_src=wet_rederive_1236_20260719;pressure_context_source=weather_openmeteo;transport=wifi_poll,
plants.env,2026-07-28T05:40:59.900Z,2026-07-28 00:40:59.900,22090,6762df,y9d41p,0.7.3,fleet_logger_0_1,574140797,ESP32,esp32_die,on_chip,die_temp,,52.22,degC,OK,,,,,name=classic;source=esp32_die;cal=uncalibrated_board_proxy;api=temperatureRead;config_id=257fa022;transport=wifi_poll,
plants.soil,2026-07-28T05:41:30.408Z,2026-07-28 00:41:30.408,22091,6762df,y9d41p,0.7.3,fleet_logger_0_1,574170041,UMLIFE_v2_TLC555,ch0,origplant,soil_moisture,1537,,,OK,,,983.3,,name=classic;level=well watered;role=disp;spread=31;gpio=36;device_seq=76552;time_source=device_synced;device_timestamp_utc=2026-07-28T05:41:19.290Z;config_id=257fa022;rssi=-57;uptime_s=574170;heap=195620;cal_tier=channel-cal;cal_src=wet_rederive_1236_20260719;pressure_context_source=weather_openmeteo;transport=wifi_poll,
plants.soil,2026-07-28T05:41:30.408Z,2026-07-28 00:41:30.408,22092,6762df,y9d41p,0.7.3,fleet_logger_0_1,574170041,UMLIFE_v2_TLC555,ch1,origplant,soil_moisture,1663,,,OK,,,983.3,,name=classic;level=OK;role=disp;spread=26;gpio=39;device_seq=76553;time_source=device_synced;device_timestamp_utc=2026-07-28T05:41:19.290Z;config_id=257fa022;rssi=-57;uptime_s=574170;heap=195620;cal_tier=channel-cal;cal_src=wet_rederive_1236_20260719;pressure_context_source=weather_openmeteo;transport=wifi_poll,
plants.soil,2026-07-28T05:41:30.408Z,2026-07-28 00:41:30.408,22093,6762df,y9d41p,0.7.3,fleet_logger_0_1,574170041,UMLIFE_v2_TLC555,ch2,origplant,soil_moisture,1353,,,OK,,,983.3,,name=classic;level=overwatered;role=disp;spread=29;gpio=34;device_seq=76554;time_source=device_synced;device_timestamp_utc=2026-07-28T05:41:19.290Z;config_id=257fa022;rssi=-57;uptime_s=574170;heap=195620;cal_tier=channel-cal;cal_src=wet_rederive_1236_20260719;pressure_context_source=weather_openmeteo;transport=wifi_poll,
plants.soil,2026-07-28T05:41:30.408Z,2026-07-28 00:41:30.408,22094,6762df,y9d41p,0.7.3,fleet_logger_0_1,574170041,UMLIFE_v2_TLC555,ch3,origplant,soil_moisture,1440,,,OK,,,983.3,,name=classic;level=well watered;role=disp;spread=26;gpio=35;device_seq=76555;time_source=device_synced;device_timestamp_utc=2026-07-28T05:41:19.290Z;config_id=257fa022;rssi=-57;uptime_s=574170;heap=195620;cal_tier=channel-cal;cal_src=wet_rederive_1236_20260719;pressure_context_source=weather_openmeteo;transport=wifi_poll,
plants.env,2026-07-28T05:41:30.408Z,2026-07-28 00:41:30.408,22095,6762df,y9d41p,0.7.3,fleet_logger_0_1,574170796,ESP32,esp32_die,on_chip,die_temp,,52.22,degC,OK,,,,,name=classic;source=esp32_die;cal=uncalibrated_board_proxy;api=temperatureRead;config_id=257fa022;transport=wifi_poll,
plants.soil,2026-07-28T05:42:01.286Z,2026-07-28 00:42:01.286,22096,6762df,y9d41p,0.7.3,fleet_logger_0_1,574200041,UMLIFE_v2_TLC555,ch0,origplant,soil_moisture,1530,,,OK,,,983.3,,name=classic;level=well watered;role=disp;spread=43;gpio=36;device_seq=76556;time_source=device_synced;device_timestamp_utc=2026-07-28T05:41:49.290Z;config_id=257fa022;rssi=-58;uptime_s=574200;heap=195624;cal_tier=channel-cal;cal_src=wet_rederive_1236_20260719;pressure_context_source=weather_openmeteo;transport=wifi_poll,
plants.soil,2026-07-28T05:42:01.286Z,2026-07-28 00:42:01.286,22097,6762df,y9d41p,0.7.3,fleet_logger_0_1,574200041,UMLIFE_v2_TLC555,ch1,origplant,soil_moisture,1666,,,OK,,,983.3,,name=classic;level=OK;role=disp;spread=28;gpio=39;device_seq=76557;time_source=device_synced;device_timestamp_utc=2026-07-28T05:41:49.290Z;config_id=257fa022;rssi=-58;uptime_s=574200;heap=195624;cal_tier=channel-cal;cal_src=wet_rederive_1236_20260719;pressure_context_source=weather_openmeteo;transport=wifi_poll,
plants.soil,2026-07-28T05:42:01.286Z,2026-07-28 00:42:01.286,22098,6762df,y9d41p,0.7.3,fleet_logger_0_1,574200041,UMLIFE_v2_TLC555,ch2,origplant,soil_moisture,1350,,,OK,,,983.3,,name=classic;level=overwatered;role=disp;spread=35;gpio=34;device_seq=76558;time_source=device_synced;device_timestamp_utc=2026-07-28T05:41:49.290Z;config_id=257fa022;rssi=-58;uptime_s=574200;heap=195624;cal_tier=channel-cal;cal_src=wet_rederive_1236_20260719;pressure_context_source=weather_openmeteo;transport=wifi_poll,
plants.soil,2026-07-28T05:42:01.286Z,2026-07-28 00:42:01.286,22099,6762df,y9d41p,0.7.3,fleet_logger_0_1,574200041,UMLIFE_v2_TLC555,ch3,origplant,soil_moisture,1434,,,OK,,,983.3,,name=classic;level=well watered;role=disp;spread=16;gpio=35;device_seq=76559;time_source=device_synced;device_timestamp_utc=2026-07-28T05:41:49.290Z;config_id=257fa022;rssi=-58;uptime_s=574200;heap=195624;cal_tier=channel-cal;cal_src=wet_rederive_1236_20260719;pressure_context_source=weather_openmeteo;transport=wifi_poll,
plants.env,2026-07-28T05:42:01.286Z,2026-07-28 00:42:01.286,22100,6762df,y9d41p,0.7.3,fleet_logger_0_1,574201863,ESP32,esp32_die,on_chip,die_temp,,51.67,degC,OK,,,,,name=classic;source=esp32_die;cal=uncalibrated_board_proxy;api=temperatureRead;config_id=257fa022;transport=wifi_poll,
plants.soil,2026-07-28T05:42:31.642Z,2026-07-28 00:42:31.642,22101,6762df,y9d41p,0.7.3,fleet_logger_0_1,574230041,UMLIFE_v2_TLC555,ch0,origplant,soil_moisture,1533,,,OK,,,983.3,,name=classic;level=well watered;role=disp;spread=52;gpio=36;device_seq=76560;time_source=device_synced;device_timestamp_utc=2026-07-28T05:42:19.290Z;config_id=257fa022;rssi=-58;uptime_s=574230;heap=195892;cal_tier=channel-cal;cal_src=wet_rederive_1236_20260719;pressure_context_source=weather_openmeteo;transport=wifi_poll,
plants.soil,2026-07-28T05:42:31.642Z,2026-07-28 00:42:31.642,22102,6762df,y9d41p,0.7.3,fleet_logger_0_1,574230041,UMLIFE_v2_TLC555,ch1,origplant,soil_moisture,1659,,,OK,,,983.3,,name=classic;level=OK;role=disp;spread=41;gpio=39;device_seq=76561;time_source=device_synced;device_timestamp_utc=2026-07-28T05:42:19.290Z;config_id=257fa022;rssi=-58;uptime_s=574230;heap=195892;cal_tier=channel-cal;cal_src=wet_rederive_1236_20260719;pressure_context_source=weather_openmeteo;transport=wifi_poll,
plants.soil,2026-07-28T05:42:31.642Z,2026-07-28 00:42:31.642,22103,6762df,y9d41p,0.7.3,fleet_logger_0_1,574230041,UMLIFE_v2_TLC555,ch2,origplant,soil_moisture,1348,,,OK,,,983.3,,name=classic;level=overwatered;role=disp;spread=26;gpio=34;device_seq=76562;time_source=device_synced;device_timestamp_utc=2026-07-28T05:42:19.290Z;config_id=257fa022;rssi=-58;uptime_s=574230;heap=195892;cal_tier=channel-cal;cal_src=wet_rederive_1236_20260719;pressure_context_source=weather_openmeteo;transport=wifi_poll,
plants.soil,2026-07-28T05:42:31.642Z,2026-07-28 00:42:31.642,22104,6762df,y9d41p,0.7.3,fleet_logger_0_1,574230041,UMLIFE_v2_TLC555,ch3,origplant,soil_moisture,1441,,,OK,,,983.3,,name=classic;level=well watered;role=disp;spread=27;gpio=35;device_seq=76563;time_source=device_synced;device_timestamp_utc=2026-07-28T05:42:19.290Z;config_id=257fa022;rssi=-58;uptime_s=574230;heap=195892;cal_tier=channel-cal;cal_src=wet_rederive_1236_20260719;pressure_context_source=weather_openmeteo;transport=wifi_poll,
plants.env,2026-07-28T05:42:31.642Z,2026-07-28 00:42:31.642,22105,6762df,y9d41p,0.7.3,fleet_logger_0_1,574230796,ESP32,esp32_die,on_chip,die_temp,,52.22,degC,OK,,,,,name=classic;source=esp32_die;cal=uncalibrated_board_proxy;api=temperatureRead;config_id=257fa022;transport=wifi_poll,
plants.soil,2026-07-28T05:43:02.412Z,2026-07-28 00:43:02.412,22106,6762df,y9d41p,0.7.3,fleet_logger_0_1,574260041,UMLIFE_v2_TLC555,ch0,origplant,soil_moisture,1532,,,OK,,,983.3,,name=classic;level=well watered;role=disp;spread=8;gpio=36;device_seq=76564;time_source=device_synced;device_timestamp_utc=2026-07-28T05:42:49.290Z;config_id=257fa022;rssi=-60;uptime_s=574260;heap=195892;cal_tier=channel-cal;cal_src=wet_rederive_1236_20260719;pressure_context_source=weather_openmeteo;transport=wifi_poll,
plants.soil,2026-07-28T05:43:02.412Z,2026-07-28 00:43:02.412,22107,6762df,y9d41p,0.7.3,fleet_logger_0_1,574260041,UMLIFE_v2_TLC555,ch1,origplant,soil_moisture,1649,,,OK,,,983.3,,name=classic;level=OK;role=disp;spread=28;gpio=39;device_seq=76565;time_source=device_synced;device_timestamp_utc=2026-07-28T05:42:49.290Z;config_id=257fa022;rssi=-60;uptime_s=574260;heap=195892;cal_tier=channel-cal;cal_src=wet_rederive_1236_20260719;pressure_context_source=weather_openmeteo;transport=wifi_poll,
plants.soil,2026-07-28T05:43:02.412Z,2026-07-28 00:43:02.412,22108,6762df,y9d41p,0.7.3,fleet_logger_0_1,574260041,UMLIFE_v2_TLC555,ch2,origplant,soil_moisture,1346,,,OK,,,983.3,,name=classic;level=overwatered;role=disp;spread=41;gpio=34;device_seq=76566;time_source=device_synced;device_timestamp_utc=2026-07-28T05:42:49.290Z;config_id=257fa022;rssi=-60;uptime_s=574260;heap=195892;cal_tier=channel-cal;cal_src=wet_rederive_1236_20260719;pressure_context_source=weather_openmeteo;transport=wifi_poll,
plants.soil,2026-07-28T05:43:02.412Z,2026-07-28 00:43:02.412,22109,6762df,y9d41p,0.7.3,fleet_logger_0_1,574260041,UMLIFE_v2_TLC555,ch3,origplant,soil_moisture,1438,,,OK,,,983.3,,name=classic;level=well watered;role=disp;spread=25;gpio=35;device_seq=76567;time_source=device_synced;device_timestamp_utc=2026-07-28T05:42:49.290Z;config_id=257fa022;rssi=-60;uptime_s=574260;heap=195892;cal_tier=channel-cal;cal_src=wet_rederive_1236_20260719;pressure_context_source=weather_openmeteo;transport=wifi_poll,
plants.env,2026-07-28T05:43:02.412Z,2026-07-28 00:43:02.412,22110,6762df,y9d41p,0.7.3,fleet_logger_0_1,574260796,ESP32,esp32_die,on_chip,die_temp,,52.22,degC,OK,,,,,name=classic;source=esp32_die;cal=uncalibrated_board_proxy;api=temperatureRead;config_id=257fa022;transport=wifi_poll,
plants.soil,2026-07-28T05:43:34.402Z,2026-07-28 00:43:34.402,22111,6762df,y9d41p,0.7.3,fleet_logger_0_1,574290041,UMLIFE_v2_TLC555,ch0,origplant,soil_moisture,1532,,,OK,,,983.3,,name=classic;level=well watered;role=disp;spread=9;gpio=36;device_seq=76568;time_source=device_synced;device_timestamp_utc=2026-07-28T05:43:19.290Z;config_id=257fa022;rssi=-58;uptime_s=574290;heap=195884;cal_tier=channel-cal;cal_src=wet_rederive_1236_20260719;pressure_context_source=weather_openmeteo;transport=wifi_poll,
plants.soil,2026-07-28T05:43:34.402Z,2026-07-28 00:43:34.402,22112,6762df,y9d41p,0.7.3,fleet_logger_0_1,574290041,UMLIFE_v2_TLC555,ch1,origplant,soil_moisture,1649,,,OK,,,983.3,,name=classic;level=OK;role=disp;spread=29;gpio=39;device_seq=76569;time_source=device_synced;device_timestamp_utc=2026-07-28T05:43:19.290Z;config_id=257fa022;rssi=-58;uptime_s=574290;heap=195884;cal_tier=channel-cal;cal_src=wet_rederive_1236_20260719;pressure_context_source=weather_openmeteo;transport=wifi_poll,
plants.soil,2026-07-28T05:43:34.402Z,2026-07-28 00:43:34.402,22113,6762df,y9d41p,0.7.3,fleet_logger_0_1,574290041,UMLIFE_v2_TLC555,ch2,origplant,soil_moisture,1333,,,OK,,,983.3,,name=classic;level=overwatered;role=disp;spread=37;gpio=34;device_seq=76570;time_source=device_synced;device_timestamp_utc=2026-07-28T05:43:19.290Z;config_id=257fa022;rssi=-58;uptime_s=574290;heap=195884;cal_tier=channel-cal;cal_src=wet_rederive_1236_20260719;pressure_context_source=weather_openmeteo;transport=wifi_poll,
plants.soil,2026-07-28T05:43:34.402Z,2026-07-28 00:43:34.402,22114,6762df,y9d41p,0.7.3,fleet_logger_0_1,574290041,UMLIFE_v2_TLC555,ch3,origplant,soil_moisture,1426,,,OK,,,983.3,,name=classic;level=well watered;role=disp;spread=9;gpio=35;device_seq=76571;time_source=device_synced;device_timestamp_utc=2026-07-28T05:43:19.290Z;config_id=257fa022;rssi=-58;uptime_s=574290;heap=195884;cal_tier=channel-cal;cal_src=wet_rederive_1236_20260719;pressure_context_source=weather_openmeteo;transport=wifi_poll,
plants.env,2026-07-28T05:43:34.402Z,2026-07-28 00:43:34.402,22115,6762df,y9d41p,0.7.3,fleet_logger_0_1,574290796,ESP32,esp32_die,on_chip,die_temp,,52.22,degC,OK,,,,,name=classic;source=esp32_die;cal=uncalibrated_board_proxy;api=temperatureRead;config_id=257fa022;transport=wifi_poll,
plants.soil,2026-07-28T05:44:04.661Z,2026-07-28 00:44:04.661,22116,6762df,y9d41p,0.7.3,fleet_logger_0_1,574320041,UMLIFE_v2_TLC555,ch0,origplant,soil_moisture,1530,,,OK,,,983.3,,name=classic;level=well watered;role=disp;spread=44;gpio=36;device_seq=76572;time_source=device_synced;device_timestamp_utc=2026-07-28T05:43:49.290Z;config_id=257fa022;rssi=-59;uptime_s=574320;heap=195864;cal_tier=channel-cal;cal_src=wet_rederive_1236_20260719;pressure_context_source=weather_openmeteo;transport=wifi_poll,
plants.soil,2026-07-28T05:44:04.661Z,2026-07-28 00:44:04.661,22117,6762df,y9d41p,0.7.3,fleet_logger_0_1,574320041,UMLIFE_v2_TLC555,ch1,origplant,soil_moisture,1645,,,OK,,,983.3,,name=classic;level=OK;role=disp;spread=20;gpio=39;device_seq=76573;time_source=device_synced;device_timestamp_utc=2026-07-28T05:43:49.290Z;config_id=257fa022;rssi=-59;uptime_s=574320;heap=195864;cal_tier=channel-cal;cal_src=wet_rederive_1236_20260719;pressure_context_source=weather_openmeteo;transport=wifi_poll,
plants.soil,2026-07-28T05:44:04.661Z,2026-07-28 00:44:04.661,22118,6762df,y9d41p,0.7.3,fleet_logger_0_1,574320041,UMLIFE_v2_TLC555,ch2,origplant,soil_moisture,1329,,,OK,,,983.3,,name=classic;level=overwatered;role=disp;spread=48;gpio=34;device_seq=76574;time_source=device_synced;device_timestamp_utc=2026-07-28T05:43:49.290Z;config_id=257fa022;rssi=-59;uptime_s=574320;heap=195864;cal_tier=channel-cal;cal_src=wet_rederive_1236_20260719;pressure_context_source=weather_openmeteo;transport=wifi_poll,
plants.soil,2026-07-28T05:44:04.661Z,2026-07-28 00:44:04.661,22119,6762df,y9d41p,0.7.3,fleet_logger_0_1,574320041,UMLIFE_v2_TLC555,ch3,origplant,soil_moisture,1425,,,OK,,,983.3,,name=classic;level=well watered;role=disp;spread=24;gpio=35;device_seq=76575;time_source=device_synced;device_timestamp_utc=2026-07-28T05:43:49.290Z;config_id=257fa022;rssi=-59;uptime_s=574320;heap=195864;cal_tier=channel-cal;cal_src=wet_rederive_1236_20260719;pressure_context_source=weather_openmeteo;transport=wifi_poll,
plants.env,2026-07-28T05:44:04.661Z,2026-07-28 00:44:04.661,22120,6762df,y9d41p,0.7.3,fleet_logger_0_1,574320796,ESP32,esp32_die,on_chip,die_temp,,52.22,degC,OK,,,,,name=classic;source=esp32_die;cal=uncalibrated_board_proxy;api=temperatureRead;config_id=257fa022;transport=wifi_poll,
plants.soil,2026-07-28T05:44:34.964Z,2026-07-28 00:44:34.964,22121,6762df,y9d41p,0.7.3,fleet_logger_0_1,574350041,UMLIFE_v2_TLC555,ch0,origplant,soil_moisture,1538,,,OK,,,983.3,,name=classic;level=well watered;role=disp;spread=47;gpio=36;device_seq=76576;time_source=device_synced;device_timestamp_utc=2026-07-28T05:44:19.290Z;config_id=257fa022;rssi=-59;uptime_s=574350;heap=195596;cal_tier=channel-cal;cal_src=wet_rederive_1236_20260719;pressure_context_source=weather_openmeteo;transport=wifi_poll,
plants.soil,2026-07-28T05:44:34.964Z,2026-07-28 00:44:34.964,22122,6762df,y9d41p,0.7.3,fleet_logger_0_1,574350041,UMLIFE_v2_TLC555,ch1,origplant,soil_moisture,1645,,,OK,,,983.3,,name=classic;level=OK;role=disp;spread=32;gpio=39;device_seq=76577;time_source=device_synced;device_timestamp_utc=2026-07-28T05:44:19.290Z;config_id=257fa022;rssi=-59;uptime_s=574350;heap=195596;cal_tier=channel-cal;cal_src=wet_rederive_1236_20260719;pressure_context_source=weather_openmeteo;transport=wifi_poll,
plants.soil,2026-07-28T05:44:34.964Z,2026-07-28 00:44:34.964,22123,6762df,y9d41p,0.7.3,fleet_logger_0_1,574350041,UMLIFE_v2_TLC555,ch2,origplant,soil_moisture,1325,,,OK,,,983.3,,name=classic;level=overwatered;role=disp;spread=34;gpio=34;device_seq=76578;time_source=device_synced;device_timestamp_utc=2026-07-28T05:44:19.290Z;config_id=257fa022;rssi=-59;uptime_s=574350;heap=195596;cal_tier=channel-cal;cal_src=wet_rederive_1236_20260719;pressure_context_source=weather_openmeteo;transport=wifi_poll,
plants.soil,2026-07-28T05:44:34.964Z,2026-07-28 00:44:34.964,22124,6762df,y9d41p,0.7.3,fleet_logger_0_1,574350041,UMLIFE_v2_TLC555,ch3,origplant,soil_moisture,1409,,,OK,,,983.3,,name=classic;level=well watered;role=disp;spread=22;gpio=35;device_seq=76579;time_source=device_synced;device_timestamp_utc=2026-07-28T05:44:19.290Z;config_id=257fa022;rssi=-59;uptime_s=574350;heap=195596;cal_tier=channel-cal;cal_src=wet_rederive_1236_20260719;pressure_context_source=weather_openmeteo;transport=wifi_poll,
plants.env,2026-07-28T05:44:34.964Z,2026-07-28 00:44:34.964,22125,6762df,y9d41p,0.7.3,fleet_logger_0_1,574350796,ESP32,esp32_die,on_chip,die_temp,,52.22,degC,OK,,,,,name=classic;source=esp32_die;cal=uncalibrated_board_proxy;api=temperatureRead;config_id=257fa022;transport=wifi_poll,
plants.soil,2026-07-28T05:45:05.339Z,2026-07-28 00:45:05.339,22126,6762df,y9d41p,0.7.3,fleet_logger_0_1,574380041,UMLIFE_v2_TLC555,ch0,origplant,soil_moisture,1535,,,OK,,,983.3,,name=classic;level=well watered;role=disp;spread=24;gpio=36;device_seq=76580;time_source=device_synced;device_timestamp_utc=2026-07-28T05:44:49.290Z;config_id=257fa022;rssi=-59;uptime_s=574380;heap=195616;cal_tier=channel-cal;cal_src=wet_rederive_1236_20260719;pressure_context_source=weather_openmeteo;transport=wifi_poll,
plants.soil,2026-07-28T05:45:05.339Z,2026-07-28 00:45:05.339,22127,6762df,y9d41p,0.7.3,fleet_logger_0_1,574380041,UMLIFE_v2_TLC555,ch1,origplant,soil_moisture,1647,,,OK,,,983.3,,name=classic;level=OK;role=disp;spread=17;gpio=39;device_seq=76581;time_source=device_synced;device_timestamp_utc=2026-07-28T05:44:49.290Z;config_id=257fa022;rssi=-59;uptime_s=574380;heap=195616;cal_tier=channel-cal;cal_src=wet_rederive_1236_20260719;pressure_context_source=weather_openmeteo;transport=wifi_poll,
plants.soil,2026-07-28T05:45:05.339Z,2026-07-28 00:45:05.339,22128,6762df,y9d41p,0.7.3,fleet_logger_0_1,574380041,UMLIFE_v2_TLC555,ch2,origplant,soil_moisture,1330,,,OK,,,983.3,,name=classic;level=overwatered;role=disp;spread=18;gpio=34;device_seq=76582;time_source=device_synced;device_timestamp_utc=2026-07-28T05:44:49.290Z;config_id=257fa022;rssi=-59;uptime_s=574380;heap=195616;cal_tier=channel-cal;cal_src=wet_rederive_1236_20260719;pressure_context_source=weather_openmeteo;transport=wifi_poll,
plants.soil,2026-07-28T05:45:05.339Z,2026-07-28 00:45:05.339,22129,6762df,y9d41p,0.7.3,fleet_logger_0_1,574380041,UMLIFE_v2_TLC555,ch3,origplant,soil_moisture,1402,,,OK,,,983.3,,name=classic;level=well watered;role=disp;spread=29;gpio=35;device_seq=76583;time_source=device_synced;device_timestamp_utc=2026-07-28T05:44:49.290Z;config_id=257fa022;rssi=-59;uptime_s=574380;heap=195616;cal_tier=channel-cal;cal_src=wet_rederive_1236_20260719;pressure_context_source=weather_openmeteo;transport=wifi_poll,
plants.env,2026-07-28T05:45:05.339Z,2026-07-28 00:45:05.339,22130,6762df,y9d41p,0.7.3,fleet_logger_0_1,574380797,ESP32,esp32_die,on_chip,die_temp,,51.67,degC,OK,,,,,name=classic;source=esp32_die;cal=uncalibrated_board_proxy;api=temperatureRead;config_id=257fa022;transport=wifi_poll,
plants.soil,2026-07-28T05:46:09.742Z,2026-07-28 00:46:09.742,22131,6762df,y9d41p,0.7.3,fleet_logger_0_1,574440041,UMLIFE_v2_TLC555,ch0,origplant,soil_moisture,1540,,,OK,,,983.3,,name=classic;level=well watered;role=disp;spread=29;gpio=36;device_seq=76588;time_source=device_synced;device_timestamp_utc=2026-07-28T05:45:49.290Z;config_id=257fa022;rssi=-59;uptime_s=574440;heap=196152;cal_tier=channel-cal;cal_src=wet_rederive_1236_20260719;pressure_context_source=weather_openmeteo;transport=wifi_poll,
plants.soil,2026-07-28T05:46:09.742Z,2026-07-28 00:46:09.742,22132,6762df,y9d41p,0.7.3,fleet_logger_0_1,574440041,UMLIFE_v2_TLC555,ch1,origplant,soil_moisture,1656,,,OK,,,983.3,,name=classic;level=OK;role=disp;spread=25;gpio=39;device_seq=76589;time_source=device_synced;device_timestamp_utc=2026-07-28T05:45:49.290Z;config_id=257fa022;rssi=-59;uptime_s=574440;heap=196152;cal_tier=channel-cal;cal_src=wet_rederive_1236_20260719;pressure_context_source=weather_openmeteo;transport=wifi_poll,
plants.soil,2026-07-28T05:46:09.742Z,2026-07-28 00:46:09.742,22133,6762df,y9d41p,0.7.3,fleet_logger_0_1,574440041,UMLIFE_v2_TLC555,ch2,origplant,soil_moisture,1325,,,OK,,,983.3,,name=classic;level=overwatered;role=disp;spread=40;gpio=34;device_seq=76590;time_source=device_synced;device_timestamp_utc=2026-07-28T05:45:49.290Z;config_id=257fa022;rssi=-59;uptime_s=574440;heap=196152;cal_tier=channel-cal;cal_src=wet_rederive_1236_20260719;pressure_context_source=weather_openmeteo;transport=wifi_poll,
plants.soil,2026-07-28T05:46:09.742Z,2026-07-28 00:46:09.742,22134,6762df,y9d41p,0.7.3,fleet_logger_0_1,574440041,UMLIFE_v2_TLC555,ch3,origplant,soil_moisture,1405,,,OK,,,983.3,,name=classic;level=well watered;role=disp;spread=28;gpio=35;device_seq=76591;time_source=device_synced;device_timestamp_utc=2026-07-28T05:45:49.290Z;config_id=257fa022;rssi=-59;uptime_s=574440;heap=196152;cal_tier=channel-cal;cal_src=wet_rederive_1236_20260719;pressure_context_source=weather_openmeteo;transport=wifi_poll,
plants.env,2026-07-28T05:46:09.742Z,2026-07-28 00:46:09.742,22135,6762df,y9d41p,0.7.3,fleet_logger_0_1,574440796,ESP32,esp32_die,on_chip,die_temp,,52.22,degC,OK,,,,,name=classic;source=esp32_die;cal=uncalibrated_board_proxy;api=temperatureRead;config_id=257fa022;transport=wifi_poll,
plants.soil,2026-07-28T05:46:40.266Z,2026-07-28 00:46:40.266,22136,6762df,y9d41p,0.7.3,fleet_logger_0_1,574470041,UMLIFE_v2_TLC555,ch0,origplant,soil_moisture,1546,,,OK,,,983.3,,name=classic;level=well watered;role=disp;spread=47;gpio=36;device_seq=76592;time_source=device_synced;device_timestamp_utc=2026-07-28T05:46:19.290Z;config_id=257fa022;rssi=-58;uptime_s=574470;heap=196132;cal_tier=channel-cal;cal_src=wet_rederive_1236_20260719;pressure_context_source=weather_openmeteo;transport=wifi_poll,
plants.soil,2026-07-28T05:46:40.266Z,2026-07-28 00:46:40.266,22137,6762df,y9d41p,0.7.3,fleet_logger_0_1,574470041,UMLIFE_v2_TLC555,ch1,origplant,soil_moisture,1653,,,OK,,,983.3,,name=classic;level=OK;role=disp;spread=29;gpio=39;device_seq=76593;time_source=device_synced;device_timestamp_utc=2026-07-28T05:46:19.290Z;config_id=257fa022;rssi=-58;uptime_s=574470;heap=196132;cal_tier=channel-cal;cal_src=wet_rederive_1236_20260719;pressure_context_source=weather_openmeteo;transport=wifi_poll,
plants.soil,2026-07-28T05:46:40.266Z,2026-07-28 00:46:40.266,22138,6762df,y9d41p,0.7.3,fleet_logger_0_1,574470041,UMLIFE_v2_TLC555,ch2,origplant,soil_moisture,1328,,,OK,,,983.3,,name=classic;level=overwatered;role=disp;spread=13;gpio=34;device_seq=76594;time_source=device_synced;device_timestamp_utc=2026-07-28T05:46:19.290Z;config_id=257fa022;rssi=-58;uptime_s=574470;heap=196132;cal_tier=channel-cal;cal_src=wet_rederive_1236_20260719;pressure_context_source=weather_openmeteo;transport=wifi_poll,
plants.soil,2026-07-28T05:46:40.266Z,2026-07-28 00:46:40.266,22139,6762df,y9d41p,0.7.3,fleet_logger_0_1,574470041,UMLIFE_v2_TLC555,ch3,origplant,soil_moisture,1412,,,OK,,,983.3,,name=classic;level=well watered;role=disp;spread=12;gpio=35;device_seq=76595;time_source=device_synced;device_timestamp_utc=2026-07-28T05:46:19.290Z;config_id=257fa022;rssi=-58;uptime_s=574470;heap=196132;cal_tier=channel-cal;cal_src=wet_rederive_1236_20260719;pressure_context_source=weather_openmeteo;transport=wifi_poll,
plants.env,2026-07-28T05:46:40.266Z,2026-07-28 00:46:40.266,22140,6762df,y9d41p,0.7.3,fleet_logger_0_1,574470797,ESP32,esp32_die,on_chip,die_temp,,51.67,degC,OK,,,,,name=classic;source=esp32_die;cal=uncalibrated_board_proxy;api=temperatureRead;config_id=257fa022;transport=wifi_poll,
plants.soil,2026-07-28T05:47:10.506Z,2026-07-28 00:47:10.506,22141,6762df,y9d41p,0.7.3,fleet_logger_0_1,574500041,UMLIFE_v2_TLC555,ch0,origplant,soil_moisture,1543,,,OK,,,983.3,,name=classic;level=well watered;role=disp;spread=47;gpio=36;device_seq=76596;time_source=device_synced;device_timestamp_utc=2026-07-28T05:46:49.290Z;config_id=257fa022;rssi=-59;uptime_s=574500;heap=196132;cal_tier=channel-cal;cal_src=wet_rederive_1236_20260719;pressure_context_source=weather_openmeteo;transport=wifi_poll,
plants.soil,2026-07-28T05:47:10.506Z,2026-07-28 00:47:10.506,22142,6762df,y9d41p,0.7.3,fleet_logger_0_1,574500041,UMLIFE_v2_TLC555,ch1,origplant,soil_moisture,1654,,,OK,,,983.3,,name=classic;level=OK;role=disp;spread=34;gpio=39;device_seq=76597;time_source=device_synced;device_timestamp_utc=2026-07-28T05:46:49.290Z;config_id=257fa022;rssi=-59;uptime_s=574500;heap=196132;cal_tier=channel-cal;cal_src=wet_rederive_1236_20260719;pressure_context_source=weather_openmeteo;transport=wifi_poll,
plants.soil,2026-07-28T05:47:10.506Z,2026-07-28 00:47:10.506,22143,6762df,y9d41p,0.7.3,fleet_logger_0_1,574500041,UMLIFE_v2_TLC555,ch2,origplant,soil_moisture,1327,,,OK,,,983.3,,name=classic;level=overwatered;role=disp;spread=18;gpio=34;device_seq=76598;time_source=device_synced;device_timestamp_utc=2026-07-28T05:46:49.290Z;config_id=257fa022;rssi=-59;uptime_s=574500;heap=196132;cal_tier=channel-cal;cal_src=wet_rederive_1236_20260719;pressure_context_source=weather_openmeteo;transport=wifi_poll,
plants.soil,2026-07-28T05:47:10.506Z,2026-07-28 00:47:10.506,22144,6762df,y9d41p,0.7.3,fleet_logger_0_1,574500041,UMLIFE_v2_TLC555,ch3,origplant,soil_moisture,1406,,,OK,,,983.3,,name=classic;level=well watered;role=disp;spread=32;gpio=35;device_seq=76599;time_source=device_synced;device_timestamp_utc=2026-07-28T05:46:49.290Z;config_id=257fa022;rssi=-59;uptime_s=574500;heap=196132;cal_tier=channel-cal;cal_src=wet_rederive_1236_20260719;pressure_context_source=weather_openmeteo;transport=wifi_poll,
plants.env,2026-07-28T05:47:10.506Z,2026-07-28 00:47:10.506,22145,6762df,y9d41p,0.7.3,fleet_logger_0_1,574500797,ESP32,esp32_die,on_chip,die_temp,,52.22,degC,OK,,,,,name=classic;source=esp32_die;cal=uncalibrated_board_proxy;api=temperatureRead;config_id=257fa022;transport=wifi_poll,
plants.soil,2026-07-28T05:47:40.819Z,2026-07-28 00:47:40.819,22146,6762df,y9d41p,0.7.3,fleet_logger_0_1,574530041,UMLIFE_v2_TLC555,ch0,origplant,soil_moisture,1549,,,OK,,,983.3,,name=classic;level=well watered;role=disp;spread=9;gpio=36;device_seq=76600;time_source=device_synced;device_timestamp_utc=2026-07-28T05:47:19.290Z;config_id=257fa022;rssi=-58;uptime_s=574530;heap=195872;cal_tier=channel-cal;cal_src=wet_rederive_1236_20260719;pressure_context_source=weather_openmeteo;transport=wifi_poll,
plants.soil,2026-07-28T05:47:40.819Z,2026-07-28 00:47:40.819,22147,6762df,y9d41p,0.7.3,fleet_logger_0_1,574530041,UMLIFE_v2_TLC555,ch1,origplant,soil_moisture,1657,,,OK,,,983.3,,name=classic;level=OK;role=disp;spread=43;gpio=39;device_seq=76601;time_source=device_synced;device_timestamp_utc=2026-07-28T05:47:19.290Z;config_id=257fa022;rssi=-58;uptime_s=574530;heap=195872;cal_tier=channel-cal;cal_src=wet_rederive_1236_20260719;pressure_context_source=weather_openmeteo;transport=wifi_poll,
plants.soil,2026-07-28T05:47:40.819Z,2026-07-28 00:47:40.819,22148,6762df,y9d41p,0.7.3,fleet_logger_0_1,574530041,UMLIFE_v2_TLC555,ch2,origplant,soil_moisture,1331,,,OK,,,983.3,,name=classic;level=overwatered;role=disp;spread=33;gpio=34;device_seq=76602;time_source=device_synced;device_timestamp_utc=2026-07-28T05:47:19.290Z;config_id=257fa022;rssi=-58;uptime_s=574530;heap=195872;cal_tier=channel-cal;cal_src=wet_rederive_1236_20260719;pressure_context_source=weather_openmeteo;transport=wifi_poll,
plants.soil,2026-07-28T05:47:40.819Z,2026-07-28 00:47:40.819,22149,6762df,y9d41p,0.7.3,fleet_logger_0_1,574530041,UMLIFE_v2_TLC555,ch3,origplant,soil_moisture,1409,,,OK,,,983.3,,name=classic;level=well watered;role=disp;spread=22;gpio=35;device_seq=76603;time_source=device_synced;device_timestamp_utc=2026-07-28T05:47:19.290Z;config_id=257fa022;rssi=-58;uptime_s=574530;heap=195872;cal_tier=channel-cal;cal_src=wet_rederive_1236_20260719;pressure_context_source=weather_openmeteo;transport=wifi_poll,
plants.env,2026-07-28T05:47:40.819Z,2026-07-28 00:47:40.819,22150,6762df,y9d41p,0.7.3,fleet_logger_0_1,574530797,ESP32,esp32_die,on_chip,die_temp,,52.78,degC,OK,,,,,name=classic;source=esp32_die;cal=uncalibrated_board_proxy;api=temperatureRead;config_id=257fa022;transport=wifi_poll,
plants.soil,2026-07-28T05:48:11.446Z,2026-07-28 00:48:11.446,22151,6762df,y9d41p,0.7.3,fleet_logger_0_1,574560041,UMLIFE_v2_TLC555,ch0,origplant,soil_moisture,1559,,,OK,,,983.3,,name=classic;level=well watered;role=disp;spread=27;gpio=36;device_seq=76604;time_source=device_synced;device_timestamp_utc=2026-07-28T05:47:49.290Z;config_id=257fa022;rssi=-59;uptime_s=574560;heap=195624;cal_tier=channel-cal;cal_src=wet_rederive_1236_20260719;pressure_context_source=weather_openmeteo;transport=wifi_poll,
plants.soil,2026-07-28T05:48:11.446Z,2026-07-28 00:48:11.446,22152,6762df,y9d41p,0.7.3,fleet_logger_0_1,574560041,UMLIFE_v2_TLC555,ch1,origplant,soil_moisture,1664,,,OK,,,983.3,,name=classic;level=OK;role=disp;spread=44;gpio=39;device_seq=76605;time_source=device_synced;device_timestamp_utc=2026-07-28T05:47:49.290Z;config_id=257fa022;rssi=-59;uptime_s=574560;heap=195624;cal_tier=channel-cal;cal_src=wet_rederive_1236_20260719;pressure_context_source=weather_openmeteo;transport=wifi_poll,
plants.soil,2026-07-28T05:48:11.446Z,2026-07-28 00:48:11.446,22153,6762df,y9d41p,0.7.3,fleet_logger_0_1,574560041,UMLIFE_v2_TLC555,ch2,origplant,soil_moisture,1336,,,OK,,,983.3,,name=classic;level=overwatered;role=disp;spread=32;gpio=34;device_seq=76606;time_source=device_synced;device_timestamp_utc=2026-07-28T05:47:49.290Z;config_id=257fa022;rssi=-59;uptime_s=574560;heap=195624;cal_tier=channel-cal;cal_src=wet_rederive_1236_20260719;pressure_context_source=weather_openmeteo;transport=wifi_poll,
plants.soil,2026-07-28T05:48:11.446Z,2026-07-28 00:48:11.446,22154,6762df,y9d41p,0.7.3,fleet_logger_0_1,574560041,UMLIFE_v2_TLC555,ch3,origplant,soil_moisture,1403,,,OK,,,983.3,,name=classic;level=well watered;role=disp;spread=18;gpio=35;device_seq=76607;time_source=device_synced;device_timestamp_utc=2026-07-28T05:47:49.290Z;config_id=257fa022;rssi=-59;uptime_s=574560;heap=195624;cal_tier=channel-cal;cal_src=wet_rederive_1236_20260719;pressure_context_source=weather_openmeteo;transport=wifi_poll,
plants.env,2026-07-28T05:48:11.446Z,2026-07-28 00:48:11.446,22155,6762df,y9d41p,0.7.3,fleet_logger_0_1,574560797,ESP32,esp32_die,on_chip,die_temp,,51.11,degC,OK,,,,,name=classic;source=esp32_die;cal=uncalibrated_board_proxy;api=temperatureRead;config_id=257fa022;transport=wifi_poll,
plants.soil,2026-07-28T05:48:41.818Z,2026-07-28 00:48:41.818,22156,6762df,y9d41p,0.7.3,fleet_logger_0_1,574590041,UMLIFE_v2_TLC555,ch0,origplant,soil_moisture,1565,,,OK,,,983.3,,name=classic;level=well watered;role=disp;spread=35;gpio=36;device_seq=76608;time_source=device_synced;device_timestamp_utc=2026-07-28T05:48:19.290Z;config_id=257fa022;rssi=-59;uptime_s=574590;heap=195892;cal_tier=channel-cal;cal_src=wet_rederive_1236_20260719;pressure_context_source=weather_openmeteo;transport=wifi_poll,
plants.soil,2026-07-28T05:48:41.818Z,2026-07-28 00:48:41.818,22157,6762df,y9d41p,0.7.3,fleet_logger_0_1,574590041,UMLIFE_v2_TLC555,ch1,origplant,soil_moisture,1664,,,OK,,,983.3,,name=classic;level=OK;role=disp;spread=37;gpio=39;device_seq=76609;time_source=device_synced;device_timestamp_utc=2026-07-28T05:48:19.290Z;config_id=257fa022;rssi=-59;uptime_s=574590;heap=195892;cal_tier=channel-cal;cal_src=wet_rederive_1236_20260719;pressure_context_source=weather_openmeteo;transport=wifi_poll,
plants.soil,2026-07-28T05:48:41.818Z,2026-07-28 00:48:41.818,22158,6762df,y9d41p,0.7.3,fleet_logger_0_1,574590041,UMLIFE_v2_TLC555,ch2,origplant,soil_moisture,1337,,,OK,,,983.3,,name=classic;level=overwatered;role=disp;spread=36;gpio=34;device_seq=76610;time_source=device_synced;device_timestamp_utc=2026-07-28T05:48:19.290Z;config_id=257fa022;rssi=-59;uptime_s=574590;heap=195892;cal_tier=channel-cal;cal_src=wet_rederive_1236_20260719;pressure_context_source=weather_openmeteo;transport=wifi_poll,
plants.soil,2026-07-28T05:48:41.818Z,2026-07-28 00:48:41.818,22159,6762df,y9d41p,0.7.3,fleet_logger_0_1,574590041,UMLIFE_v2_TLC555,ch3,origplant,soil_moisture,1406,,,OK,,,983.3,,name=classic;level=well watered;role=disp;spread=21;gpio=35;device_seq=76611;time_source=device_synced;device_timestamp_utc=2026-07-28T05:48:19.290Z;config_id=257fa022;rssi=-59;uptime_s=574590;heap=195892;cal_tier=channel-cal;cal_src=wet_rederive_1236_20260719;pressure_context_source=weather_openmeteo;transport=wifi_poll,
plants.env,2026-07-28T05:48:41.818Z,2026-07-28 00:48:41.818,22160,6762df,y9d41p,0.7.3,fleet_logger_0_1,574590797,ESP32,esp32_die,on_chip,die_temp,,52.78,degC,OK,,,,,name=classic;source=esp32_die;cal=uncalibrated_board_proxy;api=temperatureRead;config_id=257fa022;transport=wifi_poll,
plants.soil,2026-07-28T05:49:12.377Z,2026-07-28 00:49:12.377,22161,6762df,y9d41p,0.7.3,fleet_logger_0_1,574620041,UMLIFE_v2_TLC555,ch0,origplant,soil_moisture,1564,,,OK,,,983.3,,name=classic;level=well watered;role=disp;spread=20;gpio=36;device_seq=76612;time_source=device_synced;device_timestamp_utc=2026-07-28T05:48:49.290Z;config_id=257fa022;rssi=-60;uptime_s=574620;heap=195880;cal_tier=channel-cal;cal_src=wet_rederive_1236_20260719;pressure_context_source=weather_openmeteo;transport=wifi_poll,
plants.soil,2026-07-28T05:49:12.377Z,2026-07-28 00:49:12.377,22162,6762df,y9d41p,0.7.3,fleet_logger_0_1,574620041,UMLIFE_v2_TLC555,ch1,origplant,soil_moisture,1669,,,OK,,,983.3,,name=classic;level=OK;role=disp;spread=36;gpio=39;device_seq=76613;time_source=device_synced;device_timestamp_utc=2026-07-28T05:48:49.290Z;config_id=257fa022;rssi=-60;uptime_s=574620;heap=195880;cal_tier=channel-cal;cal_src=wet_rederive_1236_20260719;pressure_context_source=weather_openmeteo;transport=wifi_poll,
plants.soil,2026-07-28T05:49:12.377Z,2026-07-28 00:49:12.377,22163,6762df,y9d41p,0.7.3,fleet_logger_0_1,574620041,UMLIFE_v2_TLC555,ch2,origplant,soil_moisture,1340,,,OK,,,983.3,,name=classic;level=overwatered;role=disp;spread=34;gpio=34;device_seq=76614;time_source=device_synced;device_timestamp_utc=2026-07-28T05:48:49.290Z;config_id=257fa022;rssi=-60;uptime_s=574620;heap=195880;cal_tier=channel-cal;cal_src=wet_rederive_1236_20260719;pressure_context_source=weather_openmeteo;transport=wifi_poll,
plants.soil,2026-07-28T05:49:12.377Z,2026-07-28 00:49:12.377,22164,6762df,y9d41p,0.7.3,fleet_logger_0_1,574620041,UMLIFE_v2_TLC555,ch3,origplant,soil_moisture,1414,,,OK,,,983.3,,name=classic;level=well watered;role=disp;spread=35;gpio=35;device_seq=76615;time_source=device_synced;device_timestamp_utc=2026-07-28T05:48:49.290Z;config_id=257fa022;rssi=-60;uptime_s=574620;heap=195880;cal_tier=channel-cal;cal_src=wet_rederive_1236_20260719;pressure_context_source=weather_openmeteo;transport=wifi_poll,
plants.env,2026-07-28T05:49:12.377Z,2026-07-28 00:49:12.377,22165,6762df,y9d41p,0.7.3,fleet_logger_0_1,574620797,ESP32,esp32_die,on_chip,die_temp,,52.22,degC,OK,,,,,name=classic;source=esp32_die;cal=uncalibrated_board_proxy;api=temperatureRead;config_id=257fa022;transport=wifi_poll,
plants.soil,2026-07-28T05:49:43.081Z,2026-07-28 00:49:43.081,22166,6762df,y9d41p,0.7.3,fleet_logger_0_1,574650041,UMLIFE_v2_TLC555,ch0,origplant,soil_moisture,1564,,,OK,,,983.3,,name=classic;level=well watered;role=disp;spread=40;gpio=36;device_seq=76616;time_source=device_synced;device_timestamp_utc=2026-07-28T05:49:19.290Z;config_id=257fa022;rssi=-59;uptime_s=574650;heap=195880;cal_tier=channel-cal;cal_src=wet_rederive_1236_20260719;pressure_context_source=weather_openmeteo;transport=wifi_poll,
plants.soil,2026-07-28T05:49:43.081Z,2026-07-28 00:49:43.081,22167,6762df,y9d41p,0.7.3,fleet_logger_0_1,574650041,UMLIFE_v2_TLC555,ch1,origplant,soil_moisture,1680,,,OK,,,983.3,,name=classic;level=OK;role=disp;spread=28;gpio=39;device_seq=76617;time_source=device_synced;device_timestamp_utc=2026-07-28T05:49:19.290Z;config_id=257fa022;rssi=-59;uptime_s=574650;heap=195880;cal_tier=channel-cal;cal_src=wet_rederive_1236_20260719;pressure_context_source=weather_openmeteo;transport=wifi_poll,
plants.soil,2026-07-28T05:49:43.081Z,2026-07-28 00:49:43.081,22168,6762df,y9d41p,0.7.3,fleet_logger_0_1,574650041,UMLIFE_v2_TLC555,ch2,origplant,soil_moisture,1338,,,OK,,,983.3,,name=classic;level=overwatered;role=disp;spread=19;gpio=34;device_seq=76618;time_source=device_synced;device_timestamp_utc=2026-07-28T05:49:19.290Z;config_id=257fa022;rssi=-59;uptime_s=574650;heap=195880;cal_tier=channel-cal;cal_src=wet_rederive_1236_20260719;pressure_context_source=weather_openmeteo;transport=wifi_poll,
plants.soil,2026-07-28T05:49:43.081Z,2026-07-28 00:49:43.081,22169,6762df,y9d41p,0.7.3,fleet_logger_0_1,574650041,UMLIFE_v2_TLC555,ch3,origplant,soil_moisture,1410,,,OK,,,983.3,,name=classic;level=well watered;role=disp;spread=36;gpio=35;device_seq=76619;time_source=device_synced;device_timestamp_utc=2026-07-28T05:49:19.290Z;config_id=257fa022;rssi=-59;uptime_s=574650;heap=195880;cal_tier=channel-cal;cal_src=wet_rederive_1236_20260719;pressure_context_source=weather_openmeteo;transport=wifi_poll,
plants.env,2026-07-28T05:49:43.081Z,2026-07-28 00:49:43.081,22170,6762df,y9d41p,0.7.3,fleet_logger_0_1,574650797,ESP32,esp32_die,on_chip,die_temp,,51.67,degC,OK,,,,,name=classic;source=esp32_die;cal=uncalibrated_board_proxy;api=temperatureRead;config_id=257fa022;transport=wifi_poll,
plants.soil,2026-07-28T05:50:13.607Z,2026-07-28 00:50:13.607,22171,6762df,y9d41p,0.7.3,fleet_logger_0_1,574680041,UMLIFE_v2_TLC555,ch0,origplant,soil_moisture,1568,,,OK,,,983.3,,name=classic;level=well watered;role=disp;spread=33;gpio=36;device_seq=76620;time_source=device_synced;device_timestamp_utc=2026-07-28T05:49:49.290Z;config_id=257fa022;rssi=-72;uptime_s=574680;heap=195880;cal_tier=channel-cal;cal_src=wet_rederive_1236_20260719;pressure_context_source=weather_openmeteo;transport=wifi_poll,
plants.soil,2026-07-28T05:50:13.607Z,2026-07-28 00:50:13.607,22172,6762df,y9d41p,0.7.3,fleet_logger_0_1,574680041,UMLIFE_v2_TLC555,ch1,origplant,soil_moisture,1672,,,OK,,,983.3,,name=classic;level=OK;role=disp;spread=49;gpio=39;device_seq=76621;time_source=device_synced;device_timestamp_utc=2026-07-28T05:49:49.290Z;config_id=257fa022;rssi=-72;uptime_s=574680;heap=195880;cal_tier=channel-cal;cal_src=wet_rederive_1236_20260719;pressure_context_source=weather_openmeteo;transport=wifi_poll,
plants.soil,2026-07-28T05:50:13.607Z,2026-07-28 00:50:13.607,22173,6762df,y9d41p,0.7.3,fleet_logger_0_1,574680041,UMLIFE_v2_TLC555,ch2,origplant,soil_moisture,1343,,,OK,,,983.3,,name=classic;level=overwatered;role=disp;spread=39;gpio=34;device_seq=76622;time_source=device_synced;device_timestamp_utc=2026-07-28T05:49:49.290Z;config_id=257fa022;rssi=-72;uptime_s=574680;heap=195880;cal_tier=channel-cal;cal_src=wet_rederive_1236_20260719;pressure_context_source=weather_openmeteo;transport=wifi_poll,
plants.soil,2026-07-28T05:50:13.607Z,2026-07-28 00:50:13.607,22174,6762df,y9d41p,0.7.3,fleet_logger_0_1,574680041,UMLIFE_v2_TLC555,ch3,origplant,soil_moisture,1421,,,OK,,,983.3,,name=classic;level=well watered;role=disp;spread=14;gpio=35;device_seq=76623;time_source=device_synced;device_timestamp_utc=2026-07-28T05:49:49.290Z;config_id=257fa022;rssi=-72;uptime_s=574680;heap=195880;cal_tier=channel-cal;cal_src=wet_rederive_1236_20260719;pressure_context_source=weather_openmeteo;transport=wifi_poll,
plants.env,2026-07-28T05:50:13.607Z,2026-07-28 00:50:13.607,22175,6762df,y9d41p,0.7.3,fleet_logger_0_1,574680797,ESP32,esp32_die,on_chip,die_temp,,52.78,degC,OK,,,,,name=classic;source=esp32_die;cal=uncalibrated_board_proxy;api=temperatureRead;config_id=257fa022;transport=wifi_poll,
plants.soil,2026-07-28T05:50:43.926Z,2026-07-28 00:50:43.926,22176,6762df,y9d41p,0.7.3,fleet_logger_0_1,574710041,UMLIFE_v2_TLC555,ch0,origplant,soil_moisture,1568,,,OK,,,983.3,,name=classic;level=well watered;role=disp;spread=32;gpio=36;device_seq=76624;time_source=device_synced;device_timestamp_utc=2026-07-28T05:50:19.290Z;config_id=257fa022;rssi=-58;uptime_s=574710;heap=195628;cal_tier=channel-cal;cal_src=wet_rederive_1236_20260719;pressure_context_source=weather_openmeteo;transport=wifi_poll,
plants.soil,2026-07-28T05:50:43.926Z,2026-07-28 00:50:43.926,22177,6762df,y9d41p,0.7.3,fleet_logger_0_1,574710041,UMLIFE_v2_TLC555,ch1,origplant,soil_moisture,1676,,,OK,,,983.3,,name=classic;level=OK;role=disp;spread=18;gpio=39;device_seq=76625;time_source=device_synced;device_timestamp_utc=2026-07-28T05:50:19.290Z;config_id=257fa022;rssi=-58;uptime_s=574710;heap=195628;cal_tier=channel-cal;cal_src=wet_rederive_1236_20260719;pressure_context_source=weather_openmeteo;transport=wifi_poll,
plants.soil,2026-07-28T05:50:43.926Z,2026-07-28 00:50:43.926,22178,6762df,y9d41p,0.7.3,fleet_logger_0_1,574710041,UMLIFE_v2_TLC555,ch2,origplant,soil_moisture,1354,,,OK,,,983.3,,name=classic;level=overwatered;role=disp;spread=33;gpio=34;device_seq=76626;time_source=device_synced;device_timestamp_utc=2026-07-28T05:50:19.290Z;config_id=257fa022;rssi=-58;uptime_s=574710;heap=195628;cal_tier=channel-cal;cal_src=wet_rederive_1236_20260719;pressure_context_source=weather_openmeteo;transport=wifi_poll,
plants.soil,2026-07-28T05:50:43.926Z,2026-07-28 00:50:43.926,22179,6762df,y9d41p,0.7.3,fleet_logger_0_1,574710041,UMLIFE_v2_TLC555,ch3,origplant,soil_moisture,1420,,,OK,,,983.3,,name=classic;level=well watered;role=disp;spread=20;gpio=35;device_seq=76627;time_source=device_synced;device_timestamp_utc=2026-07-28T05:50:19.290Z;config_id=257fa022;rssi=-58;uptime_s=574710;heap=195628;cal_tier=channel-cal;cal_src=wet_rederive_1236_20260719;pressure_context_source=weather_openmeteo;transport=wifi_poll,
plants.env,2026-07-28T05:50:43.926Z,2026-07-28 00:50:43.926,22180,6762df,y9d41p,0.7.3,fleet_logger_0_1,574710797,ESP32,esp32_die,on_chip,die_temp,,51.67,degC,OK,,,,,name=classic;source=esp32_die;cal=uncalibrated_board_proxy;api=temperatureRead;config_id=257fa022;transport=wifi_poll,
plants.soil,2026-07-28T05:51:14.254Z,2026-07-28 00:51:14.254,22181,6762df,y9d41p,0.7.3,fleet_logger_0_1,574740041,UMLIFE_v2_TLC555,ch0,origplant,soil_moisture,1571,,,OK,,,983.3,,name=classic;level=well watered;role=disp;spread=35;gpio=36;device_seq=76628;time_source=device_synced;device_timestamp_utc=2026-07-28T05:50:49.290Z;config_id=257fa022;rssi=-59;uptime_s=574740;heap=195472;cal_tier=channel-cal;cal_src=wet_rederive_1236_20260719;pressure_context_source=weather_openmeteo;transport=wifi_poll,
plants.soil,2026-07-28T05:51:14.254Z,2026-07-28 00:51:14.254,22182,6762df,y9d41p,0.7.3,fleet_logger_0_1,574740041,UMLIFE_v2_TLC555,ch1,origplant,soil_moisture,1676,,,OK,,,983.3,,name=classic;level=OK;role=disp;spread=30;gpio=39;device_seq=76629;time_source=device_synced;device_timestamp_utc=2026-07-28T05:50:49.290Z;config_id=257fa022;rssi=-59;uptime_s=574740;heap=195472;cal_tier=channel-cal;cal_src=wet_rederive_1236_20260719;pressure_context_source=weather_openmeteo;transport=wifi_poll,
plants.soil,2026-07-28T05:51:14.254Z,2026-07-28 00:51:14.254,22183,6762df,y9d41p,0.7.3,fleet_logger_0_1,574740041,UMLIFE_v2_TLC555,ch2,origplant,soil_moisture,1357,,,OK,,,983.3,,name=classic;level=overwatered;role=disp;spread=21;gpio=34;device_seq=76630;time_source=device_synced;device_timestamp_utc=2026-07-28T05:50:49.290Z;config_id=257fa022;rssi=-59;uptime_s=574740;heap=195472;cal_tier=channel-cal;cal_src=wet_rederive_1236_20260719;pressure_context_source=weather_openmeteo;transport=wifi_poll,
plants.soil,2026-07-28T05:51:14.254Z,2026-07-28 00:51:14.254,22184,6762df,y9d41p,0.7.3,fleet_logger_0_1,574740041,UMLIFE_v2_TLC555,ch3,origplant,soil_moisture,1424,,,OK,,,983.3,,name=classic;level=well watered;role=disp;spread=31;gpio=35;device_seq=76631;time_source=device_synced;device_timestamp_utc=2026-07-28T05:50:49.290Z;config_id=257fa022;rssi=-59;uptime_s=574740;heap=195472;cal_tier=channel-cal;cal_src=wet_rederive_1236_20260719;pressure_context_source=weather_openmeteo;transport=wifi_poll,
plants.env,2026-07-28T05:51:14.254Z,2026-07-28 00:51:14.254,22185,6762df,y9d41p,0.7.3,fleet_logger_0_1,574740797,ESP32,esp32_die,on_chip,die_temp,,52.22,degC,OK,,,,,name=classic;source=esp32_die;cal=uncalibrated_board_proxy;api=temperatureRead;config_id=257fa022;transport=wifi_poll,
plants.soil,2026-07-28T05:51:44.598Z,2026-07-28 00:51:44.598,22186,6762df,y9d41p,0.7.3,fleet_logger_0_1,574770041,UMLIFE_v2_TLC555,ch0,origplant,soil_moisture,1569,,,OK,,,983.3,,name=classic;level=well watered;role=disp;spread=52;gpio=36;device_seq=76632;time_source=device_synced;device_timestamp_utc=2026-07-28T05:51:19.290Z;config_id=257fa022;rssi=-59;uptime_s=574770;heap=195876;cal_tier=channel-cal;cal_src=wet_rederive_1236_20260719;pressure_context_source=weather_openmeteo;transport=wifi_poll,
plants.soil,2026-07-28T05:51:44.598Z,2026-07-28 00:51:44.598,22187,6762df,y9d41p,0.7.3,fleet_logger_0_1,574770041,UMLIFE_v2_TLC555,ch1,origplant,soil_moisture,1678,,,OK,,,983.3,,name=classic;level=OK;role=disp;spread=20;gpio=39;device_seq=76633;time_source=device_synced;device_timestamp_utc=2026-07-28T05:51:19.290Z;config_id=257fa022;rssi=-59;uptime_s=574770;heap=195876;cal_tier=channel-cal;cal_src=wet_rederive_1236_20260719;pressure_context_source=weather_openmeteo;transport=wifi_poll,
plants.soil,2026-07-28T05:51:44.598Z,2026-07-28 00:51:44.598,22188,6762df,y9d41p,0.7.3,fleet_logger_0_1,574770041,UMLIFE_v2_TLC555,ch2,origplant,soil_moisture,1361,,,OK,,,983.3,,name=classic;level=overwatered;role=disp;spread=25;gpio=34;device_seq=76634;time_source=device_synced;device_timestamp_utc=2026-07-28T05:51:19.290Z;config_id=257fa022;rssi=-59;uptime_s=574770;heap=195876;cal_tier=channel-cal;cal_src=wet_rederive_1236_20260719;pressure_context_source=weather_openmeteo;transport=wifi_poll,
plants.soil,2026-07-28T05:51:44.598Z,2026-07-28 00:51:44.598,22189,6762df,y9d41p,0.7.3,fleet_logger_0_1,574770041,UMLIFE_v2_TLC555,ch3,origplant,soil_moisture,1437,,,OK,,,983.3,,name=classic;level=well watered;role=disp;spread=43;gpio=35;device_seq=76635;time_source=device_synced;device_timestamp_utc=2026-07-28T05:51:19.290Z;config_id=257fa022;rssi=-59;uptime_s=574770;heap=195876;cal_tier=channel-cal;cal_src=wet_rederive_1236_20260719;pressure_context_source=weather_openmeteo;transport=wifi_poll,
plants.env,2026-07-28T05:51:44.598Z,2026-07-28 00:51:44.598,22190,6762df,y9d41p,0.7.3,fleet_logger_0_1,574770797,ESP32,esp32_die,on_chip,die_temp,,51.67,degC,OK,,,,,name=classic;source=esp32_die;cal=uncalibrated_board_proxy;api=temperatureRead;config_id=257fa022;transport=wifi_poll,
plants.soil,2026-07-28T05:52:16.575Z,2026-07-28 00:52:16.575,22191,6762df,y9d41p,0.7.3,fleet_logger_0_1,574800041,UMLIFE_v2_TLC555,ch0,origplant,soil_moisture,1570,,,OK,,,983.3,,name=classic;level=well watered;role=disp;spread=33;gpio=36;device_seq=76636;time_source=device_synced;device_timestamp_utc=2026-07-28T05:51:49.290Z;config_id=257fa022;rssi=-58;uptime_s=574800;heap=195876;cal_tier=channel-cal;cal_src=wet_rederive_1236_20260719;pressure_context_source=weather_openmeteo;transport=wifi_poll,
plants.soil,2026-07-28T05:52:16.575Z,2026-07-28 00:52:16.575,22192,6762df,y9d41p,0.7.3,fleet_logger_0_1,574800041,UMLIFE_v2_TLC555,ch1,origplant,soil_moisture,1679,,,OK,,,983.3,,name=classic;level=OK;role=disp;spread=41;gpio=39;device_seq=76637;time_source=device_synced;device_timestamp_utc=2026-07-28T05:51:49.290Z;config_id=257fa022;rssi=-58;uptime_s=574800;heap=195876;cal_tier=channel-cal;cal_src=wet_rederive_1236_20260719;pressure_context_source=weather_openmeteo;transport=wifi_poll,
plants.soil,2026-07-28T05:52:16.575Z,2026-07-28 00:52:16.575,22193,6762df,y9d41p,0.7.3,fleet_logger_0_1,574800041,UMLIFE_v2_TLC555,ch2,origplant,soil_moisture,1356,,,OK,,,983.3,,name=classic;level=overwatered;role=disp;spread=41;gpio=34;device_seq=76638;time_source=device_synced;device_timestamp_utc=2026-07-28T05:51:49.290Z;config_id=257fa022;rssi=-58;uptime_s=574800;heap=195876;cal_tier=channel-cal;cal_src=wet_rederive_1236_20260719;pressure_context_source=weather_openmeteo;transport=wifi_poll,
plants.soil,2026-07-28T05:52:16.575Z,2026-07-28 00:52:16.575,22194,6762df,y9d41p,0.7.3,fleet_logger_0_1,574800041,UMLIFE_v2_TLC555,ch3,origplant,soil_moisture,1444,,,OK,,,983.3,,name=classic;level=well watered;role=disp;spread=22;gpio=35;device_seq=76639;time_source=device_synced;device_timestamp_utc=2026-07-28T05:51:49.290Z;config_id=257fa022;rssi=-58;uptime_s=574800;heap=195876;cal_tier=channel-cal;cal_src=wet_rederive_1236_20260719;pressure_context_source=weather_openmeteo;transport=wifi_poll,
plants.env,2026-07-28T05:52:16.575Z,2026-07-28 00:52:16.575,22195,6762df,y9d41p,0.7.3,fleet_logger_0_1,574801863,ESP32,esp32_die,on_chip,die_temp,,52.22,degC,OK,,,,,name=classic;source=esp32_die;cal=uncalibrated_board_proxy;api=temperatureRead;config_id=257fa022;transport=wifi_poll,
plants.soil,2026-07-28T05:52:46.893Z,2026-07-28 00:52:46.893,22196,6762df,y9d41p,0.7.3,fleet_logger_0_1,574830041,UMLIFE_v2_TLC555,ch0,origplant,soil_moisture,1569,,,OK,,,983.3,,name=classic;level=well watered;role=disp;spread=21;gpio=36;device_seq=76640;time_source=device_synced;device_timestamp_utc=2026-07-28T05:52:19.290Z;config_id=257fa022;rssi=-59;uptime_s=574830;heap=195896;cal_tier=channel-cal;cal_src=wet_rederive_1236_20260719;pressure_context_source=weather_openmeteo;transport=wifi_poll,
plants.soil,2026-07-28T05:52:46.893Z,2026-07-28 00:52:46.893,22197,6762df,y9d41p,0.7.3,fleet_logger_0_1,574830041,UMLIFE_v2_TLC555,ch1,origplant,soil_moisture,1683,,,OK,,,983.3,,name=classic;level=OK;role=disp;spread=30;gpio=39;device_seq=76641;time_source=device_synced;device_timestamp_utc=2026-07-28T05:52:19.290Z;config_id=257fa022;rssi=-59;uptime_s=574830;heap=195896;cal_tier=channel-cal;cal_src=wet_rederive_1236_20260719;pressure_context_source=weather_openmeteo;transport=wifi_poll,
plants.soil,2026-07-28T05:52:46.893Z,2026-07-28 00:52:46.893,22198,6762df,y9d41p,0.7.3,fleet_logger_0_1,574830041,UMLIFE_v2_TLC555,ch2,origplant,soil_moisture,1356,,,OK,,,983.3,,name=classic;level=overwatered;role=disp;spread=37;gpio=34;device_seq=76642;time_source=device_synced;device_timestamp_utc=2026-07-28T05:52:19.290Z;config_id=257fa022;rssi=-59;uptime_s=574830;heap=195896;cal_tier=channel-cal;cal_src=wet_rederive_1236_20260719;pressure_context_source=weather_openmeteo;transport=wifi_poll,
plants.soil,2026-07-28T05:52:46.893Z,2026-07-28 00:52:46.893,22199,6762df,y9d41p,0.7.3,fleet_logger_0_1,574830041,UMLIFE_v2_TLC555,ch3,origplant,soil_moisture,1434,,,OK,,,983.3,,name=classic;level=well watered;role=disp;spread=32;gpio=35;device_seq=76643;time_source=device_synced;device_timestamp_utc=2026-07-28T05:52:19.290Z;config_id=257fa022;rssi=-59;uptime_s=574830;heap=195896;cal_tier=channel-cal;cal_src=wet_rederive_1236_20260719;pressure_context_source=weather_openmeteo;transport=wifi_poll,
plants.env,2026-07-28T05:52:46.893Z,2026-07-28 00:52:46.893,22200,6762df,y9d41p,0.7.3,fleet_logger_0_1,574830797,ESP32,esp32_die,on_chip,die_temp,,52.22,degC,OK,,,,,name=classic;source=esp32_die;cal=uncalibrated_board_proxy;api=temperatureRead;config_id=257fa022;transport=wifi_poll,
plants.soil,2026-07-28T05:53:17.199Z,2026-07-28 00:53:17.199,22201,6762df,y9d41p,0.7.3,fleet_logger_0_1,574860041,UMLIFE_v2_TLC555,ch0,origplant,soil_moisture,1570,,,OK,,,983.3,,name=classic;level=well watered;role=disp;spread=51;gpio=36;device_seq=76644;time_source=device_synced;device_timestamp_utc=2026-07-28T05:52:49.290Z;config_id=257fa022;rssi=-59;uptime_s=574860;heap=195896;cal_tier=channel-cal;cal_src=wet_rederive_1236_20260719;pressure_context_source=weather_openmeteo;transport=wifi_poll,
plants.soil,2026-07-28T05:53:17.199Z,2026-07-28 00:53:17.199,22202,6762df,y9d41p,0.7.3,fleet_logger_0_1,574860041,UMLIFE_v2_TLC555,ch1,origplant,soil_moisture,1680,,,OK,,,983.3,,name=classic;level=OK;role=disp;spread=29;gpio=39;device_seq=76645;time_source=device_synced;device_timestamp_utc=2026-07-28T05:52:49.290Z;config_id=257fa022;rssi=-59;uptime_s=574860;heap=195896;cal_tier=channel-cal;cal_src=wet_rederive_1236_20260719;pressure_context_source=weather_openmeteo;transport=wifi_poll,
plants.soil,2026-07-28T05:53:17.199Z,2026-07-28 00:53:17.199,22203,6762df,y9d41p,0.7.3,fleet_logger_0_1,574860041,UMLIFE_v2_TLC555,ch2,origplant,soil_moisture,1356,,,OK,,,983.3,,name=classic;level=overwatered;role=disp;spread=8;gpio=34;device_seq=76646;time_source=device_synced;device_timestamp_utc=2026-07-28T05:52:49.290Z;config_id=257fa022;rssi=-59;uptime_s=574860;heap=195896;cal_tier=channel-cal;cal_src=wet_rederive_1236_20260719;pressure_context_source=weather_openmeteo;transport=wifi_poll,
plants.soil,2026-07-28T05:53:17.199Z,2026-07-28 00:53:17.199,22204,6762df,y9d41p,0.7.3,fleet_logger_0_1,574860041,UMLIFE_v2_TLC555,ch3,origplant,soil_moisture,1441,,,OK,,,983.3,,name=classic;level=well watered;role=disp;spread=23;gpio=35;device_seq=76647;time_source=device_synced;device_timestamp_utc=2026-07-28T05:52:49.290Z;config_id=257fa022;rssi=-59;uptime_s=574860;heap=195896;cal_tier=channel-cal;cal_src=wet_rederive_1236_20260719;pressure_context_source=weather_openmeteo;transport=wifi_poll,
plants.env,2026-07-28T05:53:17.199Z,2026-07-28 00:53:17.199,22205,6762df,y9d41p,0.7.3,fleet_logger_0_1,574860797,ESP32,esp32_die,on_chip,die_temp,,52.22,degC,OK,,,,,name=classic;source=esp32_die;cal=uncalibrated_board_proxy;api=temperatureRead;config_id=257fa022;transport=wifi_poll,
plants.soil,2026-07-28T05:53:47.409Z,2026-07-28 00:53:47.409,22206,6762df,y9d41p,0.7.3,fleet_logger_0_1,574890041,UMLIFE_v2_TLC555,ch0,origplant,soil_moisture,1572,,,OK,,,983.3,,name=classic;level=well watered;role=disp;spread=45;gpio=36;device_seq=76648;time_source=device_synced;device_timestamp_utc=2026-07-28T05:53:19.290Z;config_id=257fa022;rssi=-59;uptime_s=574890;heap=195636;cal_tier=channel-cal;cal_src=wet_rederive_1236_20260719;pressure_context_source=weather_openmeteo;transport=wifi_poll,
plants.soil,2026-07-28T05:53:47.409Z,2026-07-28 00:53:47.409,22207,6762df,y9d41p,0.7.3,fleet_logger_0_1,574890041,UMLIFE_v2_TLC555,ch1,origplant,soil_moisture,1678,,,OK,,,983.3,,name=classic;level=OK;role=disp;spread=30;gpio=39;device_seq=76649;time_source=device_synced;device_timestamp_utc=2026-07-28T05:53:19.290Z;config_id=257fa022;rssi=-59;uptime_s=574890;heap=195636;cal_tier=channel-cal;cal_src=wet_rederive_1236_20260719;pressure_context_source=weather_openmeteo;transport=wifi_poll,
plants.soil,2026-07-28T05:53:47.409Z,2026-07-28 00:53:47.409,22208,6762df,y9d41p,0.7.3,fleet_logger_0_1,574890041,UMLIFE_v2_TLC555,ch2,origplant,soil_moisture,1363,,,OK,,,983.3,,name=classic;level=overwatered;role=disp;spread=40;gpio=34;device_seq=76650;time_source=device_synced;device_timestamp_utc=2026-07-28T05:53:19.290Z;config_id=257fa022;rssi=-59;uptime_s=574890;heap=195636;cal_tier=channel-cal;cal_src=wet_rederive_1236_20260719;pressure_context_source=weather_openmeteo;transport=wifi_poll,
plants.soil,2026-07-28T05:53:47.409Z,2026-07-28 00:53:47.409,22209,6762df,y9d41p,0.7.3,fleet_logger_0_1,574890041,UMLIFE_v2_TLC555,ch3,origplant,soil_moisture,1436,,,OK,,,983.3,,name=classic;level=well watered;role=disp;spread=26;gpio=35;device_seq=76651;time_source=device_synced;device_timestamp_utc=2026-07-28T05:53:19.290Z;config_id=257fa022;rssi=-59;uptime_s=574890;heap=195636;cal_tier=channel-cal;cal_src=wet_rederive_1236_20260719;pressure_context_source=weather_openmeteo;transport=wifi_poll,
plants.env,2026-07-28T05:53:47.409Z,2026-07-28 00:53:47.409,22210,6762df,y9d41p,0.7.3,fleet_logger_0_1,574890797,ESP32,esp32_die,on_chip,die_temp,,52.22,degC,OK,,,,,name=classic;source=esp32_die;cal=uncalibrated_board_proxy;api=temperatureRead;config_id=257fa022;transport=wifi_poll,
plants.soil,2026-07-28T05:54:17.723Z,2026-07-28 00:54:17.723,22211,6762df,y9d41p,0.7.3,fleet_logger_0_1,574920041,UMLIFE_v2_TLC555,ch0,origplant,soil_moisture,1565,,,OK,,,983.3,,name=classic;level=well watered;role=disp;spread=21;gpio=36;device_seq=76652;time_source=device_synced;device_timestamp_utc=2026-07-28T05:53:49.290Z;config_id=257fa022;rssi=-59;uptime_s=574920;heap=195632;cal_tier=channel-cal;cal_src=wet_rederive_1236_20260719;pressure_context_source=weather_openmeteo;transport=wifi_poll,
plants.soil,2026-07-28T05:54:17.723Z,2026-07-28 00:54:17.723,22212,6762df,y9d41p,0.7.3,fleet_logger_0_1,574920041,UMLIFE_v2_TLC555,ch1,origplant,soil_moisture,1676,,,OK,,,983.3,,name=classic;level=OK;role=disp;spread=33;gpio=39;device_seq=76653;time_source=device_synced;device_timestamp_utc=2026-07-28T05:53:49.290Z;config_id=257fa022;rssi=-59;uptime_s=574920;heap=195632;cal_tier=channel-cal;cal_src=wet_rederive_1236_20260719;pressure_context_source=weather_openmeteo;transport=wifi_poll,
plants.soil,2026-07-28T05:54:17.723Z,2026-07-28 00:54:17.723,22213,6762df,y9d41p,0.7.3,fleet_logger_0_1,574920041,UMLIFE_v2_TLC555,ch2,origplant,soil_moisture,1359,,,OK,,,983.3,,name=classic;level=overwatered;role=disp;spread=9;gpio=34;device_seq=76654;time_source=device_synced;device_timestamp_utc=2026-07-28T05:53:49.290Z;config_id=257fa022;rssi=-59;uptime_s=574920;heap=195632;cal_tier=channel-cal;cal_src=wet_rederive_1236_20260719;pressure_context_source=weather_openmeteo;transport=wifi_poll,
plants.soil,2026-07-28T05:54:17.723Z,2026-07-28 00:54:17.723,22214,6762df,y9d41p,0.7.3,fleet_logger_0_1,574920041,UMLIFE_v2_TLC555,ch3,origplant,soil_moisture,1444,,,OK,,,983.3,,name=classic;level=well watered;role=disp;spread=22;gpio=35;device_seq=76655;time_source=device_synced;device_timestamp_utc=2026-07-28T05:53:49.290Z;config_id=257fa022;rssi=-59;uptime_s=574920;heap=195632;cal_tier=channel-cal;cal_src=wet_rederive_1236_20260719;pressure_context_source=weather_openmeteo;transport=wifi_poll,
plants.env,2026-07-28T05:54:17.723Z,2026-07-28 00:54:17.723,22215,6762df,y9d41p,0.7.3,fleet_logger_0_1,574920797,ESP32,esp32_die,on_chip,die_temp,,51.67,degC,OK,,,,,name=classic;source=esp32_die;cal=uncalibrated_board_proxy;api=temperatureRead;config_id=257fa022;transport=wifi_poll,
plants.soil,2026-07-28T05:54:48.035Z,2026-07-28 00:54:48.035,22216,6762df,y9d41p,0.7.3,fleet_logger_0_1,574950041,UMLIFE_v2_TLC555,ch0,origplant,soil_moisture,1568,,,OK,,,983.3,,name=classic;level=well watered;role=disp;spread=18;gpio=36;device_seq=76656;time_source=device_synced;device_timestamp_utc=2026-07-28T05:54:19.290Z;config_id=257fa022;rssi=-59;uptime_s=574950;heap=195884;cal_tier=channel-cal;cal_src=wet_rederive_1236_20260719;pressure_context_source=weather_openmeteo;transport=wifi_poll,
plants.soil,2026-07-28T05:54:48.035Z,2026-07-28 00:54:48.035,22217,6762df,y9d41p,0.7.3,fleet_logger_0_1,574950041,UMLIFE_v2_TLC555,ch1,origplant,soil_moisture,1682,,,OK,,,983.3,,name=classic;level=OK;role=disp;spread=38;gpio=39;device_seq=76657;time_source=device_synced;device_timestamp_utc=2026-07-28T05:54:19.290Z;config_id=257fa022;rssi=-59;uptime_s=574950;heap=195884;cal_tier=channel-cal;cal_src=wet_rederive_1236_20260719;pressure_context_source=weather_openmeteo;transport=wifi_poll,
plants.soil,2026-07-28T05:54:48.035Z,2026-07-28 00:54:48.035,22218,6762df,y9d41p,0.7.3,fleet_logger_0_1,574950041,UMLIFE_v2_TLC555,ch2,origplant,soil_moisture,1359,,,OK,,,983.3,,name=classic;level=overwatered;role=disp;spread=34;gpio=34;device_seq=76658;time_source=device_synced;device_timestamp_utc=2026-07-28T05:54:19.290Z;config_id=257fa022;rssi=-59;uptime_s=574950;heap=195884;cal_tier=channel-cal;cal_src=wet_rederive_1236_20260719;pressure_context_source=weather_openmeteo;transport=wifi_poll,
plants.soil,2026-07-28T05:54:48.035Z,2026-07-28 00:54:48.035,22219,6762df,y9d41p,0.7.3,fleet_logger_0_1,574950041,UMLIFE_v2_TLC555,ch3,origplant,soil_moisture,1437,,,OK,,,983.3,,name=classic;level=well watered;role=disp;spread=17;gpio=35;device_seq=76659;time_source=device_synced;device_timestamp_utc=2026-07-28T05:54:19.290Z;config_id=257fa022;rssi=-59;uptime_s=574950;heap=195884;cal_tier=channel-cal;cal_src=wet_rederive_1236_20260719;pressure_context_source=weather_openmeteo;transport=wifi_poll,
plants.env,2026-07-28T05:54:48.035Z,2026-07-28 00:54:48.035,22220,6762df,y9d41p,0.7.3,fleet_logger_0_1,574950797,ESP32,esp32_die,on_chip,die_temp,,52.22,degC,OK,,,,,name=classic;source=esp32_die;cal=uncalibrated_board_proxy;api=temperatureRead;config_id=257fa022;transport=wifi_poll,
plants.soil,2026-07-28T05:55:18.250Z,2026-07-28 00:55:18.250,22221,6762df,y9d41p,0.7.3,fleet_logger_0_1,574980041,UMLIFE_v2_TLC555,ch0,origplant,soil_moisture,1569,,,OK,,,983.3,,name=classic;level=well watered;role=disp;spread=35;gpio=36;device_seq=76660;time_source=device_synced;device_timestamp_utc=2026-07-28T05:54:49.290Z;config_id=257fa022;rssi=-59;uptime_s=574980;heap=195884;cal_tier=channel-cal;cal_src=wet_rederive_1236_20260719;pressure_context_source=weather_openmeteo;transport=wifi_poll,
plants.soil,2026-07-28T05:55:18.250Z,2026-07-28 00:55:18.250,22222,6762df,y9d41p,0.7.3,fleet_logger_0_1,574980041,UMLIFE_v2_TLC555,ch1,origplant,soil_moisture,1682,,,OK,,,983.3,,name=classic;level=OK;role=disp;spread=43;gpio=39;device_seq=76661;time_source=device_synced;device_timestamp_utc=2026-07-28T05:54:49.290Z;config_id=257fa022;rssi=-59;uptime_s=574980;heap=195884;cal_tier=channel-cal;cal_src=wet_rederive_1236_20260719;pressure_context_source=weather_openmeteo;transport=wifi_poll,
plants.soil,2026-07-28T05:55:18.250Z,2026-07-28 00:55:18.250,22223,6762df,y9d41p,0.7.3,fleet_logger_0_1,574980041,UMLIFE_v2_TLC555,ch2,origplant,soil_moisture,1358,,,OK,,,983.3,,name=classic;level=overwatered;role=disp;spread=35;gpio=34;device_seq=76662;time_source=device_synced;device_timestamp_utc=2026-07-28T05:54:49.290Z;config_id=257fa022;rssi=-59;uptime_s=574980;heap=195884;cal_tier=channel-cal;cal_src=wet_rederive_1236_20260719;pressure_context_source=weather_openmeteo;transport=wifi_poll,
plants.soil,2026-07-28T05:55:18.250Z,2026-07-28 00:55:18.250,22224,6762df,y9d41p,0.7.3,fleet_logger_0_1,574980041,UMLIFE_v2_TLC555,ch3,origplant,soil_moisture,1444,,,OK,,,983.3,,name=classic;level=well watered;role=disp;spread=10;gpio=35;device_seq=76663;time_source=device_synced;device_timestamp_utc=2026-07-28T05:54:49.290Z;config_id=257fa022;rssi=-59;uptime_s=574980;heap=195884;cal_tier=channel-cal;cal_src=wet_rederive_1236_20260719;pressure_context_source=weather_openmeteo;transport=wifi_poll,
plants.env,2026-07-28T05:55:18.250Z,2026-07-28 00:55:18.250,22225,6762df,y9d41p,0.7.3,fleet_logger_0_1,574980797,ESP32,esp32_die,on_chip,die_temp,,50.56,degC,OK,,,,,name=classic;source=esp32_die;cal=uncalibrated_board_proxy;api=temperatureRead;config_id=257fa022;transport=wifi_poll,
plants.soil,2026-07-28T05:55:48.610Z,2026-07-28 00:55:48.610,22226,6762df,y9d41p,0.7.3,fleet_logger_0_1,575010041,UMLIFE_v2_TLC555,ch0,origplant,soil_moisture,1570,,,OK,,,983.3,,name=classic;level=well watered;role=disp;spread=49;gpio=36;device_seq=76664;time_source=device_synced;device_timestamp_utc=2026-07-28T05:55:19.290Z;config_id=257fa022;rssi=-60;uptime_s=575010;heap=195888;cal_tier=channel-cal;cal_src=wet_rederive_1236_20260719;pressure_context_source=weather_openmeteo;transport=wifi_poll,
plants.soil,2026-07-28T05:55:48.610Z,2026-07-28 00:55:48.610,22227,6762df,y9d41p,0.7.3,fleet_logger_0_1,575010041,UMLIFE_v2_TLC555,ch1,origplant,soil_moisture,1678,,,OK,,,983.3,,name=classic;level=OK;role=disp;spread=45;gpio=39;device_seq=76665;time_source=device_synced;device_timestamp_utc=2026-07-28T05:55:19.290Z;config_id=257fa022;rssi=-60;uptime_s=575010;heap=195888;cal_tier=channel-cal;cal_src=wet_rederive_1236_20260719;pressure_context_source=weather_openmeteo;transport=wifi_poll,
plants.soil,2026-07-28T05:55:48.610Z,2026-07-28 00:55:48.610,22228,6762df,y9d41p,0.7.3,fleet_logger_0_1,575010041,UMLIFE_v2_TLC555,ch2,origplant,soil_moisture,1361,,,OK,,,983.3,,name=classic;level=overwatered;role=disp;spread=16;gpio=34;device_seq=76666;time_source=device_synced;device_timestamp_utc=2026-07-28T05:55:19.290Z;config_id=257fa022;rssi=-60;uptime_s=575010;heap=195888;cal_tier=channel-cal;cal_src=wet_rederive_1236_20260719;pressure_context_source=weather_openmeteo;transport=wifi_poll,
plants.soil,2026-07-28T05:55:48.610Z,2026-07-28 00:55:48.610,22229,6762df,y9d41p,0.7.3,fleet_logger_0_1,575010041,UMLIFE_v2_TLC555,ch3,origplant,soil_moisture,1438,,,OK,,,983.3,,name=classic;level=well watered;role=disp;spread=15;gpio=35;device_seq=76667;time_source=device_synced;device_timestamp_utc=2026-07-28T05:55:19.290Z;config_id=257fa022;rssi=-60;uptime_s=575010;heap=195888;cal_tier=channel-cal;cal_src=wet_rederive_1236_20260719;pressure_context_source=weather_openmeteo;transport=wifi_poll,
plants.env,2026-07-28T05:55:48.610Z,2026-07-28 00:55:48.610,22230,6762df,y9d41p,0.7.3,fleet_logger_0_1,575010797,ESP32,esp32_die,on_chip,die_temp,,52.22,degC,OK,,,,,name=classic;source=esp32_die;cal=uncalibrated_board_proxy;api=temperatureRead;config_id=257fa022;transport=wifi_poll,
plants.soil,2026-07-28T05:56:19.033Z,2026-07-28 00:56:19.033,22231,6762df,y9d41p,0.7.3,fleet_logger_0_1,575040041,UMLIFE_v2_TLC555,ch0,origplant,soil_moisture,1570,,,OK,,,983.3,,name=classic;level=well watered;role=disp;spread=15;gpio=36;device_seq=76668;time_source=device_synced;device_timestamp_utc=2026-07-28T05:55:49.290Z;config_id=257fa022;rssi=-60;uptime_s=575040;heap=195876;cal_tier=channel-cal;cal_src=wet_rederive_1236_20260719;pressure_context_source=weather_openmeteo;transport=wifi_poll,
plants.soil,2026-07-28T05:56:19.033Z,2026-07-28 00:56:19.033,22232,6762df,y9d41p,0.7.3,fleet_logger_0_1,575040041,UMLIFE_v2_TLC555,ch1,origplant,soil_moisture,1678,,,OK,,,983.3,,name=classic;level=OK;role=disp;spread=23;gpio=39;device_seq=76669;time_source=device_synced;device_timestamp_utc=2026-07-28T05:55:49.290Z;config_id=257fa022;rssi=-60;uptime_s=575040;heap=195876;cal_tier=channel-cal;cal_src=wet_rederive_1236_20260719;pressure_context_source=weather_openmeteo;transport=wifi_poll,
plants.soil,2026-07-28T05:56:19.033Z,2026-07-28 00:56:19.033,22233,6762df,y9d41p,0.7.3,fleet_logger_0_1,575040041,UMLIFE_v2_TLC555,ch2,origplant,soil_moisture,1361,,,OK,,,983.3,,name=classic;level=overwatered;role=disp;spread=29;gpio=34;device_seq=76670;time_source=device_synced;device_timestamp_utc=2026-07-28T05:55:49.290Z;config_id=257fa022;rssi=-60;uptime_s=575040;heap=195876;cal_tier=channel-cal;cal_src=wet_rederive_1236_20260719;pressure_context_source=weather_openmeteo;transport=wifi_poll,
plants.soil,2026-07-28T05:56:19.033Z,2026-07-28 00:56:19.033,22234,6762df,y9d41p,0.7.3,fleet_logger_0_1,575040041,UMLIFE_v2_TLC555,ch3,origplant,soil_moisture,1435,,,OK,,,983.3,,name=classic;level=well watered;role=disp;spread=20;gpio=35;device_seq=76671;time_source=device_synced;device_timestamp_utc=2026-07-28T05:55:49.290Z;config_id=257fa022;rssi=-60;uptime_s=575040;heap=195876;cal_tier=channel-cal;cal_src=wet_rederive_1236_20260719;pressure_context_source=weather_openmeteo;transport=wifi_poll,
plants.env,2026-07-28T05:56:19.033Z,2026-07-28 00:56:19.033,22235,6762df,y9d41p,0.7.3,fleet_logger_0_1,575040797,ESP32,esp32_die,on_chip,die_temp,,51.67,degC,OK,,,,,name=classic;source=esp32_die;cal=uncalibrated_board_proxy;api=temperatureRead;config_id=257fa022;transport=wifi_poll,
plants.soil,2026-07-28T05:56:49.387Z,2026-07-28 00:56:49.387,22236,6762df,y9d41p,0.7.3,fleet_logger_0_1,575070041,UMLIFE_v2_TLC555,ch0,origplant,soil_moisture,1566,,,OK,,,983.3,,name=classic;level=well watered;role=disp;spread=29;gpio=36;device_seq=76672;time_source=device_synced;device_timestamp_utc=2026-07-28T05:56:19.290Z;config_id=257fa022;rssi=-58;uptime_s=575070;heap=195616;cal_tier=channel-cal;cal_src=wet_rederive_1236_20260719;pressure_context_source=weather_openmeteo;transport=wifi_poll,
plants.soil,2026-07-28T05:56:49.387Z,2026-07-28 00:56:49.387,22237,6762df,y9d41p,0.7.3,fleet_logger_0_1,575070041,UMLIFE_v2_TLC555,ch1,origplant,soil_moisture,1683,,,OK,,,983.3,,name=classic;level=OK;role=disp;spread=7;gpio=39;device_seq=76673;time_source=device_synced;device_timestamp_utc=2026-07-28T05:56:19.290Z;config_id=257fa022;rssi=-58;uptime_s=575070;heap=195616;cal_tier=channel-cal;cal_src=wet_rederive_1236_20260719;pressure_context_source=weather_openmeteo;transport=wifi_poll,
plants.soil,2026-07-28T05:56:49.387Z,2026-07-28 00:56:49.387,22238,6762df,y9d41p,0.7.3,fleet_logger_0_1,575070041,UMLIFE_v2_TLC555,ch2,origplant,soil_moisture,1353,,,OK,,,983.3,,name=classic;level=overwatered;role=disp;spread=41;gpio=34;device_seq=76674;time_source=device_synced;device_timestamp_utc=2026-07-28T05:56:19.290Z;config_id=257fa022;rssi=-58;uptime_s=575070;heap=195616;cal_tier=channel-cal;cal_src=wet_rederive_1236_20260719;pressure_context_source=weather_openmeteo;transport=wifi_poll,
plants.soil,2026-07-28T05:56:49.387Z,2026-07-28 00:56:49.387,22239,6762df,y9d41p,0.7.3,fleet_logger_0_1,575070041,UMLIFE_v2_TLC555,ch3,origplant,soil_moisture,1439,,,OK,,,983.3,,name=classic;level=well watered;role=disp;spread=29;gpio=35;device_seq=76675;time_source=device_synced;device_timestamp_utc=2026-07-28T05:56:19.290Z;config_id=257fa022;rssi=-58;uptime_s=575070;heap=195616;cal_tier=channel-cal;cal_src=wet_rederive_1236_20260719;pressure_context_source=weather_openmeteo;transport=wifi_poll,
plants.env,2026-07-28T05:56:49.387Z,2026-07-28 00:56:49.387,22240,6762df,y9d41p,0.7.3,fleet_logger_0_1,575070797,ESP32,esp32_die,on_chip,die_temp,,52.22,degC,OK,,,,,name=classic;source=esp32_die;cal=uncalibrated_board_proxy;api=temperatureRead;config_id=257fa022;transport=wifi_poll,
plants.soil,2026-07-28T05:57:20.361Z,2026-07-28 00:57:20.361,22241,6762df,y9d41p,0.7.3,fleet_logger_0_1,575130041,UMLIFE_v2_TLC555,ch0,origplant,soil_moisture,1562,,,OK,,,983.3,,name=classic;level=well watered;role=disp;spread=29;gpio=36;device_seq=76680;time_source=device_synced;device_timestamp_utc=2026-07-28T05:57:19.290Z;config_id=257fa022;rssi=-60;uptime_s=575130;heap=196144;cal_tier=channel-cal;cal_src=wet_rederive_1236_20260719;pressure_context_source=weather_openmeteo;transport=wifi_poll,
plants.soil,2026-07-28T05:57:20.361Z,2026-07-28 00:57:20.361,22242,6762df,y9d41p,0.7.3,fleet_logger_0_1,575130041,UMLIFE_v2_TLC555,ch1,origplant,soil_moisture,1679,,,OK,,,983.3,,name=classic;level=OK;role=disp;spread=17;gpio=39;device_seq=76681;time_source=device_synced;device_timestamp_utc=2026-07-28T05:57:19.290Z;config_id=257fa022;rssi=-60;uptime_s=575130;heap=196144;cal_tier=channel-cal;cal_src=wet_rederive_1236_20260719;pressure_context_source=weather_openmeteo;transport=wifi_poll,
plants.soil,2026-07-28T05:57:20.361Z,2026-07-28 00:57:20.361,22243,6762df,y9d41p,0.7.3,fleet_logger_0_1,575130041,UMLIFE_v2_TLC555,ch2,origplant,soil_moisture,1359,,,OK,,,983.3,,name=classic;level=overwatered;role=disp;spread=29;gpio=34;device_seq=76682;time_source=device_synced;device_timestamp_utc=2026-07-28T05:57:19.290Z;config_id=257fa022;rssi=-60;uptime_s=575130;heap=196144;cal_tier=channel-cal;cal_src=wet_rederive_1236_20260719;pressure_context_source=weather_openmeteo;transport=wifi_poll,
plants.soil,2026-07-28T05:57:20.361Z,2026-07-28 00:57:20.361,22244,6762df,y9d41p,0.7.3,fleet_logger_0_1,575130041,UMLIFE_v2_TLC555,ch3,origplant,soil_moisture,1440,,,OK,,,983.3,,name=classic;level=well watered;role=disp;spread=18;gpio=35;device_seq=76683;time_source=device_synced;device_timestamp_utc=2026-07-28T05:57:19.290Z;config_id=257fa022;rssi=-60;uptime_s=575130;heap=196144;cal_tier=channel-cal;cal_src=wet_rederive_1236_20260719;pressure_context_source=weather_openmeteo;transport=wifi_poll,
plants.env,2026-07-28T05:57:20.361Z,2026-07-28 00:57:20.361,22245,6762df,y9d41p,0.7.3,fleet_logger_0_1,575130797,ESP32,esp32_die,on_chip,die_temp,,52.22,degC,OK,,,,,name=classic;source=esp32_die;cal=uncalibrated_board_proxy;api=temperatureRead;config_id=257fa022;transport=wifi_poll,
plants.soil,2026-07-28T05:57:50.580Z,2026-07-28 00:57:50.580,22246,6762df,y9d41p,0.7.3,fleet_logger_0_1,575160041,UMLIFE_v2_TLC555,ch0,origplant,soil_moisture,1565,,,OK,,,983.3,,name=classic;level=well watered;role=disp;spread=31;gpio=36;device_seq=76684;time_source=device_synced;device_timestamp_utc=2026-07-28T05:57:49.290Z;config_id=257fa022;rssi=-71;uptime_s=575160;heap=196144;cal_tier=channel-cal;cal_src=wet_rederive_1236_20260719;pressure_context_source=weather_openmeteo;transport=wifi_poll,
plants.soil,2026-07-28T05:57:50.580Z,2026-07-28 00:57:50.580,22247,6762df,y9d41p,0.7.3,fleet_logger_0_1,575160041,UMLIFE_v2_TLC555,ch1,origplant,soil_moisture,1682,,,OK,,,983.3,,name=classic;level=OK;role=disp;spread=56;gpio=39;device_seq=76685;time_source=device_synced;device_timestamp_utc=2026-07-28T05:57:49.290Z;config_id=257fa022;rssi=-71;uptime_s=575160;heap=196144;cal_tier=channel-cal;cal_src=wet_rederive_1236_20260719;pressure_context_source=weather_openmeteo;transport=wifi_poll,
plants.soil,2026-07-28T05:57:50.580Z,2026-07-28 00:57:50.580,22248,6762df,y9d41p,0.7.3,fleet_logger_0_1,575160041,UMLIFE_v2_TLC555,ch2,origplant,soil_moisture,1358,,,OK,,,983.3,,name=classic;level=overwatered;role=disp;spread=31;gpio=34;device_seq=76686;time_source=device_synced;device_timestamp_utc=2026-07-28T05:57:49.290Z;config_id=257fa022;rssi=-71;uptime_s=575160;heap=196144;cal_tier=channel-cal;cal_src=wet_rederive_1236_20260719;pressure_context_source=weather_openmeteo;transport=wifi_poll,
plants.soil,2026-07-28T05:57:50.580Z,2026-07-28 00:57:50.580,22249,6762df,y9d41p,0.7.3,fleet_logger_0_1,575160041,UMLIFE_v2_TLC555,ch3,origplant,soil_moisture,1435,,,OK,,,983.3,,name=classic;level=well watered;role=disp;spread=26;gpio=35;device_seq=76687;time_source=device_synced;device_timestamp_utc=2026-07-28T05:57:49.290Z;config_id=257fa022;rssi=-71;uptime_s=575160;heap=196144;cal_tier=channel-cal;cal_src=wet_rederive_1236_20260719;pressure_context_source=weather_openmeteo;transport=wifi_poll,
plants.env,2026-07-28T05:57:50.580Z,2026-07-28 00:57:50.580,22250,6762df,y9d41p,0.7.3,fleet_logger_0_1,575160796,ESP32,esp32_die,on_chip,die_temp,,52.22,degC,OK,,,,,name=classic;source=esp32_die;cal=uncalibrated_board_proxy;api=temperatureRead;config_id=257fa022;transport=wifi_poll,
plants.soil,2026-07-28T05:58:20.815Z,2026-07-28 00:58:20.815,22251,6762df,y9d41p,0.7.3,fleet_logger_0_1,575190041,UMLIFE_v2_TLC555,ch0,origplant,soil_moisture,1572,,,OK,,,983.3,,name=classic;level=well watered;role=disp;spread=26;gpio=36;device_seq=76688;time_source=device_synced;device_timestamp_utc=2026-07-28T05:58:19.290Z;config_id=257fa022;rssi=-58;uptime_s=575190;heap=196136;cal_tier=channel-cal;cal_src=wet_rederive_1236_20260719;pressure_context_source=weather_openmeteo;transport=wifi_poll,
plants.soil,2026-07-28T05:58:20.815Z,2026-07-28 00:58:20.815,22252,6762df,y9d41p,0.7.3,fleet_logger_0_1,575190041,UMLIFE_v2_TLC555,ch1,origplant,soil_moisture,1681,,,OK,,,983.3,,name=classic;level=OK;role=disp;spread=32;gpio=39;device_seq=76689;time_source=device_synced;device_timestamp_utc=2026-07-28T05:58:19.290Z;config_id=257fa022;rssi=-58;uptime_s=575190;heap=196136;cal_tier=channel-cal;cal_src=wet_rederive_1236_20260719;pressure_context_source=weather_openmeteo;transport=wifi_poll,
plants.soil,2026-07-28T05:58:20.815Z,2026-07-28 00:58:20.815,22253,6762df,y9d41p,0.7.3,fleet_logger_0_1,575190041,UMLIFE_v2_TLC555,ch2,origplant,soil_moisture,1359,,,OK,,,983.3,,name=classic;level=overwatered;role=disp;spread=18;gpio=34;device_seq=76690;time_source=device_synced;device_timestamp_utc=2026-07-28T05:58:19.290Z;config_id=257fa022;rssi=-58;uptime_s=575190;heap=196136;cal_tier=channel-cal;cal_src=wet_rederive_1236_20260719;pressure_context_source=weather_openmeteo;transport=wifi_poll,
plants.soil,2026-07-28T05:58:20.815Z,2026-07-28 00:58:20.815,22254,6762df,y9d41p,0.7.3,fleet_logger_0_1,575190041,UMLIFE_v2_TLC555,ch3,origplant,soil_moisture,1441,,,OK,,,983.3,,name=classic;level=well watered;role=disp;spread=35;gpio=35;device_seq=76691;time_source=device_synced;device_timestamp_utc=2026-07-28T05:58:19.290Z;config_id=257fa022;rssi=-58;uptime_s=575190;heap=196136;cal_tier=channel-cal;cal_src=wet_rederive_1236_20260719;pressure_context_source=weather_openmeteo;transport=wifi_poll,
plants.env,2026-07-28T05:58:20.815Z,2026-07-28 00:58:20.815,22255,6762df,y9d41p,0.7.3,fleet_logger_0_1,575190797,ESP32,esp32_die,on_chip,die_temp,,52.22,degC,OK,,,,,name=classic;source=esp32_die;cal=uncalibrated_board_proxy;api=temperatureRead;config_id=257fa022;transport=wifi_poll,
plants.soil,2026-07-28T05:58:51.142Z,2026-07-28 00:58:51.142,22256,6762df,y9d41p,0.7.3,fleet_logger_0_1,575220041,UMLIFE_v2_TLC555,ch0,origplant,soil_moisture,1572,,,OK,,,983.3,,name=classic;level=well watered;role=disp;spread=26;gpio=36;device_seq=76692;time_source=device_synced;device_timestamp_utc=2026-07-28T05:58:49.290Z;config_id=257fa022;rssi=-59;uptime_s=575220;heap=195876;cal_tier=channel-cal;cal_src=wet_rederive_1236_20260719;pressure_context_source=weather_openmeteo;transport=wifi_poll,
plants.soil,2026-07-28T05:58:51.142Z,2026-07-28 00:58:51.142,22257,6762df,y9d41p,0.7.3,fleet_logger_0_1,575220041,UMLIFE_v2_TLC555,ch1,origplant,soil_moisture,1678,,,OK,,,983.3,,name=classic;level=OK;role=disp;spread=33;gpio=39;device_seq=76693;time_source=device_synced;device_timestamp_utc=2026-07-28T05:58:49.290Z;config_id=257fa022;rssi=-59;uptime_s=575220;heap=195876;cal_tier=channel-cal;cal_src=wet_rederive_1236_20260719;pressure_context_source=weather_openmeteo;transport=wifi_poll,
plants.soil,2026-07-28T05:58:51.142Z,2026-07-28 00:58:51.142,22258,6762df,y9d41p,0.7.3,fleet_logger_0_1,575220041,UMLIFE_v2_TLC555,ch2,origplant,soil_moisture,1361,,,OK,,,983.3,,name=classic;level=overwatered;role=disp;spread=23;gpio=34;device_seq=76694;time_source=device_synced;device_timestamp_utc=2026-07-28T05:58:49.290Z;config_id=257fa022;rssi=-59;uptime_s=575220;heap=195876;cal_tier=channel-cal;cal_src=wet_rederive_1236_20260719;pressure_context_source=weather_openmeteo;transport=wifi_poll,
plants.soil,2026-07-28T05:58:51.142Z,2026-07-28 00:58:51.142,22259,6762df,y9d41p,0.7.3,fleet_logger_0_1,575220041,UMLIFE_v2_TLC555,ch3,origplant,soil_moisture,1445,,,OK,,,983.3,,name=classic;level=well watered;role=disp;spread=19;gpio=35;device_seq=76695;time_source=device_synced;device_timestamp_utc=2026-07-28T05:58:49.290Z;config_id=257fa022;rssi=-59;uptime_s=575220;heap=195876;cal_tier=channel-cal;cal_src=wet_rederive_1236_20260719;pressure_context_source=weather_openmeteo;transport=wifi_poll,
plants.env,2026-07-28T05:58:51.142Z,2026-07-28 00:58:51.142,22260,6762df,y9d41p,0.7.3,fleet_logger_0_1,575220797,ESP32,esp32_die,on_chip,die_temp,,52.22,degC,OK,,,,,name=classic;source=esp32_die;cal=uncalibrated_board_proxy;api=temperatureRead;config_id=257fa022;transport=wifi_poll,
plants.soil,2026-07-28T05:59:21.434Z,2026-07-28 00:59:21.434,22261,6762df,y9d41p,0.7.3,fleet_logger_0_1,575250041,UMLIFE_v2_TLC555,ch0,origplant,soil_moisture,1574,,,OK,,,983.3,,name=classic;level=well watered;role=disp;spread=31;gpio=36;device_seq=76696;time_source=device_synced;device_timestamp_utc=2026-07-28T05:59:19.290Z;config_id=257fa022;rssi=-59;uptime_s=575250;heap=195616;cal_tier=channel-cal;cal_src=wet_rederive_1236_20260719;pressure_context_source=weather_openmeteo;transport=wifi_poll,
plants.soil,2026-07-28T05:59:21.434Z,2026-07-28 00:59:21.434,22262,6762df,y9d41p,0.7.3,fleet_logger_0_1,575250041,UMLIFE_v2_TLC555,ch1,origplant,soil_moisture,1682,,,OK,,,983.3,,name=classic;level=OK;role=disp;spread=32;gpio=39;device_seq=76697;time_source=device_synced;device_timestamp_utc=2026-07-28T05:59:19.290Z;config_id=257fa022;rssi=-59;uptime_s=575250;heap=195616;cal_tier=channel-cal;cal_src=wet_rederive_1236_20260719;pressure_context_source=weather_openmeteo;transport=wifi_poll,
plants.soil,2026-07-28T05:59:21.434Z,2026-07-28 00:59:21.434,22263,6762df,y9d41p,0.7.3,fleet_logger_0_1,575250041,UMLIFE_v2_TLC555,ch2,origplant,soil_moisture,1359,,,OK,,,983.3,,name=classic;level=overwatered;role=disp;spread=36;gpio=34;device_seq=76698;time_source=device_synced;device_timestamp_utc=2026-07-28T05:59:19.290Z;config_id=257fa022;rssi=-59;uptime_s=575250;heap=195616;cal_tier=channel-cal;cal_src=wet_rederive_1236_20260719;pressure_context_source=weather_openmeteo;transport=wifi_poll,
plants.soil,2026-07-28T05:59:21.434Z,2026-07-28 00:59:21.434,22264,6762df,y9d41p,0.7.3,fleet_logger_0_1,575250041,UMLIFE_v2_TLC555,ch3,origplant,soil_moisture,1439,,,OK,,,983.3,,name=classic;level=well watered;role=disp;spread=26;gpio=35;device_seq=76699;time_source=device_synced;device_timestamp_utc=2026-07-28T05:59:19.290Z;config_id=257fa022;rssi=-59;uptime_s=575250;heap=195616;cal_tier=channel-cal;cal_src=wet_rederive_1236_20260719;pressure_context_source=weather_openmeteo;transport=wifi_poll,
plants.env,2026-07-28T05:59:21.434Z,2026-07-28 00:59:21.434,22265,6762df,y9d41p,0.7.3,fleet_logger_0_1,575250797,ESP32,esp32_die,on_chip,die_temp,,52.22,degC,OK,,,,,name=classic;source=esp32_die;cal=uncalibrated_board_proxy;api=temperatureRead;config_id=257fa022;transport=wifi_poll,
plants.soil,2026-07-28T05:59:51.758Z,2026-07-28 00:59:51.758,22266,6762df,y9d41p,0.7.3,fleet_logger_0_1,575280041,UMLIFE_v2_TLC555,ch0,origplant,soil_moisture,1534,,,OK,,,983.3,,name=classic;level=well watered;role=disp;spread=18;gpio=36;device_seq=76700;time_source=device_synced;device_timestamp_utc=2026-07-28T05:59:49.290Z;config_id=257fa022;rssi=-59;uptime_s=575280;heap=195616;cal_tier=channel-cal;cal_src=wet_rederive_1236_20260719;pressure_context_source=weather_openmeteo;transport=wifi_poll,
plants.soil,2026-07-28T05:59:51.758Z,2026-07-28 00:59:51.758,22267,6762df,y9d41p,0.7.3,fleet_logger_0_1,575280041,UMLIFE_v2_TLC555,ch1,origplant,soil_moisture,1650,,,OK,,,983.3,,name=classic;level=OK;role=disp;spread=35;gpio=39;device_seq=76701;time_source=device_synced;device_timestamp_utc=2026-07-28T05:59:49.290Z;config_id=257fa022;rssi=-59;uptime_s=575280;heap=195616;cal_tier=channel-cal;cal_src=wet_rederive_1236_20260719;pressure_context_source=weather_openmeteo;transport=wifi_poll,
plants.soil,2026-07-28T05:59:51.758Z,2026-07-28 00:59:51.758,22268,6762df,y9d41p,0.7.3,fleet_logger_0_1,575280041,UMLIFE_v2_TLC555,ch2,origplant,soil_moisture,1333,,,OK,,,983.3,,name=classic;level=overwatered;role=disp;spread=31;gpio=34;device_seq=76702;time_source=device_synced;device_timestamp_utc=2026-07-28T05:59:49.290Z;config_id=257fa022;rssi=-59;uptime_s=575280;heap=195616;cal_tier=channel-cal;cal_src=wet_rederive_1236_20260719;pressure_context_source=weather_openmeteo;transport=wifi_poll,
plants.soil,2026-07-28T05:59:51.758Z,2026-07-28 00:59:51.758,22269,6762df,y9d41p,0.7.3,fleet_logger_0_1,575280041,UMLIFE_v2_TLC555,ch3,origplant,soil_moisture,1413,,,OK,,,983.3,,name=classic;level=well watered;role=disp;spread=24;gpio=35;device_seq=76703;time_source=device_synced;device_timestamp_utc=2026-07-28T05:59:49.290Z;config_id=257fa022;rssi=-59;uptime_s=575280;heap=195616;cal_tier=channel-cal;cal_src=wet_rederive_1236_20260719;pressure_context_source=weather_openmeteo;transport=wifi_poll,
plants.env,2026-07-28T05:59:51.758Z,2026-07-28 00:59:51.758,22270,6762df,y9d41p,0.7.3,fleet_logger_0_1,575280797,ESP32,esp32_die,on_chip,die_temp,,52.22,degC,OK,,,,,name=classic;source=esp32_die;cal=uncalibrated_board_proxy;api=temperatureRead;config_id=257fa022;transport=wifi_poll,
plants.soil,2026-07-28T06:00:22.120Z,2026-07-28 01:00:22.120,22271,6762df,y9d41p,0.7.3,fleet_logger_0_1,575310041,UMLIFE_v2_TLC555,ch0,origplant,soil_moisture,1572,,,OK,,,983.3,,name=classic;level=well watered;role=disp;spread=48;gpio=36;device_seq=76704;time_source=device_synced;device_timestamp_utc=2026-07-28T06:00:19.290Z;config_id=257fa022;rssi=-59;uptime_s=575310;heap=195884;cal_tier=channel-cal;cal_src=wet_rederive_1236_20260719;pressure_context_source=weather_openmeteo;transport=wifi_poll,
plants.soil,2026-07-28T06:00:22.120Z,2026-07-28 01:00:22.120,22272,6762df,y9d41p,0.7.3,fleet_logger_0_1,575310041,UMLIFE_v2_TLC555,ch1,origplant,soil_moisture,1676,,,OK,,,983.3,,name=classic;level=OK;role=disp;spread=38;gpio=39;device_seq=76705;time_source=device_synced;device_timestamp_utc=2026-07-28T06:00:19.290Z;config_id=257fa022;rssi=-59;uptime_s=575310;heap=195884;cal_tier=channel-cal;cal_src=wet_rederive_1236_20260719;pressure_context_source=weather_openmeteo;transport=wifi_poll,
plants.soil,2026-07-28T06:00:22.120Z,2026-07-28 01:00:22.120,22273,6762df,y9d41p,0.7.3,fleet_logger_0_1,575310041,UMLIFE_v2_TLC555,ch2,origplant,soil_moisture,1356,,,OK,,,983.3,,name=classic;level=overwatered;role=disp;spread=18;gpio=34;device_seq=76706;time_source=device_synced;device_timestamp_utc=2026-07-28T06:00:19.290Z;config_id=257fa022;rssi=-59;uptime_s=575310;heap=195884;cal_tier=channel-cal;cal_src=wet_rederive_1236_20260719;pressure_context_source=weather_openmeteo;transport=wifi_poll,
plants.soil,2026-07-28T06:00:22.120Z,2026-07-28 01:00:22.120,22274,6762df,y9d41p,0.7.3,fleet_logger_0_1,575310041,UMLIFE_v2_TLC555,ch3,origplant,soil_moisture,1445,,,OK,,,983.3,,name=classic;level=well watered;role=disp;spread=11;gpio=35;device_seq=76707;time_source=device_synced;device_timestamp_utc=2026-07-28T06:00:19.290Z;config_id=257fa022;rssi=-59;uptime_s=575310;heap=195884;cal_tier=channel-cal;cal_src=wet_rederive_1236_20260719;pressure_context_source=weather_openmeteo;transport=wifi_poll,
plants.env,2026-07-28T06:00:22.120Z,2026-07-28 01:00:22.120,22275,6762df,y9d41p,0.7.3,fleet_logger_0_1,575310797,ESP32,esp32_die,on_chip,die_temp,,52.22,degC,OK,,,,,name=classic;source=esp32_die;cal=uncalibrated_board_proxy;api=temperatureRead;config_id=257fa022;transport=wifi_poll,
plants.soil,2026-07-28T06:00:52.674Z,2026-07-28 01:00:52.674,22276,6762df,y9d41p,0.7.3,fleet_logger_0_1,575340041,UMLIFE_v2_TLC555,ch0,origplant,soil_moisture,1570,,,OK,,,983.3,,name=classic;level=well watered;role=disp;spread=29;gpio=36;device_seq=76708;time_source=device_synced;device_timestamp_utc=2026-07-28T06:00:49.290Z;config_id=257fa022;rssi=-59;uptime_s=575340;heap=195884;cal_tier=channel-cal;cal_src=wet_rederive_1236_20260719;pressure_context_source=weather_openmeteo;transport=wifi_poll,
plants.soil,2026-07-28T06:00:52.674Z,2026-07-28 01:00:52.674,22277,6762df,y9d41p,0.7.3,fleet_logger_0_1,575340041,UMLIFE_v2_TLC555,ch1,origplant,soil_moisture,1684,,,OK,,,983.3,,name=classic;level=OK;role=disp;spread=33;gpio=39;device_seq=76709;time_source=device_synced;device_timestamp_utc=2026-07-28T06:00:49.290Z;config_id=257fa022;rssi=-59;uptime_s=575340;heap=195884;cal_tier=channel-cal;cal_src=wet_rederive_1236_20260719;pressure_context_source=weather_openmeteo;transport=wifi_poll,
plants.soil,2026-07-28T06:00:52.674Z,2026-07-28 01:00:52.674,22278,6762df,y9d41p,0.7.3,fleet_logger_0_1,575340041,UMLIFE_v2_TLC555,ch2,origplant,soil_moisture,1356,,,OK,,,983.3,,name=classic;level=overwatered;role=disp;spread=34;gpio=34;device_seq=76710;time_source=device_synced;device_timestamp_utc=2026-07-28T06:00:49.290Z;config_id=257fa022;rssi=-59;uptime_s=575340;heap=195884;cal_tier=channel-cal;cal_src=wet_rederive_1236_20260719;pressure_context_source=weather_openmeteo;transport=wifi_poll,
plants.soil,2026-07-28T06:00:52.674Z,2026-07-28 01:00:52.674,22279,6762df,y9d41p,0.7.3,fleet_logger_0_1,575340041,UMLIFE_v2_TLC555,ch3,origplant,soil_moisture,1437,,,OK,,,983.3,,name=classic;level=well watered;role=disp;spread=28;gpio=35;device_seq=76711;time_source=device_synced;device_timestamp_utc=2026-07-28T06:00:49.290Z;config_id=257fa022;rssi=-59;uptime_s=575340;heap=195884;cal_tier=channel-cal;cal_src=wet_rederive_1236_20260719;pressure_context_source=weather_openmeteo;transport=wifi_poll,
plants.env,2026-07-28T06:00:52.674Z,2026-07-28 01:00:52.674,22280,6762df,y9d41p,0.7.3,fleet_logger_0_1,575340797,ESP32,esp32_die,on_chip,die_temp,,51.67,degC,OK,,,,,name=classic;source=esp32_die;cal=uncalibrated_board_proxy;api=temperatureRead;config_id=257fa022;transport=wifi_poll,
plants.soil,2026-07-28T06:01:22.883Z,2026-07-28 01:01:22.883,22281,6762df,y9d41p,0.7.3,fleet_logger_0_1,575370041,UMLIFE_v2_TLC555,ch0,origplant,soil_moisture,1567,,,OK,,,983.3,,name=classic;level=well watered;role=disp;spread=24;gpio=36;device_seq=76712;time_source=device_synced;device_timestamp_utc=2026-07-28T06:01:19.290Z;config_id=257fa022;rssi=-58;uptime_s=575370;heap=195876;cal_tier=channel-cal;cal_src=wet_rederive_1236_20260719;pressure_context_source=weather_openmeteo;transport=wifi_poll,
plants.soil,2026-07-28T06:01:22.883Z,2026-07-28 01:01:22.883,22282,6762df,y9d41p,0.7.3,fleet_logger_0_1,575370041,UMLIFE_v2_TLC555,ch1,origplant,soil_moisture,1682,,,OK,,,983.3,,name=classic;level=OK;role=disp;spread=15;gpio=39;device_seq=76713;time_source=device_synced;device_timestamp_utc=2026-07-28T06:01:19.290Z;config_id=257fa022;rssi=-58;uptime_s=575370;heap=195876;cal_tier=channel-cal;cal_src=wet_rederive_1236_20260719;pressure_context_source=weather_openmeteo;transport=wifi_poll,
plants.soil,2026-07-28T06:01:22.883Z,2026-07-28 01:01:22.883,22283,6762df,y9d41p,0.7.3,fleet_logger_0_1,575370041,UMLIFE_v2_TLC555,ch2,origplant,soil_moisture,1361,,,OK,,,983.3,,name=classic;level=overwatered;role=disp;spread=26;gpio=34;device_seq=76714;time_source=device_synced;device_timestamp_utc=2026-07-28T06:01:19.290Z;config_id=257fa022;rssi=-58;uptime_s=575370;heap=195876;cal_tier=channel-cal;cal_src=wet_rederive_1236_20260719;pressure_context_source=weather_openmeteo;transport=wifi_poll,
plants.soil,2026-07-28T06:01:22.883Z,2026-07-28 01:01:22.883,22284,6762df,y9d41p,0.7.3,fleet_logger_0_1,575370041,UMLIFE_v2_TLC555,ch3,origplant,soil_moisture,1443,,,OK,,,983.3,,name=classic;level=well watered;role=disp;spread=39;gpio=35;device_seq=76715;time_source=device_synced;device_timestamp_utc=2026-07-28T06:01:19.290Z;config_id=257fa022;rssi=-58;uptime_s=575370;heap=195876;cal_tier=channel-cal;cal_src=wet_rederive_1236_20260719;pressure_context_source=weather_openmeteo;transport=wifi_poll,
plants.env,2026-07-28T06:01:22.883Z,2026-07-28 01:01:22.883,22285,6762df,y9d41p,0.7.3,fleet_logger_0_1,575370796,ESP32,esp32_die,on_chip,die_temp,,51.67,degC,OK,,,,,name=classic;source=esp32_die;cal=uncalibrated_board_proxy;api=temperatureRead;config_id=257fa022;transport=wifi_poll,
plants.soil,2026-07-28T06:01:53.262Z,2026-07-28 01:01:53.262,22286,6762df,y9d41p,0.7.3,fleet_logger_0_1,575400041,UMLIFE_v2_TLC555,ch0,origplant,soil_moisture,1568,,,OK,,,983.3,,name=classic;level=well watered;role=disp;spread=47;gpio=36;device_seq=76716;time_source=device_synced;device_timestamp_utc=2026-07-28T06:01:49.290Z;config_id=257fa022;rssi=-59;uptime_s=575400;heap=195840;cal_tier=channel-cal;cal_src=wet_rederive_1236_20260719;pressure_context_source=weather_openmeteo;transport=wifi_poll,
plants.soil,2026-07-28T06:01:53.262Z,2026-07-28 01:01:53.262,22287,6762df,y9d41p,0.7.3,fleet_logger_0_1,575400041,UMLIFE_v2_TLC555,ch1,origplant,soil_moisture,1682,,,OK,,,983.3,,name=classic;level=OK;role=disp;spread=28;gpio=39;device_seq=76717;time_source=device_synced;device_timestamp_utc=2026-07-28T06:01:49.290Z;config_id=257fa022;rssi=-59;uptime_s=575400;heap=195840;cal_tier=channel-cal;cal_src=wet_rederive_1236_20260719;pressure_context_source=weather_openmeteo;transport=wifi_poll,
plants.soil,2026-07-28T06:01:53.262Z,2026-07-28 01:01:53.262,22288,6762df,y9d41p,0.7.3,fleet_logger_0_1,575400041,UMLIFE_v2_TLC555,ch2,origplant,soil_moisture,1356,,,OK,,,983.3,,name=classic;level=overwatered;role=disp;spread=33;gpio=34;device_seq=76718;time_source=device_synced;device_timestamp_utc=2026-07-28T06:01:49.290Z;config_id=257fa022;rssi=-59;uptime_s=575400;heap=195840;cal_tier=channel-cal;cal_src=wet_rederive_1236_20260719;pressure_context_source=weather_openmeteo;transport=wifi_poll,
plants.soil,2026-07-28T06:01:53.262Z,2026-07-28 01:01:53.262,22289,6762df,y9d41p,0.7.3,fleet_logger_0_1,575400041,UMLIFE_v2_TLC555,ch3,origplant,soil_moisture,1436,,,OK,,,983.3,,name=classic;level=well watered;role=disp;spread=33;gpio=35;device_seq=76719;time_source=device_synced;device_timestamp_utc=2026-07-28T06:01:49.290Z;config_id=257fa022;rssi=-59;uptime_s=575400;heap=195840;cal_tier=channel-cal;cal_src=wet_rederive_1236_20260719;pressure_context_source=weather_openmeteo;transport=wifi_poll,
plants.env,2026-07-28T06:01:53.262Z,2026-07-28 01:01:53.262,22290,6762df,y9d41p,0.7.3,fleet_logger_0_1,575401863,ESP32,esp32_die,on_chip,die_temp,,51.67,degC,OK,,,,,name=classic;source=esp32_die;cal=uncalibrated_board_proxy;api=temperatureRead;config_id=257fa022;transport=wifi_poll,
plants.soil,2026-07-28T06:02:23.641Z,2026-07-28 01:02:23.641,22291,6762df,y9d41p,0.7.3,fleet_logger_0_1,575430041,UMLIFE_v2_TLC555,ch0,origplant,soil_moisture,1571,,,OK,,,983.3,,name=classic;level=well watered;role=disp;spread=47;gpio=36;device_seq=76720;time_source=device_synced;device_timestamp_utc=2026-07-28T06:02:19.290Z;config_id=257fa022;rssi=-59;uptime_s=575430;heap=195616;cal_tier=channel-cal;cal_src=wet_rederive_1236_20260719;pressure_context_source=weather_openmeteo;transport=wifi_poll,
plants.soil,2026-07-28T06:02:23.641Z,2026-07-28 01:02:23.641,22292,6762df,y9d41p,0.7.3,fleet_logger_0_1,575430041,UMLIFE_v2_TLC555,ch1,origplant,soil_moisture,1678,,,OK,,,983.3,,name=classic;level=OK;role=disp;spread=34;gpio=39;device_seq=76721;time_source=device_synced;device_timestamp_utc=2026-07-28T06:02:19.290Z;config_id=257fa022;rssi=-59;uptime_s=575430;heap=195616;cal_tier=channel-cal;cal_src=wet_rederive_1236_20260719;pressure_context_source=weather_openmeteo;transport=wifi_poll,
plants.soil,2026-07-28T06:02:23.641Z,2026-07-28 01:02:23.641,22293,6762df,y9d41p,0.7.3,fleet_logger_0_1,575430041,UMLIFE_v2_TLC555,ch2,origplant,soil_moisture,1357,,,OK,,,983.3,,name=classic;level=overwatered;role=disp;spread=25;gpio=34;device_seq=76722;time_source=device_synced;device_timestamp_utc=2026-07-28T06:02:19.290Z;config_id=257fa022;rssi=-59;uptime_s=575430;heap=195616;cal_tier=channel-cal;cal_src=wet_rederive_1236_20260719;pressure_context_source=weather_openmeteo;transport=wifi_poll,
plants.soil,2026-07-28T06:02:23.641Z,2026-07-28 01:02:23.641,22294,6762df,y9d41p,0.7.3,fleet_logger_0_1,575430041,UMLIFE_v2_TLC555,ch3,origplant,soil_moisture,1440,,,OK,,,983.3,,name=classic;level=well watered;role=disp;spread=20;gpio=35;device_seq=76723;time_source=device_synced;device_timestamp_utc=2026-07-28T06:02:19.290Z;config_id=257fa022;rssi=-59;uptime_s=575430;heap=195616;cal_tier=channel-cal;cal_src=wet_rederive_1236_20260719;pressure_context_source=weather_openmeteo;transport=wifi_poll,
plants.env,2026-07-28T06:02:23.641Z,2026-07-28 01:02:23.641,22295,6762df,y9d41p,0.7.3,fleet_logger_0_1,575430797,ESP32,esp32_die,on_chip,die_temp,,52.22,degC,OK,,,,,name=classic;source=esp32_die;cal=uncalibrated_board_proxy;api=temperatureRead;config_id=257fa022;transport=wifi_poll,
plants.soil,2026-07-28T06:02:53.982Z,2026-07-28 01:02:53.982,22296,6762df,y9d41p,0.7.3,fleet_logger_0_1,575460041,UMLIFE_v2_TLC555,ch0,origplant,soil_moisture,1571,,,OK,,,983.3,,name=classic;level=well watered;role=disp;spread=28;gpio=36;device_seq=76724;time_source=device_synced;device_timestamp_utc=2026-07-28T06:02:49.290Z;config_id=257fa022;rssi=-59;uptime_s=575460;heap=195624;cal_tier=channel-cal;cal_src=wet_rederive_1236_20260719;pressure_context_source=weather_openmeteo;transport=wifi_poll,
plants.soil,2026-07-28T06:02:53.982Z,2026-07-28 01:02:53.982,22297,6762df,y9d41p,0.7.3,fleet_logger_0_1,575460041,UMLIFE_v2_TLC555,ch1,origplant,soil_moisture,1682,,,OK,,,983.3,,name=classic;level=OK;role=disp;spread=46;gpio=39;device_seq=76725;time_source=device_synced;device_timestamp_utc=2026-07-28T06:02:49.290Z;config_id=257fa022;rssi=-59;uptime_s=575460;heap=195624;cal_tier=channel-cal;cal_src=wet_rederive_1236_20260719;pressure_context_source=weather_openmeteo;transport=wifi_poll,
plants.soil,2026-07-28T06:02:53.982Z,2026-07-28 01:02:53.982,22298,6762df,y9d41p,0.7.3,fleet_logger_0_1,575460041,UMLIFE_v2_TLC555,ch2,origplant,soil_moisture,1359,,,OK,,,983.3,,name=classic;level=overwatered;role=disp;spread=35;gpio=34;device_seq=76726;time_source=device_synced;device_timestamp_utc=2026-07-28T06:02:49.290Z;config_id=257fa022;rssi=-59;uptime_s=575460;heap=195624;cal_tier=channel-cal;cal_src=wet_rederive_1236_20260719;pressure_context_source=weather_openmeteo;transport=wifi_poll,
plants.soil,2026-07-28T06:02:53.982Z,2026-07-28 01:02:53.982,22299,6762df,y9d41p,0.7.3,fleet_logger_0_1,575460041,UMLIFE_v2_TLC555,ch3,origplant,soil_moisture,1437,,,OK,,,983.3,,name=classic;level=well watered;role=disp;spread=13;gpio=35;device_seq=76727;time_source=device_synced;device_timestamp_utc=2026-07-28T06:02:49.290Z;config_id=257fa022;rssi=-59;uptime_s=575460;heap=195624;cal_tier=channel-cal;cal_src=wet_rederive_1236_20260719;pressure_context_source=weather_openmeteo;transport=wifi_poll,
plants.env,2026-07-28T06:02:53.982Z,2026-07-28 01:02:53.982,22300,6762df,y9d41p,0.7.3,fleet_logger_0_1,575460797,ESP32,esp32_die,on_chip,die_temp,,52.22,degC,OK,,,,,name=classic;source=esp32_die;cal=uncalibrated_board_proxy;api=temperatureRead;config_id=257fa022;transport=wifi_poll,
plants.soil,2026-07-28T06:03:24.138Z,2026-07-28 01:03:24.138,22301,6762df,y9d41p,0.7.3,fleet_logger_0_1,575490041,UMLIFE_v2_TLC555,ch0,origplant,soil_moisture,1569,,,OK,,,983.3,,name=classic;level=well watered;role=disp;spread=24;gpio=36;device_seq=76728;time_source=device_synced;device_timestamp_utc=2026-07-28T06:03:19.290Z;config_id=257fa022;rssi=-59;uptime_s=575490;heap=195884;cal_tier=channel-cal;cal_src=wet_rederive_1236_20260719;pressure_context_source=weather_openmeteo;transport=wifi_poll,
plants.soil,2026-07-28T06:03:24.138Z,2026-07-28 01:03:24.138,22302,6762df,y9d41p,0.7.3,fleet_logger_0_1,575490041,UMLIFE_v2_TLC555,ch1,origplant,soil_moisture,1681,,,OK,,,983.3,,name=classic;level=OK;role=disp;spread=31;gpio=39;device_seq=76729;time_source=device_synced;device_timestamp_utc=2026-07-28T06:03:19.290Z;config_id=257fa022;rssi=-59;uptime_s=575490;heap=195884;cal_tier=channel-cal;cal_src=wet_rederive_1236_20260719;pressure_context_source=weather_openmeteo;transport=wifi_poll,
plants.soil,2026-07-28T06:03:24.138Z,2026-07-28 01:03:24.138,22303,6762df,y9d41p,0.7.3,fleet_logger_0_1,575490041,UMLIFE_v2_TLC555,ch2,origplant,soil_moisture,1358,,,OK,,,983.3,,name=classic;level=overwatered;role=disp;spread=32;gpio=34;device_seq=76730;time_source=device_synced;device_timestamp_utc=2026-07-28T06:03:19.290Z;config_id=257fa022;rssi=-59;uptime_s=575490;heap=195884;cal_tier=channel-cal;cal_src=wet_rederive_1236_20260719;pressure_context_source=weather_openmeteo;transport=wifi_poll,
plants.soil,2026-07-28T06:03:24.138Z,2026-07-28 01:03:24.138,22304,6762df,y9d41p,0.7.3,fleet_logger_0_1,575490041,UMLIFE_v2_TLC555,ch3,origplant,soil_moisture,1438,,,OK,,,983.3,,name=classic;level=well watered;role=disp;spread=15;gpio=35;device_seq=76731;time_source=device_synced;device_timestamp_utc=2026-07-28T06:03:19.290Z;config_id=257fa022;rssi=-59;uptime_s=575490;heap=195884;cal_tier=channel-cal;cal_src=wet_rederive_1236_20260719;pressure_context_source=weather_openmeteo;transport=wifi_poll,
plants.env,2026-07-28T06:03:24.138Z,2026-07-28 01:03:24.138,22305,6762df,y9d41p,0.7.3,fleet_logger_0_1,575490797,ESP32,esp32_die,on_chip,die_temp,,52.22,degC,OK,,,,,name=classic;source=esp32_die;cal=uncalibrated_board_proxy;api=temperatureRead;config_id=257fa022;transport=wifi_poll,
plants.soil,2026-07-28T06:03:54.605Z,2026-07-28 01:03:54.605,22306,6762df,y9d41p,0.7.3,fleet_logger_0_1,575520041,UMLIFE_v2_TLC555,ch0,origplant,soil_moisture,1569,,,OK,,,983.3,,name=classic;level=well watered;role=disp;spread=18;gpio=36;device_seq=76732;time_source=device_synced;device_timestamp_utc=2026-07-28T06:03:49.290Z;config_id=257fa022;rssi=-60;uptime_s=575520;heap=195884;cal_tier=channel-cal;cal_src=wet_rederive_1236_20260719;pressure_context_source=weather_openmeteo;transport=wifi_poll,
plants.soil,2026-07-28T06:03:54.605Z,2026-07-28 01:03:54.605,22307,6762df,y9d41p,0.7.3,fleet_logger_0_1,575520041,UMLIFE_v2_TLC555,ch1,origplant,soil_moisture,1685,,,OK,,,983.3,,name=classic;level=OK;role=disp;spread=52;gpio=39;device_seq=76733;time_source=device_synced;device_timestamp_utc=2026-07-28T06:03:49.290Z;config_id=257fa022;rssi=-60;uptime_s=575520;heap=195884;cal_tier=channel-cal;cal_src=wet_rederive_1236_20260719;pressure_context_source=weather_openmeteo;transport=wifi_poll,
plants.soil,2026-07-28T06:03:54.605Z,2026-07-28 01:03:54.605,22308,6762df,y9d41p,0.7.3,fleet_logger_0_1,575520041,UMLIFE_v2_TLC555,ch2,origplant,soil_moisture,1356,,,OK,,,983.3,,name=classic;level=overwatered;role=disp;spread=42;gpio=34;device_seq=76734;time_source=device_synced;device_timestamp_utc=2026-07-28T06:03:49.290Z;config_id=257fa022;rssi=-60;uptime_s=575520;heap=195884;cal_tier=channel-cal;cal_src=wet_rederive_1236_20260719;pressure_context_source=weather_openmeteo;transport=wifi_poll,
plants.soil,2026-07-28T06:03:54.605Z,2026-07-28 01:03:54.605,22309,6762df,y9d41p,0.7.3,fleet_logger_0_1,575520041,UMLIFE_v2_TLC555,ch3,origplant,soil_moisture,1435,,,OK,,,983.3,,name=classic;level=well watered;role=disp;spread=30;gpio=35;device_seq=76735;time_source=device_synced;device_timestamp_utc=2026-07-28T06:03:49.290Z;config_id=257fa022;rssi=-60;uptime_s=575520;heap=195884;cal_tier=channel-cal;cal_src=wet_rederive_1236_20260719;pressure_context_source=weather_openmeteo;transport=wifi_poll,
plants.env,2026-07-28T06:03:54.605Z,2026-07-28 01:03:54.605,22310,6762df,y9d41p,0.7.3,fleet_logger_0_1,575520797,ESP32,esp32_die,on_chip,die_temp,,51.67,degC,OK,,,,,name=classic;source=esp32_die;cal=uncalibrated_board_proxy;api=temperatureRead;config_id=257fa022;transport=wifi_poll,
plants.soil,2026-07-28T06:04:24.840Z,2026-07-28 01:04:24.840,22311,6762df,y9d41p,0.7.3,fleet_logger_0_1,575550041,UMLIFE_v2_TLC555,ch0,origplant,soil_moisture,1564,,,OK,,,983.3,,name=classic;level=well watered;role=disp;spread=18;gpio=36;device_seq=76736;time_source=device_synced;device_timestamp_utc=2026-07-28T06:04:19.290Z;config_id=257fa022;rssi=-59;uptime_s=575550;heap=195884;cal_tier=channel-cal;cal_src=wet_rederive_1236_20260719;pressure_context_source=weather_openmeteo;transport=wifi_poll,
plants.soil,2026-07-28T06:04:24.840Z,2026-07-28 01:04:24.840,22312,6762df,y9d41p,0.7.3,fleet_logger_0_1,575550041,UMLIFE_v2_TLC555,ch1,origplant,soil_moisture,1681,,,OK,,,983.3,,name=classic;level=OK;role=disp;spread=27;gpio=39;device_seq=76737;time_source=device_synced;device_timestamp_utc=2026-07-28T06:04:19.290Z;config_id=257fa022;rssi=-59;uptime_s=575550;heap=195884;cal_tier=channel-cal;cal_src=wet_rederive_1236_20260719;pressure_context_source=weather_openmeteo;transport=wifi_poll,
plants.soil,2026-07-28T06:04:24.840Z,2026-07-28 01:04:24.840,22313,6762df,y9d41p,0.7.3,fleet_logger_0_1,575550041,UMLIFE_v2_TLC555,ch2,origplant,soil_moisture,1359,,,OK,,,983.3,,name=classic;level=overwatered;role=disp;spread=37;gpio=34;device_seq=76738;time_source=device_synced;device_timestamp_utc=2026-07-28T06:04:19.290Z;config_id=257fa022;rssi=-59;uptime_s=575550;heap=195884;cal_tier=channel-cal;cal_src=wet_rederive_1236_20260719;pressure_context_source=weather_openmeteo;transport=wifi_poll,
plants.soil,2026-07-28T06:04:24.840Z,2026-07-28 01:04:24.840,22314,6762df,y9d41p,0.7.3,fleet_logger_0_1,575550041,UMLIFE_v2_TLC555,ch3,origplant,soil_moisture,1437,,,OK,,,983.3,,name=classic;level=well watered;role=disp;spread=32;gpio=35;device_seq=76739;time_source=device_synced;device_timestamp_utc=2026-07-28T06:04:19.290Z;config_id=257fa022;rssi=-59;uptime_s=575550;heap=195884;cal_tier=channel-cal;cal_src=wet_rederive_1236_20260719;pressure_context_source=weather_openmeteo;transport=wifi_poll,
plants.env,2026-07-28T06:04:24.840Z,2026-07-28 01:04:24.840,22315,6762df,y9d41p,0.7.3,fleet_logger_0_1,575550797,ESP32,esp32_die,on_chip,die_temp,,52.22,degC,OK,,,,,name=classic;source=esp32_die;cal=uncalibrated_board_proxy;api=temperatureRead;config_id=257fa022;transport=wifi_poll,
plants.soil,2026-07-28T06:04:55.172Z,2026-07-28 01:04:55.172,22316,6762df,y9d41p,0.7.3,fleet_logger_0_1,575580041,UMLIFE_v2_TLC555,ch0,origplant,soil_moisture,1568,,,OK,,,983.3,,name=classic;level=well watered;role=disp;spread=25;gpio=36;device_seq=76740;time_source=device_synced;device_timestamp_utc=2026-07-28T06:04:49.290Z;config_id=257fa022;rssi=-60;uptime_s=575580;heap=195796;cal_tier=channel-cal;cal_src=wet_rederive_1236_20260719;pressure_context_source=weather_openmeteo;transport=wifi_poll,
plants.soil,2026-07-28T06:04:55.172Z,2026-07-28 01:04:55.172,22317,6762df,y9d41p,0.7.3,fleet_logger_0_1,575580041,UMLIFE_v2_TLC555,ch1,origplant,soil_moisture,1679,,,OK,,,983.3,,name=classic;level=OK;role=disp;spread=43;gpio=39;device_seq=76741;time_source=device_synced;device_timestamp_utc=2026-07-28T06:04:49.290Z;config_id=257fa022;rssi=-60;uptime_s=575580;heap=195796;cal_tier=channel-cal;cal_src=wet_rederive_1236_20260719;pressure_context_source=weather_openmeteo;transport=wifi_poll,
plants.soil,2026-07-28T06:04:55.172Z,2026-07-28 01:04:55.172,22318,6762df,y9d41p,0.7.3,fleet_logger_0_1,575580041,UMLIFE_v2_TLC555,ch2,origplant,soil_moisture,1364,,,OK,,,983.3,,name=classic;level=overwatered;role=disp;spread=42;gpio=34;device_seq=76742;time_source=device_synced;device_timestamp_utc=2026-07-28T06:04:49.290Z;config_id=257fa022;rssi=-60;uptime_s=575580;heap=195796;cal_tier=channel-cal;cal_src=wet_rederive_1236_20260719;pressure_context_source=weather_openmeteo;transport=wifi_poll,
plants.soil,2026-07-28T06:04:55.172Z,2026-07-28 01:04:55.172,22319,6762df,y9d41p,0.7.3,fleet_logger_0_1,575580041,UMLIFE_v2_TLC555,ch3,origplant,soil_moisture,1439,,,OK,,,983.3,,name=classic;level=well watered;role=disp;spread=21;gpio=35;device_seq=76743;time_source=device_synced;device_timestamp_utc=2026-07-28T06:04:49.290Z;config_id=257fa022;rssi=-60;uptime_s=575580;heap=195796;cal_tier=channel-cal;cal_src=wet_rederive_1236_20260719;pressure_context_source=weather_openmeteo;transport=wifi_poll,
plants.env,2026-07-28T06:04:55.172Z,2026-07-28 01:04:55.172,22320,6762df,y9d41p,0.7.3,fleet_logger_0_1,575580796,ESP32,esp32_die,on_chip,die_temp,,52.22,degC,OK,,,,,name=classic;source=esp32_die;cal=uncalibrated_board_proxy;api=temperatureRead;config_id=257fa022;transport=wifi_poll,
plants.soil,2026-07-28T06:05:25.378Z,2026-07-28 01:05:25.378,22321,6762df,y9d41p,0.7.3,fleet_logger_0_1,575610041,UMLIFE_v2_TLC555,ch0,origplant,soil_moisture,1560,,,OK,,,983.3,,name=classic;level=well watered;role=disp;spread=48;gpio=36;device_seq=76744;time_source=device_synced;device_timestamp_utc=2026-07-28T06:05:19.290Z;config_id=257fa022;rssi=-59;uptime_s=575610;heap=195628;cal_tier=channel-cal;cal_src=wet_rederive_1236_20260719;pressure_context_source=weather_openmeteo;transport=wifi_poll,
plants.soil,2026-07-28T06:05:25.378Z,2026-07-28 01:05:25.378,22322,6762df,y9d41p,0.7.3,fleet_logger_0_1,575610041,UMLIFE_v2_TLC555,ch1,origplant,soil_moisture,1679,,,OK,,,983.3,,name=classic;level=OK;role=disp;spread=45;gpio=39;device_seq=76745;time_source=device_synced;device_timestamp_utc=2026-07-28T06:05:19.290Z;config_id=257fa022;rssi=-59;uptime_s=575610;heap=195628;cal_tier=channel-cal;cal_src=wet_rederive_1236_20260719;pressure_context_source=weather_openmeteo;transport=wifi_poll,
plants.soil,2026-07-28T06:05:25.378Z,2026-07-28 01:05:25.378,22323,6762df,y9d41p,0.7.3,fleet_logger_0_1,575610041,UMLIFE_v2_TLC555,ch2,origplant,soil_moisture,1354,,,OK,,,983.3,,name=classic;level=overwatered;role=disp;spread=46;gpio=34;device_seq=76746;time_source=device_synced;device_timestamp_utc=2026-07-28T06:05:19.290Z;config_id=257fa022;rssi=-59;uptime_s=575610;heap=195628;cal_tier=channel-cal;cal_src=wet_rederive_1236_20260719;pressure_context_source=weather_openmeteo;transport=wifi_poll,
plants.soil,2026-07-28T06:05:25.378Z,2026-07-28 01:05:25.378,22324,6762df,y9d41p,0.7.3,fleet_logger_0_1,575610041,UMLIFE_v2_TLC555,ch3,origplant,soil_moisture,1439,,,OK,,,983.3,,name=classic;level=well watered;role=disp;spread=16;gpio=35;device_seq=76747;time_source=device_synced;device_timestamp_utc=2026-07-28T06:05:19.290Z;config_id=257fa022;rssi=-59;uptime_s=575610;heap=195628;cal_tier=channel-cal;cal_src=wet_rederive_1236_20260719;pressure_context_source=weather_openmeteo;transport=wifi_poll,
plants.env,2026-07-28T06:05:25.378Z,2026-07-28 01:05:25.378,22325,6762df,y9d41p,0.7.3,fleet_logger_0_1,575610797,ESP32,esp32_die,on_chip,die_temp,,52.22,degC,OK,,,,,name=classic;source=esp32_die;cal=uncalibrated_board_proxy;api=temperatureRead;config_id=257fa022;transport=wifi_poll,
plants.soil,2026-07-28T06:05:55.739Z,2026-07-28 01:05:55.739,22326,6762df,y9d41p,0.7.3,fleet_logger_0_1,575640041,UMLIFE_v2_TLC555,ch0,origplant,soil_moisture,1559,,,OK,,,983.3,,name=classic;level=well watered;role=disp;spread=21;gpio=36;device_seq=76748;time_source=device_synced;device_timestamp_utc=2026-07-28T06:05:49.290Z;config_id=257fa022;rssi=-59;uptime_s=575640;heap=195636;cal_tier=channel-cal;cal_src=wet_rederive_1236_20260719;pressure_context_source=weather_openmeteo;transport=wifi_poll,
plants.soil,2026-07-28T06:05:55.739Z,2026-07-28 01:05:55.739,22327,6762df,y9d41p,0.7.3,fleet_logger_0_1,575640041,UMLIFE_v2_TLC555,ch1,origplant,soil_moisture,1679,,,OK,,,983.3,,name=classic;level=OK;role=disp;spread=22;gpio=39;device_seq=76749;time_source=device_synced;device_timestamp_utc=2026-07-28T06:05:49.290Z;config_id=257fa022;rssi=-59;uptime_s=575640;heap=195636;cal_tier=channel-cal;cal_src=wet_rederive_1236_20260719;pressure_context_source=weather_openmeteo;transport=wifi_poll,
plants.soil,2026-07-28T06:05:55.739Z,2026-07-28 01:05:55.739,22328,6762df,y9d41p,0.7.3,fleet_logger_0_1,575640041,UMLIFE_v2_TLC555,ch2,origplant,soil_moisture,1357,,,OK,,,983.3,,name=classic;level=overwatered;role=disp;spread=24;gpio=34;device_seq=76750;time_source=device_synced;device_timestamp_utc=2026-07-28T06:05:49.290Z;config_id=257fa022;rssi=-59;uptime_s=575640;heap=195636;cal_tier=channel-cal;cal_src=wet_rederive_1236_20260719;pressure_context_source=weather_openmeteo;transport=wifi_poll,
plants.soil,2026-07-28T06:05:55.739Z,2026-07-28 01:05:55.739,22329,6762df,y9d41p,0.7.3,fleet_logger_0_1,575640041,UMLIFE_v2_TLC555,ch3,origplant,soil_moisture,1434,,,OK,,,983.3,,name=classic;level=well watered;role=disp;spread=28;gpio=35;device_seq=76751;time_source=device_synced;device_timestamp_utc=2026-07-28T06:05:49.290Z;config_id=257fa022;rssi=-59;uptime_s=575640;heap=195636;cal_tier=channel-cal;cal_src=wet_rederive_1236_20260719;pressure_context_source=weather_openmeteo;transport=wifi_poll,
plants.env,2026-07-28T06:05:55.739Z,2026-07-28 01:05:55.739,22330,6762df,y9d41p,0.7.3,fleet_logger_0_1,575640796,ESP32,esp32_die,on_chip,die_temp,,52.22,degC,OK,,,,,name=classic;source=esp32_die;cal=uncalibrated_board_proxy;api=temperatureRead;config_id=257fa022;transport=wifi_poll,
plants.soil,2026-07-28T06:06:26.050Z,2026-07-28 01:06:26.050,22331,6762df,y9d41p,0.7.3,fleet_logger_0_1,575670041,UMLIFE_v2_TLC555,ch0,origplant,soil_moisture,1558,,,OK,,,983.3,,name=classic;level=well watered;role=disp;spread=56;gpio=36;device_seq=76752;time_source=device_synced;device_timestamp_utc=2026-07-28T06:06:19.290Z;config_id=257fa022;rssi=-60;uptime_s=575670;heap=195884;cal_tier=channel-cal;cal_src=wet_rederive_1236_20260719;pressure_context_source=weather_openmeteo;transport=wifi_poll,
plants.soil,2026-07-28T06:06:26.050Z,2026-07-28 01:06:26.050,22332,6762df,y9d41p,0.7.3,fleet_logger_0_1,575670041,UMLIFE_v2_TLC555,ch1,origplant,soil_moisture,1676,,,OK,,,983.3,,name=classic;level=OK;role=disp;spread=20;gpio=39;device_seq=76753;time_source=device_synced;device_timestamp_utc=2026-07-28T06:06:19.290Z;config_id=257fa022;rssi=-60;uptime_s=575670;heap=195884;cal_tier=channel-cal;cal_src=wet_rederive_1236_20260719;pressure_context_source=weather_openmeteo;transport=wifi_poll,
plants.soil,2026-07-28T06:06:26.050Z,2026-07-28 01:06:26.050,22333,6762df,y9d41p,0.7.3,fleet_logger_0_1,575670041,UMLIFE_v2_TLC555,ch2,origplant,soil_moisture,1361,,,OK,,,983.3,,name=classic;level=overwatered;role=disp;spread=28;gpio=34;device_seq=76754;time_source=device_synced;device_timestamp_utc=2026-07-28T06:06:19.290Z;config_id=257fa022;rssi=-60;uptime_s=575670;heap=195884;cal_tier=channel-cal;cal_src=wet_rederive_1236_20260719;pressure_context_source=weather_openmeteo;transport=wifi_poll,
plants.soil,2026-07-28T06:06:26.050Z,2026-07-28 01:06:26.050,22334,6762df,y9d41p,0.7.3,fleet_logger_0_1,575670041,UMLIFE_v2_TLC555,ch3,origplant,soil_moisture,1438,,,OK,,,983.3,,name=classic;level=well watered;role=disp;spread=15;gpio=35;device_seq=76755;time_source=device_synced;device_timestamp_utc=2026-07-28T06:06:19.290Z;config_id=257fa022;rssi=-60;uptime_s=575670;heap=195884;cal_tier=channel-cal;cal_src=wet_rederive_1236_20260719;pressure_context_source=weather_openmeteo;transport=wifi_poll,
plants.env,2026-07-28T06:06:26.050Z,2026-07-28 01:06:26.050,22335,6762df,y9d41p,0.7.3,fleet_logger_0_1,575670796,ESP32,esp32_die,on_chip,die_temp,,52.22,degC,OK,,,,,name=classic;source=esp32_die;cal=uncalibrated_board_proxy;api=temperatureRead;config_id=257fa022;transport=wifi_poll,
plants.soil,2026-07-28T06:06:56.361Z,2026-07-28 01:06:56.361,22336,6762df,y9d41p,0.7.3,fleet_logger_0_1,575700041,UMLIFE_v2_TLC555,ch0,origplant,soil_moisture,1560,,,OK,,,983.3,,name=classic;level=well watered;role=disp;spread=43;gpio=36;device_seq=76756;time_source=device_synced;device_timestamp_utc=2026-07-28T06:06:49.290Z;config_id=257fa022;rssi=-60;uptime_s=575700;heap=195884;cal_tier=channel-cal;cal_src=wet_rederive_1236_20260719;pressure_context_source=weather_openmeteo;transport=wifi_poll,
plants.soil,2026-07-28T06:06:56.361Z,2026-07-28 01:06:56.361,22337,6762df,y9d41p,0.7.3,fleet_logger_0_1,575700041,UMLIFE_v2_TLC555,ch1,origplant,soil_moisture,1678,,,OK,,,983.3,,name=classic;level=OK;role=disp;spread=27;gpio=39;device_seq=76757;time_source=device_synced;device_timestamp_utc=2026-07-28T06:06:49.290Z;config_id=257fa022;rssi=-60;uptime_s=575700;heap=195884;cal_tier=channel-cal;cal_src=wet_rederive_1236_20260719;pressure_context_source=weather_openmeteo;transport=wifi_poll,
plants.soil,2026-07-28T06:06:56.361Z,2026-07-28 01:06:56.361,22338,6762df,y9d41p,0.7.3,fleet_logger_0_1,575700041,UMLIFE_v2_TLC555,ch2,origplant,soil_moisture,1355,,,OK,,,983.3,,name=classic;level=overwatered;role=disp;spread=27;gpio=34;device_seq=76758;time_source=device_synced;device_timestamp_utc=2026-07-28T06:06:49.290Z;config_id=257fa022;rssi=-60;uptime_s=575700;heap=195884;cal_tier=channel-cal;cal_src=wet_rederive_1236_20260719;pressure_context_source=weather_openmeteo;transport=wifi_poll,
plants.soil,2026-07-28T06:06:56.361Z,2026-07-28 01:06:56.361,22339,6762df,y9d41p,0.7.3,fleet_logger_0_1,575700041,UMLIFE_v2_TLC555,ch3,origplant,soil_moisture,1442,,,OK,,,983.3,,name=classic;level=well watered;role=disp;spread=28;gpio=35;device_seq=76759;time_source=device_synced;device_timestamp_utc=2026-07-28T06:06:49.290Z;config_id=257fa022;rssi=-60;uptime_s=575700;heap=195884;cal_tier=channel-cal;cal_src=wet_rederive_1236_20260719;pressure_context_source=weather_openmeteo;transport=wifi_poll,
plants.env,2026-07-28T06:06:56.361Z,2026-07-28 01:06:56.361,22340,6762df,y9d41p,0.7.3,fleet_logger_0_1,575700796,ESP32,esp32_die,on_chip,die_temp,,52.22,degC,OK,,,,,name=classic;source=esp32_die;cal=uncalibrated_board_proxy;api=temperatureRead;config_id=257fa022;transport=wifi_poll,
plants.soil,2026-07-28T06:07:26.788Z,2026-07-28 01:07:26.788,22341,6762df,y9d41p,0.7.3,fleet_logger_0_1,575730041,UMLIFE_v2_TLC555,ch0,origplant,soil_moisture,1561,,,OK,,,983.3,,name=classic;level=well watered;role=disp;spread=42;gpio=36;device_seq=76760;time_source=device_synced;device_timestamp_utc=2026-07-28T06:07:19.290Z;config_id=257fa022;rssi=-60;uptime_s=575730;heap=195896;cal_tier=channel-cal;cal_src=wet_rederive_1236_20260719;pressure_context_source=weather_openmeteo;transport=wifi_poll,
plants.soil,2026-07-28T06:07:26.788Z,2026-07-28 01:07:26.788,22342,6762df,y9d41p,0.7.3,fleet_logger_0_1,575730041,UMLIFE_v2_TLC555,ch1,origplant,soil_moisture,1679,,,OK,,,983.3,,name=classic;level=OK;role=disp;spread=62;gpio=39;device_seq=76761;time_source=device_synced;device_timestamp_utc=2026-07-28T06:07:19.290Z;config_id=257fa022;rssi=-60;uptime_s=575730;heap=195896;cal_tier=channel-cal;cal_src=wet_rederive_1236_20260719;pressure_context_source=weather_openmeteo;transport=wifi_poll,
plants.soil,2026-07-28T06:07:26.788Z,2026-07-28 01:07:26.788,22343,6762df,y9d41p,0.7.3,fleet_logger_0_1,575730041,UMLIFE_v2_TLC555,ch2,origplant,soil_moisture,1359,,,OK,,,983.3,,name=classic;level=overwatered;role=disp;spread=18;gpio=34;device_seq=76762;time_source=device_synced;device_timestamp_utc=2026-07-28T06:07:19.290Z;config_id=257fa022;rssi=-60;uptime_s=575730;heap=195896;cal_tier=channel-cal;cal_src=wet_rederive_1236_20260719;pressure_context_source=weather_openmeteo;transport=wifi_poll,
plants.soil,2026-07-28T06:07:26.788Z,2026-07-28 01:07:26.788,22344,6762df,y9d41p,0.7.3,fleet_logger_0_1,575730041,UMLIFE_v2_TLC555,ch3,origplant,soil_moisture,1443,,,OK,,,983.3,,name=classic;level=well watered;role=disp;spread=22;gpio=35;device_seq=76763;time_source=device_synced;device_timestamp_utc=2026-07-28T06:07:19.290Z;config_id=257fa022;rssi=-60;uptime_s=575730;heap=195896;cal_tier=channel-cal;cal_src=wet_rederive_1236_20260719;pressure_context_source=weather_openmeteo;transport=wifi_poll,
plants.env,2026-07-28T06:07:26.788Z,2026-07-28 01:07:26.788,22345,6762df,y9d41p,0.7.3,fleet_logger_0_1,575730796,ESP32,esp32_die,on_chip,die_temp,,52.78,degC,OK,,,,,name=classic;source=esp32_die;cal=uncalibrated_board_proxy;api=temperatureRead;config_id=257fa022;transport=wifi_poll,
plants.soil,2026-07-28T06:07:57.030Z,2026-07-28 01:07:57.030,22346,6762df,y9d41p,0.7.3,fleet_logger_0_1,575760041,UMLIFE_v2_TLC555,ch0,origplant,soil_moisture,1538,,,OK,,,983.3,,name=classic;level=well watered;role=disp;spread=23;gpio=36;device_seq=76764;time_source=device_synced;device_timestamp_utc=2026-07-28T06:07:49.290Z;config_id=257fa022;rssi=-60;uptime_s=575760;heap=193376;cal_tier=channel-cal;cal_src=wet_rederive_1236_20260719;pressure_context_source=weather_openmeteo;transport=wifi_poll,
plants.soil,2026-07-28T06:07:57.030Z,2026-07-28 01:07:57.030,22347,6762df,y9d41p,0.7.3,fleet_logger_0_1,575760041,UMLIFE_v2_TLC555,ch1,origplant,soil_moisture,1677,,,OK,,,983.3,,name=classic;level=OK;role=disp;spread=49;gpio=39;device_seq=76765;time_source=device_synced;device_timestamp_utc=2026-07-28T06:07:49.290Z;config_id=257fa022;rssi=-60;uptime_s=575760;heap=193376;cal_tier=channel-cal;cal_src=wet_rederive_1236_20260719;pressure_context_source=weather_openmeteo;transport=wifi_poll,
plants.soil,2026-07-28T06:07:57.030Z,2026-07-28 01:07:57.030,22348,6762df,y9d41p,0.7.3,fleet_logger_0_1,575760041,UMLIFE_v2_TLC555,ch2,origplant,soil_moisture,1359,,,OK,,,983.3,,name=classic;level=overwatered;role=disp;spread=25;gpio=34;device_seq=76766;time_source=device_synced;device_timestamp_utc=2026-07-28T06:07:49.290Z;config_id=257fa022;rssi=-60;uptime_s=575760;heap=193376;cal_tier=channel-cal;cal_src=wet_rederive_1236_20260719;pressure_context_source=weather_openmeteo;transport=wifi_poll,
plants.soil,2026-07-28T06:07:57.030Z,2026-07-28 01:07:57.030,22349,6762df,y9d41p,0.7.3,fleet_logger_0_1,575760041,UMLIFE_v2_TLC555,ch3,origplant,soil_moisture,1434,,,OK,,,983.3,,name=classic;level=well watered;role=disp;spread=20;gpio=35;device_seq=76767;time_source=device_synced;device_timestamp_utc=2026-07-28T06:07:49.290Z;config_id=257fa022;rssi=-60;uptime_s=575760;heap=193376;cal_tier=channel-cal;cal_src=wet_rederive_1236_20260719;pressure_context_source=weather_openmeteo;transport=wifi_poll,
plants.env,2026-07-28T06:07:57.030Z,2026-07-28 01:07:57.030,22350,6762df,y9d41p,0.7.3,fleet_logger_0_1,575760797,ESP32,esp32_die,on_chip,die_temp,,52.78,degC,OK,,,,,name=classic;source=esp32_die;cal=uncalibrated_board_proxy;api=temperatureRead;config_id=257fa022;transport=wifi_poll,
plants.soil,2026-07-28T06:08:27.329Z,2026-07-28 01:08:27.329,22351,6762df,y9d41p,0.7.3,fleet_logger_0_1,575790041,UMLIFE_v2_TLC555,ch0,origplant,soil_moisture,1533,,,OK,,,983.3,,name=classic;level=well watered;role=disp;spread=65;gpio=36;device_seq=76768;time_source=device_synced;device_timestamp_utc=2026-07-28T06:08:19.290Z;config_id=257fa022;rssi=-59;uptime_s=575790;heap=193196;cal_tier=channel-cal;cal_src=wet_rederive_1236_20260719;pressure_context_source=weather_openmeteo;transport=wifi_poll,
plants.soil,2026-07-28T06:08:27.329Z,2026-07-28 01:08:27.329,22352,6762df,y9d41p,0.7.3,fleet_logger_0_1,575790041,UMLIFE_v2_TLC555,ch1,origplant,soil_moisture,1667,,,OK,,,983.3,,name=classic;level=OK;role=disp;spread=56;gpio=39;device_seq=76769;time_source=device_synced;device_timestamp_utc=2026-07-28T06:08:19.290Z;config_id=257fa022;rssi=-59;uptime_s=575790;heap=193196;cal_tier=channel-cal;cal_src=wet_rederive_1236_20260719;pressure_context_source=weather_openmeteo;transport=wifi_poll,
plants.soil,2026-07-28T06:08:27.329Z,2026-07-28 01:08:27.329,22353,6762df,y9d41p,0.7.3,fleet_logger_0_1,575790041,UMLIFE_v2_TLC555,ch2,origplant,soil_moisture,1355,,,OK,,,983.3,,name=classic;level=overwatered;role=disp;spread=31;gpio=34;device_seq=76770;time_source=device_synced;device_timestamp_utc=2026-07-28T06:08:19.290Z;config_id=257fa022;rssi=-59;uptime_s=575790;heap=193196;cal_tier=channel-cal;cal_src=wet_rederive_1236_20260719;pressure_context_source=weather_openmeteo;transport=wifi_poll,
plants.soil,2026-07-28T06:08:27.329Z,2026-07-28 01:08:27.329,22354,6762df,y9d41p,0.7.3,fleet_logger_0_1,575790041,UMLIFE_v2_TLC555,ch3,origplant,soil_moisture,1435,,,OK,,,983.3,,name=classic;level=well watered;role=disp;spread=6;gpio=35;device_seq=76771;time_source=device_synced;device_timestamp_utc=2026-07-28T06:08:19.290Z;config_id=257fa022;rssi=-59;uptime_s=575790;heap=193196;cal_tier=channel-cal;cal_src=wet_rederive_1236_20260719;pressure_context_source=weather_openmeteo;transport=wifi_poll,
plants.env,2026-07-28T06:08:27.329Z,2026-07-28 01:08:27.329,22355,6762df,y9d41p,0.7.3,fleet_logger_0_1,575790796,ESP32,esp32_die,on_chip,die_temp,,52.22,degC,OK,,,,,name=classic;source=esp32_die;cal=uncalibrated_board_proxy;api=temperatureRead;config_id=257fa022;transport=wifi_poll,
plants.soil,2026-07-28T06:08:57.871Z,2026-07-28 01:08:57.871,22356,6762df,y9d41p,0.7.3,fleet_logger_0_1,575820041,UMLIFE_v2_TLC555,ch0,origplant,soil_moisture,1535,,,OK,,,983.3,,name=classic;level=well watered;role=disp;spread=26;gpio=36;device_seq=76772;time_source=device_synced;device_timestamp_utc=2026-07-28T06:08:49.290Z;config_id=257fa022;rssi=-59;uptime_s=575820;heap=195624;cal_tier=channel-cal;cal_src=wet_rederive_1236_20260719;pressure_context_source=weather_openmeteo;transport=wifi_poll,
plants.soil,2026-07-28T06:08:57.871Z,2026-07-28 01:08:57.871,22357,6762df,y9d41p,0.7.3,fleet_logger_0_1,575820041,UMLIFE_v2_TLC555,ch1,origplant,soil_moisture,1651,,,OK,,,983.3,,name=classic;level=OK;role=disp;spread=33;gpio=39;device_seq=76773;time_source=device_synced;device_timestamp_utc=2026-07-28T06:08:49.290Z;config_id=257fa022;rssi=-59;uptime_s=575820;heap=195624;cal_tier=channel-cal;cal_src=wet_rederive_1236_20260719;pressure_context_source=weather_openmeteo;transport=wifi_poll,
plants.soil,2026-07-28T06:08:57.871Z,2026-07-28 01:08:57.871,22358,6762df,y9d41p,0.7.3,fleet_logger_0_1,575820041,UMLIFE_v2_TLC555,ch2,origplant,soil_moisture,1330,,,OK,,,983.3,,name=classic;level=overwatered;role=disp;spread=12;gpio=34;device_seq=76774;time_source=device_synced;device_timestamp_utc=2026-07-28T06:08:49.290Z;config_id=257fa022;rssi=-59;uptime_s=575820;heap=195624;cal_tier=channel-cal;cal_src=wet_rederive_1236_20260719;pressure_context_source=weather_openmeteo;transport=wifi_poll,
plants.soil,2026-07-28T06:08:57.871Z,2026-07-28 01:08:57.871,22359,6762df,y9d41p,0.7.3,fleet_logger_0_1,575820041,UMLIFE_v2_TLC555,ch3,origplant,soil_moisture,1426,,,OK,,,983.3,,name=classic;level=well watered;role=disp;spread=27;gpio=35;device_seq=76775;time_source=device_synced;device_timestamp_utc=2026-07-28T06:08:49.290Z;config_id=257fa022;rssi=-59;uptime_s=575820;heap=195624;cal_tier=channel-cal;cal_src=wet_rederive_1236_20260719;pressure_context_source=weather_openmeteo;transport=wifi_poll,
plants.env,2026-07-28T06:08:57.871Z,2026-07-28 01:08:57.871,22360,6762df,y9d41p,0.7.3,fleet_logger_0_1,575820797,ESP32,esp32_die,on_chip,die_temp,,52.22,degC,OK,,,,,name=classic;source=esp32_die;cal=uncalibrated_board_proxy;api=temperatureRead;config_id=257fa022;transport=wifi_poll,
plants.soil,2026-07-28T06:09:28.221Z,2026-07-28 01:09:28.221,22361,6762df,y9d41p,0.7.3,fleet_logger_0_1,575850041,UMLIFE_v2_TLC555,ch0,origplant,soil_moisture,1535,,,OK,,,983.3,,name=classic;level=well watered;role=disp;spread=36;gpio=36;device_seq=76776;time_source=device_synced;device_timestamp_utc=2026-07-28T06:09:19.290Z;config_id=257fa022;rssi=-59;uptime_s=575850;heap=195884;cal_tier=channel-cal;cal_src=wet_rederive_1236_20260719;pressure_context_source=weather_openmeteo;transport=wifi_poll,
plants.soil,2026-07-28T06:09:28.221Z,2026-07-28 01:09:28.221,22362,6762df,y9d41p,0.7.3,fleet_logger_0_1,575850041,UMLIFE_v2_TLC555,ch1,origplant,soil_moisture,1654,,,OK,,,983.3,,name=classic;level=OK;role=disp;spread=30;gpio=39;device_seq=76777;time_source=device_synced;device_timestamp_utc=2026-07-28T06:09:19.290Z;config_id=257fa022;rssi=-59;uptime_s=575850;heap=195884;cal_tier=channel-cal;cal_src=wet_rederive_1236_20260719;pressure_context_source=weather_openmeteo;transport=wifi_poll,
plants.soil,2026-07-28T06:09:28.221Z,2026-07-28 01:09:28.221,22363,6762df,y9d41p,0.7.3,fleet_logger_0_1,575850041,UMLIFE_v2_TLC555,ch2,origplant,soil_moisture,1333,,,OK,,,983.3,,name=classic;level=overwatered;role=disp;spread=42;gpio=34;device_seq=76778;time_source=device_synced;device_timestamp_utc=2026-07-28T06:09:19.290Z;config_id=257fa022;rssi=-59;uptime_s=575850;heap=195884;cal_tier=channel-cal;cal_src=wet_rederive_1236_20260719;pressure_context_source=weather_openmeteo;transport=wifi_poll,
plants.soil,2026-07-28T06:09:28.221Z,2026-07-28 01:09:28.221,22364,6762df,y9d41p,0.7.3,fleet_logger_0_1,575850041,UMLIFE_v2_TLC555,ch3,origplant,soil_moisture,1421,,,OK,,,983.3,,name=classic;level=well watered;role=disp;spread=43;gpio=35;device_seq=76779;time_source=device_synced;device_timestamp_utc=2026-07-28T06:09:19.290Z;config_id=257fa022;rssi=-59;uptime_s=575850;heap=195884;cal_tier=channel-cal;cal_src=wet_rederive_1236_20260719;pressure_context_source=weather_openmeteo;transport=wifi_poll,
plants.env,2026-07-28T06:09:28.221Z,2026-07-28 01:09:28.221,22365,6762df,y9d41p,0.7.3,fleet_logger_0_1,575850796,ESP32,esp32_die,on_chip,die_temp,,52.22,degC,OK,,,,,name=classic;source=esp32_die;cal=uncalibrated_board_proxy;api=temperatureRead;config_id=257fa022;transport=wifi_poll,
plants.soil,2026-07-28T06:09:58.531Z,2026-07-28 01:09:58.531,22366,6762df,y9d41p,0.7.3,fleet_logger_0_1,575880041,UMLIFE_v2_TLC555,ch0,origplant,soil_moisture,1535,,,OK,,,983.3,,name=classic;level=well watered;role=disp;spread=33;gpio=36;device_seq=76780;time_source=device_synced;device_timestamp_utc=2026-07-28T06:09:49.290Z;config_id=257fa022;rssi=-59;uptime_s=575880;heap=195884;cal_tier=channel-cal;cal_src=wet_rederive_1236_20260719;pressure_context_source=weather_openmeteo;transport=wifi_poll,
plants.soil,2026-07-28T06:09:58.531Z,2026-07-28 01:09:58.531,22367,6762df,y9d41p,0.7.3,fleet_logger_0_1,575880041,UMLIFE_v2_TLC555,ch1,origplant,soil_moisture,1661,,,OK,,,983.3,,name=classic;level=OK;role=disp;spread=43;gpio=39;device_seq=76781;time_source=device_synced;device_timestamp_utc=2026-07-28T06:09:49.290Z;config_id=257fa022;rssi=-59;uptime_s=575880;heap=195884;cal_tier=channel-cal;cal_src=wet_rederive_1236_20260719;pressure_context_source=weather_openmeteo;transport=wifi_poll,
plants.soil,2026-07-28T06:09:58.531Z,2026-07-28 01:09:58.531,22368,6762df,y9d41p,0.7.3,fleet_logger_0_1,575880041,UMLIFE_v2_TLC555,ch2,origplant,soil_moisture,1348,,,OK,,,983.3,,name=classic;level=overwatered;role=disp;spread=43;gpio=34;device_seq=76782;time_source=device_synced;device_timestamp_utc=2026-07-28T06:09:49.290Z;config_id=257fa022;rssi=-59;uptime_s=575880;heap=195884;cal_tier=channel-cal;cal_src=wet_rederive_1236_20260719;pressure_context_source=weather_openmeteo;transport=wifi_poll,
plants.soil,2026-07-28T06:09:58.531Z,2026-07-28 01:09:58.531,22369,6762df,y9d41p,0.7.3,fleet_logger_0_1,575880041,UMLIFE_v2_TLC555,ch3,origplant,soil_moisture,1432,,,OK,,,983.3,,name=classic;level=well watered;role=disp;spread=14;gpio=35;device_seq=76783;time_source=device_synced;device_timestamp_utc=2026-07-28T06:09:49.290Z;config_id=257fa022;rssi=-59;uptime_s=575880;heap=195884;cal_tier=channel-cal;cal_src=wet_rederive_1236_20260719;pressure_context_source=weather_openmeteo;transport=wifi_poll,
plants.env,2026-07-28T06:09:58.531Z,2026-07-28 01:09:58.531,22370,6762df,y9d41p,0.7.3,fleet_logger_0_1,575880796,ESP32,esp32_die,on_chip,die_temp,,52.78,degC,OK,,,,,name=classic;source=esp32_die;cal=uncalibrated_board_proxy;api=temperatureRead;config_id=257fa022;transport=wifi_poll,
plants.soil,2026-07-28T06:10:28.800Z,2026-07-28 01:10:28.800,22371,6762df,y9d41p,0.7.3,fleet_logger_0_1,575910041,UMLIFE_v2_TLC555,ch0,origplant,soil_moisture,1535,,,OK,,,983.3,,name=classic;level=well watered;role=disp;spread=34;gpio=36;device_seq=76784;time_source=device_synced;device_timestamp_utc=2026-07-28T06:10:19.290Z;config_id=257fa022;rssi=-58;uptime_s=575910;heap=195880;cal_tier=channel-cal;cal_src=wet_rederive_1236_20260719;pressure_context_source=weather_openmeteo;transport=wifi_poll,
plants.soil,2026-07-28T06:10:28.800Z,2026-07-28 01:10:28.800,22372,6762df,y9d41p,0.7.3,fleet_logger_0_1,575910041,UMLIFE_v2_TLC555,ch1,origplant,soil_moisture,1652,,,OK,,,983.3,,name=classic;level=OK;role=disp;spread=32;gpio=39;device_seq=76785;time_source=device_synced;device_timestamp_utc=2026-07-28T06:10:19.290Z;config_id=257fa022;rssi=-58;uptime_s=575910;heap=195880;cal_tier=channel-cal;cal_src=wet_rederive_1236_20260719;pressure_context_source=weather_openmeteo;transport=wifi_poll,
plants.soil,2026-07-28T06:10:28.800Z,2026-07-28 01:10:28.800,22373,6762df,y9d41p,0.7.3,fleet_logger_0_1,575910041,UMLIFE_v2_TLC555,ch2,origplant,soil_moisture,1338,,,OK,,,983.3,,name=classic;level=overwatered;role=disp;spread=37;gpio=34;device_seq=76786;time_source=device_synced;device_timestamp_utc=2026-07-28T06:10:19.290Z;config_id=257fa022;rssi=-58;uptime_s=575910;heap=195880;cal_tier=channel-cal;cal_src=wet_rederive_1236_20260719;pressure_context_source=weather_openmeteo;transport=wifi_poll,
plants.soil,2026-07-28T06:10:28.800Z,2026-07-28 01:10:28.800,22374,6762df,y9d41p,0.7.3,fleet_logger_0_1,575910041,UMLIFE_v2_TLC555,ch3,origplant,soil_moisture,1430,,,OK,,,983.3,,name=classic;level=well watered;role=disp;spread=14;gpio=35;device_seq=76787;time_source=device_synced;device_timestamp_utc=2026-07-28T06:10:19.290Z;config_id=257fa022;rssi=-58;uptime_s=575910;heap=195880;cal_tier=channel-cal;cal_src=wet_rederive_1236_20260719;pressure_context_source=weather_openmeteo;transport=wifi_poll,
plants.env,2026-07-28T06:10:28.800Z,2026-07-28 01:10:28.800,22375,6762df,y9d41p,0.7.3,fleet_logger_0_1,575910796,ESP32,esp32_die,on_chip,die_temp,,52.78,degC,OK,,,,,name=classic;source=esp32_die;cal=uncalibrated_board_proxy;api=temperatureRead;config_id=257fa022;transport=wifi_poll,
plants.soil,2026-07-28T06:10:59.091Z,2026-07-28 01:10:59.091,22376,6762df,y9d41p,0.7.3,fleet_logger_0_1,575940041,UMLIFE_v2_TLC555,ch0,origplant,soil_moisture,1534,,,OK,,,983.3,,name=classic;level=well watered;role=disp;spread=28;gpio=36;device_seq=76788;time_source=device_synced;device_timestamp_utc=2026-07-28T06:10:49.290Z;config_id=257fa022;rssi=-72;uptime_s=575940;heap=195884;cal_tier=channel-cal;cal_src=wet_rederive_1236_20260719;pressure_context_source=weather_openmeteo;transport=wifi_poll,
plants.soil,2026-07-28T06:10:59.091Z,2026-07-28 01:10:59.091,22377,6762df,y9d41p,0.7.3,fleet_logger_0_1,575940041,UMLIFE_v2_TLC555,ch1,origplant,soil_moisture,1649,,,OK,,,983.3,,name=classic;level=OK;role=disp;spread=35;gpio=39;device_seq=76789;time_source=device_synced;device_timestamp_utc=2026-07-28T06:10:49.290Z;config_id=257fa022;rssi=-72;uptime_s=575940;heap=195884;cal_tier=channel-cal;cal_src=wet_rederive_1236_20260719;pressure_context_source=weather_openmeteo;transport=wifi_poll,
plants.soil,2026-07-28T06:10:59.091Z,2026-07-28 01:10:59.091,22378,6762df,y9d41p,0.7.3,fleet_logger_0_1,575940041,UMLIFE_v2_TLC555,ch2,origplant,soil_moisture,1332,,,OK,,,983.3,,name=classic;level=overwatered;role=disp;spread=31;gpio=34;device_seq=76790;time_source=device_synced;device_timestamp_utc=2026-07-28T06:10:49.290Z;config_id=257fa022;rssi=-72;uptime_s=575940;heap=195884;cal_tier=channel-cal;cal_src=wet_rederive_1236_20260719;pressure_context_source=weather_openmeteo;transport=wifi_poll,
plants.soil,2026-07-28T06:10:59.091Z,2026-07-28 01:10:59.091,22379,6762df,y9d41p,0.7.3,fleet_logger_0_1,575940041,UMLIFE_v2_TLC555,ch3,origplant,soil_moisture,1424,,,OK,,,983.3,,name=classic;level=well watered;role=disp;spread=27;gpio=35;device_seq=76791;time_source=device_synced;device_timestamp_utc=2026-07-28T06:10:49.290Z;config_id=257fa022;rssi=-72;uptime_s=575940;heap=195884;cal_tier=channel-cal;cal_src=wet_rederive_1236_20260719;pressure_context_source=weather_openmeteo;transport=wifi_poll,
plants.env,2026-07-28T06:10:59.091Z,2026-07-28 01:10:59.091,22380,6762df,y9d41p,0.7.3,fleet_logger_0_1,575940796,ESP32,esp32_die,on_chip,die_temp,,52.22,degC,OK,,,,,name=classic;source=esp32_die;cal=uncalibrated_board_proxy;api=temperatureRead;config_id=257fa022;transport=wifi_poll,
plants.soil,2026-07-28T06:11:29.461Z,2026-07-28 01:11:29.461,22381,6762df,y9d41p,0.7.3,fleet_logger_0_1,575970041,UMLIFE_v2_TLC555,ch0,origplant,soil_moisture,1546,,,OK,,,983.3,,name=classic;level=well watered;role=disp;spread=51;gpio=36;device_seq=76792;time_source=device_synced;device_timestamp_utc=2026-07-28T06:11:19.290Z;config_id=257fa022;rssi=-57;uptime_s=575970;heap=195624;cal_tier=channel-cal;cal_src=wet_rederive_1236_20260719;pressure_context_source=weather_openmeteo;transport=wifi_poll,
plants.soil,2026-07-28T06:11:29.461Z,2026-07-28 01:11:29.461,22382,6762df,y9d41p,0.7.3,fleet_logger_0_1,575970041,UMLIFE_v2_TLC555,ch1,origplant,soil_moisture,1658,,,OK,,,983.3,,name=classic;level=OK;role=disp;spread=31;gpio=39;device_seq=76793;time_source=device_synced;device_timestamp_utc=2026-07-28T06:11:19.290Z;config_id=257fa022;rssi=-57;uptime_s=575970;heap=195624;cal_tier=channel-cal;cal_src=wet_rederive_1236_20260719;pressure_context_source=weather_openmeteo;transport=wifi_poll,
plants.soil,2026-07-28T06:11:29.461Z,2026-07-28 01:11:29.461,22383,6762df,y9d41p,0.7.3,fleet_logger_0_1,575970041,UMLIFE_v2_TLC555,ch2,origplant,soil_moisture,1328,,,OK,,,983.3,,name=classic;level=overwatered;role=disp;spread=22;gpio=34;device_seq=76794;time_source=device_synced;device_timestamp_utc=2026-07-28T06:11:19.290Z;config_id=257fa022;rssi=-57;uptime_s=575970;heap=195624;cal_tier=channel-cal;cal_src=wet_rederive_1236_20260719;pressure_context_source=weather_openmeteo;transport=wifi_poll,
plants.soil,2026-07-28T06:11:29.461Z,2026-07-28 01:11:29.461,22384,6762df,y9d41p,0.7.3,fleet_logger_0_1,575970041,UMLIFE_v2_TLC555,ch3,origplant,soil_moisture,1402,,,OK,,,983.3,,name=classic;level=well watered;role=disp;spread=17;gpio=35;device_seq=76795;time_source=device_synced;device_timestamp_utc=2026-07-28T06:11:19.290Z;config_id=257fa022;rssi=-57;uptime_s=575970;heap=195624;cal_tier=channel-cal;cal_src=wet_rederive_1236_20260719;pressure_context_source=weather_openmeteo;transport=wifi_poll,
plants.env,2026-07-28T06:11:29.461Z,2026-07-28 01:11:29.461,22385,6762df,y9d41p,0.7.3,fleet_logger_0_1,575970796,ESP32,esp32_die,on_chip,die_temp,,52.22,degC,OK,,,,,name=classic;source=esp32_die;cal=uncalibrated_board_proxy;api=temperatureRead;config_id=257fa022;transport=wifi_poll,
plants.soil,2026-07-28T06:11:59.978Z,2026-07-28 01:11:59.978,22386,6762df,y9d41p,0.7.3,fleet_logger_0_1,576000041,UMLIFE_v2_TLC555,ch0,origplant,soil_moisture,1542,,,OK,,,983.3,,name=classic;level=well watered;role=disp;spread=49;gpio=36;device_seq=76796;time_source=device_synced;device_timestamp_utc=2026-07-28T06:11:49.290Z;config_id=257fa022;rssi=-58;uptime_s=576000;heap=195624;cal_tier=channel-cal;cal_src=wet_rederive_1236_20260719;pressure_context_source=weather_openmeteo;transport=wifi_poll,
plants.soil,2026-07-28T06:11:59.978Z,2026-07-28 01:11:59.978,22387,6762df,y9d41p,0.7.3,fleet_logger_0_1,576000041,UMLIFE_v2_TLC555,ch1,origplant,soil_moisture,1652,,,OK,,,983.3,,name=classic;level=OK;role=disp;spread=18;gpio=39;device_seq=76797;time_source=device_synced;device_timestamp_utc=2026-07-28T06:11:49.290Z;config_id=257fa022;rssi=-58;uptime_s=576000;heap=195624;cal_tier=channel-cal;cal_src=wet_rederive_1236_20260719;pressure_context_source=weather_openmeteo;transport=wifi_poll,
plants.soil,2026-07-28T06:11:59.978Z,2026-07-28 01:11:59.978,22388,6762df,y9d41p,0.7.3,fleet_logger_0_1,576000041,UMLIFE_v2_TLC555,ch2,origplant,soil_moisture,1331,,,OK,,,983.3,,name=classic;level=overwatered;role=disp;spread=41;gpio=34;device_seq=76798;time_source=device_synced;device_timestamp_utc=2026-07-28T06:11:49.290Z;config_id=257fa022;rssi=-58;uptime_s=576000;heap=195624;cal_tier=channel-cal;cal_src=wet_rederive_1236_20260719;pressure_context_source=weather_openmeteo;transport=wifi_poll,
plants.soil,2026-07-28T06:11:59.978Z,2026-07-28 01:11:59.978,22389,6762df,y9d41p,0.7.3,fleet_logger_0_1,576000041,UMLIFE_v2_TLC555,ch3,origplant,soil_moisture,1423,,,OK,,,983.3,,name=classic;level=well watered;role=disp;spread=24;gpio=35;device_seq=76799;time_source=device_synced;device_timestamp_utc=2026-07-28T06:11:49.290Z;config_id=257fa022;rssi=-58;uptime_s=576000;heap=195624;cal_tier=channel-cal;cal_src=wet_rederive_1236_20260719;pressure_context_source=weather_openmeteo;transport=wifi_poll,
plants.env,2026-07-28T06:11:59.978Z,2026-07-28 01:11:59.978,22390,6762df,y9d41p,0.7.3,fleet_logger_0_1,576001863,ESP32,esp32_die,on_chip,die_temp,,51.67,degC,OK,,,,,name=classic;source=esp32_die;cal=uncalibrated_board_proxy;api=temperatureRead;config_id=257fa022;transport=wifi_poll,
plants.soil,2026-07-28T06:12:30.425Z,2026-07-28 01:12:30.425,22391,6762df,y9d41p,0.7.3,fleet_logger_0_1,576030041,UMLIFE_v2_TLC555,ch0,origplant,soil_moisture,1543,,,OK,,,983.3,,name=classic;level=well watered;role=disp;spread=38;gpio=36;device_seq=76800;time_source=device_synced;device_timestamp_utc=2026-07-28T06:12:19.290Z;config_id=257fa022;rssi=-58;uptime_s=576030;heap=195884;cal_tier=channel-cal;cal_src=wet_rederive_1236_20260719;pressure_context_source=weather_openmeteo;transport=wifi_poll,
plants.soil,2026-07-28T06:12:30.425Z,2026-07-28 01:12:30.425,22392,6762df,y9d41p,0.7.3,fleet_logger_0_1,576030041,UMLIFE_v2_TLC555,ch1,origplant,soil_moisture,1659,,,OK,,,983.3,,name=classic;level=OK;role=disp;spread=36;gpio=39;device_seq=76801;time_source=device_synced;device_timestamp_utc=2026-07-28T06:12:19.290Z;config_id=257fa022;rssi=-58;uptime_s=576030;heap=195884;cal_tier=channel-cal;cal_src=wet_rederive_1236_20260719;pressure_context_source=weather_openmeteo;transport=wifi_poll,
plants.soil,2026-07-28T06:12:30.425Z,2026-07-28 01:12:30.425,22393,6762df,y9d41p,0.7.3,fleet_logger_0_1,576030041,UMLIFE_v2_TLC555,ch2,origplant,soil_moisture,1330,,,OK,,,983.3,,name=classic;level=overwatered;role=disp;spread=26;gpio=34;device_seq=76802;time_source=device_synced;device_timestamp_utc=2026-07-28T06:12:19.290Z;config_id=257fa022;rssi=-58;uptime_s=576030;heap=195884;cal_tier=channel-cal;cal_src=wet_rederive_1236_20260719;pressure_context_source=weather_openmeteo;transport=wifi_poll,
plants.soil,2026-07-28T06:12:30.425Z,2026-07-28 01:12:30.425,22394,6762df,y9d41p,0.7.3,fleet_logger_0_1,576030041,UMLIFE_v2_TLC555,ch3,origplant,soil_moisture,1412,,,OK,,,983.3,,name=classic;level=well watered;role=disp;spread=21;gpio=35;device_seq=76803;time_source=device_synced;device_timestamp_utc=2026-07-28T06:12:19.290Z;config_id=257fa022;rssi=-58;uptime_s=576030;heap=195884;cal_tier=channel-cal;cal_src=wet_rederive_1236_20260719;pressure_context_source=weather_openmeteo;transport=wifi_poll,
plants.env,2026-07-28T06:12:30.425Z,2026-07-28 01:12:30.425,22395,6762df,y9d41p,0.7.3,fleet_logger_0_1,576030797,ESP32,esp32_die,on_chip,die_temp,,52.22,degC,OK,,,,,name=classic;source=esp32_die;cal=uncalibrated_board_proxy;api=temperatureRead;config_id=257fa022;transport=wifi_poll,
plants.soil,2026-07-28T06:13:00.804Z,2026-07-28 01:13:00.804,22396,6762df,y9d41p,0.7.3,fleet_logger_0_1,576060041,UMLIFE_v2_TLC555,ch0,origplant,soil_moisture,1545,,,OK,,,983.3,,name=classic;level=well watered;role=disp;spread=32;gpio=36;device_seq=76804;time_source=device_synced;device_timestamp_utc=2026-07-28T06:12:49.290Z;config_id=257fa022;rssi=-58;uptime_s=576060;heap=195896;cal_tier=channel-cal;cal_src=wet_rederive_1236_20260719;pressure_context_source=weather_openmeteo;transport=wifi_poll,
plants.soil,2026-07-28T06:13:00.804Z,2026-07-28 01:13:00.804,22397,6762df,y9d41p,0.7.3,fleet_logger_0_1,576060041,UMLIFE_v2_TLC555,ch1,origplant,soil_moisture,1661,,,OK,,,983.3,,name=classic;level=OK;role=disp;spread=22;gpio=39;device_seq=76805;time_source=device_synced;device_timestamp_utc=2026-07-28T06:12:49.290Z;config_id=257fa022;rssi=-58;uptime_s=576060;heap=195896;cal_tier=channel-cal;cal_src=wet_rederive_1236_20260719;pressure_context_source=weather_openmeteo;transport=wifi_poll,
plants.soil,2026-07-28T06:13:00.804Z,2026-07-28 01:13:00.804,22398,6762df,y9d41p,0.7.3,fleet_logger_0_1,576060041,UMLIFE_v2_TLC555,ch2,origplant,soil_moisture,1327,,,OK,,,983.3,,name=classic;level=overwatered;role=disp;spread=39;gpio=34;device_seq=76806;time_source=device_synced;device_timestamp_utc=2026-07-28T06:12:49.290Z;config_id=257fa022;rssi=-58;uptime_s=576060;heap=195896;cal_tier=channel-cal;cal_src=wet_rederive_1236_20260719;pressure_context_source=weather_openmeteo;transport=wifi_poll,
plants.soil,2026-07-28T06:13:00.804Z,2026-07-28 01:13:00.804,22399,6762df,y9d41p,0.7.3,fleet_logger_0_1,576060041,UMLIFE_v2_TLC555,ch3,origplant,soil_moisture,1411,,,OK,,,983.3,,name=classic;level=well watered;role=disp;spread=25;gpio=35;device_seq=76807;time_source=device_synced;device_timestamp_utc=2026-07-28T06:12:49.290Z;config_id=257fa022;rssi=-58;uptime_s=576060;heap=195896;cal_tier=channel-cal;cal_src=wet_rederive_1236_20260719;pressure_context_source=weather_openmeteo;transport=wifi_poll,
plants.env,2026-07-28T06:13:00.804Z,2026-07-28 01:13:00.804,22400,6762df,y9d41p,0.7.3,fleet_logger_0_1,576060797,ESP32,esp32_die,on_chip,die_temp,,52.78,degC,OK,,,,,name=classic;source=esp32_die;cal=uncalibrated_board_proxy;api=temperatureRead;config_id=257fa022;transport=wifi_poll,
plants.soil,2026-07-28T06:13:31.039Z,2026-07-28 01:13:31.039,22401,6762df,y9d41p,0.7.3,fleet_logger_0_1,576090041,UMLIFE_v2_TLC555,ch0,origplant,soil_moisture,1548,,,OK,,,983.3,,name=classic;level=well watered;role=disp;spread=38;gpio=36;device_seq=76808;time_source=device_synced;device_timestamp_utc=2026-07-28T06:13:19.290Z;config_id=257fa022;rssi=-58;uptime_s=576090;heap=195884;cal_tier=channel-cal;cal_src=wet_rederive_1236_20260719;pressure_context_source=weather_openmeteo;transport=wifi_poll,
plants.soil,2026-07-28T06:13:31.039Z,2026-07-28 01:13:31.039,22402,6762df,y9d41p,0.7.3,fleet_logger_0_1,576090041,UMLIFE_v2_TLC555,ch1,origplant,soil_moisture,1662,,,OK,,,983.3,,name=classic;level=OK;role=disp;spread=20;gpio=39;device_seq=76809;time_source=device_synced;device_timestamp_utc=2026-07-28T06:13:19.290Z;config_id=257fa022;rssi=-58;uptime_s=576090;heap=195884;cal_tier=channel-cal;cal_src=wet_rederive_1236_20260719;pressure_context_source=weather_openmeteo;transport=wifi_poll,
plants.soil,2026-07-28T06:13:31.039Z,2026-07-28 01:13:31.039,22403,6762df,y9d41p,0.7.3,fleet_logger_0_1,576090041,UMLIFE_v2_TLC555,ch2,origplant,soil_moisture,1332,,,OK,,,983.3,,name=classic;level=overwatered;role=disp;spread=24;gpio=34;device_seq=76810;time_source=device_synced;device_timestamp_utc=2026-07-28T06:13:19.290Z;config_id=257fa022;rssi=-58;uptime_s=576090;heap=195884;cal_tier=channel-cal;cal_src=wet_rederive_1236_20260719;pressure_context_source=weather_openmeteo;transport=wifi_poll,
plants.soil,2026-07-28T06:13:31.039Z,2026-07-28 01:13:31.039,22404,6762df,y9d41p,0.7.3,fleet_logger_0_1,576090041,UMLIFE_v2_TLC555,ch3,origplant,soil_moisture,1405,,,OK,,,983.3,,name=classic;level=well watered;role=disp;spread=29;gpio=35;device_seq=76811;time_source=device_synced;device_timestamp_utc=2026-07-28T06:13:19.290Z;config_id=257fa022;rssi=-58;uptime_s=576090;heap=195884;cal_tier=channel-cal;cal_src=wet_rederive_1236_20260719;pressure_context_source=weather_openmeteo;transport=wifi_poll,
plants.env,2026-07-28T06:13:31.039Z,2026-07-28 01:13:31.039,22405,6762df,y9d41p,0.7.3,fleet_logger_0_1,576090797,ESP32,esp32_die,on_chip,die_temp,,52.22,degC,OK,,,,,name=classic;source=esp32_die;cal=uncalibrated_board_proxy;api=temperatureRead;config_id=257fa022;transport=wifi_poll,
plants.soil,2026-07-28T06:14:01.469Z,2026-07-28 01:14:01.469,22406,6762df,y9d41p,0.7.3,fleet_logger_0_1,576120041,UMLIFE_v2_TLC555,ch0,origplant,soil_moisture,1551,,,OK,,,983.3,,name=classic;level=well watered;role=disp;spread=33;gpio=36;device_seq=76812;time_source=device_synced;device_timestamp_utc=2026-07-28T06:13:49.290Z;config_id=257fa022;rssi=-57;uptime_s=576120;heap=195884;cal_tier=channel-cal;cal_src=wet_rederive_1236_20260719;pressure_context_source=weather_openmeteo;transport=wifi_poll,
plants.soil,2026-07-28T06:14:01.469Z,2026-07-28 01:14:01.469,22407,6762df,y9d41p,0.7.3,fleet_logger_0_1,576120041,UMLIFE_v2_TLC555,ch1,origplant,soil_moisture,1664,,,OK,,,983.3,,name=classic;level=OK;role=disp;spread=30;gpio=39;device_seq=76813;time_source=device_synced;device_timestamp_utc=2026-07-28T06:13:49.290Z;config_id=257fa022;rssi=-57;uptime_s=576120;heap=195884;cal_tier=channel-cal;cal_src=wet_rederive_1236_20260719;pressure_context_source=weather_openmeteo;transport=wifi_poll,
plants.soil,2026-07-28T06:14:01.469Z,2026-07-28 01:14:01.469,22408,6762df,y9d41p,0.7.3,fleet_logger_0_1,576120041,UMLIFE_v2_TLC555,ch2,origplant,soil_moisture,1334,,,OK,,,983.3,,name=classic;level=overwatered;role=disp;spread=51;gpio=34;device_seq=76814;time_source=device_synced;device_timestamp_utc=2026-07-28T06:13:49.290Z;config_id=257fa022;rssi=-57;uptime_s=576120;heap=195884;cal_tier=channel-cal;cal_src=wet_rederive_1236_20260719;pressure_context_source=weather_openmeteo;transport=wifi_poll,
plants.soil,2026-07-28T06:14:01.469Z,2026-07-28 01:14:01.469,22409,6762df,y9d41p,0.7.3,fleet_logger_0_1,576120041,UMLIFE_v2_TLC555,ch3,origplant,soil_moisture,1407,,,OK,,,983.3,,name=classic;level=well watered;role=disp;spread=19;gpio=35;device_seq=76815;time_source=device_synced;device_timestamp_utc=2026-07-28T06:13:49.290Z;config_id=257fa022;rssi=-57;uptime_s=576120;heap=195884;cal_tier=channel-cal;cal_src=wet_rederive_1236_20260719;pressure_context_source=weather_openmeteo;transport=wifi_poll,
plants.env,2026-07-28T06:14:01.469Z,2026-07-28 01:14:01.469,22410,6762df,y9d41p,0.7.3,fleet_logger_0_1,576120797,ESP32,esp32_die,on_chip,die_temp,,52.22,degC,OK,,,,,name=classic;source=esp32_die;cal=uncalibrated_board_proxy;api=temperatureRead;config_id=257fa022;transport=wifi_poll,
plants.soil,2026-07-28T06:14:31.950Z,2026-07-28 01:14:31.950,22411,6762df,y9d41p,0.7.3,fleet_logger_0_1,576150041,UMLIFE_v2_TLC555,ch0,origplant,soil_moisture,1560,,,OK,,,983.3,,name=classic;level=well watered;role=disp;spread=28;gpio=36;device_seq=76816;time_source=device_synced;device_timestamp_utc=2026-07-28T06:14:19.290Z;config_id=257fa022;rssi=-58;uptime_s=576150;heap=195624;cal_tier=channel-cal;cal_src=wet_rederive_1236_20260719;pressure_context_source=weather_openmeteo;transport=wifi_poll,
plants.soil,2026-07-28T06:14:31.950Z,2026-07-28 01:14:31.950,22412,6762df,y9d41p,0.7.3,fleet_logger_0_1,576150041,UMLIFE_v2_TLC555,ch1,origplant,soil_moisture,1661,,,OK,,,983.3,,name=classic;level=OK;role=disp;spread=28;gpio=39;device_seq=76817;time_source=device_synced;device_timestamp_utc=2026-07-28T06:14:19.290Z;config_id=257fa022;rssi=-58;uptime_s=576150;heap=195624;cal_tier=channel-cal;cal_src=wet_rederive_1236_20260719;pressure_context_source=weather_openmeteo;transport=wifi_poll,
plants.soil,2026-07-28T06:14:31.950Z,2026-07-28 01:14:31.950,22413,6762df,y9d41p,0.7.3,fleet_logger_0_1,576150041,UMLIFE_v2_TLC555,ch2,origplant,soil_moisture,1335,,,OK,,,983.3,,name=classic;level=overwatered;role=disp;spread=41;gpio=34;device_seq=76818;time_source=device_synced;device_timestamp_utc=2026-07-28T06:14:19.290Z;config_id=257fa022;rssi=-58;uptime_s=576150;heap=195624;cal_tier=channel-cal;cal_src=wet_rederive_1236_20260719;pressure_context_source=weather_openmeteo;transport=wifi_poll,
plants.soil,2026-07-28T06:14:31.950Z,2026-07-28 01:14:31.950,22414,6762df,y9d41p,0.7.3,fleet_logger_0_1,576150041,UMLIFE_v2_TLC555,ch3,origplant,soil_moisture,1416,,,OK,,,983.3,,name=classic;level=well watered;role=disp;spread=34;gpio=35;device_seq=76819;time_source=device_synced;device_timestamp_utc=2026-07-28T06:14:19.290Z;config_id=257fa022;rssi=-58;uptime_s=576150;heap=195624;cal_tier=channel-cal;cal_src=wet_rederive_1236_20260719;pressure_context_source=weather_openmeteo;transport=wifi_poll,
plants.env,2026-07-28T06:14:31.950Z,2026-07-28 01:14:31.950,22415,6762df,y9d41p,0.7.3,fleet_logger_0_1,576150797,ESP32,esp32_die,on_chip,die_temp,,52.22,degC,OK,,,,,name=classic;source=esp32_die;cal=uncalibrated_board_proxy;api=temperatureRead;config_id=257fa022;transport=wifi_poll,
plants.soil,2026-07-28T06:15:03.070Z,2026-07-28 01:15:03.070,22416,6762df,y9d41p,0.7.3,fleet_logger_0_1,576180041,UMLIFE_v2_TLC555,ch0,origplant,soil_moisture,1567,,,OK,,,983.3,,name=classic;level=well watered;role=disp;spread=31;gpio=36;device_seq=76820;time_source=device_synced;device_timestamp_utc=2026-07-28T06:14:49.290Z;config_id=257fa022;rssi=-57;uptime_s=576180;heap=195624;cal_tier=channel-cal;cal_src=wet_rederive_1236_20260719;pressure_context_source=weather_openmeteo;transport=wifi_poll,
plants.soil,2026-07-28T06:15:03.070Z,2026-07-28 01:15:03.070,22417,6762df,y9d41p,0.7.3,fleet_logger_0_1,576180041,UMLIFE_v2_TLC555,ch1,origplant,soil_moisture,1673,,,OK,,,983.3,,name=classic;level=OK;role=disp;spread=35;gpio=39;device_seq=76821;time_source=device_synced;device_timestamp_utc=2026-07-28T06:14:49.290Z;config_id=257fa022;rssi=-57;uptime_s=576180;heap=195624;cal_tier=channel-cal;cal_src=wet_rederive_1236_20260719;pressure_context_source=weather_openmeteo;transport=wifi_poll,
plants.soil,2026-07-28T06:15:03.070Z,2026-07-28 01:15:03.070,22418,6762df,y9d41p,0.7.3,fleet_logger_0_1,576180041,UMLIFE_v2_TLC555,ch2,origplant,soil_moisture,1339,,,OK,,,983.3,,name=classic;level=overwatered;role=disp;spread=22;gpio=34;device_seq=76822;time_source=device_synced;device_timestamp_utc=2026-07-28T06:14:49.290Z;config_id=257fa022;rssi=-57;uptime_s=576180;heap=195624;cal_tier=channel-cal;cal_src=wet_rederive_1236_20260719;pressure_context_source=weather_openmeteo;transport=wifi_poll,
plants.soil,2026-07-28T06:15:03.070Z,2026-07-28 01:15:03.070,22419,6762df,y9d41p,0.7.3,fleet_logger_0_1,576180041,UMLIFE_v2_TLC555,ch3,origplant,soil_moisture,1413,,,OK,,,983.3,,name=classic;level=well watered;role=disp;spread=21;gpio=35;device_seq=76823;time_source=device_synced;device_timestamp_utc=2026-07-28T06:14:49.290Z;config_id=257fa022;rssi=-57;uptime_s=576180;heap=195624;cal_tier=channel-cal;cal_src=wet_rederive_1236_20260719;pressure_context_source=weather_openmeteo;transport=wifi_poll,
plants.env,2026-07-28T06:15:03.070Z,2026-07-28 01:15:03.070,22420,6762df,y9d41p,0.7.3,fleet_logger_0_1,576180797,ESP32,esp32_die,on_chip,die_temp,,52.22,degC,OK,,,,,name=classic;source=esp32_die;cal=uncalibrated_board_proxy;api=temperatureRead;config_id=257fa022;transport=wifi_poll,
plants.soil,2026-07-28T06:15:33.316Z,2026-07-28 01:15:33.316,22421,6762df,y9d41p,0.7.3,fleet_logger_0_1,576210041,UMLIFE_v2_TLC555,ch0,origplant,soil_moisture,1576,,,OK,,,983.3,,name=classic;level=well watered;role=disp;spread=36;gpio=36;device_seq=76824;time_source=device_synced;device_timestamp_utc=2026-07-28T06:15:19.290Z;config_id=257fa022;rssi=-71;uptime_s=576210;heap=195884;cal_tier=channel-cal;cal_src=wet_rederive_1236_20260719;pressure_context_source=weather_openmeteo;transport=wifi_poll,
plants.soil,2026-07-28T06:15:33.316Z,2026-07-28 01:15:33.316,22422,6762df,y9d41p,0.7.3,fleet_logger_0_1,576210041,UMLIFE_v2_TLC555,ch1,origplant,soil_moisture,1667,,,OK,,,983.3,,name=classic;level=OK;role=disp;spread=37;gpio=39;device_seq=76825;time_source=device_synced;device_timestamp_utc=2026-07-28T06:15:19.290Z;config_id=257fa022;rssi=-71;uptime_s=576210;heap=195884;cal_tier=channel-cal;cal_src=wet_rederive_1236_20260719;pressure_context_source=weather_openmeteo;transport=wifi_poll,
plants.soil,2026-07-28T06:15:33.316Z,2026-07-28 01:15:33.316,22423,6762df,y9d41p,0.7.3,fleet_logger_0_1,576210041,UMLIFE_v2_TLC555,ch2,origplant,soil_moisture,1337,,,OK,,,983.3,,name=classic;level=overwatered;role=disp;spread=44;gpio=34;device_seq=76826;time_source=device_synced;device_timestamp_utc=2026-07-28T06:15:19.290Z;config_id=257fa022;rssi=-71;uptime_s=576210;heap=195884;cal_tier=channel-cal;cal_src=wet_rederive_1236_20260719;pressure_context_source=weather_openmeteo;transport=wifi_poll,
plants.soil,2026-07-28T06:15:33.316Z,2026-07-28 01:15:33.316,22424,6762df,y9d41p,0.7.3,fleet_logger_0_1,576210041,UMLIFE_v2_TLC555,ch3,origplant,soil_moisture,1421,,,OK,,,983.3,,name=classic;level=well watered;role=disp;spread=12;gpio=35;device_seq=76827;time_source=device_synced;device_timestamp_utc=2026-07-28T06:15:19.290Z;config_id=257fa022;rssi=-71;uptime_s=576210;heap=195884;cal_tier=channel-cal;cal_src=wet_rederive_1236_20260719;pressure_context_source=weather_openmeteo;transport=wifi_poll,
plants.env,2026-07-28T06:15:33.316Z,2026-07-28 01:15:33.316,22425,6762df,y9d41p,0.7.3,fleet_logger_0_1,576210797,ESP32,esp32_die,on_chip,die_temp,,51.67,degC,OK,,,,,name=classic;source=esp32_die;cal=uncalibrated_board_proxy;api=temperatureRead;config_id=257fa022;transport=wifi_poll,
plants.soil,2026-07-28T06:16:03.606Z,2026-07-28 01:16:03.606,22426,6762df,y9d41p,0.7.3,fleet_logger_0_1,576240041,UMLIFE_v2_TLC555,ch0,origplant,soil_moisture,1569,,,OK,,,983.3,,name=classic;level=well watered;role=disp;spread=37;gpio=36;device_seq=76828;time_source=device_synced;device_timestamp_utc=2026-07-28T06:15:49.290Z;config_id=257fa022;rssi=-58;uptime_s=576240;heap=195884;cal_tier=channel-cal;cal_src=wet_rederive_1236_20260719;pressure_context_source=weather_openmeteo;transport=wifi_poll,
plants.soil,2026-07-28T06:16:03.606Z,2026-07-28 01:16:03.606,22427,6762df,y9d41p,0.7.3,fleet_logger_0_1,576240041,UMLIFE_v2_TLC555,ch1,origplant,soil_moisture,1683,,,OK,,,983.3,,name=classic;level=OK;role=disp;spread=18;gpio=39;device_seq=76829;time_source=device_synced;device_timestamp_utc=2026-07-28T06:15:49.290Z;config_id=257fa022;rssi=-58;uptime_s=576240;heap=195884;cal_tier=channel-cal;cal_src=wet_rederive_1236_20260719;pressure_context_source=weather_openmeteo;transport=wifi_poll,
plants.soil,2026-07-28T06:16:03.606Z,2026-07-28 01:16:03.606,22428,6762df,y9d41p,0.7.3,fleet_logger_0_1,576240041,UMLIFE_v2_TLC555,ch2,origplant,soil_moisture,1343,,,OK,,,983.3,,name=classic;level=overwatered;role=disp;spread=45;gpio=34;device_seq=76830;time_source=device_synced;device_timestamp_utc=2026-07-28T06:15:49.290Z;config_id=257fa022;rssi=-58;uptime_s=576240;heap=195884;cal_tier=channel-cal;cal_src=wet_rederive_1236_20260719;pressure_context_source=weather_openmeteo;transport=wifi_poll,
plants.soil,2026-07-28T06:16:03.606Z,2026-07-28 01:16:03.606,22429,6762df,y9d41p,0.7.3,fleet_logger_0_1,576240041,UMLIFE_v2_TLC555,ch3,origplant,soil_moisture,1415,,,OK,,,983.3,,name=classic;level=well watered;role=disp;spread=40;gpio=35;device_seq=76831;time_source=device_synced;device_timestamp_utc=2026-07-28T06:15:49.290Z;config_id=257fa022;rssi=-58;uptime_s=576240;heap=195884;cal_tier=channel-cal;cal_src=wet_rederive_1236_20260719;pressure_context_source=weather_openmeteo;transport=wifi_poll,
plants.env,2026-07-28T06:16:03.606Z,2026-07-28 01:16:03.606,22430,6762df,y9d41p,0.7.3,fleet_logger_0_1,576240797,ESP32,esp32_die,on_chip,die_temp,,52.22,degC,OK,,,,,name=classic;source=esp32_die;cal=uncalibrated_board_proxy;api=temperatureRead;config_id=257fa022;transport=wifi_poll,
plants.soil,2026-07-28T06:16:34.141Z,2026-07-28 01:16:34.141,22431,6762df,y9d41p,0.7.3,fleet_logger_0_1,576270041,UMLIFE_v2_TLC555,ch0,origplant,soil_moisture,1573,,,OK,,,983.3,,name=classic;level=well watered;role=disp;spread=38;gpio=36;device_seq=76832;time_source=device_synced;device_timestamp_utc=2026-07-28T06:16:19.290Z;config_id=257fa022;rssi=-56;uptime_s=576270;heap=195896;cal_tier=channel-cal;cal_src=wet_rederive_1236_20260719;pressure_context_source=weather_openmeteo;transport=wifi_poll,
plants.soil,2026-07-28T06:16:34.141Z,2026-07-28 01:16:34.141,22432,6762df,y9d41p,0.7.3,fleet_logger_0_1,576270041,UMLIFE_v2_TLC555,ch1,origplant,soil_moisture,1686,,,OK,,,983.3,,name=classic;level=OK;role=disp;spread=45;gpio=39;device_seq=76833;time_source=device_synced;device_timestamp_utc=2026-07-28T06:16:19.290Z;config_id=257fa022;rssi=-56;uptime_s=576270;heap=195896;cal_tier=channel-cal;cal_src=wet_rederive_1236_20260719;pressure_context_source=weather_openmeteo;transport=wifi_poll,
plants.soil,2026-07-28T06:16:34.141Z,2026-07-28 01:16:34.141,22433,6762df,y9d41p,0.7.3,fleet_logger_0_1,576270041,UMLIFE_v2_TLC555,ch2,origplant,soil_moisture,1346,,,OK,,,983.3,,name=classic;level=overwatered;role=disp;spread=44;gpio=34;device_seq=76834;time_source=device_synced;device_timestamp_utc=2026-07-28T06:16:19.290Z;config_id=257fa022;rssi=-56;uptime_s=576270;heap=195896;cal_tier=channel-cal;cal_src=wet_rederive_1236_20260719;pressure_context_source=weather_openmeteo;transport=wifi_poll,
plants.soil,2026-07-28T06:16:34.141Z,2026-07-28 01:16:34.141,22434,6762df,y9d41p,0.7.3,fleet_logger_0_1,576270041,UMLIFE_v2_TLC555,ch3,origplant,soil_moisture,1413,,,OK,,,983.3,,name=classic;level=well watered;role=disp;spread=40;gpio=35;device_seq=76835;time_source=device_synced;device_timestamp_utc=2026-07-28T06:16:19.290Z;config_id=257fa022;rssi=-56;uptime_s=576270;heap=195896;cal_tier=channel-cal;cal_src=wet_rederive_1236_20260719;pressure_context_source=weather_openmeteo;transport=wifi_poll,
plants.env,2026-07-28T06:16:34.141Z,2026-07-28 01:16:34.141,22435,6762df,y9d41p,0.7.3,fleet_logger_0_1,576270797,ESP32,esp32_die,on_chip,die_temp,,52.78,degC,OK,,,,,name=classic;source=esp32_die;cal=uncalibrated_board_proxy;api=temperatureRead;config_id=257fa022;transport=wifi_poll,
plants.soil,2026-07-28T06:17:04.472Z,2026-07-28 01:17:04.472,22436,6762df,y9d41p,0.7.3,fleet_logger_0_1,576300041,UMLIFE_v2_TLC555,ch0,origplant,soil_moisture,1573,,,OK,,,983.3,,name=classic;level=well watered;role=disp;spread=40;gpio=36;device_seq=76836;time_source=device_synced;device_timestamp_utc=2026-07-28T06:16:49.290Z;config_id=257fa022;rssi=-57;uptime_s=576300;heap=195896;cal_tier=channel-cal;cal_src=wet_rederive_1236_20260719;pressure_context_source=weather_openmeteo;transport=wifi_poll,
plants.soil,2026-07-28T06:17:04.472Z,2026-07-28 01:17:04.472,22437,6762df,y9d41p,0.7.3,fleet_logger_0_1,576300041,UMLIFE_v2_TLC555,ch1,origplant,soil_moisture,1691,,,OK,,,983.3,,name=classic;level=OK;role=disp;spread=32;gpio=39;device_seq=76837;time_source=device_synced;device_timestamp_utc=2026-07-28T06:16:49.290Z;config_id=257fa022;rssi=-57;uptime_s=576300;heap=195896;cal_tier=channel-cal;cal_src=wet_rederive_1236_20260719;pressure_context_source=weather_openmeteo;transport=wifi_poll,
plants.soil,2026-07-28T06:17:04.472Z,2026-07-28 01:17:04.472,22438,6762df,y9d41p,0.7.3,fleet_logger_0_1,576300041,UMLIFE_v2_TLC555,ch2,origplant,soil_moisture,1353,,,OK,,,983.3,,name=classic;level=overwatered;role=disp;spread=40;gpio=34;device_seq=76838;time_source=device_synced;device_timestamp_utc=2026-07-28T06:16:49.290Z;config_id=257fa022;rssi=-57;uptime_s=576300;heap=195896;cal_tier=channel-cal;cal_src=wet_rederive_1236_20260719;pressure_context_source=weather_openmeteo;transport=wifi_poll,
plants.soil,2026-07-28T06:17:04.472Z,2026-07-28 01:17:04.472,22439,6762df,y9d41p,0.7.3,fleet_logger_0_1,576300041,UMLIFE_v2_TLC555,ch3,origplant,soil_moisture,1421,,,OK,,,983.3,,name=classic;level=well watered;role=disp;spread=28;gpio=35;device_seq=76839;time_source=device_synced;device_timestamp_utc=2026-07-28T06:16:49.290Z;config_id=257fa022;rssi=-57;uptime_s=576300;heap=195896;cal_tier=channel-cal;cal_src=wet_rederive_1236_20260719;pressure_context_source=weather_openmeteo;transport=wifi_poll,
plants.env,2026-07-28T06:17:04.472Z,2026-07-28 01:17:04.472,22440,6762df,y9d41p,0.7.3,fleet_logger_0_1,576300797,ESP32,esp32_die,on_chip,die_temp,,51.67,degC,OK,,,,,name=classic;source=esp32_die;cal=uncalibrated_board_proxy;api=temperatureRead;config_id=257fa022;transport=wifi_poll,
plants.soil,2026-07-28T06:17:34.728Z,2026-07-28 01:17:34.728,22441,6762df,y9d41p,0.7.3,fleet_logger_0_1,576330041,UMLIFE_v2_TLC555,ch0,origplant,soil_moisture,1574,,,OK,,,983.3,,name=classic;level=well watered;role=disp;spread=51;gpio=36;device_seq=76840;time_source=device_synced;device_timestamp_utc=2026-07-28T06:17:19.290Z;config_id=257fa022;rssi=-57;uptime_s=576330;heap=195616;cal_tier=channel-cal;cal_src=wet_rederive_1236_20260719;pressure_context_source=weather_openmeteo;transport=wifi_poll,
plants.soil,2026-07-28T06:17:34.728Z,2026-07-28 01:17:34.728,22442,6762df,y9d41p,0.7.3,fleet_logger_0_1,576330041,UMLIFE_v2_TLC555,ch1,origplant,soil_moisture,1685,,,OK,,,983.3,,name=classic;level=OK;role=disp;spread=10;gpio=39;device_seq=76841;time_source=device_synced;device_timestamp_utc=2026-07-28T06:17:19.290Z;config_id=257fa022;rssi=-57;uptime_s=576330;heap=195616;cal_tier=channel-cal;cal_src=wet_rederive_1236_20260719;pressure_context_source=weather_openmeteo;transport=wifi_poll,
plants.soil,2026-07-28T06:17:34.728Z,2026-07-28 01:17:34.728,22443,6762df,y9d41p,0.7.3,fleet_logger_0_1,576330041,UMLIFE_v2_TLC555,ch2,origplant,soil_moisture,1362,,,OK,,,983.3,,name=classic;level=overwatered;role=disp;spread=46;gpio=34;device_seq=76842;time_source=device_synced;device_timestamp_utc=2026-07-28T06:17:19.290Z;config_id=257fa022;rssi=-57;uptime_s=576330;heap=195616;cal_tier=channel-cal;cal_src=wet_rederive_1236_20260719;pressure_context_source=weather_openmeteo;transport=wifi_poll,
plants.soil,2026-07-28T06:17:34.728Z,2026-07-28 01:17:34.728,22444,6762df,y9d41p,0.7.3,fleet_logger_0_1,576330041,UMLIFE_v2_TLC555,ch3,origplant,soil_moisture,1429,,,OK,,,983.3,,name=classic;level=well watered;role=disp;spread=26;gpio=35;device_seq=76843;time_source=device_synced;device_timestamp_utc=2026-07-28T06:17:19.290Z;config_id=257fa022;rssi=-57;uptime_s=576330;heap=195616;cal_tier=channel-cal;cal_src=wet_rederive_1236_20260719;pressure_context_source=weather_openmeteo;transport=wifi_poll,
plants.env,2026-07-28T06:17:34.728Z,2026-07-28 01:17:34.728,22445,6762df,y9d41p,0.7.3,fleet_logger_0_1,576330797,ESP32,esp32_die,on_chip,die_temp,,52.22,degC,OK,,,,,name=classic;source=esp32_die;cal=uncalibrated_board_proxy;api=temperatureRead;config_id=257fa022;transport=wifi_poll,
plants.soil,2026-07-28T06:18:05.043Z,2026-07-28 01:18:05.043,22446,6762df,y9d41p,0.7.3,fleet_logger_0_1,576360041,UMLIFE_v2_TLC555,ch0,origplant,soil_moisture,1572,,,OK,,,983.3,,name=classic;level=well watered;role=disp;spread=31;gpio=36;device_seq=76844;time_source=device_synced;device_timestamp_utc=2026-07-28T06:17:49.290Z;config_id=257fa022;rssi=-58;uptime_s=576360;heap=195624;cal_tier=channel-cal;cal_src=wet_rederive_1236_20260719;pressure_context_source=weather_openmeteo;transport=wifi_poll,
plants.soil,2026-07-28T06:18:05.043Z,2026-07-28 01:18:05.043,22447,6762df,y9d41p,0.7.3,fleet_logger_0_1,576360041,UMLIFE_v2_TLC555,ch1,origplant,soil_moisture,1689,,,OK,,,983.3,,name=classic;level=OK;role=disp;spread=37;gpio=39;device_seq=76845;time_source=device_synced;device_timestamp_utc=2026-07-28T06:17:49.290Z;config_id=257fa022;rssi=-58;uptime_s=576360;heap=195624;cal_tier=channel-cal;cal_src=wet_rederive_1236_20260719;pressure_context_source=weather_openmeteo;transport=wifi_poll,
plants.soil,2026-07-28T06:18:05.043Z,2026-07-28 01:18:05.043,22448,6762df,y9d41p,0.7.3,fleet_logger_0_1,576360041,UMLIFE_v2_TLC555,ch2,origplant,soil_moisture,1367,,,OK,,,983.3,,name=classic;level=overwatered;role=disp;spread=31;gpio=34;device_seq=76846;time_source=device_synced;device_timestamp_utc=2026-07-28T06:17:49.290Z;config_id=257fa022;rssi=-58;uptime_s=576360;heap=195624;cal_tier=channel-cal;cal_src=wet_rederive_1236_20260719;pressure_context_source=weather_openmeteo;transport=wifi_poll,
plants.soil,2026-07-28T06:18:05.043Z,2026-07-28 01:18:05.043,22449,6762df,y9d41p,0.7.3,fleet_logger_0_1,576360041,UMLIFE_v2_TLC555,ch3,origplant,soil_moisture,1426,,,OK,,,983.3,,name=classic;level=well watered;role=disp;spread=21;gpio=35;device_seq=76847;time_source=device_synced;device_timestamp_utc=2026-07-28T06:17:49.290Z;config_id=257fa022;rssi=-58;uptime_s=576360;heap=195624;cal_tier=channel-cal;cal_src=wet_rederive_1236_20260719;pressure_context_source=weather_openmeteo;transport=wifi_poll,
plants.env,2026-07-28T06:18:05.043Z,2026-07-28 01:18:05.043,22450,6762df,y9d41p,0.7.3,fleet_logger_0_1,576360797,ESP32,esp32_die,on_chip,die_temp,,51.67,degC,OK,,,,,name=classic;source=esp32_die;cal=uncalibrated_board_proxy;api=temperatureRead;config_id=257fa022;transport=wifi_poll,
plants.soil,2026-07-28T06:18:35.415Z,2026-07-28 01:18:35.415,22451,6762df,y9d41p,0.7.3,fleet_logger_0_1,576390041,UMLIFE_v2_TLC555,ch0,origplant,soil_moisture,1574,,,OK,,,983.3,,name=classic;level=well watered;role=disp;spread=42;gpio=36;device_seq=76848;time_source=device_synced;device_timestamp_utc=2026-07-28T06:18:19.290Z;config_id=257fa022;rssi=-57;uptime_s=576390;heap=195884;cal_tier=channel-cal;cal_src=wet_rederive_1236_20260719;pressure_context_source=weather_openmeteo;transport=wifi_poll,
plants.soil,2026-07-28T06:18:35.415Z,2026-07-28 01:18:35.415,22452,6762df,y9d41p,0.7.3,fleet_logger_0_1,576390041,UMLIFE_v2_TLC555,ch1,origplant,soil_moisture,1688,,,OK,,,983.3,,name=classic;level=OK;role=disp;spread=22;gpio=39;device_seq=76849;time_source=device_synced;device_timestamp_utc=2026-07-28T06:18:19.290Z;config_id=257fa022;rssi=-57;uptime_s=576390;heap=195884;cal_tier=channel-cal;cal_src=wet_rederive_1236_20260719;pressure_context_source=weather_openmeteo;transport=wifi_poll,
plants.soil,2026-07-28T06:18:35.415Z,2026-07-28 01:18:35.415,22453,6762df,y9d41p,0.7.3,fleet_logger_0_1,576390041,UMLIFE_v2_TLC555,ch2,origplant,soil_moisture,1359,,,OK,,,983.3,,name=classic;level=overwatered;role=disp;spread=24;gpio=34;device_seq=76850;time_source=device_synced;device_timestamp_utc=2026-07-28T06:18:19.290Z;config_id=257fa022;rssi=-57;uptime_s=576390;heap=195884;cal_tier=channel-cal;cal_src=wet_rederive_1236_20260719;pressure_context_source=weather_openmeteo;transport=wifi_poll,
plants.soil,2026-07-28T06:18:35.415Z,2026-07-28 01:18:35.415,22454,6762df,y9d41p,0.7.3,fleet_logger_0_1,576390041,UMLIFE_v2_TLC555,ch3,origplant,soil_moisture,1432,,,OK,,,983.3,,name=classic;level=well watered;role=disp;spread=30;gpio=35;device_seq=76851;time_source=device_synced;device_timestamp_utc=2026-07-28T06:18:19.290Z;config_id=257fa022;rssi=-57;uptime_s=576390;heap=195884;cal_tier=channel-cal;cal_src=wet_rederive_1236_20260719;pressure_context_source=weather_openmeteo;transport=wifi_poll,
plants.env,2026-07-28T06:18:35.415Z,2026-07-28 01:18:35.415,22455,6762df,y9d41p,0.7.3,fleet_logger_0_1,576390797,ESP32,esp32_die,on_chip,die_temp,,51.67,degC,OK,,,,,name=classic;source=esp32_die;cal=uncalibrated_board_proxy;api=temperatureRead;config_id=257fa022;transport=wifi_poll,
plants.soil,2026-07-28T06:19:05.860Z,2026-07-28 01:19:05.860,22456,6762df,y9d41p,0.7.3,fleet_logger_0_1,576420041,UMLIFE_v2_TLC555,ch0,origplant,soil_moisture,1574,,,OK,,,983.3,,name=classic;level=well watered;role=disp;spread=39;gpio=36;device_seq=76852;time_source=device_synced;device_timestamp_utc=2026-07-28T06:18:49.290Z;config_id=257fa022;rssi=-57;uptime_s=576420;heap=195896;cal_tier=channel-cal;cal_src=wet_rederive_1236_20260719;pressure_context_source=weather_openmeteo;transport=wifi_poll,
plants.soil,2026-07-28T06:19:05.860Z,2026-07-28 01:19:05.860,22457,6762df,y9d41p,0.7.3,fleet_logger_0_1,576420041,UMLIFE_v2_TLC555,ch1,origplant,soil_moisture,1688,,,OK,,,983.3,,name=classic;level=OK;role=disp;spread=23;gpio=39;device_seq=76853;time_source=device_synced;device_timestamp_utc=2026-07-28T06:18:49.290Z;config_id=257fa022;rssi=-57;uptime_s=576420;heap=195896;cal_tier=channel-cal;cal_src=wet_rederive_1236_20260719;pressure_context_source=weather_openmeteo;transport=wifi_poll,
plants.soil,2026-07-28T06:19:05.860Z,2026-07-28 01:19:05.860,22458,6762df,y9d41p,0.7.3,fleet_logger_0_1,576420041,UMLIFE_v2_TLC555,ch2,origplant,soil_moisture,1366,,,OK,,,983.3,,name=classic;level=overwatered;role=disp;spread=23;gpio=34;device_seq=76854;time_source=device_synced;device_timestamp_utc=2026-07-28T06:18:49.290Z;config_id=257fa022;rssi=-57;uptime_s=576420;heap=195896;cal_tier=channel-cal;cal_src=wet_rederive_1236_20260719;pressure_context_source=weather_openmeteo;transport=wifi_poll,
plants.soil,2026-07-28T06:19:05.860Z,2026-07-28 01:19:05.860,22459,6762df,y9d41p,0.7.3,fleet_logger_0_1,576420041,UMLIFE_v2_TLC555,ch3,origplant,soil_moisture,1441,,,OK,,,983.3,,name=classic;level=well watered;role=disp;spread=17;gpio=35;device_seq=76855;time_source=device_synced;device_timestamp_utc=2026-07-28T06:18:49.290Z;config_id=257fa022;rssi=-57;uptime_s=576420;heap=195896;cal_tier=channel-cal;cal_src=wet_rederive_1236_20260719;pressure_context_source=weather_openmeteo;transport=wifi_poll,
plants.env,2026-07-28T06:19:05.860Z,2026-07-28 01:19:05.860,22460,6762df,y9d41p,0.7.3,fleet_logger_0_1,576420797,ESP32,esp32_die,on_chip,die_temp,,51.67,degC,OK,,,,,name=classic;source=esp32_die;cal=uncalibrated_board_proxy;api=temperatureRead;config_id=257fa022;transport=wifi_poll,
plants.soil,2026-07-28T06:19:36.171Z,2026-07-28 01:19:36.171,22461,6762df,y9d41p,0.7.3,fleet_logger_0_1,576450041,UMLIFE_v2_TLC555,ch0,origplant,soil_moisture,1577,,,OK,,,983.3,,name=classic;level=well watered;role=disp;spread=30;gpio=36;device_seq=76856;time_source=device_synced;device_timestamp_utc=2026-07-28T06:19:19.290Z;config_id=257fa022;rssi=-58;uptime_s=576450;heap=195880;cal_tier=channel-cal;cal_src=wet_rederive_1236_20260719;pressure_context_source=weather_openmeteo;transport=wifi_poll,
plants.soil,2026-07-28T06:19:36.171Z,2026-07-28 01:19:36.171,22462,6762df,y9d41p,0.7.3,fleet_logger_0_1,576450041,UMLIFE_v2_TLC555,ch1,origplant,soil_moisture,1691,,,OK,,,983.3,,name=classic;level=OK;role=disp;spread=22;gpio=39;device_seq=76857;time_source=device_synced;device_timestamp_utc=2026-07-28T06:19:19.290Z;config_id=257fa022;rssi=-58;uptime_s=576450;heap=195880;cal_tier=channel-cal;cal_src=wet_rederive_1236_20260719;pressure_context_source=weather_openmeteo;transport=wifi_poll,
plants.soil,2026-07-28T06:19:36.171Z,2026-07-28 01:19:36.171,22463,6762df,y9d41p,0.7.3,fleet_logger_0_1,576450041,UMLIFE_v2_TLC555,ch2,origplant,soil_moisture,1362,,,OK,,,983.3,,name=classic;level=overwatered;role=disp;spread=27;gpio=34;device_seq=76858;time_source=device_synced;device_timestamp_utc=2026-07-28T06:19:19.290Z;config_id=257fa022;rssi=-58;uptime_s=576450;heap=195880;cal_tier=channel-cal;cal_src=wet_rederive_1236_20260719;pressure_context_source=weather_openmeteo;transport=wifi_poll,
plants.soil,2026-07-28T06:19:36.171Z,2026-07-28 01:19:36.171,22464,6762df,y9d41p,0.7.3,fleet_logger_0_1,576450041,UMLIFE_v2_TLC555,ch3,origplant,soil_moisture,1437,,,OK,,,983.3,,name=classic;level=well watered;role=disp;spread=13;gpio=35;device_seq=76859;time_source=device_synced;device_timestamp_utc=2026-07-28T06:19:19.290Z;config_id=257fa022;rssi=-58;uptime_s=576450;heap=195880;cal_tier=channel-cal;cal_src=wet_rederive_1236_20260719;pressure_context_source=weather_openmeteo;transport=wifi_poll,
plants.env,2026-07-28T06:19:36.171Z,2026-07-28 01:19:36.171,22465,6762df,y9d41p,0.7.3,fleet_logger_0_1,576450797,ESP32,esp32_die,on_chip,die_temp,,52.22,degC,OK,,,,,name=classic;source=esp32_die;cal=uncalibrated_board_proxy;api=temperatureRead;config_id=257fa022;transport=wifi_poll,
plants.soil,2026-07-28T06:20:06.582Z,2026-07-28 01:20:06.582,22466,6762df,y9d41p,0.7.3,fleet_logger_0_1,576480041,UMLIFE_v2_TLC555,ch0,origplant,soil_moisture,1572,,,OK,,,983.3,,name=classic;level=well watered;role=disp;spread=56;gpio=36;device_seq=76860;time_source=device_synced;device_timestamp_utc=2026-07-28T06:19:49.290Z;config_id=257fa022;rssi=-69;uptime_s=576480;heap=195896;cal_tier=channel-cal;cal_src=wet_rederive_1236_20260719;pressure_context_source=weather_openmeteo;transport=wifi_poll,
plants.soil,2026-07-28T06:20:06.582Z,2026-07-28 01:20:06.582,22467,6762df,y9d41p,0.7.3,fleet_logger_0_1,576480041,UMLIFE_v2_TLC555,ch1,origplant,soil_moisture,1685,,,OK,,,983.3,,name=classic;level=OK;role=disp;spread=52;gpio=39;device_seq=76861;time_source=device_synced;device_timestamp_utc=2026-07-28T06:19:49.290Z;config_id=257fa022;rssi=-69;uptime_s=576480;heap=195896;cal_tier=channel-cal;cal_src=wet_rederive_1236_20260719;pressure_context_source=weather_openmeteo;transport=wifi_poll,
plants.soil,2026-07-28T06:20:06.582Z,2026-07-28 01:20:06.582,22468,6762df,y9d41p,0.7.3,fleet_logger_0_1,576480041,UMLIFE_v2_TLC555,ch2,origplant,soil_moisture,1366,,,OK,,,983.3,,name=classic;level=overwatered;role=disp;spread=13;gpio=34;device_seq=76862;time_source=device_synced;device_timestamp_utc=2026-07-28T06:19:49.290Z;config_id=257fa022;rssi=-69;uptime_s=576480;heap=195896;cal_tier=channel-cal;cal_src=wet_rederive_1236_20260719;pressure_context_source=weather_openmeteo;transport=wifi_poll,
plants.soil,2026-07-28T06:20:06.582Z,2026-07-28 01:20:06.582,22469,6762df,y9d41p,0.7.3,fleet_logger_0_1,576480041,UMLIFE_v2_TLC555,ch3,origplant,soil_moisture,1446,,,OK,,,983.3,,name=classic;level=well watered;role=disp;spread=32;gpio=35;device_seq=76863;time_source=device_synced;device_timestamp_utc=2026-07-28T06:19:49.290Z;config_id=257fa022;rssi=-69;uptime_s=576480;heap=195896;cal_tier=channel-cal;cal_src=wet_rederive_1236_20260719;pressure_context_source=weather_openmeteo;transport=wifi_poll,
plants.env,2026-07-28T06:20:06.582Z,2026-07-28 01:20:06.582,22470,6762df,y9d41p,0.7.3,fleet_logger_0_1,576480797,ESP32,esp32_die,on_chip,die_temp,,51.67,degC,OK,,,,,name=classic;source=esp32_die;cal=uncalibrated_board_proxy;api=temperatureRead;config_id=257fa022;transport=wifi_poll,
plants.soil,2026-07-28T06:20:37.036Z,2026-07-28 01:20:37.036,22471,6762df,y9d41p,0.7.3,fleet_logger_0_1,576510041,UMLIFE_v2_TLC555,ch0,origplant,soil_moisture,1577,,,OK,,,983.3,,name=classic;level=well watered;role=disp;spread=21;gpio=36;device_seq=76864;time_source=device_synced;device_timestamp_utc=2026-07-28T06:20:19.290Z;config_id=257fa022;rssi=-58;uptime_s=576510;heap=195624;cal_tier=channel-cal;cal_src=wet_rederive_1236_20260719;pressure_context_source=weather_openmeteo;transport=wifi_poll,
plants.soil,2026-07-28T06:20:37.036Z,2026-07-28 01:20:37.036,22472,6762df,y9d41p,0.7.3,fleet_logger_0_1,576510041,UMLIFE_v2_TLC555,ch1,origplant,soil_moisture,1683,,,OK,,,983.3,,name=classic;level=OK;role=disp;spread=8;gpio=39;device_seq=76865;time_source=device_synced;device_timestamp_utc=2026-07-28T06:20:19.290Z;config_id=257fa022;rssi=-58;uptime_s=576510;heap=195624;cal_tier=channel-cal;cal_src=wet_rederive_1236_20260719;pressure_context_source=weather_openmeteo;transport=wifi_poll,
plants.soil,2026-07-28T06:20:37.036Z,2026-07-28 01:20:37.036,22473,6762df,y9d41p,0.7.3,fleet_logger_0_1,576510041,UMLIFE_v2_TLC555,ch2,origplant,soil_moisture,1364,,,OK,,,983.3,,name=classic;level=overwatered;role=disp;spread=45;gpio=34;device_seq=76866;time_source=device_synced;device_timestamp_utc=2026-07-28T06:20:19.290Z;config_id=257fa022;rssi=-58;uptime_s=576510;heap=195624;cal_tier=channel-cal;cal_src=wet_rederive_1236_20260719;pressure_context_source=weather_openmeteo;transport=wifi_poll,
plants.soil,2026-07-28T06:20:37.036Z,2026-07-28 01:20:37.036,22474,6762df,y9d41p,0.7.3,fleet_logger_0_1,576510041,UMLIFE_v2_TLC555,ch3,origplant,soil_moisture,1449,,,OK,,,983.3,,name=classic;level=well watered;role=disp;spread=14;gpio=35;device_seq=76867;time_source=device_synced;device_timestamp_utc=2026-07-28T06:20:19.290Z;config_id=257fa022;rssi=-58;uptime_s=576510;heap=195624;cal_tier=channel-cal;cal_src=wet_rederive_1236_20260719;pressure_context_source=weather_openmeteo;transport=wifi_poll,
plants.env,2026-07-28T06:20:37.036Z,2026-07-28 01:20:37.036,22475,6762df,y9d41p,0.7.3,fleet_logger_0_1,576510797,ESP32,esp32_die,on_chip,die_temp,,51.11,degC,OK,,,,,name=classic;source=esp32_die;cal=uncalibrated_board_proxy;api=temperatureRead;config_id=257fa022;transport=wifi_poll,
plants.soil,2026-07-28T06:21:07.313Z,2026-07-28 01:21:07.313,22476,6762df,y9d41p,0.7.3,fleet_logger_0_1,576540041,UMLIFE_v2_TLC555,ch0,origplant,soil_moisture,1573,,,OK,,,983.3,,name=classic;level=well watered;role=disp;spread=27;gpio=36;device_seq=76868;time_source=device_synced;device_timestamp_utc=2026-07-28T06:20:49.290Z;config_id=257fa022;rssi=-58;uptime_s=576540;heap=195624;cal_tier=channel-cal;cal_src=wet_rederive_1236_20260719;pressure_context_source=weather_openmeteo;transport=wifi_poll,
plants.soil,2026-07-28T06:21:07.313Z,2026-07-28 01:21:07.313,22477,6762df,y9d41p,0.7.3,fleet_logger_0_1,576540041,UMLIFE_v2_TLC555,ch1,origplant,soil_moisture,1689,,,OK,,,983.3,,name=classic;level=OK;role=disp;spread=14;gpio=39;device_seq=76869;time_source=device_synced;device_timestamp_utc=2026-07-28T06:20:49.290Z;config_id=257fa022;rssi=-58;uptime_s=576540;heap=195624;cal_tier=channel-cal;cal_src=wet_rederive_1236_20260719;pressure_context_source=weather_openmeteo;transport=wifi_poll,
plants.soil,2026-07-28T06:21:07.313Z,2026-07-28 01:21:07.313,22478,6762df,y9d41p,0.7.3,fleet_logger_0_1,576540041,UMLIFE_v2_TLC555,ch2,origplant,soil_moisture,1365,,,OK,,,983.3,,name=classic;level=overwatered;role=disp;spread=32;gpio=34;device_seq=76870;time_source=device_synced;device_timestamp_utc=2026-07-28T06:20:49.290Z;config_id=257fa022;rssi=-58;uptime_s=576540;heap=195624;cal_tier=channel-cal;cal_src=wet_rederive_1236_20260719;pressure_context_source=weather_openmeteo;transport=wifi_poll,
plants.soil,2026-07-28T06:21:07.313Z,2026-07-28 01:21:07.313,22479,6762df,y9d41p,0.7.3,fleet_logger_0_1,576540041,UMLIFE_v2_TLC555,ch3,origplant,soil_moisture,1441,,,OK,,,983.3,,name=classic;level=well watered;role=disp;spread=17;gpio=35;device_seq=76871;time_source=device_synced;device_timestamp_utc=2026-07-28T06:20:49.290Z;config_id=257fa022;rssi=-58;uptime_s=576540;heap=195624;cal_tier=channel-cal;cal_src=wet_rederive_1236_20260719;pressure_context_source=weather_openmeteo;transport=wifi_poll,
plants.env,2026-07-28T06:21:07.313Z,2026-07-28 01:21:07.313,22480,6762df,y9d41p,0.7.3,fleet_logger_0_1,576540797,ESP32,esp32_die,on_chip,die_temp,,51.11,degC,OK,,,,,name=classic;source=esp32_die;cal=uncalibrated_board_proxy;api=temperatureRead;config_id=257fa022;transport=wifi_poll,
plants.soil,2026-07-28T06:21:37.659Z,2026-07-28 01:21:37.659,22481,6762df,y9d41p,0.7.3,fleet_logger_0_1,576570041,UMLIFE_v2_TLC555,ch0,origplant,soil_moisture,1577,,,OK,,,983.3,,name=classic;level=well watered;role=disp;spread=28;gpio=36;device_seq=76872;time_source=device_synced;device_timestamp_utc=2026-07-28T06:21:19.290Z;config_id=257fa022;rssi=-58;uptime_s=576570;heap=195884;cal_tier=channel-cal;cal_src=wet_rederive_1236_20260719;pressure_context_source=weather_openmeteo;transport=wifi_poll,
plants.soil,2026-07-28T06:21:37.659Z,2026-07-28 01:21:37.659,22482,6762df,y9d41p,0.7.3,fleet_logger_0_1,576570041,UMLIFE_v2_TLC555,ch1,origplant,soil_moisture,1687,,,OK,,,983.3,,name=classic;level=OK;role=disp;spread=36;gpio=39;device_seq=76873;time_source=device_synced;device_timestamp_utc=2026-07-28T06:21:19.290Z;config_id=257fa022;rssi=-58;uptime_s=576570;heap=195884;cal_tier=channel-cal;cal_src=wet_rederive_1236_20260719;pressure_context_source=weather_openmeteo;transport=wifi_poll,
plants.soil,2026-07-28T06:21:37.659Z,2026-07-28 01:21:37.659,22483,6762df,y9d41p,0.7.3,fleet_logger_0_1,576570041,UMLIFE_v2_TLC555,ch2,origplant,soil_moisture,1365,,,OK,,,983.3,,name=classic;level=overwatered;role=disp;spread=37;gpio=34;device_seq=76874;time_source=device_synced;device_timestamp_utc=2026-07-28T06:21:19.290Z;config_id=257fa022;rssi=-58;uptime_s=576570;heap=195884;cal_tier=channel-cal;cal_src=wet_rederive_1236_20260719;pressure_context_source=weather_openmeteo;transport=wifi_poll,
plants.soil,2026-07-28T06:21:37.659Z,2026-07-28 01:21:37.659,22484,6762df,y9d41p,0.7.3,fleet_logger_0_1,576570041,UMLIFE_v2_TLC555,ch3,origplant,soil_moisture,1448,,,OK,,,983.3,,name=classic;level=well watered;role=disp;spread=26;gpio=35;device_seq=76875;time_source=device_synced;device_timestamp_utc=2026-07-28T06:21:19.290Z;config_id=257fa022;rssi=-58;uptime_s=576570;heap=195884;cal_tier=channel-cal;cal_src=wet_rederive_1236_20260719;pressure_context_source=weather_openmeteo;transport=wifi_poll,
plants.env,2026-07-28T06:21:37.659Z,2026-07-28 01:21:37.659,22485,6762df,y9d41p,0.7.3,fleet_logger_0_1,576570797,ESP32,esp32_die,on_chip,die_temp,,51.11,degC,OK,,,,,name=classic;source=esp32_die;cal=uncalibrated_board_proxy;api=temperatureRead;config_id=257fa022;transport=wifi_poll,
plants.soil,2026-07-28T06:22:08.541Z,2026-07-28 01:22:08.541,22486,6762df,y9d41p,0.7.3,fleet_logger_0_1,576600041,UMLIFE_v2_TLC555,ch0,origplant,soil_moisture,1574,,,OK,,,983.3,,name=classic;level=well watered;role=disp;spread=25;gpio=36;device_seq=76876;time_source=device_synced;device_timestamp_utc=2026-07-28T06:21:49.290Z;config_id=257fa022;rssi=-58;uptime_s=576600;heap=195884;cal_tier=channel-cal;cal_src=wet_rederive_1236_20260719;pressure_context_source=weather_openmeteo;transport=wifi_poll,
plants.soil,2026-07-28T06:22:08.541Z,2026-07-28 01:22:08.541,22487,6762df,y9d41p,0.7.3,fleet_logger_0_1,576600041,UMLIFE_v2_TLC555,ch1,origplant,soil_moisture,1688,,,OK,,,983.3,,name=classic;level=OK;role=disp;spread=30;gpio=39;device_seq=76877;time_source=device_synced;device_timestamp_utc=2026-07-28T06:21:49.290Z;config_id=257fa022;rssi=-58;uptime_s=576600;heap=195884;cal_tier=channel-cal;cal_src=wet_rederive_1236_20260719;pressure_context_source=weather_openmeteo;transport=wifi_poll,
plants.soil,2026-07-28T06:22:08.541Z,2026-07-28 01:22:08.541,22488,6762df,y9d41p,0.7.3,fleet_logger_0_1,576600041,UMLIFE_v2_TLC555,ch2,origplant,soil_moisture,1363,,,OK,,,983.3,,name=classic;level=overwatered;role=disp;spread=54;gpio=34;device_seq=76878;time_source=device_synced;device_timestamp_utc=2026-07-28T06:21:49.290Z;config_id=257fa022;rssi=-58;uptime_s=576600;heap=195884;cal_tier=channel-cal;cal_src=wet_rederive_1236_20260719;pressure_context_source=weather_openmeteo;transport=wifi_poll,
plants.soil,2026-07-28T06:22:08.541Z,2026-07-28 01:22:08.541,22489,6762df,y9d41p,0.7.3,fleet_logger_0_1,576600041,UMLIFE_v2_TLC555,ch3,origplant,soil_moisture,1441,,,OK,,,983.3,,name=classic;level=well watered;role=disp;spread=26;gpio=35;device_seq=76879;time_source=device_synced;device_timestamp_utc=2026-07-28T06:21:49.290Z;config_id=257fa022;rssi=-58;uptime_s=576600;heap=195884;cal_tier=channel-cal;cal_src=wet_rederive_1236_20260719;pressure_context_source=weather_openmeteo;transport=wifi_poll,
plants.env,2026-07-28T06:22:08.541Z,2026-07-28 01:22:08.541,22490,6762df,y9d41p,0.7.3,fleet_logger_0_1,576601863,ESP32,esp32_die,on_chip,die_temp,,52.22,degC,OK,,,,,name=classic;source=esp32_die;cal=uncalibrated_board_proxy;api=temperatureRead;config_id=257fa022;transport=wifi_poll,
plants.soil,2026-07-28T06:22:38.852Z,2026-07-28 01:22:38.852,22491,6762df,y9d41p,0.7.3,fleet_logger_0_1,576630041,UMLIFE_v2_TLC555,ch0,origplant,soil_moisture,1574,,,OK,,,983.3,,name=classic;level=well watered;role=disp;spread=32;gpio=36;device_seq=76880;time_source=device_synced;device_timestamp_utc=2026-07-28T06:22:19.290Z;config_id=257fa022;rssi=-59;uptime_s=576630;heap=195880;cal_tier=channel-cal;cal_src=wet_rederive_1236_20260719;pressure_context_source=weather_openmeteo;transport=wifi_poll,
plants.soil,2026-07-28T06:22:38.852Z,2026-07-28 01:22:38.852,22492,6762df,y9d41p,0.7.3,fleet_logger_0_1,576630041,UMLIFE_v2_TLC555,ch1,origplant,soil_moisture,1687,,,OK,,,983.3,,name=classic;level=OK;role=disp;spread=52;gpio=39;device_seq=76881;time_source=device_synced;device_timestamp_utc=2026-07-28T06:22:19.290Z;config_id=257fa022;rssi=-59;uptime_s=576630;heap=195880;cal_tier=channel-cal;cal_src=wet_rederive_1236_20260719;pressure_context_source=weather_openmeteo;transport=wifi_poll,
plants.soil,2026-07-28T06:22:38.852Z,2026-07-28 01:22:38.852,22493,6762df,y9d41p,0.7.3,fleet_logger_0_1,576630041,UMLIFE_v2_TLC555,ch2,origplant,soil_moisture,1362,,,OK,,,983.3,,name=classic;level=overwatered;role=disp;spread=29;gpio=34;device_seq=76882;time_source=device_synced;device_timestamp_utc=2026-07-28T06:22:19.290Z;config_id=257fa022;rssi=-59;uptime_s=576630;heap=195880;cal_tier=channel-cal;cal_src=wet_rederive_1236_20260719;pressure_context_source=weather_openmeteo;transport=wifi_poll,
plants.soil,2026-07-28T06:22:38.852Z,2026-07-28 01:22:38.852,22494,6762df,y9d41p,0.7.3,fleet_logger_0_1,576630041,UMLIFE_v2_TLC555,ch3,origplant,soil_moisture,1449,,,OK,,,983.3,,name=classic;level=well watered;role=disp;spread=31;gpio=35;device_seq=76883;time_source=device_synced;device_timestamp_utc=2026-07-28T06:22:19.290Z;config_id=257fa022;rssi=-59;uptime_s=576630;heap=195880;cal_tier=channel-cal;cal_src=wet_rederive_1236_20260719;pressure_context_source=weather_openmeteo;transport=wifi_poll,
plants.env,2026-07-28T06:22:38.852Z,2026-07-28 01:22:38.852,22495,6762df,y9d41p,0.7.3,fleet_logger_0_1,576630797,ESP32,esp32_die,on_chip,die_temp,,51.67,degC,OK,,,,,name=classic;source=esp32_die;cal=uncalibrated_board_proxy;api=temperatureRead;config_id=257fa022;transport=wifi_poll,
plants.soil,2026-07-28T06:23:09.366Z,2026-07-28 01:23:09.366,22496,6762df,y9d41p,0.7.3,fleet_logger_0_1,576660041,UMLIFE_v2_TLC555,ch0,origplant,soil_moisture,1576,,,OK,,,983.3,,name=classic;level=well watered;role=disp;spread=33;gpio=36;device_seq=76884;time_source=device_synced;device_timestamp_utc=2026-07-28T06:22:49.290Z;config_id=257fa022;rssi=-59;uptime_s=576660;heap=195884;cal_tier=channel-cal;cal_src=wet_rederive_1236_20260719;pressure_context_source=weather_openmeteo;transport=wifi_poll,
plants.soil,2026-07-28T06:23:09.366Z,2026-07-28 01:23:09.366,22497,6762df,y9d41p,0.7.3,fleet_logger_0_1,576660041,UMLIFE_v2_TLC555,ch1,origplant,soil_moisture,1686,,,OK,,,983.3,,name=classic;level=OK;role=disp;spread=35;gpio=39;device_seq=76885;time_source=device_synced;device_timestamp_utc=2026-07-28T06:22:49.290Z;config_id=257fa022;rssi=-59;uptime_s=576660;heap=195884;cal_tier=channel-cal;cal_src=wet_rederive_1236_20260719;pressure_context_source=weather_openmeteo;transport=wifi_poll,
plants.soil,2026-07-28T06:23:09.366Z,2026-07-28 01:23:09.366,22498,6762df,y9d41p,0.7.3,fleet_logger_0_1,576660041,UMLIFE_v2_TLC555,ch2,origplant,soil_moisture,1364,,,OK,,,983.3,,name=classic;level=overwatered;role=disp;spread=54;gpio=34;device_seq=76886;time_source=device_synced;device_timestamp_utc=2026-07-28T06:22:49.290Z;config_id=257fa022;rssi=-59;uptime_s=576660;heap=195884;cal_tier=channel-cal;cal_src=wet_rederive_1236_20260719;pressure_context_source=weather_openmeteo;transport=wifi_poll,
plants.soil,2026-07-28T06:23:09.366Z,2026-07-28 01:23:09.366,22499,6762df,y9d41p,0.7.3,fleet_logger_0_1,576660041,UMLIFE_v2_TLC555,ch3,origplant,soil_moisture,1445,,,OK,,,983.3,,name=classic;level=well watered;role=disp;spread=17;gpio=35;device_seq=76887;time_source=device_synced;device_timestamp_utc=2026-07-28T06:22:49.290Z;config_id=257fa022;rssi=-59;uptime_s=576660;heap=195884;cal_tier=channel-cal;cal_src=wet_rederive_1236_20260719;pressure_context_source=weather_openmeteo;transport=wifi_poll,
plants.env,2026-07-28T06:23:09.366Z,2026-07-28 01:23:09.366,22500,6762df,y9d41p,0.7.3,fleet_logger_0_1,576660797,ESP32,esp32_die,on_chip,die_temp,,51.67,degC,OK,,,,,name=classic;source=esp32_die;cal=uncalibrated_board_proxy;api=temperatureRead;config_id=257fa022;transport=wifi_poll,
plants.soil,2026-07-28T06:23:39.714Z,2026-07-28 01:23:39.714,22501,6762df,y9d41p,0.7.3,fleet_logger_0_1,576690041,UMLIFE_v2_TLC555,ch0,origplant,soil_moisture,1573,,,OK,,,983.3,,name=classic;level=well watered;role=disp;spread=13;gpio=36;device_seq=76888;time_source=device_synced;device_timestamp_utc=2026-07-28T06:23:19.290Z;config_id=257fa022;rssi=-58;uptime_s=576690;heap=195616;cal_tier=channel-cal;cal_src=wet_rederive_1236_20260719;pressure_context_source=weather_openmeteo;transport=wifi_poll,
plants.soil,2026-07-28T06:23:39.714Z,2026-07-28 01:23:39.714,22502,6762df,y9d41p,0.7.3,fleet_logger_0_1,576690041,UMLIFE_v2_TLC555,ch1,origplant,soil_moisture,1692,,,OK,,,983.3,,name=classic;level=OK;role=disp;spread=41;gpio=39;device_seq=76889;time_source=device_synced;device_timestamp_utc=2026-07-28T06:23:19.290Z;config_id=257fa022;rssi=-58;uptime_s=576690;heap=195616;cal_tier=channel-cal;cal_src=wet_rederive_1236_20260719;pressure_context_source=weather_openmeteo;transport=wifi_poll,
plants.soil,2026-07-28T06:23:39.714Z,2026-07-28 01:23:39.714,22503,6762df,y9d41p,0.7.3,fleet_logger_0_1,576690041,UMLIFE_v2_TLC555,ch2,origplant,soil_moisture,1359,,,OK,,,983.3,,name=classic;level=overwatered;role=disp;spread=27;gpio=34;device_seq=76890;time_source=device_synced;device_timestamp_utc=2026-07-28T06:23:19.290Z;config_id=257fa022;rssi=-58;uptime_s=576690;heap=195616;cal_tier=channel-cal;cal_src=wet_rederive_1236_20260719;pressure_context_source=weather_openmeteo;transport=wifi_poll,
plants.soil,2026-07-28T06:23:39.714Z,2026-07-28 01:23:39.714,22504,6762df,y9d41p,0.7.3,fleet_logger_0_1,576690041,UMLIFE_v2_TLC555,ch3,origplant,soil_moisture,1438,,,OK,,,983.3,,name=classic;level=well watered;role=disp;spread=21;gpio=35;device_seq=76891;time_source=device_synced;device_timestamp_utc=2026-07-28T06:23:19.290Z;config_id=257fa022;rssi=-58;uptime_s=576690;heap=195616;cal_tier=channel-cal;cal_src=wet_rederive_1236_20260719;pressure_context_source=weather_openmeteo;transport=wifi_poll,
plants.env,2026-07-28T06:23:39.714Z,2026-07-28 01:23:39.714,22505,6762df,y9d41p,0.7.3,fleet_logger_0_1,576690797,ESP32,esp32_die,on_chip,die_temp,,52.22,degC,OK,,,,,name=classic;source=esp32_die;cal=uncalibrated_board_proxy;api=temperatureRead;config_id=257fa022;transport=wifi_poll,
plants.soil,2026-07-28T06:24:10.050Z,2026-07-28 01:24:10.050,22506,6762df,y9d41p,0.7.3,fleet_logger_0_1,576720041,UMLIFE_v2_TLC555,ch0,origplant,soil_moisture,1573,,,OK,,,983.3,,name=classic;level=well watered;role=disp;spread=19;gpio=36;device_seq=76892;time_source=device_synced;device_timestamp_utc=2026-07-28T06:23:49.290Z;config_id=257fa022;rssi=-60;uptime_s=576720;heap=195624;cal_tier=channel-cal;cal_src=wet_rederive_1236_20260719;pressure_context_source=weather_openmeteo;transport=wifi_poll,
plants.soil,2026-07-28T06:24:10.050Z,2026-07-28 01:24:10.050,22507,6762df,y9d41p,0.7.3,fleet_logger_0_1,576720041,UMLIFE_v2_TLC555,ch1,origplant,soil_moisture,1690,,,OK,,,983.3,,name=classic;level=OK;role=disp;spread=25;gpio=39;device_seq=76893;time_source=device_synced;device_timestamp_utc=2026-07-28T06:23:49.290Z;config_id=257fa022;rssi=-60;uptime_s=576720;heap=195624;cal_tier=channel-cal;cal_src=wet_rederive_1236_20260719;pressure_context_source=weather_openmeteo;transport=wifi_poll,
plants.soil,2026-07-28T06:24:10.050Z,2026-07-28 01:24:10.050,22508,6762df,y9d41p,0.7.3,fleet_logger_0_1,576720041,UMLIFE_v2_TLC555,ch2,origplant,soil_moisture,1367,,,OK,,,983.3,,name=classic;level=overwatered;role=disp;spread=24;gpio=34;device_seq=76894;time_source=device_synced;device_timestamp_utc=2026-07-28T06:23:49.290Z;config_id=257fa022;rssi=-60;uptime_s=576720;heap=195624;cal_tier=channel-cal;cal_src=wet_rederive_1236_20260719;pressure_context_source=weather_openmeteo;transport=wifi_poll,
plants.soil,2026-07-28T06:24:10.050Z,2026-07-28 01:24:10.050,22509,6762df,y9d41p,0.7.3,fleet_logger_0_1,576720041,UMLIFE_v2_TLC555,ch3,origplant,soil_moisture,1444,,,OK,,,983.3,,name=classic;level=well watered;role=disp;spread=34;gpio=35;device_seq=76895;time_source=device_synced;device_timestamp_utc=2026-07-28T06:23:49.290Z;config_id=257fa022;rssi=-60;uptime_s=576720;heap=195624;cal_tier=channel-cal;cal_src=wet_rederive_1236_20260719;pressure_context_source=weather_openmeteo;transport=wifi_poll,
plants.env,2026-07-28T06:24:10.050Z,2026-07-28 01:24:10.050,22510,6762df,y9d41p,0.7.3,fleet_logger_0_1,576720797,ESP32,esp32_die,on_chip,die_temp,,51.67,degC,OK,,,,,name=classic;source=esp32_die;cal=uncalibrated_board_proxy;api=temperatureRead;config_id=257fa022;transport=wifi_poll,
plants.soil,2026-07-28T06:24:40.401Z,2026-07-28 01:24:40.401,22511,6762df,y9d41p,0.7.3,fleet_logger_0_1,576750041,UMLIFE_v2_TLC555,ch0,origplant,soil_moisture,1576,,,OK,,,983.3,,name=classic;level=well watered;role=disp;spread=22;gpio=36;device_seq=76896;time_source=device_synced;device_timestamp_utc=2026-07-28T06:24:19.290Z;config_id=257fa022;rssi=-59;uptime_s=576750;heap=195884;cal_tier=channel-cal;cal_src=wet_rederive_1236_20260719;pressure_context_source=weather_openmeteo;transport=wifi_poll,
plants.soil,2026-07-28T06:24:40.401Z,2026-07-28 01:24:40.401,22512,6762df,y9d41p,0.7.3,fleet_logger_0_1,576750041,UMLIFE_v2_TLC555,ch1,origplant,soil_moisture,1685,,,OK,,,983.3,,name=classic;level=OK;role=disp;spread=35;gpio=39;device_seq=76897;time_source=device_synced;device_timestamp_utc=2026-07-28T06:24:19.290Z;config_id=257fa022;rssi=-59;uptime_s=576750;heap=195884;cal_tier=channel-cal;cal_src=wet_rederive_1236_20260719;pressure_context_source=weather_openmeteo;transport=wifi_poll,
plants.soil,2026-07-28T06:24:40.401Z,2026-07-28 01:24:40.401,22513,6762df,y9d41p,0.7.3,fleet_logger_0_1,576750041,UMLIFE_v2_TLC555,ch2,origplant,soil_moisture,1359,,,OK,,,983.3,,name=classic;level=overwatered;role=disp;spread=41;gpio=34;device_seq=76898;time_source=device_synced;device_timestamp_utc=2026-07-28T06:24:19.290Z;config_id=257fa022;rssi=-59;uptime_s=576750;heap=195884;cal_tier=channel-cal;cal_src=wet_rederive_1236_20260719;pressure_context_source=weather_openmeteo;transport=wifi_poll,
plants.soil,2026-07-28T06:24:40.401Z,2026-07-28 01:24:40.401,22514,6762df,y9d41p,0.7.3,fleet_logger_0_1,576750041,UMLIFE_v2_TLC555,ch3,origplant,soil_moisture,1448,,,OK,,,983.3,,name=classic;level=well watered;role=disp;spread=13;gpio=35;device_seq=76899;time_source=device_synced;device_timestamp_utc=2026-07-28T06:24:19.290Z;config_id=257fa022;rssi=-59;uptime_s=576750;heap=195884;cal_tier=channel-cal;cal_src=wet_rederive_1236_20260719;pressure_context_source=weather_openmeteo;transport=wifi_poll,
plants.env,2026-07-28T06:24:40.401Z,2026-07-28 01:24:40.401,22515,6762df,y9d41p,0.7.3,fleet_logger_0_1,576750797,ESP32,esp32_die,on_chip,die_temp,,51.11,degC,OK,,,,,name=classic;source=esp32_die;cal=uncalibrated_board_proxy;api=temperatureRead;config_id=257fa022;transport=wifi_poll,
plants.soil,2026-07-28T06:25:10.742Z,2026-07-28 01:25:10.742,22516,6762df,y9d41p,0.7.3,fleet_logger_0_1,576780041,UMLIFE_v2_TLC555,ch0,origplant,soil_moisture,1573,,,OK,,,983.3,,name=classic;level=well watered;role=disp;spread=27;gpio=36;device_seq=76900;time_source=device_synced;device_timestamp_utc=2026-07-28T06:24:49.290Z;config_id=257fa022;rssi=-59;uptime_s=576780;heap=195884;cal_tier=channel-cal;cal_src=wet_rederive_1236_20260719;pressure_context_source=weather_openmeteo;transport=wifi_poll,
plants.soil,2026-07-28T06:25:10.742Z,2026-07-28 01:25:10.742,22517,6762df,y9d41p,0.7.3,fleet_logger_0_1,576780041,UMLIFE_v2_TLC555,ch1,origplant,soil_moisture,1688,,,OK,,,983.3,,name=classic;level=OK;role=disp;spread=29;gpio=39;device_seq=76901;time_source=device_synced;device_timestamp_utc=2026-07-28T06:24:49.290Z;config_id=257fa022;rssi=-59;uptime_s=576780;heap=195884;cal_tier=channel-cal;cal_src=wet_rederive_1236_20260719;pressure_context_source=weather_openmeteo;transport=wifi_poll,
plants.soil,2026-07-28T06:25:10.742Z,2026-07-28 01:25:10.742,22518,6762df,y9d41p,0.7.3,fleet_logger_0_1,576780041,UMLIFE_v2_TLC555,ch2,origplant,soil_moisture,1362,,,OK,,,983.3,,name=classic;level=overwatered;role=disp;spread=27;gpio=34;device_seq=76902;time_source=device_synced;device_timestamp_utc=2026-07-28T06:24:49.290Z;config_id=257fa022;rssi=-59;uptime_s=576780;heap=195884;cal_tier=channel-cal;cal_src=wet_rederive_1236_20260719;pressure_context_source=weather_openmeteo;transport=wifi_poll,
plants.soil,2026-07-28T06:25:10.742Z,2026-07-28 01:25:10.742,22519,6762df,y9d41p,0.7.3,fleet_logger_0_1,576780041,UMLIFE_v2_TLC555,ch3,origplant,soil_moisture,1441,,,OK,,,983.3,,name=classic;level=well watered;role=disp;spread=15;gpio=35;device_seq=76903;time_source=device_synced;device_timestamp_utc=2026-07-28T06:24:49.290Z;config_id=257fa022;rssi=-59;uptime_s=576780;heap=195884;cal_tier=channel-cal;cal_src=wet_rederive_1236_20260719;pressure_context_source=weather_openmeteo;transport=wifi_poll,
plants.env,2026-07-28T06:25:10.742Z,2026-07-28 01:25:10.742,22520,6762df,y9d41p,0.7.3,fleet_logger_0_1,576780797,ESP32,esp32_die,on_chip,die_temp,,52.22,degC,OK,,,,,name=classic;source=esp32_die;cal=uncalibrated_board_proxy;api=temperatureRead;config_id=257fa022;transport=wifi_poll,
plants.soil,2026-07-28T06:25:41.060Z,2026-07-28 01:25:41.060,22521,6762df,y9d41p,0.7.3,fleet_logger_0_1,576810041,UMLIFE_v2_TLC555,ch0,origplant,soil_moisture,1575,,,OK,,,983.3,,name=classic;level=well watered;role=disp;spread=25;gpio=36;device_seq=76904;time_source=device_synced;device_timestamp_utc=2026-07-28T06:25:19.290Z;config_id=257fa022;rssi=-59;uptime_s=576810;heap=195884;cal_tier=channel-cal;cal_src=wet_rederive_1236_20260719;pressure_context_source=weather_openmeteo;transport=wifi_poll,
plants.soil,2026-07-28T06:25:41.060Z,2026-07-28 01:25:41.060,22522,6762df,y9d41p,0.7.3,fleet_logger_0_1,576810041,UMLIFE_v2_TLC555,ch1,origplant,soil_moisture,1690,,,OK,,,983.3,,name=classic;level=OK;role=disp;spread=37;gpio=39;device_seq=76905;time_source=device_synced;device_timestamp_utc=2026-07-28T06:25:19.290Z;config_id=257fa022;rssi=-59;uptime_s=576810;heap=195884;cal_tier=channel-cal;cal_src=wet_rederive_1236_20260719;pressure_context_source=weather_openmeteo;transport=wifi_poll,
plants.soil,2026-07-28T06:25:41.060Z,2026-07-28 01:25:41.060,22523,6762df,y9d41p,0.7.3,fleet_logger_0_1,576810041,UMLIFE_v2_TLC555,ch2,origplant,soil_moisture,1363,,,OK,,,983.3,,name=classic;level=overwatered;role=disp;spread=30;gpio=34;device_seq=76906;time_source=device_synced;device_timestamp_utc=2026-07-28T06:25:19.290Z;config_id=257fa022;rssi=-59;uptime_s=576810;heap=195884;cal_tier=channel-cal;cal_src=wet_rederive_1236_20260719;pressure_context_source=weather_openmeteo;transport=wifi_poll,
plants.soil,2026-07-28T06:25:41.060Z,2026-07-28 01:25:41.060,22524,6762df,y9d41p,0.7.3,fleet_logger_0_1,576810041,UMLIFE_v2_TLC555,ch3,origplant,soil_moisture,1439,,,OK,,,983.3,,name=classic;level=well watered;role=disp;spread=26;gpio=35;device_seq=76907;time_source=device_synced;device_timestamp_utc=2026-07-28T06:25:19.290Z;config_id=257fa022;rssi=-59;uptime_s=576810;heap=195884;cal_tier=channel-cal;cal_src=wet_rederive_1236_20260719;pressure_context_source=weather_openmeteo;transport=wifi_poll,
plants.env,2026-07-28T06:25:41.060Z,2026-07-28 01:25:41.060,22525,6762df,y9d41p,0.7.3,fleet_logger_0_1,576810797,ESP32,esp32_die,on_chip,die_temp,,52.22,degC,OK,,,,,name=classic;source=esp32_die;cal=uncalibrated_board_proxy;api=temperatureRead;config_id=257fa022;transport=wifi_poll,
plants.soil,2026-07-28T06:26:11.357Z,2026-07-28 01:26:11.357,22526,6762df,y9d41p,0.7.3,fleet_logger_0_1,576840041,UMLIFE_v2_TLC555,ch0,origplant,soil_moisture,1576,,,OK,,,983.3,,name=classic;level=well watered;role=disp;spread=19;gpio=36;device_seq=76908;time_source=device_synced;device_timestamp_utc=2026-07-28T06:25:49.290Z;config_id=257fa022;rssi=-59;uptime_s=576840;heap=195872;cal_tier=channel-cal;cal_src=wet_rederive_1236_20260719;pressure_context_source=weather_openmeteo;transport=wifi_poll,
plants.soil,2026-07-28T06:26:11.357Z,2026-07-28 01:26:11.357,22527,6762df,y9d41p,0.7.3,fleet_logger_0_1,576840041,UMLIFE_v2_TLC555,ch1,origplant,soil_moisture,1684,,,OK,,,983.3,,name=classic;level=OK;role=disp;spread=21;gpio=39;device_seq=76909;time_source=device_synced;device_timestamp_utc=2026-07-28T06:25:49.290Z;config_id=257fa022;rssi=-59;uptime_s=576840;heap=195872;cal_tier=channel-cal;cal_src=wet_rederive_1236_20260719;pressure_context_source=weather_openmeteo;transport=wifi_poll,
plants.soil,2026-07-28T06:26:11.357Z,2026-07-28 01:26:11.357,22528,6762df,y9d41p,0.7.3,fleet_logger_0_1,576840041,UMLIFE_v2_TLC555,ch2,origplant,soil_moisture,1363,,,OK,,,983.3,,name=classic;level=overwatered;role=disp;spread=47;gpio=34;device_seq=76910;time_source=device_synced;device_timestamp_utc=2026-07-28T06:25:49.290Z;config_id=257fa022;rssi=-59;uptime_s=576840;heap=195872;cal_tier=channel-cal;cal_src=wet_rederive_1236_20260719;pressure_context_source=weather_openmeteo;transport=wifi_poll,
plants.soil,2026-07-28T06:26:11.357Z,2026-07-28 01:26:11.357,22529,6762df,y9d41p,0.7.3,fleet_logger_0_1,576840041,UMLIFE_v2_TLC555,ch3,origplant,soil_moisture,1448,,,OK,,,983.3,,name=classic;level=well watered;role=disp;spread=29;gpio=35;device_seq=76911;time_source=device_synced;device_timestamp_utc=2026-07-28T06:25:49.290Z;config_id=257fa022;rssi=-59;uptime_s=576840;heap=195872;cal_tier=channel-cal;cal_src=wet_rederive_1236_20260719;pressure_context_source=weather_openmeteo;transport=wifi_poll,
plants.env,2026-07-28T06:26:11.357Z,2026-07-28 01:26:11.357,22530,6762df,y9d41p,0.7.3,fleet_logger_0_1,576840797,ESP32,esp32_die,on_chip,die_temp,,51.67,degC,OK,,,,,name=classic;source=esp32_die;cal=uncalibrated_board_proxy;api=temperatureRead;config_id=257fa022;transport=wifi_poll,
plants.soil,2026-07-28T06:26:41.684Z,2026-07-28 01:26:41.684,22531,6762df,y9d41p,0.7.3,fleet_logger_0_1,576870041,UMLIFE_v2_TLC555,ch0,origplant,soil_moisture,1573,,,OK,,,983.3,,name=classic;level=well watered;role=disp;spread=40;gpio=36;device_seq=76912;time_source=device_synced;device_timestamp_utc=2026-07-28T06:26:19.290Z;config_id=257fa022;rssi=-59;uptime_s=576870;heap=195636;cal_tier=channel-cal;cal_src=wet_rederive_1236_20260719;pressure_context_source=weather_openmeteo;transport=wifi_poll,
plants.soil,2026-07-28T06:26:41.684Z,2026-07-28 01:26:41.684,22532,6762df,y9d41p,0.7.3,fleet_logger_0_1,576870041,UMLIFE_v2_TLC555,ch1,origplant,soil_moisture,1690,,,OK,,,983.3,,name=classic;level=OK;role=disp;spread=69;gpio=39;device_seq=76913;time_source=device_synced;device_timestamp_utc=2026-07-28T06:26:19.290Z;config_id=257fa022;rssi=-59;uptime_s=576870;heap=195636;cal_tier=channel-cal;cal_src=wet_rederive_1236_20260719;pressure_context_source=weather_openmeteo;transport=wifi_poll,
plants.soil,2026-07-28T06:26:41.684Z,2026-07-28 01:26:41.684,22533,6762df,y9d41p,0.7.3,fleet_logger_0_1,576870041,UMLIFE_v2_TLC555,ch2,origplant,soil_moisture,1362,,,OK,,,983.3,,name=classic;level=overwatered;role=disp;spread=20;gpio=34;device_seq=76914;time_source=device_synced;device_timestamp_utc=2026-07-28T06:26:19.290Z;config_id=257fa022;rssi=-59;uptime_s=576870;heap=195636;cal_tier=channel-cal;cal_src=wet_rederive_1236_20260719;pressure_context_source=weather_openmeteo;transport=wifi_poll,
plants.soil,2026-07-28T06:26:41.684Z,2026-07-28 01:26:41.684,22534,6762df,y9d41p,0.7.3,fleet_logger_0_1,576870041,UMLIFE_v2_TLC555,ch3,origplant,soil_moisture,1442,,,OK,,,983.3,,name=classic;level=well watered;role=disp;spread=26;gpio=35;device_seq=76915;time_source=device_synced;device_timestamp_utc=2026-07-28T06:26:19.290Z;config_id=257fa022;rssi=-59;uptime_s=576870;heap=195636;cal_tier=channel-cal;cal_src=wet_rederive_1236_20260719;pressure_context_source=weather_openmeteo;transport=wifi_poll,
plants.env,2026-07-28T06:26:41.684Z,2026-07-28 01:26:41.684,22535,6762df,y9d41p,0.7.3,fleet_logger_0_1,576870797,ESP32,esp32_die,on_chip,die_temp,,51.67,degC,OK,,,,,name=classic;source=esp32_die;cal=uncalibrated_board_proxy;api=temperatureRead;config_id=257fa022;transport=wifi_poll,
plants.soil,2026-07-28T06:27:44.414Z,2026-07-28 01:27:44.414,22536,6762df,y9d41p,0.7.3,fleet_logger_0_1,576930041,UMLIFE_v2_TLC555,ch0,origplant,soil_moisture,1577,,,OK,,,982.8,,name=classic;level=well watered;role=disp;spread=34;gpio=36;device_seq=76920;time_source=device_synced;device_timestamp_utc=2026-07-28T06:27:19.290Z;config_id=257fa022;rssi=-59;uptime_s=576930;heap=196144;cal_tier=channel-cal;cal_src=wet_rederive_1236_20260719;pressure_context_source=weather_openmeteo;transport=wifi_poll,
plants.soil,2026-07-28T06:27:44.414Z,2026-07-28 01:27:44.414,22537,6762df,y9d41p,0.7.3,fleet_logger_0_1,576930041,UMLIFE_v2_TLC555,ch1,origplant,soil_moisture,1688,,,OK,,,982.8,,name=classic;level=OK;role=disp;spread=37;gpio=39;device_seq=76921;time_source=device_synced;device_timestamp_utc=2026-07-28T06:27:19.290Z;config_id=257fa022;rssi=-59;uptime_s=576930;heap=196144;cal_tier=channel-cal;cal_src=wet_rederive_1236_20260719;pressure_context_source=weather_openmeteo;transport=wifi_poll,
plants.soil,2026-07-28T06:27:44.414Z,2026-07-28 01:27:44.414,22538,6762df,y9d41p,0.7.3,fleet_logger_0_1,576930041,UMLIFE_v2_TLC555,ch2,origplant,soil_moisture,1362,,,OK,,,982.8,,name=classic;level=overwatered;role=disp;spread=21;gpio=34;device_seq=76922;time_source=device_synced;device_timestamp_utc=2026-07-28T06:27:19.290Z;config_id=257fa022;rssi=-59;uptime_s=576930;heap=196144;cal_tier=channel-cal;cal_src=wet_rederive_1236_20260719;pressure_context_source=weather_openmeteo;transport=wifi_poll,
plants.soil,2026-07-28T06:27:44.414Z,2026-07-28 01:27:44.414,22539,6762df,y9d41p,0.7.3,fleet_logger_0_1,576930041,UMLIFE_v2_TLC555,ch3,origplant,soil_moisture,1445,,,OK,,,982.8,,name=classic;level=well watered;role=disp;spread=43;gpio=35;device_seq=76923;time_source=device_synced;device_timestamp_utc=2026-07-28T06:27:19.290Z;config_id=257fa022;rssi=-59;uptime_s=576930;heap=196144;cal_tier=channel-cal;cal_src=wet_rederive_1236_20260719;pressure_context_source=weather_openmeteo;transport=wifi_poll,
plants.env,2026-07-28T06:27:44.414Z,2026-07-28 01:27:44.414,22540,6762df,y9d41p,0.7.3,fleet_logger_0_1,576930796,ESP32,esp32_die,on_chip,die_temp,,51.67,degC,OK,,,,,name=classic;source=esp32_die;cal=uncalibrated_board_proxy;api=temperatureRead;config_id=257fa022;transport=wifi_poll,
plants.soil,2026-07-28T06:28:14.757Z,2026-07-28 01:28:14.757,22541,6762df,y9d41p,0.7.3,fleet_logger_0_1,576960041,UMLIFE_v2_TLC555,ch0,origplant,soil_moisture,1577,,,OK,,,982.8,,name=classic;level=well watered;role=disp;spread=29;gpio=36;device_seq=76924;time_source=device_synced;device_timestamp_utc=2026-07-28T06:27:49.290Z;config_id=257fa022;rssi=-58;uptime_s=576960;heap=196136;cal_tier=channel-cal;cal_src=wet_rederive_1236_20260719;pressure_context_source=weather_openmeteo;transport=wifi_poll,
plants.soil,2026-07-28T06:28:14.757Z,2026-07-28 01:28:14.757,22542,6762df,y9d41p,0.7.3,fleet_logger_0_1,576960041,UMLIFE_v2_TLC555,ch1,origplant,soil_moisture,1686,,,OK,,,982.8,,name=classic;level=OK;role=disp;spread=39;gpio=39;device_seq=76925;time_source=device_synced;device_timestamp_utc=2026-07-28T06:27:49.290Z;config_id=257fa022;rssi=-58;uptime_s=576960;heap=196136;cal_tier=channel-cal;cal_src=wet_rederive_1236_20260719;pressure_context_source=weather_openmeteo;transport=wifi_poll,
plants.soil,2026-07-28T06:28:14.757Z,2026-07-28 01:28:14.757,22543,6762df,y9d41p,0.7.3,fleet_logger_0_1,576960041,UMLIFE_v2_TLC555,ch2,origplant,soil_moisture,1364,,,OK,,,982.8,,name=classic;level=overwatered;role=disp;spread=17;gpio=34;device_seq=76926;time_source=device_synced;device_timestamp_utc=2026-07-28T06:27:49.290Z;config_id=257fa022;rssi=-58;uptime_s=576960;heap=196136;cal_tier=channel-cal;cal_src=wet_rederive_1236_20260719;pressure_context_source=weather_openmeteo;transport=wifi_poll,
plants.soil,2026-07-28T06:28:14.757Z,2026-07-28 01:28:14.757,22544,6762df,y9d41p,0.7.3,fleet_logger_0_1,576960041,UMLIFE_v2_TLC555,ch3,origplant,soil_moisture,1449,,,OK,,,982.8,,name=classic;level=well watered;role=disp;spread=23;gpio=35;device_seq=76927;time_source=device_synced;device_timestamp_utc=2026-07-28T06:27:49.290Z;config_id=257fa022;rssi=-58;uptime_s=576960;heap=196136;cal_tier=channel-cal;cal_src=wet_rederive_1236_20260719;pressure_context_source=weather_openmeteo;transport=wifi_poll,
plants.env,2026-07-28T06:28:14.757Z,2026-07-28 01:28:14.757,22545,6762df,y9d41p,0.7.3,fleet_logger_0_1,576960797,ESP32,esp32_die,on_chip,die_temp,,51.67,degC,OK,,,,,name=classic;source=esp32_die;cal=uncalibrated_board_proxy;api=temperatureRead;config_id=257fa022;transport=wifi_poll,
plants.soil,2026-07-28T06:29:17.633Z,2026-07-28 01:29:17.633,22546,6762df,y9d41p,0.7.3,fleet_logger_0_1,577020041,UMLIFE_v2_TLC555,ch0,origplant,soil_moisture,1573,,,OK,,,982.8,,name=classic;level=well watered;role=disp;spread=32;gpio=36;device_seq=76932;time_source=device_synced;device_timestamp_utc=2026-07-28T06:28:49.290Z;config_id=257fa022;rssi=-73;uptime_s=577020;heap=195992;cal_tier=channel-cal;cal_src=wet_rederive_1236_20260719;pressure_context_source=weather_openmeteo;transport=wifi_poll,
plants.soil,2026-07-28T06:29:17.633Z,2026-07-28 01:29:17.633,22547,6762df,y9d41p,0.7.3,fleet_logger_0_1,577020041,UMLIFE_v2_TLC555,ch1,origplant,soil_moisture,1691,,,OK,,,982.8,,name=classic;level=OK;role=disp;spread=17;gpio=39;device_seq=76933;time_source=device_synced;device_timestamp_utc=2026-07-28T06:28:49.290Z;config_id=257fa022;rssi=-73;uptime_s=577020;heap=195992;cal_tier=channel-cal;cal_src=wet_rederive_1236_20260719;pressure_context_source=weather_openmeteo;transport=wifi_poll,
plants.soil,2026-07-28T06:29:17.633Z,2026-07-28 01:29:17.633,22548,6762df,y9d41p,0.7.3,fleet_logger_0_1,577020041,UMLIFE_v2_TLC555,ch2,origplant,soil_moisture,1364,,,OK,,,982.8,,name=classic;level=overwatered;role=disp;spread=29;gpio=34;device_seq=76934;time_source=device_synced;device_timestamp_utc=2026-07-28T06:28:49.290Z;config_id=257fa022;rssi=-73;uptime_s=577020;heap=195992;cal_tier=channel-cal;cal_src=wet_rederive_1236_20260719;pressure_context_source=weather_openmeteo;transport=wifi_poll,
plants.soil,2026-07-28T06:29:17.633Z,2026-07-28 01:29:17.633,22549,6762df,y9d41p,0.7.3,fleet_logger_0_1,577020041,UMLIFE_v2_TLC555,ch3,origplant,soil_moisture,1439,,,OK,,,982.8,,name=classic;level=well watered;role=disp;spread=33;gpio=35;device_seq=76935;time_source=device_synced;device_timestamp_utc=2026-07-28T06:28:49.290Z;config_id=257fa022;rssi=-73;uptime_s=577020;heap=195992;cal_tier=channel-cal;cal_src=wet_rederive_1236_20260719;pressure_context_source=weather_openmeteo;transport=wifi_poll,
plants.env,2026-07-28T06:29:17.633Z,2026-07-28 01:29:17.633,22550,6762df,y9d41p,0.7.3,fleet_logger_0_1,577020796,ESP32,esp32_die,on_chip,die_temp,,51.11,degC,OK,,,,,name=classic;source=esp32_die;cal=uncalibrated_board_proxy;api=temperatureRead;config_id=257fa022;transport=wifi_poll,
plants.soil,2026-07-28T06:29:48.009Z,2026-07-28 01:29:48.009,22551,6762df,y9d41p,0.7.3,fleet_logger_0_1,577050041,UMLIFE_v2_TLC555,ch0,origplant,soil_moisture,1573,,,OK,,,982.8,,name=classic;level=well watered;role=disp;spread=19;gpio=36;device_seq=76936;time_source=device_synced;device_timestamp_utc=2026-07-28T06:29:19.290Z;config_id=257fa022;rssi=-58;uptime_s=577050;heap=195876;cal_tier=channel-cal;cal_src=wet_rederive_1236_20260719;pressure_context_source=weather_openmeteo;transport=wifi_poll,
plants.soil,2026-07-28T06:29:48.009Z,2026-07-28 01:29:48.009,22552,6762df,y9d41p,0.7.3,fleet_logger_0_1,577050041,UMLIFE_v2_TLC555,ch1,origplant,soil_moisture,1693,,,OK,,,982.8,,name=classic;level=OK;role=disp;spread=28;gpio=39;device_seq=76937;time_source=device_synced;device_timestamp_utc=2026-07-28T06:29:19.290Z;config_id=257fa022;rssi=-58;uptime_s=577050;heap=195876;cal_tier=channel-cal;cal_src=wet_rederive_1236_20260719;pressure_context_source=weather_openmeteo;transport=wifi_poll,
plants.soil,2026-07-28T06:29:48.009Z,2026-07-28 01:29:48.009,22553,6762df,y9d41p,0.7.3,fleet_logger_0_1,577050041,UMLIFE_v2_TLC555,ch2,origplant,soil_moisture,1360,,,OK,,,982.8,,name=classic;level=overwatered;role=disp;spread=13;gpio=34;device_seq=76938;time_source=device_synced;device_timestamp_utc=2026-07-28T06:29:19.290Z;config_id=257fa022;rssi=-58;uptime_s=577050;heap=195876;cal_tier=channel-cal;cal_src=wet_rederive_1236_20260719;pressure_context_source=weather_openmeteo;transport=wifi_poll,
plants.soil,2026-07-28T06:29:48.009Z,2026-07-28 01:29:48.009,22554,6762df,y9d41p,0.7.3,fleet_logger_0_1,577050041,UMLIFE_v2_TLC555,ch3,origplant,soil_moisture,1438,,,OK,,,982.8,,name=classic;level=well watered;role=disp;spread=33;gpio=35;device_seq=76939;time_source=device_synced;device_timestamp_utc=2026-07-28T06:29:19.290Z;config_id=257fa022;rssi=-58;uptime_s=577050;heap=195876;cal_tier=channel-cal;cal_src=wet_rederive_1236_20260719;pressure_context_source=weather_openmeteo;transport=wifi_poll,
plants.env,2026-07-28T06:29:48.009Z,2026-07-28 01:29:48.009,22555,6762df,y9d41p,0.7.3,fleet_logger_0_1,577050797,ESP32,esp32_die,on_chip,die_temp,,52.22,degC,OK,,,,,name=classic;source=esp32_die;cal=uncalibrated_board_proxy;api=temperatureRead;config_id=257fa022;transport=wifi_poll,
plants.soil,2026-07-28T06:30:18.422Z,2026-07-28 01:30:18.422,22556,6762df,y9d41p,0.7.3,fleet_logger_0_1,577080041,UMLIFE_v2_TLC555,ch0,origplant,soil_moisture,1572,,,OK,,,982.8,,name=classic;level=well watered;role=disp;spread=46;gpio=36;device_seq=76940;time_source=device_synced;device_timestamp_utc=2026-07-28T06:29:49.290Z;config_id=257fa022;rssi=-59;uptime_s=577080;heap=195884;cal_tier=channel-cal;cal_src=wet_rederive_1236_20260719;pressure_context_source=weather_openmeteo;transport=wifi_poll,
plants.soil,2026-07-28T06:30:18.422Z,2026-07-28 01:30:18.422,22557,6762df,y9d41p,0.7.3,fleet_logger_0_1,577080041,UMLIFE_v2_TLC555,ch1,origplant,soil_moisture,1687,,,OK,,,982.8,,name=classic;level=OK;role=disp;spread=20;gpio=39;device_seq=76941;time_source=device_synced;device_timestamp_utc=2026-07-28T06:29:49.290Z;config_id=257fa022;rssi=-59;uptime_s=577080;heap=195884;cal_tier=channel-cal;cal_src=wet_rederive_1236_20260719;pressure_context_source=weather_openmeteo;transport=wifi_poll,
plants.soil,2026-07-28T06:30:18.422Z,2026-07-28 01:30:18.422,22558,6762df,y9d41p,0.7.3,fleet_logger_0_1,577080041,UMLIFE_v2_TLC555,ch2,origplant,soil_moisture,1363,,,OK,,,982.8,,name=classic;level=overwatered;role=disp;spread=37;gpio=34;device_seq=76942;time_source=device_synced;device_timestamp_utc=2026-07-28T06:29:49.290Z;config_id=257fa022;rssi=-59;uptime_s=577080;heap=195884;cal_tier=channel-cal;cal_src=wet_rederive_1236_20260719;pressure_context_source=weather_openmeteo;transport=wifi_poll,
plants.soil,2026-07-28T06:30:18.422Z,2026-07-28 01:30:18.422,22559,6762df,y9d41p,0.7.3,fleet_logger_0_1,577080041,UMLIFE_v2_TLC555,ch3,origplant,soil_moisture,1450,,,OK,,,982.8,,name=classic;level=well watered;role=disp;spread=16;gpio=35;device_seq=76943;time_source=device_synced;device_timestamp_utc=2026-07-28T06:29:49.290Z;config_id=257fa022;rssi=-59;uptime_s=577080;heap=195884;cal_tier=channel-cal;cal_src=wet_rederive_1236_20260719;pressure_context_source=weather_openmeteo;transport=wifi_poll,
plants.env,2026-07-28T06:30:18.422Z,2026-07-28 01:30:18.422,22560,6762df,y9d41p,0.7.3,fleet_logger_0_1,577080797,ESP32,esp32_die,on_chip,die_temp,,51.11,degC,OK,,,,,name=classic;source=esp32_die;cal=uncalibrated_board_proxy;api=temperatureRead;config_id=257fa022;transport=wifi_poll,
plants.soil,2026-07-28T06:30:48.737Z,2026-07-28 01:30:48.737,22561,6762df,y9d41p,0.7.3,fleet_logger_0_1,577110041,UMLIFE_v2_TLC555,ch0,origplant,soil_moisture,1572,,,OK,,,982.8,,name=classic;level=well watered;role=disp;spread=22;gpio=36;device_seq=76944;time_source=device_synced;device_timestamp_utc=2026-07-28T06:30:19.290Z;config_id=257fa022;rssi=-59;uptime_s=577110;heap=196156;cal_tier=channel-cal;cal_src=wet_rederive_1236_20260719;pressure_context_source=weather_openmeteo;transport=wifi_poll,
plants.soil,2026-07-28T06:30:48.737Z,2026-07-28 01:30:48.737,22562,6762df,y9d41p,0.7.3,fleet_logger_0_1,577110041,UMLIFE_v2_TLC555,ch1,origplant,soil_moisture,1689,,,OK,,,982.8,,name=classic;level=OK;role=disp;spread=30;gpio=39;device_seq=76945;time_source=device_synced;device_timestamp_utc=2026-07-28T06:30:19.290Z;config_id=257fa022;rssi=-59;uptime_s=577110;heap=196156;cal_tier=channel-cal;cal_src=wet_rederive_1236_20260719;pressure_context_source=weather_openmeteo;transport=wifi_poll,
plants.soil,2026-07-28T06:30:48.737Z,2026-07-28 01:30:48.737,22563,6762df,y9d41p,0.7.3,fleet_logger_0_1,577110041,UMLIFE_v2_TLC555,ch2,origplant,soil_moisture,1364,,,OK,,,982.8,,name=classic;level=overwatered;role=disp;spread=32;gpio=34;device_seq=76946;time_source=device_synced;device_timestamp_utc=2026-07-28T06:30:19.290Z;config_id=257fa022;rssi=-59;uptime_s=577110;heap=196156;cal_tier=channel-cal;cal_src=wet_rederive_1236_20260719;pressure_context_source=weather_openmeteo;transport=wifi_poll,
plants.soil,2026-07-28T06:30:48.737Z,2026-07-28 01:30:48.737,22564,6762df,y9d41p,0.7.3,fleet_logger_0_1,577110041,UMLIFE_v2_TLC555,ch3,origplant,soil_moisture,1443,,,OK,,,982.8,,name=classic;level=well watered;role=disp;spread=17;gpio=35;device_seq=76947;time_source=device_synced;device_timestamp_utc=2026-07-28T06:30:19.290Z;config_id=257fa022;rssi=-59;uptime_s=577110;heap=196156;cal_tier=channel-cal;cal_src=wet_rederive_1236_20260719;pressure_context_source=weather_openmeteo;transport=wifi_poll,
plants.env,2026-07-28T06:30:48.737Z,2026-07-28 01:30:48.737,22565,6762df,y9d41p,0.7.3,fleet_logger_0_1,577110796,ESP32,esp32_die,on_chip,die_temp,,51.67,degC,OK,,,,,name=classic;source=esp32_die;cal=uncalibrated_board_proxy;api=temperatureRead;config_id=257fa022;transport=wifi_poll,
plants.soil,2026-07-28T06:31:19.148Z,2026-07-28 01:31:19.148,22566,6762df,y9d41p,0.7.3,fleet_logger_0_1,577140041,UMLIFE_v2_TLC555,ch0,origplant,soil_moisture,1575,,,OK,,,982.8,,name=classic;level=well watered;role=disp;spread=15;gpio=36;device_seq=76948;time_source=device_synced;device_timestamp_utc=2026-07-28T06:30:49.290Z;config_id=257fa022;rssi=-59;uptime_s=577140;heap=195884;cal_tier=channel-cal;cal_src=wet_rederive_1236_20260719;pressure_context_source=weather_openmeteo;transport=wifi_poll,
plants.soil,2026-07-28T06:31:19.148Z,2026-07-28 01:31:19.148,22567,6762df,y9d41p,0.7.3,fleet_logger_0_1,577140041,UMLIFE_v2_TLC555,ch1,origplant,soil_moisture,1694,,,OK,,,982.8,,name=classic;level=OK;role=disp;spread=46;gpio=39;device_seq=76949;time_source=device_synced;device_timestamp_utc=2026-07-28T06:30:49.290Z;config_id=257fa022;rssi=-59;uptime_s=577140;heap=195884;cal_tier=channel-cal;cal_src=wet_rederive_1236_20260719;pressure_context_source=weather_openmeteo;transport=wifi_poll,
plants.soil,2026-07-28T06:31:19.148Z,2026-07-28 01:31:19.148,22568,6762df,y9d41p,0.7.3,fleet_logger_0_1,577140041,UMLIFE_v2_TLC555,ch2,origplant,soil_moisture,1362,,,OK,,,982.8,,name=classic;level=overwatered;role=disp;spread=33;gpio=34;device_seq=76950;time_source=device_synced;device_timestamp_utc=2026-07-28T06:30:49.290Z;config_id=257fa022;rssi=-59;uptime_s=577140;heap=195884;cal_tier=channel-cal;cal_src=wet_rederive_1236_20260719;pressure_context_source=weather_openmeteo;transport=wifi_poll,
plants.soil,2026-07-28T06:31:19.148Z,2026-07-28 01:31:19.148,22569,6762df,y9d41p,0.7.3,fleet_logger_0_1,577140041,UMLIFE_v2_TLC555,ch3,origplant,soil_moisture,1438,,,OK,,,982.8,,name=classic;level=well watered;role=disp;spread=17;gpio=35;device_seq=76951;time_source=device_synced;device_timestamp_utc=2026-07-28T06:30:49.290Z;config_id=257fa022;rssi=-59;uptime_s=577140;heap=195884;cal_tier=channel-cal;cal_src=wet_rederive_1236_20260719;pressure_context_source=weather_openmeteo;transport=wifi_poll,
plants.env,2026-07-28T06:31:19.148Z,2026-07-28 01:31:19.148,22570,6762df,y9d41p,0.7.3,fleet_logger_0_1,577140797,ESP32,esp32_die,on_chip,die_temp,,51.67,degC,OK,,,,,name=classic;source=esp32_die;cal=uncalibrated_board_proxy;api=temperatureRead;config_id=257fa022;transport=wifi_poll,
plants.soil,2026-07-28T06:31:49.559Z,2026-07-28 01:31:49.559,22571,6762df,y9d41p,0.7.3,fleet_logger_0_1,577170041,UMLIFE_v2_TLC555,ch0,origplant,soil_moisture,1573,,,OK,,,982.8,,name=classic;level=well watered;role=disp;spread=47;gpio=36;device_seq=76952;time_source=device_synced;device_timestamp_utc=2026-07-28T06:31:19.290Z;config_id=257fa022;rssi=-59;uptime_s=577170;heap=195884;cal_tier=channel-cal;cal_src=wet_rederive_1236_20260719;pressure_context_source=weather_openmeteo;transport=wifi_poll,
plants.soil,2026-07-28T06:31:49.559Z,2026-07-28 01:31:49.559,22572,6762df,y9d41p,0.7.3,fleet_logger_0_1,577170041,UMLIFE_v2_TLC555,ch1,origplant,soil_moisture,1684,,,OK,,,982.8,,name=classic;level=OK;role=disp;spread=39;gpio=39;device_seq=76953;time_source=device_synced;device_timestamp_utc=2026-07-28T06:31:19.290Z;config_id=257fa022;rssi=-59;uptime_s=577170;heap=195884;cal_tier=channel-cal;cal_src=wet_rederive_1236_20260719;pressure_context_source=weather_openmeteo;transport=wifi_poll,
plants.soil,2026-07-28T06:31:49.559Z,2026-07-28 01:31:49.559,22573,6762df,y9d41p,0.7.3,fleet_logger_0_1,577170041,UMLIFE_v2_TLC555,ch2,origplant,soil_moisture,1365,,,OK,,,982.8,,name=classic;level=overwatered;role=disp;spread=26;gpio=34;device_seq=76954;time_source=device_synced;device_timestamp_utc=2026-07-28T06:31:19.290Z;config_id=257fa022;rssi=-59;uptime_s=577170;heap=195884;cal_tier=channel-cal;cal_src=wet_rederive_1236_20260719;pressure_context_source=weather_openmeteo;transport=wifi_poll,
plants.soil,2026-07-28T06:31:49.559Z,2026-07-28 01:31:49.559,22574,6762df,y9d41p,0.7.3,fleet_logger_0_1,577170041,UMLIFE_v2_TLC555,ch3,origplant,soil_moisture,1448,,,OK,,,982.8,,name=classic;level=well watered;role=disp;spread=30;gpio=35;device_seq=76955;time_source=device_synced;device_timestamp_utc=2026-07-28T06:31:19.290Z;config_id=257fa022;rssi=-59;uptime_s=577170;heap=195884;cal_tier=channel-cal;cal_src=wet_rederive_1236_20260719;pressure_context_source=weather_openmeteo;transport=wifi_poll,
plants.env,2026-07-28T06:31:49.559Z,2026-07-28 01:31:49.559,22575,6762df,y9d41p,0.7.3,fleet_logger_0_1,577170797,ESP32,esp32_die,on_chip,die_temp,,51.67,degC,OK,,,,,name=classic;source=esp32_die;cal=uncalibrated_board_proxy;api=temperatureRead;config_id=257fa022;transport=wifi_poll,
plants.soil,2026-07-28T06:32:20.419Z,2026-07-28 01:32:20.419,22576,6762df,y9d41p,0.7.3,fleet_logger_0_1,577230041,UMLIFE_v2_TLC555,ch0,origplant,soil_moisture,1571,,,OK,,,982.8,,name=classic;level=well watered;role=disp;spread=26;gpio=36;device_seq=76960;time_source=device_synced;device_timestamp_utc=2026-07-28T06:32:19.290Z;config_id=257fa022;rssi=-60;uptime_s=577230;heap=195896;cal_tier=channel-cal;cal_src=wet_rederive_1236_20260719;pressure_context_source=weather_openmeteo;transport=wifi_poll,
plants.soil,2026-07-28T06:32:20.419Z,2026-07-28 01:32:20.419,22577,6762df,y9d41p,0.7.3,fleet_logger_0_1,577230041,UMLIFE_v2_TLC555,ch1,origplant,soil_moisture,1691,,,OK,,,982.8,,name=classic;level=OK;role=disp;spread=26;gpio=39;device_seq=76961;time_source=device_synced;device_timestamp_utc=2026-07-28T06:32:19.290Z;config_id=257fa022;rssi=-60;uptime_s=577230;heap=195896;cal_tier=channel-cal;cal_src=wet_rederive_1236_20260719;pressure_context_source=weather_openmeteo;transport=wifi_poll,
plants.soil,2026-07-28T06:32:20.419Z,2026-07-28 01:32:20.419,22578,6762df,y9d41p,0.7.3,fleet_logger_0_1,577230041,UMLIFE_v2_TLC555,ch2,origplant,soil_moisture,1366,,,OK,,,982.8,,name=classic;level=overwatered;role=disp;spread=20;gpio=34;device_seq=76962;time_source=device_synced;device_timestamp_utc=2026-07-28T06:32:19.290Z;config_id=257fa022;rssi=-60;uptime_s=577230;heap=195896;cal_tier=channel-cal;cal_src=wet_rederive_1236_20260719;pressure_context_source=weather_openmeteo;transport=wifi_poll,
plants.soil,2026-07-28T06:32:20.419Z,2026-07-28 01:32:20.419,22579,6762df,y9d41p,0.7.3,fleet_logger_0_1,577230041,UMLIFE_v2_TLC555,ch3,origplant,soil_moisture,1439,,,OK,,,982.8,,name=classic;level=well watered;role=disp;spread=33;gpio=35;device_seq=76963;time_source=device_synced;device_timestamp_utc=2026-07-28T06:32:19.290Z;config_id=257fa022;rssi=-60;uptime_s=577230;heap=195896;cal_tier=channel-cal;cal_src=wet_rederive_1236_20260719;pressure_context_source=weather_openmeteo;transport=wifi_poll,
plants.env,2026-07-28T06:32:20.419Z,2026-07-28 01:32:20.419,22580,6762df,y9d41p,0.7.3,fleet_logger_0_1,577230796,ESP32,esp32_die,on_chip,die_temp,,52.22,degC,OK,,,,,name=classic;source=esp32_die;cal=uncalibrated_board_proxy;api=temperatureRead;config_id=257fa022;transport=wifi_poll,
plants.soil,2026-07-28T06:32:50.898Z,2026-07-28 01:32:50.898,22581,6762df,y9d41p,0.7.3,fleet_logger_0_1,577260041,UMLIFE_v2_TLC555,ch0,origplant,soil_moisture,1555,,,OK,,,982.8,,name=classic;level=well watered;role=disp;spread=20;gpio=36;device_seq=76964;time_source=device_synced;device_timestamp_utc=2026-07-28T06:32:49.290Z;config_id=257fa022;rssi=-59;uptime_s=577260;heap=195896;cal_tier=channel-cal;cal_src=wet_rederive_1236_20260719;pressure_context_source=weather_openmeteo;transport=wifi_poll,
plants.soil,2026-07-28T06:32:50.898Z,2026-07-28 01:32:50.898,22582,6762df,y9d41p,0.7.3,fleet_logger_0_1,577260041,UMLIFE_v2_TLC555,ch1,origplant,soil_moisture,1683,,,OK,,,982.8,,name=classic;level=OK;role=disp;spread=45;gpio=39;device_seq=76965;time_source=device_synced;device_timestamp_utc=2026-07-28T06:32:49.290Z;config_id=257fa022;rssi=-59;uptime_s=577260;heap=195896;cal_tier=channel-cal;cal_src=wet_rederive_1236_20260719;pressure_context_source=weather_openmeteo;transport=wifi_poll,
plants.soil,2026-07-28T06:32:50.898Z,2026-07-28 01:32:50.898,22583,6762df,y9d41p,0.7.3,fleet_logger_0_1,577260041,UMLIFE_v2_TLC555,ch2,origplant,soil_moisture,1363,,,OK,,,982.8,,name=classic;level=overwatered;role=disp;spread=37;gpio=34;device_seq=76966;time_source=device_synced;device_timestamp_utc=2026-07-28T06:32:49.290Z;config_id=257fa022;rssi=-59;uptime_s=577260;heap=195896;cal_tier=channel-cal;cal_src=wet_rederive_1236_20260719;pressure_context_source=weather_openmeteo;transport=wifi_poll,
plants.soil,2026-07-28T06:32:50.898Z,2026-07-28 01:32:50.898,22584,6762df,y9d41p,0.7.3,fleet_logger_0_1,577260041,UMLIFE_v2_TLC555,ch3,origplant,soil_moisture,1442,,,OK,,,982.8,,name=classic;level=well watered;role=disp;spread=23;gpio=35;device_seq=76967;time_source=device_synced;device_timestamp_utc=2026-07-28T06:32:49.290Z;config_id=257fa022;rssi=-59;uptime_s=577260;heap=195896;cal_tier=channel-cal;cal_src=wet_rederive_1236_20260719;pressure_context_source=weather_openmeteo;transport=wifi_poll,
plants.env,2026-07-28T06:32:50.898Z,2026-07-28 01:32:50.898,22585,6762df,y9d41p,0.7.3,fleet_logger_0_1,577260797,ESP32,esp32_die,on_chip,die_temp,,52.22,degC,OK,,,,,name=classic;source=esp32_die;cal=uncalibrated_board_proxy;api=temperatureRead;config_id=257fa022;transport=wifi_poll,
plants.soil,2026-07-28T06:33:21.340Z,2026-07-28 01:33:21.340,22586,6762df,y9d41p,0.7.3,fleet_logger_0_1,577290041,UMLIFE_v2_TLC555,ch0,origplant,soil_moisture,1571,,,OK,,,982.8,,name=classic;level=well watered;role=disp;spread=49;gpio=36;device_seq=76968;time_source=device_synced;device_timestamp_utc=2026-07-28T06:33:19.290Z;config_id=257fa022;rssi=-60;uptime_s=577290;heap=196156;cal_tier=channel-cal;cal_src=wet_rederive_1236_20260719;pressure_context_source=weather_openmeteo;transport=wifi_poll,
plants.soil,2026-07-28T06:33:21.340Z,2026-07-28 01:33:21.340,22587,6762df,y9d41p,0.7.3,fleet_logger_0_1,577290041,UMLIFE_v2_TLC555,ch1,origplant,soil_moisture,1689,,,OK,,,982.8,,name=classic;level=OK;role=disp;spread=17;gpio=39;device_seq=76969;time_source=device_synced;device_timestamp_utc=2026-07-28T06:33:19.290Z;config_id=257fa022;rssi=-60;uptime_s=577290;heap=196156;cal_tier=channel-cal;cal_src=wet_rederive_1236_20260719;pressure_context_source=weather_openmeteo;transport=wifi_poll,
plants.soil,2026-07-28T06:33:21.340Z,2026-07-28 01:33:21.340,22588,6762df,y9d41p,0.7.3,fleet_logger_0_1,577290041,UMLIFE_v2_TLC555,ch2,origplant,soil_moisture,1359,,,OK,,,982.8,,name=classic;level=overwatered;role=disp;spread=16;gpio=34;device_seq=76970;time_source=device_synced;device_timestamp_utc=2026-07-28T06:33:19.290Z;config_id=257fa022;rssi=-60;uptime_s=577290;heap=196156;cal_tier=channel-cal;cal_src=wet_rederive_1236_20260719;pressure_context_source=weather_openmeteo;transport=wifi_poll,
plants.soil,2026-07-28T06:33:21.340Z,2026-07-28 01:33:21.340,22589,6762df,y9d41p,0.7.3,fleet_logger_0_1,577290041,UMLIFE_v2_TLC555,ch3,origplant,soil_moisture,1443,,,OK,,,982.8,,name=classic;level=well watered;role=disp;spread=38;gpio=35;device_seq=76971;time_source=device_synced;device_timestamp_utc=2026-07-28T06:33:19.290Z;config_id=257fa022;rssi=-60;uptime_s=577290;heap=196156;cal_tier=channel-cal;cal_src=wet_rederive_1236_20260719;pressure_context_source=weather_openmeteo;transport=wifi_poll,
plants.env,2026-07-28T06:33:21.340Z,2026-07-28 01:33:21.340,22590,6762df,y9d41p,0.7.3,fleet_logger_0_1,577290796,ESP32,esp32_die,on_chip,die_temp,,51.67,degC,OK,,,,,name=classic;source=esp32_die;cal=uncalibrated_board_proxy;api=temperatureRead;config_id=257fa022;transport=wifi_poll,
plants.soil,2026-07-28T06:33:51.782Z,2026-07-28 01:33:51.782,22591,6762df,y9d41p,0.7.3,fleet_logger_0_1,577320041,UMLIFE_v2_TLC555,ch0,origplant,soil_moisture,1540,,,OK,,,982.8,,name=classic;level=well watered;role=disp;spread=37;gpio=36;device_seq=76972;time_source=device_synced;device_timestamp_utc=2026-07-28T06:33:49.290Z;config_id=257fa022;rssi=-59;uptime_s=577320;heap=195896;cal_tier=channel-cal;cal_src=wet_rederive_1236_20260719;pressure_context_source=weather_openmeteo;transport=wifi_poll,
plants.soil,2026-07-28T06:33:51.782Z,2026-07-28 01:33:51.782,22592,6762df,y9d41p,0.7.3,fleet_logger_0_1,577320041,UMLIFE_v2_TLC555,ch1,origplant,soil_moisture,1664,,,OK,,,982.8,,name=classic;level=OK;role=disp;spread=38;gpio=39;device_seq=76973;time_source=device_synced;device_timestamp_utc=2026-07-28T06:33:49.290Z;config_id=257fa022;rssi=-59;uptime_s=577320;heap=195896;cal_tier=channel-cal;cal_src=wet_rederive_1236_20260719;pressure_context_source=weather_openmeteo;transport=wifi_poll,
plants.soil,2026-07-28T06:33:51.782Z,2026-07-28 01:33:51.782,22593,6762df,y9d41p,0.7.3,fleet_logger_0_1,577320041,UMLIFE_v2_TLC555,ch2,origplant,soil_moisture,1337,,,OK,,,982.8,,name=classic;level=overwatered;role=disp;spread=27;gpio=34;device_seq=76974;time_source=device_synced;device_timestamp_utc=2026-07-28T06:33:49.290Z;config_id=257fa022;rssi=-59;uptime_s=577320;heap=195896;cal_tier=channel-cal;cal_src=wet_rederive_1236_20260719;pressure_context_source=weather_openmeteo;transport=wifi_poll,
plants.soil,2026-07-28T06:33:51.782Z,2026-07-28 01:33:51.782,22594,6762df,y9d41p,0.7.3,fleet_logger_0_1,577320041,UMLIFE_v2_TLC555,ch3,origplant,soil_moisture,1413,,,OK,,,982.8,,name=classic;level=well watered;role=disp;spread=14;gpio=35;device_seq=76975;time_source=device_synced;device_timestamp_utc=2026-07-28T06:33:49.290Z;config_id=257fa022;rssi=-59;uptime_s=577320;heap=195896;cal_tier=channel-cal;cal_src=wet_rederive_1236_20260719;pressure_context_source=weather_openmeteo;transport=wifi_poll,
plants.env,2026-07-28T06:33:51.782Z,2026-07-28 01:33:51.782,22595,6762df,y9d41p,0.7.3,fleet_logger_0_1,577320796,ESP32,esp32_die,on_chip,die_temp,,52.22,degC,OK,,,,,name=classic;source=esp32_die;cal=uncalibrated_board_proxy;api=temperatureRead;config_id=257fa022;transport=wifi_poll,
plants.soil,2026-07-28T06:34:22.574Z,2026-07-28 01:34:22.574,22596,6762df,y9d41p,0.7.3,fleet_logger_0_1,577350041,UMLIFE_v2_TLC555,ch0,origplant,soil_moisture,1565,,,OK,,,982.8,,name=classic;level=well watered;role=disp;spread=24;gpio=36;device_seq=76976;time_source=device_synced;device_timestamp_utc=2026-07-28T06:34:19.290Z;config_id=257fa022;rssi=-59;uptime_s=577350;heap=193364;cal_tier=channel-cal;cal_src=wet_rederive_1236_20260719;pressure_context_source=weather_openmeteo;transport=wifi_poll,
plants.soil,2026-07-28T06:34:22.574Z,2026-07-28 01:34:22.574,22597,6762df,y9d41p,0.7.3,fleet_logger_0_1,577350041,UMLIFE_v2_TLC555,ch1,origplant,soil_moisture,1683,,,OK,,,982.8,,name=classic;level=OK;role=disp;spread=44;gpio=39;device_seq=76977;time_source=device_synced;device_timestamp_utc=2026-07-28T06:34:19.290Z;config_id=257fa022;rssi=-59;uptime_s=577350;heap=193364;cal_tier=channel-cal;cal_src=wet_rederive_1236_20260719;pressure_context_source=weather_openmeteo;transport=wifi_poll,
plants.soil,2026-07-28T06:34:22.574Z,2026-07-28 01:34:22.574,22598,6762df,y9d41p,0.7.3,fleet_logger_0_1,577350041,UMLIFE_v2_TLC555,ch2,origplant,soil_moisture,1363,,,OK,,,982.8,,name=classic;level=overwatered;role=disp;spread=38;gpio=34;device_seq=76978;time_source=device_synced;device_timestamp_utc=2026-07-28T06:34:19.290Z;config_id=257fa022;rssi=-59;uptime_s=577350;heap=193364;cal_tier=channel-cal;cal_src=wet_rederive_1236_20260719;pressure_context_source=weather_openmeteo;transport=wifi_poll,
plants.soil,2026-07-28T06:34:22.574Z,2026-07-28 01:34:22.574,22599,6762df,y9d41p,0.7.3,fleet_logger_0_1,577350041,UMLIFE_v2_TLC555,ch3,origplant,soil_moisture,1445,,,OK,,,982.8,,name=classic;level=well watered;role=disp;spread=49;gpio=35;device_seq=76979;time_source=device_synced;device_timestamp_utc=2026-07-28T06:34:19.290Z;config_id=257fa022;rssi=-59;uptime_s=577350;heap=193364;cal_tier=channel-cal;cal_src=wet_rederive_1236_20260719;pressure_context_source=weather_openmeteo;transport=wifi_poll,
plants.env,2026-07-28T06:34:22.574Z,2026-07-28 01:34:22.574,22600,6762df,y9d41p,0.7.3,fleet_logger_0_1,577350796,ESP32,esp32_die,on_chip,die_temp,,52.22,degC,OK,,,,,name=classic;source=esp32_die;cal=uncalibrated_board_proxy;api=temperatureRead;config_id=257fa022;transport=wifi_poll,
plants.soil,2026-07-28T06:34:52.960Z,2026-07-28 01:34:52.960,22601,6762df,y9d41p,0.7.3,fleet_logger_0_1,577380041,UMLIFE_v2_TLC555,ch0,origplant,soil_moisture,1540,,,OK,,,982.8,,name=classic;level=well watered;role=disp;spread=46;gpio=36;device_seq=76980;time_source=device_synced;device_timestamp_utc=2026-07-28T06:34:49.290Z;config_id=257fa022;rssi=-59;uptime_s=577380;heap=190928;cal_tier=channel-cal;cal_src=wet_rederive_1236_20260719;pressure_context_source=weather_openmeteo;transport=wifi_poll,
plants.soil,2026-07-28T06:34:52.960Z,2026-07-28 01:34:52.960,22602,6762df,y9d41p,0.7.3,fleet_logger_0_1,577380041,UMLIFE_v2_TLC555,ch1,origplant,soil_moisture,1669,,,OK,,,982.8,,name=classic;level=OK;role=disp;spread=22;gpio=39;device_seq=76981;time_source=device_synced;device_timestamp_utc=2026-07-28T06:34:49.290Z;config_id=257fa022;rssi=-59;uptime_s=577380;heap=190928;cal_tier=channel-cal;cal_src=wet_rederive_1236_20260719;pressure_context_source=weather_openmeteo;transport=wifi_poll,
plants.soil,2026-07-28T06:34:52.960Z,2026-07-28 01:34:52.960,22603,6762df,y9d41p,0.7.3,fleet_logger_0_1,577380041,UMLIFE_v2_TLC555,ch2,origplant,soil_moisture,1333,,,OK,,,982.8,,name=classic;level=overwatered;role=disp;spread=53;gpio=34;device_seq=76982;time_source=device_synced;device_timestamp_utc=2026-07-28T06:34:49.290Z;config_id=257fa022;rssi=-59;uptime_s=577380;heap=190928;cal_tier=channel-cal;cal_src=wet_rederive_1236_20260719;pressure_context_source=weather_openmeteo;transport=wifi_poll,
plants.soil,2026-07-28T06:34:52.960Z,2026-07-28 01:34:52.960,22604,6762df,y9d41p,0.7.3,fleet_logger_0_1,577380041,UMLIFE_v2_TLC555,ch3,origplant,soil_moisture,1412,,,OK,,,982.8,,name=classic;level=well watered;role=disp;spread=25;gpio=35;device_seq=76983;time_source=device_synced;device_timestamp_utc=2026-07-28T06:34:49.290Z;config_id=257fa022;rssi=-59;uptime_s=577380;heap=190928;cal_tier=channel-cal;cal_src=wet_rederive_1236_20260719;pressure_context_source=weather_openmeteo;transport=wifi_poll,
plants.env,2026-07-28T06:34:52.960Z,2026-07-28 01:34:52.960,22605,6762df,y9d41p,0.7.3,fleet_logger_0_1,577380797,ESP32,esp32_die,on_chip,die_temp,,52.22,degC,OK,,,,,name=classic;source=esp32_die;cal=uncalibrated_board_proxy;api=temperatureRead;config_id=257fa022;transport=wifi_poll,
plants.soil,2026-07-28T06:35:23.494Z,2026-07-28 01:35:23.494,22606,6762df,y9d41p,0.7.3,fleet_logger_0_1,577410041,UMLIFE_v2_TLC555,ch0,origplant,soil_moisture,1539,,,OK,,,982.8,,name=classic;level=well watered;role=disp;spread=24;gpio=36;device_seq=76984;time_source=device_synced;device_timestamp_utc=2026-07-28T06:35:19.290Z;config_id=257fa022;rssi=-60;uptime_s=577410;heap=195624;cal_tier=channel-cal;cal_src=wet_rederive_1236_20260719;pressure_context_source=weather_openmeteo;transport=wifi_poll,
plants.soil,2026-07-28T06:35:23.494Z,2026-07-28 01:35:23.494,22607,6762df,y9d41p,0.7.3,fleet_logger_0_1,577410041,UMLIFE_v2_TLC555,ch1,origplant,soil_moisture,1660,,,OK,,,982.8,,name=classic;level=OK;role=disp;spread=35;gpio=39;device_seq=76985;time_source=device_synced;device_timestamp_utc=2026-07-28T06:35:19.290Z;config_id=257fa022;rssi=-60;uptime_s=577410;heap=195624;cal_tier=channel-cal;cal_src=wet_rederive_1236_20260719;pressure_context_source=weather_openmeteo;transport=wifi_poll,
plants.soil,2026-07-28T06:35:23.494Z,2026-07-28 01:35:23.494,22608,6762df,y9d41p,0.7.3,fleet_logger_0_1,577410041,UMLIFE_v2_TLC555,ch2,origplant,soil_moisture,1338,,,OK,,,982.8,,name=classic;level=overwatered;role=disp;spread=42;gpio=34;device_seq=76986;time_source=device_synced;device_timestamp_utc=2026-07-28T06:35:19.290Z;config_id=257fa022;rssi=-60;uptime_s=577410;heap=195624;cal_tier=channel-cal;cal_src=wet_rederive_1236_20260719;pressure_context_source=weather_openmeteo;transport=wifi_poll,
plants.soil,2026-07-28T06:35:23.494Z,2026-07-28 01:35:23.494,22609,6762df,y9d41p,0.7.3,fleet_logger_0_1,577410041,UMLIFE_v2_TLC555,ch3,origplant,soil_moisture,1413,,,OK,,,982.8,,name=classic;level=well watered;role=disp;spread=37;gpio=35;device_seq=76987;time_source=device_synced;device_timestamp_utc=2026-07-28T06:35:19.290Z;config_id=257fa022;rssi=-60;uptime_s=577410;heap=195624;cal_tier=channel-cal;cal_src=wet_rederive_1236_20260719;pressure_context_source=weather_openmeteo;transport=wifi_poll,
plants.env,2026-07-28T06:35:23.494Z,2026-07-28 01:35:23.494,22610,6762df,y9d41p,0.7.3,fleet_logger_0_1,577410796,ESP32,esp32_die,on_chip,die_temp,,52.22,degC,OK,,,,,name=classic;source=esp32_die;cal=uncalibrated_board_proxy;api=temperatureRead;config_id=257fa022;transport=wifi_poll,
plants.soil,2026-07-28T06:35:53.886Z,2026-07-28 01:35:53.886,22611,6762df,y9d41p,0.7.3,fleet_logger_0_1,577440041,UMLIFE_v2_TLC555,ch0,origplant,soil_moisture,1540,,,OK,,,982.8,,name=classic;level=well watered;role=disp;spread=28;gpio=36;device_seq=76988;time_source=device_synced;device_timestamp_utc=2026-07-28T06:35:49.290Z;config_id=257fa022;rssi=-60;uptime_s=577440;heap=195624;cal_tier=channel-cal;cal_src=wet_rederive_1236_20260719;pressure_context_source=weather_openmeteo;transport=wifi_poll,
plants.soil,2026-07-28T06:35:53.886Z,2026-07-28 01:35:53.886,22612,6762df,y9d41p,0.7.3,fleet_logger_0_1,577440041,UMLIFE_v2_TLC555,ch1,origplant,soil_moisture,1677,,,OK,,,982.8,,name=classic;level=OK;role=disp;spread=35;gpio=39;device_seq=76989;time_source=device_synced;device_timestamp_utc=2026-07-28T06:35:49.290Z;config_id=257fa022;rssi=-60;uptime_s=577440;heap=195624;cal_tier=channel-cal;cal_src=wet_rederive_1236_20260719;pressure_context_source=weather_openmeteo;transport=wifi_poll,
plants.soil,2026-07-28T06:35:53.886Z,2026-07-28 01:35:53.886,22613,6762df,y9d41p,0.7.3,fleet_logger_0_1,577440041,UMLIFE_v2_TLC555,ch2,origplant,soil_moisture,1355,,,OK,,,982.8,,name=classic;level=overwatered;role=disp;spread=22;gpio=34;device_seq=76990;time_source=device_synced;device_timestamp_utc=2026-07-28T06:35:49.290Z;config_id=257fa022;rssi=-60;uptime_s=577440;heap=195624;cal_tier=channel-cal;cal_src=wet_rederive_1236_20260719;pressure_context_source=weather_openmeteo;transport=wifi_poll,
plants.soil,2026-07-28T06:35:53.886Z,2026-07-28 01:35:53.886,22614,6762df,y9d41p,0.7.3,fleet_logger_0_1,577440041,UMLIFE_v2_TLC555,ch3,origplant,soil_moisture,1441,,,OK,,,982.8,,name=classic;level=well watered;role=disp;spread=43;gpio=35;device_seq=76991;time_source=device_synced;device_timestamp_utc=2026-07-28T06:35:49.290Z;config_id=257fa022;rssi=-60;uptime_s=577440;heap=195624;cal_tier=channel-cal;cal_src=wet_rederive_1236_20260719;pressure_context_source=weather_openmeteo;transport=wifi_poll,
plants.env,2026-07-28T06:35:53.886Z,2026-07-28 01:35:53.886,22615,6762df,y9d41p,0.7.3,fleet_logger_0_1,577440797,ESP32,esp32_die,on_chip,die_temp,,51.67,degC,OK,,,,,name=classic;source=esp32_die;cal=uncalibrated_board_proxy;api=temperatureRead;config_id=257fa022;transport=wifi_poll,
plants.soil,2026-07-28T06:36:24.504Z,2026-07-28 01:36:24.504,22616,6762df,y9d41p,0.7.3,fleet_logger_0_1,577470041,UMLIFE_v2_TLC555,ch0,origplant,soil_moisture,1537,,,OK,,,982.8,,name=classic;level=well watered;role=disp;spread=20;gpio=36;device_seq=76992;time_source=device_synced;device_timestamp_utc=2026-07-28T06:36:19.290Z;config_id=257fa022;rssi=-60;uptime_s=577470;heap=195884;cal_tier=channel-cal;cal_src=wet_rederive_1236_20260719;pressure_context_source=weather_openmeteo;transport=wifi_poll,
plants.soil,2026-07-28T06:36:24.504Z,2026-07-28 01:36:24.504,22617,6762df,y9d41p,0.7.3,fleet_logger_0_1,577470041,UMLIFE_v2_TLC555,ch1,origplant,soil_moisture,1671,,,OK,,,982.8,,name=classic;level=OK;role=disp;spread=33;gpio=39;device_seq=76993;time_source=device_synced;device_timestamp_utc=2026-07-28T06:36:19.290Z;config_id=257fa022;rssi=-60;uptime_s=577470;heap=195884;cal_tier=channel-cal;cal_src=wet_rederive_1236_20260719;pressure_context_source=weather_openmeteo;transport=wifi_poll,
plants.soil,2026-07-28T06:36:24.504Z,2026-07-28 01:36:24.504,22618,6762df,y9d41p,0.7.3,fleet_logger_0_1,577470041,UMLIFE_v2_TLC555,ch2,origplant,soil_moisture,1349,,,OK,,,982.8,,name=classic;level=overwatered;role=disp;spread=35;gpio=34;device_seq=76994;time_source=device_synced;device_timestamp_utc=2026-07-28T06:36:19.290Z;config_id=257fa022;rssi=-60;uptime_s=577470;heap=195884;cal_tier=channel-cal;cal_src=wet_rederive_1236_20260719;pressure_context_source=weather_openmeteo;transport=wifi_poll,
plants.soil,2026-07-28T06:36:24.504Z,2026-07-28 01:36:24.504,22619,6762df,y9d41p,0.7.3,fleet_logger_0_1,577470041,UMLIFE_v2_TLC555,ch3,origplant,soil_moisture,1436,,,OK,,,982.8,,name=classic;level=well watered;role=disp;spread=33;gpio=35;device_seq=76995;time_source=device_synced;device_timestamp_utc=2026-07-28T06:36:19.290Z;config_id=257fa022;rssi=-60;uptime_s=577470;heap=195884;cal_tier=channel-cal;cal_src=wet_rederive_1236_20260719;pressure_context_source=weather_openmeteo;transport=wifi_poll,
plants.env,2026-07-28T06:36:24.504Z,2026-07-28 01:36:24.504,22620,6762df,y9d41p,0.7.3,fleet_logger_0_1,577470796,ESP32,esp32_die,on_chip,die_temp,,51.67,degC,OK,,,,,name=classic;source=esp32_die;cal=uncalibrated_board_proxy;api=temperatureRead;config_id=257fa022;transport=wifi_poll,
plants.soil,2026-07-28T06:36:56.761Z,2026-07-28 01:36:56.761,22621,6762df,y9d41p,0.7.3,fleet_logger_0_1,577500041,UMLIFE_v2_TLC555,ch0,origplant,soil_moisture,1543,,,OK,,,982.8,,name=classic;level=well watered;role=disp;spread=39;gpio=36;device_seq=76996;time_source=device_synced;device_timestamp_utc=2026-07-28T06:36:49.290Z;config_id=257fa022;rssi=-59;uptime_s=577500;heap=195884;cal_tier=channel-cal;cal_src=wet_rederive_1236_20260719;pressure_context_source=weather_openmeteo;transport=wifi_poll,
plants.soil,2026-07-28T06:36:56.761Z,2026-07-28 01:36:56.761,22622,6762df,y9d41p,0.7.3,fleet_logger_0_1,577500041,UMLIFE_v2_TLC555,ch1,origplant,soil_moisture,1664,,,OK,,,982.8,,name=classic;level=OK;role=disp;spread=37;gpio=39;device_seq=76997;time_source=device_synced;device_timestamp_utc=2026-07-28T06:36:49.290Z;config_id=257fa022;rssi=-59;uptime_s=577500;heap=195884;cal_tier=channel-cal;cal_src=wet_rederive_1236_20260719;pressure_context_source=weather_openmeteo;transport=wifi_poll,
plants.soil,2026-07-28T06:36:56.761Z,2026-07-28 01:36:56.761,22623,6762df,y9d41p,0.7.3,fleet_logger_0_1,577500041,UMLIFE_v2_TLC555,ch2,origplant,soil_moisture,1350,,,OK,,,982.8,,name=classic;level=overwatered;role=disp;spread=40;gpio=34;device_seq=76998;time_source=device_synced;device_timestamp_utc=2026-07-28T06:36:49.290Z;config_id=257fa022;rssi=-59;uptime_s=577500;heap=195884;cal_tier=channel-cal;cal_src=wet_rederive_1236_20260719;pressure_context_source=weather_openmeteo;transport=wifi_poll,
plants.soil,2026-07-28T06:36:56.761Z,2026-07-28 01:36:56.761,22624,6762df,y9d41p,0.7.3,fleet_logger_0_1,577500041,UMLIFE_v2_TLC555,ch3,origplant,soil_moisture,1444,,,OK,,,982.8,,name=classic;level=well watered;role=disp;spread=25;gpio=35;device_seq=76999;time_source=device_synced;device_timestamp_utc=2026-07-28T06:36:49.290Z;config_id=257fa022;rssi=-59;uptime_s=577500;heap=195884;cal_tier=channel-cal;cal_src=wet_rederive_1236_20260719;pressure_context_source=weather_openmeteo;transport=wifi_poll,
plants.env,2026-07-28T06:36:56.761Z,2026-07-28 01:36:56.761,22625,6762df,y9d41p,0.7.3,fleet_logger_0_1,577500796,ESP32,esp32_die,on_chip,die_temp,,52.22,degC,OK,,,,,name=classic;source=esp32_die;cal=uncalibrated_board_proxy;api=temperatureRead;config_id=257fa022;transport=wifi_poll,
plants.soil,2026-07-28T06:37:28.199Z,2026-07-28 01:37:28.199,22626,6762df,y9d41p,0.7.3,fleet_logger_0_1,577530041,UMLIFE_v2_TLC555,ch0,origplant,soil_moisture,1542,,,OK,,,982.8,,name=classic;level=well watered;role=disp;spread=22;gpio=36;device_seq=77000;time_source=device_synced;device_timestamp_utc=2026-07-28T06:37:19.290Z;config_id=257fa022;rssi=-60;uptime_s=577530;heap=195892;cal_tier=channel-cal;cal_src=wet_rederive_1236_20260719;pressure_context_source=weather_openmeteo;transport=wifi_poll,
plants.soil,2026-07-28T06:37:28.199Z,2026-07-28 01:37:28.199,22627,6762df,y9d41p,0.7.3,fleet_logger_0_1,577530041,UMLIFE_v2_TLC555,ch1,origplant,soil_moisture,1662,,,OK,,,982.8,,name=classic;level=OK;role=disp;spread=20;gpio=39;device_seq=77001;time_source=device_synced;device_timestamp_utc=2026-07-28T06:37:19.290Z;config_id=257fa022;rssi=-60;uptime_s=577530;heap=195892;cal_tier=channel-cal;cal_src=wet_rederive_1236_20260719;pressure_context_source=weather_openmeteo;transport=wifi_poll,
plants.soil,2026-07-28T06:37:28.199Z,2026-07-28 01:37:28.199,22628,6762df,y9d41p,0.7.3,fleet_logger_0_1,577530041,UMLIFE_v2_TLC555,ch2,origplant,soil_moisture,1335,,,OK,,,982.8,,name=classic;level=overwatered;role=disp;spread=30;gpio=34;device_seq=77002;time_source=device_synced;device_timestamp_utc=2026-07-28T06:37:19.290Z;config_id=257fa022;rssi=-60;uptime_s=577530;heap=195892;cal_tier=channel-cal;cal_src=wet_rederive_1236_20260719;pressure_context_source=weather_openmeteo;transport=wifi_poll,
plants.soil,2026-07-28T06:37:28.199Z,2026-07-28 01:37:28.199,22629,6762df,y9d41p,0.7.3,fleet_logger_0_1,577530041,UMLIFE_v2_TLC555,ch3,origplant,soil_moisture,1436,,,OK,,,982.8,,name=classic;level=well watered;role=disp;spread=27;gpio=35;device_seq=77003;time_source=device_synced;device_timestamp_utc=2026-07-28T06:37:19.290Z;config_id=257fa022;rssi=-60;uptime_s=577530;heap=195892;cal_tier=channel-cal;cal_src=wet_rederive_1236_20260719;pressure_context_source=weather_openmeteo;transport=wifi_poll,
plants.env,2026-07-28T06:37:28.199Z,2026-07-28 01:37:28.199,22630,6762df,y9d41p,0.7.3,fleet_logger_0_1,577530796,ESP32,esp32_die,on_chip,die_temp,,52.22,degC,OK,,,,,name=classic;source=esp32_die;cal=uncalibrated_board_proxy;api=temperatureRead;config_id=257fa022;transport=wifi_poll,
plants.soil,2026-07-28T06:37:58.610Z,2026-07-28 01:37:58.610,22631,6762df,y9d41p,0.7.3,fleet_logger_0_1,577560041,UMLIFE_v2_TLC555,ch0,origplant,soil_moisture,1539,,,OK,,,982.8,,name=classic;level=well watered;role=disp;spread=55;gpio=36;device_seq=77004;time_source=device_synced;device_timestamp_utc=2026-07-28T06:37:49.290Z;config_id=257fa022;rssi=-60;uptime_s=577560;heap=195896;cal_tier=channel-cal;cal_src=wet_rederive_1236_20260719;pressure_context_source=weather_openmeteo;transport=wifi_poll,
plants.soil,2026-07-28T06:37:58.610Z,2026-07-28 01:37:58.610,22632,6762df,y9d41p,0.7.3,fleet_logger_0_1,577560041,UMLIFE_v2_TLC555,ch1,origplant,soil_moisture,1664,,,OK,,,982.8,,name=classic;level=OK;role=disp;spread=35;gpio=39;device_seq=77005;time_source=device_synced;device_timestamp_utc=2026-07-28T06:37:49.290Z;config_id=257fa022;rssi=-60;uptime_s=577560;heap=195896;cal_tier=channel-cal;cal_src=wet_rederive_1236_20260719;pressure_context_source=weather_openmeteo;transport=wifi_poll,
plants.soil,2026-07-28T06:37:58.610Z,2026-07-28 01:37:58.610,22633,6762df,y9d41p,0.7.3,fleet_logger_0_1,577560041,UMLIFE_v2_TLC555,ch2,origplant,soil_moisture,1333,,,OK,,,982.8,,name=classic;level=overwatered;role=disp;spread=32;gpio=34;device_seq=77006;time_source=device_synced;device_timestamp_utc=2026-07-28T06:37:49.290Z;config_id=257fa022;rssi=-60;uptime_s=577560;heap=195896;cal_tier=channel-cal;cal_src=wet_rederive_1236_20260719;pressure_context_source=weather_openmeteo;transport=wifi_poll,
plants.soil,2026-07-28T06:37:58.610Z,2026-07-28 01:37:58.610,22634,6762df,y9d41p,0.7.3,fleet_logger_0_1,577560041,UMLIFE_v2_TLC555,ch3,origplant,soil_moisture,1422,,,OK,,,982.8,,name=classic;level=well watered;role=disp;spread=11;gpio=35;device_seq=77007;time_source=device_synced;device_timestamp_utc=2026-07-28T06:37:49.290Z;config_id=257fa022;rssi=-60;uptime_s=577560;heap=195896;cal_tier=channel-cal;cal_src=wet_rederive_1236_20260719;pressure_context_source=weather_openmeteo;transport=wifi_poll,
plants.env,2026-07-28T06:37:58.610Z,2026-07-28 01:37:58.610,22635,6762df,y9d41p,0.7.3,fleet_logger_0_1,577560796,ESP32,esp32_die,on_chip,die_temp,,52.78,degC,OK,,,,,name=classic;source=esp32_die;cal=uncalibrated_board_proxy;api=temperatureRead;config_id=257fa022;transport=wifi_poll,
plants.soil,2026-07-28T06:38:28.921Z,2026-07-28 01:38:28.921,22636,6762df,y9d41p,0.7.3,fleet_logger_0_1,577590041,UMLIFE_v2_TLC555,ch0,origplant,soil_moisture,1545,,,OK,,,982.8,,name=classic;level=well watered;role=disp;spread=25;gpio=36;device_seq=77008;time_source=device_synced;device_timestamp_utc=2026-07-28T06:38:19.290Z;config_id=257fa022;rssi=-60;uptime_s=577590;heap=195620;cal_tier=channel-cal;cal_src=wet_rederive_1236_20260719;pressure_context_source=weather_openmeteo;transport=wifi_poll,
plants.soil,2026-07-28T06:38:28.921Z,2026-07-28 01:38:28.921,22637,6762df,y9d41p,0.7.3,fleet_logger_0_1,577590041,UMLIFE_v2_TLC555,ch1,origplant,soil_moisture,1662,,,OK,,,982.8,,name=classic;level=OK;role=disp;spread=18;gpio=39;device_seq=77009;time_source=device_synced;device_timestamp_utc=2026-07-28T06:38:19.290Z;config_id=257fa022;rssi=-60;uptime_s=577590;heap=195620;cal_tier=channel-cal;cal_src=wet_rederive_1236_20260719;pressure_context_source=weather_openmeteo;transport=wifi_poll,
plants.soil,2026-07-28T06:38:28.921Z,2026-07-28 01:38:28.921,22638,6762df,y9d41p,0.7.3,fleet_logger_0_1,577590041,UMLIFE_v2_TLC555,ch2,origplant,soil_moisture,1334,,,OK,,,982.8,,name=classic;level=overwatered;role=disp;spread=34;gpio=34;device_seq=77010;time_source=device_synced;device_timestamp_utc=2026-07-28T06:38:19.290Z;config_id=257fa022;rssi=-60;uptime_s=577590;heap=195620;cal_tier=channel-cal;cal_src=wet_rederive_1236_20260719;pressure_context_source=weather_openmeteo;transport=wifi_poll,
plants.soil,2026-07-28T06:38:28.921Z,2026-07-28 01:38:28.921,22639,6762df,y9d41p,0.7.3,fleet_logger_0_1,577590041,UMLIFE_v2_TLC555,ch3,origplant,soil_moisture,1431,,,OK,,,982.8,,name=classic;level=well watered;role=disp;spread=30;gpio=35;device_seq=77011;time_source=device_synced;device_timestamp_utc=2026-07-28T06:38:19.290Z;config_id=257fa022;rssi=-60;uptime_s=577590;heap=195620;cal_tier=channel-cal;cal_src=wet_rederive_1236_20260719;pressure_context_source=weather_openmeteo;transport=wifi_poll,
plants.env,2026-07-28T06:38:28.921Z,2026-07-28 01:38:28.921,22640,6762df,y9d41p,0.7.3,fleet_logger_0_1,577590796,ESP32,esp32_die,on_chip,die_temp,,52.22,degC,OK,,,,,name=classic;source=esp32_die;cal=uncalibrated_board_proxy;api=temperatureRead;config_id=257fa022;transport=wifi_poll,
plants.soil,2026-07-28T06:38:59.276Z,2026-07-28 01:38:59.276,22641,6762df,y9d41p,0.7.3,fleet_logger_0_1,577620041,UMLIFE_v2_TLC555,ch0,origplant,soil_moisture,1541,,,OK,,,982.8,,name=classic;level=well watered;role=disp;spread=17;gpio=36;device_seq=77012;time_source=device_synced;device_timestamp_utc=2026-07-28T06:38:49.290Z;config_id=257fa022;rssi=-58;uptime_s=577620;heap=195608;cal_tier=channel-cal;cal_src=wet_rederive_1236_20260719;pressure_context_source=weather_openmeteo;transport=wifi_poll,
plants.soil,2026-07-28T06:38:59.276Z,2026-07-28 01:38:59.276,22642,6762df,y9d41p,0.7.3,fleet_logger_0_1,577620041,UMLIFE_v2_TLC555,ch1,origplant,soil_moisture,1666,,,OK,,,982.8,,name=classic;level=OK;role=disp;spread=19;gpio=39;device_seq=77013;time_source=device_synced;device_timestamp_utc=2026-07-28T06:38:49.290Z;config_id=257fa022;rssi=-58;uptime_s=577620;heap=195608;cal_tier=channel-cal;cal_src=wet_rederive_1236_20260719;pressure_context_source=weather_openmeteo;transport=wifi_poll,
plants.soil,2026-07-28T06:38:59.276Z,2026-07-28 01:38:59.276,22643,6762df,y9d41p,0.7.3,fleet_logger_0_1,577620041,UMLIFE_v2_TLC555,ch2,origplant,soil_moisture,1328,,,OK,,,982.8,,name=classic;level=overwatered;role=disp;spread=31;gpio=34;device_seq=77014;time_source=device_synced;device_timestamp_utc=2026-07-28T06:38:49.290Z;config_id=257fa022;rssi=-58;uptime_s=577620;heap=195608;cal_tier=channel-cal;cal_src=wet_rederive_1236_20260719;pressure_context_source=weather_openmeteo;transport=wifi_poll,
plants.soil,2026-07-28T06:38:59.276Z,2026-07-28 01:38:59.276,22644,6762df,y9d41p,0.7.3,fleet_logger_0_1,577620041,UMLIFE_v2_TLC555,ch3,origplant,soil_moisture,1408,,,OK,,,982.8,,name=classic;level=well watered;role=disp;spread=26;gpio=35;device_seq=77015;time_source=device_synced;device_timestamp_utc=2026-07-28T06:38:49.290Z;config_id=257fa022;rssi=-58;uptime_s=577620;heap=195608;cal_tier=channel-cal;cal_src=wet_rederive_1236_20260719;pressure_context_source=weather_openmeteo;transport=wifi_poll,
plants.env,2026-07-28T06:38:59.276Z,2026-07-28 01:38:59.276,22645,6762df,y9d41p,0.7.3,fleet_logger_0_1,577620796,ESP32,esp32_die,on_chip,die_temp,,51.67,degC,OK,,,,,name=classic;source=esp32_die;cal=uncalibrated_board_proxy;api=temperatureRead;config_id=257fa022;transport=wifi_poll,
plants.soil,2026-07-28T06:39:29.542Z,2026-07-28 01:39:29.542,22646,6762df,y9d41p,0.7.3,fleet_logger_0_1,577650041,UMLIFE_v2_TLC555,ch0,origplant,soil_moisture,1550,,,OK,,,982.8,,name=classic;level=well watered;role=disp;spread=22;gpio=36;device_seq=77016;time_source=device_synced;device_timestamp_utc=2026-07-28T06:39:19.290Z;config_id=257fa022;rssi=-60;uptime_s=577650;heap=195884;cal_tier=channel-cal;cal_src=wet_rederive_1236_20260719;pressure_context_source=weather_openmeteo;transport=wifi_poll,
plants.soil,2026-07-28T06:39:29.542Z,2026-07-28 01:39:29.542,22647,6762df,y9d41p,0.7.3,fleet_logger_0_1,577650041,UMLIFE_v2_TLC555,ch1,origplant,soil_moisture,1664,,,OK,,,982.8,,name=classic;level=OK;role=disp;spread=33;gpio=39;device_seq=77017;time_source=device_synced;device_timestamp_utc=2026-07-28T06:39:19.290Z;config_id=257fa022;rssi=-60;uptime_s=577650;heap=195884;cal_tier=channel-cal;cal_src=wet_rederive_1236_20260719;pressure_context_source=weather_openmeteo;transport=wifi_poll,
plants.soil,2026-07-28T06:39:29.542Z,2026-07-28 01:39:29.542,22648,6762df,y9d41p,0.7.3,fleet_logger_0_1,577650041,UMLIFE_v2_TLC555,ch2,origplant,soil_moisture,1330,,,OK,,,982.8,,name=classic;level=overwatered;role=disp;spread=46;gpio=34;device_seq=77018;time_source=device_synced;device_timestamp_utc=2026-07-28T06:39:19.290Z;config_id=257fa022;rssi=-60;uptime_s=577650;heap=195884;cal_tier=channel-cal;cal_src=wet_rederive_1236_20260719;pressure_context_source=weather_openmeteo;transport=wifi_poll,
plants.soil,2026-07-28T06:39:29.542Z,2026-07-28 01:39:29.542,22649,6762df,y9d41p,0.7.3,fleet_logger_0_1,577650041,UMLIFE_v2_TLC555,ch3,origplant,soil_moisture,1409,,,OK,,,982.8,,name=classic;level=well watered;role=disp;spread=38;gpio=35;device_seq=77019;time_source=device_synced;device_timestamp_utc=2026-07-28T06:39:19.290Z;config_id=257fa022;rssi=-60;uptime_s=577650;heap=195884;cal_tier=channel-cal;cal_src=wet_rederive_1236_20260719;pressure_context_source=weather_openmeteo;transport=wifi_poll,
plants.env,2026-07-28T06:39:29.542Z,2026-07-28 01:39:29.542,22650,6762df,y9d41p,0.7.3,fleet_logger_0_1,577650797,ESP32,esp32_die,on_chip,die_temp,,52.22,degC,OK,,,,,name=classic;source=esp32_die;cal=uncalibrated_board_proxy;api=temperatureRead;config_id=257fa022;transport=wifi_poll,
plants.soil,2026-07-28T06:39:59.903Z,2026-07-28 01:39:59.903,22651,6762df,y9d41p,0.7.3,fleet_logger_0_1,577680041,UMLIFE_v2_TLC555,ch0,origplant,soil_moisture,1549,,,OK,,,982.8,,name=classic;level=well watered;role=disp;spread=15;gpio=36;device_seq=77020;time_source=device_synced;device_timestamp_utc=2026-07-28T06:39:49.290Z;config_id=257fa022;rssi=-59;uptime_s=577680;heap=195884;cal_tier=channel-cal;cal_src=wet_rederive_1236_20260719;pressure_context_source=weather_openmeteo;transport=wifi_poll,
plants.soil,2026-07-28T06:39:59.903Z,2026-07-28 01:39:59.903,22652,6762df,y9d41p,0.7.3,fleet_logger_0_1,577680041,UMLIFE_v2_TLC555,ch1,origplant,soil_moisture,1660,,,OK,,,982.8,,name=classic;level=OK;role=disp;spread=32;gpio=39;device_seq=77021;time_source=device_synced;device_timestamp_utc=2026-07-28T06:39:49.290Z;config_id=257fa022;rssi=-59;uptime_s=577680;heap=195884;cal_tier=channel-cal;cal_src=wet_rederive_1236_20260719;pressure_context_source=weather_openmeteo;transport=wifi_poll,
plants.soil,2026-07-28T06:39:59.903Z,2026-07-28 01:39:59.903,22653,6762df,y9d41p,0.7.3,fleet_logger_0_1,577680041,UMLIFE_v2_TLC555,ch2,origplant,soil_moisture,1338,,,OK,,,982.8,,name=classic;level=overwatered;role=disp;spread=23;gpio=34;device_seq=77022;time_source=device_synced;device_timestamp_utc=2026-07-28T06:39:49.290Z;config_id=257fa022;rssi=-59;uptime_s=577680;heap=195884;cal_tier=channel-cal;cal_src=wet_rederive_1236_20260719;pressure_context_source=weather_openmeteo;transport=wifi_poll,
plants.soil,2026-07-28T06:39:59.903Z,2026-07-28 01:39:59.903,22654,6762df,y9d41p,0.7.3,fleet_logger_0_1,577680041,UMLIFE_v2_TLC555,ch3,origplant,soil_moisture,1414,,,OK,,,982.8,,name=classic;level=well watered;role=disp;spread=32;gpio=35;device_seq=77023;time_source=device_synced;device_timestamp_utc=2026-07-28T06:39:49.290Z;config_id=257fa022;rssi=-59;uptime_s=577680;heap=195884;cal_tier=channel-cal;cal_src=wet_rederive_1236_20260719;pressure_context_source=weather_openmeteo;transport=wifi_poll,
plants.env,2026-07-28T06:39:59.903Z,2026-07-28 01:39:59.903,22655,6762df,y9d41p,0.7.3,fleet_logger_0_1,577680797,ESP32,esp32_die,on_chip,die_temp,,52.22,degC,OK,,,,,name=classic;source=esp32_die;cal=uncalibrated_board_proxy;api=temperatureRead;config_id=257fa022;transport=wifi_poll,
plants.soil,2026-07-28T06:40:30.215Z,2026-07-28 01:40:30.215,22656,6762df,y9d41p,0.7.3,fleet_logger_0_1,577710041,UMLIFE_v2_TLC555,ch0,origplant,soil_moisture,1549,,,OK,,,982.8,,name=classic;level=well watered;role=disp;spread=40;gpio=36;device_seq=77024;time_source=device_synced;device_timestamp_utc=2026-07-28T06:40:19.290Z;config_id=257fa022;rssi=-58;uptime_s=577710;heap=195884;cal_tier=channel-cal;cal_src=wet_rederive_1236_20260719;pressure_context_source=weather_openmeteo;transport=wifi_poll,
plants.soil,2026-07-28T06:40:30.215Z,2026-07-28 01:40:30.215,22657,6762df,y9d41p,0.7.3,fleet_logger_0_1,577710041,UMLIFE_v2_TLC555,ch1,origplant,soil_moisture,1667,,,OK,,,982.8,,name=classic;level=OK;role=disp;spread=27;gpio=39;device_seq=77025;time_source=device_synced;device_timestamp_utc=2026-07-28T06:40:19.290Z;config_id=257fa022;rssi=-58;uptime_s=577710;heap=195884;cal_tier=channel-cal;cal_src=wet_rederive_1236_20260719;pressure_context_source=weather_openmeteo;transport=wifi_poll,
plants.soil,2026-07-28T06:40:30.215Z,2026-07-28 01:40:30.215,22658,6762df,y9d41p,0.7.3,fleet_logger_0_1,577710041,UMLIFE_v2_TLC555,ch2,origplant,soil_moisture,1330,,,OK,,,982.8,,name=classic;level=overwatered;role=disp;spread=31;gpio=34;device_seq=77026;time_source=device_synced;device_timestamp_utc=2026-07-28T06:40:19.290Z;config_id=257fa022;rssi=-58;uptime_s=577710;heap=195884;cal_tier=channel-cal;cal_src=wet_rederive_1236_20260719;pressure_context_source=weather_openmeteo;transport=wifi_poll,
plants.soil,2026-07-28T06:40:30.215Z,2026-07-28 01:40:30.215,22659,6762df,y9d41p,0.7.3,fleet_logger_0_1,577710041,UMLIFE_v2_TLC555,ch3,origplant,soil_moisture,1411,,,OK,,,982.8,,name=classic;level=well watered;role=disp;spread=29;gpio=35;device_seq=77027;time_source=device_synced;device_timestamp_utc=2026-07-28T06:40:19.290Z;config_id=257fa022;rssi=-58;uptime_s=577710;heap=195884;cal_tier=channel-cal;cal_src=wet_rederive_1236_20260719;pressure_context_source=weather_openmeteo;transport=wifi_poll,
plants.env,2026-07-28T06:40:30.215Z,2026-07-28 01:40:30.215,22660,6762df,y9d41p,0.7.3,fleet_logger_0_1,577710797,ESP32,esp32_die,on_chip,die_temp,,52.22,degC,OK,,,,,name=classic;source=esp32_die;cal=uncalibrated_board_proxy;api=temperatureRead;config_id=257fa022;transport=wifi_poll,
plants.soil,2026-07-28T06:41:00.471Z,2026-07-28 01:41:00.471,22661,6762df,y9d41p,0.7.3,fleet_logger_0_1,577740041,UMLIFE_v2_TLC555,ch0,origplant,soil_moisture,1551,,,OK,,,982.8,,name=classic;level=well watered;role=disp;spread=45;gpio=36;device_seq=77028;time_source=device_synced;device_timestamp_utc=2026-07-28T06:40:49.290Z;config_id=257fa022;rssi=-59;uptime_s=577740;heap=195884;cal_tier=channel-cal;cal_src=wet_rederive_1236_20260719;pressure_context_source=weather_openmeteo;transport=wifi_poll,
plants.soil,2026-07-28T06:41:00.471Z,2026-07-28 01:41:00.471,22662,6762df,y9d41p,0.7.3,fleet_logger_0_1,577740041,UMLIFE_v2_TLC555,ch1,origplant,soil_moisture,1673,,,OK,,,982.8,,name=classic;level=OK;role=disp;spread=29;gpio=39;device_seq=77029;time_source=device_synced;device_timestamp_utc=2026-07-28T06:40:49.290Z;config_id=257fa022;rssi=-59;uptime_s=577740;heap=195884;cal_tier=channel-cal;cal_src=wet_rederive_1236_20260719;pressure_context_source=weather_openmeteo;transport=wifi_poll,
plants.soil,2026-07-28T06:41:00.471Z,2026-07-28 01:41:00.471,22663,6762df,y9d41p,0.7.3,fleet_logger_0_1,577740041,UMLIFE_v2_TLC555,ch2,origplant,soil_moisture,1340,,,OK,,,982.8,,name=classic;level=overwatered;role=disp;spread=48;gpio=34;device_seq=77030;time_source=device_synced;device_timestamp_utc=2026-07-28T06:40:49.290Z;config_id=257fa022;rssi=-59;uptime_s=577740;heap=195884;cal_tier=channel-cal;cal_src=wet_rederive_1236_20260719;pressure_context_source=weather_openmeteo;transport=wifi_poll,
plants.soil,2026-07-28T06:41:00.471Z,2026-07-28 01:41:00.471,22664,6762df,y9d41p,0.7.3,fleet_logger_0_1,577740041,UMLIFE_v2_TLC555,ch3,origplant,soil_moisture,1412,,,OK,,,982.8,,name=classic;level=well watered;role=disp;spread=23;gpio=35;device_seq=77031;time_source=device_synced;device_timestamp_utc=2026-07-28T06:40:49.290Z;config_id=257fa022;rssi=-59;uptime_s=577740;heap=195884;cal_tier=channel-cal;cal_src=wet_rederive_1236_20260719;pressure_context_source=weather_openmeteo;transport=wifi_poll,
plants.env,2026-07-28T06:41:00.471Z,2026-07-28 01:41:00.471,22665,6762df,y9d41p,0.7.3,fleet_logger_0_1,577740797,ESP32,esp32_die,on_chip,die_temp,,52.22,degC,OK,,,,,name=classic;source=esp32_die;cal=uncalibrated_board_proxy;api=temperatureRead;config_id=257fa022;transport=wifi_poll,
plants.soil,2026-07-28T06:41:31.397Z,2026-07-28 01:41:31.397,22666,6762df,y9d41p,0.7.3,fleet_logger_0_1,577770041,UMLIFE_v2_TLC555,ch0,origplant,soil_moisture,1557,,,OK,,,982.8,,name=classic;level=well watered;role=disp;spread=35;gpio=36;device_seq=77032;time_source=device_synced;device_timestamp_utc=2026-07-28T06:41:19.290Z;config_id=257fa022;rssi=-70;uptime_s=577770;heap=195636;cal_tier=channel-cal;cal_src=wet_rederive_1236_20260719;pressure_context_source=weather_openmeteo;transport=wifi_poll,
plants.soil,2026-07-28T06:41:31.397Z,2026-07-28 01:41:31.397,22667,6762df,y9d41p,0.7.3,fleet_logger_0_1,577770041,UMLIFE_v2_TLC555,ch1,origplant,soil_moisture,1665,,,OK,,,982.8,,name=classic;level=OK;role=disp;spread=48;gpio=39;device_seq=77033;time_source=device_synced;device_timestamp_utc=2026-07-28T06:41:19.290Z;config_id=257fa022;rssi=-70;uptime_s=577770;heap=195636;cal_tier=channel-cal;cal_src=wet_rederive_1236_20260719;pressure_context_source=weather_openmeteo;transport=wifi_poll,
plants.soil,2026-07-28T06:41:31.397Z,2026-07-28 01:41:31.397,22668,6762df,y9d41p,0.7.3,fleet_logger_0_1,577770041,UMLIFE_v2_TLC555,ch2,origplant,soil_moisture,1338,,,OK,,,982.8,,name=classic;level=overwatered;role=disp;spread=27;gpio=34;device_seq=77034;time_source=device_synced;device_timestamp_utc=2026-07-28T06:41:19.290Z;config_id=257fa022;rssi=-70;uptime_s=577770;heap=195636;cal_tier=channel-cal;cal_src=wet_rederive_1236_20260719;pressure_context_source=weather_openmeteo;transport=wifi_poll,
plants.soil,2026-07-28T06:41:31.397Z,2026-07-28 01:41:31.397,22669,6762df,y9d41p,0.7.3,fleet_logger_0_1,577770041,UMLIFE_v2_TLC555,ch3,origplant,soil_moisture,1409,,,OK,,,982.8,,name=classic;level=well watered;role=disp;spread=20;gpio=35;device_seq=77035;time_source=device_synced;device_timestamp_utc=2026-07-28T06:41:19.290Z;config_id=257fa022;rssi=-70;uptime_s=577770;heap=195636;cal_tier=channel-cal;cal_src=wet_rederive_1236_20260719;pressure_context_source=weather_openmeteo;transport=wifi_poll,
plants.env,2026-07-28T06:41:31.397Z,2026-07-28 01:41:31.397,22670,6762df,y9d41p,0.7.3,fleet_logger_0_1,577770797,ESP32,esp32_die,on_chip,die_temp,,52.22,degC,OK,,,,,name=classic;source=esp32_die;cal=uncalibrated_board_proxy;api=temperatureRead;config_id=257fa022;transport=wifi_poll,
plants.soil,2026-07-28T06:42:01.751Z,2026-07-28 01:42:01.751,22671,6762df,y9d41p,0.7.3,fleet_logger_0_1,577800041,UMLIFE_v2_TLC555,ch0,origplant,soil_moisture,1541,,,OK,,,982.8,,name=classic;level=well watered;role=disp;spread=18;gpio=36;device_seq=77036;time_source=device_synced;device_timestamp_utc=2026-07-28T06:41:49.290Z;config_id=257fa022;rssi=-60;uptime_s=577800;heap=195632;cal_tier=channel-cal;cal_src=wet_rederive_1236_20260719;pressure_context_source=weather_openmeteo;transport=wifi_poll,
plants.soil,2026-07-28T06:42:01.751Z,2026-07-28 01:42:01.751,22672,6762df,y9d41p,0.7.3,fleet_logger_0_1,577800041,UMLIFE_v2_TLC555,ch1,origplant,soil_moisture,1660,,,OK,,,982.8,,name=classic;level=OK;role=disp;spread=23;gpio=39;device_seq=77037;time_source=device_synced;device_timestamp_utc=2026-07-28T06:41:49.290Z;config_id=257fa022;rssi=-60;uptime_s=577800;heap=195632;cal_tier=channel-cal;cal_src=wet_rederive_1236_20260719;pressure_context_source=weather_openmeteo;transport=wifi_poll,
plants.soil,2026-07-28T06:42:01.751Z,2026-07-28 01:42:01.751,22673,6762df,y9d41p,0.7.3,fleet_logger_0_1,577800041,UMLIFE_v2_TLC555,ch2,origplant,soil_moisture,1337,,,OK,,,982.8,,name=classic;level=overwatered;role=disp;spread=36;gpio=34;device_seq=77038;time_source=device_synced;device_timestamp_utc=2026-07-28T06:41:49.290Z;config_id=257fa022;rssi=-60;uptime_s=577800;heap=195632;cal_tier=channel-cal;cal_src=wet_rederive_1236_20260719;pressure_context_source=weather_openmeteo;transport=wifi_poll,
plants.soil,2026-07-28T06:42:01.751Z,2026-07-28 01:42:01.751,22674,6762df,y9d41p,0.7.3,fleet_logger_0_1,577800041,UMLIFE_v2_TLC555,ch3,origplant,soil_moisture,1422,,,OK,,,982.8,,name=classic;level=well watered;role=disp;spread=32;gpio=35;device_seq=77039;time_source=device_synced;device_timestamp_utc=2026-07-28T06:41:49.290Z;config_id=257fa022;rssi=-60;uptime_s=577800;heap=195632;cal_tier=channel-cal;cal_src=wet_rederive_1236_20260719;pressure_context_source=weather_openmeteo;transport=wifi_poll,
plants.env,2026-07-28T06:42:01.751Z,2026-07-28 01:42:01.751,22675,6762df,y9d41p,0.7.3,fleet_logger_0_1,577801863,ESP32,esp32_die,on_chip,die_temp,,52.22,degC,OK,,,,,name=classic;source=esp32_die;cal=uncalibrated_board_proxy;api=temperatureRead;config_id=257fa022;transport=wifi_poll,
plants.soil,2026-07-28T06:42:32.122Z,2026-07-28 01:42:32.122,22676,6762df,y9d41p,0.7.3,fleet_logger_0_1,577830041,UMLIFE_v2_TLC555,ch0,origplant,soil_moisture,1576,,,OK,,,982.8,,name=classic;level=well watered;role=disp;spread=31;gpio=36;device_seq=77040;time_source=device_synced;device_timestamp_utc=2026-07-28T06:42:19.290Z;config_id=257fa022;rssi=-59;uptime_s=577830;heap=195884;cal_tier=channel-cal;cal_src=wet_rederive_1236_20260719;pressure_context_source=weather_openmeteo;transport=wifi_poll,
plants.soil,2026-07-28T06:42:32.122Z,2026-07-28 01:42:32.122,22677,6762df,y9d41p,0.7.3,fleet_logger_0_1,577830041,UMLIFE_v2_TLC555,ch1,origplant,soil_moisture,1673,,,OK,,,982.8,,name=classic;level=OK;role=disp;spread=31;gpio=39;device_seq=77041;time_source=device_synced;device_timestamp_utc=2026-07-28T06:42:19.290Z;config_id=257fa022;rssi=-59;uptime_s=577830;heap=195884;cal_tier=channel-cal;cal_src=wet_rederive_1236_20260719;pressure_context_source=weather_openmeteo;transport=wifi_poll,
plants.soil,2026-07-28T06:42:32.122Z,2026-07-28 01:42:32.122,22678,6762df,y9d41p,0.7.3,fleet_logger_0_1,577830041,UMLIFE_v2_TLC555,ch2,origplant,soil_moisture,1336,,,OK,,,982.8,,name=classic;level=overwatered;role=disp;spread=36;gpio=34;device_seq=77042;time_source=device_synced;device_timestamp_utc=2026-07-28T06:42:19.290Z;config_id=257fa022;rssi=-59;uptime_s=577830;heap=195884;cal_tier=channel-cal;cal_src=wet_rederive_1236_20260719;pressure_context_source=weather_openmeteo;transport=wifi_poll,
plants.soil,2026-07-28T06:42:32.122Z,2026-07-28 01:42:32.122,22679,6762df,y9d41p,0.7.3,fleet_logger_0_1,577830041,UMLIFE_v2_TLC555,ch3,origplant,soil_moisture,1415,,,OK,,,982.8,,name=classic;level=well watered;role=disp;spread=7;gpio=35;device_seq=77043;time_source=device_synced;device_timestamp_utc=2026-07-28T06:42:19.290Z;config_id=257fa022;rssi=-59;uptime_s=577830;heap=195884;cal_tier=channel-cal;cal_src=wet_rederive_1236_20260719;pressure_context_source=weather_openmeteo;transport=wifi_poll,
plants.env,2026-07-28T06:42:32.122Z,2026-07-28 01:42:32.122,22680,6762df,y9d41p,0.7.3,fleet_logger_0_1,577830797,ESP32,esp32_die,on_chip,die_temp,,51.67,degC,OK,,,,,name=classic;source=esp32_die;cal=uncalibrated_board_proxy;api=temperatureRead;config_id=257fa022;transport=wifi_poll,
plants.soil,2026-07-28T06:43:04.785Z,2026-07-28 01:43:04.785,22681,6762df,y9d41p,0.7.3,fleet_logger_0_1,577860041,UMLIFE_v2_TLC555,ch0,origplant,soil_moisture,1575,,,OK,,,982.8,,name=classic;level=well watered;role=disp;spread=43;gpio=36;device_seq=77044;time_source=device_synced;device_timestamp_utc=2026-07-28T06:42:49.290Z;config_id=257fa022;rssi=-59;uptime_s=577860;heap=195884;cal_tier=channel-cal;cal_src=wet_rederive_1236_20260719;pressure_context_source=weather_openmeteo;transport=wifi_poll,
plants.soil,2026-07-28T06:43:04.785Z,2026-07-28 01:43:04.785,22682,6762df,y9d41p,0.7.3,fleet_logger_0_1,577860041,UMLIFE_v2_TLC555,ch1,origplant,soil_moisture,1680,,,OK,,,982.8,,name=classic;level=OK;role=disp;spread=35;gpio=39;device_seq=77045;time_source=device_synced;device_timestamp_utc=2026-07-28T06:42:49.290Z;config_id=257fa022;rssi=-59;uptime_s=577860;heap=195884;cal_tier=channel-cal;cal_src=wet_rederive_1236_20260719;pressure_context_source=weather_openmeteo;transport=wifi_poll,
plants.soil,2026-07-28T06:43:04.785Z,2026-07-28 01:43:04.785,22683,6762df,y9d41p,0.7.3,fleet_logger_0_1,577860041,UMLIFE_v2_TLC555,ch2,origplant,soil_moisture,1342,,,OK,,,982.8,,name=classic;level=overwatered;role=disp;spread=30;gpio=34;device_seq=77046;time_source=device_synced;device_timestamp_utc=2026-07-28T06:42:49.290Z;config_id=257fa022;rssi=-59;uptime_s=577860;heap=195884;cal_tier=channel-cal;cal_src=wet_rederive_1236_20260719;pressure_context_source=weather_openmeteo;transport=wifi_poll,
plants.soil,2026-07-28T06:43:04.785Z,2026-07-28 01:43:04.785,22684,6762df,y9d41p,0.7.3,fleet_logger_0_1,577860041,UMLIFE_v2_TLC555,ch3,origplant,soil_moisture,1414,,,OK,,,982.8,,name=classic;level=well watered;role=disp;spread=16;gpio=35;device_seq=77047;time_source=device_synced;device_timestamp_utc=2026-07-28T06:42:49.290Z;config_id=257fa022;rssi=-59;uptime_s=577860;heap=195884;cal_tier=channel-cal;cal_src=wet_rederive_1236_20260719;pressure_context_source=weather_openmeteo;transport=wifi_poll,
plants.env,2026-07-28T06:43:04.785Z,2026-07-28 01:43:04.785,22685,6762df,y9d41p,0.7.3,fleet_logger_0_1,577860797,ESP32,esp32_die,on_chip,die_temp,,51.67,degC,OK,,,,,name=classic;source=esp32_die;cal=uncalibrated_board_proxy;api=temperatureRead;config_id=257fa022;transport=wifi_poll,
plants.soil,2026-07-28T06:43:35.302Z,2026-07-28 01:43:35.302,22686,6762df,y9d41p,0.7.3,fleet_logger_0_1,577890041,UMLIFE_v2_TLC555,ch0,origplant,soil_moisture,1578,,,OK,,,982.8,,name=classic;level=well watered;role=disp;spread=5;gpio=36;device_seq=77048;time_source=device_synced;device_timestamp_utc=2026-07-28T06:43:19.290Z;config_id=257fa022;rssi=-58;uptime_s=577890;heap=195888;cal_tier=channel-cal;cal_src=wet_rederive_1236_20260719;pressure_context_source=weather_openmeteo;transport=wifi_poll,
plants.soil,2026-07-28T06:43:35.302Z,2026-07-28 01:43:35.302,22687,6762df,y9d41p,0.7.3,fleet_logger_0_1,577890041,UMLIFE_v2_TLC555,ch1,origplant,soil_moisture,1686,,,OK,,,982.8,,name=classic;level=OK;role=disp;spread=27;gpio=39;device_seq=77049;time_source=device_synced;device_timestamp_utc=2026-07-28T06:43:19.290Z;config_id=257fa022;rssi=-58;uptime_s=577890;heap=195888;cal_tier=channel-cal;cal_src=wet_rederive_1236_20260719;pressure_context_source=weather_openmeteo;transport=wifi_poll,
plants.soil,2026-07-28T06:43:35.302Z,2026-07-28 01:43:35.302,22688,6762df,y9d41p,0.7.3,fleet_logger_0_1,577890041,UMLIFE_v2_TLC555,ch2,origplant,soil_moisture,1341,,,OK,,,982.8,,name=classic;level=overwatered;role=disp;spread=23;gpio=34;device_seq=77050;time_source=device_synced;device_timestamp_utc=2026-07-28T06:43:19.290Z;config_id=257fa022;rssi=-58;uptime_s=577890;heap=195888;cal_tier=channel-cal;cal_src=wet_rederive_1236_20260719;pressure_context_source=weather_openmeteo;transport=wifi_poll,
plants.soil,2026-07-28T06:43:35.302Z,2026-07-28 01:43:35.302,22689,6762df,y9d41p,0.7.3,fleet_logger_0_1,577890041,UMLIFE_v2_TLC555,ch3,origplant,soil_moisture,1421,,,OK,,,982.8,,name=classic;level=well watered;role=disp;spread=21;gpio=35;device_seq=77051;time_source=device_synced;device_timestamp_utc=2026-07-28T06:43:19.290Z;config_id=257fa022;rssi=-58;uptime_s=577890;heap=195888;cal_tier=channel-cal;cal_src=wet_rederive_1236_20260719;pressure_context_source=weather_openmeteo;transport=wifi_poll,
plants.env,2026-07-28T06:43:35.302Z,2026-07-28 01:43:35.302,22690,6762df,y9d41p,0.7.3,fleet_logger_0_1,577890797,ESP32,esp32_die,on_chip,die_temp,,51.67,degC,OK,,,,,name=classic;source=esp32_die;cal=uncalibrated_board_proxy;api=temperatureRead;config_id=257fa022;transport=wifi_poll,
plants.soil,2026-07-28T06:44:05.818Z,2026-07-28 01:44:05.818,22691,6762df,y9d41p,0.7.3,fleet_logger_0_1,577920041,UMLIFE_v2_TLC555,ch0,origplant,soil_moisture,1576,,,OK,,,982.8,,name=classic;level=well watered;role=disp;spread=63;gpio=36;device_seq=77052;time_source=device_synced;device_timestamp_utc=2026-07-28T06:43:49.290Z;config_id=257fa022;rssi=-58;uptime_s=577920;heap=195872;cal_tier=channel-cal;cal_src=wet_rederive_1236_20260719;pressure_context_source=weather_openmeteo;transport=wifi_poll,
plants.soil,2026-07-28T06:44:05.818Z,2026-07-28 01:44:05.818,22692,6762df,y9d41p,0.7.3,fleet_logger_0_1,577920041,UMLIFE_v2_TLC555,ch1,origplant,soil_moisture,1690,,,OK,,,982.8,,name=classic;level=OK;role=disp;spread=17;gpio=39;device_seq=77053;time_source=device_synced;device_timestamp_utc=2026-07-28T06:43:49.290Z;config_id=257fa022;rssi=-58;uptime_s=577920;heap=195872;cal_tier=channel-cal;cal_src=wet_rederive_1236_20260719;pressure_context_source=weather_openmeteo;transport=wifi_poll,
plants.soil,2026-07-28T06:44:05.818Z,2026-07-28 01:44:05.818,22693,6762df,y9d41p,0.7.3,fleet_logger_0_1,577920041,UMLIFE_v2_TLC555,ch2,origplant,soil_moisture,1350,,,OK,,,982.8,,name=classic;level=overwatered;role=disp;spread=32;gpio=34;device_seq=77054;time_source=device_synced;device_timestamp_utc=2026-07-28T06:43:49.290Z;config_id=257fa022;rssi=-58;uptime_s=577920;heap=195872;cal_tier=channel-cal;cal_src=wet_rederive_1236_20260719;pressure_context_source=weather_openmeteo;transport=wifi_poll,
plants.soil,2026-07-28T06:44:05.818Z,2026-07-28 01:44:05.818,22694,6762df,y9d41p,0.7.3,fleet_logger_0_1,577920041,UMLIFE_v2_TLC555,ch3,origplant,soil_moisture,1425,,,OK,,,982.8,,name=classic;level=well watered;role=disp;spread=12;gpio=35;device_seq=77055;time_source=device_synced;device_timestamp_utc=2026-07-28T06:43:49.290Z;config_id=257fa022;rssi=-58;uptime_s=577920;heap=195872;cal_tier=channel-cal;cal_src=wet_rederive_1236_20260719;pressure_context_source=weather_openmeteo;transport=wifi_poll,
plants.env,2026-07-28T06:44:05.818Z,2026-07-28 01:44:05.818,22695,6762df,y9d41p,0.7.3,fleet_logger_0_1,577920797,ESP32,esp32_die,on_chip,die_temp,,52.22,degC,OK,,,,,name=classic;source=esp32_die;cal=uncalibrated_board_proxy;api=temperatureRead;config_id=257fa022;transport=wifi_poll,
plants.soil,2026-07-28T06:44:36.947Z,2026-07-28 01:44:36.947,22696,6762df,y9d41p,0.7.3,fleet_logger_0_1,577950041,UMLIFE_v2_TLC555,ch0,origplant,soil_moisture,1573,,,OK,,,982.8,,name=classic;level=well watered;role=disp;spread=49;gpio=36;device_seq=77056;time_source=device_synced;device_timestamp_utc=2026-07-28T06:44:19.290Z;config_id=257fa022;rssi=-59;uptime_s=577950;heap=195608;cal_tier=channel-cal;cal_src=wet_rederive_1236_20260719;pressure_context_source=weather_openmeteo;transport=wifi_poll,
plants.soil,2026-07-28T06:44:36.947Z,2026-07-28 01:44:36.947,22697,6762df,y9d41p,0.7.3,fleet_logger_0_1,577950041,UMLIFE_v2_TLC555,ch1,origplant,soil_moisture,1692,,,OK,,,982.8,,name=classic;level=OK;role=disp;spread=39;gpio=39;device_seq=77057;time_source=device_synced;device_timestamp_utc=2026-07-28T06:44:19.290Z;config_id=257fa022;rssi=-59;uptime_s=577950;heap=195608;cal_tier=channel-cal;cal_src=wet_rederive_1236_20260719;pressure_context_source=weather_openmeteo;transport=wifi_poll,
plants.soil,2026-07-28T06:44:36.947Z,2026-07-28 01:44:36.947,22698,6762df,y9d41p,0.7.3,fleet_logger_0_1,577950041,UMLIFE_v2_TLC555,ch2,origplant,soil_moisture,1361,,,OK,,,982.8,,name=classic;level=overwatered;role=disp;spread=23;gpio=34;device_seq=77058;time_source=device_synced;device_timestamp_utc=2026-07-28T06:44:19.290Z;config_id=257fa022;rssi=-59;uptime_s=577950;heap=195608;cal_tier=channel-cal;cal_src=wet_rederive_1236_20260719;pressure_context_source=weather_openmeteo;transport=wifi_poll,
plants.soil,2026-07-28T06:44:36.947Z,2026-07-28 01:44:36.947,22699,6762df,y9d41p,0.7.3,fleet_logger_0_1,577950041,UMLIFE_v2_TLC555,ch3,origplant,soil_moisture,1422,,,OK,,,982.8,,name=classic;level=well watered;role=disp;spread=24;gpio=35;device_seq=77059;time_source=device_synced;device_timestamp_utc=2026-07-28T06:44:19.290Z;config_id=257fa022;rssi=-59;uptime_s=577950;heap=195608;cal_tier=channel-cal;cal_src=wet_rederive_1236_20260719;pressure_context_source=weather_openmeteo;transport=wifi_poll,
plants.env,2026-07-28T06:44:36.947Z,2026-07-28 01:44:36.947,22700,6762df,y9d41p,0.7.3,fleet_logger_0_1,577950797,ESP32,esp32_die,on_chip,die_temp,,52.22,degC,OK,,,,,name=classic;source=esp32_die;cal=uncalibrated_board_proxy;api=temperatureRead;config_id=257fa022;transport=wifi_poll,
plants.soil,2026-07-28T06:45:07.258Z,2026-07-28 01:45:07.258,22701,6762df,y9d41p,0.7.3,fleet_logger_0_1,577980041,UMLIFE_v2_TLC555,ch0,origplant,soil_moisture,1579,,,OK,,,982.8,,name=classic;level=well watered;role=disp;spread=28;gpio=36;device_seq=77060;time_source=device_synced;device_timestamp_utc=2026-07-28T06:44:49.290Z;config_id=257fa022;rssi=-59;uptime_s=577980;heap=195620;cal_tier=channel-cal;cal_src=wet_rederive_1236_20260719;pressure_context_source=weather_openmeteo;transport=wifi_poll,
plants.soil,2026-07-28T06:45:07.258Z,2026-07-28 01:45:07.258,22702,6762df,y9d41p,0.7.3,fleet_logger_0_1,577980041,UMLIFE_v2_TLC555,ch1,origplant,soil_moisture,1692,,,OK,,,982.8,,name=classic;level=OK;role=disp;spread=42;gpio=39;device_seq=77061;time_source=device_synced;device_timestamp_utc=2026-07-28T06:44:49.290Z;config_id=257fa022;rssi=-59;uptime_s=577980;heap=195620;cal_tier=channel-cal;cal_src=wet_rederive_1236_20260719;pressure_context_source=weather_openmeteo;transport=wifi_poll,
plants.soil,2026-07-28T06:45:07.258Z,2026-07-28 01:45:07.258,22703,6762df,y9d41p,0.7.3,fleet_logger_0_1,577980041,UMLIFE_v2_TLC555,ch2,origplant,soil_moisture,1357,,,OK,,,982.8,,name=classic;level=overwatered;role=disp;spread=29;gpio=34;device_seq=77062;time_source=device_synced;device_timestamp_utc=2026-07-28T06:44:49.290Z;config_id=257fa022;rssi=-59;uptime_s=577980;heap=195620;cal_tier=channel-cal;cal_src=wet_rederive_1236_20260719;pressure_context_source=weather_openmeteo;transport=wifi_poll,
plants.soil,2026-07-28T06:45:07.258Z,2026-07-28 01:45:07.258,22704,6762df,y9d41p,0.7.3,fleet_logger_0_1,577980041,UMLIFE_v2_TLC555,ch3,origplant,soil_moisture,1427,,,OK,,,982.8,,name=classic;level=well watered;role=disp;spread=5;gpio=35;device_seq=77063;time_source=device_synced;device_timestamp_utc=2026-07-28T06:44:49.290Z;config_id=257fa022;rssi=-59;uptime_s=577980;heap=195620;cal_tier=channel-cal;cal_src=wet_rederive_1236_20260719;pressure_context_source=weather_openmeteo;transport=wifi_poll,
plants.env,2026-07-28T06:45:07.258Z,2026-07-28 01:45:07.258,22705,6762df,y9d41p,0.7.3,fleet_logger_0_1,577980797,ESP32,esp32_die,on_chip,die_temp,,52.78,degC,OK,,,,,name=classic;source=esp32_die;cal=uncalibrated_board_proxy;api=temperatureRead;config_id=257fa022;transport=wifi_poll,
plants.soil,2026-07-28T06:45:37.671Z,2026-07-28 01:45:37.671,22706,6762df,y9d41p,0.7.3,fleet_logger_0_1,578010041,UMLIFE_v2_TLC555,ch0,origplant,soil_moisture,1572,,,OK,,,982.8,,name=classic;level=well watered;role=disp;spread=17;gpio=36;device_seq=77064;time_source=device_synced;device_timestamp_utc=2026-07-28T06:45:19.290Z;config_id=257fa022;rssi=-59;uptime_s=578010;heap=195884;cal_tier=channel-cal;cal_src=wet_rederive_1236_20260719;pressure_context_source=weather_openmeteo;transport=wifi_poll,
plants.soil,2026-07-28T06:45:37.671Z,2026-07-28 01:45:37.671,22707,6762df,y9d41p,0.7.3,fleet_logger_0_1,578010041,UMLIFE_v2_TLC555,ch1,origplant,soil_moisture,1687,,,OK,,,982.8,,name=classic;level=OK;role=disp;spread=26;gpio=39;device_seq=77065;time_source=device_synced;device_timestamp_utc=2026-07-28T06:45:19.290Z;config_id=257fa022;rssi=-59;uptime_s=578010;heap=195884;cal_tier=channel-cal;cal_src=wet_rederive_1236_20260719;pressure_context_source=weather_openmeteo;transport=wifi_poll,
plants.soil,2026-07-28T06:45:37.671Z,2026-07-28 01:45:37.671,22708,6762df,y9d41p,0.7.3,fleet_logger_0_1,578010041,UMLIFE_v2_TLC555,ch2,origplant,soil_moisture,1364,,,OK,,,982.8,,name=classic;level=overwatered;role=disp;spread=11;gpio=34;device_seq=77066;time_source=device_synced;device_timestamp_utc=2026-07-28T06:45:19.290Z;config_id=257fa022;rssi=-59;uptime_s=578010;heap=195884;cal_tier=channel-cal;cal_src=wet_rederive_1236_20260719;pressure_context_source=weather_openmeteo;transport=wifi_poll,
plants.soil,2026-07-28T06:45:37.671Z,2026-07-28 01:45:37.671,22709,6762df,y9d41p,0.7.3,fleet_logger_0_1,578010041,UMLIFE_v2_TLC555,ch3,origplant,soil_moisture,1437,,,OK,,,982.8,,name=classic;level=well watered;role=disp;spread=25;gpio=35;device_seq=77067;time_source=device_synced;device_timestamp_utc=2026-07-28T06:45:19.290Z;config_id=257fa022;rssi=-59;uptime_s=578010;heap=195884;cal_tier=channel-cal;cal_src=wet_rederive_1236_20260719;pressure_context_source=weather_openmeteo;transport=wifi_poll,
plants.env,2026-07-28T06:45:37.671Z,2026-07-28 01:45:37.671,22710,6762df,y9d41p,0.7.3,fleet_logger_0_1,578010797,ESP32,esp32_die,on_chip,die_temp,,51.11,degC,OK,,,,,name=classic;source=esp32_die;cal=uncalibrated_board_proxy;api=temperatureRead;config_id=257fa022;transport=wifi_poll,
plants.soil,2026-07-28T06:46:08.104Z,2026-07-28 01:46:08.104,22711,6762df,y9d41p,0.7.3,fleet_logger_0_1,578040041,UMLIFE_v2_TLC555,ch0,origplant,soil_moisture,1574,,,OK,,,982.8,,name=classic;level=well watered;role=disp;spread=45;gpio=36;device_seq=77068;time_source=device_synced;device_timestamp_utc=2026-07-28T06:45:49.290Z;config_id=257fa022;rssi=-58;uptime_s=578040;heap=195884;cal_tier=channel-cal;cal_src=wet_rederive_1236_20260719;pressure_context_source=weather_openmeteo;transport=wifi_poll,
plants.soil,2026-07-28T06:46:08.104Z,2026-07-28 01:46:08.104,22712,6762df,y9d41p,0.7.3,fleet_logger_0_1,578040041,UMLIFE_v2_TLC555,ch1,origplant,soil_moisture,1690,,,OK,,,982.8,,name=classic;level=OK;role=disp;spread=47;gpio=39;device_seq=77069;time_source=device_synced;device_timestamp_utc=2026-07-28T06:45:49.290Z;config_id=257fa022;rssi=-58;uptime_s=578040;heap=195884;cal_tier=channel-cal;cal_src=wet_rederive_1236_20260719;pressure_context_source=weather_openmeteo;transport=wifi_poll,
plants.soil,2026-07-28T06:46:08.104Z,2026-07-28 01:46:08.104,22713,6762df,y9d41p,0.7.3,fleet_logger_0_1,578040041,UMLIFE_v2_TLC555,ch2,origplant,soil_moisture,1361,,,OK,,,982.8,,name=classic;level=overwatered;role=disp;spread=26;gpio=34;device_seq=77070;time_source=device_synced;device_timestamp_utc=2026-07-28T06:45:49.290Z;config_id=257fa022;rssi=-58;uptime_s=578040;heap=195884;cal_tier=channel-cal;cal_src=wet_rederive_1236_20260719;pressure_context_source=weather_openmeteo;transport=wifi_poll,
plants.soil,2026-07-28T06:46:08.104Z,2026-07-28 01:46:08.104,22714,6762df,y9d41p,0.7.3,fleet_logger_0_1,578040041,UMLIFE_v2_TLC555,ch3,origplant,soil_moisture,1447,,,OK,,,982.8,,name=classic;level=well watered;role=disp;spread=18;gpio=35;device_seq=77071;time_source=device_synced;device_timestamp_utc=2026-07-28T06:45:49.290Z;config_id=257fa022;rssi=-58;uptime_s=578040;heap=195884;cal_tier=channel-cal;cal_src=wet_rederive_1236_20260719;pressure_context_source=weather_openmeteo;transport=wifi_poll,
plants.env,2026-07-28T06:46:08.104Z,2026-07-28 01:46:08.104,22715,6762df,y9d41p,0.7.3,fleet_logger_0_1,578040797,ESP32,esp32_die,on_chip,die_temp,,51.11,degC,OK,,,,,name=classic;source=esp32_die;cal=uncalibrated_board_proxy;api=temperatureRead;config_id=257fa022;transport=wifi_poll,
plants.soil,2026-07-28T06:46:38.392Z,2026-07-28 01:46:38.392,22716,6762df,y9d41p,0.7.3,fleet_logger_0_1,578070041,UMLIFE_v2_TLC555,ch0,origplant,soil_moisture,1574,,,OK,,,982.8,,name=classic;level=well watered;role=disp;spread=30;gpio=36;device_seq=77072;time_source=device_synced;device_timestamp_utc=2026-07-28T06:46:19.290Z;config_id=257fa022;rssi=-58;uptime_s=578070;heap=195876;cal_tier=channel-cal;cal_src=wet_rederive_1236_20260719;pressure_context_source=weather_openmeteo;transport=wifi_poll,
plants.soil,2026-07-28T06:46:38.392Z,2026-07-28 01:46:38.392,22717,6762df,y9d41p,0.7.3,fleet_logger_0_1,578070041,UMLIFE_v2_TLC555,ch1,origplant,soil_moisture,1692,,,OK,,,982.8,,name=classic;level=OK;role=disp;spread=42;gpio=39;device_seq=77073;time_source=device_synced;device_timestamp_utc=2026-07-28T06:46:19.290Z;config_id=257fa022;rssi=-58;uptime_s=578070;heap=195876;cal_tier=channel-cal;cal_src=wet_rederive_1236_20260719;pressure_context_source=weather_openmeteo;transport=wifi_poll,
plants.soil,2026-07-28T06:46:38.392Z,2026-07-28 01:46:38.392,22718,6762df,y9d41p,0.7.3,fleet_logger_0_1,578070041,UMLIFE_v2_TLC555,ch2,origplant,soil_moisture,1357,,,OK,,,982.8,,name=classic;level=overwatered;role=disp;spread=51;gpio=34;device_seq=77074;time_source=device_synced;device_timestamp_utc=2026-07-28T06:46:19.290Z;config_id=257fa022;rssi=-58;uptime_s=578070;heap=195876;cal_tier=channel-cal;cal_src=wet_rederive_1236_20260719;pressure_context_source=weather_openmeteo;transport=wifi_poll,
plants.soil,2026-07-28T06:46:38.392Z,2026-07-28 01:46:38.392,22719,6762df,y9d41p,0.7.3,fleet_logger_0_1,578070041,UMLIFE_v2_TLC555,ch3,origplant,soil_moisture,1444,,,OK,,,982.8,,name=classic;level=well watered;role=disp;spread=17;gpio=35;device_seq=77075;time_source=device_synced;device_timestamp_utc=2026-07-28T06:46:19.290Z;config_id=257fa022;rssi=-58;uptime_s=578070;heap=195876;cal_tier=channel-cal;cal_src=wet_rederive_1236_20260719;pressure_context_source=weather_openmeteo;transport=wifi_poll,
plants.env,2026-07-28T06:46:38.392Z,2026-07-28 01:46:38.392,22720,6762df,y9d41p,0.7.3,fleet_logger_0_1,578070797,ESP32,esp32_die,on_chip,die_temp,,51.67,degC,OK,,,,,name=classic;source=esp32_die;cal=uncalibrated_board_proxy;api=temperatureRead;config_id=257fa022;transport=wifi_poll,
plants.soil,2026-07-28T06:47:08.702Z,2026-07-28 01:47:08.702,22721,6762df,y9d41p,0.7.3,fleet_logger_0_1,578100041,UMLIFE_v2_TLC555,ch0,origplant,soil_moisture,1580,,,OK,,,982.8,,name=classic;level=well watered;role=disp;spread=33;gpio=36;device_seq=77076;time_source=device_synced;device_timestamp_utc=2026-07-28T06:46:49.290Z;config_id=257fa022;rssi=-58;uptime_s=578100;heap=195876;cal_tier=channel-cal;cal_src=wet_rederive_1236_20260719;pressure_context_source=weather_openmeteo;transport=wifi_poll,
plants.soil,2026-07-28T06:47:08.702Z,2026-07-28 01:47:08.702,22722,6762df,y9d41p,0.7.3,fleet_logger_0_1,578100041,UMLIFE_v2_TLC555,ch1,origplant,soil_moisture,1689,,,OK,,,982.8,,name=classic;level=OK;role=disp;spread=23;gpio=39;device_seq=77077;time_source=device_synced;device_timestamp_utc=2026-07-28T06:46:49.290Z;config_id=257fa022;rssi=-58;uptime_s=578100;heap=195876;cal_tier=channel-cal;cal_src=wet_rederive_1236_20260719;pressure_context_source=weather_openmeteo;transport=wifi_poll,
plants.soil,2026-07-28T06:47:08.702Z,2026-07-28 01:47:08.702,22723,6762df,y9d41p,0.7.3,fleet_logger_0_1,578100041,UMLIFE_v2_TLC555,ch2,origplant,soil_moisture,1360,,,OK,,,982.8,,name=classic;level=overwatered;role=disp;spread=32;gpio=34;device_seq=77078;time_source=device_synced;device_timestamp_utc=2026-07-28T06:46:49.290Z;config_id=257fa022;rssi=-58;uptime_s=578100;heap=195876;cal_tier=channel-cal;cal_src=wet_rederive_1236_20260719;pressure_context_source=weather_openmeteo;transport=wifi_poll,
plants.soil,2026-07-28T06:47:08.702Z,2026-07-28 01:47:08.702,22724,6762df,y9d41p,0.7.3,fleet_logger_0_1,578100041,UMLIFE_v2_TLC555,ch3,origplant,soil_moisture,1449,,,OK,,,982.8,,name=classic;level=well watered;role=disp;spread=18;gpio=35;device_seq=77079;time_source=device_synced;device_timestamp_utc=2026-07-28T06:46:49.290Z;config_id=257fa022;rssi=-58;uptime_s=578100;heap=195876;cal_tier=channel-cal;cal_src=wet_rederive_1236_20260719;pressure_context_source=weather_openmeteo;transport=wifi_poll,
plants.env,2026-07-28T06:47:08.702Z,2026-07-28 01:47:08.702,22725,6762df,y9d41p,0.7.3,fleet_logger_0_1,578100796,ESP32,esp32_die,on_chip,die_temp,,51.11,degC,OK,,,,,name=classic;source=esp32_die;cal=uncalibrated_board_proxy;api=temperatureRead;config_id=257fa022;transport=wifi_poll,
plants.soil,2026-07-28T06:47:39.421Z,2026-07-28 01:47:39.421,22726,6762df,y9d41p,0.7.3,fleet_logger_0_1,578130041,UMLIFE_v2_TLC555,ch0,origplant,soil_moisture,1577,,,OK,,,982.8,,name=classic;level=well watered;role=disp;spread=16;gpio=36;device_seq=77080;time_source=device_synced;device_timestamp_utc=2026-07-28T06:47:19.290Z;config_id=257fa022;rssi=-58;uptime_s=578130;heap=195612;cal_tier=channel-cal;cal_src=wet_rederive_1236_20260719;pressure_context_source=weather_openmeteo;transport=wifi_poll,
plants.soil,2026-07-28T06:47:39.421Z,2026-07-28 01:47:39.421,22727,6762df,y9d41p,0.7.3,fleet_logger_0_1,578130041,UMLIFE_v2_TLC555,ch1,origplant,soil_moisture,1693,,,OK,,,982.8,,name=classic;level=OK;role=disp;spread=25;gpio=39;device_seq=77081;time_source=device_synced;device_timestamp_utc=2026-07-28T06:47:19.290Z;config_id=257fa022;rssi=-58;uptime_s=578130;heap=195612;cal_tier=channel-cal;cal_src=wet_rederive_1236_20260719;pressure_context_source=weather_openmeteo;transport=wifi_poll,
plants.soil,2026-07-28T06:47:39.421Z,2026-07-28 01:47:39.421,22728,6762df,y9d41p,0.7.3,fleet_logger_0_1,578130041,UMLIFE_v2_TLC555,ch2,origplant,soil_moisture,1362,,,OK,,,982.8,,name=classic;level=overwatered;role=disp;spread=24;gpio=34;device_seq=77082;time_source=device_synced;device_timestamp_utc=2026-07-28T06:47:19.290Z;config_id=257fa022;rssi=-58;uptime_s=578130;heap=195612;cal_tier=channel-cal;cal_src=wet_rederive_1236_20260719;pressure_context_source=weather_openmeteo;transport=wifi_poll,
plants.soil,2026-07-28T06:47:39.421Z,2026-07-28 01:47:39.421,22729,6762df,y9d41p,0.7.3,fleet_logger_0_1,578130041,UMLIFE_v2_TLC555,ch3,origplant,soil_moisture,1442,,,OK,,,982.8,,name=classic;level=well watered;role=disp;spread=34;gpio=35;device_seq=77083;time_source=device_synced;device_timestamp_utc=2026-07-28T06:47:19.290Z;config_id=257fa022;rssi=-58;uptime_s=578130;heap=195612;cal_tier=channel-cal;cal_src=wet_rederive_1236_20260719;pressure_context_source=weather_openmeteo;transport=wifi_poll,
plants.env,2026-07-28T06:47:39.421Z,2026-07-28 01:47:39.421,22730,6762df,y9d41p,0.7.3,fleet_logger_0_1,578130797,ESP32,esp32_die,on_chip,die_temp,,51.11,degC,OK,,,,,name=classic;source=esp32_die;cal=uncalibrated_board_proxy;api=temperatureRead;config_id=257fa022;transport=wifi_poll,
plants.soil,2026-07-28T06:48:09.732Z,2026-07-28 01:48:09.732,22731,6762df,y9d41p,0.7.3,fleet_logger_0_1,578160041,UMLIFE_v2_TLC555,ch0,origplant,soil_moisture,1577,,,OK,,,982.8,,name=classic;level=well watered;role=disp;spread=16;gpio=36;device_seq=77084;time_source=device_synced;device_timestamp_utc=2026-07-28T06:47:49.290Z;config_id=257fa022;rssi=-57;uptime_s=578160;heap=195608;cal_tier=channel-cal;cal_src=wet_rederive_1236_20260719;pressure_context_source=weather_openmeteo;transport=wifi_poll,
plants.soil,2026-07-28T06:48:09.732Z,2026-07-28 01:48:09.732,22732,6762df,y9d41p,0.7.3,fleet_logger_0_1,578160041,UMLIFE_v2_TLC555,ch1,origplant,soil_moisture,1691,,,OK,,,982.8,,name=classic;level=OK;role=disp;spread=46;gpio=39;device_seq=77085;time_source=device_synced;device_timestamp_utc=2026-07-28T06:47:49.290Z;config_id=257fa022;rssi=-57;uptime_s=578160;heap=195608;cal_tier=channel-cal;cal_src=wet_rederive_1236_20260719;pressure_context_source=weather_openmeteo;transport=wifi_poll,
plants.soil,2026-07-28T06:48:09.732Z,2026-07-28 01:48:09.732,22733,6762df,y9d41p,0.7.3,fleet_logger_0_1,578160041,UMLIFE_v2_TLC555,ch2,origplant,soil_moisture,1366,,,OK,,,982.8,,name=classic;level=overwatered;role=disp;spread=32;gpio=34;device_seq=77086;time_source=device_synced;device_timestamp_utc=2026-07-28T06:47:49.290Z;config_id=257fa022;rssi=-57;uptime_s=578160;heap=195608;cal_tier=channel-cal;cal_src=wet_rederive_1236_20260719;pressure_context_source=weather_openmeteo;transport=wifi_poll,
plants.soil,2026-07-28T06:48:09.732Z,2026-07-28 01:48:09.732,22734,6762df,y9d41p,0.7.3,fleet_logger_0_1,578160041,UMLIFE_v2_TLC555,ch3,origplant,soil_moisture,1451,,,OK,,,982.8,,name=classic;level=well watered;role=disp;spread=30;gpio=35;device_seq=77087;time_source=device_synced;device_timestamp_utc=2026-07-28T06:47:49.290Z;config_id=257fa022;rssi=-57;uptime_s=578160;heap=195608;cal_tier=channel-cal;cal_src=wet_rederive_1236_20260719;pressure_context_source=weather_openmeteo;transport=wifi_poll,
plants.env,2026-07-28T06:48:09.732Z,2026-07-28 01:48:09.732,22735,6762df,y9d41p,0.7.3,fleet_logger_0_1,578160797,ESP32,esp32_die,on_chip,die_temp,,51.67,degC,OK,,,,,name=classic;source=esp32_die;cal=uncalibrated_board_proxy;api=temperatureRead;config_id=257fa022;transport=wifi_poll,
plants.soil,2026-07-28T06:48:40.146Z,2026-07-28 01:48:40.146,22736,6762df,y9d41p,0.7.3,fleet_logger_0_1,578190041,UMLIFE_v2_TLC555,ch0,origplant,soil_moisture,1581,,,OK,,,982.8,,name=classic;level=well watered;role=disp;spread=24;gpio=36;device_seq=77088;time_source=device_synced;device_timestamp_utc=2026-07-28T06:48:19.290Z;config_id=257fa022;rssi=-57;uptime_s=578190;heap=195872;cal_tier=channel-cal;cal_src=wet_rederive_1236_20260719;pressure_context_source=weather_openmeteo;transport=wifi_poll,
plants.soil,2026-07-28T06:48:40.146Z,2026-07-28 01:48:40.146,22737,6762df,y9d41p,0.7.3,fleet_logger_0_1,578190041,UMLIFE_v2_TLC555,ch1,origplant,soil_moisture,1694,,,OK,,,982.8,,name=classic;level=OK;role=disp;spread=35;gpio=39;device_seq=77089;time_source=device_synced;device_timestamp_utc=2026-07-28T06:48:19.290Z;config_id=257fa022;rssi=-57;uptime_s=578190;heap=195872;cal_tier=channel-cal;cal_src=wet_rederive_1236_20260719;pressure_context_source=weather_openmeteo;transport=wifi_poll,
plants.soil,2026-07-28T06:48:40.146Z,2026-07-28 01:48:40.146,22738,6762df,y9d41p,0.7.3,fleet_logger_0_1,578190041,UMLIFE_v2_TLC555,ch2,origplant,soil_moisture,1360,,,OK,,,982.8,,name=classic;level=overwatered;role=disp;spread=38;gpio=34;device_seq=77090;time_source=device_synced;device_timestamp_utc=2026-07-28T06:48:19.290Z;config_id=257fa022;rssi=-57;uptime_s=578190;heap=195872;cal_tier=channel-cal;cal_src=wet_rederive_1236_20260719;pressure_context_source=weather_openmeteo;transport=wifi_poll,
plants.soil,2026-07-28T06:48:40.146Z,2026-07-28 01:48:40.146,22739,6762df,y9d41p,0.7.3,fleet_logger_0_1,578190041,UMLIFE_v2_TLC555,ch3,origplant,soil_moisture,1442,,,OK,,,982.8,,name=classic;level=well watered;role=disp;spread=25;gpio=35;device_seq=77091;time_source=device_synced;device_timestamp_utc=2026-07-28T06:48:19.290Z;config_id=257fa022;rssi=-57;uptime_s=578190;heap=195872;cal_tier=channel-cal;cal_src=wet_rederive_1236_20260719;pressure_context_source=weather_openmeteo;transport=wifi_poll,
plants.env,2026-07-28T06:48:40.146Z,2026-07-28 01:48:40.146,22740,6762df,y9d41p,0.7.3,fleet_logger_0_1,578190797,ESP32,esp32_die,on_chip,die_temp,,51.67,degC,OK,,,,,name=classic;source=esp32_die;cal=uncalibrated_board_proxy;api=temperatureRead;config_id=257fa022;transport=wifi_poll,
plants.soil,2026-07-28T06:49:10.558Z,2026-07-28 01:49:10.558,22741,6762df,y9d41p,0.7.3,fleet_logger_0_1,578220041,UMLIFE_v2_TLC555,ch0,origplant,soil_moisture,1574,,,OK,,,982.8,,name=classic;level=well watered;role=disp;spread=25;gpio=36;device_seq=77092;time_source=device_synced;device_timestamp_utc=2026-07-28T06:48:49.290Z;config_id=257fa022;rssi=-58;uptime_s=578220;heap=195872;cal_tier=channel-cal;cal_src=wet_rederive_1236_20260719;pressure_context_source=weather_openmeteo;transport=wifi_poll,
plants.soil,2026-07-28T06:49:10.558Z,2026-07-28 01:49:10.558,22742,6762df,y9d41p,0.7.3,fleet_logger_0_1,578220041,UMLIFE_v2_TLC555,ch1,origplant,soil_moisture,1695,,,OK,,,982.8,,name=classic;level=OK;role=disp;spread=37;gpio=39;device_seq=77093;time_source=device_synced;device_timestamp_utc=2026-07-28T06:48:49.290Z;config_id=257fa022;rssi=-58;uptime_s=578220;heap=195872;cal_tier=channel-cal;cal_src=wet_rederive_1236_20260719;pressure_context_source=weather_openmeteo;transport=wifi_poll,
plants.soil,2026-07-28T06:49:10.558Z,2026-07-28 01:49:10.558,22743,6762df,y9d41p,0.7.3,fleet_logger_0_1,578220041,UMLIFE_v2_TLC555,ch2,origplant,soil_moisture,1365,,,OK,,,982.8,,name=classic;level=overwatered;role=disp;spread=47;gpio=34;device_seq=77094;time_source=device_synced;device_timestamp_utc=2026-07-28T06:48:49.290Z;config_id=257fa022;rssi=-58;uptime_s=578220;heap=195872;cal_tier=channel-cal;cal_src=wet_rederive_1236_20260719;pressure_context_source=weather_openmeteo;transport=wifi_poll,
plants.soil,2026-07-28T06:49:10.558Z,2026-07-28 01:49:10.558,22744,6762df,y9d41p,0.7.3,fleet_logger_0_1,578220041,UMLIFE_v2_TLC555,ch3,origplant,soil_moisture,1442,,,OK,,,982.8,,name=classic;level=well watered;role=disp;spread=16;gpio=35;device_seq=77095;time_source=device_synced;device_timestamp_utc=2026-07-28T06:48:49.290Z;config_id=257fa022;rssi=-58;uptime_s=578220;heap=195872;cal_tier=channel-cal;cal_src=wet_rederive_1236_20260719;pressure_context_source=weather_openmeteo;transport=wifi_poll,
plants.env,2026-07-28T06:49:10.558Z,2026-07-28 01:49:10.558,22745,6762df,y9d41p,0.7.3,fleet_logger_0_1,578220797,ESP32,esp32_die,on_chip,die_temp,,51.11,degC,OK,,,,,name=classic;source=esp32_die;cal=uncalibrated_board_proxy;api=temperatureRead;config_id=257fa022;transport=wifi_poll,
plants.soil,2026-07-28T06:49:40.869Z,2026-07-28 01:49:40.869,22746,6762df,y9d41p,0.7.3,fleet_logger_0_1,578250041,UMLIFE_v2_TLC555,ch0,origplant,soil_moisture,1575,,,OK,,,982.8,,name=classic;level=well watered;role=disp;spread=35;gpio=36;device_seq=77096;time_source=device_synced;device_timestamp_utc=2026-07-28T06:49:19.290Z;config_id=257fa022;rssi=-57;uptime_s=578250;heap=195864;cal_tier=channel-cal;cal_src=wet_rederive_1236_20260719;pressure_context_source=weather_openmeteo;transport=wifi_poll,
plants.soil,2026-07-28T06:49:40.869Z,2026-07-28 01:49:40.869,22747,6762df,y9d41p,0.7.3,fleet_logger_0_1,578250041,UMLIFE_v2_TLC555,ch1,origplant,soil_moisture,1692,,,OK,,,982.8,,name=classic;level=OK;role=disp;spread=54;gpio=39;device_seq=77097;time_source=device_synced;device_timestamp_utc=2026-07-28T06:49:19.290Z;config_id=257fa022;rssi=-57;uptime_s=578250;heap=195864;cal_tier=channel-cal;cal_src=wet_rederive_1236_20260719;pressure_context_source=weather_openmeteo;transport=wifi_poll,
plants.soil,2026-07-28T06:49:40.869Z,2026-07-28 01:49:40.869,22748,6762df,y9d41p,0.7.3,fleet_logger_0_1,578250041,UMLIFE_v2_TLC555,ch2,origplant,soil_moisture,1365,,,OK,,,982.8,,name=classic;level=overwatered;role=disp;spread=35;gpio=34;device_seq=77098;time_source=device_synced;device_timestamp_utc=2026-07-28T06:49:19.290Z;config_id=257fa022;rssi=-57;uptime_s=578250;heap=195864;cal_tier=channel-cal;cal_src=wet_rederive_1236_20260719;pressure_context_source=weather_openmeteo;transport=wifi_poll,
plants.soil,2026-07-28T06:49:40.869Z,2026-07-28 01:49:40.869,22749,6762df,y9d41p,0.7.3,fleet_logger_0_1,578250041,UMLIFE_v2_TLC555,ch3,origplant,soil_moisture,1442,,,OK,,,982.8,,name=classic;level=well watered;role=disp;spread=21;gpio=35;device_seq=77099;time_source=device_synced;device_timestamp_utc=2026-07-28T06:49:19.290Z;config_id=257fa022;rssi=-57;uptime_s=578250;heap=195864;cal_tier=channel-cal;cal_src=wet_rederive_1236_20260719;pressure_context_source=weather_openmeteo;transport=wifi_poll,
plants.env,2026-07-28T06:49:40.869Z,2026-07-28 01:49:40.869,22750,6762df,y9d41p,0.7.3,fleet_logger_0_1,578250797,ESP32,esp32_die,on_chip,die_temp,,51.67,degC,OK,,,,,name=classic;source=esp32_die;cal=uncalibrated_board_proxy;api=temperatureRead;config_id=257fa022;transport=wifi_poll,
plants.soil,2026-07-28T06:50:11.945Z,2026-07-28 01:50:11.945,22751,6762df,y9d41p,0.7.3,fleet_logger_0_1,578280041,UMLIFE_v2_TLC555,ch0,origplant,soil_moisture,1576,,,OK,,,982.8,,name=classic;level=well watered;role=disp;spread=31;gpio=36;device_seq=77100;time_source=device_synced;device_timestamp_utc=2026-07-28T06:49:49.290Z;config_id=257fa022;rssi=-58;uptime_s=578280;heap=195864;cal_tier=channel-cal;cal_src=wet_rederive_1236_20260719;pressure_context_source=weather_openmeteo;transport=wifi_poll,
plants.soil,2026-07-28T06:50:11.945Z,2026-07-28 01:50:11.945,22752,6762df,y9d41p,0.7.3,fleet_logger_0_1,578280041,UMLIFE_v2_TLC555,ch1,origplant,soil_moisture,1685,,,OK,,,982.8,,name=classic;level=OK;role=disp;spread=37;gpio=39;device_seq=77101;time_source=device_synced;device_timestamp_utc=2026-07-28T06:49:49.290Z;config_id=257fa022;rssi=-58;uptime_s=578280;heap=195864;cal_tier=channel-cal;cal_src=wet_rederive_1236_20260719;pressure_context_source=weather_openmeteo;transport=wifi_poll,
plants.soil,2026-07-28T06:50:11.945Z,2026-07-28 01:50:11.945,22753,6762df,y9d41p,0.7.3,fleet_logger_0_1,578280041,UMLIFE_v2_TLC555,ch2,origplant,soil_moisture,1364,,,OK,,,982.8,,name=classic;level=overwatered;role=disp;spread=43;gpio=34;device_seq=77102;time_source=device_synced;device_timestamp_utc=2026-07-28T06:49:49.290Z;config_id=257fa022;rssi=-58;uptime_s=578280;heap=195864;cal_tier=channel-cal;cal_src=wet_rederive_1236_20260719;pressure_context_source=weather_openmeteo;transport=wifi_poll,
plants.soil,2026-07-28T06:50:11.945Z,2026-07-28 01:50:11.945,22754,6762df,y9d41p,0.7.3,fleet_logger_0_1,578280041,UMLIFE_v2_TLC555,ch3,origplant,soil_moisture,1451,,,OK,,,982.8,,name=classic;level=well watered;role=disp;spread=12;gpio=35;device_seq=77103;time_source=device_synced;device_timestamp_utc=2026-07-28T06:49:49.290Z;config_id=257fa022;rssi=-58;uptime_s=578280;heap=195864;cal_tier=channel-cal;cal_src=wet_rederive_1236_20260719;pressure_context_source=weather_openmeteo;transport=wifi_poll,
plants.env,2026-07-28T06:50:11.945Z,2026-07-28 01:50:11.945,22755,6762df,y9d41p,0.7.3,fleet_logger_0_1,578280797,ESP32,esp32_die,on_chip,die_temp,,51.67,degC,OK,,,,,name=classic;source=esp32_die;cal=uncalibrated_board_proxy;api=temperatureRead;config_id=257fa022;transport=wifi_poll,
plants.soil,2026-07-28T06:50:42.310Z,2026-07-28 01:50:42.310,22756,6762df,y9d41p,0.7.3,fleet_logger_0_1,578310041,UMLIFE_v2_TLC555,ch0,origplant,soil_moisture,1575,,,OK,,,982.8,,name=classic;level=well watered;role=disp;spread=17;gpio=36;device_seq=77104;time_source=device_synced;device_timestamp_utc=2026-07-28T06:50:19.290Z;config_id=257fa022;rssi=-59;uptime_s=578310;heap=195620;cal_tier=channel-cal;cal_src=wet_rederive_1236_20260719;pressure_context_source=weather_openmeteo;transport=wifi_poll,
plants.soil,2026-07-28T06:50:42.310Z,2026-07-28 01:50:42.310,22757,6762df,y9d41p,0.7.3,fleet_logger_0_1,578310041,UMLIFE_v2_TLC555,ch1,origplant,soil_moisture,1691,,,OK,,,982.8,,name=classic;level=OK;role=disp;spread=34;gpio=39;device_seq=77105;time_source=device_synced;device_timestamp_utc=2026-07-28T06:50:19.290Z;config_id=257fa022;rssi=-59;uptime_s=578310;heap=195620;cal_tier=channel-cal;cal_src=wet_rederive_1236_20260719;pressure_context_source=weather_openmeteo;transport=wifi_poll,
plants.soil,2026-07-28T06:50:42.310Z,2026-07-28 01:50:42.310,22758,6762df,y9d41p,0.7.3,fleet_logger_0_1,578310041,UMLIFE_v2_TLC555,ch2,origplant,soil_moisture,1360,,,OK,,,982.8,,name=classic;level=overwatered;role=disp;spread=25;gpio=34;device_seq=77106;time_source=device_synced;device_timestamp_utc=2026-07-28T06:50:19.290Z;config_id=257fa022;rssi=-59;uptime_s=578310;heap=195620;cal_tier=channel-cal;cal_src=wet_rederive_1236_20260719;pressure_context_source=weather_openmeteo;transport=wifi_poll,
plants.soil,2026-07-28T06:50:42.310Z,2026-07-28 01:50:42.310,22759,6762df,y9d41p,0.7.3,fleet_logger_0_1,578310041,UMLIFE_v2_TLC555,ch3,origplant,soil_moisture,1445,,,OK,,,982.8,,name=classic;level=well watered;role=disp;spread=32;gpio=35;device_seq=77107;time_source=device_synced;device_timestamp_utc=2026-07-28T06:50:19.290Z;config_id=257fa022;rssi=-59;uptime_s=578310;heap=195620;cal_tier=channel-cal;cal_src=wet_rederive_1236_20260719;pressure_context_source=weather_openmeteo;transport=wifi_poll,
plants.env,2026-07-28T06:50:42.310Z,2026-07-28 01:50:42.310,22760,6762df,y9d41p,0.7.3,fleet_logger_0_1,578310797,ESP32,esp32_die,on_chip,die_temp,,51.67,degC,OK,,,,,name=classic;source=esp32_die;cal=uncalibrated_board_proxy;api=temperatureRead;config_id=257fa022;transport=wifi_poll,
plants.soil,2026-07-28T06:51:12.722Z,2026-07-28 01:51:12.722,22761,6762df,y9d41p,0.7.3,fleet_logger_0_1,578340041,UMLIFE_v2_TLC555,ch0,origplant,soil_moisture,1578,,,OK,,,982.8,,name=classic;level=well watered;role=disp;spread=39;gpio=36;device_seq=77108;time_source=device_synced;device_timestamp_utc=2026-07-28T06:50:49.290Z;config_id=257fa022;rssi=-57;uptime_s=578340;heap=195620;cal_tier=channel-cal;cal_src=wet_rederive_1236_20260719;pressure_context_source=weather_openmeteo;transport=wifi_poll,
plants.soil,2026-07-28T06:51:12.722Z,2026-07-28 01:51:12.722,22762,6762df,y9d41p,0.7.3,fleet_logger_0_1,578340041,UMLIFE_v2_TLC555,ch1,origplant,soil_moisture,1691,,,OK,,,982.8,,name=classic;level=OK;role=disp;spread=47;gpio=39;device_seq=77109;time_source=device_synced;device_timestamp_utc=2026-07-28T06:50:49.290Z;config_id=257fa022;rssi=-57;uptime_s=578340;heap=195620;cal_tier=channel-cal;cal_src=wet_rederive_1236_20260719;pressure_context_source=weather_openmeteo;transport=wifi_poll,
plants.soil,2026-07-28T06:51:12.722Z,2026-07-28 01:51:12.722,22763,6762df,y9d41p,0.7.3,fleet_logger_0_1,578340041,UMLIFE_v2_TLC555,ch2,origplant,soil_moisture,1362,,,OK,,,982.8,,name=classic;level=overwatered;role=disp;spread=30;gpio=34;device_seq=77110;time_source=device_synced;device_timestamp_utc=2026-07-28T06:50:49.290Z;config_id=257fa022;rssi=-57;uptime_s=578340;heap=195620;cal_tier=channel-cal;cal_src=wet_rederive_1236_20260719;pressure_context_source=weather_openmeteo;transport=wifi_poll,
plants.soil,2026-07-28T06:51:12.722Z,2026-07-28 01:51:12.722,22764,6762df,y9d41p,0.7.3,fleet_logger_0_1,578340041,UMLIFE_v2_TLC555,ch3,origplant,soil_moisture,1448,,,OK,,,982.8,,name=classic;level=well watered;role=disp;spread=31;gpio=35;device_seq=77111;time_source=device_synced;device_timestamp_utc=2026-07-28T06:50:49.290Z;config_id=257fa022;rssi=-57;uptime_s=578340;heap=195620;cal_tier=channel-cal;cal_src=wet_rederive_1236_20260719;pressure_context_source=weather_openmeteo;transport=wifi_poll,
plants.env,2026-07-28T06:51:12.722Z,2026-07-28 01:51:12.722,22765,6762df,y9d41p,0.7.3,fleet_logger_0_1,578340797,ESP32,esp32_die,on_chip,die_temp,,52.22,degC,OK,,,,,name=classic;source=esp32_die;cal=uncalibrated_board_proxy;api=temperatureRead;config_id=257fa022;transport=wifi_poll,
plants.soil,2026-07-28T06:51:43.362Z,2026-07-28 01:51:43.362,22766,6762df,y9d41p,0.7.3,fleet_logger_0_1,578370041,UMLIFE_v2_TLC555,ch0,origplant,soil_moisture,1576,,,OK,,,982.8,,name=classic;level=well watered;role=disp;spread=15;gpio=36;device_seq=77112;time_source=device_synced;device_timestamp_utc=2026-07-28T06:51:19.290Z;config_id=257fa022;rssi=-58;uptime_s=578370;heap=195880;cal_tier=channel-cal;cal_src=wet_rederive_1236_20260719;pressure_context_source=weather_openmeteo;transport=wifi_poll,
plants.soil,2026-07-28T06:51:43.362Z,2026-07-28 01:51:43.362,22767,6762df,y9d41p,0.7.3,fleet_logger_0_1,578370041,UMLIFE_v2_TLC555,ch1,origplant,soil_moisture,1690,,,OK,,,982.8,,name=classic;level=OK;role=disp;spread=36;gpio=39;device_seq=77113;time_source=device_synced;device_timestamp_utc=2026-07-28T06:51:19.290Z;config_id=257fa022;rssi=-58;uptime_s=578370;heap=195880;cal_tier=channel-cal;cal_src=wet_rederive_1236_20260719;pressure_context_source=weather_openmeteo;transport=wifi_poll,
plants.soil,2026-07-28T06:51:43.362Z,2026-07-28 01:51:43.362,22768,6762df,y9d41p,0.7.3,fleet_logger_0_1,578370041,UMLIFE_v2_TLC555,ch2,origplant,soil_moisture,1366,,,OK,,,982.8,,name=classic;level=overwatered;role=disp;spread=39;gpio=34;device_seq=77114;time_source=device_synced;device_timestamp_utc=2026-07-28T06:51:19.290Z;config_id=257fa022;rssi=-58;uptime_s=578370;heap=195880;cal_tier=channel-cal;cal_src=wet_rederive_1236_20260719;pressure_context_source=weather_openmeteo;transport=wifi_poll,
plants.soil,2026-07-28T06:51:43.362Z,2026-07-28 01:51:43.362,22769,6762df,y9d41p,0.7.3,fleet_logger_0_1,578370041,UMLIFE_v2_TLC555,ch3,origplant,soil_moisture,1451,,,OK,,,982.8,,name=classic;level=well watered;role=disp;spread=11;gpio=35;device_seq=77115;time_source=device_synced;device_timestamp_utc=2026-07-28T06:51:19.290Z;config_id=257fa022;rssi=-58;uptime_s=578370;heap=195880;cal_tier=channel-cal;cal_src=wet_rederive_1236_20260719;pressure_context_source=weather_openmeteo;transport=wifi_poll,
plants.env,2026-07-28T06:51:43.362Z,2026-07-28 01:51:43.362,22770,6762df,y9d41p,0.7.3,fleet_logger_0_1,578370797,ESP32,esp32_die,on_chip,die_temp,,51.67,degC,OK,,,,,name=classic;source=esp32_die;cal=uncalibrated_board_proxy;api=temperatureRead;config_id=257fa022;transport=wifi_poll,
plants.soil,2026-07-28T06:52:13.751Z,2026-07-28 01:52:13.751,22771,6762df,y9d41p,0.7.3,fleet_logger_0_1,578400041,UMLIFE_v2_TLC555,ch0,origplant,soil_moisture,1576,,,OK,,,982.8,,name=classic;level=well watered;role=disp;spread=18;gpio=36;device_seq=77116;time_source=device_synced;device_timestamp_utc=2026-07-28T06:51:49.290Z;config_id=257fa022;rssi=-58;uptime_s=578400;heap=195868;cal_tier=channel-cal;cal_src=wet_rederive_1236_20260719;pressure_context_source=weather_openmeteo;transport=wifi_poll,
plants.soil,2026-07-28T06:52:13.751Z,2026-07-28 01:52:13.751,22772,6762df,y9d41p,0.7.3,fleet_logger_0_1,578400041,UMLIFE_v2_TLC555,ch1,origplant,soil_moisture,1689,,,OK,,,982.8,,name=classic;level=OK;role=disp;spread=16;gpio=39;device_seq=77117;time_source=device_synced;device_timestamp_utc=2026-07-28T06:51:49.290Z;config_id=257fa022;rssi=-58;uptime_s=578400;heap=195868;cal_tier=channel-cal;cal_src=wet_rederive_1236_20260719;pressure_context_source=weather_openmeteo;transport=wifi_poll,
plants.soil,2026-07-28T06:52:13.751Z,2026-07-28 01:52:13.751,22773,6762df,y9d41p,0.7.3,fleet_logger_0_1,578400041,UMLIFE_v2_TLC555,ch2,origplant,soil_moisture,1366,,,OK,,,982.8,,name=classic;level=overwatered;role=disp;spread=38;gpio=34;device_seq=77118;time_source=device_synced;device_timestamp_utc=2026-07-28T06:51:49.290Z;config_id=257fa022;rssi=-58;uptime_s=578400;heap=195868;cal_tier=channel-cal;cal_src=wet_rederive_1236_20260719;pressure_context_source=weather_openmeteo;transport=wifi_poll,
plants.soil,2026-07-28T06:52:13.751Z,2026-07-28 01:52:13.751,22774,6762df,y9d41p,0.7.3,fleet_logger_0_1,578400041,UMLIFE_v2_TLC555,ch3,origplant,soil_moisture,1452,,,OK,,,982.8,,name=classic;level=well watered;role=disp;spread=12;gpio=35;device_seq=77119;time_source=device_synced;device_timestamp_utc=2026-07-28T06:51:49.290Z;config_id=257fa022;rssi=-58;uptime_s=578400;heap=195868;cal_tier=channel-cal;cal_src=wet_rederive_1236_20260719;pressure_context_source=weather_openmeteo;transport=wifi_poll,
plants.env,2026-07-28T06:52:13.751Z,2026-07-28 01:52:13.751,22775,6762df,y9d41p,0.7.3,fleet_logger_0_1,578401863,ESP32,esp32_die,on_chip,die_temp,,52.78,degC,OK,,,,,name=classic;source=esp32_die;cal=uncalibrated_board_proxy;api=temperatureRead;config_id=257fa022;transport=wifi_poll,
plants.soil,2026-07-28T06:52:44.165Z,2026-07-28 01:52:44.165,22776,6762df,y9d41p,0.7.3,fleet_logger_0_1,578430041,UMLIFE_v2_TLC555,ch0,origplant,soil_moisture,1576,,,OK,,,982.8,,name=classic;level=well watered;role=disp;spread=20;gpio=36;device_seq=77120;time_source=device_synced;device_timestamp_utc=2026-07-28T06:52:19.290Z;config_id=257fa022;rssi=-57;uptime_s=578430;heap=195880;cal_tier=channel-cal;cal_src=wet_rederive_1236_20260719;pressure_context_source=weather_openmeteo;transport=wifi_poll,
plants.soil,2026-07-28T06:52:44.165Z,2026-07-28 01:52:44.165,22777,6762df,y9d41p,0.7.3,fleet_logger_0_1,578430041,UMLIFE_v2_TLC555,ch1,origplant,soil_moisture,1690,,,OK,,,982.8,,name=classic;level=OK;role=disp;spread=24;gpio=39;device_seq=77121;time_source=device_synced;device_timestamp_utc=2026-07-28T06:52:19.290Z;config_id=257fa022;rssi=-57;uptime_s=578430;heap=195880;cal_tier=channel-cal;cal_src=wet_rederive_1236_20260719;pressure_context_source=weather_openmeteo;transport=wifi_poll,
plants.soil,2026-07-28T06:52:44.165Z,2026-07-28 01:52:44.165,22778,6762df,y9d41p,0.7.3,fleet_logger_0_1,578430041,UMLIFE_v2_TLC555,ch2,origplant,soil_moisture,1367,,,OK,,,982.8,,name=classic;level=overwatered;role=disp;spread=50;gpio=34;device_seq=77122;time_source=device_synced;device_timestamp_utc=2026-07-28T06:52:19.290Z;config_id=257fa022;rssi=-57;uptime_s=578430;heap=195880;cal_tier=channel-cal;cal_src=wet_rederive_1236_20260719;pressure_context_source=weather_openmeteo;transport=wifi_poll,
plants.soil,2026-07-28T06:52:44.165Z,2026-07-28 01:52:44.165,22779,6762df,y9d41p,0.7.3,fleet_logger_0_1,578430041,UMLIFE_v2_TLC555,ch3,origplant,soil_moisture,1451,,,OK,,,982.8,,name=classic;level=well watered;role=disp;spread=23;gpio=35;device_seq=77123;time_source=device_synced;device_timestamp_utc=2026-07-28T06:52:19.290Z;config_id=257fa022;rssi=-57;uptime_s=578430;heap=195880;cal_tier=channel-cal;cal_src=wet_rederive_1236_20260719;pressure_context_source=weather_openmeteo;transport=wifi_poll,
plants.env,2026-07-28T06:52:44.165Z,2026-07-28 01:52:44.165,22780,6762df,y9d41p,0.7.3,fleet_logger_0_1,578430797,ESP32,esp32_die,on_chip,die_temp,,51.67,degC,OK,,,,,name=classic;source=esp32_die;cal=uncalibrated_board_proxy;api=temperatureRead;config_id=257fa022;transport=wifi_poll,
plants.soil,2026-07-28T06:53:14.579Z,2026-07-28 01:53:14.579,22781,6762df,y9d41p,0.7.3,fleet_logger_0_1,578460041,UMLIFE_v2_TLC555,ch0,origplant,soil_moisture,1573,,,OK,,,982.8,,name=classic;level=well watered;role=disp;spread=32;gpio=36;device_seq=77124;time_source=device_synced;device_timestamp_utc=2026-07-28T06:52:49.290Z;config_id=257fa022;rssi=-68;uptime_s=578460;heap=195864;cal_tier=channel-cal;cal_src=wet_rederive_1236_20260719;pressure_context_source=weather_openmeteo;transport=wifi_poll,
plants.soil,2026-07-28T06:53:14.579Z,2026-07-28 01:53:14.579,22782,6762df,y9d41p,0.7.3,fleet_logger_0_1,578460041,UMLIFE_v2_TLC555,ch1,origplant,soil_moisture,1693,,,OK,,,982.8,,name=classic;level=OK;role=disp;spread=38;gpio=39;device_seq=77125;time_source=device_synced;device_timestamp_utc=2026-07-28T06:52:49.290Z;config_id=257fa022;rssi=-68;uptime_s=578460;heap=195864;cal_tier=channel-cal;cal_src=wet_rederive_1236_20260719;pressure_context_source=weather_openmeteo;transport=wifi_poll,
plants.soil,2026-07-28T06:53:14.579Z,2026-07-28 01:53:14.579,22783,6762df,y9d41p,0.7.3,fleet_logger_0_1,578460041,UMLIFE_v2_TLC555,ch2,origplant,soil_moisture,1360,,,OK,,,982.8,,name=classic;level=overwatered;role=disp;spread=31;gpio=34;device_seq=77126;time_source=device_synced;device_timestamp_utc=2026-07-28T06:52:49.290Z;config_id=257fa022;rssi=-68;uptime_s=578460;heap=195864;cal_tier=channel-cal;cal_src=wet_rederive_1236_20260719;pressure_context_source=weather_openmeteo;transport=wifi_poll,
plants.soil,2026-07-28T06:53:14.579Z,2026-07-28 01:53:14.579,22784,6762df,y9d41p,0.7.3,fleet_logger_0_1,578460041,UMLIFE_v2_TLC555,ch3,origplant,soil_moisture,1443,,,OK,,,982.8,,name=classic;level=well watered;role=disp;spread=20;gpio=35;device_seq=77127;time_source=device_synced;device_timestamp_utc=2026-07-28T06:52:49.290Z;config_id=257fa022;rssi=-68;uptime_s=578460;heap=195864;cal_tier=channel-cal;cal_src=wet_rederive_1236_20260719;pressure_context_source=weather_openmeteo;transport=wifi_poll,
plants.env,2026-07-28T06:53:14.579Z,2026-07-28 01:53:14.579,22785,6762df,y9d41p,0.7.3,fleet_logger_0_1,578460797,ESP32,esp32_die,on_chip,die_temp,,52.22,degC,OK,,,,,name=classic;source=esp32_die;cal=uncalibrated_board_proxy;api=temperatureRead;config_id=257fa022;transport=wifi_poll,
plants.soil,2026-07-28T06:53:46.648Z,2026-07-28 01:53:46.648,22786,6762df,y9d41p,0.7.3,fleet_logger_0_1,578490041,UMLIFE_v2_TLC555,ch0,origplant,soil_moisture,1577,,,OK,,,982.8,,name=classic;level=well watered;role=disp;spread=29;gpio=36;device_seq=77128;time_source=device_synced;device_timestamp_utc=2026-07-28T06:53:19.290Z;config_id=257fa022;rssi=-58;uptime_s=578490;heap=195624;cal_tier=channel-cal;cal_src=wet_rederive_1236_20260719;pressure_context_source=weather_openmeteo;transport=wifi_poll,
plants.soil,2026-07-28T06:53:46.648Z,2026-07-28 01:53:46.648,22787,6762df,y9d41p,0.7.3,fleet_logger_0_1,578490041,UMLIFE_v2_TLC555,ch1,origplant,soil_moisture,1695,,,OK,,,982.8,,name=classic;level=OK;role=disp;spread=33;gpio=39;device_seq=77129;time_source=device_synced;device_timestamp_utc=2026-07-28T06:53:19.290Z;config_id=257fa022;rssi=-58;uptime_s=578490;heap=195624;cal_tier=channel-cal;cal_src=wet_rederive_1236_20260719;pressure_context_source=weather_openmeteo;transport=wifi_poll,
plants.soil,2026-07-28T06:53:46.648Z,2026-07-28 01:53:46.648,22788,6762df,y9d41p,0.7.3,fleet_logger_0_1,578490041,UMLIFE_v2_TLC555,ch2,origplant,soil_moisture,1359,,,OK,,,982.8,,name=classic;level=overwatered;role=disp;spread=44;gpio=34;device_seq=77130;time_source=device_synced;device_timestamp_utc=2026-07-28T06:53:19.290Z;config_id=257fa022;rssi=-58;uptime_s=578490;heap=195624;cal_tier=channel-cal;cal_src=wet_rederive_1236_20260719;pressure_context_source=weather_openmeteo;transport=wifi_poll,
plants.soil,2026-07-28T06:53:46.648Z,2026-07-28 01:53:46.648,22789,6762df,y9d41p,0.7.3,fleet_logger_0_1,578490041,UMLIFE_v2_TLC555,ch3,origplant,soil_moisture,1443,,,OK,,,982.8,,name=classic;level=well watered;role=disp;spread=18;gpio=35;device_seq=77131;time_source=device_synced;device_timestamp_utc=2026-07-28T06:53:19.290Z;config_id=257fa022;rssi=-58;uptime_s=578490;heap=195624;cal_tier=channel-cal;cal_src=wet_rederive_1236_20260719;pressure_context_source=weather_openmeteo;transport=wifi_poll,
plants.env,2026-07-28T06:53:46.648Z,2026-07-28 01:53:46.648,22790,6762df,y9d41p,0.7.3,fleet_logger_0_1,578490797,ESP32,esp32_die,on_chip,die_temp,,52.78,degC,OK,,,,,name=classic;source=esp32_die;cal=uncalibrated_board_proxy;api=temperatureRead;config_id=257fa022;transport=wifi_poll,
plants.soil,2026-07-28T06:54:16.942Z,2026-07-28 01:54:16.942,22791,6762df,y9d41p,0.7.3,fleet_logger_0_1,578520041,UMLIFE_v2_TLC555,ch0,origplant,soil_moisture,1570,,,OK,,,982.8,,name=classic;level=well watered;role=disp;spread=22;gpio=36;device_seq=77132;time_source=device_synced;device_timestamp_utc=2026-07-28T06:53:49.290Z;config_id=257fa022;rssi=-58;uptime_s=578520;heap=195612;cal_tier=channel-cal;cal_src=wet_rederive_1236_20260719;pressure_context_source=weather_openmeteo;transport=wifi_poll,
plants.soil,2026-07-28T06:54:16.942Z,2026-07-28 01:54:16.942,22792,6762df,y9d41p,0.7.3,fleet_logger_0_1,578520041,UMLIFE_v2_TLC555,ch1,origplant,soil_moisture,1689,,,OK,,,982.8,,name=classic;level=OK;role=disp;spread=49;gpio=39;device_seq=77133;time_source=device_synced;device_timestamp_utc=2026-07-28T06:53:49.290Z;config_id=257fa022;rssi=-58;uptime_s=578520;heap=195612;cal_tier=channel-cal;cal_src=wet_rederive_1236_20260719;pressure_context_source=weather_openmeteo;transport=wifi_poll,
plants.soil,2026-07-28T06:54:16.942Z,2026-07-28 01:54:16.942,22793,6762df,y9d41p,0.7.3,fleet_logger_0_1,578520041,UMLIFE_v2_TLC555,ch2,origplant,soil_moisture,1365,,,OK,,,982.8,,name=classic;level=overwatered;role=disp;spread=20;gpio=34;device_seq=77134;time_source=device_synced;device_timestamp_utc=2026-07-28T06:53:49.290Z;config_id=257fa022;rssi=-58;uptime_s=578520;heap=195612;cal_tier=channel-cal;cal_src=wet_rederive_1236_20260719;pressure_context_source=weather_openmeteo;transport=wifi_poll,
plants.soil,2026-07-28T06:54:16.942Z,2026-07-28 01:54:16.942,22794,6762df,y9d41p,0.7.3,fleet_logger_0_1,578520041,UMLIFE_v2_TLC555,ch3,origplant,soil_moisture,1443,,,OK,,,982.8,,name=classic;level=well watered;role=disp;spread=16;gpio=35;device_seq=77135;time_source=device_synced;device_timestamp_utc=2026-07-28T06:53:49.290Z;config_id=257fa022;rssi=-58;uptime_s=578520;heap=195612;cal_tier=channel-cal;cal_src=wet_rederive_1236_20260719;pressure_context_source=weather_openmeteo;transport=wifi_poll,
plants.env,2026-07-28T06:54:16.942Z,2026-07-28 01:54:16.942,22795,6762df,y9d41p,0.7.3,fleet_logger_0_1,578520797,ESP32,esp32_die,on_chip,die_temp,,52.78,degC,OK,,,,,name=classic;source=esp32_die;cal=uncalibrated_board_proxy;api=temperatureRead;config_id=257fa022;transport=wifi_poll,
plants.soil,2026-07-28T06:55:21.246Z,2026-07-28 01:55:21.246,22796,6762df,y9d41p,0.7.3,fleet_logger_0_1,578610041,UMLIFE_v2_TLC555,ch0,origplant,soil_moisture,1579,,,OK,,,982.8,,name=classic;level=well watered;role=disp;spread=33;gpio=36;device_seq=77144;time_source=device_synced;device_timestamp_utc=2026-07-28T06:55:19.290Z;config_id=257fa022;rssi=-58;uptime_s=578610;heap=196404;cal_tier=channel-cal;cal_src=wet_rederive_1236_20260719;pressure_context_source=weather_openmeteo;transport=wifi_poll,
plants.soil,2026-07-28T06:55:21.246Z,2026-07-28 01:55:21.246,22797,6762df,y9d41p,0.7.3,fleet_logger_0_1,578610041,UMLIFE_v2_TLC555,ch1,origplant,soil_moisture,1696,,,OK,,,982.8,,name=classic;level=OK;role=disp;spread=64;gpio=39;device_seq=77145;time_source=device_synced;device_timestamp_utc=2026-07-28T06:55:19.290Z;config_id=257fa022;rssi=-58;uptime_s=578610;heap=196404;cal_tier=channel-cal;cal_src=wet_rederive_1236_20260719;pressure_context_source=weather_openmeteo;transport=wifi_poll,
plants.soil,2026-07-28T06:55:21.246Z,2026-07-28 01:55:21.246,22798,6762df,y9d41p,0.7.3,fleet_logger_0_1,578610041,UMLIFE_v2_TLC555,ch2,origplant,soil_moisture,1369,,,OK,,,982.8,,name=classic;level=overwatered;role=disp;spread=33;gpio=34;device_seq=77146;time_source=device_synced;device_timestamp_utc=2026-07-28T06:55:19.290Z;config_id=257fa022;rssi=-58;uptime_s=578610;heap=196404;cal_tier=channel-cal;cal_src=wet_rederive_1236_20260719;pressure_context_source=weather_openmeteo;transport=wifi_poll,
plants.soil,2026-07-28T06:55:21.246Z,2026-07-28 01:55:21.246,22799,6762df,y9d41p,0.7.3,fleet_logger_0_1,578610041,UMLIFE_v2_TLC555,ch3,origplant,soil_moisture,1447,,,OK,,,982.8,,name=classic;level=well watered;role=disp;spread=23;gpio=35;device_seq=77147;time_source=device_synced;device_timestamp_utc=2026-07-28T06:55:19.290Z;config_id=257fa022;rssi=-58;uptime_s=578610;heap=196404;cal_tier=channel-cal;cal_src=wet_rederive_1236_20260719;pressure_context_source=weather_openmeteo;transport=wifi_poll,
plants.env,2026-07-28T06:55:21.246Z,2026-07-28 01:55:21.246,22800,6762df,y9d41p,0.7.3,fleet_logger_0_1,578610797,ESP32,esp32_die,on_chip,die_temp,,51.67,degC,OK,,,,,name=classic;source=esp32_die;cal=uncalibrated_board_proxy;api=temperatureRead;config_id=257fa022;transport=wifi_poll,
plants.soil,2026-07-28T06:55:51.662Z,2026-07-28 01:55:51.662,22801,6762df,y9d41p,0.7.3,fleet_logger_0_1,578640041,UMLIFE_v2_TLC555,ch0,origplant,soil_moisture,1576,,,OK,,,982.8,,name=classic;level=well watered;role=disp;spread=20;gpio=36;device_seq=77148;time_source=device_synced;device_timestamp_utc=2026-07-28T06:55:49.290Z;config_id=257fa022;rssi=-58;uptime_s=578640;heap=196404;cal_tier=channel-cal;cal_src=wet_rederive_1236_20260719;pressure_context_source=weather_openmeteo;transport=wifi_poll,
plants.soil,2026-07-28T06:55:51.662Z,2026-07-28 01:55:51.662,22802,6762df,y9d41p,0.7.3,fleet_logger_0_1,578640041,UMLIFE_v2_TLC555,ch1,origplant,soil_moisture,1693,,,OK,,,982.8,,name=classic;level=OK;role=disp;spread=15;gpio=39;device_seq=77149;time_source=device_synced;device_timestamp_utc=2026-07-28T06:55:49.290Z;config_id=257fa022;rssi=-58;uptime_s=578640;heap=196404;cal_tier=channel-cal;cal_src=wet_rederive_1236_20260719;pressure_context_source=weather_openmeteo;transport=wifi_poll,
plants.soil,2026-07-28T06:55:51.662Z,2026-07-28 01:55:51.662,22803,6762df,y9d41p,0.7.3,fleet_logger_0_1,578640041,UMLIFE_v2_TLC555,ch2,origplant,soil_moisture,1366,,,OK,,,982.8,,name=classic;level=overwatered;role=disp;spread=31;gpio=34;device_seq=77150;time_source=device_synced;device_timestamp_utc=2026-07-28T06:55:49.290Z;config_id=257fa022;rssi=-58;uptime_s=578640;heap=196404;cal_tier=channel-cal;cal_src=wet_rederive_1236_20260719;pressure_context_source=weather_openmeteo;transport=wifi_poll,
plants.soil,2026-07-28T06:55:51.662Z,2026-07-28 01:55:51.662,22804,6762df,y9d41p,0.7.3,fleet_logger_0_1,578640041,UMLIFE_v2_TLC555,ch3,origplant,soil_moisture,1449,,,OK,,,982.8,,name=classic;level=well watered;role=disp;spread=10;gpio=35;device_seq=77151;time_source=device_synced;device_timestamp_utc=2026-07-28T06:55:49.290Z;config_id=257fa022;rssi=-58;uptime_s=578640;heap=196404;cal_tier=channel-cal;cal_src=wet_rederive_1236_20260719;pressure_context_source=weather_openmeteo;transport=wifi_poll,
plants.env,2026-07-28T06:55:51.662Z,2026-07-28 01:55:51.662,22805,6762df,y9d41p,0.7.3,fleet_logger_0_1,578640797,ESP32,esp32_die,on_chip,die_temp,,52.22,degC,OK,,,,,name=classic;source=esp32_die;cal=uncalibrated_board_proxy;api=temperatureRead;config_id=257fa022;transport=wifi_poll,
plants.soil,2026-07-28T06:56:22.024Z,2026-07-28 01:56:22.024,22806,6762df,y9d41p,0.7.3,fleet_logger_0_1,578670041,UMLIFE_v2_TLC555,ch0,origplant,soil_moisture,1545,,,OK,,,982.8,,name=classic;level=well watered;role=disp;spread=21;gpio=36;device_seq=77152;time_source=device_synced;device_timestamp_utc=2026-07-28T06:56:19.290Z;config_id=257fa022;rssi=-58;uptime_s=578670;heap=196140;cal_tier=channel-cal;cal_src=wet_rederive_1236_20260719;pressure_context_source=weather_openmeteo;transport=wifi_poll,
plants.soil,2026-07-28T06:56:22.024Z,2026-07-28 01:56:22.024,22807,6762df,y9d41p,0.7.3,fleet_logger_0_1,578670041,UMLIFE_v2_TLC555,ch1,origplant,soil_moisture,1673,,,OK,,,982.8,,name=classic;level=OK;role=disp;spread=80;gpio=39;device_seq=77153;time_source=device_synced;device_timestamp_utc=2026-07-28T06:56:19.290Z;config_id=257fa022;rssi=-58;uptime_s=578670;heap=196140;cal_tier=channel-cal;cal_src=wet_rederive_1236_20260719;pressure_context_source=weather_openmeteo;transport=wifi_poll,
plants.soil,2026-07-28T06:56:22.024Z,2026-07-28 01:56:22.024,22808,6762df,y9d41p,0.7.3,fleet_logger_0_1,578670041,UMLIFE_v2_TLC555,ch2,origplant,soil_moisture,1334,,,OK,,,982.8,,name=classic;level=overwatered;role=disp;spread=28;gpio=34;device_seq=77154;time_source=device_synced;device_timestamp_utc=2026-07-28T06:56:19.290Z;config_id=257fa022;rssi=-58;uptime_s=578670;heap=196140;cal_tier=channel-cal;cal_src=wet_rederive_1236_20260719;pressure_context_source=weather_openmeteo;transport=wifi_poll,
plants.soil,2026-07-28T06:56:22.024Z,2026-07-28 01:56:22.024,22809,6762df,y9d41p,0.7.3,fleet_logger_0_1,578670041,UMLIFE_v2_TLC555,ch3,origplant,soil_moisture,1409,,,OK,,,982.8,,name=classic;level=well watered;role=disp;spread=32;gpio=35;device_seq=77155;time_source=device_synced;device_timestamp_utc=2026-07-28T06:56:19.290Z;config_id=257fa022;rssi=-58;uptime_s=578670;heap=196140;cal_tier=channel-cal;cal_src=wet_rederive_1236_20260719;pressure_context_source=weather_openmeteo;transport=wifi_poll,
plants.env,2026-07-28T06:56:22.024Z,2026-07-28 01:56:22.024,22810,6762df,y9d41p,0.7.3,fleet_logger_0_1,578670797,ESP32,esp32_die,on_chip,die_temp,,52.22,degC,OK,,,,,name=classic;source=esp32_die;cal=uncalibrated_board_proxy;api=temperatureRead;config_id=257fa022;transport=wifi_poll,
plants.soil,2026-07-28T06:56:52.384Z,2026-07-28 01:56:52.384,22811,6762df,y9d41p,0.7.3,fleet_logger_0_1,578700041,UMLIFE_v2_TLC555,ch0,origplant,soil_moisture,1577,,,OK,,,982.8,,name=classic;level=well watered;role=disp;spread=28;gpio=36;device_seq=77156;time_source=device_synced;device_timestamp_utc=2026-07-28T06:56:49.290Z;config_id=257fa022;rssi=-58;uptime_s=578700;heap=195880;cal_tier=channel-cal;cal_src=wet_rederive_1236_20260719;pressure_context_source=weather_openmeteo;transport=wifi_poll,
plants.soil,2026-07-28T06:56:52.384Z,2026-07-28 01:56:52.384,22812,6762df,y9d41p,0.7.3,fleet_logger_0_1,578700041,UMLIFE_v2_TLC555,ch1,origplant,soil_moisture,1693,,,OK,,,982.8,,name=classic;level=OK;role=disp;spread=30;gpio=39;device_seq=77157;time_source=device_synced;device_timestamp_utc=2026-07-28T06:56:49.290Z;config_id=257fa022;rssi=-58;uptime_s=578700;heap=195880;cal_tier=channel-cal;cal_src=wet_rederive_1236_20260719;pressure_context_source=weather_openmeteo;transport=wifi_poll,
plants.soil,2026-07-28T06:56:52.384Z,2026-07-28 01:56:52.384,22813,6762df,y9d41p,0.7.3,fleet_logger_0_1,578700041,UMLIFE_v2_TLC555,ch2,origplant,soil_moisture,1368,,,OK,,,982.8,,name=classic;level=overwatered;role=disp;spread=43;gpio=34;device_seq=77158;time_source=device_synced;device_timestamp_utc=2026-07-28T06:56:49.290Z;config_id=257fa022;rssi=-58;uptime_s=578700;heap=195880;cal_tier=channel-cal;cal_src=wet_rederive_1236_20260719;pressure_context_source=weather_openmeteo;transport=wifi_poll,
plants.soil,2026-07-28T06:56:52.384Z,2026-07-28 01:56:52.384,22814,6762df,y9d41p,0.7.3,fleet_logger_0_1,578700041,UMLIFE_v2_TLC555,ch3,origplant,soil_moisture,1447,,,OK,,,982.8,,name=classic;level=well watered;role=disp;spread=26;gpio=35;device_seq=77159;time_source=device_synced;device_timestamp_utc=2026-07-28T06:56:49.290Z;config_id=257fa022;rssi=-58;uptime_s=578700;heap=195880;cal_tier=channel-cal;cal_src=wet_rederive_1236_20260719;pressure_context_source=weather_openmeteo;transport=wifi_poll,
plants.env,2026-07-28T06:56:52.384Z,2026-07-28 01:56:52.384,22815,6762df,y9d41p,0.7.3,fleet_logger_0_1,578700797,ESP32,esp32_die,on_chip,die_temp,,51.67,degC,OK,,,,,name=classic;source=esp32_die;cal=uncalibrated_board_proxy;api=temperatureRead;config_id=257fa022;transport=wifi_poll,
plants.soil,2026-07-28T06:57:22.800Z,2026-07-28 01:57:22.800,22816,6762df,y9d41p,0.7.3,fleet_logger_0_1,578730041,UMLIFE_v2_TLC555,ch0,origplant,soil_moisture,1575,,,OK,,,982.8,,name=classic;level=well watered;role=disp;spread=23;gpio=36;device_seq=77160;time_source=device_synced;device_timestamp_utc=2026-07-28T06:57:19.290Z;config_id=257fa022;rssi=-58;uptime_s=578730;heap=195876;cal_tier=channel-cal;cal_src=wet_rederive_1236_20260719;pressure_context_source=weather_openmeteo;transport=wifi_poll,
plants.soil,2026-07-28T06:57:22.800Z,2026-07-28 01:57:22.800,22817,6762df,y9d41p,0.7.3,fleet_logger_0_1,578730041,UMLIFE_v2_TLC555,ch1,origplant,soil_moisture,1694,,,OK,,,982.8,,name=classic;level=OK;role=disp;spread=57;gpio=39;device_seq=77161;time_source=device_synced;device_timestamp_utc=2026-07-28T06:57:19.290Z;config_id=257fa022;rssi=-58;uptime_s=578730;heap=195876;cal_tier=channel-cal;cal_src=wet_rederive_1236_20260719;pressure_context_source=weather_openmeteo;transport=wifi_poll,
plants.soil,2026-07-28T06:57:22.800Z,2026-07-28 01:57:22.800,22818,6762df,y9d41p,0.7.3,fleet_logger_0_1,578730041,UMLIFE_v2_TLC555,ch2,origplant,soil_moisture,1361,,,OK,,,982.8,,name=classic;level=overwatered;role=disp;spread=35;gpio=34;device_seq=77162;time_source=device_synced;device_timestamp_utc=2026-07-28T06:57:19.290Z;config_id=257fa022;rssi=-58;uptime_s=578730;heap=195876;cal_tier=channel-cal;cal_src=wet_rederive_1236_20260719;pressure_context_source=weather_openmeteo;transport=wifi_poll,
plants.soil,2026-07-28T06:57:22.800Z,2026-07-28 01:57:22.800,22819,6762df,y9d41p,0.7.3,fleet_logger_0_1,578730041,UMLIFE_v2_TLC555,ch3,origplant,soil_moisture,1445,,,OK,,,982.8,,name=classic;level=well watered;role=disp;spread=20;gpio=35;device_seq=77163;time_source=device_synced;device_timestamp_utc=2026-07-28T06:57:19.290Z;config_id=257fa022;rssi=-58;uptime_s=578730;heap=195876;cal_tier=channel-cal;cal_src=wet_rederive_1236_20260719;pressure_context_source=weather_openmeteo;transport=wifi_poll,
plants.env,2026-07-28T06:57:22.800Z,2026-07-28 01:57:22.800,22820,6762df,y9d41p,0.7.3,fleet_logger_0_1,578730797,ESP32,esp32_die,on_chip,die_temp,,51.67,degC,OK,,,,,name=classic;source=esp32_die;cal=uncalibrated_board_proxy;api=temperatureRead;config_id=257fa022;transport=wifi_poll,
plants.soil,2026-07-28T06:57:53.313Z,2026-07-28 01:57:53.313,22821,6762df,y9d41p,0.7.3,fleet_logger_0_1,578760041,UMLIFE_v2_TLC555,ch0,origplant,soil_moisture,1577,,,OK,,,982.8,,name=classic;level=well watered;role=disp;spread=31;gpio=36;device_seq=77164;time_source=device_synced;device_timestamp_utc=2026-07-28T06:57:49.290Z;config_id=257fa022;rssi=-55;uptime_s=578760;heap=195880;cal_tier=channel-cal;cal_src=wet_rederive_1236_20260719;pressure_context_source=weather_openmeteo;transport=wifi_poll,
plants.soil,2026-07-28T06:57:53.313Z,2026-07-28 01:57:53.313,22822,6762df,y9d41p,0.7.3,fleet_logger_0_1,578760041,UMLIFE_v2_TLC555,ch1,origplant,soil_moisture,1687,,,OK,,,982.8,,name=classic;level=OK;role=disp;spread=32;gpio=39;device_seq=77165;time_source=device_synced;device_timestamp_utc=2026-07-28T06:57:49.290Z;config_id=257fa022;rssi=-55;uptime_s=578760;heap=195880;cal_tier=channel-cal;cal_src=wet_rederive_1236_20260719;pressure_context_source=weather_openmeteo;transport=wifi_poll,
plants.soil,2026-07-28T06:57:53.313Z,2026-07-28 01:57:53.313,22823,6762df,y9d41p,0.7.3,fleet_logger_0_1,578760041,UMLIFE_v2_TLC555,ch2,origplant,soil_moisture,1360,,,OK,,,982.8,,name=classic;level=overwatered;role=disp;spread=31;gpio=34;device_seq=77166;time_source=device_synced;device_timestamp_utc=2026-07-28T06:57:49.290Z;config_id=257fa022;rssi=-55;uptime_s=578760;heap=195880;cal_tier=channel-cal;cal_src=wet_rederive_1236_20260719;pressure_context_source=weather_openmeteo;transport=wifi_poll,
plants.soil,2026-07-28T06:57:53.313Z,2026-07-28 01:57:53.313,22824,6762df,y9d41p,0.7.3,fleet_logger_0_1,578760041,UMLIFE_v2_TLC555,ch3,origplant,soil_moisture,1450,,,OK,,,982.8,,name=classic;level=well watered;role=disp;spread=33;gpio=35;device_seq=77167;time_source=device_synced;device_timestamp_utc=2026-07-28T06:57:49.290Z;config_id=257fa022;rssi=-55;uptime_s=578760;heap=195880;cal_tier=channel-cal;cal_src=wet_rederive_1236_20260719;pressure_context_source=weather_openmeteo;transport=wifi_poll,
plants.env,2026-07-28T06:57:53.313Z,2026-07-28 01:57:53.313,22825,6762df,y9d41p,0.7.3,fleet_logger_0_1,578760797,ESP32,esp32_die,on_chip,die_temp,,52.22,degC,OK,,,,,name=classic;source=esp32_die;cal=uncalibrated_board_proxy;api=temperatureRead;config_id=257fa022;transport=wifi_poll,
plants.soil,2026-07-28T06:58:23.724Z,2026-07-28 01:58:23.724,22826,6762df,y9d41p,0.7.3,fleet_logger_0_1,578790041,UMLIFE_v2_TLC555,ch0,origplant,soil_moisture,1576,,,OK,,,982.8,,name=classic;level=well watered;role=disp;spread=26;gpio=36;device_seq=77168;time_source=device_synced;device_timestamp_utc=2026-07-28T06:58:19.290Z;config_id=257fa022;rssi=-57;uptime_s=578790;heap=195892;cal_tier=channel-cal;cal_src=wet_rederive_1236_20260719;pressure_context_source=weather_openmeteo;transport=wifi_poll,
plants.soil,2026-07-28T06:58:23.724Z,2026-07-28 01:58:23.724,22827,6762df,y9d41p,0.7.3,fleet_logger_0_1,578790041,UMLIFE_v2_TLC555,ch1,origplant,soil_moisture,1693,,,OK,,,982.8,,name=classic;level=OK;role=disp;spread=45;gpio=39;device_seq=77169;time_source=device_synced;device_timestamp_utc=2026-07-28T06:58:19.290Z;config_id=257fa022;rssi=-57;uptime_s=578790;heap=195892;cal_tier=channel-cal;cal_src=wet_rederive_1236_20260719;pressure_context_source=weather_openmeteo;transport=wifi_poll,
plants.soil,2026-07-28T06:58:23.724Z,2026-07-28 01:58:23.724,22828,6762df,y9d41p,0.7.3,fleet_logger_0_1,578790041,UMLIFE_v2_TLC555,ch2,origplant,soil_moisture,1361,,,OK,,,982.8,,name=classic;level=overwatered;role=disp;spread=35;gpio=34;device_seq=77170;time_source=device_synced;device_timestamp_utc=2026-07-28T06:58:19.290Z;config_id=257fa022;rssi=-57;uptime_s=578790;heap=195892;cal_tier=channel-cal;cal_src=wet_rederive_1236_20260719;pressure_context_source=weather_openmeteo;transport=wifi_poll,
plants.soil,2026-07-28T06:58:23.724Z,2026-07-28 01:58:23.724,22829,6762df,y9d41p,0.7.3,fleet_logger_0_1,578790041,UMLIFE_v2_TLC555,ch3,origplant,soil_moisture,1444,,,OK,,,982.8,,name=classic;level=well watered;role=disp;spread=22;gpio=35;device_seq=77171;time_source=device_synced;device_timestamp_utc=2026-07-28T06:58:19.290Z;config_id=257fa022;rssi=-57;uptime_s=578790;heap=195892;cal_tier=channel-cal;cal_src=wet_rederive_1236_20260719;pressure_context_source=weather_openmeteo;transport=wifi_poll,
plants.env,2026-07-28T06:58:23.724Z,2026-07-28 01:58:23.724,22830,6762df,y9d41p,0.7.3,fleet_logger_0_1,578790797,ESP32,esp32_die,on_chip,die_temp,,52.78,degC,OK,,,,,name=classic;source=esp32_die;cal=uncalibrated_board_proxy;api=temperatureRead;config_id=257fa022;transport=wifi_poll,
plants.soil,2026-07-28T06:58:54.342Z,2026-07-28 01:58:54.342,22831,6762df,y9d41p,0.7.3,fleet_logger_0_1,578820041,UMLIFE_v2_TLC555,ch0,origplant,soil_moisture,1546,,,OK,,,982.8,,name=classic;level=well watered;role=disp;spread=28;gpio=36;device_seq=77172;time_source=device_synced;device_timestamp_utc=2026-07-28T06:58:49.290Z;config_id=257fa022;rssi=-60;uptime_s=578820;heap=195892;cal_tier=channel-cal;cal_src=wet_rederive_1236_20260719;pressure_context_source=weather_openmeteo;transport=wifi_poll,
plants.soil,2026-07-28T06:58:54.342Z,2026-07-28 01:58:54.342,22832,6762df,y9d41p,0.7.3,fleet_logger_0_1,578820041,UMLIFE_v2_TLC555,ch1,origplant,soil_moisture,1668,,,OK,,,982.8,,name=classic;level=OK;role=disp;spread=61;gpio=39;device_seq=77173;time_source=device_synced;device_timestamp_utc=2026-07-28T06:58:49.290Z;config_id=257fa022;rssi=-60;uptime_s=578820;heap=195892;cal_tier=channel-cal;cal_src=wet_rederive_1236_20260719;pressure_context_source=weather_openmeteo;transport=wifi_poll,
plants.soil,2026-07-28T06:58:54.342Z,2026-07-28 01:58:54.342,22833,6762df,y9d41p,0.7.3,fleet_logger_0_1,578820041,UMLIFE_v2_TLC555,ch2,origplant,soil_moisture,1338,,,OK,,,982.8,,name=classic;level=overwatered;role=disp;spread=23;gpio=34;device_seq=77174;time_source=device_synced;device_timestamp_utc=2026-07-28T06:58:49.290Z;config_id=257fa022;rssi=-60;uptime_s=578820;heap=195892;cal_tier=channel-cal;cal_src=wet_rederive_1236_20260719;pressure_context_source=weather_openmeteo;transport=wifi_poll,
plants.soil,2026-07-28T06:58:54.342Z,2026-07-28 01:58:54.342,22834,6762df,y9d41p,0.7.3,fleet_logger_0_1,578820041,UMLIFE_v2_TLC555,ch3,origplant,soil_moisture,1420,,,OK,,,982.8,,name=classic;level=well watered;role=disp;spread=26;gpio=35;device_seq=77175;time_source=device_synced;device_timestamp_utc=2026-07-28T06:58:49.290Z;config_id=257fa022;rssi=-60;uptime_s=578820;heap=195892;cal_tier=channel-cal;cal_src=wet_rederive_1236_20260719;pressure_context_source=weather_openmeteo;transport=wifi_poll,
plants.env,2026-07-28T06:58:54.342Z,2026-07-28 01:58:54.342,22835,6762df,y9d41p,0.7.3,fleet_logger_0_1,578820796,ESP32,esp32_die,on_chip,die_temp,,51.67,degC,OK,,,,,name=classic;source=esp32_die;cal=uncalibrated_board_proxy;api=temperatureRead;config_id=257fa022;transport=wifi_poll,
plants.soil,2026-07-28T06:59:24.857Z,2026-07-28 01:59:24.857,22836,6762df,y9d41p,0.7.3,fleet_logger_0_1,578850041,UMLIFE_v2_TLC555,ch0,origplant,soil_moisture,1574,,,OK,,,982.8,,name=classic;level=well watered;role=disp;spread=36;gpio=36;device_seq=77176;time_source=device_synced;device_timestamp_utc=2026-07-28T06:59:19.290Z;config_id=257fa022;rssi=-72;uptime_s=578850;heap=195620;cal_tier=channel-cal;cal_src=wet_rederive_1236_20260719;pressure_context_source=weather_openmeteo;transport=wifi_poll,
plants.soil,2026-07-28T06:59:24.857Z,2026-07-28 01:59:24.857,22837,6762df,y9d41p,0.7.3,fleet_logger_0_1,578850041,UMLIFE_v2_TLC555,ch1,origplant,soil_moisture,1691,,,OK,,,982.8,,name=classic;level=OK;role=disp;spread=53;gpio=39;device_seq=77177;time_source=device_synced;device_timestamp_utc=2026-07-28T06:59:19.290Z;config_id=257fa022;rssi=-72;uptime_s=578850;heap=195620;cal_tier=channel-cal;cal_src=wet_rederive_1236_20260719;pressure_context_source=weather_openmeteo;transport=wifi_poll,
plants.soil,2026-07-28T06:59:24.857Z,2026-07-28 01:59:24.857,22838,6762df,y9d41p,0.7.3,fleet_logger_0_1,578850041,UMLIFE_v2_TLC555,ch2,origplant,soil_moisture,1362,,,OK,,,982.8,,name=classic;level=overwatered;role=disp;spread=50;gpio=34;device_seq=77178;time_source=device_synced;device_timestamp_utc=2026-07-28T06:59:19.290Z;config_id=257fa022;rssi=-72;uptime_s=578850;heap=195620;cal_tier=channel-cal;cal_src=wet_rederive_1236_20260719;pressure_context_source=weather_openmeteo;transport=wifi_poll,
plants.soil,2026-07-28T06:59:24.857Z,2026-07-28 01:59:24.857,22839,6762df,y9d41p,0.7.3,fleet_logger_0_1,578850041,UMLIFE_v2_TLC555,ch3,origplant,soil_moisture,1448,,,OK,,,982.8,,name=classic;level=well watered;role=disp;spread=12;gpio=35;device_seq=77179;time_source=device_synced;device_timestamp_utc=2026-07-28T06:59:19.290Z;config_id=257fa022;rssi=-72;uptime_s=578850;heap=195620;cal_tier=channel-cal;cal_src=wet_rederive_1236_20260719;pressure_context_source=weather_openmeteo;transport=wifi_poll,
plants.env,2026-07-28T06:59:24.857Z,2026-07-28 01:59:24.857,22840,6762df,y9d41p,0.7.3,fleet_logger_0_1,578850797,ESP32,esp32_die,on_chip,die_temp,,52.78,degC,OK,,,,,name=classic;source=esp32_die;cal=uncalibrated_board_proxy;api=temperatureRead;config_id=257fa022;transport=wifi_poll,
plants.soil,2026-07-28T06:59:55.577Z,2026-07-28 01:59:55.577,22841,6762df,y9d41p,0.7.3,fleet_logger_0_1,578880041,UMLIFE_v2_TLC555,ch0,origplant,soil_moisture,1547,,,OK,,,982.8,,name=classic;level=well watered;role=disp;spread=19;gpio=36;device_seq=77180;time_source=device_synced;device_timestamp_utc=2026-07-28T06:59:49.290Z;config_id=257fa022;rssi=-59;uptime_s=578880;heap=195620;cal_tier=channel-cal;cal_src=wet_rederive_1236_20260719;pressure_context_source=weather_openmeteo;transport=wifi_poll,
plants.soil,2026-07-28T06:59:55.577Z,2026-07-28 01:59:55.577,22842,6762df,y9d41p,0.7.3,fleet_logger_0_1,578880041,UMLIFE_v2_TLC555,ch1,origplant,soil_moisture,1676,,,OK,,,982.8,,name=classic;level=OK;role=disp;spread=32;gpio=39;device_seq=77181;time_source=device_synced;device_timestamp_utc=2026-07-28T06:59:49.290Z;config_id=257fa022;rssi=-59;uptime_s=578880;heap=195620;cal_tier=channel-cal;cal_src=wet_rederive_1236_20260719;pressure_context_source=weather_openmeteo;transport=wifi_poll,
plants.soil,2026-07-28T06:59:55.577Z,2026-07-28 01:59:55.577,22843,6762df,y9d41p,0.7.3,fleet_logger_0_1,578880041,UMLIFE_v2_TLC555,ch2,origplant,soil_moisture,1358,,,OK,,,982.8,,name=classic;level=overwatered;role=disp;spread=39;gpio=34;device_seq=77182;time_source=device_synced;device_timestamp_utc=2026-07-28T06:59:49.290Z;config_id=257fa022;rssi=-59;uptime_s=578880;heap=195620;cal_tier=channel-cal;cal_src=wet_rederive_1236_20260719;pressure_context_source=weather_openmeteo;transport=wifi_poll,
plants.soil,2026-07-28T06:59:55.577Z,2026-07-28 01:59:55.577,22844,6762df,y9d41p,0.7.3,fleet_logger_0_1,578880041,UMLIFE_v2_TLC555,ch3,origplant,soil_moisture,1440,,,OK,,,982.8,,name=classic;level=well watered;role=disp;spread=23;gpio=35;device_seq=77183;time_source=device_synced;device_timestamp_utc=2026-07-28T06:59:49.290Z;config_id=257fa022;rssi=-59;uptime_s=578880;heap=195620;cal_tier=channel-cal;cal_src=wet_rederive_1236_20260719;pressure_context_source=weather_openmeteo;transport=wifi_poll,
plants.env,2026-07-28T06:59:55.577Z,2026-07-28 01:59:55.577,22845,6762df,y9d41p,0.7.3,fleet_logger_0_1,578880796,ESP32,esp32_die,on_chip,die_temp,,52.22,degC,OK,,,,,name=classic;source=esp32_die;cal=uncalibrated_board_proxy;api=temperatureRead;config_id=257fa022;transport=wifi_poll,
plants.soil,2026-07-28T07:00:25.888Z,2026-07-28 02:00:25.888,22846,6762df,y9d41p,0.7.3,fleet_logger_0_1,578910041,UMLIFE_v2_TLC555,ch0,origplant,soil_moisture,1542,,,OK,,,982.8,,name=classic;level=well watered;role=disp;spread=26;gpio=36;device_seq=77184;time_source=device_synced;device_timestamp_utc=2026-07-28T07:00:19.290Z;config_id=257fa022;rssi=-58;uptime_s=578910;heap=195880;cal_tier=channel-cal;cal_src=wet_rederive_1236_20260719;pressure_context_source=weather_openmeteo;transport=wifi_poll,
plants.soil,2026-07-28T07:00:25.888Z,2026-07-28 02:00:25.888,22847,6762df,y9d41p,0.7.3,fleet_logger_0_1,578910041,UMLIFE_v2_TLC555,ch1,origplant,soil_moisture,1668,,,OK,,,982.8,,name=classic;level=OK;role=disp;spread=36;gpio=39;device_seq=77185;time_source=device_synced;device_timestamp_utc=2026-07-28T07:00:19.290Z;config_id=257fa022;rssi=-58;uptime_s=578910;heap=195880;cal_tier=channel-cal;cal_src=wet_rederive_1236_20260719;pressure_context_source=weather_openmeteo;transport=wifi_poll,
plants.soil,2026-07-28T07:00:25.888Z,2026-07-28 02:00:25.888,22848,6762df,y9d41p,0.7.3,fleet_logger_0_1,578910041,UMLIFE_v2_TLC555,ch2,origplant,soil_moisture,1355,,,OK,,,982.8,,name=classic;level=overwatered;role=disp;spread=30;gpio=34;device_seq=77186;time_source=device_synced;device_timestamp_utc=2026-07-28T07:00:19.290Z;config_id=257fa022;rssi=-58;uptime_s=578910;heap=195880;cal_tier=channel-cal;cal_src=wet_rederive_1236_20260719;pressure_context_source=weather_openmeteo;transport=wifi_poll,
plants.soil,2026-07-28T07:00:25.888Z,2026-07-28 02:00:25.888,22849,6762df,y9d41p,0.7.3,fleet_logger_0_1,578910041,UMLIFE_v2_TLC555,ch3,origplant,soil_moisture,1447,,,OK,,,982.8,,name=classic;level=well watered;role=disp;spread=15;gpio=35;device_seq=77187;time_source=device_synced;device_timestamp_utc=2026-07-28T07:00:19.290Z;config_id=257fa022;rssi=-58;uptime_s=578910;heap=195880;cal_tier=channel-cal;cal_src=wet_rederive_1236_20260719;pressure_context_source=weather_openmeteo;transport=wifi_poll,
plants.env,2026-07-28T07:00:25.888Z,2026-07-28 02:00:25.888,22850,6762df,y9d41p,0.7.3,fleet_logger_0_1,578910796,ESP32,esp32_die,on_chip,die_temp,,52.78,degC,OK,,,,,name=classic;source=esp32_die;cal=uncalibrated_board_proxy;api=temperatureRead;config_id=257fa022;transport=wifi_poll,
plants.soil,2026-07-28T07:00:56.403Z,2026-07-28 02:00:56.403,22851,6762df,y9d41p,0.7.3,fleet_logger_0_1,578940041,UMLIFE_v2_TLC555,ch0,origplant,soil_moisture,1572,,,OK,,,982.8,,name=classic;level=well watered;role=disp;spread=16;gpio=36;device_seq=77188;time_source=device_synced;device_timestamp_utc=2026-07-28T07:00:49.290Z;config_id=257fa022;rssi=-59;uptime_s=578940;heap=195880;cal_tier=channel-cal;cal_src=wet_rederive_1236_20260719;pressure_context_source=weather_openmeteo;transport=wifi_poll,
plants.soil,2026-07-28T07:00:56.403Z,2026-07-28 02:00:56.403,22852,6762df,y9d41p,0.7.3,fleet_logger_0_1,578940041,UMLIFE_v2_TLC555,ch1,origplant,soil_moisture,1694,,,OK,,,982.8,,name=classic;level=OK;role=disp;spread=60;gpio=39;device_seq=77189;time_source=device_synced;device_timestamp_utc=2026-07-28T07:00:49.290Z;config_id=257fa022;rssi=-59;uptime_s=578940;heap=195880;cal_tier=channel-cal;cal_src=wet_rederive_1236_20260719;pressure_context_source=weather_openmeteo;transport=wifi_poll,
plants.soil,2026-07-28T07:00:56.403Z,2026-07-28 02:00:56.403,22853,6762df,y9d41p,0.7.3,fleet_logger_0_1,578940041,UMLIFE_v2_TLC555,ch2,origplant,soil_moisture,1366,,,OK,,,982.8,,name=classic;level=overwatered;role=disp;spread=21;gpio=34;device_seq=77190;time_source=device_synced;device_timestamp_utc=2026-07-28T07:00:49.290Z;config_id=257fa022;rssi=-59;uptime_s=578940;heap=195880;cal_tier=channel-cal;cal_src=wet_rederive_1236_20260719;pressure_context_source=weather_openmeteo;transport=wifi_poll,
plants.soil,2026-07-28T07:00:56.403Z,2026-07-28 02:00:56.403,22854,6762df,y9d41p,0.7.3,fleet_logger_0_1,578940041,UMLIFE_v2_TLC555,ch3,origplant,soil_moisture,1446,,,OK,,,982.8,,name=classic;level=well watered;role=disp;spread=23;gpio=35;device_seq=77191;time_source=device_synced;device_timestamp_utc=2026-07-28T07:00:49.290Z;config_id=257fa022;rssi=-59;uptime_s=578940;heap=195880;cal_tier=channel-cal;cal_src=wet_rederive_1236_20260719;pressure_context_source=weather_openmeteo;transport=wifi_poll,
plants.env,2026-07-28T07:00:56.403Z,2026-07-28 02:00:56.403,22855,6762df,y9d41p,0.7.3,fleet_logger_0_1,578940796,ESP32,esp32_die,on_chip,die_temp,,52.78,degC,OK,,,,,name=classic;source=esp32_die;cal=uncalibrated_board_proxy;api=temperatureRead;config_id=257fa022;transport=wifi_poll,
plants.soil,2026-07-28T07:01:26.917Z,2026-07-28 02:01:26.917,22856,6762df,y9d41p,0.7.3,fleet_logger_0_1,578970041,UMLIFE_v2_TLC555,ch0,origplant,soil_moisture,1545,,,OK,,,982.8,,name=classic;level=well watered;role=disp;spread=15;gpio=36;device_seq=77192;time_source=device_synced;device_timestamp_utc=2026-07-28T07:01:19.290Z;config_id=257fa022;rssi=-59;uptime_s=578970;heap=195880;cal_tier=channel-cal;cal_src=wet_rederive_1236_20260719;pressure_context_source=weather_openmeteo;transport=wifi_poll,
plants.soil,2026-07-28T07:01:26.917Z,2026-07-28 02:01:26.917,22857,6762df,y9d41p,0.7.3,fleet_logger_0_1,578970041,UMLIFE_v2_TLC555,ch1,origplant,soil_moisture,1668,,,OK,,,982.8,,name=classic;level=OK;role=disp;spread=42;gpio=39;device_seq=77193;time_source=device_synced;device_timestamp_utc=2026-07-28T07:01:19.290Z;config_id=257fa022;rssi=-59;uptime_s=578970;heap=195880;cal_tier=channel-cal;cal_src=wet_rederive_1236_20260719;pressure_context_source=weather_openmeteo;transport=wifi_poll,
plants.soil,2026-07-28T07:01:26.917Z,2026-07-28 02:01:26.917,22858,6762df,y9d41p,0.7.3,fleet_logger_0_1,578970041,UMLIFE_v2_TLC555,ch2,origplant,soil_moisture,1338,,,OK,,,982.8,,name=classic;level=overwatered;role=disp;spread=30;gpio=34;device_seq=77194;time_source=device_synced;device_timestamp_utc=2026-07-28T07:01:19.290Z;config_id=257fa022;rssi=-59;uptime_s=578970;heap=195880;cal_tier=channel-cal;cal_src=wet_rederive_1236_20260719;pressure_context_source=weather_openmeteo;transport=wifi_poll,
plants.soil,2026-07-28T07:01:26.917Z,2026-07-28 02:01:26.917,22859,6762df,y9d41p,0.7.3,fleet_logger_0_1,578970041,UMLIFE_v2_TLC555,ch3,origplant,soil_moisture,1417,,,OK,,,982.8,,name=classic;level=well watered;role=disp;spread=21;gpio=35;device_seq=77195;time_source=device_synced;device_timestamp_utc=2026-07-28T07:01:19.290Z;config_id=257fa022;rssi=-59;uptime_s=578970;heap=195880;cal_tier=channel-cal;cal_src=wet_rederive_1236_20260719;pressure_context_source=weather_openmeteo;transport=wifi_poll,
plants.env,2026-07-28T07:01:26.917Z,2026-07-28 02:01:26.917,22860,6762df,y9d41p,0.7.3,fleet_logger_0_1,578970796,ESP32,esp32_die,on_chip,die_temp,,52.22,degC,OK,,,,,name=classic;source=esp32_die;cal=uncalibrated_board_proxy;api=temperatureRead;config_id=257fa022;transport=wifi_poll,
plants.soil,2026-07-28T07:01:57.332Z,2026-07-28 02:01:57.332,22861,6762df,y9d41p,0.7.3,fleet_logger_0_1,579000041,UMLIFE_v2_TLC555,ch0,origplant,soil_moisture,1548,,,OK,,,982.8,,name=classic;level=well watered;role=disp;spread=18;gpio=36;device_seq=77196;time_source=device_synced;device_timestamp_utc=2026-07-28T07:01:49.290Z;config_id=257fa022;rssi=-59;uptime_s=579000;heap=190920;cal_tier=channel-cal;cal_src=wet_rederive_1236_20260719;pressure_context_source=weather_openmeteo;transport=wifi_poll,
plants.soil,2026-07-28T07:01:57.332Z,2026-07-28 02:01:57.332,22862,6762df,y9d41p,0.7.3,fleet_logger_0_1,579000041,UMLIFE_v2_TLC555,ch1,origplant,soil_moisture,1681,,,OK,,,982.8,,name=classic;level=OK;role=disp;spread=27;gpio=39;device_seq=77197;time_source=device_synced;device_timestamp_utc=2026-07-28T07:01:49.290Z;config_id=257fa022;rssi=-59;uptime_s=579000;heap=190920;cal_tier=channel-cal;cal_src=wet_rederive_1236_20260719;pressure_context_source=weather_openmeteo;transport=wifi_poll,
plants.soil,2026-07-28T07:01:57.332Z,2026-07-28 02:01:57.332,22863,6762df,y9d41p,0.7.3,fleet_logger_0_1,579000041,UMLIFE_v2_TLC555,ch2,origplant,soil_moisture,1360,,,OK,,,982.8,,name=classic;level=overwatered;role=disp;spread=63;gpio=34;device_seq=77198;time_source=device_synced;device_timestamp_utc=2026-07-28T07:01:49.290Z;config_id=257fa022;rssi=-59;uptime_s=579000;heap=190920;cal_tier=channel-cal;cal_src=wet_rederive_1236_20260719;pressure_context_source=weather_openmeteo;transport=wifi_poll,
plants.soil,2026-07-28T07:01:57.332Z,2026-07-28 02:01:57.332,22864,6762df,y9d41p,0.7.3,fleet_logger_0_1,579000041,UMLIFE_v2_TLC555,ch3,origplant,soil_moisture,1444,,,OK,,,982.8,,name=classic;level=well watered;role=disp;spread=18;gpio=35;device_seq=77199;time_source=device_synced;device_timestamp_utc=2026-07-28T07:01:49.290Z;config_id=257fa022;rssi=-59;uptime_s=579000;heap=190920;cal_tier=channel-cal;cal_src=wet_rederive_1236_20260719;pressure_context_source=weather_openmeteo;transport=wifi_poll,
plants.env,2026-07-28T07:01:57.332Z,2026-07-28 02:01:57.332,22865,6762df,y9d41p,0.7.3,fleet_logger_0_1,579001863,ESP32,esp32_die,on_chip,die_temp,,51.67,degC,OK,,,,,name=classic;source=esp32_die;cal=uncalibrated_board_proxy;api=temperatureRead;config_id=257fa022;transport=wifi_poll,
plants.soil,2026-07-28T07:02:27.642Z,2026-07-28 02:02:27.642,22866,6762df,y9d41p,0.7.3,fleet_logger_0_1,579030041,UMLIFE_v2_TLC555,ch0,origplant,soil_moisture,1540,,,OK,,,982.8,,name=classic;level=well watered;role=disp;spread=38;gpio=36;device_seq=77200;time_source=device_synced;device_timestamp_utc=2026-07-28T07:02:19.290Z;config_id=257fa022;rssi=-71;uptime_s=579030;heap=195620;cal_tier=channel-cal;cal_src=wet_rederive_1236_20260719;pressure_context_source=weather_openmeteo;transport=wifi_poll,
plants.soil,2026-07-28T07:02:27.642Z,2026-07-28 02:02:27.642,22867,6762df,y9d41p,0.7.3,fleet_logger_0_1,579030041,UMLIFE_v2_TLC555,ch1,origplant,soil_moisture,1664,,,OK,,,982.8,,name=classic;level=OK;role=disp;spread=17;gpio=39;device_seq=77201;time_source=device_synced;device_timestamp_utc=2026-07-28T07:02:19.290Z;config_id=257fa022;rssi=-71;uptime_s=579030;heap=195620;cal_tier=channel-cal;cal_src=wet_rederive_1236_20260719;pressure_context_source=weather_openmeteo;transport=wifi_poll,
plants.soil,2026-07-28T07:02:27.642Z,2026-07-28 02:02:27.642,22868,6762df,y9d41p,0.7.3,fleet_logger_0_1,579030041,UMLIFE_v2_TLC555,ch2,origplant,soil_moisture,1338,,,OK,,,982.8,,name=classic;level=overwatered;role=disp;spread=37;gpio=34;device_seq=77202;time_source=device_synced;device_timestamp_utc=2026-07-28T07:02:19.290Z;config_id=257fa022;rssi=-71;uptime_s=579030;heap=195620;cal_tier=channel-cal;cal_src=wet_rederive_1236_20260719;pressure_context_source=weather_openmeteo;transport=wifi_poll,
plants.soil,2026-07-28T07:02:27.642Z,2026-07-28 02:02:27.642,22869,6762df,y9d41p,0.7.3,fleet_logger_0_1,579030041,UMLIFE_v2_TLC555,ch3,origplant,soil_moisture,1417,,,OK,,,982.8,,name=classic;level=well watered;role=disp;spread=40;gpio=35;device_seq=77203;time_source=device_synced;device_timestamp_utc=2026-07-28T07:02:19.290Z;config_id=257fa022;rssi=-71;uptime_s=579030;heap=195620;cal_tier=channel-cal;cal_src=wet_rederive_1236_20260719;pressure_context_source=weather_openmeteo;transport=wifi_poll,
plants.env,2026-07-28T07:02:27.642Z,2026-07-28 02:02:27.642,22870,6762df,y9d41p,0.7.3,fleet_logger_0_1,579030796,ESP32,esp32_die,on_chip,die_temp,,52.22,degC,OK,,,,,name=classic;source=esp32_die;cal=uncalibrated_board_proxy;api=temperatureRead;config_id=257fa022;transport=wifi_poll,
plants.soil,2026-07-28T07:02:57.951Z,2026-07-28 02:02:57.951,22871,6762df,y9d41p,0.7.3,fleet_logger_0_1,579060041,UMLIFE_v2_TLC555,ch0,origplant,soil_moisture,1542,,,OK,,,982.8,,name=classic;level=well watered;role=disp;spread=13;gpio=36;device_seq=77204;time_source=device_synced;device_timestamp_utc=2026-07-28T07:02:49.290Z;config_id=257fa022;rssi=-59;uptime_s=579060;heap=195616;cal_tier=channel-cal;cal_src=wet_rederive_1236_20260719;pressure_context_source=weather_openmeteo;transport=wifi_poll,
plants.soil,2026-07-28T07:02:57.951Z,2026-07-28 02:02:57.951,22872,6762df,y9d41p,0.7.3,fleet_logger_0_1,579060041,UMLIFE_v2_TLC555,ch1,origplant,soil_moisture,1671,,,OK,,,982.8,,name=classic;level=OK;role=disp;spread=34;gpio=39;device_seq=77205;time_source=device_synced;device_timestamp_utc=2026-07-28T07:02:49.290Z;config_id=257fa022;rssi=-59;uptime_s=579060;heap=195616;cal_tier=channel-cal;cal_src=wet_rederive_1236_20260719;pressure_context_source=weather_openmeteo;transport=wifi_poll,
plants.soil,2026-07-28T07:02:57.951Z,2026-07-28 02:02:57.951,22873,6762df,y9d41p,0.7.3,fleet_logger_0_1,579060041,UMLIFE_v2_TLC555,ch2,origplant,soil_moisture,1358,,,OK,,,982.8,,name=classic;level=overwatered;role=disp;spread=50;gpio=34;device_seq=77206;time_source=device_synced;device_timestamp_utc=2026-07-28T07:02:49.290Z;config_id=257fa022;rssi=-59;uptime_s=579060;heap=195616;cal_tier=channel-cal;cal_src=wet_rederive_1236_20260719;pressure_context_source=weather_openmeteo;transport=wifi_poll,
plants.soil,2026-07-28T07:02:57.951Z,2026-07-28 02:02:57.951,22874,6762df,y9d41p,0.7.3,fleet_logger_0_1,579060041,UMLIFE_v2_TLC555,ch3,origplant,soil_moisture,1445,,,OK,,,982.8,,name=classic;level=well watered;role=disp;spread=14;gpio=35;device_seq=77207;time_source=device_synced;device_timestamp_utc=2026-07-28T07:02:49.290Z;config_id=257fa022;rssi=-59;uptime_s=579060;heap=195616;cal_tier=channel-cal;cal_src=wet_rederive_1236_20260719;pressure_context_source=weather_openmeteo;transport=wifi_poll,
plants.env,2026-07-28T07:02:57.951Z,2026-07-28 02:02:57.951,22875,6762df,y9d41p,0.7.3,fleet_logger_0_1,579060797,ESP32,esp32_die,on_chip,die_temp,,52.22,degC,OK,,,,,name=classic;source=esp32_die;cal=uncalibrated_board_proxy;api=temperatureRead;config_id=257fa022;transport=wifi_poll,
plants.soil,2026-07-28T07:03:28.671Z,2026-07-28 02:03:28.671,22876,6762df,y9d41p,0.7.3,fleet_logger_0_1,579090041,UMLIFE_v2_TLC555,ch0,origplant,soil_moisture,1539,,,OK,,,982.8,,name=classic;level=well watered;role=disp;spread=39;gpio=36;device_seq=77208;time_source=device_synced;device_timestamp_utc=2026-07-28T07:03:19.290Z;config_id=257fa022;rssi=-59;uptime_s=579090;heap=195880;cal_tier=channel-cal;cal_src=wet_rederive_1236_20260719;pressure_context_source=weather_openmeteo;transport=wifi_poll,
plants.soil,2026-07-28T07:03:28.671Z,2026-07-28 02:03:28.671,22877,6762df,y9d41p,0.7.3,fleet_logger_0_1,579090041,UMLIFE_v2_TLC555,ch1,origplant,soil_moisture,1661,,,OK,,,982.8,,name=classic;level=OK;role=disp;spread=33;gpio=39;device_seq=77209;time_source=device_synced;device_timestamp_utc=2026-07-28T07:03:19.290Z;config_id=257fa022;rssi=-59;uptime_s=579090;heap=195880;cal_tier=channel-cal;cal_src=wet_rederive_1236_20260719;pressure_context_source=weather_openmeteo;transport=wifi_poll,
plants.soil,2026-07-28T07:03:28.671Z,2026-07-28 02:03:28.671,22878,6762df,y9d41p,0.7.3,fleet_logger_0_1,579090041,UMLIFE_v2_TLC555,ch2,origplant,soil_moisture,1336,,,OK,,,982.8,,name=classic;level=overwatered;role=disp;spread=21;gpio=34;device_seq=77210;time_source=device_synced;device_timestamp_utc=2026-07-28T07:03:19.290Z;config_id=257fa022;rssi=-59;uptime_s=579090;heap=195880;cal_tier=channel-cal;cal_src=wet_rederive_1236_20260719;pressure_context_source=weather_openmeteo;transport=wifi_poll,
plants.soil,2026-07-28T07:03:28.671Z,2026-07-28 02:03:28.671,22879,6762df,y9d41p,0.7.3,fleet_logger_0_1,579090041,UMLIFE_v2_TLC555,ch3,origplant,soil_moisture,1410,,,OK,,,982.8,,name=classic;level=well watered;role=disp;spread=20;gpio=35;device_seq=77211;time_source=device_synced;device_timestamp_utc=2026-07-28T07:03:19.290Z;config_id=257fa022;rssi=-59;uptime_s=579090;heap=195880;cal_tier=channel-cal;cal_src=wet_rederive_1236_20260719;pressure_context_source=weather_openmeteo;transport=wifi_poll,
plants.env,2026-07-28T07:03:28.671Z,2026-07-28 02:03:28.671,22880,6762df,y9d41p,0.7.3,fleet_logger_0_1,579090796,ESP32,esp32_die,on_chip,die_temp,,51.67,degC,OK,,,,,name=classic;source=esp32_die;cal=uncalibrated_board_proxy;api=temperatureRead;config_id=257fa022;transport=wifi_poll,
plants.soil,2026-07-28T07:03:59.085Z,2026-07-28 02:03:59.085,22881,6762df,y9d41p,0.7.3,fleet_logger_0_1,579120041,UMLIFE_v2_TLC555,ch0,origplant,soil_moisture,1541,,,OK,,,982.8,,name=classic;level=well watered;role=disp;spread=19;gpio=36;device_seq=77212;time_source=device_synced;device_timestamp_utc=2026-07-28T07:03:49.290Z;config_id=257fa022;rssi=-59;uptime_s=579120;heap=195880;cal_tier=channel-cal;cal_src=wet_rederive_1236_20260719;pressure_context_source=weather_openmeteo;transport=wifi_poll,
plants.soil,2026-07-28T07:03:59.085Z,2026-07-28 02:03:59.085,22882,6762df,y9d41p,0.7.3,fleet_logger_0_1,579120041,UMLIFE_v2_TLC555,ch1,origplant,soil_moisture,1663,,,OK,,,982.8,,name=classic;level=OK;role=disp;spread=46;gpio=39;device_seq=77213;time_source=device_synced;device_timestamp_utc=2026-07-28T07:03:49.290Z;config_id=257fa022;rssi=-59;uptime_s=579120;heap=195880;cal_tier=channel-cal;cal_src=wet_rederive_1236_20260719;pressure_context_source=weather_openmeteo;transport=wifi_poll,
plants.soil,2026-07-28T07:03:59.085Z,2026-07-28 02:03:59.085,22883,6762df,y9d41p,0.7.3,fleet_logger_0_1,579120041,UMLIFE_v2_TLC555,ch2,origplant,soil_moisture,1333,,,OK,,,982.8,,name=classic;level=overwatered;role=disp;spread=35;gpio=34;device_seq=77214;time_source=device_synced;device_timestamp_utc=2026-07-28T07:03:49.290Z;config_id=257fa022;rssi=-59;uptime_s=579120;heap=195880;cal_tier=channel-cal;cal_src=wet_rederive_1236_20260719;pressure_context_source=weather_openmeteo;transport=wifi_poll,
plants.soil,2026-07-28T07:03:59.085Z,2026-07-28 02:03:59.085,22884,6762df,y9d41p,0.7.3,fleet_logger_0_1,579120041,UMLIFE_v2_TLC555,ch3,origplant,soil_moisture,1428,,,OK,,,982.8,,name=classic;level=well watered;role=disp;spread=36;gpio=35;device_seq=77215;time_source=device_synced;device_timestamp_utc=2026-07-28T07:03:49.290Z;config_id=257fa022;rssi=-59;uptime_s=579120;heap=195880;cal_tier=channel-cal;cal_src=wet_rederive_1236_20260719;pressure_context_source=weather_openmeteo;transport=wifi_poll,
plants.env,2026-07-28T07:03:59.085Z,2026-07-28 02:03:59.085,22885,6762df,y9d41p,0.7.3,fleet_logger_0_1,579120796,ESP32,esp32_die,on_chip,die_temp,,52.22,degC,OK,,,,,name=classic;source=esp32_die;cal=uncalibrated_board_proxy;api=temperatureRead;config_id=257fa022;transport=wifi_poll,
plants.soil,2026-07-28T07:04:29.592Z,2026-07-28 02:04:29.592,22886,6762df,y9d41p,0.7.3,fleet_logger_0_1,579150041,UMLIFE_v2_TLC555,ch0,origplant,soil_moisture,1547,,,OK,,,982.8,,name=classic;level=well watered;role=disp;spread=33;gpio=36;device_seq=77216;time_source=device_synced;device_timestamp_utc=2026-07-28T07:04:19.290Z;config_id=257fa022;rssi=-59;uptime_s=579150;heap=195876;cal_tier=channel-cal;cal_src=wet_rederive_1236_20260719;pressure_context_source=weather_openmeteo;transport=wifi_poll,
plants.soil,2026-07-28T07:04:29.592Z,2026-07-28 02:04:29.592,22887,6762df,y9d41p,0.7.3,fleet_logger_0_1,579150041,UMLIFE_v2_TLC555,ch1,origplant,soil_moisture,1672,,,OK,,,982.8,,name=classic;level=OK;role=disp;spread=26;gpio=39;device_seq=77217;time_source=device_synced;device_timestamp_utc=2026-07-28T07:04:19.290Z;config_id=257fa022;rssi=-59;uptime_s=579150;heap=195876;cal_tier=channel-cal;cal_src=wet_rederive_1236_20260719;pressure_context_source=weather_openmeteo;transport=wifi_poll,
plants.soil,2026-07-28T07:04:29.592Z,2026-07-28 02:04:29.592,22888,6762df,y9d41p,0.7.3,fleet_logger_0_1,579150041,UMLIFE_v2_TLC555,ch2,origplant,soil_moisture,1334,,,OK,,,982.8,,name=classic;level=overwatered;role=disp;spread=21;gpio=34;device_seq=77218;time_source=device_synced;device_timestamp_utc=2026-07-28T07:04:19.290Z;config_id=257fa022;rssi=-59;uptime_s=579150;heap=195876;cal_tier=channel-cal;cal_src=wet_rederive_1236_20260719;pressure_context_source=weather_openmeteo;transport=wifi_poll,
plants.soil,2026-07-28T07:04:29.592Z,2026-07-28 02:04:29.592,22889,6762df,y9d41p,0.7.3,fleet_logger_0_1,579150041,UMLIFE_v2_TLC555,ch3,origplant,soil_moisture,1417,,,OK,,,982.8,,name=classic;level=well watered;role=disp;spread=12;gpio=35;device_seq=77219;time_source=device_synced;device_timestamp_utc=2026-07-28T07:04:19.290Z;config_id=257fa022;rssi=-59;uptime_s=579150;heap=195876;cal_tier=channel-cal;cal_src=wet_rederive_1236_20260719;pressure_context_source=weather_openmeteo;transport=wifi_poll,
plants.env,2026-07-28T07:04:29.592Z,2026-07-28 02:04:29.592,22890,6762df,y9d41p,0.7.3,fleet_logger_0_1,579150796,ESP32,esp32_die,on_chip,die_temp,,52.22,degC,OK,,,,,name=classic;source=esp32_die;cal=uncalibrated_board_proxy;api=temperatureRead;config_id=257fa022;transport=wifi_poll,
plants.soil,2026-07-28T07:05:00.014Z,2026-07-28 02:05:00.014,22891,6762df,y9d41p,0.7.3,fleet_logger_0_1,579180041,UMLIFE_v2_TLC555,ch0,origplant,soil_moisture,1544,,,OK,,,982.8,,name=classic;level=well watered;role=disp;spread=44;gpio=36;device_seq=77220;time_source=device_synced;device_timestamp_utc=2026-07-28T07:04:49.290Z;config_id=257fa022;rssi=-59;uptime_s=579180;heap=195884;cal_tier=channel-cal;cal_src=wet_rederive_1236_20260719;pressure_context_source=weather_openmeteo;transport=wifi_poll,
plants.soil,2026-07-28T07:05:00.014Z,2026-07-28 02:05:00.014,22892,6762df,y9d41p,0.7.3,fleet_logger_0_1,579180041,UMLIFE_v2_TLC555,ch1,origplant,soil_moisture,1667,,,OK,,,982.8,,name=classic;level=OK;role=disp;spread=39;gpio=39;device_seq=77221;time_source=device_synced;device_timestamp_utc=2026-07-28T07:04:49.290Z;config_id=257fa022;rssi=-59;uptime_s=579180;heap=195884;cal_tier=channel-cal;cal_src=wet_rederive_1236_20260719;pressure_context_source=weather_openmeteo;transport=wifi_poll,
plants.soil,2026-07-28T07:05:00.014Z,2026-07-28 02:05:00.014,22893,6762df,y9d41p,0.7.3,fleet_logger_0_1,579180041,UMLIFE_v2_TLC555,ch2,origplant,soil_moisture,1333,,,OK,,,982.8,,name=classic;level=overwatered;role=disp;spread=28;gpio=34;device_seq=77222;time_source=device_synced;device_timestamp_utc=2026-07-28T07:04:49.290Z;config_id=257fa022;rssi=-59;uptime_s=579180;heap=195884;cal_tier=channel-cal;cal_src=wet_rederive_1236_20260719;pressure_context_source=weather_openmeteo;transport=wifi_poll,
plants.soil,2026-07-28T07:05:00.014Z,2026-07-28 02:05:00.014,22894,6762df,y9d41p,0.7.3,fleet_logger_0_1,579180041,UMLIFE_v2_TLC555,ch3,origplant,soil_moisture,1409,,,OK,,,982.8,,name=classic;level=well watered;role=disp;spread=43;gpio=35;device_seq=77223;time_source=device_synced;device_timestamp_utc=2026-07-28T07:04:49.290Z;config_id=257fa022;rssi=-59;uptime_s=579180;heap=195884;cal_tier=channel-cal;cal_src=wet_rederive_1236_20260719;pressure_context_source=weather_openmeteo;transport=wifi_poll,
plants.env,2026-07-28T07:05:00.014Z,2026-07-28 02:05:00.014,22895,6762df,y9d41p,0.7.3,fleet_logger_0_1,579180796,ESP32,esp32_die,on_chip,die_temp,,52.22,degC,OK,,,,,name=classic;source=esp32_die;cal=uncalibrated_board_proxy;api=temperatureRead;config_id=257fa022;transport=wifi_poll,
plants.soil,2026-07-28T07:05:30.357Z,2026-07-28 02:05:30.357,22896,6762df,y9d41p,0.7.3,fleet_logger_0_1,579210041,UMLIFE_v2_TLC555,ch0,origplant,soil_moisture,1547,,,OK,,,982.8,,name=classic;level=well watered;role=disp;spread=31;gpio=36;device_seq=77224;time_source=device_synced;device_timestamp_utc=2026-07-28T07:05:19.290Z;config_id=257fa022;rssi=-59;uptime_s=579210;heap=195620;cal_tier=channel-cal;cal_src=wet_rederive_1236_20260719;pressure_context_source=weather_openmeteo;transport=wifi_poll,
plants.soil,2026-07-28T07:05:30.357Z,2026-07-28 02:05:30.357,22897,6762df,y9d41p,0.7.3,fleet_logger_0_1,579210041,UMLIFE_v2_TLC555,ch1,origplant,soil_moisture,1664,,,OK,,,982.8,,name=classic;level=OK;role=disp;spread=19;gpio=39;device_seq=77225;time_source=device_synced;device_timestamp_utc=2026-07-28T07:05:19.290Z;config_id=257fa022;rssi=-59;uptime_s=579210;heap=195620;cal_tier=channel-cal;cal_src=wet_rederive_1236_20260719;pressure_context_source=weather_openmeteo;transport=wifi_poll,
plants.soil,2026-07-28T07:05:30.357Z,2026-07-28 02:05:30.357,22898,6762df,y9d41p,0.7.3,fleet_logger_0_1,579210041,UMLIFE_v2_TLC555,ch2,origplant,soil_moisture,1334,,,OK,,,982.8,,name=classic;level=overwatered;role=disp;spread=45;gpio=34;device_seq=77226;time_source=device_synced;device_timestamp_utc=2026-07-28T07:05:19.290Z;config_id=257fa022;rssi=-59;uptime_s=579210;heap=195620;cal_tier=channel-cal;cal_src=wet_rederive_1236_20260719;pressure_context_source=weather_openmeteo;transport=wifi_poll,
plants.soil,2026-07-28T07:05:30.357Z,2026-07-28 02:05:30.357,22899,6762df,y9d41p,0.7.3,fleet_logger_0_1,579210041,UMLIFE_v2_TLC555,ch3,origplant,soil_moisture,1415,,,OK,,,982.8,,name=classic;level=well watered;role=disp;spread=32;gpio=35;device_seq=77227;time_source=device_synced;device_timestamp_utc=2026-07-28T07:05:19.290Z;config_id=257fa022;rssi=-59;uptime_s=579210;heap=195620;cal_tier=channel-cal;cal_src=wet_rederive_1236_20260719;pressure_context_source=weather_openmeteo;transport=wifi_poll,
plants.env,2026-07-28T07:05:30.357Z,2026-07-28 02:05:30.357,22900,6762df,y9d41p,0.7.3,fleet_logger_0_1,579210796,ESP32,esp32_die,on_chip,die_temp,,52.22,degC,OK,,,,,name=classic;source=esp32_die;cal=uncalibrated_board_proxy;api=temperatureRead;config_id=257fa022;transport=wifi_poll,
plants.soil,2026-07-28T07:06:00.634Z,2026-07-28 02:06:00.634,22901,6762df,y9d41p,0.7.3,fleet_logger_0_1,579240041,UMLIFE_v2_TLC555,ch0,origplant,soil_moisture,1547,,,OK,,,982.8,,name=classic;level=well watered;role=disp;spread=34;gpio=36;device_seq=77228;time_source=device_synced;device_timestamp_utc=2026-07-28T07:05:49.290Z;config_id=257fa022;rssi=-60;uptime_s=579240;heap=195632;cal_tier=channel-cal;cal_src=wet_rederive_1236_20260719;pressure_context_source=weather_openmeteo;transport=wifi_poll,
plants.soil,2026-07-28T07:06:00.634Z,2026-07-28 02:06:00.634,22902,6762df,y9d41p,0.7.3,fleet_logger_0_1,579240041,UMLIFE_v2_TLC555,ch1,origplant,soil_moisture,1667,,,OK,,,982.8,,name=classic;level=OK;role=disp;spread=25;gpio=39;device_seq=77229;time_source=device_synced;device_timestamp_utc=2026-07-28T07:05:49.290Z;config_id=257fa022;rssi=-60;uptime_s=579240;heap=195632;cal_tier=channel-cal;cal_src=wet_rederive_1236_20260719;pressure_context_source=weather_openmeteo;transport=wifi_poll,
plants.soil,2026-07-28T07:06:00.634Z,2026-07-28 02:06:00.634,22903,6762df,y9d41p,0.7.3,fleet_logger_0_1,579240041,UMLIFE_v2_TLC555,ch2,origplant,soil_moisture,1334,,,OK,,,982.8,,name=classic;level=overwatered;role=disp;spread=30;gpio=34;device_seq=77230;time_source=device_synced;device_timestamp_utc=2026-07-28T07:05:49.290Z;config_id=257fa022;rssi=-60;uptime_s=579240;heap=195632;cal_tier=channel-cal;cal_src=wet_rederive_1236_20260719;pressure_context_source=weather_openmeteo;transport=wifi_poll,
plants.soil,2026-07-28T07:06:00.634Z,2026-07-28 02:06:00.634,22904,6762df,y9d41p,0.7.3,fleet_logger_0_1,579240041,UMLIFE_v2_TLC555,ch3,origplant,soil_moisture,1418,,,OK,,,982.8,,name=classic;level=well watered;role=disp;spread=25;gpio=35;device_seq=77231;time_source=device_synced;device_timestamp_utc=2026-07-28T07:05:49.290Z;config_id=257fa022;rssi=-60;uptime_s=579240;heap=195632;cal_tier=channel-cal;cal_src=wet_rederive_1236_20260719;pressure_context_source=weather_openmeteo;transport=wifi_poll,
plants.env,2026-07-28T07:06:00.634Z,2026-07-28 02:06:00.634,22905,6762df,y9d41p,0.7.3,fleet_logger_0_1,579240796,ESP32,esp32_die,on_chip,die_temp,,52.78,degC,OK,,,,,name=classic;source=esp32_die;cal=uncalibrated_board_proxy;api=temperatureRead;config_id=257fa022;transport=wifi_poll,
plants.soil,2026-07-28T07:06:31.045Z,2026-07-28 02:06:31.045,22906,6762df,y9d41p,0.7.3,fleet_logger_0_1,579270041,UMLIFE_v2_TLC555,ch0,origplant,soil_moisture,1546,,,OK,,,982.8,,name=classic;level=well watered;role=disp;spread=40;gpio=36;device_seq=77232;time_source=device_synced;device_timestamp_utc=2026-07-28T07:06:19.290Z;config_id=257fa022;rssi=-60;uptime_s=579270;heap=195876;cal_tier=channel-cal;cal_src=wet_rederive_1236_20260719;pressure_context_source=weather_openmeteo;transport=wifi_poll,
plants.soil,2026-07-28T07:06:31.045Z,2026-07-28 02:06:31.045,22907,6762df,y9d41p,0.7.3,fleet_logger_0_1,579270041,UMLIFE_v2_TLC555,ch1,origplant,soil_moisture,1667,,,OK,,,982.8,,name=classic;level=OK;role=disp;spread=30;gpio=39;device_seq=77233;time_source=device_synced;device_timestamp_utc=2026-07-28T07:06:19.290Z;config_id=257fa022;rssi=-60;uptime_s=579270;heap=195876;cal_tier=channel-cal;cal_src=wet_rederive_1236_20260719;pressure_context_source=weather_openmeteo;transport=wifi_poll,
plants.soil,2026-07-28T07:06:31.045Z,2026-07-28 02:06:31.045,22908,6762df,y9d41p,0.7.3,fleet_logger_0_1,579270041,UMLIFE_v2_TLC555,ch2,origplant,soil_moisture,1338,,,OK,,,982.8,,name=classic;level=overwatered;role=disp;spread=72;gpio=34;device_seq=77234;time_source=device_synced;device_timestamp_utc=2026-07-28T07:06:19.290Z;config_id=257fa022;rssi=-60;uptime_s=579270;heap=195876;cal_tier=channel-cal;cal_src=wet_rederive_1236_20260719;pressure_context_source=weather_openmeteo;transport=wifi_poll,
plants.soil,2026-07-28T07:06:31.045Z,2026-07-28 02:06:31.045,22909,6762df,y9d41p,0.7.3,fleet_logger_0_1,579270041,UMLIFE_v2_TLC555,ch3,origplant,soil_moisture,1420,,,OK,,,982.8,,name=classic;level=well watered;role=disp;spread=26;gpio=35;device_seq=77235;time_source=device_synced;device_timestamp_utc=2026-07-28T07:06:19.290Z;config_id=257fa022;rssi=-60;uptime_s=579270;heap=195876;cal_tier=channel-cal;cal_src=wet_rederive_1236_20260719;pressure_context_source=weather_openmeteo;transport=wifi_poll,
plants.env,2026-07-28T07:06:31.045Z,2026-07-28 02:06:31.045,22910,6762df,y9d41p,0.7.3,fleet_logger_0_1,579270797,ESP32,esp32_die,on_chip,die_temp,,52.78,degC,OK,,,,,name=classic;source=esp32_die;cal=uncalibrated_board_proxy;api=temperatureRead;config_id=257fa022;transport=wifi_poll,
plants.soil,2026-07-28T07:07:01.765Z,2026-07-28 02:07:01.765,22911,6762df,y9d41p,0.7.3,fleet_logger_0_1,579300041,UMLIFE_v2_TLC555,ch0,origplant,soil_moisture,1554,,,OK,,,982.8,,name=classic;level=well watered;role=disp;spread=51;gpio=36;device_seq=77236;time_source=device_synced;device_timestamp_utc=2026-07-28T07:06:49.290Z;config_id=257fa022;rssi=-59;uptime_s=579300;heap=195880;cal_tier=channel-cal;cal_src=wet_rederive_1236_20260719;pressure_context_source=weather_openmeteo;transport=wifi_poll,
plants.soil,2026-07-28T07:07:01.765Z,2026-07-28 02:07:01.765,22912,6762df,y9d41p,0.7.3,fleet_logger_0_1,579300041,UMLIFE_v2_TLC555,ch1,origplant,soil_moisture,1667,,,OK,,,982.8,,name=classic;level=OK;role=disp;spread=31;gpio=39;device_seq=77237;time_source=device_synced;device_timestamp_utc=2026-07-28T07:06:49.290Z;config_id=257fa022;rssi=-59;uptime_s=579300;heap=195880;cal_tier=channel-cal;cal_src=wet_rederive_1236_20260719;pressure_context_source=weather_openmeteo;transport=wifi_poll,
plants.soil,2026-07-28T07:07:01.765Z,2026-07-28 02:07:01.765,22913,6762df,y9d41p,0.7.3,fleet_logger_0_1,579300041,UMLIFE_v2_TLC555,ch2,origplant,soil_moisture,1336,,,OK,,,982.8,,name=classic;level=overwatered;role=disp;spread=29;gpio=34;device_seq=77238;time_source=device_synced;device_timestamp_utc=2026-07-28T07:06:49.290Z;config_id=257fa022;rssi=-59;uptime_s=579300;heap=195880;cal_tier=channel-cal;cal_src=wet_rederive_1236_20260719;pressure_context_source=weather_openmeteo;transport=wifi_poll,
plants.soil,2026-07-28T07:07:01.765Z,2026-07-28 02:07:01.765,22914,6762df,y9d41p,0.7.3,fleet_logger_0_1,579300041,UMLIFE_v2_TLC555,ch3,origplant,soil_moisture,1415,,,OK,,,982.8,,name=classic;level=well watered;role=disp;spread=31;gpio=35;device_seq=77239;time_source=device_synced;device_timestamp_utc=2026-07-28T07:06:49.290Z;config_id=257fa022;rssi=-59;uptime_s=579300;heap=195880;cal_tier=channel-cal;cal_src=wet_rederive_1236_20260719;pressure_context_source=weather_openmeteo;transport=wifi_poll,
plants.env,2026-07-28T07:07:01.765Z,2026-07-28 02:07:01.765,22915,6762df,y9d41p,0.7.3,fleet_logger_0_1,579300797,ESP32,esp32_die,on_chip,die_temp,,52.22,degC,OK,,,,,name=classic;source=esp32_die;cal=uncalibrated_board_proxy;api=temperatureRead;config_id=257fa022;transport=wifi_poll,
plants.soil,2026-07-28T07:07:32.885Z,2026-07-28 02:07:32.885,22916,6762df,y9d41p,0.7.3,fleet_logger_0_1,579330041,UMLIFE_v2_TLC555,ch0,origplant,soil_moisture,1557,,,OK,,,982.8,,name=classic;level=well watered;role=disp;spread=45;gpio=36;device_seq=77240;time_source=device_synced;device_timestamp_utc=2026-07-28T07:07:19.290Z;config_id=257fa022;rssi=-60;uptime_s=579330;heap=195888;cal_tier=channel-cal;cal_src=wet_rederive_1236_20260719;pressure_context_source=weather_openmeteo;transport=wifi_poll,
plants.soil,2026-07-28T07:07:32.885Z,2026-07-28 02:07:32.885,22917,6762df,y9d41p,0.7.3,fleet_logger_0_1,579330041,UMLIFE_v2_TLC555,ch1,origplant,soil_moisture,1671,,,OK,,,982.8,,name=classic;level=OK;role=disp;spread=35;gpio=39;device_seq=77241;time_source=device_synced;device_timestamp_utc=2026-07-28T07:07:19.290Z;config_id=257fa022;rssi=-60;uptime_s=579330;heap=195888;cal_tier=channel-cal;cal_src=wet_rederive_1236_20260719;pressure_context_source=weather_openmeteo;transport=wifi_poll,
plants.soil,2026-07-28T07:07:32.885Z,2026-07-28 02:07:32.885,22918,6762df,y9d41p,0.7.3,fleet_logger_0_1,579330041,UMLIFE_v2_TLC555,ch2,origplant,soil_moisture,1336,,,OK,,,982.8,,name=classic;level=overwatered;role=disp;spread=27;gpio=34;device_seq=77242;time_source=device_synced;device_timestamp_utc=2026-07-28T07:07:19.290Z;config_id=257fa022;rssi=-60;uptime_s=579330;heap=195888;cal_tier=channel-cal;cal_src=wet_rederive_1236_20260719;pressure_context_source=weather_openmeteo;transport=wifi_poll,
plants.soil,2026-07-28T07:07:32.885Z,2026-07-28 02:07:32.885,22919,6762df,y9d41p,0.7.3,fleet_logger_0_1,579330041,UMLIFE_v2_TLC555,ch3,origplant,soil_moisture,1421,,,OK,,,982.8,,name=classic;level=well watered;role=disp;spread=25;gpio=35;device_seq=77243;time_source=device_synced;device_timestamp_utc=2026-07-28T07:07:19.290Z;config_id=257fa022;rssi=-60;uptime_s=579330;heap=195888;cal_tier=channel-cal;cal_src=wet_rederive_1236_20260719;pressure_context_source=weather_openmeteo;transport=wifi_poll,
plants.env,2026-07-28T07:07:32.885Z,2026-07-28 02:07:32.885,22920,6762df,y9d41p,0.7.3,fleet_logger_0_1,579330797,ESP32,esp32_die,on_chip,die_temp,,52.78,degC,OK,,,,,name=classic;source=esp32_die;cal=uncalibrated_board_proxy;api=temperatureRead;config_id=257fa022;transport=wifi_poll,
plants.soil,2026-07-28T07:08:03.309Z,2026-07-28 02:08:03.309,22921,6762df,y9d41p,0.7.3,fleet_logger_0_1,579360041,UMLIFE_v2_TLC555,ch0,origplant,soil_moisture,1557,,,OK,,,982.8,,name=classic;level=well watered;role=disp;spread=31;gpio=36;device_seq=77244;time_source=device_synced;device_timestamp_utc=2026-07-28T07:07:49.290Z;config_id=257fa022;rssi=-59;uptime_s=579360;heap=195888;cal_tier=channel-cal;cal_src=wet_rederive_1236_20260719;pressure_context_source=weather_openmeteo;transport=wifi_poll,
plants.soil,2026-07-28T07:08:03.309Z,2026-07-28 02:08:03.309,22922,6762df,y9d41p,0.7.3,fleet_logger_0_1,579360041,UMLIFE_v2_TLC555,ch1,origplant,soil_moisture,1669,,,OK,,,982.8,,name=classic;level=OK;role=disp;spread=41;gpio=39;device_seq=77245;time_source=device_synced;device_timestamp_utc=2026-07-28T07:07:49.290Z;config_id=257fa022;rssi=-59;uptime_s=579360;heap=195888;cal_tier=channel-cal;cal_src=wet_rederive_1236_20260719;pressure_context_source=weather_openmeteo;transport=wifi_poll,
plants.soil,2026-07-28T07:08:03.309Z,2026-07-28 02:08:03.309,22923,6762df,y9d41p,0.7.3,fleet_logger_0_1,579360041,UMLIFE_v2_TLC555,ch2,origplant,soil_moisture,1341,,,OK,,,982.8,,name=classic;level=overwatered;role=disp;spread=11;gpio=34;device_seq=77246;time_source=device_synced;device_timestamp_utc=2026-07-28T07:07:49.290Z;config_id=257fa022;rssi=-59;uptime_s=579360;heap=195888;cal_tier=channel-cal;cal_src=wet_rederive_1236_20260719;pressure_context_source=weather_openmeteo;transport=wifi_poll,
plants.soil,2026-07-28T07:08:03.309Z,2026-07-28 02:08:03.309,22924,6762df,y9d41p,0.7.3,fleet_logger_0_1,579360041,UMLIFE_v2_TLC555,ch3,origplant,soil_moisture,1412,,,OK,,,982.8,,name=classic;level=well watered;role=disp;spread=22;gpio=35;device_seq=77247;time_source=device_synced;device_timestamp_utc=2026-07-28T07:07:49.290Z;config_id=257fa022;rssi=-59;uptime_s=579360;heap=195888;cal_tier=channel-cal;cal_src=wet_rederive_1236_20260719;pressure_context_source=weather_openmeteo;transport=wifi_poll,
plants.env,2026-07-28T07:08:03.309Z,2026-07-28 02:08:03.309,22925,6762df,y9d41p,0.7.3,fleet_logger_0_1,579360797,ESP32,esp32_die,on_chip,die_temp,,52.78,degC,OK,,,,,name=classic;source=esp32_die;cal=uncalibrated_board_proxy;api=temperatureRead;config_id=257fa022;transport=wifi_poll,
plants.soil,2026-07-28T07:08:33.721Z,2026-07-28 02:08:33.721,22926,6762df,y9d41p,0.7.3,fleet_logger_0_1,579390041,UMLIFE_v2_TLC555,ch0,origplant,soil_moisture,1561,,,OK,,,982.8,,name=classic;level=well watered;role=disp;spread=20;gpio=36;device_seq=77248;time_source=device_synced;device_timestamp_utc=2026-07-28T07:08:19.290Z;config_id=257fa022;rssi=-59;uptime_s=579390;heap=195632;cal_tier=channel-cal;cal_src=wet_rederive_1236_20260719;pressure_context_source=weather_openmeteo;transport=wifi_poll,
plants.soil,2026-07-28T07:08:33.721Z,2026-07-28 02:08:33.721,22927,6762df,y9d41p,0.7.3,fleet_logger_0_1,579390041,UMLIFE_v2_TLC555,ch1,origplant,soil_moisture,1675,,,OK,,,982.8,,name=classic;level=OK;role=disp;spread=24;gpio=39;device_seq=77249;time_source=device_synced;device_timestamp_utc=2026-07-28T07:08:19.290Z;config_id=257fa022;rssi=-59;uptime_s=579390;heap=195632;cal_tier=channel-cal;cal_src=wet_rederive_1236_20260719;pressure_context_source=weather_openmeteo;transport=wifi_poll,
plants.soil,2026-07-28T07:08:33.721Z,2026-07-28 02:08:33.721,22928,6762df,y9d41p,0.7.3,fleet_logger_0_1,579390041,UMLIFE_v2_TLC555,ch2,origplant,soil_moisture,1342,,,OK,,,982.8,,name=classic;level=overwatered;role=disp;spread=42;gpio=34;device_seq=77250;time_source=device_synced;device_timestamp_utc=2026-07-28T07:08:19.290Z;config_id=257fa022;rssi=-59;uptime_s=579390;heap=195632;cal_tier=channel-cal;cal_src=wet_rederive_1236_20260719;pressure_context_source=weather_openmeteo;transport=wifi_poll,
plants.soil,2026-07-28T07:08:33.721Z,2026-07-28 02:08:33.721,22929,6762df,y9d41p,0.7.3,fleet_logger_0_1,579390041,UMLIFE_v2_TLC555,ch3,origplant,soil_moisture,1420,,,OK,,,982.8,,name=classic;level=well watered;role=disp;spread=41;gpio=35;device_seq=77251;time_source=device_synced;device_timestamp_utc=2026-07-28T07:08:19.290Z;config_id=257fa022;rssi=-59;uptime_s=579390;heap=195632;cal_tier=channel-cal;cal_src=wet_rederive_1236_20260719;pressure_context_source=weather_openmeteo;transport=wifi_poll,
plants.env,2026-07-28T07:08:33.721Z,2026-07-28 02:08:33.721,22930,6762df,y9d41p,0.7.3,fleet_logger_0_1,579390797,ESP32,esp32_die,on_chip,die_temp,,52.78,degC,OK,,,,,name=classic;source=esp32_die;cal=uncalibrated_board_proxy;api=temperatureRead;config_id=257fa022;transport=wifi_poll,
plants.soil,2026-07-28T07:09:04.019Z,2026-07-28 02:09:04.019,22931,6762df,y9d41p,0.7.3,fleet_logger_0_1,579420041,UMLIFE_v2_TLC555,ch0,origplant,soil_moisture,1571,,,OK,,,982.8,,name=classic;level=well watered;role=disp;spread=30;gpio=36;device_seq=77252;time_source=device_synced;device_timestamp_utc=2026-07-28T07:08:49.290Z;config_id=257fa022;rssi=-59;uptime_s=579420;heap=195632;cal_tier=channel-cal;cal_src=wet_rederive_1236_20260719;pressure_context_source=weather_openmeteo;transport=wifi_poll,
plants.soil,2026-07-28T07:09:04.019Z,2026-07-28 02:09:04.019,22932,6762df,y9d41p,0.7.3,fleet_logger_0_1,579420041,UMLIFE_v2_TLC555,ch1,origplant,soil_moisture,1672,,,OK,,,982.8,,name=classic;level=OK;role=disp;spread=21;gpio=39;device_seq=77253;time_source=device_synced;device_timestamp_utc=2026-07-28T07:08:49.290Z;config_id=257fa022;rssi=-59;uptime_s=579420;heap=195632;cal_tier=channel-cal;cal_src=wet_rederive_1236_20260719;pressure_context_source=weather_openmeteo;transport=wifi_poll,
plants.soil,2026-07-28T07:09:04.019Z,2026-07-28 02:09:04.019,22933,6762df,y9d41p,0.7.3,fleet_logger_0_1,579420041,UMLIFE_v2_TLC555,ch2,origplant,soil_moisture,1342,,,OK,,,982.8,,name=classic;level=overwatered;role=disp;spread=20;gpio=34;device_seq=77254;time_source=device_synced;device_timestamp_utc=2026-07-28T07:08:49.290Z;config_id=257fa022;rssi=-59;uptime_s=579420;heap=195632;cal_tier=channel-cal;cal_src=wet_rederive_1236_20260719;pressure_context_source=weather_openmeteo;transport=wifi_poll,
plants.soil,2026-07-28T07:09:04.019Z,2026-07-28 02:09:04.019,22934,6762df,y9d41p,0.7.3,fleet_logger_0_1,579420041,UMLIFE_v2_TLC555,ch3,origplant,soil_moisture,1420,,,OK,,,982.8,,name=classic;level=well watered;role=disp;spread=23;gpio=35;device_seq=77255;time_source=device_synced;device_timestamp_utc=2026-07-28T07:08:49.290Z;config_id=257fa022;rssi=-59;uptime_s=579420;heap=195632;cal_tier=channel-cal;cal_src=wet_rederive_1236_20260719;pressure_context_source=weather_openmeteo;transport=wifi_poll,
plants.env,2026-07-28T07:09:04.019Z,2026-07-28 02:09:04.019,22935,6762df,y9d41p,0.7.3,fleet_logger_0_1,579420797,ESP32,esp32_die,on_chip,die_temp,,52.78,degC,OK,,,,,name=classic;source=esp32_die;cal=uncalibrated_board_proxy;api=temperatureRead;config_id=257fa022;transport=wifi_poll,
plants.soil,2026-07-28T07:09:34.342Z,2026-07-28 02:09:34.342,22936,6762df,y9d41p,0.7.3,fleet_logger_0_1,579450041,UMLIFE_v2_TLC555,ch0,origplant,soil_moisture,1578,,,OK,,,982.8,,name=classic;level=well watered;role=disp;spread=41;gpio=36;device_seq=77256;time_source=device_synced;device_timestamp_utc=2026-07-28T07:09:19.290Z;config_id=257fa022;rssi=-59;uptime_s=579450;heap=195884;cal_tier=channel-cal;cal_src=wet_rederive_1236_20260719;pressure_context_source=weather_openmeteo;transport=wifi_poll,
plants.soil,2026-07-28T07:09:34.342Z,2026-07-28 02:09:34.342,22937,6762df,y9d41p,0.7.3,fleet_logger_0_1,579450041,UMLIFE_v2_TLC555,ch1,origplant,soil_moisture,1682,,,OK,,,982.8,,name=classic;level=OK;role=disp;spread=30;gpio=39;device_seq=77257;time_source=device_synced;device_timestamp_utc=2026-07-28T07:09:19.290Z;config_id=257fa022;rssi=-59;uptime_s=579450;heap=195884;cal_tier=channel-cal;cal_src=wet_rederive_1236_20260719;pressure_context_source=weather_openmeteo;transport=wifi_poll,
plants.soil,2026-07-28T07:09:34.342Z,2026-07-28 02:09:34.342,22938,6762df,y9d41p,0.7.3,fleet_logger_0_1,579450041,UMLIFE_v2_TLC555,ch2,origplant,soil_moisture,1340,,,OK,,,982.8,,name=classic;level=overwatered;role=disp;spread=22;gpio=34;device_seq=77258;time_source=device_synced;device_timestamp_utc=2026-07-28T07:09:19.290Z;config_id=257fa022;rssi=-59;uptime_s=579450;heap=195884;cal_tier=channel-cal;cal_src=wet_rederive_1236_20260719;pressure_context_source=weather_openmeteo;transport=wifi_poll,
plants.soil,2026-07-28T07:09:34.342Z,2026-07-28 02:09:34.342,22939,6762df,y9d41p,0.7.3,fleet_logger_0_1,579450041,UMLIFE_v2_TLC555,ch3,origplant,soil_moisture,1414,,,OK,,,982.8,,name=classic;level=well watered;role=disp;spread=25;gpio=35;device_seq=77259;time_source=device_synced;device_timestamp_utc=2026-07-28T07:09:19.290Z;config_id=257fa022;rssi=-59;uptime_s=579450;heap=195884;cal_tier=channel-cal;cal_src=wet_rederive_1236_20260719;pressure_context_source=weather_openmeteo;transport=wifi_poll,
plants.env,2026-07-28T07:09:34.342Z,2026-07-28 02:09:34.342,22940,6762df,y9d41p,0.7.3,fleet_logger_0_1,579450797,ESP32,esp32_die,on_chip,die_temp,,52.22,degC,OK,,,,,name=classic;source=esp32_die;cal=uncalibrated_board_proxy;api=temperatureRead;config_id=257fa022;transport=wifi_poll,
plants.soil,2026-07-28T07:10:04.754Z,2026-07-28 02:10:04.754,22941,6762df,y9d41p,0.7.3,fleet_logger_0_1,579480041,UMLIFE_v2_TLC555,ch0,origplant,soil_moisture,1575,,,OK,,,982.8,,name=classic;level=well watered;role=disp;spread=33;gpio=36;device_seq=77260;time_source=device_synced;device_timestamp_utc=2026-07-28T07:09:49.290Z;config_id=257fa022;rssi=-59;uptime_s=579480;heap=195880;cal_tier=channel-cal;cal_src=wet_rederive_1236_20260719;pressure_context_source=weather_openmeteo;transport=wifi_poll,
plants.soil,2026-07-28T07:10:04.754Z,2026-07-28 02:10:04.754,22942,6762df,y9d41p,0.7.3,fleet_logger_0_1,579480041,UMLIFE_v2_TLC555,ch1,origplant,soil_moisture,1688,,,OK,,,982.8,,name=classic;level=OK;role=disp;spread=40;gpio=39;device_seq=77261;time_source=device_synced;device_timestamp_utc=2026-07-28T07:09:49.290Z;config_id=257fa022;rssi=-59;uptime_s=579480;heap=195880;cal_tier=channel-cal;cal_src=wet_rederive_1236_20260719;pressure_context_source=weather_openmeteo;transport=wifi_poll,
plants.soil,2026-07-28T07:10:04.754Z,2026-07-28 02:10:04.754,22943,6762df,y9d41p,0.7.3,fleet_logger_0_1,579480041,UMLIFE_v2_TLC555,ch2,origplant,soil_moisture,1342,,,OK,,,982.8,,name=classic;level=overwatered;role=disp;spread=52;gpio=34;device_seq=77262;time_source=device_synced;device_timestamp_utc=2026-07-28T07:09:49.290Z;config_id=257fa022;rssi=-59;uptime_s=579480;heap=195880;cal_tier=channel-cal;cal_src=wet_rederive_1236_20260719;pressure_context_source=weather_openmeteo;transport=wifi_poll,
plants.soil,2026-07-28T07:10:04.754Z,2026-07-28 02:10:04.754,22944,6762df,y9d41p,0.7.3,fleet_logger_0_1,579480041,UMLIFE_v2_TLC555,ch3,origplant,soil_moisture,1417,,,OK,,,982.8,,name=classic;level=well watered;role=disp;spread=8;gpio=35;device_seq=77263;time_source=device_synced;device_timestamp_utc=2026-07-28T07:09:49.290Z;config_id=257fa022;rssi=-59;uptime_s=579480;heap=195880;cal_tier=channel-cal;cal_src=wet_rederive_1236_20260719;pressure_context_source=weather_openmeteo;transport=wifi_poll,
plants.env,2026-07-28T07:10:04.754Z,2026-07-28 02:10:04.754,22945,6762df,y9d41p,0.7.3,fleet_logger_0_1,579480797,ESP32,esp32_die,on_chip,die_temp,,52.78,degC,OK,,,,,name=classic;source=esp32_die;cal=uncalibrated_board_proxy;api=temperatureRead;config_id=257fa022;transport=wifi_poll,
plants.soil,2026-07-28T07:10:35.065Z,2026-07-28 02:10:35.065,22946,6762df,y9d41p,0.7.3,fleet_logger_0_1,579510041,UMLIFE_v2_TLC555,ch0,origplant,soil_moisture,1578,,,OK,,,982.8,,name=classic;level=well watered;role=disp;spread=29;gpio=36;device_seq=77264;time_source=device_synced;device_timestamp_utc=2026-07-28T07:10:19.290Z;config_id=257fa022;rssi=-60;uptime_s=579510;heap=195872;cal_tier=channel-cal;cal_src=wet_rederive_1236_20260719;pressure_context_source=weather_openmeteo;transport=wifi_poll,
plants.soil,2026-07-28T07:10:35.065Z,2026-07-28 02:10:35.065,22947,6762df,y9d41p,0.7.3,fleet_logger_0_1,579510041,UMLIFE_v2_TLC555,ch1,origplant,soil_moisture,1693,,,OK,,,982.8,,name=classic;level=OK;role=disp;spread=32;gpio=39;device_seq=77265;time_source=device_synced;device_timestamp_utc=2026-07-28T07:10:19.290Z;config_id=257fa022;rssi=-60;uptime_s=579510;heap=195872;cal_tier=channel-cal;cal_src=wet_rederive_1236_20260719;pressure_context_source=weather_openmeteo;transport=wifi_poll,
plants.soil,2026-07-28T07:10:35.065Z,2026-07-28 02:10:35.065,22948,6762df,y9d41p,0.7.3,fleet_logger_0_1,579510041,UMLIFE_v2_TLC555,ch2,origplant,soil_moisture,1352,,,OK,,,982.8,,name=classic;level=overwatered;role=disp;spread=37;gpio=34;device_seq=77266;time_source=device_synced;device_timestamp_utc=2026-07-28T07:10:19.290Z;config_id=257fa022;rssi=-60;uptime_s=579510;heap=195872;cal_tier=channel-cal;cal_src=wet_rederive_1236_20260719;pressure_context_source=weather_openmeteo;transport=wifi_poll,
plants.soil,2026-07-28T07:10:35.065Z,2026-07-28 02:10:35.065,22949,6762df,y9d41p,0.7.3,fleet_logger_0_1,579510041,UMLIFE_v2_TLC555,ch3,origplant,soil_moisture,1419,,,OK,,,982.8,,name=classic;level=well watered;role=disp;spread=13;gpio=35;device_seq=77267;time_source=device_synced;device_timestamp_utc=2026-07-28T07:10:19.290Z;config_id=257fa022;rssi=-60;uptime_s=579510;heap=195872;cal_tier=channel-cal;cal_src=wet_rederive_1236_20260719;pressure_context_source=weather_openmeteo;transport=wifi_poll,
plants.env,2026-07-28T07:10:35.065Z,2026-07-28 02:10:35.065,22950,6762df,y9d41p,0.7.3,fleet_logger_0_1,579510797,ESP32,esp32_die,on_chip,die_temp,,52.78,degC,OK,,,,,name=classic;source=esp32_die;cal=uncalibrated_board_proxy;api=temperatureRead;config_id=257fa022;transport=wifi_poll,
plants.soil,2026-07-28T07:11:05.376Z,2026-07-28 02:11:05.376,22951,6762df,y9d41p,0.7.3,fleet_logger_0_1,579540041,UMLIFE_v2_TLC555,ch0,origplant,soil_moisture,1578,,,OK,,,982.8,,name=classic;level=well watered;role=disp;spread=35;gpio=36;device_seq=77268;time_source=device_synced;device_timestamp_utc=2026-07-28T07:10:49.290Z;config_id=257fa022;rssi=-61;uptime_s=579540;heap=195868;cal_tier=channel-cal;cal_src=wet_rederive_1236_20260719;pressure_context_source=weather_openmeteo;transport=wifi_poll,
plants.soil,2026-07-28T07:11:05.376Z,2026-07-28 02:11:05.376,22952,6762df,y9d41p,0.7.3,fleet_logger_0_1,579540041,UMLIFE_v2_TLC555,ch1,origplant,soil_moisture,1694,,,OK,,,982.8,,name=classic;level=OK;role=disp;spread=33;gpio=39;device_seq=77269;time_source=device_synced;device_timestamp_utc=2026-07-28T07:10:49.290Z;config_id=257fa022;rssi=-61;uptime_s=579540;heap=195868;cal_tier=channel-cal;cal_src=wet_rederive_1236_20260719;pressure_context_source=weather_openmeteo;transport=wifi_poll,
plants.soil,2026-07-28T07:11:05.376Z,2026-07-28 02:11:05.376,22953,6762df,y9d41p,0.7.3,fleet_logger_0_1,579540041,UMLIFE_v2_TLC555,ch2,origplant,soil_moisture,1350,,,OK,,,982.8,,name=classic;level=overwatered;role=disp;spread=20;gpio=34;device_seq=77270;time_source=device_synced;device_timestamp_utc=2026-07-28T07:10:49.290Z;config_id=257fa022;rssi=-61;uptime_s=579540;heap=195868;cal_tier=channel-cal;cal_src=wet_rederive_1236_20260719;pressure_context_source=weather_openmeteo;transport=wifi_poll,
plants.soil,2026-07-28T07:11:05.376Z,2026-07-28 02:11:05.376,22954,6762df,y9d41p,0.7.3,fleet_logger_0_1,579540041,UMLIFE_v2_TLC555,ch3,origplant,soil_moisture,1428,,,OK,,,982.8,,name=classic;level=well watered;role=disp;spread=21;gpio=35;device_seq=77271;time_source=device_synced;device_timestamp_utc=2026-07-28T07:10:49.290Z;config_id=257fa022;rssi=-61;uptime_s=579540;heap=195868;cal_tier=channel-cal;cal_src=wet_rederive_1236_20260719;pressure_context_source=weather_openmeteo;transport=wifi_poll,
plants.env,2026-07-28T07:11:05.376Z,2026-07-28 02:11:05.376,22955,6762df,y9d41p,0.7.3,fleet_logger_0_1,579540796,ESP32,esp32_die,on_chip,die_temp,,52.78,degC,OK,,,,,name=classic;source=esp32_die;cal=uncalibrated_board_proxy;api=temperatureRead;config_id=257fa022;transport=wifi_poll,
plants.soil,2026-07-28T07:11:35.687Z,2026-07-28 02:11:35.687,22956,6762df,y9d41p,0.7.3,fleet_logger_0_1,579570041,UMLIFE_v2_TLC555,ch0,origplant,soil_moisture,1578,,,OK,,,982.8,,name=classic;level=well watered;role=disp;spread=43;gpio=36;device_seq=77272;time_source=device_synced;device_timestamp_utc=2026-07-28T07:11:19.290Z;config_id=257fa022;rssi=-58;uptime_s=579570;heap=195612;cal_tier=channel-cal;cal_src=wet_rederive_1236_20260719;pressure_context_source=weather_openmeteo;transport=wifi_poll,
plants.soil,2026-07-28T07:11:35.687Z,2026-07-28 02:11:35.687,22957,6762df,y9d41p,0.7.3,fleet_logger_0_1,579570041,UMLIFE_v2_TLC555,ch1,origplant,soil_moisture,1691,,,OK,,,982.8,,name=classic;level=OK;role=disp;spread=36;gpio=39;device_seq=77273;time_source=device_synced;device_timestamp_utc=2026-07-28T07:11:19.290Z;config_id=257fa022;rssi=-58;uptime_s=579570;heap=195612;cal_tier=channel-cal;cal_src=wet_rederive_1236_20260719;pressure_context_source=weather_openmeteo;transport=wifi_poll,
plants.soil,2026-07-28T07:11:35.687Z,2026-07-28 02:11:35.687,22958,6762df,y9d41p,0.7.3,fleet_logger_0_1,579570041,UMLIFE_v2_TLC555,ch2,origplant,soil_moisture,1357,,,OK,,,982.8,,name=classic;level=overwatered;role=disp;spread=39;gpio=34;device_seq=77274;time_source=device_synced;device_timestamp_utc=2026-07-28T07:11:19.290Z;config_id=257fa022;rssi=-58;uptime_s=579570;heap=195612;cal_tier=channel-cal;cal_src=wet_rederive_1236_20260719;pressure_context_source=weather_openmeteo;transport=wifi_poll,
plants.soil,2026-07-28T07:11:35.687Z,2026-07-28 02:11:35.687,22959,6762df,y9d41p,0.7.3,fleet_logger_0_1,579570041,UMLIFE_v2_TLC555,ch3,origplant,soil_moisture,1432,,,OK,,,982.8,,name=classic;level=well watered;role=disp;spread=22;gpio=35;device_seq=77275;time_source=device_synced;device_timestamp_utc=2026-07-28T07:11:19.290Z;config_id=257fa022;rssi=-58;uptime_s=579570;heap=195612;cal_tier=channel-cal;cal_src=wet_rederive_1236_20260719;pressure_context_source=weather_openmeteo;transport=wifi_poll,
plants.env,2026-07-28T07:11:35.687Z,2026-07-28 02:11:35.687,22960,6762df,y9d41p,0.7.3,fleet_logger_0_1,579570797,ESP32,esp32_die,on_chip,die_temp,,52.22,degC,OK,,,,,name=classic;source=esp32_die;cal=uncalibrated_board_proxy;api=temperatureRead;config_id=257fa022;transport=wifi_poll,
plants.soil,2026-07-28T07:12:05.997Z,2026-07-28 02:12:05.997,22961,6762df,y9d41p,0.7.3,fleet_logger_0_1,579600041,UMLIFE_v2_TLC555,ch0,origplant,soil_moisture,1577,,,OK,,,982.8,,name=classic;level=well watered;role=disp;spread=35;gpio=36;device_seq=77276;time_source=device_synced;device_timestamp_utc=2026-07-28T07:11:49.290Z;config_id=257fa022;rssi=-59;uptime_s=579600;heap=195612;cal_tier=channel-cal;cal_src=wet_rederive_1236_20260719;pressure_context_source=weather_openmeteo;transport=wifi_poll,
plants.soil,2026-07-28T07:12:05.997Z,2026-07-28 02:12:05.997,22962,6762df,y9d41p,0.7.3,fleet_logger_0_1,579600041,UMLIFE_v2_TLC555,ch1,origplant,soil_moisture,1695,,,OK,,,982.8,,name=classic;level=OK;role=disp;spread=42;gpio=39;device_seq=77277;time_source=device_synced;device_timestamp_utc=2026-07-28T07:11:49.290Z;config_id=257fa022;rssi=-59;uptime_s=579600;heap=195612;cal_tier=channel-cal;cal_src=wet_rederive_1236_20260719;pressure_context_source=weather_openmeteo;transport=wifi_poll,
plants.soil,2026-07-28T07:12:05.997Z,2026-07-28 02:12:05.997,22963,6762df,y9d41p,0.7.3,fleet_logger_0_1,579600041,UMLIFE_v2_TLC555,ch2,origplant,soil_moisture,1358,,,OK,,,982.8,,name=classic;level=overwatered;role=disp;spread=43;gpio=34;device_seq=77278;time_source=device_synced;device_timestamp_utc=2026-07-28T07:11:49.290Z;config_id=257fa022;rssi=-59;uptime_s=579600;heap=195612;cal_tier=channel-cal;cal_src=wet_rederive_1236_20260719;pressure_context_source=weather_openmeteo;transport=wifi_poll,
plants.soil,2026-07-28T07:12:05.997Z,2026-07-28 02:12:05.997,22964,6762df,y9d41p,0.7.3,fleet_logger_0_1,579600041,UMLIFE_v2_TLC555,ch3,origplant,soil_moisture,1435,,,OK,,,982.8,,name=classic;level=well watered;role=disp;spread=14;gpio=35;device_seq=77279;time_source=device_synced;device_timestamp_utc=2026-07-28T07:11:49.290Z;config_id=257fa022;rssi=-59;uptime_s=579600;heap=195612;cal_tier=channel-cal;cal_src=wet_rederive_1236_20260719;pressure_context_source=weather_openmeteo;transport=wifi_poll,
plants.env,2026-07-28T07:12:05.997Z,2026-07-28 02:12:05.997,22965,6762df,y9d41p,0.7.3,fleet_logger_0_1,579601863,ESP32,esp32_die,on_chip,die_temp,,52.78,degC,OK,,,,,name=classic;source=esp32_die;cal=uncalibrated_board_proxy;api=temperatureRead;config_id=257fa022;transport=wifi_poll,
plants.soil,2026-07-28T07:12:36.719Z,2026-07-28 02:12:36.719,22966,6762df,y9d41p,0.7.3,fleet_logger_0_1,579630041,UMLIFE_v2_TLC555,ch0,origplant,soil_moisture,1575,,,OK,,,982.8,,name=classic;level=well watered;role=disp;spread=44;gpio=36;device_seq=77280;time_source=device_synced;device_timestamp_utc=2026-07-28T07:12:19.290Z;config_id=257fa022;rssi=-59;uptime_s=579630;heap=195884;cal_tier=channel-cal;cal_src=wet_rederive_1236_20260719;pressure_context_source=weather_openmeteo;transport=wifi_poll,
plants.soil,2026-07-28T07:12:36.719Z,2026-07-28 02:12:36.719,22967,6762df,y9d41p,0.7.3,fleet_logger_0_1,579630041,UMLIFE_v2_TLC555,ch1,origplant,soil_moisture,1700,,,OK,,,982.8,,name=classic;level=OK;role=disp;spread=49;gpio=39;device_seq=77281;time_source=device_synced;device_timestamp_utc=2026-07-28T07:12:19.290Z;config_id=257fa022;rssi=-59;uptime_s=579630;heap=195884;cal_tier=channel-cal;cal_src=wet_rederive_1236_20260719;pressure_context_source=weather_openmeteo;transport=wifi_poll,
plants.soil,2026-07-28T07:12:36.719Z,2026-07-28 02:12:36.719,22968,6762df,y9d41p,0.7.3,fleet_logger_0_1,579630041,UMLIFE_v2_TLC555,ch2,origplant,soil_moisture,1364,,,OK,,,982.8,,name=classic;level=overwatered;role=disp;spread=38;gpio=34;device_seq=77282;time_source=device_synced;device_timestamp_utc=2026-07-28T07:12:19.290Z;config_id=257fa022;rssi=-59;uptime_s=579630;heap=195884;cal_tier=channel-cal;cal_src=wet_rederive_1236_20260719;pressure_context_source=weather_openmeteo;transport=wifi_poll,
plants.soil,2026-07-28T07:12:36.719Z,2026-07-28 02:12:36.719,22969,6762df,y9d41p,0.7.3,fleet_logger_0_1,579630041,UMLIFE_v2_TLC555,ch3,origplant,soil_moisture,1435,,,OK,,,982.8,,name=classic;level=well watered;role=disp;spread=16;gpio=35;device_seq=77283;time_source=device_synced;device_timestamp_utc=2026-07-28T07:12:19.290Z;config_id=257fa022;rssi=-59;uptime_s=579630;heap=195884;cal_tier=channel-cal;cal_src=wet_rederive_1236_20260719;pressure_context_source=weather_openmeteo;transport=wifi_poll,
plants.env,2026-07-28T07:12:36.719Z,2026-07-28 02:12:36.719,22970,6762df,y9d41p,0.7.3,fleet_logger_0_1,579630797,ESP32,esp32_die,on_chip,die_temp,,51.67,degC,OK,,,,,name=classic;source=esp32_die;cal=uncalibrated_board_proxy;api=temperatureRead;config_id=257fa022;transport=wifi_poll,
plants.soil,2026-07-28T07:13:07.234Z,2026-07-28 02:13:07.234,22971,6762df,y9d41p,0.7.3,fleet_logger_0_1,579660041,UMLIFE_v2_TLC555,ch0,origplant,soil_moisture,1570,,,OK,,,982.8,,name=classic;level=well watered;role=disp;spread=44;gpio=36;device_seq=77284;time_source=device_synced;device_timestamp_utc=2026-07-28T07:12:49.290Z;config_id=257fa022;rssi=-58;uptime_s=579660;heap=195884;cal_tier=channel-cal;cal_src=wet_rederive_1236_20260719;pressure_context_source=weather_openmeteo;transport=wifi_poll,
plants.soil,2026-07-28T07:13:07.234Z,2026-07-28 02:13:07.234,22972,6762df,y9d41p,0.7.3,fleet_logger_0_1,579660041,UMLIFE_v2_TLC555,ch1,origplant,soil_moisture,1696,,,OK,,,982.8,,name=classic;level=OK;role=disp;spread=23;gpio=39;device_seq=77285;time_source=device_synced;device_timestamp_utc=2026-07-28T07:12:49.290Z;config_id=257fa022;rssi=-58;uptime_s=579660;heap=195884;cal_tier=channel-cal;cal_src=wet_rederive_1236_20260719;pressure_context_source=weather_openmeteo;transport=wifi_poll,
plants.soil,2026-07-28T07:13:07.234Z,2026-07-28 02:13:07.234,22973,6762df,y9d41p,0.7.3,fleet_logger_0_1,579660041,UMLIFE_v2_TLC555,ch2,origplant,soil_moisture,1365,,,OK,,,982.8,,name=classic;level=overwatered;role=disp;spread=31;gpio=34;device_seq=77286;time_source=device_synced;device_timestamp_utc=2026-07-28T07:12:49.290Z;config_id=257fa022;rssi=-58;uptime_s=579660;heap=195884;cal_tier=channel-cal;cal_src=wet_rederive_1236_20260719;pressure_context_source=weather_openmeteo;transport=wifi_poll,
plants.soil,2026-07-28T07:13:07.234Z,2026-07-28 02:13:07.234,22974,6762df,y9d41p,0.7.3,fleet_logger_0_1,579660041,UMLIFE_v2_TLC555,ch3,origplant,soil_moisture,1444,,,OK,,,982.8,,name=classic;level=well watered;role=disp;spread=20;gpio=35;device_seq=77287;time_source=device_synced;device_timestamp_utc=2026-07-28T07:12:49.290Z;config_id=257fa022;rssi=-58;uptime_s=579660;heap=195884;cal_tier=channel-cal;cal_src=wet_rederive_1236_20260719;pressure_context_source=weather_openmeteo;transport=wifi_poll,
plants.env,2026-07-28T07:13:07.234Z,2026-07-28 02:13:07.234,22975,6762df,y9d41p,0.7.3,fleet_logger_0_1,579660797,ESP32,esp32_die,on_chip,die_temp,,52.22,degC,OK,,,,,name=classic;source=esp32_die;cal=uncalibrated_board_proxy;api=temperatureRead;config_id=257fa022;transport=wifi_poll,
plants.soil,2026-07-28T07:13:37.544Z,2026-07-28 02:13:37.544,22976,6762df,y9d41p,0.7.3,fleet_logger_0_1,579690041,UMLIFE_v2_TLC555,ch0,origplant,soil_moisture,1582,,,OK,,,982.8,,name=classic;level=well watered;role=disp;spread=36;gpio=36;device_seq=77288;time_source=device_synced;device_timestamp_utc=2026-07-28T07:13:19.290Z;config_id=257fa022;rssi=-60;uptime_s=579690;heap=195880;cal_tier=channel-cal;cal_src=wet_rederive_1236_20260719;pressure_context_source=weather_openmeteo;transport=wifi_poll,
plants.soil,2026-07-28T07:13:37.544Z,2026-07-28 02:13:37.544,22977,6762df,y9d41p,0.7.3,fleet_logger_0_1,579690041,UMLIFE_v2_TLC555,ch1,origplant,soil_moisture,1696,,,OK,,,982.8,,name=classic;level=OK;role=disp;spread=41;gpio=39;device_seq=77289;time_source=device_synced;device_timestamp_utc=2026-07-28T07:13:19.290Z;config_id=257fa022;rssi=-60;uptime_s=579690;heap=195880;cal_tier=channel-cal;cal_src=wet_rederive_1236_20260719;pressure_context_source=weather_openmeteo;transport=wifi_poll,
plants.soil,2026-07-28T07:13:37.544Z,2026-07-28 02:13:37.544,22978,6762df,y9d41p,0.7.3,fleet_logger_0_1,579690041,UMLIFE_v2_TLC555,ch2,origplant,soil_moisture,1365,,,OK,,,982.8,,name=classic;level=overwatered;role=disp;spread=47;gpio=34;device_seq=77290;time_source=device_synced;device_timestamp_utc=2026-07-28T07:13:19.290Z;config_id=257fa022;rssi=-60;uptime_s=579690;heap=195880;cal_tier=channel-cal;cal_src=wet_rederive_1236_20260719;pressure_context_source=weather_openmeteo;transport=wifi_poll,
plants.soil,2026-07-28T07:13:37.544Z,2026-07-28 02:13:37.544,22979,6762df,y9d41p,0.7.3,fleet_logger_0_1,579690041,UMLIFE_v2_TLC555,ch3,origplant,soil_moisture,1449,,,OK,,,982.8,,name=classic;level=well watered;role=disp;spread=21;gpio=35;device_seq=77291;time_source=device_synced;device_timestamp_utc=2026-07-28T07:13:19.290Z;config_id=257fa022;rssi=-60;uptime_s=579690;heap=195880;cal_tier=channel-cal;cal_src=wet_rederive_1236_20260719;pressure_context_source=weather_openmeteo;transport=wifi_poll,
plants.env,2026-07-28T07:13:37.544Z,2026-07-28 02:13:37.544,22980,6762df,y9d41p,0.7.3,fleet_logger_0_1,579690797,ESP32,esp32_die,on_chip,die_temp,,51.67,degC,OK,,,,,name=classic;source=esp32_die;cal=uncalibrated_board_proxy;api=temperatureRead;config_id=257fa022;transport=wifi_poll,
plants.soil,2026-07-28T07:14:07.954Z,2026-07-28 02:14:07.954,22981,6762df,y9d41p,0.7.3,fleet_logger_0_1,579720041,UMLIFE_v2_TLC555,ch0,origplant,soil_moisture,1549,,,OK,,,982.8,,name=classic;level=well watered;role=disp;spread=27;gpio=36;device_seq=77292;time_source=device_synced;device_timestamp_utc=2026-07-28T07:13:49.290Z;config_id=257fa022;rssi=-58;uptime_s=579720;heap=195892;cal_tier=channel-cal;cal_src=wet_rederive_1236_20260719;pressure_context_source=weather_openmeteo;transport=wifi_poll,
plants.soil,2026-07-28T07:14:07.954Z,2026-07-28 02:14:07.954,22982,6762df,y9d41p,0.7.3,fleet_logger_0_1,579720041,UMLIFE_v2_TLC555,ch1,origplant,soil_moisture,1671,,,OK,,,982.8,,name=classic;level=OK;role=disp;spread=23;gpio=39;device_seq=77293;time_source=device_synced;device_timestamp_utc=2026-07-28T07:13:49.290Z;config_id=257fa022;rssi=-58;uptime_s=579720;heap=195892;cal_tier=channel-cal;cal_src=wet_rederive_1236_20260719;pressure_context_source=weather_openmeteo;transport=wifi_poll,
plants.soil,2026-07-28T07:14:07.954Z,2026-07-28 02:14:07.954,22983,6762df,y9d41p,0.7.3,fleet_logger_0_1,579720041,UMLIFE_v2_TLC555,ch2,origplant,soil_moisture,1336,,,OK,,,982.8,,name=classic;level=overwatered;role=disp;spread=51;gpio=34;device_seq=77294;time_source=device_synced;device_timestamp_utc=2026-07-28T07:13:49.290Z;config_id=257fa022;rssi=-58;uptime_s=579720;heap=195892;cal_tier=channel-cal;cal_src=wet_rederive_1236_20260719;pressure_context_source=weather_openmeteo;transport=wifi_poll,
plants.soil,2026-07-28T07:14:07.954Z,2026-07-28 02:14:07.954,22984,6762df,y9d41p,0.7.3,fleet_logger_0_1,579720041,UMLIFE_v2_TLC555,ch3,origplant,soil_moisture,1421,,,OK,,,982.8,,name=classic;level=well watered;role=disp;spread=22;gpio=35;device_seq=77295;time_source=device_synced;device_timestamp_utc=2026-07-28T07:13:49.290Z;config_id=257fa022;rssi=-58;uptime_s=579720;heap=195892;cal_tier=channel-cal;cal_src=wet_rederive_1236_20260719;pressure_context_source=weather_openmeteo;transport=wifi_poll,
plants.env,2026-07-28T07:14:07.954Z,2026-07-28 02:14:07.954,22985,6762df,y9d41p,0.7.3,fleet_logger_0_1,579720797,ESP32,esp32_die,on_chip,die_temp,,51.67,degC,OK,,,,,name=classic;source=esp32_die;cal=uncalibrated_board_proxy;api=temperatureRead;config_id=257fa022;transport=wifi_poll,
plants.soil,2026-07-28T07:14:38.471Z,2026-07-28 02:14:38.471,22986,6762df,y9d41p,0.7.3,fleet_logger_0_1,579750041,UMLIFE_v2_TLC555,ch0,origplant,soil_moisture,1575,,,OK,,,982.8,,name=classic;level=well watered;role=disp;spread=25;gpio=36;device_seq=77296;time_source=device_synced;device_timestamp_utc=2026-07-28T07:14:19.290Z;config_id=257fa022;rssi=-59;uptime_s=579750;heap=195620;cal_tier=channel-cal;cal_src=wet_rederive_1236_20260719;pressure_context_source=weather_openmeteo;transport=wifi_poll,
plants.soil,2026-07-28T07:14:38.471Z,2026-07-28 02:14:38.471,22987,6762df,y9d41p,0.7.3,fleet_logger_0_1,579750041,UMLIFE_v2_TLC555,ch1,origplant,soil_moisture,1696,,,OK,,,982.8,,name=classic;level=OK;role=disp;spread=34;gpio=39;device_seq=77297;time_source=device_synced;device_timestamp_utc=2026-07-28T07:14:19.290Z;config_id=257fa022;rssi=-59;uptime_s=579750;heap=195620;cal_tier=channel-cal;cal_src=wet_rederive_1236_20260719;pressure_context_source=weather_openmeteo;transport=wifi_poll,
plants.soil,2026-07-28T07:14:38.471Z,2026-07-28 02:14:38.471,22988,6762df,y9d41p,0.7.3,fleet_logger_0_1,579750041,UMLIFE_v2_TLC555,ch2,origplant,soil_moisture,1366,,,OK,,,982.8,,name=classic;level=overwatered;role=disp;spread=36;gpio=34;device_seq=77298;time_source=device_synced;device_timestamp_utc=2026-07-28T07:14:19.290Z;config_id=257fa022;rssi=-59;uptime_s=579750;heap=195620;cal_tier=channel-cal;cal_src=wet_rederive_1236_20260719;pressure_context_source=weather_openmeteo;transport=wifi_poll,
plants.soil,2026-07-28T07:14:38.471Z,2026-07-28 02:14:38.471,22989,6762df,y9d41p,0.7.3,fleet_logger_0_1,579750041,UMLIFE_v2_TLC555,ch3,origplant,soil_moisture,1444,,,OK,,,982.8,,name=classic;level=well watered;role=disp;spread=41;gpio=35;device_seq=77299;time_source=device_synced;device_timestamp_utc=2026-07-28T07:14:19.290Z;config_id=257fa022;rssi=-59;uptime_s=579750;heap=195620;cal_tier=channel-cal;cal_src=wet_rederive_1236_20260719;pressure_context_source=weather_openmeteo;transport=wifi_poll,
plants.env,2026-07-28T07:14:38.471Z,2026-07-28 02:14:38.471,22990,6762df,y9d41p,0.7.3,fleet_logger_0_1,579750797,ESP32,esp32_die,on_chip,die_temp,,52.22,degC,OK,,,,,name=classic;source=esp32_die;cal=uncalibrated_board_proxy;api=temperatureRead;config_id=257fa022;transport=wifi_poll,
plants.soil,2026-07-28T07:15:08.781Z,2026-07-28 02:15:08.781,22991,6762df,y9d41p,0.7.3,fleet_logger_0_1,579780041,UMLIFE_v2_TLC555,ch0,origplant,soil_moisture,1575,,,OK,,,982.8,,name=classic;level=well watered;role=disp;spread=29;gpio=36;device_seq=77300;time_source=device_synced;device_timestamp_utc=2026-07-28T07:14:49.290Z;config_id=257fa022;rssi=-60;uptime_s=579780;heap=195592;cal_tier=channel-cal;cal_src=wet_rederive_1236_20260719;pressure_context_source=weather_openmeteo;transport=wifi_poll,
plants.soil,2026-07-28T07:15:08.781Z,2026-07-28 02:15:08.781,22992,6762df,y9d41p,0.7.3,fleet_logger_0_1,579780041,UMLIFE_v2_TLC555,ch1,origplant,soil_moisture,1694,,,OK,,,982.8,,name=classic;level=OK;role=disp;spread=39;gpio=39;device_seq=77301;time_source=device_synced;device_timestamp_utc=2026-07-28T07:14:49.290Z;config_id=257fa022;rssi=-60;uptime_s=579780;heap=195592;cal_tier=channel-cal;cal_src=wet_rederive_1236_20260719;pressure_context_source=weather_openmeteo;transport=wifi_poll,
plants.soil,2026-07-28T07:15:08.781Z,2026-07-28 02:15:08.781,22993,6762df,y9d41p,0.7.3,fleet_logger_0_1,579780041,UMLIFE_v2_TLC555,ch2,origplant,soil_moisture,1368,,,OK,,,982.8,,name=classic;level=overwatered;role=disp;spread=26;gpio=34;device_seq=77302;time_source=device_synced;device_timestamp_utc=2026-07-28T07:14:49.290Z;config_id=257fa022;rssi=-60;uptime_s=579780;heap=195592;cal_tier=channel-cal;cal_src=wet_rederive_1236_20260719;pressure_context_source=weather_openmeteo;transport=wifi_poll,
plants.soil,2026-07-28T07:15:08.781Z,2026-07-28 02:15:08.781,22994,6762df,y9d41p,0.7.3,fleet_logger_0_1,579780041,UMLIFE_v2_TLC555,ch3,origplant,soil_moisture,1452,,,OK,,,982.8,,name=classic;level=well watered;role=disp;spread=22;gpio=35;device_seq=77303;time_source=device_synced;device_timestamp_utc=2026-07-28T07:14:49.290Z;config_id=257fa022;rssi=-60;uptime_s=579780;heap=195592;cal_tier=channel-cal;cal_src=wet_rederive_1236_20260719;pressure_context_source=weather_openmeteo;transport=wifi_poll,
plants.env,2026-07-28T07:15:08.781Z,2026-07-28 02:15:08.781,22995,6762df,y9d41p,0.7.3,fleet_logger_0_1,579780796,ESP32,esp32_die,on_chip,die_temp,,52.78,degC,OK,,,,,name=classic;source=esp32_die;cal=uncalibrated_board_proxy;api=temperatureRead;config_id=257fa022;transport=wifi_poll,
plants.soil,2026-07-28T07:15:39.193Z,2026-07-28 02:15:39.193,22996,6762df,y9d41p,0.7.3,fleet_logger_0_1,579810041,UMLIFE_v2_TLC555,ch0,origplant,soil_moisture,1575,,,OK,,,982.8,,name=classic;level=well watered;role=disp;spread=22;gpio=36;device_seq=77304;time_source=device_synced;device_timestamp_utc=2026-07-28T07:15:19.290Z;config_id=257fa022;rssi=-60;uptime_s=579810;heap=195884;cal_tier=channel-cal;cal_src=wet_rederive_1236_20260719;pressure_context_source=weather_openmeteo;transport=wifi_poll,
plants.soil,2026-07-28T07:15:39.193Z,2026-07-28 02:15:39.193,22997,6762df,y9d41p,0.7.3,fleet_logger_0_1,579810041,UMLIFE_v2_TLC555,ch1,origplant,soil_moisture,1695,,,OK,,,982.8,,name=classic;level=OK;role=disp;spread=22;gpio=39;device_seq=77305;time_source=device_synced;device_timestamp_utc=2026-07-28T07:15:19.290Z;config_id=257fa022;rssi=-60;uptime_s=579810;heap=195884;cal_tier=channel-cal;cal_src=wet_rederive_1236_20260719;pressure_context_source=weather_openmeteo;transport=wifi_poll,
plants.soil,2026-07-28T07:15:39.193Z,2026-07-28 02:15:39.193,22998,6762df,y9d41p,0.7.3,fleet_logger_0_1,579810041,UMLIFE_v2_TLC555,ch2,origplant,soil_moisture,1369,,,OK,,,982.8,,name=classic;level=overwatered;role=disp;spread=35;gpio=34;device_seq=77306;time_source=device_synced;device_timestamp_utc=2026-07-28T07:15:19.290Z;config_id=257fa022;rssi=-60;uptime_s=579810;heap=195884;cal_tier=channel-cal;cal_src=wet_rederive_1236_20260719;pressure_context_source=weather_openmeteo;transport=wifi_poll,
plants.soil,2026-07-28T07:15:39.193Z,2026-07-28 02:15:39.193,22999,6762df,y9d41p,0.7.3,fleet_logger_0_1,579810041,UMLIFE_v2_TLC555,ch3,origplant,soil_moisture,1444,,,OK,,,982.8,,name=classic;level=well watered;role=disp;spread=33;gpio=35;device_seq=77307;time_source=device_synced;device_timestamp_utc=2026-07-28T07:15:19.290Z;config_id=257fa022;rssi=-60;uptime_s=579810;heap=195884;cal_tier=channel-cal;cal_src=wet_rederive_1236_20260719;pressure_context_source=weather_openmeteo;transport=wifi_poll,
plants.env,2026-07-28T07:15:39.193Z,2026-07-28 02:15:39.193,23000,6762df,y9d41p,0.7.3,fleet_logger_0_1,579810797,ESP32,esp32_die,on_chip,die_temp,,52.78,degC,OK,,,,,name=classic;source=esp32_die;cal=uncalibrated_board_proxy;api=temperatureRead;config_id=257fa022;transport=wifi_poll,
plants.soil,2026-07-28T07:16:09.611Z,2026-07-28 02:16:09.611,23001,6762df,y9d41p,0.7.3,fleet_logger_0_1,579840041,UMLIFE_v2_TLC555,ch0,origplant,soil_moisture,1577,,,OK,,,982.8,,name=classic;level=well watered;role=disp;spread=26;gpio=36;device_seq=77308;time_source=device_synced;device_timestamp_utc=2026-07-28T07:15:49.290Z;config_id=257fa022;rssi=-59;uptime_s=579840;heap=195872;cal_tier=channel-cal;cal_src=wet_rederive_1236_20260719;pressure_context_source=weather_openmeteo;transport=wifi_poll,
plants.soil,2026-07-28T07:16:09.611Z,2026-07-28 02:16:09.611,23002,6762df,y9d41p,0.7.3,fleet_logger_0_1,579840041,UMLIFE_v2_TLC555,ch1,origplant,soil_moisture,1694,,,OK,,,982.8,,name=classic;level=OK;role=disp;spread=16;gpio=39;device_seq=77309;time_source=device_synced;device_timestamp_utc=2026-07-28T07:15:49.290Z;config_id=257fa022;rssi=-59;uptime_s=579840;heap=195872;cal_tier=channel-cal;cal_src=wet_rederive_1236_20260719;pressure_context_source=weather_openmeteo;transport=wifi_poll,
plants.soil,2026-07-28T07:16:09.611Z,2026-07-28 02:16:09.611,23003,6762df,y9d41p,0.7.3,fleet_logger_0_1,579840041,UMLIFE_v2_TLC555,ch2,origplant,soil_moisture,1370,,,OK,,,982.8,,name=classic;level=overwatered;role=disp;spread=27;gpio=34;device_seq=77310;time_source=device_synced;device_timestamp_utc=2026-07-28T07:15:49.290Z;config_id=257fa022;rssi=-59;uptime_s=579840;heap=195872;cal_tier=channel-cal;cal_src=wet_rederive_1236_20260719;pressure_context_source=weather_openmeteo;transport=wifi_poll,
plants.soil,2026-07-28T07:16:09.611Z,2026-07-28 02:16:09.611,23004,6762df,y9d41p,0.7.3,fleet_logger_0_1,579840041,UMLIFE_v2_TLC555,ch3,origplant,soil_moisture,1449,,,OK,,,982.8,,name=classic;level=well watered;role=disp;spread=20;gpio=35;device_seq=77311;time_source=device_synced;device_timestamp_utc=2026-07-28T07:15:49.290Z;config_id=257fa022;rssi=-59;uptime_s=579840;heap=195872;cal_tier=channel-cal;cal_src=wet_rederive_1236_20260719;pressure_context_source=weather_openmeteo;transport=wifi_poll,
plants.env,2026-07-28T07:16:09.611Z,2026-07-28 02:16:09.611,23005,6762df,y9d41p,0.7.3,fleet_logger_0_1,579840797,ESP32,esp32_die,on_chip,die_temp,,52.22,degC,OK,,,,,name=classic;source=esp32_die;cal=uncalibrated_board_proxy;api=temperatureRead;config_id=257fa022;transport=wifi_poll,
plants.soil,2026-07-28T07:16:40.019Z,2026-07-28 02:16:40.019,23006,6762df,y9d41p,0.7.3,fleet_logger_0_1,579870041,UMLIFE_v2_TLC555,ch0,origplant,soil_moisture,1580,,,OK,,,982.8,,name=classic;level=well watered;role=disp;spread=14;gpio=36;device_seq=77312;time_source=device_synced;device_timestamp_utc=2026-07-28T07:16:19.290Z;config_id=257fa022;rssi=-69;uptime_s=579870;heap=195880;cal_tier=channel-cal;cal_src=wet_rederive_1236_20260719;pressure_context_source=weather_openmeteo;transport=wifi_poll,
plants.soil,2026-07-28T07:16:40.019Z,2026-07-28 02:16:40.019,23007,6762df,y9d41p,0.7.3,fleet_logger_0_1,579870041,UMLIFE_v2_TLC555,ch1,origplant,soil_moisture,1697,,,OK,,,982.8,,name=classic;level=OK;role=disp;spread=25;gpio=39;device_seq=77313;time_source=device_synced;device_timestamp_utc=2026-07-28T07:16:19.290Z;config_id=257fa022;rssi=-69;uptime_s=579870;heap=195880;cal_tier=channel-cal;cal_src=wet_rederive_1236_20260719;pressure_context_source=weather_openmeteo;transport=wifi_poll,
plants.soil,2026-07-28T07:16:40.019Z,2026-07-28 02:16:40.019,23008,6762df,y9d41p,0.7.3,fleet_logger_0_1,579870041,UMLIFE_v2_TLC555,ch2,origplant,soil_moisture,1364,,,OK,,,982.8,,name=classic;level=overwatered;role=disp;spread=33;gpio=34;device_seq=77314;time_source=device_synced;device_timestamp_utc=2026-07-28T07:16:19.290Z;config_id=257fa022;rssi=-69;uptime_s=579870;heap=195880;cal_tier=channel-cal;cal_src=wet_rederive_1236_20260719;pressure_context_source=weather_openmeteo;transport=wifi_poll,
plants.soil,2026-07-28T07:16:40.019Z,2026-07-28 02:16:40.019,23009,6762df,y9d41p,0.7.3,fleet_logger_0_1,579870041,UMLIFE_v2_TLC555,ch3,origplant,soil_moisture,1445,,,OK,,,982.8,,name=classic;level=well watered;role=disp;spread=20;gpio=35;device_seq=77315;time_source=device_synced;device_timestamp_utc=2026-07-28T07:16:19.290Z;config_id=257fa022;rssi=-69;uptime_s=579870;heap=195880;cal_tier=channel-cal;cal_src=wet_rederive_1236_20260719;pressure_context_source=weather_openmeteo;transport=wifi_poll,
plants.env,2026-07-28T07:16:40.019Z,2026-07-28 02:16:40.019,23010,6762df,y9d41p,0.7.3,fleet_logger_0_1,579870797,ESP32,esp32_die,on_chip,die_temp,,52.78,degC,OK,,,,,name=classic;source=esp32_die;cal=uncalibrated_board_proxy;api=temperatureRead;config_id=257fa022;transport=wifi_poll,
plants.soil,2026-07-28T07:17:10.330Z,2026-07-28 02:17:10.330,23011,6762df,y9d41p,0.7.3,fleet_logger_0_1,579900041,UMLIFE_v2_TLC555,ch0,origplant,soil_moisture,1577,,,OK,,,982.8,,name=classic;level=well watered;role=disp;spread=49;gpio=36;device_seq=77316;time_source=device_synced;device_timestamp_utc=2026-07-28T07:16:49.290Z;config_id=257fa022;rssi=-59;uptime_s=579900;heap=195880;cal_tier=channel-cal;cal_src=wet_rederive_1236_20260719;pressure_context_source=weather_openmeteo;transport=wifi_poll,
plants.soil,2026-07-28T07:17:10.330Z,2026-07-28 02:17:10.330,23012,6762df,y9d41p,0.7.3,fleet_logger_0_1,579900041,UMLIFE_v2_TLC555,ch1,origplant,soil_moisture,1690,,,OK,,,982.8,,name=classic;level=OK;role=disp;spread=25;gpio=39;device_seq=77317;time_source=device_synced;device_timestamp_utc=2026-07-28T07:16:49.290Z;config_id=257fa022;rssi=-59;uptime_s=579900;heap=195880;cal_tier=channel-cal;cal_src=wet_rederive_1236_20260719;pressure_context_source=weather_openmeteo;transport=wifi_poll,
plants.soil,2026-07-28T07:17:10.330Z,2026-07-28 02:17:10.330,23013,6762df,y9d41p,0.7.3,fleet_logger_0_1,579900041,UMLIFE_v2_TLC555,ch2,origplant,soil_moisture,1364,,,OK,,,982.8,,name=classic;level=overwatered;role=disp;spread=32;gpio=34;device_seq=77318;time_source=device_synced;device_timestamp_utc=2026-07-28T07:16:49.290Z;config_id=257fa022;rssi=-59;uptime_s=579900;heap=195880;cal_tier=channel-cal;cal_src=wet_rederive_1236_20260719;pressure_context_source=weather_openmeteo;transport=wifi_poll,
plants.soil,2026-07-28T07:17:10.330Z,2026-07-28 02:17:10.330,23014,6762df,y9d41p,0.7.3,fleet_logger_0_1,579900041,UMLIFE_v2_TLC555,ch3,origplant,soil_moisture,1451,,,OK,,,982.8,,name=classic;level=well watered;role=disp;spread=34;gpio=35;device_seq=77319;time_source=device_synced;device_timestamp_utc=2026-07-28T07:16:49.290Z;config_id=257fa022;rssi=-59;uptime_s=579900;heap=195880;cal_tier=channel-cal;cal_src=wet_rederive_1236_20260719;pressure_context_source=weather_openmeteo;transport=wifi_poll,
plants.env,2026-07-28T07:17:10.330Z,2026-07-28 02:17:10.330,23015,6762df,y9d41p,0.7.3,fleet_logger_0_1,579900797,ESP32,esp32_die,on_chip,die_temp,,52.22,degC,OK,,,,,name=classic;source=esp32_die;cal=uncalibrated_board_proxy;api=temperatureRead;config_id=257fa022;transport=wifi_poll,
plants.soil,2026-07-28T07:17:40.844Z,2026-07-28 02:17:40.844,23016,6762df,y9d41p,0.7.3,fleet_logger_0_1,579930041,UMLIFE_v2_TLC555,ch0,origplant,soil_moisture,1575,,,OK,,,982.8,,name=classic;level=well watered;role=disp;spread=26;gpio=36;device_seq=77320;time_source=device_synced;device_timestamp_utc=2026-07-28T07:17:19.290Z;config_id=257fa022;rssi=-57;uptime_s=579930;heap=195620;cal_tier=channel-cal;cal_src=wet_rederive_1236_20260719;pressure_context_source=weather_openmeteo;transport=wifi_poll,
plants.soil,2026-07-28T07:17:40.844Z,2026-07-28 02:17:40.844,23017,6762df,y9d41p,0.7.3,fleet_logger_0_1,579930041,UMLIFE_v2_TLC555,ch1,origplant,soil_moisture,1696,,,OK,,,982.8,,name=classic;level=OK;role=disp;spread=35;gpio=39;device_seq=77321;time_source=device_synced;device_timestamp_utc=2026-07-28T07:17:19.290Z;config_id=257fa022;rssi=-57;uptime_s=579930;heap=195620;cal_tier=channel-cal;cal_src=wet_rederive_1236_20260719;pressure_context_source=weather_openmeteo;transport=wifi_poll,
plants.soil,2026-07-28T07:17:40.844Z,2026-07-28 02:17:40.844,23018,6762df,y9d41p,0.7.3,fleet_logger_0_1,579930041,UMLIFE_v2_TLC555,ch2,origplant,soil_moisture,1363,,,OK,,,982.8,,name=classic;level=overwatered;role=disp;spread=30;gpio=34;device_seq=77322;time_source=device_synced;device_timestamp_utc=2026-07-28T07:17:19.290Z;config_id=257fa022;rssi=-57;uptime_s=579930;heap=195620;cal_tier=channel-cal;cal_src=wet_rederive_1236_20260719;pressure_context_source=weather_openmeteo;transport=wifi_poll,
plants.soil,2026-07-28T07:17:40.844Z,2026-07-28 02:17:40.844,23019,6762df,y9d41p,0.7.3,fleet_logger_0_1,579930041,UMLIFE_v2_TLC555,ch3,origplant,soil_moisture,1445,,,OK,,,982.8,,name=classic;level=well watered;role=disp;spread=9;gpio=35;device_seq=77323;time_source=device_synced;device_timestamp_utc=2026-07-28T07:17:19.290Z;config_id=257fa022;rssi=-57;uptime_s=579930;heap=195620;cal_tier=channel-cal;cal_src=wet_rederive_1236_20260719;pressure_context_source=weather_openmeteo;transport=wifi_poll,
plants.env,2026-07-28T07:17:40.844Z,2026-07-28 02:17:40.844,23020,6762df,y9d41p,0.7.3,fleet_logger_0_1,579930797,ESP32,esp32_die,on_chip,die_temp,,52.22,degC,OK,,,,,name=classic;source=esp32_die;cal=uncalibrated_board_proxy;api=temperatureRead;config_id=257fa022;transport=wifi_poll,
plants.soil,2026-07-28T07:18:11.285Z,2026-07-28 02:18:11.285,23021,6762df,y9d41p,0.7.3,fleet_logger_0_1,579960041,UMLIFE_v2_TLC555,ch0,origplant,soil_moisture,1580,,,OK,,,982.8,,name=classic;level=well watered;role=disp;spread=23;gpio=36;device_seq=77324;time_source=device_synced;device_timestamp_utc=2026-07-28T07:17:49.290Z;config_id=257fa022;rssi=-58;uptime_s=579960;heap=195620;cal_tier=channel-cal;cal_src=wet_rederive_1236_20260719;pressure_context_source=weather_openmeteo;transport=wifi_poll,
plants.soil,2026-07-28T07:18:11.285Z,2026-07-28 02:18:11.285,23022,6762df,y9d41p,0.7.3,fleet_logger_0_1,579960041,UMLIFE_v2_TLC555,ch1,origplant,soil_moisture,1697,,,OK,,,982.8,,name=classic;level=OK;role=disp;spread=48;gpio=39;device_seq=77325;time_source=device_synced;device_timestamp_utc=2026-07-28T07:17:49.290Z;config_id=257fa022;rssi=-58;uptime_s=579960;heap=195620;cal_tier=channel-cal;cal_src=wet_rederive_1236_20260719;pressure_context_source=weather_openmeteo;transport=wifi_poll,
plants.soil,2026-07-28T07:18:11.285Z,2026-07-28 02:18:11.285,23023,6762df,y9d41p,0.7.3,fleet_logger_0_1,579960041,UMLIFE_v2_TLC555,ch2,origplant,soil_moisture,1367,,,OK,,,982.8,,name=classic;level=overwatered;role=disp;spread=65;gpio=34;device_seq=77326;time_source=device_synced;device_timestamp_utc=2026-07-28T07:17:49.290Z;config_id=257fa022;rssi=-58;uptime_s=579960;heap=195620;cal_tier=channel-cal;cal_src=wet_rederive_1236_20260719;pressure_context_source=weather_openmeteo;transport=wifi_poll,
plants.soil,2026-07-28T07:18:11.285Z,2026-07-28 02:18:11.285,23024,6762df,y9d41p,0.7.3,fleet_logger_0_1,579960041,UMLIFE_v2_TLC555,ch3,origplant,soil_moisture,1445,,,OK,,,982.8,,name=classic;level=well watered;role=disp;spread=18;gpio=35;device_seq=77327;time_source=device_synced;device_timestamp_utc=2026-07-28T07:17:49.290Z;config_id=257fa022;rssi=-58;uptime_s=579960;heap=195620;cal_tier=channel-cal;cal_src=wet_rederive_1236_20260719;pressure_context_source=weather_openmeteo;transport=wifi_poll,
plants.env,2026-07-28T07:18:11.285Z,2026-07-28 02:18:11.285,23025,6762df,y9d41p,0.7.3,fleet_logger_0_1,579960797,ESP32,esp32_die,on_chip,die_temp,,52.22,degC,OK,,,,,name=classic;source=esp32_die;cal=uncalibrated_board_proxy;api=temperatureRead;config_id=257fa022;transport=wifi_poll,
plants.soil,2026-07-28T07:18:41.545Z,2026-07-28 02:18:41.545,23026,6762df,y9d41p,0.7.3,fleet_logger_0_1,579990041,UMLIFE_v2_TLC555,ch0,origplant,soil_moisture,1573,,,OK,,,982.8,,name=classic;level=well watered;role=disp;spread=25;gpio=36;device_seq=77328;time_source=device_synced;device_timestamp_utc=2026-07-28T07:18:19.290Z;config_id=257fa022;rssi=-57;uptime_s=579990;heap=195880;cal_tier=channel-cal;cal_src=wet_rederive_1236_20260719;pressure_context_source=weather_openmeteo;transport=wifi_poll,
plants.soil,2026-07-28T07:18:41.545Z,2026-07-28 02:18:41.545,23027,6762df,y9d41p,0.7.3,fleet_logger_0_1,579990041,UMLIFE_v2_TLC555,ch1,origplant,soil_moisture,1697,,,OK,,,982.8,,name=classic;level=OK;role=disp;spread=30;gpio=39;device_seq=77329;time_source=device_synced;device_timestamp_utc=2026-07-28T07:18:19.290Z;config_id=257fa022;rssi=-57;uptime_s=579990;heap=195880;cal_tier=channel-cal;cal_src=wet_rederive_1236_20260719;pressure_context_source=weather_openmeteo;transport=wifi_poll,
plants.soil,2026-07-28T07:18:41.545Z,2026-07-28 02:18:41.545,23028,6762df,y9d41p,0.7.3,fleet_logger_0_1,579990041,UMLIFE_v2_TLC555,ch2,origplant,soil_moisture,1367,,,OK,,,982.8,,name=classic;level=overwatered;role=disp;spread=25;gpio=34;device_seq=77330;time_source=device_synced;device_timestamp_utc=2026-07-28T07:18:19.290Z;config_id=257fa022;rssi=-57;uptime_s=579990;heap=195880;cal_tier=channel-cal;cal_src=wet_rederive_1236_20260719;pressure_context_source=weather_openmeteo;transport=wifi_poll,
plants.soil,2026-07-28T07:18:41.545Z,2026-07-28 02:18:41.545,23029,6762df,y9d41p,0.7.3,fleet_logger_0_1,579990041,UMLIFE_v2_TLC555,ch3,origplant,soil_moisture,1447,,,OK,,,982.8,,name=classic;level=well watered;role=disp;spread=13;gpio=35;device_seq=77331;time_source=device_synced;device_timestamp_utc=2026-07-28T07:18:19.290Z;config_id=257fa022;rssi=-57;uptime_s=579990;heap=195880;cal_tier=channel-cal;cal_src=wet_rederive_1236_20260719;pressure_context_source=weather_openmeteo;transport=wifi_poll,
plants.env,2026-07-28T07:18:41.545Z,2026-07-28 02:18:41.545,23030,6762df,y9d41p,0.7.3,fleet_logger_0_1,579990797,ESP32,esp32_die,on_chip,die_temp,,52.78,degC,OK,,,,,name=classic;source=esp32_die;cal=uncalibrated_board_proxy;api=temperatureRead;config_id=257fa022;transport=wifi_poll,
plants.soil,2026-07-28T07:19:11.983Z,2026-07-28 02:19:11.983,23031,6762df,y9d41p,0.7.3,fleet_logger_0_1,580020041,UMLIFE_v2_TLC555,ch0,origplant,soil_moisture,1579,,,OK,,,982.8,,name=classic;level=well watered;role=disp;spread=14;gpio=36;device_seq=77332;time_source=device_synced;device_timestamp_utc=2026-07-28T07:18:49.290Z;config_id=257fa022;rssi=-58;uptime_s=580020;heap=195880;cal_tier=channel-cal;cal_src=wet_rederive_1236_20260719;pressure_context_source=weather_openmeteo;transport=wifi_poll,
plants.soil,2026-07-28T07:19:11.983Z,2026-07-28 02:19:11.983,23032,6762df,y9d41p,0.7.3,fleet_logger_0_1,580020041,UMLIFE_v2_TLC555,ch1,origplant,soil_moisture,1694,,,OK,,,982.8,,name=classic;level=OK;role=disp;spread=19;gpio=39;device_seq=77333;time_source=device_synced;device_timestamp_utc=2026-07-28T07:18:49.290Z;config_id=257fa022;rssi=-58;uptime_s=580020;heap=195880;cal_tier=channel-cal;cal_src=wet_rederive_1236_20260719;pressure_context_source=weather_openmeteo;transport=wifi_poll,
plants.soil,2026-07-28T07:19:11.983Z,2026-07-28 02:19:11.983,23033,6762df,y9d41p,0.7.3,fleet_logger_0_1,580020041,UMLIFE_v2_TLC555,ch2,origplant,soil_moisture,1359,,,OK,,,982.8,,name=classic;level=overwatered;role=disp;spread=37;gpio=34;device_seq=77334;time_source=device_synced;device_timestamp_utc=2026-07-28T07:18:49.290Z;config_id=257fa022;rssi=-58;uptime_s=580020;heap=195880;cal_tier=channel-cal;cal_src=wet_rederive_1236_20260719;pressure_context_source=weather_openmeteo;transport=wifi_poll,
plants.soil,2026-07-28T07:19:11.983Z,2026-07-28 02:19:11.983,23034,6762df,y9d41p,0.7.3,fleet_logger_0_1,580020041,UMLIFE_v2_TLC555,ch3,origplant,soil_moisture,1455,,,OK,,,982.8,,name=classic;level=well watered;role=disp;spread=29;gpio=35;device_seq=77335;time_source=device_synced;device_timestamp_utc=2026-07-28T07:18:49.290Z;config_id=257fa022;rssi=-58;uptime_s=580020;heap=195880;cal_tier=channel-cal;cal_src=wet_rederive_1236_20260719;pressure_context_source=weather_openmeteo;transport=wifi_poll,
plants.env,2026-07-28T07:19:11.983Z,2026-07-28 02:19:11.983,23035,6762df,y9d41p,0.7.3,fleet_logger_0_1,580020797,ESP32,esp32_die,on_chip,die_temp,,52.22,degC,OK,,,,,name=classic;source=esp32_die;cal=uncalibrated_board_proxy;api=temperatureRead;config_id=257fa022;transport=wifi_poll,
plants.soil,2026-07-28T07:19:42.394Z,2026-07-28 02:19:42.394,23036,6762df,y9d41p,0.7.3,fleet_logger_0_1,580050041,UMLIFE_v2_TLC555,ch0,origplant,soil_moisture,1578,,,OK,,,982.8,,name=classic;level=well watered;role=disp;spread=17;gpio=36;device_seq=77336;time_source=device_synced;device_timestamp_utc=2026-07-28T07:19:19.290Z;config_id=257fa022;rssi=-56;uptime_s=580050;heap=195880;cal_tier=channel-cal;cal_src=wet_rederive_1236_20260719;pressure_context_source=weather_openmeteo;transport=wifi_poll,
plants.soil,2026-07-28T07:19:42.394Z,2026-07-28 02:19:42.394,23037,6762df,y9d41p,0.7.3,fleet_logger_0_1,580050041,UMLIFE_v2_TLC555,ch1,origplant,soil_moisture,1695,,,OK,,,982.8,,name=classic;level=OK;role=disp;spread=46;gpio=39;device_seq=77337;time_source=device_synced;device_timestamp_utc=2026-07-28T07:19:19.290Z;config_id=257fa022;rssi=-56;uptime_s=580050;heap=195880;cal_tier=channel-cal;cal_src=wet_rederive_1236_20260719;pressure_context_source=weather_openmeteo;transport=wifi_poll,
plants.soil,2026-07-28T07:19:42.394Z,2026-07-28 02:19:42.394,23038,6762df,y9d41p,0.7.3,fleet_logger_0_1,580050041,UMLIFE_v2_TLC555,ch2,origplant,soil_moisture,1361,,,OK,,,982.8,,name=classic;level=overwatered;role=disp;spread=23;gpio=34;device_seq=77338;time_source=device_synced;device_timestamp_utc=2026-07-28T07:19:19.290Z;config_id=257fa022;rssi=-56;uptime_s=580050;heap=195880;cal_tier=channel-cal;cal_src=wet_rederive_1236_20260719;pressure_context_source=weather_openmeteo;transport=wifi_poll,
plants.soil,2026-07-28T07:19:42.394Z,2026-07-28 02:19:42.394,23039,6762df,y9d41p,0.7.3,fleet_logger_0_1,580050041,UMLIFE_v2_TLC555,ch3,origplant,soil_moisture,1446,,,OK,,,982.8,,name=classic;level=well watered;role=disp;spread=34;gpio=35;device_seq=77339;time_source=device_synced;device_timestamp_utc=2026-07-28T07:19:19.290Z;config_id=257fa022;rssi=-56;uptime_s=580050;heap=195880;cal_tier=channel-cal;cal_src=wet_rederive_1236_20260719;pressure_context_source=weather_openmeteo;transport=wifi_poll,
plants.env,2026-07-28T07:19:42.394Z,2026-07-28 02:19:42.394,23040,6762df,y9d41p,0.7.3,fleet_logger_0_1,580050797,ESP32,esp32_die,on_chip,die_temp,,52.78,degC,OK,,,,,name=classic;source=esp32_die;cal=uncalibrated_board_proxy;api=temperatureRead;config_id=257fa022;transport=wifi_poll,
plants.soil,2026-07-28T07:20:12.677Z,2026-07-28 02:20:12.677,23041,6762df,y9d41p,0.7.3,fleet_logger_0_1,580080041,UMLIFE_v2_TLC555,ch0,origplant,soil_moisture,1577,,,OK,,,982.8,,name=classic;level=well watered;role=disp;spread=9;gpio=36;device_seq=77340;time_source=device_synced;device_timestamp_utc=2026-07-28T07:19:49.290Z;config_id=257fa022;rssi=-58;uptime_s=580080;heap=195880;cal_tier=channel-cal;cal_src=wet_rederive_1236_20260719;pressure_context_source=weather_openmeteo;transport=wifi_poll,
plants.soil,2026-07-28T07:20:12.677Z,2026-07-28 02:20:12.677,23042,6762df,y9d41p,0.7.3,fleet_logger_0_1,580080041,UMLIFE_v2_TLC555,ch1,origplant,soil_moisture,1694,,,OK,,,982.8,,name=classic;level=OK;role=disp;spread=28;gpio=39;device_seq=77341;time_source=device_synced;device_timestamp_utc=2026-07-28T07:19:49.290Z;config_id=257fa022;rssi=-58;uptime_s=580080;heap=195880;cal_tier=channel-cal;cal_src=wet_rederive_1236_20260719;pressure_context_source=weather_openmeteo;transport=wifi_poll,
plants.soil,2026-07-28T07:20:12.677Z,2026-07-28 02:20:12.677,23043,6762df,y9d41p,0.7.3,fleet_logger_0_1,580080041,UMLIFE_v2_TLC555,ch2,origplant,soil_moisture,1367,,,OK,,,982.8,,name=classic;level=overwatered;role=disp;spread=53;gpio=34;device_seq=77342;time_source=device_synced;device_timestamp_utc=2026-07-28T07:19:49.290Z;config_id=257fa022;rssi=-58;uptime_s=580080;heap=195880;cal_tier=channel-cal;cal_src=wet_rederive_1236_20260719;pressure_context_source=weather_openmeteo;transport=wifi_poll,
plants.soil,2026-07-28T07:20:12.677Z,2026-07-28 02:20:12.677,23044,6762df,y9d41p,0.7.3,fleet_logger_0_1,580080041,UMLIFE_v2_TLC555,ch3,origplant,soil_moisture,1449,,,OK,,,982.8,,name=classic;level=well watered;role=disp;spread=16;gpio=35;device_seq=77343;time_source=device_synced;device_timestamp_utc=2026-07-28T07:19:49.290Z;config_id=257fa022;rssi=-58;uptime_s=580080;heap=195880;cal_tier=channel-cal;cal_src=wet_rederive_1236_20260719;pressure_context_source=weather_openmeteo;transport=wifi_poll,
plants.env,2026-07-28T07:20:12.677Z,2026-07-28 02:20:12.677,23045,6762df,y9d41p,0.7.3,fleet_logger_0_1,580080797,ESP32,esp32_die,on_chip,die_temp,,51.67,degC,OK,,,,,name=classic;source=esp32_die;cal=uncalibrated_board_proxy;api=temperatureRead;config_id=257fa022;transport=wifi_poll,
plants.soil,2026-07-28T07:20:42.913Z,2026-07-28 02:20:42.913,23046,6762df,y9d41p,0.7.3,fleet_logger_0_1,580110041,UMLIFE_v2_TLC555,ch0,origplant,soil_moisture,1576,,,OK,,,982.8,,name=classic;level=well watered;role=disp;spread=23;gpio=36;device_seq=77344;time_source=device_synced;device_timestamp_utc=2026-07-28T07:20:19.290Z;config_id=257fa022;rssi=-57;uptime_s=580110;heap=195636;cal_tier=channel-cal;cal_src=wet_rederive_1236_20260719;pressure_context_source=weather_openmeteo;transport=wifi_poll,
plants.soil,2026-07-28T07:20:42.913Z,2026-07-28 02:20:42.913,23047,6762df,y9d41p,0.7.3,fleet_logger_0_1,580110041,UMLIFE_v2_TLC555,ch1,origplant,soil_moisture,1696,,,OK,,,982.8,,name=classic;level=OK;role=disp;spread=34;gpio=39;device_seq=77345;time_source=device_synced;device_timestamp_utc=2026-07-28T07:20:19.290Z;config_id=257fa022;rssi=-57;uptime_s=580110;heap=195636;cal_tier=channel-cal;cal_src=wet_rederive_1236_20260719;pressure_context_source=weather_openmeteo;transport=wifi_poll,
plants.soil,2026-07-28T07:20:42.913Z,2026-07-28 02:20:42.913,23048,6762df,y9d41p,0.7.3,fleet_logger_0_1,580110041,UMLIFE_v2_TLC555,ch2,origplant,soil_moisture,1371,,,OK,,,982.8,,name=classic;level=overwatered;role=disp;spread=45;gpio=34;device_seq=77346;time_source=device_synced;device_timestamp_utc=2026-07-28T07:20:19.290Z;config_id=257fa022;rssi=-57;uptime_s=580110;heap=195636;cal_tier=channel-cal;cal_src=wet_rederive_1236_20260719;pressure_context_source=weather_openmeteo;transport=wifi_poll,
plants.soil,2026-07-28T07:20:42.913Z,2026-07-28 02:20:42.913,23049,6762df,y9d41p,0.7.3,fleet_logger_0_1,580110041,UMLIFE_v2_TLC555,ch3,origplant,soil_moisture,1450,,,OK,,,982.8,,name=classic;level=well watered;role=disp;spread=15;gpio=35;device_seq=77347;time_source=device_synced;device_timestamp_utc=2026-07-28T07:20:19.290Z;config_id=257fa022;rssi=-57;uptime_s=580110;heap=195636;cal_tier=channel-cal;cal_src=wet_rederive_1236_20260719;pressure_context_source=weather_openmeteo;transport=wifi_poll,
plants.env,2026-07-28T07:20:42.913Z,2026-07-28 02:20:42.913,23050,6762df,y9d41p,0.7.3,fleet_logger_0_1,580110797,ESP32,esp32_die,on_chip,die_temp,,52.22,degC,OK,,,,,name=classic;source=esp32_die;cal=uncalibrated_board_proxy;api=temperatureRead;config_id=257fa022;transport=wifi_poll,
plants.soil,2026-07-28T07:21:13.223Z,2026-07-28 02:21:13.223,23051,6762df,y9d41p,0.7.3,fleet_logger_0_1,580140041,UMLIFE_v2_TLC555,ch0,origplant,soil_moisture,1578,,,OK,,,982.8,,name=classic;level=well watered;role=disp;spread=19;gpio=36;device_seq=77348;time_source=device_synced;device_timestamp_utc=2026-07-28T07:20:49.290Z;config_id=257fa022;rssi=-58;uptime_s=580140;heap=195636;cal_tier=channel-cal;cal_src=wet_rederive_1236_20260719;pressure_context_source=weather_openmeteo;transport=wifi_poll,
plants.soil,2026-07-28T07:21:13.223Z,2026-07-28 02:21:13.223,23052,6762df,y9d41p,0.7.3,fleet_logger_0_1,580140041,UMLIFE_v2_TLC555,ch1,origplant,soil_moisture,1696,,,OK,,,982.8,,name=classic;level=OK;role=disp;spread=58;gpio=39;device_seq=77349;time_source=device_synced;device_timestamp_utc=2026-07-28T07:20:49.290Z;config_id=257fa022;rssi=-58;uptime_s=580140;heap=195636;cal_tier=channel-cal;cal_src=wet_rederive_1236_20260719;pressure_context_source=weather_openmeteo;transport=wifi_poll,
plants.soil,2026-07-28T07:21:13.223Z,2026-07-28 02:21:13.223,23053,6762df,y9d41p,0.7.3,fleet_logger_0_1,580140041,UMLIFE_v2_TLC555,ch2,origplant,soil_moisture,1368,,,OK,,,982.8,,name=classic;level=overwatered;role=disp;spread=42;gpio=34;device_seq=77350;time_source=device_synced;device_timestamp_utc=2026-07-28T07:20:49.290Z;config_id=257fa022;rssi=-58;uptime_s=580140;heap=195636;cal_tier=channel-cal;cal_src=wet_rederive_1236_20260719;pressure_context_source=weather_openmeteo;transport=wifi_poll,
plants.soil,2026-07-28T07:21:13.223Z,2026-07-28 02:21:13.223,23054,6762df,y9d41p,0.7.3,fleet_logger_0_1,580140041,UMLIFE_v2_TLC555,ch3,origplant,soil_moisture,1446,,,OK,,,982.8,,name=classic;level=well watered;role=disp;spread=32;gpio=35;device_seq=77351;time_source=device_synced;device_timestamp_utc=2026-07-28T07:20:49.290Z;config_id=257fa022;rssi=-58;uptime_s=580140;heap=195636;cal_tier=channel-cal;cal_src=wet_rederive_1236_20260719;pressure_context_source=weather_openmeteo;transport=wifi_poll,
plants.env,2026-07-28T07:21:13.223Z,2026-07-28 02:21:13.223,23055,6762df,y9d41p,0.7.3,fleet_logger_0_1,580140797,ESP32,esp32_die,on_chip,die_temp,,52.22,degC,OK,,,,,name=classic;source=esp32_die;cal=uncalibrated_board_proxy;api=temperatureRead;config_id=257fa022;transport=wifi_poll,
plants.soil,2026-07-28T07:21:43.636Z,2026-07-28 02:21:43.636,23056,6762df,y9d41p,0.7.3,fleet_logger_0_1,580170041,UMLIFE_v2_TLC555,ch0,origplant,soil_moisture,1578,,,OK,,,982.8,,name=classic;level=well watered;role=disp;spread=43;gpio=36;device_seq=77352;time_source=device_synced;device_timestamp_utc=2026-07-28T07:21:19.290Z;config_id=257fa022;rssi=-57;uptime_s=580170;heap=195896;cal_tier=channel-cal;cal_src=wet_rederive_1236_20260719;pressure_context_source=weather_openmeteo;transport=wifi_poll,
plants.soil,2026-07-28T07:21:43.636Z,2026-07-28 02:21:43.636,23057,6762df,y9d41p,0.7.3,fleet_logger_0_1,580170041,UMLIFE_v2_TLC555,ch1,origplant,soil_moisture,1701,,,OK,,,982.8,,name=classic;level=OK;role=disp;spread=24;gpio=39;device_seq=77353;time_source=device_synced;device_timestamp_utc=2026-07-28T07:21:19.290Z;config_id=257fa022;rssi=-57;uptime_s=580170;heap=195896;cal_tier=channel-cal;cal_src=wet_rederive_1236_20260719;pressure_context_source=weather_openmeteo;transport=wifi_poll,
plants.soil,2026-07-28T07:21:43.636Z,2026-07-28 02:21:43.636,23058,6762df,y9d41p,0.7.3,fleet_logger_0_1,580170041,UMLIFE_v2_TLC555,ch2,origplant,soil_moisture,1369,,,OK,,,982.8,,name=classic;level=overwatered;role=disp;spread=43;gpio=34;device_seq=77354;time_source=device_synced;device_timestamp_utc=2026-07-28T07:21:19.290Z;config_id=257fa022;rssi=-57;uptime_s=580170;heap=195896;cal_tier=channel-cal;cal_src=wet_rederive_1236_20260719;pressure_context_source=weather_openmeteo;transport=wifi_poll,
plants.soil,2026-07-28T07:21:43.636Z,2026-07-28 02:21:43.636,23059,6762df,y9d41p,0.7.3,fleet_logger_0_1,580170041,UMLIFE_v2_TLC555,ch3,origplant,soil_moisture,1446,,,OK,,,982.8,,name=classic;level=well watered;role=disp;spread=38;gpio=35;device_seq=77355;time_source=device_synced;device_timestamp_utc=2026-07-28T07:21:19.290Z;config_id=257fa022;rssi=-57;uptime_s=580170;heap=195896;cal_tier=channel-cal;cal_src=wet_rederive_1236_20260719;pressure_context_source=weather_openmeteo;transport=wifi_poll,
plants.env,2026-07-28T07:21:43.636Z,2026-07-28 02:21:43.636,23060,6762df,y9d41p,0.7.3,fleet_logger_0_1,580170797,ESP32,esp32_die,on_chip,die_temp,,52.22,degC,OK,,,,,name=classic;source=esp32_die;cal=uncalibrated_board_proxy;api=temperatureRead;config_id=257fa022;transport=wifi_poll,
plants.soil,2026-07-28T07:22:13.946Z,2026-07-28 02:22:13.946,23061,6762df,y9d41p,0.7.3,fleet_logger_0_1,580200041,UMLIFE_v2_TLC555,ch0,origplant,soil_moisture,1582,,,OK,,,982.8,,name=classic;level=well watered;role=disp;spread=25;gpio=36;device_seq=77356;time_source=device_synced;device_timestamp_utc=2026-07-28T07:21:49.290Z;config_id=257fa022;rssi=-58;uptime_s=580200;heap=195884;cal_tier=channel-cal;cal_src=wet_rederive_1236_20260719;pressure_context_source=weather_openmeteo;transport=wifi_poll,
plants.soil,2026-07-28T07:22:13.946Z,2026-07-28 02:22:13.946,23062,6762df,y9d41p,0.7.3,fleet_logger_0_1,580200041,UMLIFE_v2_TLC555,ch1,origplant,soil_moisture,1695,,,OK,,,982.8,,name=classic;level=OK;role=disp;spread=36;gpio=39;device_seq=77357;time_source=device_synced;device_timestamp_utc=2026-07-28T07:21:49.290Z;config_id=257fa022;rssi=-58;uptime_s=580200;heap=195884;cal_tier=channel-cal;cal_src=wet_rederive_1236_20260719;pressure_context_source=weather_openmeteo;transport=wifi_poll,
plants.soil,2026-07-28T07:22:13.946Z,2026-07-28 02:22:13.946,23063,6762df,y9d41p,0.7.3,fleet_logger_0_1,580200041,UMLIFE_v2_TLC555,ch2,origplant,soil_moisture,1367,,,OK,,,982.8,,name=classic;level=overwatered;role=disp;spread=32;gpio=34;device_seq=77358;time_source=device_synced;device_timestamp_utc=2026-07-28T07:21:49.290Z;config_id=257fa022;rssi=-58;uptime_s=580200;heap=195884;cal_tier=channel-cal;cal_src=wet_rederive_1236_20260719;pressure_context_source=weather_openmeteo;transport=wifi_poll,
plants.soil,2026-07-28T07:22:13.946Z,2026-07-28 02:22:13.946,23064,6762df,y9d41p,0.7.3,fleet_logger_0_1,580200041,UMLIFE_v2_TLC555,ch3,origplant,soil_moisture,1455,,,OK,,,982.8,,name=classic;level=well watered;role=disp;spread=32;gpio=35;device_seq=77359;time_source=device_synced;device_timestamp_utc=2026-07-28T07:21:49.290Z;config_id=257fa022;rssi=-58;uptime_s=580200;heap=195884;cal_tier=channel-cal;cal_src=wet_rederive_1236_20260719;pressure_context_source=weather_openmeteo;transport=wifi_poll,
plants.env,2026-07-28T07:22:13.946Z,2026-07-28 02:22:13.946,23065,6762df,y9d41p,0.7.3,fleet_logger_0_1,580201863,ESP32,esp32_die,on_chip,die_temp,,52.22,degC,OK,,,,,name=classic;source=esp32_die;cal=uncalibrated_board_proxy;api=temperatureRead;config_id=257fa022;transport=wifi_poll,
plants.soil,2026-07-28T07:22:44.236Z,2026-07-28 02:22:44.236,23066,6762df,y9d41p,0.7.3,fleet_logger_0_1,580230041,UMLIFE_v2_TLC555,ch0,origplant,soil_moisture,1546,,,OK,,,982.8,,name=classic;level=well watered;role=disp;spread=22;gpio=36;device_seq=77360;time_source=device_synced;device_timestamp_utc=2026-07-28T07:22:19.290Z;config_id=257fa022;rssi=-57;uptime_s=580230;heap=195884;cal_tier=channel-cal;cal_src=wet_rederive_1236_20260719;pressure_context_source=weather_openmeteo;transport=wifi_poll,
plants.soil,2026-07-28T07:22:44.236Z,2026-07-28 02:22:44.236,23067,6762df,y9d41p,0.7.3,fleet_logger_0_1,580230041,UMLIFE_v2_TLC555,ch1,origplant,soil_moisture,1675,,,OK,,,982.8,,name=classic;level=OK;role=disp;spread=34;gpio=39;device_seq=77361;time_source=device_synced;device_timestamp_utc=2026-07-28T07:22:19.290Z;config_id=257fa022;rssi=-57;uptime_s=580230;heap=195884;cal_tier=channel-cal;cal_src=wet_rederive_1236_20260719;pressure_context_source=weather_openmeteo;transport=wifi_poll,
plants.soil,2026-07-28T07:22:44.236Z,2026-07-28 02:22:44.236,23068,6762df,y9d41p,0.7.3,fleet_logger_0_1,580230041,UMLIFE_v2_TLC555,ch2,origplant,soil_moisture,1358,,,OK,,,982.8,,name=classic;level=overwatered;role=disp;spread=23;gpio=34;device_seq=77362;time_source=device_synced;device_timestamp_utc=2026-07-28T07:22:19.290Z;config_id=257fa022;rssi=-57;uptime_s=580230;heap=195884;cal_tier=channel-cal;cal_src=wet_rederive_1236_20260719;pressure_context_source=weather_openmeteo;transport=wifi_poll,
plants.soil,2026-07-28T07:22:44.236Z,2026-07-28 02:22:44.236,23069,6762df,y9d41p,0.7.3,fleet_logger_0_1,580230041,UMLIFE_v2_TLC555,ch3,origplant,soil_moisture,1450,,,OK,,,982.8,,name=classic;level=well watered;role=disp;spread=34;gpio=35;device_seq=77363;time_source=device_synced;device_timestamp_utc=2026-07-28T07:22:19.290Z;config_id=257fa022;rssi=-57;uptime_s=580230;heap=195884;cal_tier=channel-cal;cal_src=wet_rederive_1236_20260719;pressure_context_source=weather_openmeteo;transport=wifi_poll,
plants.env,2026-07-28T07:22:44.236Z,2026-07-28 02:22:44.236,23070,6762df,y9d41p,0.7.3,fleet_logger_0_1,580230797,ESP32,esp32_die,on_chip,die_temp,,52.22,degC,OK,,,,,name=classic;source=esp32_die;cal=uncalibrated_board_proxy;api=temperatureRead;config_id=257fa022;transport=wifi_poll,
plants.soil,2026-07-28T07:23:14.568Z,2026-07-28 02:23:14.568,23071,6762df,y9d41p,0.7.3,fleet_logger_0_1,580260041,UMLIFE_v2_TLC555,ch0,origplant,soil_moisture,1580,,,OK,,,982.8,,name=classic;level=well watered;role=disp;spread=19;gpio=36;device_seq=77364;time_source=device_synced;device_timestamp_utc=2026-07-28T07:22:49.290Z;config_id=257fa022;rssi=-57;uptime_s=580260;heap=195884;cal_tier=channel-cal;cal_src=wet_rederive_1236_20260719;pressure_context_source=weather_openmeteo;transport=wifi_poll,
plants.soil,2026-07-28T07:23:14.568Z,2026-07-28 02:23:14.568,23072,6762df,y9d41p,0.7.3,fleet_logger_0_1,580260041,UMLIFE_v2_TLC555,ch1,origplant,soil_moisture,1698,,,OK,,,982.8,,name=classic;level=OK;role=disp;spread=28;gpio=39;device_seq=77365;time_source=device_synced;device_timestamp_utc=2026-07-28T07:22:49.290Z;config_id=257fa022;rssi=-57;uptime_s=580260;heap=195884;cal_tier=channel-cal;cal_src=wet_rederive_1236_20260719;pressure_context_source=weather_openmeteo;transport=wifi_poll,
plants.soil,2026-07-28T07:23:14.568Z,2026-07-28 02:23:14.568,23073,6762df,y9d41p,0.7.3,fleet_logger_0_1,580260041,UMLIFE_v2_TLC555,ch2,origplant,soil_moisture,1365,,,OK,,,982.8,,name=classic;level=overwatered;role=disp;spread=48;gpio=34;device_seq=77366;time_source=device_synced;device_timestamp_utc=2026-07-28T07:22:49.290Z;config_id=257fa022;rssi=-57;uptime_s=580260;heap=195884;cal_tier=channel-cal;cal_src=wet_rederive_1236_20260719;pressure_context_source=weather_openmeteo;transport=wifi_poll,
plants.soil,2026-07-28T07:23:14.568Z,2026-07-28 02:23:14.568,23074,6762df,y9d41p,0.7.3,fleet_logger_0_1,580260041,UMLIFE_v2_TLC555,ch3,origplant,soil_moisture,1453,,,OK,,,982.8,,name=classic;level=well watered;role=disp;spread=14;gpio=35;device_seq=77367;time_source=device_synced;device_timestamp_utc=2026-07-28T07:22:49.290Z;config_id=257fa022;rssi=-57;uptime_s=580260;heap=195884;cal_tier=channel-cal;cal_src=wet_rederive_1236_20260719;pressure_context_source=weather_openmeteo;transport=wifi_poll,
plants.env,2026-07-28T07:23:14.568Z,2026-07-28 02:23:14.568,23075,6762df,y9d41p,0.7.3,fleet_logger_0_1,580260797,ESP32,esp32_die,on_chip,die_temp,,52.22,degC,OK,,,,,name=classic;source=esp32_die;cal=uncalibrated_board_proxy;api=temperatureRead;config_id=257fa022;transport=wifi_poll,
plants.soil,2026-07-28T07:23:47.334Z,2026-07-28 02:23:47.334,23076,6762df,y9d41p,0.7.3,fleet_logger_0_1,580290041,UMLIFE_v2_TLC555,ch0,origplant,soil_moisture,1580,,,OK,,,982.8,,name=classic;level=well watered;role=disp;spread=35;gpio=36;device_seq=77368;time_source=device_synced;device_timestamp_utc=2026-07-28T07:23:19.290Z;config_id=257fa022;rssi=-58;uptime_s=580290;heap=195624;cal_tier=channel-cal;cal_src=wet_rederive_1236_20260719;pressure_context_source=weather_openmeteo;transport=wifi_poll,
plants.soil,2026-07-28T07:23:47.334Z,2026-07-28 02:23:47.334,23077,6762df,y9d41p,0.7.3,fleet_logger_0_1,580290041,UMLIFE_v2_TLC555,ch1,origplant,soil_moisture,1695,,,OK,,,982.8,,name=classic;level=OK;role=disp;spread=31;gpio=39;device_seq=77369;time_source=device_synced;device_timestamp_utc=2026-07-28T07:23:19.290Z;config_id=257fa022;rssi=-58;uptime_s=580290;heap=195624;cal_tier=channel-cal;cal_src=wet_rederive_1236_20260719;pressure_context_source=weather_openmeteo;transport=wifi_poll,
plants.soil,2026-07-28T07:23:47.334Z,2026-07-28 02:23:47.334,23078,6762df,y9d41p,0.7.3,fleet_logger_0_1,580290041,UMLIFE_v2_TLC555,ch2,origplant,soil_moisture,1363,,,OK,,,982.8,,name=classic;level=overwatered;role=disp;spread=32;gpio=34;device_seq=77370;time_source=device_synced;device_timestamp_utc=2026-07-28T07:23:19.290Z;config_id=257fa022;rssi=-58;uptime_s=580290;heap=195624;cal_tier=channel-cal;cal_src=wet_rederive_1236_20260719;pressure_context_source=weather_openmeteo;transport=wifi_poll,
plants.soil,2026-07-28T07:23:47.334Z,2026-07-28 02:23:47.334,23079,6762df,y9d41p,0.7.3,fleet_logger_0_1,580290041,UMLIFE_v2_TLC555,ch3,origplant,soil_moisture,1450,,,OK,,,982.8,,name=classic;level=well watered;role=disp;spread=39;gpio=35;device_seq=77371;time_source=device_synced;device_timestamp_utc=2026-07-28T07:23:19.290Z;config_id=257fa022;rssi=-58;uptime_s=580290;heap=195624;cal_tier=channel-cal;cal_src=wet_rederive_1236_20260719;pressure_context_source=weather_openmeteo;transport=wifi_poll,
plants.env,2026-07-28T07:23:47.334Z,2026-07-28 02:23:47.334,23080,6762df,y9d41p,0.7.3,fleet_logger_0_1,580290797,ESP32,esp32_die,on_chip,die_temp,,52.78,degC,OK,,,,,name=classic;source=esp32_die;cal=uncalibrated_board_proxy;api=temperatureRead;config_id=257fa022;transport=wifi_poll,
plants.soil,2026-07-28T07:24:18.366Z,2026-07-28 02:24:18.366,23081,6762df,y9d41p,0.7.3,fleet_logger_0_1,580320041,UMLIFE_v2_TLC555,ch0,origplant,soil_moisture,1576,,,OK,,,982.8,,name=classic;level=well watered;role=disp;spread=36;gpio=36;device_seq=77372;time_source=device_synced;device_timestamp_utc=2026-07-28T07:23:49.290Z;config_id=257fa022;rssi=-58;uptime_s=580320;heap=195624;cal_tier=channel-cal;cal_src=wet_rederive_1236_20260719;pressure_context_source=weather_openmeteo;transport=wifi_poll,
plants.soil,2026-07-28T07:24:18.366Z,2026-07-28 02:24:18.366,23082,6762df,y9d41p,0.7.3,fleet_logger_0_1,580320041,UMLIFE_v2_TLC555,ch1,origplant,soil_moisture,1700,,,OK,,,982.8,,name=classic;level=OK;role=disp;spread=40;gpio=39;device_seq=77373;time_source=device_synced;device_timestamp_utc=2026-07-28T07:23:49.290Z;config_id=257fa022;rssi=-58;uptime_s=580320;heap=195624;cal_tier=channel-cal;cal_src=wet_rederive_1236_20260719;pressure_context_source=weather_openmeteo;transport=wifi_poll,
plants.soil,2026-07-28T07:24:18.366Z,2026-07-28 02:24:18.366,23083,6762df,y9d41p,0.7.3,fleet_logger_0_1,580320041,UMLIFE_v2_TLC555,ch2,origplant,soil_moisture,1361,,,OK,,,982.8,,name=classic;level=overwatered;role=disp;spread=54;gpio=34;device_seq=77374;time_source=device_synced;device_timestamp_utc=2026-07-28T07:23:49.290Z;config_id=257fa022;rssi=-58;uptime_s=580320;heap=195624;cal_tier=channel-cal;cal_src=wet_rederive_1236_20260719;pressure_context_source=weather_openmeteo;transport=wifi_poll,
plants.soil,2026-07-28T07:24:18.366Z,2026-07-28 02:24:18.366,23084,6762df,y9d41p,0.7.3,fleet_logger_0_1,580320041,UMLIFE_v2_TLC555,ch3,origplant,soil_moisture,1449,,,OK,,,982.8,,name=classic;level=well watered;role=disp;spread=13;gpio=35;device_seq=77375;time_source=device_synced;device_timestamp_utc=2026-07-28T07:23:49.290Z;config_id=257fa022;rssi=-58;uptime_s=580320;heap=195624;cal_tier=channel-cal;cal_src=wet_rederive_1236_20260719;pressure_context_source=weather_openmeteo;transport=wifi_poll,
plants.env,2026-07-28T07:24:18.366Z,2026-07-28 02:24:18.366,23085,6762df,y9d41p,0.7.3,fleet_logger_0_1,580320797,ESP32,esp32_die,on_chip,die_temp,,52.78,degC,OK,,,,,name=classic;source=esp32_die;cal=uncalibrated_board_proxy;api=temperatureRead;config_id=257fa022;transport=wifi_poll,
plants.soil,2026-07-28T07:24:48.777Z,2026-07-28 02:24:48.777,23086,6762df,y9d41p,0.7.3,fleet_logger_0_1,580350041,UMLIFE_v2_TLC555,ch0,origplant,soil_moisture,1578,,,OK,,,982.8,,name=classic;level=well watered;role=disp;spread=21;gpio=36;device_seq=77376;time_source=device_synced;device_timestamp_utc=2026-07-28T07:24:19.290Z;config_id=257fa022;rssi=-58;uptime_s=580350;heap=195872;cal_tier=channel-cal;cal_src=wet_rederive_1236_20260719;pressure_context_source=weather_openmeteo;transport=wifi_poll,
plants.soil,2026-07-28T07:24:48.777Z,2026-07-28 02:24:48.777,23087,6762df,y9d41p,0.7.3,fleet_logger_0_1,580350041,UMLIFE_v2_TLC555,ch1,origplant,soil_moisture,1700,,,OK,,,982.8,,name=classic;level=OK;role=disp;spread=22;gpio=39;device_seq=77377;time_source=device_synced;device_timestamp_utc=2026-07-28T07:24:19.290Z;config_id=257fa022;rssi=-58;uptime_s=580350;heap=195872;cal_tier=channel-cal;cal_src=wet_rederive_1236_20260719;pressure_context_source=weather_openmeteo;transport=wifi_poll,
plants.soil,2026-07-28T07:24:48.777Z,2026-07-28 02:24:48.777,23088,6762df,y9d41p,0.7.3,fleet_logger_0_1,580350041,UMLIFE_v2_TLC555,ch2,origplant,soil_moisture,1361,,,OK,,,982.8,,name=classic;level=overwatered;role=disp;spread=38;gpio=34;device_seq=77378;time_source=device_synced;device_timestamp_utc=2026-07-28T07:24:19.290Z;config_id=257fa022;rssi=-58;uptime_s=580350;heap=195872;cal_tier=channel-cal;cal_src=wet_rederive_1236_20260719;pressure_context_source=weather_openmeteo;transport=wifi_poll,
plants.soil,2026-07-28T07:24:48.777Z,2026-07-28 02:24:48.777,23089,6762df,y9d41p,0.7.3,fleet_logger_0_1,580350041,UMLIFE_v2_TLC555,ch3,origplant,soil_moisture,1448,,,OK,,,982.8,,name=classic;level=well watered;role=disp;spread=30;gpio=35;device_seq=77379;time_source=device_synced;device_timestamp_utc=2026-07-28T07:24:19.290Z;config_id=257fa022;rssi=-58;uptime_s=580350;heap=195872;cal_tier=channel-cal;cal_src=wet_rederive_1236_20260719;pressure_context_source=weather_openmeteo;transport=wifi_poll,
plants.env,2026-07-28T07:24:48.777Z,2026-07-28 02:24:48.777,23090,6762df,y9d41p,0.7.3,fleet_logger_0_1,580350797,ESP32,esp32_die,on_chip,die_temp,,51.67,degC,OK,,,,,name=classic;source=esp32_die;cal=uncalibrated_board_proxy;api=temperatureRead;config_id=257fa022;transport=wifi_poll,
plants.soil,2026-07-28T07:25:19.190Z,2026-07-28 02:25:19.190,23091,6762df,y9d41p,0.7.3,fleet_logger_0_1,580380041,UMLIFE_v2_TLC555,ch0,origplant,soil_moisture,1576,,,OK,,,982.8,,name=classic;level=well watered;role=disp;spread=45;gpio=36;device_seq=77380;time_source=device_synced;device_timestamp_utc=2026-07-28T07:24:49.290Z;config_id=257fa022;rssi=-59;uptime_s=580380;heap=195884;cal_tier=channel-cal;cal_src=wet_rederive_1236_20260719;pressure_context_source=weather_openmeteo;transport=wifi_poll,
plants.soil,2026-07-28T07:25:19.190Z,2026-07-28 02:25:19.190,23092,6762df,y9d41p,0.7.3,fleet_logger_0_1,580380041,UMLIFE_v2_TLC555,ch1,origplant,soil_moisture,1697,,,OK,,,982.8,,name=classic;level=OK;role=disp;spread=20;gpio=39;device_seq=77381;time_source=device_synced;device_timestamp_utc=2026-07-28T07:24:49.290Z;config_id=257fa022;rssi=-59;uptime_s=580380;heap=195884;cal_tier=channel-cal;cal_src=wet_rederive_1236_20260719;pressure_context_source=weather_openmeteo;transport=wifi_poll,
plants.soil,2026-07-28T07:25:19.190Z,2026-07-28 02:25:19.190,23093,6762df,y9d41p,0.7.3,fleet_logger_0_1,580380041,UMLIFE_v2_TLC555,ch2,origplant,soil_moisture,1358,,,OK,,,982.8,,name=classic;level=overwatered;role=disp;spread=45;gpio=34;device_seq=77382;time_source=device_synced;device_timestamp_utc=2026-07-28T07:24:49.290Z;config_id=257fa022;rssi=-59;uptime_s=580380;heap=195884;cal_tier=channel-cal;cal_src=wet_rederive_1236_20260719;pressure_context_source=weather_openmeteo;transport=wifi_poll,
plants.soil,2026-07-28T07:25:19.190Z,2026-07-28 02:25:19.190,23094,6762df,y9d41p,0.7.3,fleet_logger_0_1,580380041,UMLIFE_v2_TLC555,ch3,origplant,soil_moisture,1451,,,OK,,,982.8,,name=classic;level=well watered;role=disp;spread=32;gpio=35;device_seq=77383;time_source=device_synced;device_timestamp_utc=2026-07-28T07:24:49.290Z;config_id=257fa022;rssi=-59;uptime_s=580380;heap=195884;cal_tier=channel-cal;cal_src=wet_rederive_1236_20260719;pressure_context_source=weather_openmeteo;transport=wifi_poll,
plants.env,2026-07-28T07:25:19.190Z,2026-07-28 02:25:19.190,23095,6762df,y9d41p,0.7.3,fleet_logger_0_1,580380797,ESP32,esp32_die,on_chip,die_temp,,52.78,degC,OK,,,,,name=classic;source=esp32_die;cal=uncalibrated_board_proxy;api=temperatureRead;config_id=257fa022;transport=wifi_poll,
plants.soil,2026-07-28T07:25:49.498Z,2026-07-28 02:25:49.498,23096,6762df,y9d41p,0.7.3,fleet_logger_0_1,580410041,UMLIFE_v2_TLC555,ch0,origplant,soil_moisture,1580,,,OK,,,982.8,,name=classic;level=well watered;role=disp;spread=18;gpio=36;device_seq=77384;time_source=device_synced;device_timestamp_utc=2026-07-28T07:25:19.290Z;config_id=257fa022;rssi=-59;uptime_s=580410;heap=195884;cal_tier=channel-cal;cal_src=wet_rederive_1236_20260719;pressure_context_source=weather_openmeteo;transport=wifi_poll,
plants.soil,2026-07-28T07:25:49.498Z,2026-07-28 02:25:49.498,23097,6762df,y9d41p,0.7.3,fleet_logger_0_1,580410041,UMLIFE_v2_TLC555,ch1,origplant,soil_moisture,1697,,,OK,,,982.8,,name=classic;level=OK;role=disp;spread=51;gpio=39;device_seq=77385;time_source=device_synced;device_timestamp_utc=2026-07-28T07:25:19.290Z;config_id=257fa022;rssi=-59;uptime_s=580410;heap=195884;cal_tier=channel-cal;cal_src=wet_rederive_1236_20260719;pressure_context_source=weather_openmeteo;transport=wifi_poll,
plants.soil,2026-07-28T07:25:49.498Z,2026-07-28 02:25:49.498,23098,6762df,y9d41p,0.7.3,fleet_logger_0_1,580410041,UMLIFE_v2_TLC555,ch2,origplant,soil_moisture,1359,,,OK,,,982.8,,name=classic;level=overwatered;role=disp;spread=21;gpio=34;device_seq=77386;time_source=device_synced;device_timestamp_utc=2026-07-28T07:25:19.290Z;config_id=257fa022;rssi=-59;uptime_s=580410;heap=195884;cal_tier=channel-cal;cal_src=wet_rederive_1236_20260719;pressure_context_source=weather_openmeteo;transport=wifi_poll,
plants.soil,2026-07-28T07:25:49.498Z,2026-07-28 02:25:49.498,23099,6762df,y9d41p,0.7.3,fleet_logger_0_1,580410041,UMLIFE_v2_TLC555,ch3,origplant,soil_moisture,1453,,,OK,,,982.8,,name=classic;level=well watered;role=disp;spread=35;gpio=35;device_seq=77387;time_source=device_synced;device_timestamp_utc=2026-07-28T07:25:19.290Z;config_id=257fa022;rssi=-59;uptime_s=580410;heap=195884;cal_tier=channel-cal;cal_src=wet_rederive_1236_20260719;pressure_context_source=weather_openmeteo;transport=wifi_poll,
plants.env,2026-07-28T07:25:49.498Z,2026-07-28 02:25:49.498,23100,6762df,y9d41p,0.7.3,fleet_logger_0_1,580410797,ESP32,esp32_die,on_chip,die_temp,,52.22,degC,OK,,,,,name=classic;source=esp32_die;cal=uncalibrated_board_proxy;api=temperatureRead;config_id=257fa022;transport=wifi_poll,
plants.soil,2026-07-28T07:26:20.526Z,2026-07-28 02:26:20.526,23101,6762df,y9d41p,0.7.3,fleet_logger_0_1,580470041,UMLIFE_v2_TLC555,ch0,origplant,soil_moisture,1573,,,OK,,,982.8,,name=classic;level=well watered;role=disp;spread=30;gpio=36;device_seq=77392;time_source=device_synced;device_timestamp_utc=2026-07-28T07:26:19.290Z;config_id=257fa022;rssi=-59;uptime_s=580470;heap=195892;cal_tier=channel-cal;cal_src=wet_rederive_1236_20260719;pressure_context_source=weather_openmeteo;transport=wifi_poll,
plants.soil,2026-07-28T07:26:20.526Z,2026-07-28 02:26:20.526,23102,6762df,y9d41p,0.7.3,fleet_logger_0_1,580470041,UMLIFE_v2_TLC555,ch1,origplant,soil_moisture,1698,,,OK,,,982.8,,name=classic;level=OK;role=disp;spread=24;gpio=39;device_seq=77393;time_source=device_synced;device_timestamp_utc=2026-07-28T07:26:19.290Z;config_id=257fa022;rssi=-59;uptime_s=580470;heap=195892;cal_tier=channel-cal;cal_src=wet_rederive_1236_20260719;pressure_context_source=weather_openmeteo;transport=wifi_poll,
plants.soil,2026-07-28T07:26:20.526Z,2026-07-28 02:26:20.526,23103,6762df,y9d41p,0.7.3,fleet_logger_0_1,580470041,UMLIFE_v2_TLC555,ch2,origplant,soil_moisture,1365,,,OK,,,982.8,,name=classic;level=overwatered;role=disp;spread=27;gpio=34;device_seq=77394;time_source=device_synced;device_timestamp_utc=2026-07-28T07:26:19.290Z;config_id=257fa022;rssi=-59;uptime_s=580470;heap=195892;cal_tier=channel-cal;cal_src=wet_rederive_1236_20260719;pressure_context_source=weather_openmeteo;transport=wifi_poll,
plants.soil,2026-07-28T07:26:20.526Z,2026-07-28 02:26:20.526,23104,6762df,y9d41p,0.7.3,fleet_logger_0_1,580470041,UMLIFE_v2_TLC555,ch3,origplant,soil_moisture,1451,,,OK,,,982.8,,name=classic;level=well watered;role=disp;spread=16;gpio=35;device_seq=77395;time_source=device_synced;device_timestamp_utc=2026-07-28T07:26:19.290Z;config_id=257fa022;rssi=-59;uptime_s=580470;heap=195892;cal_tier=channel-cal;cal_src=wet_rederive_1236_20260719;pressure_context_source=weather_openmeteo;transport=wifi_poll,
plants.env,2026-07-28T07:26:20.526Z,2026-07-28 02:26:20.526,23105,6762df,y9d41p,0.7.3,fleet_logger_0_1,580470796,ESP32,esp32_die,on_chip,die_temp,,52.78,degC,OK,,,,,name=classic;source=esp32_die;cal=uncalibrated_board_proxy;api=temperatureRead;config_id=257fa022;transport=wifi_poll,
plants.soil,2026-07-28T07:26:50.837Z,2026-07-28 02:26:50.837,23106,6762df,y9d41p,0.7.3,fleet_logger_0_1,580500041,UMLIFE_v2_TLC555,ch0,origplant,soil_moisture,1575,,,OK,,,982.8,,name=classic;level=well watered;role=disp;spread=32;gpio=36;device_seq=77396;time_source=device_synced;device_timestamp_utc=2026-07-28T07:26:49.290Z;config_id=257fa022;rssi=-57;uptime_s=580500;heap=195892;cal_tier=channel-cal;cal_src=wet_rederive_1236_20260719;pressure_context_source=weather_openmeteo;transport=wifi_poll,
plants.soil,2026-07-28T07:26:50.837Z,2026-07-28 02:26:50.837,23107,6762df,y9d41p,0.7.3,fleet_logger_0_1,580500041,UMLIFE_v2_TLC555,ch1,origplant,soil_moisture,1696,,,OK,,,982.8,,name=classic;level=OK;role=disp;spread=28;gpio=39;device_seq=77397;time_source=device_synced;device_timestamp_utc=2026-07-28T07:26:49.290Z;config_id=257fa022;rssi=-57;uptime_s=580500;heap=195892;cal_tier=channel-cal;cal_src=wet_rederive_1236_20260719;pressure_context_source=weather_openmeteo;transport=wifi_poll,
plants.soil,2026-07-28T07:26:50.837Z,2026-07-28 02:26:50.837,23108,6762df,y9d41p,0.7.3,fleet_logger_0_1,580500041,UMLIFE_v2_TLC555,ch2,origplant,soil_moisture,1363,,,OK,,,982.8,,name=classic;level=overwatered;role=disp;spread=48;gpio=34;device_seq=77398;time_source=device_synced;device_timestamp_utc=2026-07-28T07:26:49.290Z;config_id=257fa022;rssi=-57;uptime_s=580500;heap=195892;cal_tier=channel-cal;cal_src=wet_rederive_1236_20260719;pressure_context_source=weather_openmeteo;transport=wifi_poll,
plants.soil,2026-07-28T07:26:50.837Z,2026-07-28 02:26:50.837,23109,6762df,y9d41p,0.7.3,fleet_logger_0_1,580500041,UMLIFE_v2_TLC555,ch3,origplant,soil_moisture,1454,,,OK,,,982.8,,name=classic;level=well watered;role=disp;spread=16;gpio=35;device_seq=77399;time_source=device_synced;device_timestamp_utc=2026-07-28T07:26:49.290Z;config_id=257fa022;rssi=-57;uptime_s=580500;heap=195892;cal_tier=channel-cal;cal_src=wet_rederive_1236_20260719;pressure_context_source=weather_openmeteo;transport=wifi_poll,
plants.env,2026-07-28T07:26:50.837Z,2026-07-28 02:26:50.837,23110,6762df,y9d41p,0.7.3,fleet_logger_0_1,580500796,ESP32,esp32_die,on_chip,die_temp,,52.78,degC,OK,,,,,name=classic;source=esp32_die;cal=uncalibrated_board_proxy;api=temperatureRead;config_id=257fa022;transport=wifi_poll,
plants.soil,2026-07-28T07:27:21.734Z,2026-07-28 02:27:21.734,23111,6762df,y9d41p,0.7.3,fleet_logger_0_1,580530041,UMLIFE_v2_TLC555,ch0,origplant,soil_moisture,1572,,,OK,,,982.8,,name=classic;level=well watered;role=disp;spread=31;gpio=36;device_seq=77400;time_source=device_synced;device_timestamp_utc=2026-07-28T07:27:19.290Z;config_id=257fa022;rssi=-60;uptime_s=580530;heap=196156;cal_tier=channel-cal;cal_src=wet_rederive_1236_20260719;pressure_context_source=weather_openmeteo;transport=wifi_poll,
plants.soil,2026-07-28T07:27:21.734Z,2026-07-28 02:27:21.734,23112,6762df,y9d41p,0.7.3,fleet_logger_0_1,580530041,UMLIFE_v2_TLC555,ch1,origplant,soil_moisture,1698,,,OK,,,982.8,,name=classic;level=OK;role=disp;spread=24;gpio=39;device_seq=77401;time_source=device_synced;device_timestamp_utc=2026-07-28T07:27:19.290Z;config_id=257fa022;rssi=-60;uptime_s=580530;heap=196156;cal_tier=channel-cal;cal_src=wet_rederive_1236_20260719;pressure_context_source=weather_openmeteo;transport=wifi_poll,
plants.soil,2026-07-28T07:27:21.734Z,2026-07-28 02:27:21.734,23113,6762df,y9d41p,0.7.3,fleet_logger_0_1,580530041,UMLIFE_v2_TLC555,ch2,origplant,soil_moisture,1367,,,OK,,,982.8,,name=classic;level=overwatered;role=disp;spread=55;gpio=34;device_seq=77402;time_source=device_synced;device_timestamp_utc=2026-07-28T07:27:19.290Z;config_id=257fa022;rssi=-60;uptime_s=580530;heap=196156;cal_tier=channel-cal;cal_src=wet_rederive_1236_20260719;pressure_context_source=weather_openmeteo;transport=wifi_poll,
plants.soil,2026-07-28T07:27:21.734Z,2026-07-28 02:27:21.734,23114,6762df,y9d41p,0.7.3,fleet_logger_0_1,580530041,UMLIFE_v2_TLC555,ch3,origplant,soil_moisture,1447,,,OK,,,982.8,,name=classic;level=well watered;role=disp;spread=30;gpio=35;device_seq=77403;time_source=device_synced;device_timestamp_utc=2026-07-28T07:27:19.290Z;config_id=257fa022;rssi=-60;uptime_s=580530;heap=196156;cal_tier=channel-cal;cal_src=wet_rederive_1236_20260719;pressure_context_source=weather_openmeteo;transport=wifi_poll,
plants.env,2026-07-28T07:27:21.734Z,2026-07-28 02:27:21.734,23115,6762df,y9d41p,0.7.3,fleet_logger_0_1,580530796,ESP32,esp32_die,on_chip,die_temp,,52.78,degC,OK,,,,,name=classic;source=esp32_die;cal=uncalibrated_board_proxy;api=temperatureRead;config_id=257fa022;transport=wifi_poll,
plants.soil,2026-07-28T07:27:52.277Z,2026-07-28 02:27:52.277,23116,6762df,y9d41p,0.7.3,fleet_logger_0_1,580560041,UMLIFE_v2_TLC555,ch0,origplant,soil_moisture,1543,,,OK,,,982.8,,name=classic;level=well watered;role=disp;spread=58;gpio=36;device_seq=77404;time_source=device_synced;device_timestamp_utc=2026-07-28T07:27:49.290Z;config_id=257fa022;rssi=-58;uptime_s=580560;heap=196156;cal_tier=channel-cal;cal_src=wet_rederive_1236_20260719;pressure_context_source=weather_openmeteo;transport=wifi_poll,
plants.soil,2026-07-28T07:27:52.277Z,2026-07-28 02:27:52.277,23117,6762df,y9d41p,0.7.3,fleet_logger_0_1,580560041,UMLIFE_v2_TLC555,ch1,origplant,soil_moisture,1672,,,OK,,,982.8,,name=classic;level=OK;role=disp;spread=36;gpio=39;device_seq=77405;time_source=device_synced;device_timestamp_utc=2026-07-28T07:27:49.290Z;config_id=257fa022;rssi=-58;uptime_s=580560;heap=196156;cal_tier=channel-cal;cal_src=wet_rederive_1236_20260719;pressure_context_source=weather_openmeteo;transport=wifi_poll,
plants.soil,2026-07-28T07:27:52.277Z,2026-07-28 02:27:52.277,23118,6762df,y9d41p,0.7.3,fleet_logger_0_1,580560041,UMLIFE_v2_TLC555,ch2,origplant,soil_moisture,1356,,,OK,,,982.8,,name=classic;level=overwatered;role=disp;spread=37;gpio=34;device_seq=77406;time_source=device_synced;device_timestamp_utc=2026-07-28T07:27:49.290Z;config_id=257fa022;rssi=-58;uptime_s=580560;heap=196156;cal_tier=channel-cal;cal_src=wet_rederive_1236_20260719;pressure_context_source=weather_openmeteo;transport=wifi_poll,
plants.soil,2026-07-28T07:27:52.277Z,2026-07-28 02:27:52.277,23119,6762df,y9d41p,0.7.3,fleet_logger_0_1,580560041,UMLIFE_v2_TLC555,ch3,origplant,soil_moisture,1452,,,OK,,,982.8,,name=classic;level=well watered;role=disp;spread=32;gpio=35;device_seq=77407;time_source=device_synced;device_timestamp_utc=2026-07-28T07:27:49.290Z;config_id=257fa022;rssi=-58;uptime_s=580560;heap=196156;cal_tier=channel-cal;cal_src=wet_rederive_1236_20260719;pressure_context_source=weather_openmeteo;transport=wifi_poll,
plants.env,2026-07-28T07:27:52.277Z,2026-07-28 02:27:52.277,23120,6762df,y9d41p,0.7.3,fleet_logger_0_1,580560797,ESP32,esp32_die,on_chip,die_temp,,52.78,degC,OK,,,,,name=classic;source=esp32_die;cal=uncalibrated_board_proxy;api=temperatureRead;config_id=257fa022;transport=wifi_poll,
plants.soil,2026-07-28T07:28:22.792Z,2026-07-28 02:28:22.792,23121,6762df,y9d41p,0.7.3,fleet_logger_0_1,580590041,UMLIFE_v2_TLC555,ch0,origplant,soil_moisture,1546,,,OK,,,982.8,,name=classic;level=well watered;role=disp;spread=49;gpio=36;device_seq=77408;time_source=device_synced;device_timestamp_utc=2026-07-28T07:28:19.290Z;config_id=257fa022;rssi=-60;uptime_s=580590;heap=195892;cal_tier=channel-cal;cal_src=wet_rederive_1236_20260719;pressure_context_source=weather_openmeteo;transport=wifi_poll,
plants.soil,2026-07-28T07:28:22.792Z,2026-07-28 02:28:22.792,23122,6762df,y9d41p,0.7.3,fleet_logger_0_1,580590041,UMLIFE_v2_TLC555,ch1,origplant,soil_moisture,1673,,,OK,,,982.8,,name=classic;level=OK;role=disp;spread=39;gpio=39;device_seq=77409;time_source=device_synced;device_timestamp_utc=2026-07-28T07:28:19.290Z;config_id=257fa022;rssi=-60;uptime_s=580590;heap=195892;cal_tier=channel-cal;cal_src=wet_rederive_1236_20260719;pressure_context_source=weather_openmeteo;transport=wifi_poll,
plants.soil,2026-07-28T07:28:22.792Z,2026-07-28 02:28:22.792,23123,6762df,y9d41p,0.7.3,fleet_logger_0_1,580590041,UMLIFE_v2_TLC555,ch2,origplant,soil_moisture,1342,,,OK,,,982.8,,name=classic;level=overwatered;role=disp;spread=45;gpio=34;device_seq=77410;time_source=device_synced;device_timestamp_utc=2026-07-28T07:28:19.290Z;config_id=257fa022;rssi=-60;uptime_s=580590;heap=195892;cal_tier=channel-cal;cal_src=wet_rederive_1236_20260719;pressure_context_source=weather_openmeteo;transport=wifi_poll,
plants.soil,2026-07-28T07:28:22.792Z,2026-07-28 02:28:22.792,23124,6762df,y9d41p,0.7.3,fleet_logger_0_1,580590041,UMLIFE_v2_TLC555,ch3,origplant,soil_moisture,1417,,,OK,,,982.8,,name=classic;level=well watered;role=disp;spread=38;gpio=35;device_seq=77411;time_source=device_synced;device_timestamp_utc=2026-07-28T07:28:19.290Z;config_id=257fa022;rssi=-60;uptime_s=580590;heap=195892;cal_tier=channel-cal;cal_src=wet_rederive_1236_20260719;pressure_context_source=weather_openmeteo;transport=wifi_poll,
plants.env,2026-07-28T07:28:22.792Z,2026-07-28 02:28:22.792,23125,6762df,y9d41p,0.7.3,fleet_logger_0_1,580590796,ESP32,esp32_die,on_chip,die_temp,,52.22,degC,OK,,,,,name=classic;source=esp32_die;cal=uncalibrated_board_proxy;api=temperatureRead;config_id=257fa022;transport=wifi_poll,
plants.soil,2026-07-28T07:28:53.206Z,2026-07-28 02:28:53.206,23126,6762df,y9d41p,0.7.3,fleet_logger_0_1,580620041,UMLIFE_v2_TLC555,ch0,origplant,soil_moisture,1543,,,OK,,,982.8,,name=classic;level=well watered;role=disp;spread=15;gpio=36;device_seq=77412;time_source=device_synced;device_timestamp_utc=2026-07-28T07:28:49.290Z;config_id=257fa022;rssi=-60;uptime_s=580620;heap=195884;cal_tier=channel-cal;cal_src=wet_rederive_1236_20260719;pressure_context_source=weather_openmeteo;transport=wifi_poll,
plants.soil,2026-07-28T07:28:53.206Z,2026-07-28 02:28:53.206,23127,6762df,y9d41p,0.7.3,fleet_logger_0_1,580620041,UMLIFE_v2_TLC555,ch1,origplant,soil_moisture,1680,,,OK,,,982.8,,name=classic;level=OK;role=disp;spread=43;gpio=39;device_seq=77413;time_source=device_synced;device_timestamp_utc=2026-07-28T07:28:49.290Z;config_id=257fa022;rssi=-60;uptime_s=580620;heap=195884;cal_tier=channel-cal;cal_src=wet_rederive_1236_20260719;pressure_context_source=weather_openmeteo;transport=wifi_poll,
