plants.env,2026-07-28T11:14:09.096Z,2026-07-28 06:14:09.096,25315,6762df,y9d41p,0.7.3,fleet_logger_0_1,594120797,ESP32,esp32_die,on_chip,die_temp,,52.78,degC,OK,,,,,name=classic;source=esp32_die;cal=uncalibrated_board_proxy;api=temperatureRead;config_id=257fa022;transport=wifi_poll,
plants.soil,2026-07-28T11:14:39.378Z,2026-07-28 06:14:39.378,25316,6762df,y9d41p,0.7.3,fleet_logger_0_1,594150041,UMLIFE_v2_TLC555,ch0,origplant,soil_moisture,1584,,,OK,,,985.1,,name=classic;level=well watered;role=disp;spread=34;gpio=36;device_seq=79216;time_source=device_synced;device_timestamp_utc=2026-07-28T11:14:20.483Z;config_id=257fa022;rssi=-59;uptime_s=594150;heap=195604;cal_tier=channel-cal;cal_src=wet_rederive_1236_20260719;pressure_context_source=weather_openmeteo;transport=wifi_poll,
plants.soil,2026-07-28T11:14:39.378Z,2026-07-28 06:14:39.378,25317,6762df,y9d41p,0.7.3,fleet_logger_0_1,594150041,UMLIFE_v2_TLC555,ch1,origplant,soil_moisture,1718,,,OK,,,985.1,,name=classic;level=OK;role=disp;spread=34;gpio=39;device_seq=79217;time_source=device_synced;device_timestamp_utc=2026-07-28T11:14:20.483Z;config_id=257fa022;rssi=-59;uptime_s=594150;heap=195604;cal_tier=channel-cal;cal_src=wet_rederive_1236_20260719;pressure_context_source=weather_openmeteo;transport=wifi_poll,
plants.soil,2026-07-28T11:14:39.378Z,2026-07-28 06:14:39.378,25318,6762df,y9d41p,0.7.3,fleet_logger_0_1,594150041,UMLIFE_v2_TLC555,ch2,origplant,soil_moisture,1363,,,OK,,,985.1,,name=classic;level=overwatered;role=disp;spread=24;gpio=34;device_seq=79218;time_source=device_synced;device_timestamp_utc=2026-07-28T11:14:20.483Z;config_id=257fa022;rssi=-59;uptime_s=594150;heap=195604;cal_tier=channel-cal;cal_src=wet_rederive_1236_20260719;pressure_context_source=weather_openmeteo;transport=wifi_poll,
plants.soil,2026-07-28T11:14:39.378Z,2026-07-28 06:14:39.378,25319,6762df,y9d41p,0.7.3,fleet_logger_0_1,594150041,UMLIFE_v2_TLC555,ch3,origplant,soil_moisture,1434,,,OK,,,985.1,,name=classic;level=well watered;role=disp;spread=23;gpio=35;device_seq=79219;time_source=device_synced;device_timestamp_utc=2026-07-28T11:14:20.483Z;config_id=257fa022;rssi=-59;uptime_s=594150;heap=195604;cal_tier=channel-cal;cal_src=wet_rederive_1236_20260719;pressure_context_source=weather_openmeteo;transport=wifi_poll,
plants.env,2026-07-28T11:14:39.378Z,2026-07-28 06:14:39.378,25320,6762df,y9d41p,0.7.3,fleet_logger_0_1,594150797,ESP32,esp32_die,on_chip,die_temp,,52.22,degC,OK,,,,,name=classic;source=esp32_die;cal=uncalibrated_board_proxy;api=temperatureRead;config_id=257fa022;transport=wifi_poll,
plants.soil,2026-07-28T11:15:09.588Z,2026-07-28 06:15:09.588,25321,6762df,y9d41p,0.7.3,fleet_logger_0_1,594180041,UMLIFE_v2_TLC555,ch0,origplant,soil_moisture,1587,,,OK,,,985.1,,name=classic;level=well watered;role=disp;spread=39;gpio=36;device_seq=79220;time_source=device_synced;device_timestamp_utc=2026-07-28T11:14:50.483Z;config_id=257fa022;rssi=-59;uptime_s=594180;heap=195604;cal_tier=channel-cal;cal_src=wet_rederive_1236_20260719;pressure_context_source=weather_openmeteo;transport=wifi_poll,
plants.soil,2026-07-28T11:15:09.588Z,2026-07-28 06:15:09.588,25322,6762df,y9d41p,0.7.3,fleet_logger_0_1,594180041,UMLIFE_v2_TLC555,ch1,origplant,soil_moisture,1713,,,OK,,,985.1,,name=classic;level=OK;role=disp;spread=49;gpio=39;device_seq=79221;time_source=device_synced;device_timestamp_utc=2026-07-28T11:14:50.483Z;config_id=257fa022;rssi=-59;uptime_s=594180;heap=195604;cal_tier=channel-cal;cal_src=wet_rederive_1236_20260719;pressure_context_source=weather_openmeteo;transport=wifi_poll,
plants.soil,2026-07-28T11:15:09.588Z,2026-07-28 06:15:09.588,25323,6762df,y9d41p,0.7.3,fleet_logger_0_1,594180041,UMLIFE_v2_TLC555,ch2,origplant,soil_moisture,1367,,,OK,,,985.1,,name=classic;level=overwatered;role=disp;spread=23;gpio=34;device_seq=79222;time_source=device_synced;device_timestamp_utc=2026-07-28T11:14:50.483Z;config_id=257fa022;rssi=-59;uptime_s=594180;heap=195604;cal_tier=channel-cal;cal_src=wet_rederive_1236_20260719;pressure_context_source=weather_openmeteo;transport=wifi_poll,
plants.soil,2026-07-28T11:15:09.588Z,2026-07-28 06:15:09.588,25324,6762df,y9d41p,0.7.3,fleet_logger_0_1,594180041,UMLIFE_v2_TLC555,ch3,origplant,soil_moisture,1440,,,OK,,,985.1,,name=classic;level=well watered;role=disp;spread=19;gpio=35;device_seq=79223;time_source=device_synced;device_timestamp_utc=2026-07-28T11:14:50.483Z;config_id=257fa022;rssi=-59;uptime_s=594180;heap=195604;cal_tier=channel-cal;cal_src=wet_rederive_1236_20260719;pressure_context_source=weather_openmeteo;transport=wifi_poll,
plants.env,2026-07-28T11:15:09.588Z,2026-07-28 06:15:09.588,25325,6762df,y9d41p,0.7.3,fleet_logger_0_1,594180797,ESP32,esp32_die,on_chip,die_temp,,52.22,degC,OK,,,,,name=classic;source=esp32_die;cal=uncalibrated_board_proxy;api=temperatureRead;config_id=257fa022;transport=wifi_poll,
plants.soil,2026-07-28T11:15:39.895Z,2026-07-28 06:15:39.895,25326,6762df,y9d41p,0.7.3,fleet_logger_0_1,594210041,UMLIFE_v2_TLC555,ch0,origplant,soil_moisture,1587,,,OK,,,985.1,,name=classic;level=well watered;role=disp;spread=50;gpio=36;device_seq=79224;time_source=device_synced;device_timestamp_utc=2026-07-28T11:15:20.483Z;config_id=257fa022;rssi=-58;uptime_s=594210;heap=195900;cal_tier=channel-cal;cal_src=wet_rederive_1236_20260719;pressure_context_source=weather_openmeteo;transport=wifi_poll,
plants.soil,2026-07-28T11:15:39.895Z,2026-07-28 06:15:39.895,25327,6762df,y9d41p,0.7.3,fleet_logger_0_1,594210041,UMLIFE_v2_TLC555,ch1,origplant,soil_moisture,1715,,,OK,,,985.1,,name=classic;level=OK;role=disp;spread=43;gpio=39;device_seq=79225;time_source=device_synced;device_timestamp_utc=2026-07-28T11:15:20.483Z;config_id=257fa022;rssi=-58;uptime_s=594210;heap=195900;cal_tier=channel-cal;cal_src=wet_rederive_1236_20260719;pressure_context_source=weather_openmeteo;transport=wifi_poll,
plants.soil,2026-07-28T11:15:39.895Z,2026-07-28 06:15:39.895,25328,6762df,y9d41p,0.7.3,fleet_logger_0_1,594210041,UMLIFE_v2_TLC555,ch2,origplant,soil_moisture,1370,,,OK,,,985.1,,name=classic;level=overwatered;role=disp;spread=49;gpio=34;device_seq=79226;time_source=device_synced;device_timestamp_utc=2026-07-28T11:15:20.483Z;config_id=257fa022;rssi=-58;uptime_s=594210;heap=195900;cal_tier=channel-cal;cal_src=wet_rederive_1236_20260719;pressure_context_source=weather_openmeteo;transport=wifi_poll,
plants.soil,2026-07-28T11:15:39.895Z,2026-07-28 06:15:39.895,25329,6762df,y9d41p,0.7.3,fleet_logger_0_1,594210041,UMLIFE_v2_TLC555,ch3,origplant,soil_moisture,1442,,,OK,,,985.1,,name=classic;level=well watered;role=disp;spread=18;gpio=35;device_seq=79227;time_source=device_synced;device_timestamp_utc=2026-07-28T11:15:20.483Z;config_id=257fa022;rssi=-58;uptime_s=594210;heap=195900;cal_tier=channel-cal;cal_src=wet_rederive_1236_20260719;pressure_context_source=weather_openmeteo;transport=wifi_poll,
plants.env,2026-07-28T11:15:39.895Z,2026-07-28 06:15:39.895,25330,6762df,y9d41p,0.7.3,fleet_logger_0_1,594210797,ESP32,esp32_die,on_chip,die_temp,,52.22,degC,OK,,,,,name=classic;source=esp32_die;cal=uncalibrated_board_proxy;api=temperatureRead;config_id=257fa022;transport=wifi_poll,
plants.soil,2026-07-28T11:16:10.282Z,2026-07-28 06:16:10.282,25331,6762df,y9d41p,0.7.3,fleet_logger_0_1,594240041,UMLIFE_v2_TLC555,ch0,origplant,soil_moisture,1585,,,OK,,,985.1,,name=classic;level=well watered;role=disp;spread=56;gpio=36;device_seq=79228;time_source=device_synced;device_timestamp_utc=2026-07-28T11:15:50.483Z;config_id=257fa022;rssi=-58;uptime_s=594240;heap=195908;cal_tier=channel-cal;cal_src=wet_rederive_1236_20260719;pressure_context_source=weather_openmeteo;transport=wifi_poll,
plants.soil,2026-07-28T11:16:10.282Z,2026-07-28 06:16:10.282,25332,6762df,y9d41p,0.7.3,fleet_logger_0_1,594240041,UMLIFE_v2_TLC555,ch1,origplant,soil_moisture,1719,,,OK,,,985.1,,name=classic;level=OK;role=disp;spread=28;gpio=39;device_seq=79229;time_source=device_synced;device_timestamp_utc=2026-07-28T11:15:50.483Z;config_id=257fa022;rssi=-58;uptime_s=594240;heap=195908;cal_tier=channel-cal;cal_src=wet_rederive_1236_20260719;pressure_context_source=weather_openmeteo;transport=wifi_poll,
plants.soil,2026-07-28T11:16:10.282Z,2026-07-28 06:16:10.282,25333,6762df,y9d41p,0.7.3,fleet_logger_0_1,594240041,UMLIFE_v2_TLC555,ch2,origplant,soil_moisture,1373,,,OK,,,985.1,,name=classic;level=overwatered;role=disp;spread=19;gpio=34;device_seq=79230;time_source=device_synced;device_timestamp_utc=2026-07-28T11:15:50.483Z;config_id=257fa022;rssi=-58;uptime_s=594240;heap=195908;cal_tier=channel-cal;cal_src=wet_rederive_1236_20260719;pressure_context_source=weather_openmeteo;transport=wifi_poll,
plants.soil,2026-07-28T11:16:10.282Z,2026-07-28 06:16:10.282,25334,6762df,y9d41p,0.7.3,fleet_logger_0_1,594240041,UMLIFE_v2_TLC555,ch3,origplant,soil_moisture,1452,,,OK,,,985.1,,name=classic;level=well watered;role=disp;spread=27;gpio=35;device_seq=79231;time_source=device_synced;device_timestamp_utc=2026-07-28T11:15:50.483Z;config_id=257fa022;rssi=-58;uptime_s=594240;heap=195908;cal_tier=channel-cal;cal_src=wet_rederive_1236_20260719;pressure_context_source=weather_openmeteo;transport=wifi_poll,
plants.env,2026-07-28T11:16:10.282Z,2026-07-28 06:16:10.282,25335,6762df,y9d41p,0.7.3,fleet_logger_0_1,594240797,ESP32,esp32_die,on_chip,die_temp,,52.78,degC,OK,,,,,name=classic;source=esp32_die;cal=uncalibrated_board_proxy;api=temperatureRead;config_id=257fa022;transport=wifi_poll,
plants.soil,2026-07-28T11:16:40.544Z,2026-07-28 06:16:40.544,25336,6762df,y9d41p,0.7.3,fleet_logger_0_1,594270041,UMLIFE_v2_TLC555,ch0,origplant,soil_moisture,1584,,,OK,,,985.1,,name=classic;level=well watered;role=disp;spread=35;gpio=36;device_seq=79232;time_source=device_synced;device_timestamp_utc=2026-07-28T11:16:20.483Z;config_id=257fa022;rssi=-58;uptime_s=594270;heap=195896;cal_tier=channel-cal;cal_src=wet_rederive_1236_20260719;pressure_context_source=weather_openmeteo;transport=wifi_poll,
plants.soil,2026-07-28T11:16:40.544Z,2026-07-28 06:16:40.544,25337,6762df,y9d41p,0.7.3,fleet_logger_0_1,594270041,UMLIFE_v2_TLC555,ch1,origplant,soil_moisture,1717,,,OK,,,985.1,,name=classic;level=OK;role=disp;spread=28;gpio=39;device_seq=79233;time_source=device_synced;device_timestamp_utc=2026-07-28T11:16:20.483Z;config_id=257fa022;rssi=-58;uptime_s=594270;heap=195896;cal_tier=channel-cal;cal_src=wet_rederive_1236_20260719;pressure_context_source=weather_openmeteo;transport=wifi_poll,
plants.soil,2026-07-28T11:16:40.544Z,2026-07-28 06:16:40.544,25338,6762df,y9d41p,0.7.3,fleet_logger_0_1,594270041,UMLIFE_v2_TLC555,ch2,origplant,soil_moisture,1375,,,OK,,,985.1,,name=classic;level=overwatered;role=disp;spread=34;gpio=34;device_seq=79234;time_source=device_synced;device_timestamp_utc=2026-07-28T11:16:20.483Z;config_id=257fa022;rssi=-58;uptime_s=594270;heap=195896;cal_tier=channel-cal;cal_src=wet_rederive_1236_20260719;pressure_context_source=weather_openmeteo;transport=wifi_poll,
plants.soil,2026-07-28T11:16:40.544Z,2026-07-28 06:16:40.544,25339,6762df,y9d41p,0.7.3,fleet_logger_0_1,594270041,UMLIFE_v2_TLC555,ch3,origplant,soil_moisture,1453,,,OK,,,985.1,,name=classic;level=well watered;role=disp;spread=14;gpio=35;device_seq=79235;time_source=device_synced;device_timestamp_utc=2026-07-28T11:16:20.483Z;config_id=257fa022;rssi=-58;uptime_s=594270;heap=195896;cal_tier=channel-cal;cal_src=wet_rederive_1236_20260719;pressure_context_source=weather_openmeteo;transport=wifi_poll,
plants.env,2026-07-28T11:16:40.544Z,2026-07-28 06:16:40.544,25340,6762df,y9d41p,0.7.3,fleet_logger_0_1,594270796,ESP32,esp32_die,on_chip,die_temp,,52.22,degC,OK,,,,,name=classic;source=esp32_die;cal=uncalibrated_board_proxy;api=temperatureRead;config_id=257fa022;transport=wifi_poll,
plants.soil,2026-07-28T11:17:43.032Z,2026-07-28 06:17:43.032,25341,6762df,y9d41p,0.7.3,fleet_logger_0_1,594330041,UMLIFE_v2_TLC555,ch0,origplant,soil_moisture,1588,,,OK,,,985.1,,name=classic;level=well watered;role=disp;spread=20;gpio=36;device_seq=79240;time_source=device_synced;device_timestamp_utc=2026-07-28T11:17:20.483Z;config_id=257fa022;rssi=-59;uptime_s=594330;heap=195500;cal_tier=channel-cal;cal_src=wet_rederive_1236_20260719;pressure_context_source=weather_openmeteo;transport=wifi_poll,
plants.soil,2026-07-28T11:17:43.032Z,2026-07-28 06:17:43.032,25342,6762df,y9d41p,0.7.3,fleet_logger_0_1,594330041,UMLIFE_v2_TLC555,ch1,origplant,soil_moisture,1716,,,OK,,,985.1,,name=classic;level=OK;role=disp;spread=34;gpio=39;device_seq=79241;time_source=device_synced;device_timestamp_utc=2026-07-28T11:17:20.483Z;config_id=257fa022;rssi=-59;uptime_s=594330;heap=195500;cal_tier=channel-cal;cal_src=wet_rederive_1236_20260719;pressure_context_source=weather_openmeteo;transport=wifi_poll,
plants.soil,2026-07-28T11:17:43.032Z,2026-07-28 06:17:43.032,25343,6762df,y9d41p,0.7.3,fleet_logger_0_1,594330041,UMLIFE_v2_TLC555,ch2,origplant,soil_moisture,1375,,,OK,,,985.1,,name=classic;level=overwatered;role=disp;spread=46;gpio=34;device_seq=79242;time_source=device_synced;device_timestamp_utc=2026-07-28T11:17:20.483Z;config_id=257fa022;rssi=-59;uptime_s=594330;heap=195500;cal_tier=channel-cal;cal_src=wet_rederive_1236_20260719;pressure_context_source=weather_openmeteo;transport=wifi_poll,
plants.soil,2026-07-28T11:17:43.032Z,2026-07-28 06:17:43.032,25344,6762df,y9d41p,0.7.3,fleet_logger_0_1,594330041,UMLIFE_v2_TLC555,ch3,origplant,soil_moisture,1455,,,OK,,,985.1,,name=classic;level=well watered;role=disp;spread=19;gpio=35;device_seq=79243;time_source=device_synced;device_timestamp_utc=2026-07-28T11:17:20.483Z;config_id=257fa022;rssi=-59;uptime_s=594330;heap=195500;cal_tier=channel-cal;cal_src=wet_rederive_1236_20260719;pressure_context_source=weather_openmeteo;transport=wifi_poll,
plants.env,2026-07-28T11:17:43.032Z,2026-07-28 06:17:43.032,25345,6762df,y9d41p,0.7.3,fleet_logger_0_1,594330797,ESP32,esp32_die,on_chip,die_temp,,52.22,degC,OK,,,,,name=classic;source=esp32_die;cal=uncalibrated_board_proxy;api=temperatureRead;config_id=257fa022;transport=wifi_poll,
plants.soil,2026-07-28T11:18:15.143Z,2026-07-28 06:18:15.143,25346,6762df,y9d41p,0.7.3,fleet_logger_0_1,594360041,UMLIFE_v2_TLC555,ch0,origplant,soil_moisture,1588,,,OK,,,985.1,,name=classic;level=well watered;role=disp;spread=21;gpio=36;device_seq=79244;time_source=device_synced;device_timestamp_utc=2026-07-28T11:17:50.483Z;config_id=257fa022;rssi=-59;uptime_s=594360;heap=195908;cal_tier=channel-cal;cal_src=wet_rederive_1236_20260719;pressure_context_source=weather_openmeteo;transport=wifi_poll,
plants.soil,2026-07-28T11:18:15.143Z,2026-07-28 06:18:15.143,25347,6762df,y9d41p,0.7.3,fleet_logger_0_1,594360041,UMLIFE_v2_TLC555,ch1,origplant,soil_moisture,1714,,,OK,,,985.1,,name=classic;level=OK;role=disp;spread=36;gpio=39;device_seq=79245;time_source=device_synced;device_timestamp_utc=2026-07-28T11:17:50.483Z;config_id=257fa022;rssi=-59;uptime_s=594360;heap=195908;cal_tier=channel-cal;cal_src=wet_rederive_1236_20260719;pressure_context_source=weather_openmeteo;transport=wifi_poll,
plants.soil,2026-07-28T11:18:15.143Z,2026-07-28 06:18:15.143,25348,6762df,y9d41p,0.7.3,fleet_logger_0_1,594360041,UMLIFE_v2_TLC555,ch2,origplant,soil_moisture,1369,,,OK,,,985.1,,name=classic;level=overwatered;role=disp;spread=27;gpio=34;device_seq=79246;time_source=device_synced;device_timestamp_utc=2026-07-28T11:17:50.483Z;config_id=257fa022;rssi=-59;uptime_s=594360;heap=195908;cal_tier=channel-cal;cal_src=wet_rederive_1236_20260719;pressure_context_source=weather_openmeteo;transport=wifi_poll,
plants.soil,2026-07-28T11:18:15.143Z,2026-07-28 06:18:15.143,25349,6762df,y9d41p,0.7.3,fleet_logger_0_1,594360041,UMLIFE_v2_TLC555,ch3,origplant,soil_moisture,1454,,,OK,,,985.1,,name=classic;level=well watered;role=disp;spread=8;gpio=35;device_seq=79247;time_source=device_synced;device_timestamp_utc=2026-07-28T11:17:50.483Z;config_id=257fa022;rssi=-59;uptime_s=594360;heap=195908;cal_tier=channel-cal;cal_src=wet_rederive_1236_20260719;pressure_context_source=weather_openmeteo;transport=wifi_poll,
plants.env,2026-07-28T11:18:15.143Z,2026-07-28 06:18:15.143,25350,6762df,y9d41p,0.7.3,fleet_logger_0_1,594360797,ESP32,esp32_die,on_chip,die_temp,,53.33,degC,OK,,,,,name=classic;source=esp32_die;cal=uncalibrated_board_proxy;api=temperatureRead;config_id=257fa022;transport=wifi_poll,
plants.soil,2026-07-28T11:18:46.600Z,2026-07-28 06:18:46.600,25351,6762df,y9d41p,0.7.3,fleet_logger_0_1,594390041,UMLIFE_v2_TLC555,ch0,origplant,soil_moisture,1584,,,OK,,,985.1,,name=classic;level=well watered;role=disp;spread=49;gpio=36;device_seq=79248;time_source=device_synced;device_timestamp_utc=2026-07-28T11:18:20.483Z;config_id=257fa022;rssi=-60;uptime_s=594390;heap=196160;cal_tier=channel-cal;cal_src=wet_rederive_1236_20260719;pressure_context_source=weather_openmeteo;transport=wifi_poll,
plants.soil,2026-07-28T11:18:46.600Z,2026-07-28 06:18:46.600,25352,6762df,y9d41p,0.7.3,fleet_logger_0_1,594390041,UMLIFE_v2_TLC555,ch1,origplant,soil_moisture,1719,,,OK,,,985.1,,name=classic;level=OK;role=disp;spread=15;gpio=39;device_seq=79249;time_source=device_synced;device_timestamp_utc=2026-07-28T11:18:20.483Z;config_id=257fa022;rssi=-60;uptime_s=594390;heap=196160;cal_tier=channel-cal;cal_src=wet_rederive_1236_20260719;pressure_context_source=weather_openmeteo;transport=wifi_poll,
plants.soil,2026-07-28T11:18:46.600Z,2026-07-28 06:18:46.600,25353,6762df,y9d41p,0.7.3,fleet_logger_0_1,594390041,UMLIFE_v2_TLC555,ch2,origplant,soil_moisture,1374,,,OK,,,985.1,,name=classic;level=overwatered;role=disp;spread=22;gpio=34;device_seq=79250;time_source=device_synced;device_timestamp_utc=2026-07-28T11:18:20.483Z;config_id=257fa022;rssi=-60;uptime_s=594390;heap=196160;cal_tier=channel-cal;cal_src=wet_rederive_1236_20260719;pressure_context_source=weather_openmeteo;transport=wifi_poll,
plants.soil,2026-07-28T11:18:46.600Z,2026-07-28 06:18:46.600,25354,6762df,y9d41p,0.7.3,fleet_logger_0_1,594390041,UMLIFE_v2_TLC555,ch3,origplant,soil_moisture,1455,,,OK,,,985.1,,name=classic;level=well watered;role=disp;spread=30;gpio=35;device_seq=79251;time_source=device_synced;device_timestamp_utc=2026-07-28T11:18:20.483Z;config_id=257fa022;rssi=-60;uptime_s=594390;heap=196160;cal_tier=channel-cal;cal_src=wet_rederive_1236_20260719;pressure_context_source=weather_openmeteo;transport=wifi_poll,
plants.env,2026-07-28T11:18:46.600Z,2026-07-28 06:18:46.600,25355,6762df,y9d41p,0.7.3,fleet_logger_0_1,594390796,ESP32,esp32_die,on_chip,die_temp,,52.78,degC,OK,,,,,name=classic;source=esp32_die;cal=uncalibrated_board_proxy;api=temperatureRead;config_id=257fa022;transport=wifi_poll,
plants.soil,2026-07-28T11:19:17.190Z,2026-07-28 06:19:17.190,25356,6762df,y9d41p,0.7.3,fleet_logger_0_1,594420041,UMLIFE_v2_TLC555,ch0,origplant,soil_moisture,1586,,,OK,,,985.1,,name=classic;level=well watered;role=disp;spread=19;gpio=36;device_seq=79252;time_source=device_synced;device_timestamp_utc=2026-07-28T11:18:50.483Z;config_id=257fa022;rssi=-59;uptime_s=594420;heap=196168;cal_tier=channel-cal;cal_src=wet_rederive_1236_20260719;pressure_context_source=weather_openmeteo;transport=wifi_poll,
plants.soil,2026-07-28T11:19:17.190Z,2026-07-28 06:19:17.190,25357,6762df,y9d41p,0.7.3,fleet_logger_0_1,594420041,UMLIFE_v2_TLC555,ch1,origplant,soil_moisture,1718,,,OK,,,985.1,,name=classic;level=OK;role=disp;spread=34;gpio=39;device_seq=79253;time_source=device_synced;device_timestamp_utc=2026-07-28T11:18:50.483Z;config_id=257fa022;rssi=-59;uptime_s=594420;heap=196168;cal_tier=channel-cal;cal_src=wet_rederive_1236_20260719;pressure_context_source=weather_openmeteo;transport=wifi_poll,
plants.soil,2026-07-28T11:19:17.190Z,2026-07-28 06:19:17.190,25358,6762df,y9d41p,0.7.3,fleet_logger_0_1,594420041,UMLIFE_v2_TLC555,ch2,origplant,soil_moisture,1371,,,OK,,,985.1,,name=classic;level=overwatered;role=disp;spread=23;gpio=34;device_seq=79254;time_source=device_synced;device_timestamp_utc=2026-07-28T11:18:50.483Z;config_id=257fa022;rssi=-59;uptime_s=594420;heap=196168;cal_tier=channel-cal;cal_src=wet_rederive_1236_20260719;pressure_context_source=weather_openmeteo;transport=wifi_poll,
plants.soil,2026-07-28T11:19:17.190Z,2026-07-28 06:19:17.190,25359,6762df,y9d41p,0.7.3,fleet_logger_0_1,594420041,UMLIFE_v2_TLC555,ch3,origplant,soil_moisture,1455,,,OK,,,985.1,,name=classic;level=well watered;role=disp;spread=29;gpio=35;device_seq=79255;time_source=device_synced;device_timestamp_utc=2026-07-28T11:18:50.483Z;config_id=257fa022;rssi=-59;uptime_s=594420;heap=196168;cal_tier=channel-cal;cal_src=wet_rederive_1236_20260719;pressure_context_source=weather_openmeteo;transport=wifi_poll,
plants.env,2026-07-28T11:19:17.190Z,2026-07-28 06:19:17.190,25360,6762df,y9d41p,0.7.3,fleet_logger_0_1,594420797,ESP32,esp32_die,on_chip,die_temp,,52.22,degC,OK,,,,,name=classic;source=esp32_die;cal=uncalibrated_board_proxy;api=temperatureRead;config_id=257fa022;transport=wifi_poll,
plants.soil,2026-07-28T11:19:47.393Z,2026-07-28 06:19:47.393,25361,6762df,y9d41p,0.7.3,fleet_logger_0_1,594450041,UMLIFE_v2_TLC555,ch0,origplant,soil_moisture,1584,,,OK,,,985.1,,name=classic;level=well watered;role=disp;spread=14;gpio=36;device_seq=79256;time_source=device_synced;device_timestamp_utc=2026-07-28T11:19:20.483Z;config_id=257fa022;rssi=-59;uptime_s=594450;heap=195908;cal_tier=channel-cal;cal_src=wet_rederive_1236_20260719;pressure_context_source=weather_openmeteo;transport=wifi_poll,
plants.soil,2026-07-28T11:19:47.393Z,2026-07-28 06:19:47.393,25362,6762df,y9d41p,0.7.3,fleet_logger_0_1,594450041,UMLIFE_v2_TLC555,ch1,origplant,soil_moisture,1717,,,OK,,,985.1,,name=classic;level=OK;role=disp;spread=29;gpio=39;device_seq=79257;time_source=device_synced;device_timestamp_utc=2026-07-28T11:19:20.483Z;config_id=257fa022;rssi=-59;uptime_s=594450;heap=195908;cal_tier=channel-cal;cal_src=wet_rederive_1236_20260719;pressure_context_source=weather_openmeteo;transport=wifi_poll,
plants.soil,2026-07-28T11:19:47.393Z,2026-07-28 06:19:47.393,25363,6762df,y9d41p,0.7.3,fleet_logger_0_1,594450041,UMLIFE_v2_TLC555,ch2,origplant,soil_moisture,1371,,,OK,,,985.1,,name=classic;level=overwatered;role=disp;spread=45;gpio=34;device_seq=79258;time_source=device_synced;device_timestamp_utc=2026-07-28T11:19:20.483Z;config_id=257fa022;rssi=-59;uptime_s=594450;heap=195908;cal_tier=channel-cal;cal_src=wet_rederive_1236_20260719;pressure_context_source=weather_openmeteo;transport=wifi_poll,
plants.soil,2026-07-28T11:19:47.393Z,2026-07-28 06:19:47.393,25364,6762df,y9d41p,0.7.3,fleet_logger_0_1,594450041,UMLIFE_v2_TLC555,ch3,origplant,soil_moisture,1456,,,OK,,,985.1,,name=classic;level=well watered;role=disp;spread=14;gpio=35;device_seq=79259;time_source=device_synced;device_timestamp_utc=2026-07-28T11:19:20.483Z;config_id=257fa022;rssi=-59;uptime_s=594450;heap=195908;cal_tier=channel-cal;cal_src=wet_rederive_1236_20260719;pressure_context_source=weather_openmeteo;transport=wifi_poll,
plants.env,2026-07-28T11:19:47.393Z,2026-07-28 06:19:47.393,25365,6762df,y9d41p,0.7.3,fleet_logger_0_1,594450797,ESP32,esp32_die,on_chip,die_temp,,52.22,degC,OK,,,,,name=classic;source=esp32_die;cal=uncalibrated_board_proxy;api=temperatureRead;config_id=257fa022;transport=wifi_poll,
plants.soil,2026-07-28T11:20:17.903Z,2026-07-28 06:20:17.903,25366,6762df,y9d41p,0.7.3,fleet_logger_0_1,594480041,UMLIFE_v2_TLC555,ch0,origplant,soil_moisture,1585,,,OK,,,985.1,,name=classic;level=well watered;role=disp;spread=42;gpio=36;device_seq=79260;time_source=device_synced;device_timestamp_utc=2026-07-28T11:19:50.483Z;config_id=257fa022;rssi=-58;uptime_s=594480;heap=195904;cal_tier=channel-cal;cal_src=wet_rederive_1236_20260719;pressure_context_source=weather_openmeteo;transport=wifi_poll,
plants.soil,2026-07-28T11:20:17.903Z,2026-07-28 06:20:17.903,25367,6762df,y9d41p,0.7.3,fleet_logger_0_1,594480041,UMLIFE_v2_TLC555,ch1,origplant,soil_moisture,1715,,,OK,,,985.1,,name=classic;level=OK;role=disp;spread=49;gpio=39;device_seq=79261;time_source=device_synced;device_timestamp_utc=2026-07-28T11:19:50.483Z;config_id=257fa022;rssi=-58;uptime_s=594480;heap=195904;cal_tier=channel-cal;cal_src=wet_rederive_1236_20260719;pressure_context_source=weather_openmeteo;transport=wifi_poll,
plants.soil,2026-07-28T11:20:17.903Z,2026-07-28 06:20:17.903,25368,6762df,y9d41p,0.7.3,fleet_logger_0_1,594480041,UMLIFE_v2_TLC555,ch2,origplant,soil_moisture,1370,,,OK,,,985.1,,name=classic;level=overwatered;role=disp;spread=21;gpio=34;device_seq=79262;time_source=device_synced;device_timestamp_utc=2026-07-28T11:19:50.483Z;config_id=257fa022;rssi=-58;uptime_s=594480;heap=195904;cal_tier=channel-cal;cal_src=wet_rederive_1236_20260719;pressure_context_source=weather_openmeteo;transport=wifi_poll,
plants.soil,2026-07-28T11:20:17.903Z,2026-07-28 06:20:17.903,25369,6762df,y9d41p,0.7.3,fleet_logger_0_1,594480041,UMLIFE_v2_TLC555,ch3,origplant,soil_moisture,1460,,,OK,,,985.1,,name=classic;level=well watered;role=disp;spread=16;gpio=35;device_seq=79263;time_source=device_synced;device_timestamp_utc=2026-07-28T11:19:50.483Z;config_id=257fa022;rssi=-58;uptime_s=594480;heap=195904;cal_tier=channel-cal;cal_src=wet_rederive_1236_20260719;pressure_context_source=weather_openmeteo;transport=wifi_poll,
plants.env,2026-07-28T11:20:17.903Z,2026-07-28 06:20:17.903,25370,6762df,y9d41p,0.7.3,fleet_logger_0_1,594480797,ESP32,esp32_die,on_chip,die_temp,,52.78,degC,OK,,,,,name=classic;source=esp32_die;cal=uncalibrated_board_proxy;api=temperatureRead;config_id=257fa022;transport=wifi_poll,
plants.soil,2026-07-28T11:20:48.320Z,2026-07-28 06:20:48.320,25371,6762df,y9d41p,0.7.3,fleet_logger_0_1,594510041,UMLIFE_v2_TLC555,ch0,origplant,soil_moisture,1585,,,OK,,,985.1,,name=classic;level=well watered;role=disp;spread=33;gpio=36;device_seq=79264;time_source=device_synced;device_timestamp_utc=2026-07-28T11:20:20.483Z;config_id=257fa022;rssi=-59;uptime_s=594510;heap=195648;cal_tier=channel-cal;cal_src=wet_rederive_1236_20260719;pressure_context_source=weather_openmeteo;transport=wifi_poll,
plants.soil,2026-07-28T11:20:48.320Z,2026-07-28 06:20:48.320,25372,6762df,y9d41p,0.7.3,fleet_logger_0_1,594510041,UMLIFE_v2_TLC555,ch1,origplant,soil_moisture,1719,,,OK,,,985.1,,name=classic;level=OK;role=disp;spread=25;gpio=39;device_seq=79265;time_source=device_synced;device_timestamp_utc=2026-07-28T11:20:20.483Z;config_id=257fa022;rssi=-59;uptime_s=594510;heap=195648;cal_tier=channel-cal;cal_src=wet_rederive_1236_20260719;pressure_context_source=weather_openmeteo;transport=wifi_poll,
plants.soil,2026-07-28T11:20:48.320Z,2026-07-28 06:20:48.320,25373,6762df,y9d41p,0.7.3,fleet_logger_0_1,594510041,UMLIFE_v2_TLC555,ch2,origplant,soil_moisture,1376,,,OK,,,985.1,,name=classic;level=overwatered;role=disp;spread=47;gpio=34;device_seq=79266;time_source=device_synced;device_timestamp_utc=2026-07-28T11:20:20.483Z;config_id=257fa022;rssi=-59;uptime_s=594510;heap=195648;cal_tier=channel-cal;cal_src=wet_rederive_1236_20260719;pressure_context_source=weather_openmeteo;transport=wifi_poll,
plants.soil,2026-07-28T11:20:48.320Z,2026-07-28 06:20:48.320,25374,6762df,y9d41p,0.7.3,fleet_logger_0_1,594510041,UMLIFE_v2_TLC555,ch3,origplant,soil_moisture,1455,,,OK,,,985.1,,name=classic;level=well watered;role=disp;spread=21;gpio=35;device_seq=79267;time_source=device_synced;device_timestamp_utc=2026-07-28T11:20:20.483Z;config_id=257fa022;rssi=-59;uptime_s=594510;heap=195648;cal_tier=channel-cal;cal_src=wet_rederive_1236_20260719;pressure_context_source=weather_openmeteo;transport=wifi_poll,
plants.env,2026-07-28T11:20:48.320Z,2026-07-28 06:20:48.320,25375,6762df,y9d41p,0.7.3,fleet_logger_0_1,594510797,ESP32,esp32_die,on_chip,die_temp,,52.22,degC,OK,,,,,name=classic;source=esp32_die;cal=uncalibrated_board_proxy;api=temperatureRead;config_id=257fa022;transport=wifi_poll,
plants.soil,2026-07-28T11:21:18.736Z,2026-07-28 06:21:18.736,25376,6762df,y9d41p,0.7.3,fleet_logger_0_1,594540041,UMLIFE_v2_TLC555,ch0,origplant,soil_moisture,1585,,,OK,,,985.1,,name=classic;level=well watered;role=disp;spread=40;gpio=36;device_seq=79268;time_source=device_synced;device_timestamp_utc=2026-07-28T11:20:50.483Z;config_id=257fa022;rssi=-61;uptime_s=594540;heap=195648;cal_tier=channel-cal;cal_src=wet_rederive_1236_20260719;pressure_context_source=weather_openmeteo;transport=wifi_poll,
plants.soil,2026-07-28T11:21:18.736Z,2026-07-28 06:21:18.736,25377,6762df,y9d41p,0.7.3,fleet_logger_0_1,594540041,UMLIFE_v2_TLC555,ch1,origplant,soil_moisture,1719,,,OK,,,985.1,,name=classic;level=OK;role=disp;spread=44;gpio=39;device_seq=79269;time_source=device_synced;device_timestamp_utc=2026-07-28T11:20:50.483Z;config_id=257fa022;rssi=-61;uptime_s=594540;heap=195648;cal_tier=channel-cal;cal_src=wet_rederive_1236_20260719;pressure_context_source=weather_openmeteo;transport=wifi_poll,
plants.soil,2026-07-28T11:21:18.736Z,2026-07-28 06:21:18.736,25378,6762df,y9d41p,0.7.3,fleet_logger_0_1,594540041,UMLIFE_v2_TLC555,ch2,origplant,soil_moisture,1371,,,OK,,,985.1,,name=classic;level=overwatered;role=disp;spread=35;gpio=34;device_seq=79270;time_source=device_synced;device_timestamp_utc=2026-07-28T11:20:50.483Z;config_id=257fa022;rssi=-61;uptime_s=594540;heap=195648;cal_tier=channel-cal;cal_src=wet_rederive_1236_20260719;pressure_context_source=weather_openmeteo;transport=wifi_poll,
plants.soil,2026-07-28T11:21:18.736Z,2026-07-28 06:21:18.736,25379,6762df,y9d41p,0.7.3,fleet_logger_0_1,594540041,UMLIFE_v2_TLC555,ch3,origplant,soil_moisture,1455,,,OK,,,985.1,,name=classic;level=well watered;role=disp;spread=21;gpio=35;device_seq=79271;time_source=device_synced;device_timestamp_utc=2026-07-28T11:20:50.483Z;config_id=257fa022;rssi=-61;uptime_s=594540;heap=195648;cal_tier=channel-cal;cal_src=wet_rederive_1236_20260719;pressure_context_source=weather_openmeteo;transport=wifi_poll,
plants.env,2026-07-28T11:21:18.736Z,2026-07-28 06:21:18.736,25380,6762df,y9d41p,0.7.3,fleet_logger_0_1,594540797,ESP32,esp32_die,on_chip,die_temp,,52.22,degC,OK,,,,,name=classic;source=esp32_die;cal=uncalibrated_board_proxy;api=temperatureRead;config_id=257fa022;transport=wifi_poll,
plants.soil,2026-07-28T11:21:49.076Z,2026-07-28 06:21:49.076,25381,6762df,y9d41p,0.7.3,fleet_logger_0_1,594570041,UMLIFE_v2_TLC555,ch0,origplant,soil_moisture,1589,,,OK,,,985.1,,name=classic;level=well watered;role=disp;spread=13;gpio=36;device_seq=79272;time_source=device_synced;device_timestamp_utc=2026-07-28T11:21:20.483Z;config_id=257fa022;rssi=-61;uptime_s=594570;heap=195896;cal_tier=channel-cal;cal_src=wet_rederive_1236_20260719;pressure_context_source=weather_openmeteo;transport=wifi_poll,
plants.soil,2026-07-28T11:21:49.076Z,2026-07-28 06:21:49.076,25382,6762df,y9d41p,0.7.3,fleet_logger_0_1,594570041,UMLIFE_v2_TLC555,ch1,origplant,soil_moisture,1714,,,OK,,,985.1,,name=classic;level=OK;role=disp;spread=32;gpio=39;device_seq=79273;time_source=device_synced;device_timestamp_utc=2026-07-28T11:21:20.483Z;config_id=257fa022;rssi=-61;uptime_s=594570;heap=195896;cal_tier=channel-cal;cal_src=wet_rederive_1236_20260719;pressure_context_source=weather_openmeteo;transport=wifi_poll,
plants.soil,2026-07-28T11:21:49.076Z,2026-07-28 06:21:49.076,25383,6762df,y9d41p,0.7.3,fleet_logger_0_1,594570041,UMLIFE_v2_TLC555,ch2,origplant,soil_moisture,1370,,,OK,,,985.1,,name=classic;level=overwatered;role=disp;spread=38;gpio=34;device_seq=79274;time_source=device_synced;device_timestamp_utc=2026-07-28T11:21:20.483Z;config_id=257fa022;rssi=-61;uptime_s=594570;heap=195896;cal_tier=channel-cal;cal_src=wet_rederive_1236_20260719;pressure_context_source=weather_openmeteo;transport=wifi_poll,
plants.soil,2026-07-28T11:21:49.076Z,2026-07-28 06:21:49.076,25384,6762df,y9d41p,0.7.3,fleet_logger_0_1,594570041,UMLIFE_v2_TLC555,ch3,origplant,soil_moisture,1452,,,OK,,,985.1,,name=classic;level=well watered;role=disp;spread=20;gpio=35;device_seq=79275;time_source=device_synced;device_timestamp_utc=2026-07-28T11:21:20.483Z;config_id=257fa022;rssi=-61;uptime_s=594570;heap=195896;cal_tier=channel-cal;cal_src=wet_rederive_1236_20260719;pressure_context_source=weather_openmeteo;transport=wifi_poll,
plants.env,2026-07-28T11:21:49.076Z,2026-07-28 06:21:49.076,25385,6762df,y9d41p,0.7.3,fleet_logger_0_1,594570797,ESP32,esp32_die,on_chip,die_temp,,52.78,degC,OK,,,,,name=classic;source=esp32_die;cal=uncalibrated_board_proxy;api=temperatureRead;config_id=257fa022;transport=wifi_poll,
plants.soil,2026-07-28T11:22:19.359Z,2026-07-28 06:22:19.359,25386,6762df,y9d41p,0.7.3,fleet_logger_0_1,594600041,UMLIFE_v2_TLC555,ch0,origplant,soil_moisture,1586,,,OK,,,985.1,,name=classic;level=well watered;role=disp;spread=42;gpio=36;device_seq=79276;time_source=device_synced;device_timestamp_utc=2026-07-28T11:21:50.483Z;config_id=257fa022;rssi=-61;uptime_s=594600;heap=195896;cal_tier=channel-cal;cal_src=wet_rederive_1236_20260719;pressure_context_source=weather_openmeteo;transport=wifi_poll,
plants.soil,2026-07-28T11:22:19.359Z,2026-07-28 06:22:19.359,25387,6762df,y9d41p,0.7.3,fleet_logger_0_1,594600041,UMLIFE_v2_TLC555,ch1,origplant,soil_moisture,1720,,,OK,,,985.1,,name=classic;level=OK;role=disp;spread=31;gpio=39;device_seq=79277;time_source=device_synced;device_timestamp_utc=2026-07-28T11:21:50.483Z;config_id=257fa022;rssi=-61;uptime_s=594600;heap=195896;cal_tier=channel-cal;cal_src=wet_rederive_1236_20260719;pressure_context_source=weather_openmeteo;transport=wifi_poll,
plants.soil,2026-07-28T11:22:19.359Z,2026-07-28 06:22:19.359,25388,6762df,y9d41p,0.7.3,fleet_logger_0_1,594600041,UMLIFE_v2_TLC555,ch2,origplant,soil_moisture,1371,,,OK,,,985.1,,name=classic;level=overwatered;role=disp;spread=58;gpio=34;device_seq=79278;time_source=device_synced;device_timestamp_utc=2026-07-28T11:21:50.483Z;config_id=257fa022;rssi=-61;uptime_s=594600;heap=195896;cal_tier=channel-cal;cal_src=wet_rederive_1236_20260719;pressure_context_source=weather_openmeteo;transport=wifi_poll,
plants.soil,2026-07-28T11:22:19.359Z,2026-07-28 06:22:19.359,25389,6762df,y9d41p,0.7.3,fleet_logger_0_1,594600041,UMLIFE_v2_TLC555,ch3,origplant,soil_moisture,1453,,,OK,,,985.1,,name=classic;level=well watered;role=disp;spread=15;gpio=35;device_seq=79279;time_source=device_synced;device_timestamp_utc=2026-07-28T11:21:50.483Z;config_id=257fa022;rssi=-61;uptime_s=594600;heap=195896;cal_tier=channel-cal;cal_src=wet_rederive_1236_20260719;pressure_context_source=weather_openmeteo;transport=wifi_poll,
plants.env,2026-07-28T11:22:19.359Z,2026-07-28 06:22:19.359,25390,6762df,y9d41p,0.7.3,fleet_logger_0_1,594601863,ESP32,esp32_die,on_chip,die_temp,,52.78,degC,OK,,,,,name=classic;source=esp32_die;cal=uncalibrated_board_proxy;api=temperatureRead;config_id=257fa022;transport=wifi_poll,
plants.soil,2026-07-28T11:22:51.642Z,2026-07-28 06:22:51.642,25391,6762df,y9d41p,0.7.3,fleet_logger_0_1,594660041,UMLIFE_v2_TLC555,ch0,origplant,soil_moisture,1583,,,OK,,,985.1,,name=classic;level=well watered;role=disp;spread=40;gpio=36;device_seq=79284;time_source=device_synced;device_timestamp_utc=2026-07-28T11:22:50.483Z;config_id=257fa022;rssi=-62;uptime_s=594660;heap=195888;cal_tier=channel-cal;cal_src=wet_rederive_1236_20260719;pressure_context_source=weather_openmeteo;transport=wifi_poll,
plants.soil,2026-07-28T11:22:51.642Z,2026-07-28 06:22:51.642,25392,6762df,y9d41p,0.7.3,fleet_logger_0_1,594660041,UMLIFE_v2_TLC555,ch1,origplant,soil_moisture,1712,,,OK,,,985.1,,name=classic;level=OK;role=disp;spread=35;gpio=39;device_seq=79285;time_source=device_synced;device_timestamp_utc=2026-07-28T11:22:50.483Z;config_id=257fa022;rssi=-62;uptime_s=594660;heap=195888;cal_tier=channel-cal;cal_src=wet_rederive_1236_20260719;pressure_context_source=weather_openmeteo;transport=wifi_poll,
plants.soil,2026-07-28T11:22:51.642Z,2026-07-28 06:22:51.642,25393,6762df,y9d41p,0.7.3,fleet_logger_0_1,594660041,UMLIFE_v2_TLC555,ch2,origplant,soil_moisture,1375,,,OK,,,985.1,,name=classic;level=overwatered;role=disp;spread=27;gpio=34;device_seq=79286;time_source=device_synced;device_timestamp_utc=2026-07-28T11:22:50.483Z;config_id=257fa022;rssi=-62;uptime_s=594660;heap=195888;cal_tier=channel-cal;cal_src=wet_rederive_1236_20260719;pressure_context_source=weather_openmeteo;transport=wifi_poll,
plants.soil,2026-07-28T11:22:51.642Z,2026-07-28 06:22:51.642,25394,6762df,y9d41p,0.7.3,fleet_logger_0_1,594660041,UMLIFE_v2_TLC555,ch3,origplant,soil_moisture,1458,,,OK,,,985.1,,name=classic;level=well watered;role=disp;spread=25;gpio=35;device_seq=79287;time_source=device_synced;device_timestamp_utc=2026-07-28T11:22:50.483Z;config_id=257fa022;rssi=-62;uptime_s=594660;heap=195888;cal_tier=channel-cal;cal_src=wet_rederive_1236_20260719;pressure_context_source=weather_openmeteo;transport=wifi_poll,
plants.env,2026-07-28T11:22:51.642Z,2026-07-28 06:22:51.642,25395,6762df,y9d41p,0.7.3,fleet_logger_0_1,594660796,ESP32,esp32_die,on_chip,die_temp,,53.33,degC,OK,,,,,name=classic;source=esp32_die;cal=uncalibrated_board_proxy;api=temperatureRead;config_id=257fa022;transport=wifi_poll,
plants.soil,2026-07-28T11:23:23.767Z,2026-07-28 06:23:23.767,25396,6762df,y9d41p,0.7.3,fleet_logger_0_1,594690041,UMLIFE_v2_TLC555,ch0,origplant,soil_moisture,1565,,,OK,,,985.1,,name=classic;level=well watered;role=disp;spread=20;gpio=36;device_seq=79288;time_source=device_synced;device_timestamp_utc=2026-07-28T11:23:20.483Z;config_id=257fa022;rssi=-62;uptime_s=594690;heap=195604;cal_tier=channel-cal;cal_src=wet_rederive_1236_20260719;pressure_context_source=weather_openmeteo;transport=wifi_poll,
plants.soil,2026-07-28T11:23:23.767Z,2026-07-28 06:23:23.767,25397,6762df,y9d41p,0.7.3,fleet_logger_0_1,594690041,UMLIFE_v2_TLC555,ch1,origplant,soil_moisture,1697,,,OK,,,985.1,,name=classic;level=OK;role=disp;spread=25;gpio=39;device_seq=79289;time_source=device_synced;device_timestamp_utc=2026-07-28T11:23:20.483Z;config_id=257fa022;rssi=-62;uptime_s=594690;heap=195604;cal_tier=channel-cal;cal_src=wet_rederive_1236_20260719;pressure_context_source=weather_openmeteo;transport=wifi_poll,
plants.soil,2026-07-28T11:23:23.767Z,2026-07-28 06:23:23.767,25398,6762df,y9d41p,0.7.3,fleet_logger_0_1,594690041,UMLIFE_v2_TLC555,ch2,origplant,soil_moisture,1346,,,OK,,,985.1,,name=classic;level=overwatered;role=disp;spread=17;gpio=34;device_seq=79290;time_source=device_synced;device_timestamp_utc=2026-07-28T11:23:20.483Z;config_id=257fa022;rssi=-62;uptime_s=594690;heap=195604;cal_tier=channel-cal;cal_src=wet_rederive_1236_20260719;pressure_context_source=weather_openmeteo;transport=wifi_poll,
plants.soil,2026-07-28T11:23:23.767Z,2026-07-28 06:23:23.767,25399,6762df,y9d41p,0.7.3,fleet_logger_0_1,594690041,UMLIFE_v2_TLC555,ch3,origplant,soil_moisture,1426,,,OK,,,985.1,,name=classic;level=well watered;role=disp;spread=29;gpio=35;device_seq=79291;time_source=device_synced;device_timestamp_utc=2026-07-28T11:23:20.483Z;config_id=257fa022;rssi=-62;uptime_s=594690;heap=195604;cal_tier=channel-cal;cal_src=wet_rederive_1236_20260719;pressure_context_source=weather_openmeteo;transport=wifi_poll,
plants.env,2026-07-28T11:23:23.767Z,2026-07-28 06:23:23.767,25400,6762df,y9d41p,0.7.3,fleet_logger_0_1,594690796,ESP32,esp32_die,on_chip,die_temp,,52.78,degC,OK,,,,,name=classic;source=esp32_die;cal=uncalibrated_board_proxy;api=temperatureRead;config_id=257fa022;transport=wifi_poll,
plants.soil,2026-07-28T11:23:54.106Z,2026-07-28 06:23:54.106,25401,6762df,y9d41p,0.7.3,fleet_logger_0_1,594720041,UMLIFE_v2_TLC555,ch0,origplant,soil_moisture,1559,,,OK,,,985.1,,name=classic;level=well watered;role=disp;spread=18;gpio=36;device_seq=79292;time_source=device_synced;device_timestamp_utc=2026-07-28T11:23:50.483Z;config_id=257fa022;rssi=-60;uptime_s=594720;heap=195904;cal_tier=channel-cal;cal_src=wet_rederive_1236_20260719;pressure_context_source=weather_openmeteo;transport=wifi_poll,
plants.soil,2026-07-28T11:23:54.106Z,2026-07-28 06:23:54.106,25402,6762df,y9d41p,0.7.3,fleet_logger_0_1,594720041,UMLIFE_v2_TLC555,ch1,origplant,soil_moisture,1688,,,OK,,,985.1,,name=classic;level=OK;role=disp;spread=20;gpio=39;device_seq=79293;time_source=device_synced;device_timestamp_utc=2026-07-28T11:23:50.483Z;config_id=257fa022;rssi=-60;uptime_s=594720;heap=195904;cal_tier=channel-cal;cal_src=wet_rederive_1236_20260719;pressure_context_source=weather_openmeteo;transport=wifi_poll,
plants.soil,2026-07-28T11:23:54.106Z,2026-07-28 06:23:54.106,25403,6762df,y9d41p,0.7.3,fleet_logger_0_1,594720041,UMLIFE_v2_TLC555,ch2,origplant,soil_moisture,1342,,,OK,,,985.1,,name=classic;level=overwatered;role=disp;spread=38;gpio=34;device_seq=79294;time_source=device_synced;device_timestamp_utc=2026-07-28T11:23:50.483Z;config_id=257fa022;rssi=-60;uptime_s=594720;heap=195904;cal_tier=channel-cal;cal_src=wet_rederive_1236_20260719;pressure_context_source=weather_openmeteo;transport=wifi_poll,
plants.soil,2026-07-28T11:23:54.106Z,2026-07-28 06:23:54.106,25404,6762df,y9d41p,0.7.3,fleet_logger_0_1,594720041,UMLIFE_v2_TLC555,ch3,origplant,soil_moisture,1431,,,OK,,,985.1,,name=classic;level=well watered;role=disp;spread=12;gpio=35;device_seq=79295;time_source=device_synced;device_timestamp_utc=2026-07-28T11:23:50.483Z;config_id=257fa022;rssi=-60;uptime_s=594720;heap=195904;cal_tier=channel-cal;cal_src=wet_rederive_1236_20260719;pressure_context_source=weather_openmeteo;transport=wifi_poll,
plants.env,2026-07-28T11:23:54.106Z,2026-07-28 06:23:54.106,25405,6762df,y9d41p,0.7.3,fleet_logger_0_1,594720797,ESP32,esp32_die,on_chip,die_temp,,52.22,degC,OK,,,,,name=classic;source=esp32_die;cal=uncalibrated_board_proxy;api=temperatureRead;config_id=257fa022;transport=wifi_poll,
plants.soil,2026-07-28T11:24:24.496Z,2026-07-28 06:24:24.496,25406,6762df,y9d41p,0.7.3,fleet_logger_0_1,594750041,UMLIFE_v2_TLC555,ch0,origplant,soil_moisture,1562,,,OK,,,985.1,,name=classic;level=well watered;role=disp;spread=32;gpio=36;device_seq=79296;time_source=device_synced;device_timestamp_utc=2026-07-28T11:24:20.483Z;config_id=257fa022;rssi=-61;uptime_s=594750;heap=196168;cal_tier=channel-cal;cal_src=wet_rederive_1236_20260719;pressure_context_source=weather_openmeteo;transport=wifi_poll,
plants.soil,2026-07-28T11:24:24.496Z,2026-07-28 06:24:24.496,25407,6762df,y9d41p,0.7.3,fleet_logger_0_1,594750041,UMLIFE_v2_TLC555,ch1,origplant,soil_moisture,1688,,,OK,,,985.1,,name=classic;level=OK;role=disp;spread=28;gpio=39;device_seq=79297;time_source=device_synced;device_timestamp_utc=2026-07-28T11:24:20.483Z;config_id=257fa022;rssi=-61;uptime_s=594750;heap=196168;cal_tier=channel-cal;cal_src=wet_rederive_1236_20260719;pressure_context_source=weather_openmeteo;transport=wifi_poll,
plants.soil,2026-07-28T11:24:24.496Z,2026-07-28 06:24:24.496,25408,6762df,y9d41p,0.7.3,fleet_logger_0_1,594750041,UMLIFE_v2_TLC555,ch2,origplant,soil_moisture,1341,,,OK,,,985.1,,name=classic;level=overwatered;role=disp;spread=63;gpio=34;device_seq=79298;time_source=device_synced;device_timestamp_utc=2026-07-28T11:24:20.483Z;config_id=257fa022;rssi=-61;uptime_s=594750;heap=196168;cal_tier=channel-cal;cal_src=wet_rederive_1236_20260719;pressure_context_source=weather_openmeteo;transport=wifi_poll,
plants.soil,2026-07-28T11:24:24.496Z,2026-07-28 06:24:24.496,25409,6762df,y9d41p,0.7.3,fleet_logger_0_1,594750041,UMLIFE_v2_TLC555,ch3,origplant,soil_moisture,1427,,,OK,,,985.1,,name=classic;level=well watered;role=disp;spread=9;gpio=35;device_seq=79299;time_source=device_synced;device_timestamp_utc=2026-07-28T11:24:20.483Z;config_id=257fa022;rssi=-61;uptime_s=594750;heap=196168;cal_tier=channel-cal;cal_src=wet_rederive_1236_20260719;pressure_context_source=weather_openmeteo;transport=wifi_poll,
plants.env,2026-07-28T11:24:24.496Z,2026-07-28 06:24:24.496,25410,6762df,y9d41p,0.7.3,fleet_logger_0_1,594750797,ESP32,esp32_die,on_chip,die_temp,,52.22,degC,OK,,,,,name=classic;source=esp32_die;cal=uncalibrated_board_proxy;api=temperatureRead;config_id=257fa022;transport=wifi_poll,
plants.soil,2026-07-28T11:24:54.852Z,2026-07-28 06:24:54.852,25411,6762df,y9d41p,0.7.3,fleet_logger_0_1,594780041,UMLIFE_v2_TLC555,ch0,origplant,soil_moisture,1585,,,OK,,,985.1,,name=classic;level=well watered;role=disp;spread=50;gpio=36;device_seq=79300;time_source=device_synced;device_timestamp_utc=2026-07-28T11:24:50.483Z;config_id=257fa022;rssi=-70;uptime_s=594780;heap=195900;cal_tier=channel-cal;cal_src=wet_rederive_1236_20260719;pressure_context_source=weather_openmeteo;transport=wifi_poll,
plants.soil,2026-07-28T11:24:54.852Z,2026-07-28 06:24:54.852,25412,6762df,y9d41p,0.7.3,fleet_logger_0_1,594780041,UMLIFE_v2_TLC555,ch1,origplant,soil_moisture,1715,,,OK,,,985.1,,name=classic;level=OK;role=disp;spread=46;gpio=39;device_seq=79301;time_source=device_synced;device_timestamp_utc=2026-07-28T11:24:50.483Z;config_id=257fa022;rssi=-70;uptime_s=594780;heap=195900;cal_tier=channel-cal;cal_src=wet_rederive_1236_20260719;pressure_context_source=weather_openmeteo;transport=wifi_poll,
plants.soil,2026-07-28T11:24:54.852Z,2026-07-28 06:24:54.852,25413,6762df,y9d41p,0.7.3,fleet_logger_0_1,594780041,UMLIFE_v2_TLC555,ch2,origplant,soil_moisture,1366,,,OK,,,985.1,,name=classic;level=overwatered;role=disp;spread=17;gpio=34;device_seq=79302;time_source=device_synced;device_timestamp_utc=2026-07-28T11:24:50.483Z;config_id=257fa022;rssi=-70;uptime_s=594780;heap=195900;cal_tier=channel-cal;cal_src=wet_rederive_1236_20260719;pressure_context_source=weather_openmeteo;transport=wifi_poll,
plants.soil,2026-07-28T11:24:54.852Z,2026-07-28 06:24:54.852,25414,6762df,y9d41p,0.7.3,fleet_logger_0_1,594780041,UMLIFE_v2_TLC555,ch3,origplant,soil_moisture,1457,,,OK,,,985.1,,name=classic;level=well watered;role=disp;spread=10;gpio=35;device_seq=79303;time_source=device_synced;device_timestamp_utc=2026-07-28T11:24:50.483Z;config_id=257fa022;rssi=-70;uptime_s=594780;heap=195900;cal_tier=channel-cal;cal_src=wet_rederive_1236_20260719;pressure_context_source=weather_openmeteo;transport=wifi_poll,
plants.env,2026-07-28T11:24:54.852Z,2026-07-28 06:24:54.852,25415,6762df,y9d41p,0.7.3,fleet_logger_0_1,594780797,ESP32,esp32_die,on_chip,die_temp,,52.78,degC,OK,,,,,name=classic;source=esp32_die;cal=uncalibrated_board_proxy;api=temperatureRead;config_id=257fa022;transport=wifi_poll,
plants.soil,2026-07-28T11:25:25.110Z,2026-07-28 06:25:25.110,25416,6762df,y9d41p,0.7.3,fleet_logger_0_1,594810041,UMLIFE_v2_TLC555,ch0,origplant,soil_moisture,1584,,,OK,,,985.1,,name=classic;level=well watered;role=disp;spread=21;gpio=36;device_seq=79304;time_source=device_synced;device_timestamp_utc=2026-07-28T11:25:20.483Z;config_id=257fa022;rssi=-61;uptime_s=594810;heap=195908;cal_tier=channel-cal;cal_src=wet_rederive_1236_20260719;pressure_context_source=weather_openmeteo;transport=wifi_poll,
plants.soil,2026-07-28T11:25:25.110Z,2026-07-28 06:25:25.110,25417,6762df,y9d41p,0.7.3,fleet_logger_0_1,594810041,UMLIFE_v2_TLC555,ch1,origplant,soil_moisture,1713,,,OK,,,985.1,,name=classic;level=OK;role=disp;spread=38;gpio=39;device_seq=79305;time_source=device_synced;device_timestamp_utc=2026-07-28T11:25:20.483Z;config_id=257fa022;rssi=-61;uptime_s=594810;heap=195908;cal_tier=channel-cal;cal_src=wet_rederive_1236_20260719;pressure_context_source=weather_openmeteo;transport=wifi_poll,
plants.soil,2026-07-28T11:25:25.110Z,2026-07-28 06:25:25.110,25418,6762df,y9d41p,0.7.3,fleet_logger_0_1,594810041,UMLIFE_v2_TLC555,ch2,origplant,soil_moisture,1377,,,OK,,,985.1,,name=classic;level=overwatered;role=disp;spread=51;gpio=34;device_seq=79306;time_source=device_synced;device_timestamp_utc=2026-07-28T11:25:20.483Z;config_id=257fa022;rssi=-61;uptime_s=594810;heap=195908;cal_tier=channel-cal;cal_src=wet_rederive_1236_20260719;pressure_context_source=weather_openmeteo;transport=wifi_poll,
plants.soil,2026-07-28T11:25:25.110Z,2026-07-28 06:25:25.110,25419,6762df,y9d41p,0.7.3,fleet_logger_0_1,594810041,UMLIFE_v2_TLC555,ch3,origplant,soil_moisture,1456,,,OK,,,985.1,,name=classic;level=well watered;role=disp;spread=28;gpio=35;device_seq=79307;time_source=device_synced;device_timestamp_utc=2026-07-28T11:25:20.483Z;config_id=257fa022;rssi=-61;uptime_s=594810;heap=195908;cal_tier=channel-cal;cal_src=wet_rederive_1236_20260719;pressure_context_source=weather_openmeteo;transport=wifi_poll,
plants.env,2026-07-28T11:25:25.110Z,2026-07-28 06:25:25.110,25420,6762df,y9d41p,0.7.3,fleet_logger_0_1,594810797,ESP32,esp32_die,on_chip,die_temp,,52.22,degC,OK,,,,,name=classic;source=esp32_die;cal=uncalibrated_board_proxy;api=temperatureRead;config_id=257fa022;transport=wifi_poll,
plants.soil,2026-07-28T11:25:55.421Z,2026-07-28 06:25:55.421,25421,6762df,y9d41p,0.7.3,fleet_logger_0_1,594840041,UMLIFE_v2_TLC555,ch0,origplant,soil_moisture,1584,,,OK,,,985.1,,name=classic;level=well watered;role=disp;spread=33;gpio=36;device_seq=79308;time_source=device_synced;device_timestamp_utc=2026-07-28T11:25:50.483Z;config_id=257fa022;rssi=-61;uptime_s=594840;heap=195896;cal_tier=channel-cal;cal_src=wet_rederive_1236_20260719;pressure_context_source=weather_openmeteo;transport=wifi_poll,
plants.soil,2026-07-28T11:25:55.421Z,2026-07-28 06:25:55.421,25422,6762df,y9d41p,0.7.3,fleet_logger_0_1,594840041,UMLIFE_v2_TLC555,ch1,origplant,soil_moisture,1714,,,OK,,,985.1,,name=classic;level=OK;role=disp;spread=43;gpio=39;device_seq=79309;time_source=device_synced;device_timestamp_utc=2026-07-28T11:25:50.483Z;config_id=257fa022;rssi=-61;uptime_s=594840;heap=195896;cal_tier=channel-cal;cal_src=wet_rederive_1236_20260719;pressure_context_source=weather_openmeteo;transport=wifi_poll,
plants.soil,2026-07-28T11:25:55.421Z,2026-07-28 06:25:55.421,25423,6762df,y9d41p,0.7.3,fleet_logger_0_1,594840041,UMLIFE_v2_TLC555,ch2,origplant,soil_moisture,1372,,,OK,,,985.1,,name=classic;level=overwatered;role=disp;spread=29;gpio=34;device_seq=79310;time_source=device_synced;device_timestamp_utc=2026-07-28T11:25:50.483Z;config_id=257fa022;rssi=-61;uptime_s=594840;heap=195896;cal_tier=channel-cal;cal_src=wet_rederive_1236_20260719;pressure_context_source=weather_openmeteo;transport=wifi_poll,
plants.soil,2026-07-28T11:25:55.421Z,2026-07-28 06:25:55.421,25424,6762df,y9d41p,0.7.3,fleet_logger_0_1,594840041,UMLIFE_v2_TLC555,ch3,origplant,soil_moisture,1458,,,OK,,,985.1,,name=classic;level=well watered;role=disp;spread=17;gpio=35;device_seq=79311;time_source=device_synced;device_timestamp_utc=2026-07-28T11:25:50.483Z;config_id=257fa022;rssi=-61;uptime_s=594840;heap=195896;cal_tier=channel-cal;cal_src=wet_rederive_1236_20260719;pressure_context_source=weather_openmeteo;transport=wifi_poll,
plants.env,2026-07-28T11:25:55.421Z,2026-07-28 06:25:55.421,25425,6762df,y9d41p,0.7.3,fleet_logger_0_1,594840797,ESP32,esp32_die,on_chip,die_temp,,52.78,degC,OK,,,,,name=classic;source=esp32_die;cal=uncalibrated_board_proxy;api=temperatureRead;config_id=257fa022;transport=wifi_poll,
plants.soil,2026-07-28T11:26:25.862Z,2026-07-28 06:26:25.862,25426,6762df,y9d41p,0.7.3,fleet_logger_0_1,594870041,UMLIFE_v2_TLC555,ch0,origplant,soil_moisture,1589,,,OK,,,985.1,,name=classic;level=well watered;role=disp;spread=32;gpio=36;device_seq=79312;time_source=device_synced;device_timestamp_utc=2026-07-28T11:26:20.483Z;config_id=257fa022;rssi=-61;uptime_s=594870;heap=195636;cal_tier=channel-cal;cal_src=wet_rederive_1236_20260719;pressure_context_source=weather_openmeteo;transport=wifi_poll,
plants.soil,2026-07-28T11:26:25.862Z,2026-07-28 06:26:25.862,25427,6762df,y9d41p,0.7.3,fleet_logger_0_1,594870041,UMLIFE_v2_TLC555,ch1,origplant,soil_moisture,1711,,,OK,,,985.1,,name=classic;level=OK;role=disp;spread=40;gpio=39;device_seq=79313;time_source=device_synced;device_timestamp_utc=2026-07-28T11:26:20.483Z;config_id=257fa022;rssi=-61;uptime_s=594870;heap=195636;cal_tier=channel-cal;cal_src=wet_rederive_1236_20260719;pressure_context_source=weather_openmeteo;transport=wifi_poll,
plants.soil,2026-07-28T11:26:25.862Z,2026-07-28 06:26:25.862,25428,6762df,y9d41p,0.7.3,fleet_logger_0_1,594870041,UMLIFE_v2_TLC555,ch2,origplant,soil_moisture,1373,,,OK,,,985.1,,name=classic;level=overwatered;role=disp;spread=34;gpio=34;device_seq=79314;time_source=device_synced;device_timestamp_utc=2026-07-28T11:26:20.483Z;config_id=257fa022;rssi=-61;uptime_s=594870;heap=195636;cal_tier=channel-cal;cal_src=wet_rederive_1236_20260719;pressure_context_source=weather_openmeteo;transport=wifi_poll,
plants.soil,2026-07-28T11:26:25.862Z,2026-07-28 06:26:25.862,25429,6762df,y9d41p,0.7.3,fleet_logger_0_1,594870041,UMLIFE_v2_TLC555,ch3,origplant,soil_moisture,1459,,,OK,,,985.1,,name=classic;level=well watered;role=disp;spread=21;gpio=35;device_seq=79315;time_source=device_synced;device_timestamp_utc=2026-07-28T11:26:20.483Z;config_id=257fa022;rssi=-61;uptime_s=594870;heap=195636;cal_tier=channel-cal;cal_src=wet_rederive_1236_20260719;pressure_context_source=weather_openmeteo;transport=wifi_poll,
plants.env,2026-07-28T11:26:25.862Z,2026-07-28 06:26:25.862,25430,6762df,y9d41p,0.7.3,fleet_logger_0_1,594870797,ESP32,esp32_die,on_chip,die_temp,,52.22,degC,OK,,,,,name=classic;source=esp32_die;cal=uncalibrated_board_proxy;api=temperatureRead;config_id=257fa022;transport=wifi_poll,
plants.soil,2026-07-28T11:26:56.136Z,2026-07-28 06:26:56.136,25431,6762df,y9d41p,0.7.3,fleet_logger_0_1,594900041,UMLIFE_v2_TLC555,ch0,origplant,soil_moisture,1585,,,OK,,,985.1,,name=classic;level=well watered;role=disp;spread=14;gpio=36;device_seq=79316;time_source=device_synced;device_timestamp_utc=2026-07-28T11:26:50.483Z;config_id=257fa022;rssi=-62;uptime_s=594900;heap=195636;cal_tier=channel-cal;cal_src=wet_rederive_1236_20260719;pressure_context_source=weather_openmeteo;transport=wifi_poll,
plants.soil,2026-07-28T11:26:56.136Z,2026-07-28 06:26:56.136,25432,6762df,y9d41p,0.7.3,fleet_logger_0_1,594900041,UMLIFE_v2_TLC555,ch1,origplant,soil_moisture,1716,,,OK,,,985.1,,name=classic;level=OK;role=disp;spread=28;gpio=39;device_seq=79317;time_source=device_synced;device_timestamp_utc=2026-07-28T11:26:50.483Z;config_id=257fa022;rssi=-62;uptime_s=594900;heap=195636;cal_tier=channel-cal;cal_src=wet_rederive_1236_20260719;pressure_context_source=weather_openmeteo;transport=wifi_poll,
plants.soil,2026-07-28T11:26:56.136Z,2026-07-28 06:26:56.136,25433,6762df,y9d41p,0.7.3,fleet_logger_0_1,594900041,UMLIFE_v2_TLC555,ch2,origplant,soil_moisture,1369,,,OK,,,985.1,,name=classic;level=overwatered;role=disp;spread=25;gpio=34;device_seq=79318;time_source=device_synced;device_timestamp_utc=2026-07-28T11:26:50.483Z;config_id=257fa022;rssi=-62;uptime_s=594900;heap=195636;cal_tier=channel-cal;cal_src=wet_rederive_1236_20260719;pressure_context_source=weather_openmeteo;transport=wifi_poll,
plants.soil,2026-07-28T11:26:56.136Z,2026-07-28 06:26:56.136,25434,6762df,y9d41p,0.7.3,fleet_logger_0_1,594900041,UMLIFE_v2_TLC555,ch3,origplant,soil_moisture,1453,,,OK,,,985.1,,name=classic;level=well watered;role=disp;spread=18;gpio=35;device_seq=79319;time_source=device_synced;device_timestamp_utc=2026-07-28T11:26:50.483Z;config_id=257fa022;rssi=-62;uptime_s=594900;heap=195636;cal_tier=channel-cal;cal_src=wet_rederive_1236_20260719;pressure_context_source=weather_openmeteo;transport=wifi_poll,
plants.env,2026-07-28T11:26:56.136Z,2026-07-28 06:26:56.136,25435,6762df,y9d41p,0.7.3,fleet_logger_0_1,594900797,ESP32,esp32_die,on_chip,die_temp,,52.22,degC,OK,,,,,name=classic;source=esp32_die;cal=uncalibrated_board_proxy;api=temperatureRead;config_id=257fa022;transport=wifi_poll,
plants.soil,2026-07-28T11:27:26.459Z,2026-07-28 06:27:26.459,25436,6762df,y9d41p,0.7.3,fleet_logger_0_1,594930041,UMLIFE_v2_TLC555,ch0,origplant,soil_moisture,1572,,,OK,,,985.3,,name=classic;level=well watered;role=disp;spread=23;gpio=36;device_seq=79320;time_source=device_synced;device_timestamp_utc=2026-07-28T11:27:20.483Z;config_id=257fa022;rssi=-60;uptime_s=594930;heap=195908;cal_tier=channel-cal;cal_src=wet_rederive_1236_20260719;pressure_context_source=weather_openmeteo;transport=wifi_poll,
plants.soil,2026-07-28T11:27:26.459Z,2026-07-28 06:27:26.459,25437,6762df,y9d41p,0.7.3,fleet_logger_0_1,594930041,UMLIFE_v2_TLC555,ch1,origplant,soil_moisture,1708,,,OK,,,985.3,,name=classic;level=OK;role=disp;spread=37;gpio=39;device_seq=79321;time_source=device_synced;device_timestamp_utc=2026-07-28T11:27:20.483Z;config_id=257fa022;rssi=-60;uptime_s=594930;heap=195908;cal_tier=channel-cal;cal_src=wet_rederive_1236_20260719;pressure_context_source=weather_openmeteo;transport=wifi_poll,
plants.soil,2026-07-28T11:27:26.459Z,2026-07-28 06:27:26.459,25438,6762df,y9d41p,0.7.3,fleet_logger_0_1,594930041,UMLIFE_v2_TLC555,ch2,origplant,soil_moisture,1374,,,OK,,,985.3,,name=classic;level=overwatered;role=disp;spread=54;gpio=34;device_seq=79322;time_source=device_synced;device_timestamp_utc=2026-07-28T11:27:20.483Z;config_id=257fa022;rssi=-60;uptime_s=594930;heap=195908;cal_tier=channel-cal;cal_src=wet_rederive_1236_20260719;pressure_context_source=weather_openmeteo;transport=wifi_poll,
plants.soil,2026-07-28T11:27:26.459Z,2026-07-28 06:27:26.459,25439,6762df,y9d41p,0.7.3,fleet_logger_0_1,594930041,UMLIFE_v2_TLC555,ch3,origplant,soil_moisture,1461,,,OK,,,985.3,,name=classic;level=well watered;role=disp;spread=18;gpio=35;device_seq=79323;time_source=device_synced;device_timestamp_utc=2026-07-28T11:27:20.483Z;config_id=257fa022;rssi=-60;uptime_s=594930;heap=195908;cal_tier=channel-cal;cal_src=wet_rederive_1236_20260719;pressure_context_source=weather_openmeteo;transport=wifi_poll,
plants.env,2026-07-28T11:27:26.459Z,2026-07-28 06:27:26.459,25440,6762df,y9d41p,0.7.3,fleet_logger_0_1,594930797,ESP32,esp32_die,on_chip,die_temp,,51.67,degC,OK,,,,,name=classic;source=esp32_die;cal=uncalibrated_board_proxy;api=temperatureRead;config_id=257fa022;transport=wifi_poll,
plants.soil,2026-07-28T11:27:56.971Z,2026-07-28 06:27:56.971,25441,6762df,y9d41p,0.7.3,fleet_logger_0_1,594960041,UMLIFE_v2_TLC555,ch0,origplant,soil_moisture,1584,,,OK,,,985.3,,name=classic;level=well watered;role=disp;spread=38;gpio=36;device_seq=79324;time_source=device_synced;device_timestamp_utc=2026-07-28T11:27:50.483Z;config_id=257fa022;rssi=-61;uptime_s=594960;heap=195904;cal_tier=channel-cal;cal_src=wet_rederive_1236_20260719;pressure_context_source=weather_openmeteo;transport=wifi_poll,
plants.soil,2026-07-28T11:27:56.971Z,2026-07-28 06:27:56.971,25442,6762df,y9d41p,0.7.3,fleet_logger_0_1,594960041,UMLIFE_v2_TLC555,ch1,origplant,soil_moisture,1715,,,OK,,,985.3,,name=classic;level=OK;role=disp;spread=25;gpio=39;device_seq=79325;time_source=device_synced;device_timestamp_utc=2026-07-28T11:27:50.483Z;config_id=257fa022;rssi=-61;uptime_s=594960;heap=195904;cal_tier=channel-cal;cal_src=wet_rederive_1236_20260719;pressure_context_source=weather_openmeteo;transport=wifi_poll,
plants.soil,2026-07-28T11:27:56.971Z,2026-07-28 06:27:56.971,25443,6762df,y9d41p,0.7.3,fleet_logger_0_1,594960041,UMLIFE_v2_TLC555,ch2,origplant,soil_moisture,1374,,,OK,,,985.3,,name=classic;level=overwatered;role=disp;spread=31;gpio=34;device_seq=79326;time_source=device_synced;device_timestamp_utc=2026-07-28T11:27:50.483Z;config_id=257fa022;rssi=-61;uptime_s=594960;heap=195904;cal_tier=channel-cal;cal_src=wet_rederive_1236_20260719;pressure_context_source=weather_openmeteo;transport=wifi_poll,
plants.soil,2026-07-28T11:27:56.971Z,2026-07-28 06:27:56.971,25444,6762df,y9d41p,0.7.3,fleet_logger_0_1,594960041,UMLIFE_v2_TLC555,ch3,origplant,soil_moisture,1454,,,OK,,,985.3,,name=classic;level=well watered;role=disp;spread=10;gpio=35;device_seq=79327;time_source=device_synced;device_timestamp_utc=2026-07-28T11:27:50.483Z;config_id=257fa022;rssi=-61;uptime_s=594960;heap=195904;cal_tier=channel-cal;cal_src=wet_rederive_1236_20260719;pressure_context_source=weather_openmeteo;transport=wifi_poll,
plants.env,2026-07-28T11:27:56.971Z,2026-07-28 06:27:56.971,25445,6762df,y9d41p,0.7.3,fleet_logger_0_1,594960796,ESP32,esp32_die,on_chip,die_temp,,52.22,degC,OK,,,,,name=classic;source=esp32_die;cal=uncalibrated_board_proxy;api=temperatureRead;config_id=257fa022;transport=wifi_poll,
plants.soil,2026-07-28T11:28:27.273Z,2026-07-28 06:28:27.273,25446,6762df,y9d41p,0.7.3,fleet_logger_0_1,594990041,UMLIFE_v2_TLC555,ch0,origplant,soil_moisture,1581,,,OK,,,985.3,,name=classic;level=well watered;role=disp;spread=42;gpio=36;device_seq=79328;time_source=device_synced;device_timestamp_utc=2026-07-28T11:28:20.483Z;config_id=257fa022;rssi=-61;uptime_s=594990;heap=195892;cal_tier=channel-cal;cal_src=wet_rederive_1236_20260719;pressure_context_source=weather_openmeteo;transport=wifi_poll,
plants.soil,2026-07-28T11:28:27.273Z,2026-07-28 06:28:27.273,25447,6762df,y9d41p,0.7.3,fleet_logger_0_1,594990041,UMLIFE_v2_TLC555,ch1,origplant,soil_moisture,1712,,,OK,,,985.3,,name=classic;level=OK;role=disp;spread=31;gpio=39;device_seq=79329;time_source=device_synced;device_timestamp_utc=2026-07-28T11:28:20.483Z;config_id=257fa022;rssi=-61;uptime_s=594990;heap=195892;cal_tier=channel-cal;cal_src=wet_rederive_1236_20260719;pressure_context_source=weather_openmeteo;transport=wifi_poll,
plants.soil,2026-07-28T11:28:27.273Z,2026-07-28 06:28:27.273,25448,6762df,y9d41p,0.7.3,fleet_logger_0_1,594990041,UMLIFE_v2_TLC555,ch2,origplant,soil_moisture,1371,,,OK,,,985.3,,name=classic;level=overwatered;role=disp;spread=18;gpio=34;device_seq=79330;time_source=device_synced;device_timestamp_utc=2026-07-28T11:28:20.483Z;config_id=257fa022;rssi=-61;uptime_s=594990;heap=195892;cal_tier=channel-cal;cal_src=wet_rederive_1236_20260719;pressure_context_source=weather_openmeteo;transport=wifi_poll,
plants.soil,2026-07-28T11:28:27.273Z,2026-07-28 06:28:27.273,25449,6762df,y9d41p,0.7.3,fleet_logger_0_1,594990041,UMLIFE_v2_TLC555,ch3,origplant,soil_moisture,1461,,,OK,,,985.3,,name=classic;level=well watered;role=disp;spread=18;gpio=35;device_seq=79331;time_source=device_synced;device_timestamp_utc=2026-07-28T11:28:20.483Z;config_id=257fa022;rssi=-61;uptime_s=594990;heap=195892;cal_tier=channel-cal;cal_src=wet_rederive_1236_20260719;pressure_context_source=weather_openmeteo;transport=wifi_poll,
plants.env,2026-07-28T11:28:27.273Z,2026-07-28 06:28:27.273,25450,6762df,y9d41p,0.7.3,fleet_logger_0_1,594990797,ESP32,esp32_die,on_chip,die_temp,,52.78,degC,OK,,,,,name=classic;source=esp32_die;cal=uncalibrated_board_proxy;api=temperatureRead;config_id=257fa022;transport=wifi_poll,
plants.soil,2026-07-28T11:28:57.580Z,2026-07-28 06:28:57.580,25451,6762df,y9d41p,0.7.3,fleet_logger_0_1,595020041,UMLIFE_v2_TLC555,ch0,origplant,soil_moisture,1557,,,OK,,,985.3,,name=classic;level=well watered;role=disp;spread=19;gpio=36;device_seq=79332;time_source=device_synced;device_timestamp_utc=2026-07-28T11:28:50.483Z;config_id=257fa022;rssi=-60;uptime_s=595020;heap=195904;cal_tier=channel-cal;cal_src=wet_rederive_1236_20260719;pressure_context_source=weather_openmeteo;transport=wifi_poll,
plants.soil,2026-07-28T11:28:57.580Z,2026-07-28 06:28:57.580,25452,6762df,y9d41p,0.7.3,fleet_logger_0_1,595020041,UMLIFE_v2_TLC555,ch1,origplant,soil_moisture,1690,,,OK,,,985.3,,name=classic;level=OK;role=disp;spread=34;gpio=39;device_seq=79333;time_source=device_synced;device_timestamp_utc=2026-07-28T11:28:50.483Z;config_id=257fa022;rssi=-60;uptime_s=595020;heap=195904;cal_tier=channel-cal;cal_src=wet_rederive_1236_20260719;pressure_context_source=weather_openmeteo;transport=wifi_poll,
plants.soil,2026-07-28T11:28:57.580Z,2026-07-28 06:28:57.580,25453,6762df,y9d41p,0.7.3,fleet_logger_0_1,595020041,UMLIFE_v2_TLC555,ch2,origplant,soil_moisture,1340,,,OK,,,985.3,,name=classic;level=overwatered;role=disp;spread=29;gpio=34;device_seq=79334;time_source=device_synced;device_timestamp_utc=2026-07-28T11:28:50.483Z;config_id=257fa022;rssi=-60;uptime_s=595020;heap=195904;cal_tier=channel-cal;cal_src=wet_rederive_1236_20260719;pressure_context_source=weather_openmeteo;transport=wifi_poll,
plants.soil,2026-07-28T11:28:57.580Z,2026-07-28 06:28:57.580,25454,6762df,y9d41p,0.7.3,fleet_logger_0_1,595020041,UMLIFE_v2_TLC555,ch3,origplant,soil_moisture,1427,,,OK,,,985.3,,name=classic;level=well watered;role=disp;spread=22;gpio=35;device_seq=79335;time_source=device_synced;device_timestamp_utc=2026-07-28T11:28:50.483Z;config_id=257fa022;rssi=-60;uptime_s=595020;heap=195904;cal_tier=channel-cal;cal_src=wet_rederive_1236_20260719;pressure_context_source=weather_openmeteo;transport=wifi_poll,
plants.env,2026-07-28T11:28:57.580Z,2026-07-28 06:28:57.580,25455,6762df,y9d41p,0.7.3,fleet_logger_0_1,595020796,ESP32,esp32_die,on_chip,die_temp,,52.78,degC,OK,,,,,name=classic;source=esp32_die;cal=uncalibrated_board_proxy;api=temperatureRead;config_id=257fa022;transport=wifi_poll,
plants.soil,2026-07-28T11:29:28.032Z,2026-07-28 06:29:28.032,25456,6762df,y9d41p,0.7.3,fleet_logger_0_1,595050041,UMLIFE_v2_TLC555,ch0,origplant,soil_moisture,1560,,,OK,,,985.3,,name=classic;level=well watered;role=disp;spread=36;gpio=36;device_seq=79336;time_source=device_synced;device_timestamp_utc=2026-07-28T11:29:20.483Z;config_id=257fa022;rssi=-62;uptime_s=595050;heap=195644;cal_tier=channel-cal;cal_src=wet_rederive_1236_20260719;pressure_context_source=weather_openmeteo;transport=wifi_poll,
plants.soil,2026-07-28T11:29:28.032Z,2026-07-28 06:29:28.032,25457,6762df,y9d41p,0.7.3,fleet_logger_0_1,595050041,UMLIFE_v2_TLC555,ch1,origplant,soil_moisture,1690,,,OK,,,985.3,,name=classic;level=OK;role=disp;spread=35;gpio=39;device_seq=79337;time_source=device_synced;device_timestamp_utc=2026-07-28T11:29:20.483Z;config_id=257fa022;rssi=-62;uptime_s=595050;heap=195644;cal_tier=channel-cal;cal_src=wet_rederive_1236_20260719;pressure_context_source=weather_openmeteo;transport=wifi_poll,
plants.soil,2026-07-28T11:29:28.032Z,2026-07-28 06:29:28.032,25458,6762df,y9d41p,0.7.3,fleet_logger_0_1,595050041,UMLIFE_v2_TLC555,ch2,origplant,soil_moisture,1346,,,OK,,,985.3,,name=classic;level=overwatered;role=disp;spread=20;gpio=34;device_seq=79338;time_source=device_synced;device_timestamp_utc=2026-07-28T11:29:20.483Z;config_id=257fa022;rssi=-62;uptime_s=595050;heap=195644;cal_tier=channel-cal;cal_src=wet_rederive_1236_20260719;pressure_context_source=weather_openmeteo;transport=wifi_poll,
plants.soil,2026-07-28T11:29:28.032Z,2026-07-28 06:29:28.032,25459,6762df,y9d41p,0.7.3,fleet_logger_0_1,595050041,UMLIFE_v2_TLC555,ch3,origplant,soil_moisture,1422,,,OK,,,985.3,,name=classic;level=well watered;role=disp;spread=19;gpio=35;device_seq=79339;time_source=device_synced;device_timestamp_utc=2026-07-28T11:29:20.483Z;config_id=257fa022;rssi=-62;uptime_s=595050;heap=195644;cal_tier=channel-cal;cal_src=wet_rederive_1236_20260719;pressure_context_source=weather_openmeteo;transport=wifi_poll,
plants.env,2026-07-28T11:29:28.032Z,2026-07-28 06:29:28.032,25460,6762df,y9d41p,0.7.3,fleet_logger_0_1,595050796,ESP32,esp32_die,on_chip,die_temp,,52.78,degC,OK,,,,,name=classic;source=esp32_die;cal=uncalibrated_board_proxy;api=temperatureRead;config_id=257fa022;transport=wifi_poll,
plants.soil,2026-07-28T11:29:58.307Z,2026-07-28 06:29:58.307,25461,6762df,y9d41p,0.7.3,fleet_logger_0_1,595080041,UMLIFE_v2_TLC555,ch0,origplant,soil_moisture,1583,,,OK,,,985.3,,name=classic;level=well watered;role=disp;spread=48;gpio=36;device_seq=79340;time_source=device_synced;device_timestamp_utc=2026-07-28T11:29:50.483Z;config_id=257fa022;rssi=-62;uptime_s=595080;heap=195648;cal_tier=channel-cal;cal_src=wet_rederive_1236_20260719;pressure_context_source=weather_openmeteo;transport=wifi_poll,
plants.soil,2026-07-28T11:29:58.307Z,2026-07-28 06:29:58.307,25462,6762df,y9d41p,0.7.3,fleet_logger_0_1,595080041,UMLIFE_v2_TLC555,ch1,origplant,soil_moisture,1715,,,OK,,,985.3,,name=classic;level=OK;role=disp;spread=19;gpio=39;device_seq=79341;time_source=device_synced;device_timestamp_utc=2026-07-28T11:29:50.483Z;config_id=257fa022;rssi=-62;uptime_s=595080;heap=195648;cal_tier=channel-cal;cal_src=wet_rederive_1236_20260719;pressure_context_source=weather_openmeteo;transport=wifi_poll,
plants.soil,2026-07-28T11:29:58.307Z,2026-07-28 06:29:58.307,25463,6762df,y9d41p,0.7.3,fleet_logger_0_1,595080041,UMLIFE_v2_TLC555,ch2,origplant,soil_moisture,1376,,,OK,,,985.3,,name=classic;level=overwatered;role=disp;spread=60;gpio=34;device_seq=79342;time_source=device_synced;device_timestamp_utc=2026-07-28T11:29:50.483Z;config_id=257fa022;rssi=-62;uptime_s=595080;heap=195648;cal_tier=channel-cal;cal_src=wet_rederive_1236_20260719;pressure_context_source=weather_openmeteo;transport=wifi_poll,
plants.soil,2026-07-28T11:29:58.307Z,2026-07-28 06:29:58.307,25464,6762df,y9d41p,0.7.3,fleet_logger_0_1,595080041,UMLIFE_v2_TLC555,ch3,origplant,soil_moisture,1459,,,OK,,,985.3,,name=classic;level=well watered;role=disp;spread=30;gpio=35;device_seq=79343;time_source=device_synced;device_timestamp_utc=2026-07-28T11:29:50.483Z;config_id=257fa022;rssi=-62;uptime_s=595080;heap=195648;cal_tier=channel-cal;cal_src=wet_rederive_1236_20260719;pressure_context_source=weather_openmeteo;transport=wifi_poll,
plants.env,2026-07-28T11:29:58.307Z,2026-07-28 06:29:58.307,25465,6762df,y9d41p,0.7.3,fleet_logger_0_1,595080796,ESP32,esp32_die,on_chip,die_temp,,52.78,degC,OK,,,,,name=classic;source=esp32_die;cal=uncalibrated_board_proxy;api=temperatureRead;config_id=257fa022;transport=wifi_poll,
plants.soil,2026-07-28T11:30:29.003Z,2026-07-28 06:30:29.003,25466,6762df,y9d41p,0.7.3,fleet_logger_0_1,595110041,UMLIFE_v2_TLC555,ch0,origplant,soil_moisture,1568,,,OK,,,985.3,,name=classic;level=well watered;role=disp;spread=16;gpio=36;device_seq=79344;time_source=device_synced;device_timestamp_utc=2026-07-28T11:30:20.483Z;config_id=257fa022;rssi=-62;uptime_s=595110;heap=195896;cal_tier=channel-cal;cal_src=wet_rederive_1236_20260719;pressure_context_source=weather_openmeteo;transport=wifi_poll,
plants.soil,2026-07-28T11:30:29.003Z,2026-07-28 06:30:29.003,25467,6762df,y9d41p,0.7.3,fleet_logger_0_1,595110041,UMLIFE_v2_TLC555,ch1,origplant,soil_moisture,1712,,,OK,,,985.3,,name=classic;level=OK;role=disp;spread=54;gpio=39;device_seq=79345;time_source=device_synced;device_timestamp_utc=2026-07-28T11:30:20.483Z;config_id=257fa022;rssi=-62;uptime_s=595110;heap=195896;cal_tier=channel-cal;cal_src=wet_rederive_1236_20260719;pressure_context_source=weather_openmeteo;transport=wifi_poll,
plants.soil,2026-07-28T11:30:29.003Z,2026-07-28 06:30:29.003,25468,6762df,y9d41p,0.7.3,fleet_logger_0_1,595110041,UMLIFE_v2_TLC555,ch2,origplant,soil_moisture,1365,,,OK,,,985.3,,name=classic;level=overwatered;role=disp;spread=25;gpio=34;device_seq=79346;time_source=device_synced;device_timestamp_utc=2026-07-28T11:30:20.483Z;config_id=257fa022;rssi=-62;uptime_s=595110;heap=195896;cal_tier=channel-cal;cal_src=wet_rederive_1236_20260719;pressure_context_source=weather_openmeteo;transport=wifi_poll,
plants.soil,2026-07-28T11:30:29.003Z,2026-07-28 06:30:29.003,25469,6762df,y9d41p,0.7.3,fleet_logger_0_1,595110041,UMLIFE_v2_TLC555,ch3,origplant,soil_moisture,1459,,,OK,,,985.3,,name=classic;level=well watered;role=disp;spread=10;gpio=35;device_seq=79347;time_source=device_synced;device_timestamp_utc=2026-07-28T11:30:20.483Z;config_id=257fa022;rssi=-62;uptime_s=595110;heap=195896;cal_tier=channel-cal;cal_src=wet_rederive_1236_20260719;pressure_context_source=weather_openmeteo;transport=wifi_poll,
plants.env,2026-07-28T11:30:29.003Z,2026-07-28 06:30:29.003,25470,6762df,y9d41p,0.7.3,fleet_logger_0_1,595110796,ESP32,esp32_die,on_chip,die_temp,,52.22,degC,OK,,,,,name=classic;source=esp32_die;cal=uncalibrated_board_proxy;api=temperatureRead;config_id=257fa022;transport=wifi_poll,
plants.soil,2026-07-28T11:31:00.160Z,2026-07-28 06:31:00.160,25471,6762df,y9d41p,0.7.3,fleet_logger_0_1,595140041,UMLIFE_v2_TLC555,ch0,origplant,soil_moisture,1554,,,OK,,,985.3,,name=classic;level=well watered;role=disp;spread=26;gpio=36;device_seq=79348;time_source=device_synced;device_timestamp_utc=2026-07-28T11:30:50.483Z;config_id=257fa022;rssi=-60;uptime_s=595140;heap=195908;cal_tier=channel-cal;cal_src=wet_rederive_1236_20260719;pressure_context_source=weather_openmeteo;transport=wifi_poll,
plants.soil,2026-07-28T11:31:00.160Z,2026-07-28 06:31:00.160,25472,6762df,y9d41p,0.7.3,fleet_logger_0_1,595140041,UMLIFE_v2_TLC555,ch1,origplant,soil_moisture,1706,,,OK,,,985.3,,name=classic;level=OK;role=disp;spread=38;gpio=39;device_seq=79349;time_source=device_synced;device_timestamp_utc=2026-07-28T11:30:50.483Z;config_id=257fa022;rssi=-60;uptime_s=595140;heap=195908;cal_tier=channel-cal;cal_src=wet_rederive_1236_20260719;pressure_context_source=weather_openmeteo;transport=wifi_poll,
plants.soil,2026-07-28T11:31:00.160Z,2026-07-28 06:31:00.160,25473,6762df,y9d41p,0.7.3,fleet_logger_0_1,595140041,UMLIFE_v2_TLC555,ch2,origplant,soil_moisture,1363,,,OK,,,985.3,,name=classic;level=overwatered;role=disp;spread=37;gpio=34;device_seq=79350;time_source=device_synced;device_timestamp_utc=2026-07-28T11:30:50.483Z;config_id=257fa022;rssi=-60;uptime_s=595140;heap=195908;cal_tier=channel-cal;cal_src=wet_rederive_1236_20260719;pressure_context_source=weather_openmeteo;transport=wifi_poll,
plants.soil,2026-07-28T11:31:00.160Z,2026-07-28 06:31:00.160,25474,6762df,y9d41p,0.7.3,fleet_logger_0_1,595140041,UMLIFE_v2_TLC555,ch3,origplant,soil_moisture,1450,,,OK,,,985.3,,name=classic;level=well watered;role=disp;spread=21;gpio=35;device_seq=79351;time_source=device_synced;device_timestamp_utc=2026-07-28T11:30:50.483Z;config_id=257fa022;rssi=-60;uptime_s=595140;heap=195908;cal_tier=channel-cal;cal_src=wet_rederive_1236_20260719;pressure_context_source=weather_openmeteo;transport=wifi_poll,
plants.env,2026-07-28T11:31:00.160Z,2026-07-28 06:31:00.160,25475,6762df,y9d41p,0.7.3,fleet_logger_0_1,595140796,ESP32,esp32_die,on_chip,die_temp,,52.78,degC,OK,,,,,name=classic;source=esp32_die;cal=uncalibrated_board_proxy;api=temperatureRead;config_id=257fa022;transport=wifi_poll,
plants.soil,2026-07-28T11:31:30.620Z,2026-07-28 06:31:30.620,25476,6762df,y9d41p,0.7.3,fleet_logger_0_1,595170041,UMLIFE_v2_TLC555,ch0,origplant,soil_moisture,1569,,,OK,,,985.3,,name=classic;level=well watered;role=disp;spread=19;gpio=36;device_seq=79352;time_source=device_synced;device_timestamp_utc=2026-07-28T11:31:20.483Z;config_id=257fa022;rssi=-62;uptime_s=595170;heap=195860;cal_tier=channel-cal;cal_src=wet_rederive_1236_20260719;pressure_context_source=weather_openmeteo;transport=wifi_poll,
plants.soil,2026-07-28T11:31:30.620Z,2026-07-28 06:31:30.620,25477,6762df,y9d41p,0.7.3,fleet_logger_0_1,595170041,UMLIFE_v2_TLC555,ch1,origplant,soil_moisture,1712,,,OK,,,985.3,,name=classic;level=OK;role=disp;spread=33;gpio=39;device_seq=79353;time_source=device_synced;device_timestamp_utc=2026-07-28T11:31:20.483Z;config_id=257fa022;rssi=-62;uptime_s=595170;heap=195860;cal_tier=channel-cal;cal_src=wet_rederive_1236_20260719;pressure_context_source=weather_openmeteo;transport=wifi_poll,
plants.soil,2026-07-28T11:31:30.620Z,2026-07-28 06:31:30.620,25478,6762df,y9d41p,0.7.3,fleet_logger_0_1,595170041,UMLIFE_v2_TLC555,ch2,origplant,soil_moisture,1369,,,OK,,,985.3,,name=classic;level=overwatered;role=disp;spread=27;gpio=34;device_seq=79354;time_source=device_synced;device_timestamp_utc=2026-07-28T11:31:20.483Z;config_id=257fa022;rssi=-62;uptime_s=595170;heap=195860;cal_tier=channel-cal;cal_src=wet_rederive_1236_20260719;pressure_context_source=weather_openmeteo;transport=wifi_poll,
plants.soil,2026-07-28T11:31:30.620Z,2026-07-28 06:31:30.620,25479,6762df,y9d41p,0.7.3,fleet_logger_0_1,595170041,UMLIFE_v2_TLC555,ch3,origplant,soil_moisture,1452,,,OK,,,985.3,,name=classic;level=well watered;role=disp;spread=12;gpio=35;device_seq=79355;time_source=device_synced;device_timestamp_utc=2026-07-28T11:31:20.483Z;config_id=257fa022;rssi=-62;uptime_s=595170;heap=195860;cal_tier=channel-cal;cal_src=wet_rederive_1236_20260719;pressure_context_source=weather_openmeteo;transport=wifi_poll,
plants.env,2026-07-28T11:31:30.620Z,2026-07-28 06:31:30.620,25480,6762df,y9d41p,0.7.3,fleet_logger_0_1,595170796,ESP32,esp32_die,on_chip,die_temp,,52.22,degC,OK,,,,,name=classic;source=esp32_die;cal=uncalibrated_board_proxy;api=temperatureRead;config_id=257fa022;transport=wifi_poll,
plants.soil,2026-07-28T11:32:01.018Z,2026-07-28 06:32:01.018,25481,6762df,y9d41p,0.7.3,fleet_logger_0_1,595200041,UMLIFE_v2_TLC555,ch0,origplant,soil_moisture,1562,,,OK,,,985.3,,name=classic;level=well watered;role=disp;spread=33;gpio=36;device_seq=79356;time_source=device_synced;device_timestamp_utc=2026-07-28T11:31:50.483Z;config_id=257fa022;rssi=-61;uptime_s=595200;heap=195896;cal_tier=channel-cal;cal_src=wet_rederive_1236_20260719;pressure_context_source=weather_openmeteo;transport=wifi_poll,
plants.soil,2026-07-28T11:32:01.018Z,2026-07-28 06:32:01.018,25482,6762df,y9d41p,0.7.3,fleet_logger_0_1,595200041,UMLIFE_v2_TLC555,ch1,origplant,soil_moisture,1711,,,OK,,,985.3,,name=classic;level=OK;role=disp;spread=38;gpio=39;device_seq=79357;time_source=device_synced;device_timestamp_utc=2026-07-28T11:31:50.483Z;config_id=257fa022;rssi=-61;uptime_s=595200;heap=195896;cal_tier=channel-cal;cal_src=wet_rederive_1236_20260719;pressure_context_source=weather_openmeteo;transport=wifi_poll,
plants.soil,2026-07-28T11:32:01.018Z,2026-07-28 06:32:01.018,25483,6762df,y9d41p,0.7.3,fleet_logger_0_1,595200041,UMLIFE_v2_TLC555,ch2,origplant,soil_moisture,1364,,,OK,,,985.3,,name=classic;level=overwatered;role=disp;spread=72;gpio=34;device_seq=79358;time_source=device_synced;device_timestamp_utc=2026-07-28T11:31:50.483Z;config_id=257fa022;rssi=-61;uptime_s=595200;heap=195896;cal_tier=channel-cal;cal_src=wet_rederive_1236_20260719;pressure_context_source=weather_openmeteo;transport=wifi_poll,
plants.soil,2026-07-28T11:32:01.018Z,2026-07-28 06:32:01.018,25484,6762df,y9d41p,0.7.3,fleet_logger_0_1,595200041,UMLIFE_v2_TLC555,ch3,origplant,soil_moisture,1457,,,OK,,,985.3,,name=classic;level=well watered;role=disp;spread=19;gpio=35;device_seq=79359;time_source=device_synced;device_timestamp_utc=2026-07-28T11:31:50.483Z;config_id=257fa022;rssi=-61;uptime_s=595200;heap=195896;cal_tier=channel-cal;cal_src=wet_rederive_1236_20260719;pressure_context_source=weather_openmeteo;transport=wifi_poll,
plants.env,2026-07-28T11:32:01.018Z,2026-07-28 06:32:01.018,25485,6762df,y9d41p,0.7.3,fleet_logger_0_1,595201862,ESP32,esp32_die,on_chip,die_temp,,52.78,degC,OK,,,,,name=classic;source=esp32_die;cal=uncalibrated_board_proxy;api=temperatureRead;config_id=257fa022;transport=wifi_poll,
plants.soil,2026-07-28T11:32:32.220Z,2026-07-28 06:32:32.220,25486,6762df,y9d41p,0.7.3,fleet_logger_0_1,595230041,UMLIFE_v2_TLC555,ch0,origplant,soil_moisture,1553,,,OK,,,985.3,,name=classic;level=well watered;role=disp;spread=27;gpio=36;device_seq=79360;time_source=device_synced;device_timestamp_utc=2026-07-28T11:32:20.483Z;config_id=257fa022;rssi=-62;uptime_s=595230;heap=193116;cal_tier=channel-cal;cal_src=wet_rederive_1236_20260719;pressure_context_source=weather_openmeteo;transport=wifi_poll,
plants.soil,2026-07-28T11:32:32.220Z,2026-07-28 06:32:32.220,25487,6762df,y9d41p,0.7.3,fleet_logger_0_1,595230041,UMLIFE_v2_TLC555,ch1,origplant,soil_moisture,1701,,,OK,,,985.3,,name=classic;level=OK;role=disp;spread=21;gpio=39;device_seq=79361;time_source=device_synced;device_timestamp_utc=2026-07-28T11:32:20.483Z;config_id=257fa022;rssi=-62;uptime_s=595230;heap=193116;cal_tier=channel-cal;cal_src=wet_rederive_1236_20260719;pressure_context_source=weather_openmeteo;transport=wifi_poll,
plants.soil,2026-07-28T11:32:32.220Z,2026-07-28 06:32:32.220,25488,6762df,y9d41p,0.7.3,fleet_logger_0_1,595230041,UMLIFE_v2_TLC555,ch2,origplant,soil_moisture,1370,,,OK,,,985.3,,name=classic;level=overwatered;role=disp;spread=48;gpio=34;device_seq=79362;time_source=device_synced;device_timestamp_utc=2026-07-28T11:32:20.483Z;config_id=257fa022;rssi=-62;uptime_s=595230;heap=193116;cal_tier=channel-cal;cal_src=wet_rederive_1236_20260719;pressure_context_source=weather_openmeteo;transport=wifi_poll,
plants.soil,2026-07-28T11:32:32.220Z,2026-07-28 06:32:32.220,25489,6762df,y9d41p,0.7.3,fleet_logger_0_1,595230041,UMLIFE_v2_TLC555,ch3,origplant,soil_moisture,1448,,,OK,,,985.3,,name=classic;level=well watered;role=disp;spread=41;gpio=35;device_seq=79363;time_source=device_synced;device_timestamp_utc=2026-07-28T11:32:20.483Z;config_id=257fa022;rssi=-62;uptime_s=595230;heap=193116;cal_tier=channel-cal;cal_src=wet_rederive_1236_20260719;pressure_context_source=weather_openmeteo;transport=wifi_poll,
plants.env,2026-07-28T11:32:32.220Z,2026-07-28 06:32:32.220,25490,6762df,y9d41p,0.7.3,fleet_logger_0_1,595230797,ESP32,esp32_die,on_chip,die_temp,,52.78,degC,OK,,,,,name=classic;source=esp32_die;cal=uncalibrated_board_proxy;api=temperatureRead;config_id=257fa022;transport=wifi_poll,
plants.soil,2026-07-28T11:33:03.755Z,2026-07-28 06:33:03.755,25491,6762df,y9d41p,0.7.3,fleet_logger_0_1,595260041,UMLIFE_v2_TLC555,ch0,origplant,soil_moisture,1553,,,OK,,,985.3,,name=classic;level=well watered;role=disp;spread=37;gpio=36;device_seq=79364;time_source=device_synced;device_timestamp_utc=2026-07-28T11:32:50.483Z;config_id=257fa022;rssi=-62;uptime_s=595260;heap=195636;cal_tier=channel-cal;cal_src=wet_rederive_1236_20260719;pressure_context_source=weather_openmeteo;transport=wifi_poll,
plants.soil,2026-07-28T11:33:03.755Z,2026-07-28 06:33:03.755,25492,6762df,y9d41p,0.7.3,fleet_logger_0_1,595260041,UMLIFE_v2_TLC555,ch1,origplant,soil_moisture,1693,,,OK,,,985.3,,name=classic;level=OK;role=disp;spread=51;gpio=39;device_seq=79365;time_source=device_synced;device_timestamp_utc=2026-07-28T11:32:50.483Z;config_id=257fa022;rssi=-62;uptime_s=595260;heap=195636;cal_tier=channel-cal;cal_src=wet_rederive_1236_20260719;pressure_context_source=weather_openmeteo;transport=wifi_poll,
plants.soil,2026-07-28T11:33:03.755Z,2026-07-28 06:33:03.755,25493,6762df,y9d41p,0.7.3,fleet_logger_0_1,595260041,UMLIFE_v2_TLC555,ch2,origplant,soil_moisture,1363,,,OK,,,985.3,,name=classic;level=overwatered;role=disp;spread=14;gpio=34;device_seq=79366;time_source=device_synced;device_timestamp_utc=2026-07-28T11:32:50.483Z;config_id=257fa022;rssi=-62;uptime_s=595260;heap=195636;cal_tier=channel-cal;cal_src=wet_rederive_1236_20260719;pressure_context_source=weather_openmeteo;transport=wifi_poll,
plants.soil,2026-07-28T11:33:03.755Z,2026-07-28 06:33:03.755,25494,6762df,y9d41p,0.7.3,fleet_logger_0_1,595260041,UMLIFE_v2_TLC555,ch3,origplant,soil_moisture,1452,,,OK,,,985.3,,name=classic;level=well watered;role=disp;spread=28;gpio=35;device_seq=79367;time_source=device_synced;device_timestamp_utc=2026-07-28T11:32:50.483Z;config_id=257fa022;rssi=-62;uptime_s=595260;heap=195636;cal_tier=channel-cal;cal_src=wet_rederive_1236_20260719;pressure_context_source=weather_openmeteo;transport=wifi_poll,
plants.env,2026-07-28T11:33:03.755Z,2026-07-28 06:33:03.755,25495,6762df,y9d41p,0.7.3,fleet_logger_0_1,595260796,ESP32,esp32_die,on_chip,die_temp,,52.22,degC,OK,,,,,name=classic;source=esp32_die;cal=uncalibrated_board_proxy;api=temperatureRead;config_id=257fa022;transport=wifi_poll,
plants.soil,2026-07-28T11:33:34.058Z,2026-07-28 06:33:34.058,25496,6762df,y9d41p,0.7.3,fleet_logger_0_1,595290041,UMLIFE_v2_TLC555,ch0,origplant,soil_moisture,1559,,,OK,,,985.3,,name=classic;level=well watered;role=disp;spread=13;gpio=36;device_seq=79368;time_source=device_synced;device_timestamp_utc=2026-07-28T11:33:20.483Z;config_id=257fa022;rssi=-61;uptime_s=595290;heap=195896;cal_tier=channel-cal;cal_src=wet_rederive_1236_20260719;pressure_context_source=weather_openmeteo;transport=wifi_poll,
plants.soil,2026-07-28T11:33:34.058Z,2026-07-28 06:33:34.058,25497,6762df,y9d41p,0.7.3,fleet_logger_0_1,595290041,UMLIFE_v2_TLC555,ch1,origplant,soil_moisture,1688,,,OK,,,985.3,,name=classic;level=OK;role=disp;spread=22;gpio=39;device_seq=79369;time_source=device_synced;device_timestamp_utc=2026-07-28T11:33:20.483Z;config_id=257fa022;rssi=-61;uptime_s=595290;heap=195896;cal_tier=channel-cal;cal_src=wet_rederive_1236_20260719;pressure_context_source=weather_openmeteo;transport=wifi_poll,
plants.soil,2026-07-28T11:33:34.058Z,2026-07-28 06:33:34.058,25498,6762df,y9d41p,0.7.3,fleet_logger_0_1,595290041,UMLIFE_v2_TLC555,ch2,origplant,soil_moisture,1344,,,OK,,,985.3,,name=classic;level=overwatered;role=disp;spread=43;gpio=34;device_seq=79370;time_source=device_synced;device_timestamp_utc=2026-07-28T11:33:20.483Z;config_id=257fa022;rssi=-61;uptime_s=595290;heap=195896;cal_tier=channel-cal;cal_src=wet_rederive_1236_20260719;pressure_context_source=weather_openmeteo;transport=wifi_poll,
plants.soil,2026-07-28T11:33:34.058Z,2026-07-28 06:33:34.058,25499,6762df,y9d41p,0.7.3,fleet_logger_0_1,595290041,UMLIFE_v2_TLC555,ch3,origplant,soil_moisture,1435,,,OK,,,985.3,,name=classic;level=well watered;role=disp;spread=32;gpio=35;device_seq=79371;time_source=device_synced;device_timestamp_utc=2026-07-28T11:33:20.483Z;config_id=257fa022;rssi=-61;uptime_s=595290;heap=195896;cal_tier=channel-cal;cal_src=wet_rederive_1236_20260719;pressure_context_source=weather_openmeteo;transport=wifi_poll,
plants.env,2026-07-28T11:33:34.058Z,2026-07-28 06:33:34.058,25500,6762df,y9d41p,0.7.3,fleet_logger_0_1,595290796,ESP32,esp32_die,on_chip,die_temp,,52.78,degC,OK,,,,,name=classic;source=esp32_die;cal=uncalibrated_board_proxy;api=temperatureRead;config_id=257fa022;transport=wifi_poll,
plants.soil,2026-07-28T11:34:04.451Z,2026-07-28 06:34:04.451,25501,6762df,y9d41p,0.7.3,fleet_logger_0_1,595320041,UMLIFE_v2_TLC555,ch0,origplant,soil_moisture,1554,,,OK,,,985.3,,name=classic;level=well watered;role=disp;spread=29;gpio=36;device_seq=79372;time_source=device_synced;device_timestamp_utc=2026-07-28T11:33:50.483Z;config_id=257fa022;rssi=-62;uptime_s=595320;heap=195884;cal_tier=channel-cal;cal_src=wet_rederive_1236_20260719;pressure_context_source=weather_openmeteo;transport=wifi_poll,
plants.soil,2026-07-28T11:34:04.451Z,2026-07-28 06:34:04.451,25502,6762df,y9d41p,0.7.3,fleet_logger_0_1,595320041,UMLIFE_v2_TLC555,ch1,origplant,soil_moisture,1687,,,OK,,,985.3,,name=classic;level=OK;role=disp;spread=55;gpio=39;device_seq=79373;time_source=device_synced;device_timestamp_utc=2026-07-28T11:33:50.483Z;config_id=257fa022;rssi=-62;uptime_s=595320;heap=195884;cal_tier=channel-cal;cal_src=wet_rederive_1236_20260719;pressure_context_source=weather_openmeteo;transport=wifi_poll,
plants.soil,2026-07-28T11:34:04.451Z,2026-07-28 06:34:04.451,25503,6762df,y9d41p,0.7.3,fleet_logger_0_1,595320041,UMLIFE_v2_TLC555,ch2,origplant,soil_moisture,1358,,,OK,,,985.3,,name=classic;level=overwatered;role=disp;spread=23;gpio=34;device_seq=79374;time_source=device_synced;device_timestamp_utc=2026-07-28T11:33:50.483Z;config_id=257fa022;rssi=-62;uptime_s=595320;heap=195884;cal_tier=channel-cal;cal_src=wet_rederive_1236_20260719;pressure_context_source=weather_openmeteo;transport=wifi_poll,
plants.soil,2026-07-28T11:34:04.451Z,2026-07-28 06:34:04.451,25504,6762df,y9d41p,0.7.3,fleet_logger_0_1,595320041,UMLIFE_v2_TLC555,ch3,origplant,soil_moisture,1453,,,OK,,,985.3,,name=classic;level=well watered;role=disp;spread=17;gpio=35;device_seq=79375;time_source=device_synced;device_timestamp_utc=2026-07-28T11:33:50.483Z;config_id=257fa022;rssi=-62;uptime_s=595320;heap=195884;cal_tier=channel-cal;cal_src=wet_rederive_1236_20260719;pressure_context_source=weather_openmeteo;transport=wifi_poll,
plants.env,2026-07-28T11:34:04.451Z,2026-07-28 06:34:04.451,25505,6762df,y9d41p,0.7.3,fleet_logger_0_1,595320796,ESP32,esp32_die,on_chip,die_temp,,52.78,degC,OK,,,,,name=classic;source=esp32_die;cal=uncalibrated_board_proxy;api=temperatureRead;config_id=257fa022;transport=wifi_poll,
plants.soil,2026-07-28T11:34:34.895Z,2026-07-28 06:34:34.895,25506,6762df,y9d41p,0.7.3,fleet_logger_0_1,595350041,UMLIFE_v2_TLC555,ch0,origplant,soil_moisture,1555,,,OK,,,985.3,,name=classic;level=well watered;role=disp;spread=32;gpio=36;device_seq=79376;time_source=device_synced;device_timestamp_utc=2026-07-28T11:34:20.483Z;config_id=257fa022;rssi=-61;uptime_s=595350;heap=195896;cal_tier=channel-cal;cal_src=wet_rederive_1236_20260719;pressure_context_source=weather_openmeteo;transport=wifi_poll,
plants.soil,2026-07-28T11:34:34.895Z,2026-07-28 06:34:34.895,25507,6762df,y9d41p,0.7.3,fleet_logger_0_1,595350041,UMLIFE_v2_TLC555,ch1,origplant,soil_moisture,1690,,,OK,,,985.3,,name=classic;level=OK;role=disp;spread=28;gpio=39;device_seq=79377;time_source=device_synced;device_timestamp_utc=2026-07-28T11:34:20.483Z;config_id=257fa022;rssi=-61;uptime_s=595350;heap=195896;cal_tier=channel-cal;cal_src=wet_rederive_1236_20260719;pressure_context_source=weather_openmeteo;transport=wifi_poll,
plants.soil,2026-07-28T11:34:34.895Z,2026-07-28 06:34:34.895,25508,6762df,y9d41p,0.7.3,fleet_logger_0_1,595350041,UMLIFE_v2_TLC555,ch2,origplant,soil_moisture,1345,,,OK,,,985.3,,name=classic;level=overwatered;role=disp;spread=21;gpio=34;device_seq=79378;time_source=device_synced;device_timestamp_utc=2026-07-28T11:34:20.483Z;config_id=257fa022;rssi=-61;uptime_s=595350;heap=195896;cal_tier=channel-cal;cal_src=wet_rederive_1236_20260719;pressure_context_source=weather_openmeteo;transport=wifi_poll,
plants.soil,2026-07-28T11:34:34.895Z,2026-07-28 06:34:34.895,25509,6762df,y9d41p,0.7.3,fleet_logger_0_1,595350041,UMLIFE_v2_TLC555,ch3,origplant,soil_moisture,1444,,,OK,,,985.3,,name=classic;level=well watered;role=disp;spread=14;gpio=35;device_seq=79379;time_source=device_synced;device_timestamp_utc=2026-07-28T11:34:20.483Z;config_id=257fa022;rssi=-61;uptime_s=595350;heap=195896;cal_tier=channel-cal;cal_src=wet_rederive_1236_20260719;pressure_context_source=weather_openmeteo;transport=wifi_poll,
plants.env,2026-07-28T11:34:34.895Z,2026-07-28 06:34:34.895,25510,6762df,y9d41p,0.7.3,fleet_logger_0_1,595350796,ESP32,esp32_die,on_chip,die_temp,,52.78,degC,OK,,,,,name=classic;source=esp32_die;cal=uncalibrated_board_proxy;api=temperatureRead;config_id=257fa022;transport=wifi_poll,
plants.soil,2026-07-28T11:35:05.285Z,2026-07-28 06:35:05.285,25511,6762df,y9d41p,0.7.3,fleet_logger_0_1,595380041,UMLIFE_v2_TLC555,ch0,origplant,soil_moisture,1557,,,OK,,,985.3,,name=classic;level=well watered;role=disp;spread=34;gpio=36;device_seq=79380;time_source=device_synced;device_timestamp_utc=2026-07-28T11:34:50.483Z;config_id=257fa022;rssi=-61;uptime_s=595380;heap=195884;cal_tier=channel-cal;cal_src=wet_rederive_1236_20260719;pressure_context_source=weather_openmeteo;transport=wifi_poll,
plants.soil,2026-07-28T11:35:05.285Z,2026-07-28 06:35:05.285,25512,6762df,y9d41p,0.7.3,fleet_logger_0_1,595380041,UMLIFE_v2_TLC555,ch1,origplant,soil_moisture,1684,,,OK,,,985.3,,name=classic;level=OK;role=disp;spread=44;gpio=39;device_seq=79381;time_source=device_synced;device_timestamp_utc=2026-07-28T11:34:50.483Z;config_id=257fa022;rssi=-61;uptime_s=595380;heap=195884;cal_tier=channel-cal;cal_src=wet_rederive_1236_20260719;pressure_context_source=weather_openmeteo;transport=wifi_poll,
plants.soil,2026-07-28T11:35:05.285Z,2026-07-28 06:35:05.285,25513,6762df,y9d41p,0.7.3,fleet_logger_0_1,595380041,UMLIFE_v2_TLC555,ch2,origplant,soil_moisture,1348,,,OK,,,985.3,,name=classic;level=overwatered;role=disp;spread=31;gpio=34;device_seq=79382;time_source=device_synced;device_timestamp_utc=2026-07-28T11:34:50.483Z;config_id=257fa022;rssi=-61;uptime_s=595380;heap=195884;cal_tier=channel-cal;cal_src=wet_rederive_1236_20260719;pressure_context_source=weather_openmeteo;transport=wifi_poll,
plants.soil,2026-07-28T11:35:05.285Z,2026-07-28 06:35:05.285,25514,6762df,y9d41p,0.7.3,fleet_logger_0_1,595380041,UMLIFE_v2_TLC555,ch3,origplant,soil_moisture,1449,,,OK,,,985.3,,name=classic;level=well watered;role=disp;spread=48;gpio=35;device_seq=79383;time_source=device_synced;device_timestamp_utc=2026-07-28T11:34:50.483Z;config_id=257fa022;rssi=-61;uptime_s=595380;heap=195884;cal_tier=channel-cal;cal_src=wet_rederive_1236_20260719;pressure_context_source=weather_openmeteo;transport=wifi_poll,
plants.env,2026-07-28T11:35:05.285Z,2026-07-28 06:35:05.285,25515,6762df,y9d41p,0.7.3,fleet_logger_0_1,595380796,ESP32,esp32_die,on_chip,die_temp,,52.78,degC,OK,,,,,name=classic;source=esp32_die;cal=uncalibrated_board_proxy;api=temperatureRead;config_id=257fa022;transport=wifi_poll,
plants.soil,2026-07-28T11:35:35.547Z,2026-07-28 06:35:35.547,25516,6762df,y9d41p,0.7.3,fleet_logger_0_1,595410041,UMLIFE_v2_TLC555,ch0,origplant,soil_moisture,1558,,,OK,,,985.3,,name=classic;level=well watered;role=disp;spread=29;gpio=36;device_seq=79384;time_source=device_synced;device_timestamp_utc=2026-07-28T11:35:20.483Z;config_id=257fa022;rssi=-62;uptime_s=595410;heap=195624;cal_tier=channel-cal;cal_src=wet_rederive_1236_20260719;pressure_context_source=weather_openmeteo;transport=wifi_poll,
plants.soil,2026-07-28T11:35:35.547Z,2026-07-28 06:35:35.547,25517,6762df,y9d41p,0.7.3,fleet_logger_0_1,595410041,UMLIFE_v2_TLC555,ch1,origplant,soil_moisture,1696,,,OK,,,985.3,,name=classic;level=OK;role=disp;spread=15;gpio=39;device_seq=79385;time_source=device_synced;device_timestamp_utc=2026-07-28T11:35:20.483Z;config_id=257fa022;rssi=-62;uptime_s=595410;heap=195624;cal_tier=channel-cal;cal_src=wet_rederive_1236_20260719;pressure_context_source=weather_openmeteo;transport=wifi_poll,
plants.soil,2026-07-28T11:35:35.547Z,2026-07-28 06:35:35.547,25518,6762df,y9d41p,0.7.3,fleet_logger_0_1,595410041,UMLIFE_v2_TLC555,ch2,origplant,soil_moisture,1343,,,OK,,,985.3,,name=classic;level=overwatered;role=disp;spread=10;gpio=34;device_seq=79386;time_source=device_synced;device_timestamp_utc=2026-07-28T11:35:20.483Z;config_id=257fa022;rssi=-62;uptime_s=595410;heap=195624;cal_tier=channel-cal;cal_src=wet_rederive_1236_20260719;pressure_context_source=weather_openmeteo;transport=wifi_poll,
plants.soil,2026-07-28T11:35:35.547Z,2026-07-28 06:35:35.547,25519,6762df,y9d41p,0.7.3,fleet_logger_0_1,595410041,UMLIFE_v2_TLC555,ch3,origplant,soil_moisture,1431,,,OK,,,985.3,,name=classic;level=well watered;role=disp;spread=28;gpio=35;device_seq=79387;time_source=device_synced;device_timestamp_utc=2026-07-28T11:35:20.483Z;config_id=257fa022;rssi=-62;uptime_s=595410;heap=195624;cal_tier=channel-cal;cal_src=wet_rederive_1236_20260719;pressure_context_source=weather_openmeteo;transport=wifi_poll,
plants.env,2026-07-28T11:35:35.547Z,2026-07-28 06:35:35.547,25520,6762df,y9d41p,0.7.3,fleet_logger_0_1,595410796,ESP32,esp32_die,on_chip,die_temp,,53.33,degC,OK,,,,,name=classic;source=esp32_die;cal=uncalibrated_board_proxy;api=temperatureRead;config_id=257fa022;transport=wifi_poll,
plants.soil,2026-07-28T11:36:06.096Z,2026-07-28 06:36:06.096,25521,6762df,y9d41p,0.7.3,fleet_logger_0_1,595440041,UMLIFE_v2_TLC555,ch0,origplant,soil_moisture,1555,,,OK,,,985.3,,name=classic;level=well watered;role=disp;spread=33;gpio=36;device_seq=79388;time_source=device_synced;device_timestamp_utc=2026-07-28T11:35:50.483Z;config_id=257fa022;rssi=-62;uptime_s=595440;heap=195636;cal_tier=channel-cal;cal_src=wet_rederive_1236_20260719;pressure_context_source=weather_openmeteo;transport=wifi_poll,
plants.soil,2026-07-28T11:36:06.096Z,2026-07-28 06:36:06.096,25522,6762df,y9d41p,0.7.3,fleet_logger_0_1,595440041,UMLIFE_v2_TLC555,ch1,origplant,soil_moisture,1695,,,OK,,,985.3,,name=classic;level=OK;role=disp;spread=16;gpio=39;device_seq=79389;time_source=device_synced;device_timestamp_utc=2026-07-28T11:35:50.483Z;config_id=257fa022;rssi=-62;uptime_s=595440;heap=195636;cal_tier=channel-cal;cal_src=wet_rederive_1236_20260719;pressure_context_source=weather_openmeteo;transport=wifi_poll,
plants.soil,2026-07-28T11:36:06.096Z,2026-07-28 06:36:06.096,25523,6762df,y9d41p,0.7.3,fleet_logger_0_1,595440041,UMLIFE_v2_TLC555,ch2,origplant,soil_moisture,1345,,,OK,,,985.3,,name=classic;level=overwatered;role=disp;spread=17;gpio=34;device_seq=79390;time_source=device_synced;device_timestamp_utc=2026-07-28T11:35:50.483Z;config_id=257fa022;rssi=-62;uptime_s=595440;heap=195636;cal_tier=channel-cal;cal_src=wet_rederive_1236_20260719;pressure_context_source=weather_openmeteo;transport=wifi_poll,
plants.soil,2026-07-28T11:36:06.096Z,2026-07-28 06:36:06.096,25524,6762df,y9d41p,0.7.3,fleet_logger_0_1,595440041,UMLIFE_v2_TLC555,ch3,origplant,soil_moisture,1424,,,OK,,,985.3,,name=classic;level=well watered;role=disp;spread=20;gpio=35;device_seq=79391;time_source=device_synced;device_timestamp_utc=2026-07-28T11:35:50.483Z;config_id=257fa022;rssi=-62;uptime_s=595440;heap=195636;cal_tier=channel-cal;cal_src=wet_rederive_1236_20260719;pressure_context_source=weather_openmeteo;transport=wifi_poll,
plants.env,2026-07-28T11:36:06.096Z,2026-07-28 06:36:06.096,25525,6762df,y9d41p,0.7.3,fleet_logger_0_1,595440796,ESP32,esp32_die,on_chip,die_temp,,52.78,degC,OK,,,,,name=classic;source=esp32_die;cal=uncalibrated_board_proxy;api=temperatureRead;config_id=257fa022;transport=wifi_poll,
plants.soil,2026-07-28T11:36:36.476Z,2026-07-28 06:36:36.476,25526,6762df,y9d41p,0.7.3,fleet_logger_0_1,595470041,UMLIFE_v2_TLC555,ch0,origplant,soil_moisture,1560,,,OK,,,985.3,,name=classic;level=well watered;role=disp;spread=36;gpio=36;device_seq=79392;time_source=device_synced;device_timestamp_utc=2026-07-28T11:36:20.483Z;config_id=257fa022;rssi=-61;uptime_s=595470;heap=195904;cal_tier=channel-cal;cal_src=wet_rederive_1236_20260719;pressure_context_source=weather_openmeteo;transport=wifi_poll,
plants.soil,2026-07-28T11:36:36.476Z,2026-07-28 06:36:36.476,25527,6762df,y9d41p,0.7.3,fleet_logger_0_1,595470041,UMLIFE_v2_TLC555,ch1,origplant,soil_moisture,1693,,,OK,,,985.3,,name=classic;level=OK;role=disp;spread=19;gpio=39;device_seq=79393;time_source=device_synced;device_timestamp_utc=2026-07-28T11:36:20.483Z;config_id=257fa022;rssi=-61;uptime_s=595470;heap=195904;cal_tier=channel-cal;cal_src=wet_rederive_1236_20260719;pressure_context_source=weather_openmeteo;transport=wifi_poll,
plants.soil,2026-07-28T11:36:36.476Z,2026-07-28 06:36:36.476,25528,6762df,y9d41p,0.7.3,fleet_logger_0_1,595470041,UMLIFE_v2_TLC555,ch2,origplant,soil_moisture,1342,,,OK,,,985.3,,name=classic;level=overwatered;role=disp;spread=49;gpio=34;device_seq=79394;time_source=device_synced;device_timestamp_utc=2026-07-28T11:36:20.483Z;config_id=257fa022;rssi=-61;uptime_s=595470;heap=195904;cal_tier=channel-cal;cal_src=wet_rederive_1236_20260719;pressure_context_source=weather_openmeteo;transport=wifi_poll,
plants.soil,2026-07-28T11:36:36.476Z,2026-07-28 06:36:36.476,25529,6762df,y9d41p,0.7.3,fleet_logger_0_1,595470041,UMLIFE_v2_TLC555,ch3,origplant,soil_moisture,1421,,,OK,,,985.3,,name=classic;level=well watered;role=disp;spread=29;gpio=35;device_seq=79395;time_source=device_synced;device_timestamp_utc=2026-07-28T11:36:20.483Z;config_id=257fa022;rssi=-61;uptime_s=595470;heap=195904;cal_tier=channel-cal;cal_src=wet_rederive_1236_20260719;pressure_context_source=weather_openmeteo;transport=wifi_poll,
plants.env,2026-07-28T11:36:36.476Z,2026-07-28 06:36:36.476,25530,6762df,y9d41p,0.7.3,fleet_logger_0_1,595470797,ESP32,esp32_die,on_chip,die_temp,,53.33,degC,OK,,,,,name=classic;source=esp32_die;cal=uncalibrated_board_proxy;api=temperatureRead;config_id=257fa022;transport=wifi_poll,
plants.soil,2026-07-28T11:37:07.303Z,2026-07-28 06:37:07.303,25531,6762df,y9d41p,0.7.3,fleet_logger_0_1,595500041,UMLIFE_v2_TLC555,ch0,origplant,soil_moisture,1558,,,OK,,,985.3,,name=classic;level=well watered;role=disp;spread=37;gpio=36;device_seq=79396;time_source=device_synced;device_timestamp_utc=2026-07-28T11:36:50.483Z;config_id=257fa022;rssi=-62;uptime_s=595500;heap=195908;cal_tier=channel-cal;cal_src=wet_rederive_1236_20260719;pressure_context_source=weather_openmeteo;transport=wifi_poll,
plants.soil,2026-07-28T11:37:07.303Z,2026-07-28 06:37:07.303,25532,6762df,y9d41p,0.7.3,fleet_logger_0_1,595500041,UMLIFE_v2_TLC555,ch1,origplant,soil_moisture,1690,,,OK,,,985.3,,name=classic;level=OK;role=disp;spread=33;gpio=39;device_seq=79397;time_source=device_synced;device_timestamp_utc=2026-07-28T11:36:50.483Z;config_id=257fa022;rssi=-62;uptime_s=595500;heap=195908;cal_tier=channel-cal;cal_src=wet_rederive_1236_20260719;pressure_context_source=weather_openmeteo;transport=wifi_poll,
plants.soil,2026-07-28T11:37:07.303Z,2026-07-28 06:37:07.303,25533,6762df,y9d41p,0.7.3,fleet_logger_0_1,595500041,UMLIFE_v2_TLC555,ch2,origplant,soil_moisture,1347,,,OK,,,985.3,,name=classic;level=overwatered;role=disp;spread=30;gpio=34;device_seq=79398;time_source=device_synced;device_timestamp_utc=2026-07-28T11:36:50.483Z;config_id=257fa022;rssi=-62;uptime_s=595500;heap=195908;cal_tier=channel-cal;cal_src=wet_rederive_1236_20260719;pressure_context_source=weather_openmeteo;transport=wifi_poll,
plants.soil,2026-07-28T11:37:07.303Z,2026-07-28 06:37:07.303,25534,6762df,y9d41p,0.7.3,fleet_logger_0_1,595500041,UMLIFE_v2_TLC555,ch3,origplant,soil_moisture,1421,,,OK,,,985.3,,name=classic;level=well watered;role=disp;spread=35;gpio=35;device_seq=79399;time_source=device_synced;device_timestamp_utc=2026-07-28T11:36:50.483Z;config_id=257fa022;rssi=-62;uptime_s=595500;heap=195908;cal_tier=channel-cal;cal_src=wet_rederive_1236_20260719;pressure_context_source=weather_openmeteo;transport=wifi_poll,
plants.env,2026-07-28T11:37:07.303Z,2026-07-28 06:37:07.303,25535,6762df,y9d41p,0.7.3,fleet_logger_0_1,595500797,ESP32,esp32_die,on_chip,die_temp,,53.33,degC,OK,,,,,name=classic;source=esp32_die;cal=uncalibrated_board_proxy;api=temperatureRead;config_id=257fa022;transport=wifi_poll,
plants.soil,2026-07-28T11:37:37.506Z,2026-07-28 06:37:37.506,25536,6762df,y9d41p,0.7.3,fleet_logger_0_1,595530041,UMLIFE_v2_TLC555,ch0,origplant,soil_moisture,1562,,,OK,,,985.3,,name=classic;level=well watered;role=disp;spread=17;gpio=36;device_seq=79400;time_source=device_synced;device_timestamp_utc=2026-07-28T11:37:20.483Z;config_id=257fa022;rssi=-61;uptime_s=595530;heap=195896;cal_tier=channel-cal;cal_src=wet_rederive_1236_20260719;pressure_context_source=weather_openmeteo;transport=wifi_poll,
plants.soil,2026-07-28T11:37:37.506Z,2026-07-28 06:37:37.506,25537,6762df,y9d41p,0.7.3,fleet_logger_0_1,595530041,UMLIFE_v2_TLC555,ch1,origplant,soil_moisture,1696,,,OK,,,985.3,,name=classic;level=OK;role=disp;spread=15;gpio=39;device_seq=79401;time_source=device_synced;device_timestamp_utc=2026-07-28T11:37:20.483Z;config_id=257fa022;rssi=-61;uptime_s=595530;heap=195896;cal_tier=channel-cal;cal_src=wet_rederive_1236_20260719;pressure_context_source=weather_openmeteo;transport=wifi_poll,
plants.soil,2026-07-28T11:37:37.506Z,2026-07-28 06:37:37.506,25538,6762df,y9d41p,0.7.3,fleet_logger_0_1,595530041,UMLIFE_v2_TLC555,ch2,origplant,soil_moisture,1343,,,OK,,,985.3,,name=classic;level=overwatered;role=disp;spread=16;gpio=34;device_seq=79402;time_source=device_synced;device_timestamp_utc=2026-07-28T11:37:20.483Z;config_id=257fa022;rssi=-61;uptime_s=595530;heap=195896;cal_tier=channel-cal;cal_src=wet_rederive_1236_20260719;pressure_context_source=weather_openmeteo;transport=wifi_poll,
plants.soil,2026-07-28T11:37:37.506Z,2026-07-28 06:37:37.506,25539,6762df,y9d41p,0.7.3,fleet_logger_0_1,595530041,UMLIFE_v2_TLC555,ch3,origplant,soil_moisture,1424,,,OK,,,985.3,,name=classic;level=well watered;role=disp;spread=24;gpio=35;device_seq=79403;time_source=device_synced;device_timestamp_utc=2026-07-28T11:37:20.483Z;config_id=257fa022;rssi=-61;uptime_s=595530;heap=195896;cal_tier=channel-cal;cal_src=wet_rederive_1236_20260719;pressure_context_source=weather_openmeteo;transport=wifi_poll,
plants.env,2026-07-28T11:37:37.506Z,2026-07-28 06:37:37.506,25540,6762df,y9d41p,0.7.3,fleet_logger_0_1,595530797,ESP32,esp32_die,on_chip,die_temp,,52.78,degC,OK,,,,,name=classic;source=esp32_die;cal=uncalibrated_board_proxy;api=temperatureRead;config_id=257fa022;transport=wifi_poll,
plants.soil,2026-07-28T11:38:08.090Z,2026-07-28 06:38:08.090,25541,6762df,y9d41p,0.7.3,fleet_logger_0_1,595560041,UMLIFE_v2_TLC555,ch0,origplant,soil_moisture,1555,,,OK,,,985.3,,name=classic;level=well watered;role=disp;spread=21;gpio=36;device_seq=79404;time_source=device_synced;device_timestamp_utc=2026-07-28T11:37:50.483Z;config_id=257fa022;rssi=-61;uptime_s=595560;heap=195908;cal_tier=channel-cal;cal_src=wet_rederive_1236_20260719;pressure_context_source=weather_openmeteo;transport=wifi_poll,
plants.soil,2026-07-28T11:38:08.090Z,2026-07-28 06:38:08.090,25542,6762df,y9d41p,0.7.3,fleet_logger_0_1,595560041,UMLIFE_v2_TLC555,ch1,origplant,soil_moisture,1693,,,OK,,,985.3,,name=classic;level=OK;role=disp;spread=17;gpio=39;device_seq=79405;time_source=device_synced;device_timestamp_utc=2026-07-28T11:37:50.483Z;config_id=257fa022;rssi=-61;uptime_s=595560;heap=195908;cal_tier=channel-cal;cal_src=wet_rederive_1236_20260719;pressure_context_source=weather_openmeteo;transport=wifi_poll,
plants.soil,2026-07-28T11:38:08.090Z,2026-07-28 06:38:08.090,25543,6762df,y9d41p,0.7.3,fleet_logger_0_1,595560041,UMLIFE_v2_TLC555,ch2,origplant,soil_moisture,1348,,,OK,,,985.3,,name=classic;level=overwatered;role=disp;spread=40;gpio=34;device_seq=79406;time_source=device_synced;device_timestamp_utc=2026-07-28T11:37:50.483Z;config_id=257fa022;rssi=-61;uptime_s=595560;heap=195908;cal_tier=channel-cal;cal_src=wet_rederive_1236_20260719;pressure_context_source=weather_openmeteo;transport=wifi_poll,
plants.soil,2026-07-28T11:38:08.090Z,2026-07-28 06:38:08.090,25544,6762df,y9d41p,0.7.3,fleet_logger_0_1,595560041,UMLIFE_v2_TLC555,ch3,origplant,soil_moisture,1429,,,OK,,,985.3,,name=classic;level=well watered;role=disp;spread=18;gpio=35;device_seq=79407;time_source=device_synced;device_timestamp_utc=2026-07-28T11:37:50.483Z;config_id=257fa022;rssi=-61;uptime_s=595560;heap=195908;cal_tier=channel-cal;cal_src=wet_rederive_1236_20260719;pressure_context_source=weather_openmeteo;transport=wifi_poll,
plants.env,2026-07-28T11:38:08.090Z,2026-07-28 06:38:08.090,25545,6762df,y9d41p,0.7.3,fleet_logger_0_1,595560797,ESP32,esp32_die,on_chip,die_temp,,52.78,degC,OK,,,,,name=classic;source=esp32_die;cal=uncalibrated_board_proxy;api=temperatureRead;config_id=257fa022;transport=wifi_poll,
plants.soil,2026-07-28T11:38:38.684Z,2026-07-28 06:38:38.684,25546,6762df,y9d41p,0.7.3,fleet_logger_0_1,595590041,UMLIFE_v2_TLC555,ch0,origplant,soil_moisture,1572,,,OK,,,985.3,,name=classic;level=well watered;role=disp;spread=40;gpio=36;device_seq=79408;time_source=device_synced;device_timestamp_utc=2026-07-28T11:38:20.483Z;config_id=257fa022;rssi=-61;uptime_s=595590;heap=195636;cal_tier=channel-cal;cal_src=wet_rederive_1236_20260719;pressure_context_source=weather_openmeteo;transport=wifi_poll,
plants.soil,2026-07-28T11:38:38.684Z,2026-07-28 06:38:38.684,25547,6762df,y9d41p,0.7.3,fleet_logger_0_1,595590041,UMLIFE_v2_TLC555,ch1,origplant,soil_moisture,1695,,,OK,,,985.3,,name=classic;level=OK;role=disp;spread=32;gpio=39;device_seq=79409;time_source=device_synced;device_timestamp_utc=2026-07-28T11:38:20.483Z;config_id=257fa022;rssi=-61;uptime_s=595590;heap=195636;cal_tier=channel-cal;cal_src=wet_rederive_1236_20260719;pressure_context_source=weather_openmeteo;transport=wifi_poll,
plants.soil,2026-07-28T11:38:38.684Z,2026-07-28 06:38:38.684,25548,6762df,y9d41p,0.7.3,fleet_logger_0_1,595590041,UMLIFE_v2_TLC555,ch2,origplant,soil_moisture,1348,,,OK,,,985.3,,name=classic;level=overwatered;role=disp;spread=45;gpio=34;device_seq=79410;time_source=device_synced;device_timestamp_utc=2026-07-28T11:38:20.483Z;config_id=257fa022;rssi=-61;uptime_s=595590;heap=195636;cal_tier=channel-cal;cal_src=wet_rederive_1236_20260719;pressure_context_source=weather_openmeteo;transport=wifi_poll,
plants.soil,2026-07-28T11:38:38.684Z,2026-07-28 06:38:38.684,25549,6762df,y9d41p,0.7.3,fleet_logger_0_1,595590041,UMLIFE_v2_TLC555,ch3,origplant,soil_moisture,1429,,,OK,,,985.3,,name=classic;level=well watered;role=disp;spread=46;gpio=35;device_seq=79411;time_source=device_synced;device_timestamp_utc=2026-07-28T11:38:20.483Z;config_id=257fa022;rssi=-61;uptime_s=595590;heap=195636;cal_tier=channel-cal;cal_src=wet_rederive_1236_20260719;pressure_context_source=weather_openmeteo;transport=wifi_poll,
plants.env,2026-07-28T11:38:38.684Z,2026-07-28 06:38:38.684,25550,6762df,y9d41p,0.7.3,fleet_logger_0_1,595590797,ESP32,esp32_die,on_chip,die_temp,,53.33,degC,OK,,,,,name=classic;source=esp32_die;cal=uncalibrated_board_proxy;api=temperatureRead;config_id=257fa022;transport=wifi_poll,
plants.soil,2026-07-28T11:39:08.954Z,2026-07-28 06:39:08.954,25551,6762df,y9d41p,0.7.3,fleet_logger_0_1,595620041,UMLIFE_v2_TLC555,ch0,origplant,soil_moisture,1579,,,OK,,,985.3,,name=classic;level=well watered;role=disp;spread=53;gpio=36;device_seq=79412;time_source=device_synced;device_timestamp_utc=2026-07-28T11:38:50.483Z;config_id=257fa022;rssi=-62;uptime_s=595620;heap=195644;cal_tier=channel-cal;cal_src=wet_rederive_1236_20260719;pressure_context_source=weather_openmeteo;transport=wifi_poll,
plants.soil,2026-07-28T11:39:08.954Z,2026-07-28 06:39:08.954,25552,6762df,y9d41p,0.7.3,fleet_logger_0_1,595620041,UMLIFE_v2_TLC555,ch1,origplant,soil_moisture,1693,,,OK,,,985.3,,name=classic;level=OK;role=disp;spread=33;gpio=39;device_seq=79413;time_source=device_synced;device_timestamp_utc=2026-07-28T11:38:50.483Z;config_id=257fa022;rssi=-62;uptime_s=595620;heap=195644;cal_tier=channel-cal;cal_src=wet_rederive_1236_20260719;pressure_context_source=weather_openmeteo;transport=wifi_poll,
plants.soil,2026-07-28T11:39:08.954Z,2026-07-28 06:39:08.954,25553,6762df,y9d41p,0.7.3,fleet_logger_0_1,595620041,UMLIFE_v2_TLC555,ch2,origplant,soil_moisture,1346,,,OK,,,985.3,,name=classic;level=overwatered;role=disp;spread=36;gpio=34;device_seq=79414;time_source=device_synced;device_timestamp_utc=2026-07-28T11:38:50.483Z;config_id=257fa022;rssi=-62;uptime_s=595620;heap=195644;cal_tier=channel-cal;cal_src=wet_rederive_1236_20260719;pressure_context_source=weather_openmeteo;transport=wifi_poll,
plants.soil,2026-07-28T11:39:08.954Z,2026-07-28 06:39:08.954,25554,6762df,y9d41p,0.7.3,fleet_logger_0_1,595620041,UMLIFE_v2_TLC555,ch3,origplant,soil_moisture,1427,,,OK,,,985.3,,name=classic;level=well watered;role=disp;spread=31;gpio=35;device_seq=79415;time_source=device_synced;device_timestamp_utc=2026-07-28T11:38:50.483Z;config_id=257fa022;rssi=-62;uptime_s=595620;heap=195644;cal_tier=channel-cal;cal_src=wet_rederive_1236_20260719;pressure_context_source=weather_openmeteo;transport=wifi_poll,
plants.env,2026-07-28T11:39:08.954Z,2026-07-28 06:39:08.954,25555,6762df,y9d41p,0.7.3,fleet_logger_0_1,595620796,ESP32,esp32_die,on_chip,die_temp,,52.78,degC,OK,,,,,name=classic;source=esp32_die;cal=uncalibrated_board_proxy;api=temperatureRead;config_id=257fa022;transport=wifi_poll,
plants.soil,2026-07-28T11:39:39.629Z,2026-07-28 06:39:39.629,25556,6762df,y9d41p,0.7.3,fleet_logger_0_1,595650041,UMLIFE_v2_TLC555,ch0,origplant,soil_moisture,1580,,,OK,,,985.3,,name=classic;level=well watered;role=disp;spread=44;gpio=36;device_seq=79416;time_source=device_synced;device_timestamp_utc=2026-07-28T11:39:20.483Z;config_id=257fa022;rssi=-62;uptime_s=595650;heap=195908;cal_tier=channel-cal;cal_src=wet_rederive_1236_20260719;pressure_context_source=weather_openmeteo;transport=wifi_poll,
plants.soil,2026-07-28T11:39:39.629Z,2026-07-28 06:39:39.629,25557,6762df,y9d41p,0.7.3,fleet_logger_0_1,595650041,UMLIFE_v2_TLC555,ch1,origplant,soil_moisture,1703,,,OK,,,985.3,,name=classic;level=OK;role=disp;spread=47;gpio=39;device_seq=79417;time_source=device_synced;device_timestamp_utc=2026-07-28T11:39:20.483Z;config_id=257fa022;rssi=-62;uptime_s=595650;heap=195908;cal_tier=channel-cal;cal_src=wet_rederive_1236_20260719;pressure_context_source=weather_openmeteo;transport=wifi_poll,
plants.soil,2026-07-28T11:39:39.629Z,2026-07-28 06:39:39.629,25558,6762df,y9d41p,0.7.3,fleet_logger_0_1,595650041,UMLIFE_v2_TLC555,ch2,origplant,soil_moisture,1346,,,OK,,,985.3,,name=classic;level=overwatered;role=disp;spread=54;gpio=34;device_seq=79418;time_source=device_synced;device_timestamp_utc=2026-07-28T11:39:20.483Z;config_id=257fa022;rssi=-62;uptime_s=595650;heap=195908;cal_tier=channel-cal;cal_src=wet_rederive_1236_20260719;pressure_context_source=weather_openmeteo;transport=wifi_poll,
plants.soil,2026-07-28T11:39:39.629Z,2026-07-28 06:39:39.629,25559,6762df,y9d41p,0.7.3,fleet_logger_0_1,595650041,UMLIFE_v2_TLC555,ch3,origplant,soil_moisture,1426,,,OK,,,985.3,,name=classic;level=well watered;role=disp;spread=21;gpio=35;device_seq=79419;time_source=device_synced;device_timestamp_utc=2026-07-28T11:39:20.483Z;config_id=257fa022;rssi=-62;uptime_s=595650;heap=195908;cal_tier=channel-cal;cal_src=wet_rederive_1236_20260719;pressure_context_source=weather_openmeteo;transport=wifi_poll,
plants.env,2026-07-28T11:39:39.629Z,2026-07-28 06:39:39.629,25560,6762df,y9d41p,0.7.3,fleet_logger_0_1,595650797,ESP32,esp32_die,on_chip,die_temp,,52.78,degC,OK,,,,,name=classic;source=esp32_die;cal=uncalibrated_board_proxy;api=temperatureRead;config_id=257fa022;transport=wifi_poll,
plants.soil,2026-07-28T11:40:10.286Z,2026-07-28 06:40:10.286,25561,6762df,y9d41p,0.7.3,fleet_logger_0_1,595680041,UMLIFE_v2_TLC555,ch0,origplant,soil_moisture,1588,,,OK,,,985.3,,name=classic;level=well watered;role=disp;spread=50;gpio=36;device_seq=79420;time_source=device_synced;device_timestamp_utc=2026-07-28T11:39:50.483Z;config_id=257fa022;rssi=-63;uptime_s=595680;heap=195892;cal_tier=channel-cal;cal_src=wet_rederive_1236_20260719;pressure_context_source=weather_openmeteo;transport=wifi_poll,
plants.soil,2026-07-28T11:40:10.286Z,2026-07-28 06:40:10.286,25562,6762df,y9d41p,0.7.3,fleet_logger_0_1,595680041,UMLIFE_v2_TLC555,ch1,origplant,soil_moisture,1705,,,OK,,,985.3,,name=classic;level=OK;role=disp;spread=24;gpio=39;device_seq=79421;time_source=device_synced;device_timestamp_utc=2026-07-28T11:39:50.483Z;config_id=257fa022;rssi=-63;uptime_s=595680;heap=195892;cal_tier=channel-cal;cal_src=wet_rederive_1236_20260719;pressure_context_source=weather_openmeteo;transport=wifi_poll,
plants.soil,2026-07-28T11:40:10.286Z,2026-07-28 06:40:10.286,25563,6762df,y9d41p,0.7.3,fleet_logger_0_1,595680041,UMLIFE_v2_TLC555,ch2,origplant,soil_moisture,1353,,,OK,,,985.3,,name=classic;level=overwatered;role=disp;spread=30;gpio=34;device_seq=79422;time_source=device_synced;device_timestamp_utc=2026-07-28T11:39:50.483Z;config_id=257fa022;rssi=-63;uptime_s=595680;heap=195892;cal_tier=channel-cal;cal_src=wet_rederive_1236_20260719;pressure_context_source=weather_openmeteo;transport=wifi_poll,
plants.soil,2026-07-28T11:40:10.286Z,2026-07-28 06:40:10.286,25564,6762df,y9d41p,0.7.3,fleet_logger_0_1,595680041,UMLIFE_v2_TLC555,ch3,origplant,soil_moisture,1431,,,OK,,,985.3,,name=classic;level=well watered;role=disp;spread=18;gpio=35;device_seq=79423;time_source=device_synced;device_timestamp_utc=2026-07-28T11:39:50.483Z;config_id=257fa022;rssi=-63;uptime_s=595680;heap=195892;cal_tier=channel-cal;cal_src=wet_rederive_1236_20260719;pressure_context_source=weather_openmeteo;transport=wifi_poll,
plants.env,2026-07-28T11:40:10.286Z,2026-07-28 06:40:10.286,25565,6762df,y9d41p,0.7.3,fleet_logger_0_1,595680797,ESP32,esp32_die,on_chip,die_temp,,53.33,degC,OK,,,,,name=classic;source=esp32_die;cal=uncalibrated_board_proxy;api=temperatureRead;config_id=257fa022;transport=wifi_poll,
plants.soil,2026-07-28T11:40:41.156Z,2026-07-28 06:40:41.156,25566,6762df,y9d41p,0.7.3,fleet_logger_0_1,595710041,UMLIFE_v2_TLC555,ch0,origplant,soil_moisture,1588,,,OK,,,985.3,,name=classic;level=well watered;role=disp;spread=47;gpio=36;device_seq=79424;time_source=device_synced;device_timestamp_utc=2026-07-28T11:40:20.483Z;config_id=257fa022;rssi=-62;uptime_s=595710;heap=195896;cal_tier=channel-cal;cal_src=wet_rederive_1236_20260719;pressure_context_source=weather_openmeteo;transport=wifi_poll,
plants.soil,2026-07-28T11:40:41.156Z,2026-07-28 06:40:41.156,25567,6762df,y9d41p,0.7.3,fleet_logger_0_1,595710041,UMLIFE_v2_TLC555,ch1,origplant,soil_moisture,1706,,,OK,,,985.3,,name=classic;level=OK;role=disp;spread=49;gpio=39;device_seq=79425;time_source=device_synced;device_timestamp_utc=2026-07-28T11:40:20.483Z;config_id=257fa022;rssi=-62;uptime_s=595710;heap=195896;cal_tier=channel-cal;cal_src=wet_rederive_1236_20260719;pressure_context_source=weather_openmeteo;transport=wifi_poll,
plants.soil,2026-07-28T11:40:41.156Z,2026-07-28 06:40:41.156,25568,6762df,y9d41p,0.7.3,fleet_logger_0_1,595710041,UMLIFE_v2_TLC555,ch2,origplant,soil_moisture,1354,,,OK,,,985.3,,name=classic;level=overwatered;role=disp;spread=17;gpio=34;device_seq=79426;time_source=device_synced;device_timestamp_utc=2026-07-28T11:40:20.483Z;config_id=257fa022;rssi=-62;uptime_s=595710;heap=195896;cal_tier=channel-cal;cal_src=wet_rederive_1236_20260719;pressure_context_source=weather_openmeteo;transport=wifi_poll,
plants.soil,2026-07-28T11:40:41.156Z,2026-07-28 06:40:41.156,25569,6762df,y9d41p,0.7.3,fleet_logger_0_1,595710041,UMLIFE_v2_TLC555,ch3,origplant,soil_moisture,1438,,,OK,,,985.3,,name=classic;level=well watered;role=disp;spread=26;gpio=35;device_seq=79427;time_source=device_synced;device_timestamp_utc=2026-07-28T11:40:20.483Z;config_id=257fa022;rssi=-62;uptime_s=595710;heap=195896;cal_tier=channel-cal;cal_src=wet_rederive_1236_20260719;pressure_context_source=weather_openmeteo;transport=wifi_poll,
plants.env,2026-07-28T11:40:41.156Z,2026-07-28 06:40:41.156,25570,6762df,y9d41p,0.7.3,fleet_logger_0_1,595710797,ESP32,esp32_die,on_chip,die_temp,,53.33,degC,OK,,,,,name=classic;source=esp32_die;cal=uncalibrated_board_proxy;api=temperatureRead;config_id=257fa022;transport=wifi_poll,
plants.soil,2026-07-28T11:41:11.388Z,2026-07-28 06:41:11.388,25571,6762df,y9d41p,0.7.3,fleet_logger_0_1,595740041,UMLIFE_v2_TLC555,ch0,origplant,soil_moisture,1586,,,OK,,,985.3,,name=classic;level=well watered;role=disp;spread=29;gpio=36;device_seq=79428;time_source=device_synced;device_timestamp_utc=2026-07-28T11:40:50.483Z;config_id=257fa022;rssi=-62;uptime_s=595740;heap=195908;cal_tier=channel-cal;cal_src=wet_rederive_1236_20260719;pressure_context_source=weather_openmeteo;transport=wifi_poll,
plants.soil,2026-07-28T11:41:11.388Z,2026-07-28 06:41:11.388,25572,6762df,y9d41p,0.7.3,fleet_logger_0_1,595740041,UMLIFE_v2_TLC555,ch1,origplant,soil_moisture,1721,,,OK,,,985.3,,name=classic;level=OK;role=disp;spread=47;gpio=39;device_seq=79429;time_source=device_synced;device_timestamp_utc=2026-07-28T11:40:50.483Z;config_id=257fa022;rssi=-62;uptime_s=595740;heap=195908;cal_tier=channel-cal;cal_src=wet_rederive_1236_20260719;pressure_context_source=weather_openmeteo;transport=wifi_poll,
plants.soil,2026-07-28T11:41:11.388Z,2026-07-28 06:41:11.388,25573,6762df,y9d41p,0.7.3,fleet_logger_0_1,595740041,UMLIFE_v2_TLC555,ch2,origplant,soil_moisture,1361,,,OK,,,985.3,,name=classic;level=overwatered;role=disp;spread=24;gpio=34;device_seq=79430;time_source=device_synced;device_timestamp_utc=2026-07-28T11:40:50.483Z;config_id=257fa022;rssi=-62;uptime_s=595740;heap=195908;cal_tier=channel-cal;cal_src=wet_rederive_1236_20260719;pressure_context_source=weather_openmeteo;transport=wifi_poll,
plants.soil,2026-07-28T11:41:11.388Z,2026-07-28 06:41:11.388,25574,6762df,y9d41p,0.7.3,fleet_logger_0_1,595740041,UMLIFE_v2_TLC555,ch3,origplant,soil_moisture,1431,,,OK,,,985.3,,name=classic;level=well watered;role=disp;spread=33;gpio=35;device_seq=79431;time_source=device_synced;device_timestamp_utc=2026-07-28T11:40:50.483Z;config_id=257fa022;rssi=-62;uptime_s=595740;heap=195908;cal_tier=channel-cal;cal_src=wet_rederive_1236_20260719;pressure_context_source=weather_openmeteo;transport=wifi_poll,
plants.env,2026-07-28T11:41:11.388Z,2026-07-28 06:41:11.388,25575,6762df,y9d41p,0.7.3,fleet_logger_0_1,595740797,ESP32,esp32_die,on_chip,die_temp,,52.78,degC,OK,,,,,name=classic;source=esp32_die;cal=uncalibrated_board_proxy;api=temperatureRead;config_id=257fa022;transport=wifi_poll,
plants.soil,2026-07-28T11:41:41.776Z,2026-07-28 06:41:41.776,25576,6762df,y9d41p,0.7.3,fleet_logger_0_1,595770041,UMLIFE_v2_TLC555,ch0,origplant,soil_moisture,1584,,,OK,,,985.3,,name=classic;level=well watered;role=disp;spread=23;gpio=36;device_seq=79432;time_source=device_synced;device_timestamp_utc=2026-07-28T11:41:20.483Z;config_id=257fa022;rssi=-63;uptime_s=595770;heap=195648;cal_tier=channel-cal;cal_src=wet_rederive_1236_20260719;pressure_context_source=weather_openmeteo;transport=wifi_poll,
plants.soil,2026-07-28T11:41:41.776Z,2026-07-28 06:41:41.776,25577,6762df,y9d41p,0.7.3,fleet_logger_0_1,595770041,UMLIFE_v2_TLC555,ch1,origplant,soil_moisture,1716,,,OK,,,985.3,,name=classic;level=OK;role=disp;spread=38;gpio=39;device_seq=79433;time_source=device_synced;device_timestamp_utc=2026-07-28T11:41:20.483Z;config_id=257fa022;rssi=-63;uptime_s=595770;heap=195648;cal_tier=channel-cal;cal_src=wet_rederive_1236_20260719;pressure_context_source=weather_openmeteo;transport=wifi_poll,
plants.soil,2026-07-28T11:41:41.776Z,2026-07-28 06:41:41.776,25578,6762df,y9d41p,0.7.3,fleet_logger_0_1,595770041,UMLIFE_v2_TLC555,ch2,origplant,soil_moisture,1366,,,OK,,,985.3,,name=classic;level=overwatered;role=disp;spread=39;gpio=34;device_seq=79434;time_source=device_synced;device_timestamp_utc=2026-07-28T11:41:20.483Z;config_id=257fa022;rssi=-63;uptime_s=595770;heap=195648;cal_tier=channel-cal;cal_src=wet_rederive_1236_20260719;pressure_context_source=weather_openmeteo;transport=wifi_poll,
plants.soil,2026-07-28T11:41:41.776Z,2026-07-28 06:41:41.776,25579,6762df,y9d41p,0.7.3,fleet_logger_0_1,595770041,UMLIFE_v2_TLC555,ch3,origplant,soil_moisture,1441,,,OK,,,985.3,,name=classic;level=well watered;role=disp;spread=12;gpio=35;device_seq=79435;time_source=device_synced;device_timestamp_utc=2026-07-28T11:41:20.483Z;config_id=257fa022;rssi=-63;uptime_s=595770;heap=195648;cal_tier=channel-cal;cal_src=wet_rederive_1236_20260719;pressure_context_source=weather_openmeteo;transport=wifi_poll,
plants.env,2026-07-28T11:41:41.776Z,2026-07-28 06:41:41.776,25580,6762df,y9d41p,0.7.3,fleet_logger_0_1,595770796,ESP32,esp32_die,on_chip,die_temp,,53.33,degC,OK,,,,,name=classic;source=esp32_die;cal=uncalibrated_board_proxy;api=temperatureRead;config_id=257fa022;transport=wifi_poll,
plants.soil,2026-07-28T11:42:13.235Z,2026-07-28 06:42:13.235,25581,6762df,y9d41p,0.7.3,fleet_logger_0_1,595800041,UMLIFE_v2_TLC555,ch0,origplant,soil_moisture,1587,,,OK,,,985.3,,name=classic;level=well watered;role=disp;spread=46;gpio=36;device_seq=79436;time_source=device_synced;device_timestamp_utc=2026-07-28T11:41:50.483Z;config_id=257fa022;rssi=-61;uptime_s=595800;heap=195644;cal_tier=channel-cal;cal_src=wet_rederive_1236_20260719;pressure_context_source=weather_openmeteo;transport=wifi_poll,
plants.soil,2026-07-28T11:42:13.235Z,2026-07-28 06:42:13.235,25582,6762df,y9d41p,0.7.3,fleet_logger_0_1,595800041,UMLIFE_v2_TLC555,ch1,origplant,soil_moisture,1716,,,OK,,,985.3,,name=classic;level=OK;role=disp;spread=45;gpio=39;device_seq=79437;time_source=device_synced;device_timestamp_utc=2026-07-28T11:41:50.483Z;config_id=257fa022;rssi=-61;uptime_s=595800;heap=195644;cal_tier=channel-cal;cal_src=wet_rederive_1236_20260719;pressure_context_source=weather_openmeteo;transport=wifi_poll,
plants.soil,2026-07-28T11:42:13.235Z,2026-07-28 06:42:13.235,25583,6762df,y9d41p,0.7.3,fleet_logger_0_1,595800041,UMLIFE_v2_TLC555,ch2,origplant,soil_moisture,1371,,,OK,,,985.3,,name=classic;level=overwatered;role=disp;spread=32;gpio=34;device_seq=79438;time_source=device_synced;device_timestamp_utc=2026-07-28T11:41:50.483Z;config_id=257fa022;rssi=-61;uptime_s=595800;heap=195644;cal_tier=channel-cal;cal_src=wet_rederive_1236_20260719;pressure_context_source=weather_openmeteo;transport=wifi_poll,
plants.soil,2026-07-28T11:42:13.235Z,2026-07-28 06:42:13.235,25584,6762df,y9d41p,0.7.3,fleet_logger_0_1,595800041,UMLIFE_v2_TLC555,ch3,origplant,soil_moisture,1444,,,OK,,,985.3,,name=classic;level=well watered;role=disp;spread=41;gpio=35;device_seq=79439;time_source=device_synced;device_timestamp_utc=2026-07-28T11:41:50.483Z;config_id=257fa022;rssi=-61;uptime_s=595800;heap=195644;cal_tier=channel-cal;cal_src=wet_rederive_1236_20260719;pressure_context_source=weather_openmeteo;transport=wifi_poll,
plants.env,2026-07-28T11:42:13.235Z,2026-07-28 06:42:13.235,25585,6762df,y9d41p,0.7.3,fleet_logger_0_1,595801863,ESP32,esp32_die,on_chip,die_temp,,53.33,degC,OK,,,,,name=classic;source=esp32_die;cal=uncalibrated_board_proxy;api=temperatureRead;config_id=257fa022;transport=wifi_poll,
plants.soil,2026-07-28T11:42:43.477Z,2026-07-28 06:42:43.477,25586,6762df,y9d41p,0.7.3,fleet_logger_0_1,595830041,UMLIFE_v2_TLC555,ch0,origplant,soil_moisture,1559,,,OK,,,985.3,,name=classic;level=well watered;role=disp;spread=39;gpio=36;device_seq=79440;time_source=device_synced;device_timestamp_utc=2026-07-28T11:42:20.483Z;config_id=257fa022;rssi=-60;uptime_s=595830;heap=195908;cal_tier=channel-cal;cal_src=wet_rederive_1236_20260719;pressure_context_source=weather_openmeteo;transport=wifi_poll,
plants.soil,2026-07-28T11:42:43.477Z,2026-07-28 06:42:43.477,25587,6762df,y9d41p,0.7.3,fleet_logger_0_1,595830041,UMLIFE_v2_TLC555,ch1,origplant,soil_moisture,1695,,,OK,,,985.3,,name=classic;level=OK;role=disp;spread=6;gpio=39;device_seq=79441;time_source=device_synced;device_timestamp_utc=2026-07-28T11:42:20.483Z;config_id=257fa022;rssi=-60;uptime_s=595830;heap=195908;cal_tier=channel-cal;cal_src=wet_rederive_1236_20260719;pressure_context_source=weather_openmeteo;transport=wifi_poll,
plants.soil,2026-07-28T11:42:43.477Z,2026-07-28 06:42:43.477,25588,6762df,y9d41p,0.7.3,fleet_logger_0_1,595830041,UMLIFE_v2_TLC555,ch2,origplant,soil_moisture,1345,,,OK,,,985.3,,name=classic;level=overwatered;role=disp;spread=28;gpio=34;device_seq=79442;time_source=device_synced;device_timestamp_utc=2026-07-28T11:42:20.483Z;config_id=257fa022;rssi=-60;uptime_s=595830;heap=195908;cal_tier=channel-cal;cal_src=wet_rederive_1236_20260719;pressure_context_source=weather_openmeteo;transport=wifi_poll,
plants.soil,2026-07-28T11:42:43.477Z,2026-07-28 06:42:43.477,25589,6762df,y9d41p,0.7.3,fleet_logger_0_1,595830041,UMLIFE_v2_TLC555,ch3,origplant,soil_moisture,1423,,,OK,,,985.3,,name=classic;level=well watered;role=disp;spread=31;gpio=35;device_seq=79443;time_source=device_synced;device_timestamp_utc=2026-07-28T11:42:20.483Z;config_id=257fa022;rssi=-60;uptime_s=595830;heap=195908;cal_tier=channel-cal;cal_src=wet_rederive_1236_20260719;pressure_context_source=weather_openmeteo;transport=wifi_poll,
plants.env,2026-07-28T11:42:43.477Z,2026-07-28 06:42:43.477,25590,6762df,y9d41p,0.7.3,fleet_logger_0_1,595830797,ESP32,esp32_die,on_chip,die_temp,,53.33,degC,OK,,,,,name=classic;source=esp32_die;cal=uncalibrated_board_proxy;api=temperatureRead;config_id=257fa022;transport=wifi_poll,
plants.soil,2026-07-28T11:43:13.687Z,2026-07-28 06:43:13.687,25591,6762df,y9d41p,0.7.3,fleet_logger_0_1,595860041,UMLIFE_v2_TLC555,ch0,origplant,soil_moisture,1588,,,OK,,,985.3,,name=classic;level=well watered;role=disp;spread=31;gpio=36;device_seq=79444;time_source=device_synced;device_timestamp_utc=2026-07-28T11:42:50.483Z;config_id=257fa022;rssi=-62;uptime_s=595860;heap=195908;cal_tier=channel-cal;cal_src=wet_rederive_1236_20260719;pressure_context_source=weather_openmeteo;transport=wifi_poll,
plants.soil,2026-07-28T11:43:13.687Z,2026-07-28 06:43:13.687,25592,6762df,y9d41p,0.7.3,fleet_logger_0_1,595860041,UMLIFE_v2_TLC555,ch1,origplant,soil_moisture,1721,,,OK,,,985.3,,name=classic;level=OK;role=disp;spread=41;gpio=39;device_seq=79445;time_source=device_synced;device_timestamp_utc=2026-07-28T11:42:50.483Z;config_id=257fa022;rssi=-62;uptime_s=595860;heap=195908;cal_tier=channel-cal;cal_src=wet_rederive_1236_20260719;pressure_context_source=weather_openmeteo;transport=wifi_poll,
plants.soil,2026-07-28T11:43:13.687Z,2026-07-28 06:43:13.687,25593,6762df,y9d41p,0.7.3,fleet_logger_0_1,595860041,UMLIFE_v2_TLC555,ch2,origplant,soil_moisture,1377,,,OK,,,985.3,,name=classic;level=overwatered;role=disp;spread=28;gpio=34;device_seq=79446;time_source=device_synced;device_timestamp_utc=2026-07-28T11:42:50.483Z;config_id=257fa022;rssi=-62;uptime_s=595860;heap=195908;cal_tier=channel-cal;cal_src=wet_rederive_1236_20260719;pressure_context_source=weather_openmeteo;transport=wifi_poll,
plants.soil,2026-07-28T11:43:13.687Z,2026-07-28 06:43:13.687,25594,6762df,y9d41p,0.7.3,fleet_logger_0_1,595860041,UMLIFE_v2_TLC555,ch3,origplant,soil_moisture,1452,,,OK,,,985.3,,name=classic;level=well watered;role=disp;spread=26;gpio=35;device_seq=79447;time_source=device_synced;device_timestamp_utc=2026-07-28T11:42:50.483Z;config_id=257fa022;rssi=-62;uptime_s=595860;heap=195908;cal_tier=channel-cal;cal_src=wet_rederive_1236_20260719;pressure_context_source=weather_openmeteo;transport=wifi_poll,
plants.env,2026-07-28T11:43:13.687Z,2026-07-28 06:43:13.687,25595,6762df,y9d41p,0.7.3,fleet_logger_0_1,595860797,ESP32,esp32_die,on_chip,die_temp,,52.78,degC,OK,,,,,name=classic;source=esp32_die;cal=uncalibrated_board_proxy;api=temperatureRead;config_id=257fa022;transport=wifi_poll,
plants.soil,2026-07-28T11:43:44.034Z,2026-07-28 06:43:44.034,25596,6762df,y9d41p,0.7.3,fleet_logger_0_1,595890041,UMLIFE_v2_TLC555,ch0,origplant,soil_moisture,1585,,,OK,,,985.3,,name=classic;level=well watered;role=disp;spread=47;gpio=36;device_seq=79448;time_source=device_synced;device_timestamp_utc=2026-07-28T11:43:20.483Z;config_id=257fa022;rssi=-62;uptime_s=595890;heap=195908;cal_tier=channel-cal;cal_src=wet_rederive_1236_20260719;pressure_context_source=weather_openmeteo;transport=wifi_poll,
plants.soil,2026-07-28T11:43:44.034Z,2026-07-28 06:43:44.034,25597,6762df,y9d41p,0.7.3,fleet_logger_0_1,595890041,UMLIFE_v2_TLC555,ch1,origplant,soil_moisture,1721,,,OK,,,985.3,,name=classic;level=OK;role=disp;spread=36;gpio=39;device_seq=79449;time_source=device_synced;device_timestamp_utc=2026-07-28T11:43:20.483Z;config_id=257fa022;rssi=-62;uptime_s=595890;heap=195908;cal_tier=channel-cal;cal_src=wet_rederive_1236_20260719;pressure_context_source=weather_openmeteo;transport=wifi_poll,
plants.soil,2026-07-28T11:43:44.034Z,2026-07-28 06:43:44.034,25598,6762df,y9d41p,0.7.3,fleet_logger_0_1,595890041,UMLIFE_v2_TLC555,ch2,origplant,soil_moisture,1371,,,OK,,,985.3,,name=classic;level=overwatered;role=disp;spread=27;gpio=34;device_seq=79450;time_source=device_synced;device_timestamp_utc=2026-07-28T11:43:20.483Z;config_id=257fa022;rssi=-62;uptime_s=595890;heap=195908;cal_tier=channel-cal;cal_src=wet_rederive_1236_20260719;pressure_context_source=weather_openmeteo;transport=wifi_poll,
plants.soil,2026-07-28T11:43:44.034Z,2026-07-28 06:43:44.034,25599,6762df,y9d41p,0.7.3,fleet_logger_0_1,595890041,UMLIFE_v2_TLC555,ch3,origplant,soil_moisture,1456,,,OK,,,985.3,,name=classic;level=well watered;role=disp;spread=21;gpio=35;device_seq=79451;time_source=device_synced;device_timestamp_utc=2026-07-28T11:43:20.483Z;config_id=257fa022;rssi=-62;uptime_s=595890;heap=195908;cal_tier=channel-cal;cal_src=wet_rederive_1236_20260719;pressure_context_source=weather_openmeteo;transport=wifi_poll,
plants.env,2026-07-28T11:43:44.034Z,2026-07-28 06:43:44.034,25600,6762df,y9d41p,0.7.3,fleet_logger_0_1,595890797,ESP32,esp32_die,on_chip,die_temp,,53.33,degC,OK,,,,,name=classic;source=esp32_die;cal=uncalibrated_board_proxy;api=temperatureRead;config_id=257fa022;transport=wifi_poll,
plants.soil,2026-07-28T11:44:14.306Z,2026-07-28 06:44:14.306,25601,6762df,y9d41p,0.7.3,fleet_logger_0_1,595920041,UMLIFE_v2_TLC555,ch0,origplant,soil_moisture,1589,,,OK,,,985.3,,name=classic;level=well watered;role=disp;spread=24;gpio=36;device_seq=79452;time_source=device_synced;device_timestamp_utc=2026-07-28T11:43:50.483Z;config_id=257fa022;rssi=-62;uptime_s=595920;heap=195904;cal_tier=channel-cal;cal_src=wet_rederive_1236_20260719;pressure_context_source=weather_openmeteo;transport=wifi_poll,
plants.soil,2026-07-28T11:44:14.306Z,2026-07-28 06:44:14.306,25602,6762df,y9d41p,0.7.3,fleet_logger_0_1,595920041,UMLIFE_v2_TLC555,ch1,origplant,soil_moisture,1719,,,OK,,,985.3,,name=classic;level=OK;role=disp;spread=45;gpio=39;device_seq=79453;time_source=device_synced;device_timestamp_utc=2026-07-28T11:43:50.483Z;config_id=257fa022;rssi=-62;uptime_s=595920;heap=195904;cal_tier=channel-cal;cal_src=wet_rederive_1236_20260719;pressure_context_source=weather_openmeteo;transport=wifi_poll,
plants.soil,2026-07-28T11:44:14.306Z,2026-07-28 06:44:14.306,25603,6762df,y9d41p,0.7.3,fleet_logger_0_1,595920041,UMLIFE_v2_TLC555,ch2,origplant,soil_moisture,1373,,,OK,,,985.3,,name=classic;level=overwatered;role=disp;spread=42;gpio=34;device_seq=79454;time_source=device_synced;device_timestamp_utc=2026-07-28T11:43:50.483Z;config_id=257fa022;rssi=-62;uptime_s=595920;heap=195904;cal_tier=channel-cal;cal_src=wet_rederive_1236_20260719;pressure_context_source=weather_openmeteo;transport=wifi_poll,
plants.soil,2026-07-28T11:44:14.306Z,2026-07-28 06:44:14.306,25604,6762df,y9d41p,0.7.3,fleet_logger_0_1,595920041,UMLIFE_v2_TLC555,ch3,origplant,soil_moisture,1458,,,OK,,,985.3,,name=classic;level=well watered;role=disp;spread=35;gpio=35;device_seq=79455;time_source=device_synced;device_timestamp_utc=2026-07-28T11:43:50.483Z;config_id=257fa022;rssi=-62;uptime_s=595920;heap=195904;cal_tier=channel-cal;cal_src=wet_rederive_1236_20260719;pressure_context_source=weather_openmeteo;transport=wifi_poll,
plants.env,2026-07-28T11:44:14.306Z,2026-07-28 06:44:14.306,25605,6762df,y9d41p,0.7.3,fleet_logger_0_1,595920797,ESP32,esp32_die,on_chip,die_temp,,52.78,degC,OK,,,,,name=classic;source=esp32_die;cal=uncalibrated_board_proxy;api=temperatureRead;config_id=257fa022;transport=wifi_poll,
plants.soil,2026-07-28T11:44:46.497Z,2026-07-28 06:44:46.497,25606,6762df,y9d41p,0.7.3,fleet_logger_0_1,595950041,UMLIFE_v2_TLC555,ch0,origplant,soil_moisture,1585,,,OK,,,985.3,,name=classic;level=well watered;role=disp;spread=44;gpio=36;device_seq=79456;time_source=device_synced;device_timestamp_utc=2026-07-28T11:44:20.483Z;config_id=257fa022;rssi=-61;uptime_s=595950;heap=195648;cal_tier=channel-cal;cal_src=wet_rederive_1236_20260719;pressure_context_source=weather_openmeteo;transport=wifi_poll,
plants.soil,2026-07-28T11:44:46.497Z,2026-07-28 06:44:46.497,25607,6762df,y9d41p,0.7.3,fleet_logger_0_1,595950041,UMLIFE_v2_TLC555,ch1,origplant,soil_moisture,1715,,,OK,,,985.3,,name=classic;level=OK;role=disp;spread=29;gpio=39;device_seq=79457;time_source=device_synced;device_timestamp_utc=2026-07-28T11:44:20.483Z;config_id=257fa022;rssi=-61;uptime_s=595950;heap=195648;cal_tier=channel-cal;cal_src=wet_rederive_1236_20260719;pressure_context_source=weather_openmeteo;transport=wifi_poll,
plants.soil,2026-07-28T11:44:46.497Z,2026-07-28 06:44:46.497,25608,6762df,y9d41p,0.7.3,fleet_logger_0_1,595950041,UMLIFE_v2_TLC555,ch2,origplant,soil_moisture,1375,,,OK,,,985.3,,name=classic;level=overwatered;role=disp;spread=44;gpio=34;device_seq=79458;time_source=device_synced;device_timestamp_utc=2026-07-28T11:44:20.483Z;config_id=257fa022;rssi=-61;uptime_s=595950;heap=195648;cal_tier=channel-cal;cal_src=wet_rederive_1236_20260719;pressure_context_source=weather_openmeteo;transport=wifi_poll,
plants.soil,2026-07-28T11:44:46.497Z,2026-07-28 06:44:46.497,25609,6762df,y9d41p,0.7.3,fleet_logger_0_1,595950041,UMLIFE_v2_TLC555,ch3,origplant,soil_moisture,1460,,,OK,,,985.3,,name=classic;level=well watered;role=disp;spread=28;gpio=35;device_seq=79459;time_source=device_synced;device_timestamp_utc=2026-07-28T11:44:20.483Z;config_id=257fa022;rssi=-61;uptime_s=595950;heap=195648;cal_tier=channel-cal;cal_src=wet_rederive_1236_20260719;pressure_context_source=weather_openmeteo;transport=wifi_poll,
plants.env,2026-07-28T11:44:46.497Z,2026-07-28 06:44:46.497,25610,6762df,y9d41p,0.7.3,fleet_logger_0_1,595950796,ESP32,esp32_die,on_chip,die_temp,,53.33,degC,OK,,,,,name=classic;source=esp32_die;cal=uncalibrated_board_proxy;api=temperatureRead;config_id=257fa022;transport=wifi_poll,
plants.soil,2026-07-28T11:45:16.838Z,2026-07-28 06:45:16.838,25611,6762df,y9d41p,0.7.3,fleet_logger_0_1,595980041,UMLIFE_v2_TLC555,ch0,origplant,soil_moisture,1589,,,OK,,,985.3,,name=classic;level=well watered;role=disp;spread=16;gpio=36;device_seq=79460;time_source=device_synced;device_timestamp_utc=2026-07-28T11:44:50.483Z;config_id=257fa022;rssi=-62;uptime_s=595980;heap=195648;cal_tier=channel-cal;cal_src=wet_rederive_1236_20260719;pressure_context_source=weather_openmeteo;transport=wifi_poll,
plants.soil,2026-07-28T11:45:16.838Z,2026-07-28 06:45:16.838,25612,6762df,y9d41p,0.7.3,fleet_logger_0_1,595980041,UMLIFE_v2_TLC555,ch1,origplant,soil_moisture,1718,,,OK,,,985.3,,name=classic;level=OK;role=disp;spread=51;gpio=39;device_seq=79461;time_source=device_synced;device_timestamp_utc=2026-07-28T11:44:50.483Z;config_id=257fa022;rssi=-62;uptime_s=595980;heap=195648;cal_tier=channel-cal;cal_src=wet_rederive_1236_20260719;pressure_context_source=weather_openmeteo;transport=wifi_poll,
plants.soil,2026-07-28T11:45:16.838Z,2026-07-28 06:45:16.838,25613,6762df,y9d41p,0.7.3,fleet_logger_0_1,595980041,UMLIFE_v2_TLC555,ch2,origplant,soil_moisture,1377,,,OK,,,985.3,,name=classic;level=overwatered;role=disp;spread=31;gpio=34;device_seq=79462;time_source=device_synced;device_timestamp_utc=2026-07-28T11:44:50.483Z;config_id=257fa022;rssi=-62;uptime_s=595980;heap=195648;cal_tier=channel-cal;cal_src=wet_rederive_1236_20260719;pressure_context_source=weather_openmeteo;transport=wifi_poll,
plants.soil,2026-07-28T11:45:16.838Z,2026-07-28 06:45:16.838,25614,6762df,y9d41p,0.7.3,fleet_logger_0_1,595980041,UMLIFE_v2_TLC555,ch3,origplant,soil_moisture,1462,,,OK,,,985.3,,name=classic;level=well watered;role=disp;spread=17;gpio=35;device_seq=79463;time_source=device_synced;device_timestamp_utc=2026-07-28T11:44:50.483Z;config_id=257fa022;rssi=-62;uptime_s=595980;heap=195648;cal_tier=channel-cal;cal_src=wet_rederive_1236_20260719;pressure_context_source=weather_openmeteo;transport=wifi_poll,
plants.env,2026-07-28T11:45:16.838Z,2026-07-28 06:45:16.838,25615,6762df,y9d41p,0.7.3,fleet_logger_0_1,595980797,ESP32,esp32_die,on_chip,die_temp,,52.22,degC,OK,,,,,name=classic;source=esp32_die;cal=uncalibrated_board_proxy;api=temperatureRead;config_id=257fa022;transport=wifi_poll,
plants.soil,2026-07-28T11:45:48.352Z,2026-07-28 06:45:48.352,25616,6762df,y9d41p,0.7.3,fleet_logger_0_1,596010041,UMLIFE_v2_TLC555,ch0,origplant,soil_moisture,1588,,,OK,,,985.3,,name=classic;level=well watered;role=disp;spread=23;gpio=36;device_seq=79464;time_source=device_synced;device_timestamp_utc=2026-07-28T11:45:20.483Z;config_id=257fa022;rssi=-61;uptime_s=596010;heap=195908;cal_tier=channel-cal;cal_src=wet_rederive_1236_20260719;pressure_context_source=weather_openmeteo;transport=wifi_poll,
plants.soil,2026-07-28T11:45:48.352Z,2026-07-28 06:45:48.352,25617,6762df,y9d41p,0.7.3,fleet_logger_0_1,596010041,UMLIFE_v2_TLC555,ch1,origplant,soil_moisture,1717,,,OK,,,985.3,,name=classic;level=OK;role=disp;spread=29;gpio=39;device_seq=79465;time_source=device_synced;device_timestamp_utc=2026-07-28T11:45:20.483Z;config_id=257fa022;rssi=-61;uptime_s=596010;heap=195908;cal_tier=channel-cal;cal_src=wet_rederive_1236_20260719;pressure_context_source=weather_openmeteo;transport=wifi_poll,
plants.soil,2026-07-28T11:45:48.352Z,2026-07-28 06:45:48.352,25618,6762df,y9d41p,0.7.3,fleet_logger_0_1,596010041,UMLIFE_v2_TLC555,ch2,origplant,soil_moisture,1373,,,OK,,,985.3,,name=classic;level=overwatered;role=disp;spread=47;gpio=34;device_seq=79466;time_source=device_synced;device_timestamp_utc=2026-07-28T11:45:20.483Z;config_id=257fa022;rssi=-61;uptime_s=596010;heap=195908;cal_tier=channel-cal;cal_src=wet_rederive_1236_20260719;pressure_context_source=weather_openmeteo;transport=wifi_poll,
plants.soil,2026-07-28T11:45:48.352Z,2026-07-28 06:45:48.352,25619,6762df,y9d41p,0.7.3,fleet_logger_0_1,596010041,UMLIFE_v2_TLC555,ch3,origplant,soil_moisture,1461,,,OK,,,985.3,,name=classic;level=well watered;role=disp;spread=8;gpio=35;device_seq=79467;time_source=device_synced;device_timestamp_utc=2026-07-28T11:45:20.483Z;config_id=257fa022;rssi=-61;uptime_s=596010;heap=195908;cal_tier=channel-cal;cal_src=wet_rederive_1236_20260719;pressure_context_source=weather_openmeteo;transport=wifi_poll,
plants.env,2026-07-28T11:45:48.352Z,2026-07-28 06:45:48.352,25620,6762df,y9d41p,0.7.3,fleet_logger_0_1,596010797,ESP32,esp32_die,on_chip,die_temp,,52.78,degC,OK,,,,,name=classic;source=esp32_die;cal=uncalibrated_board_proxy;api=temperatureRead;config_id=257fa022;transport=wifi_poll,
plants.soil,2026-07-28T11:46:18.679Z,2026-07-28 06:46:18.679,25621,6762df,y9d41p,0.7.3,fleet_logger_0_1,596040041,UMLIFE_v2_TLC555,ch0,origplant,soil_moisture,1587,,,OK,,,985.3,,name=classic;level=well watered;role=disp;spread=18;gpio=36;device_seq=79468;time_source=device_synced;device_timestamp_utc=2026-07-28T11:45:50.483Z;config_id=257fa022;rssi=-63;uptime_s=596040;heap=195908;cal_tier=channel-cal;cal_src=wet_rederive_1236_20260719;pressure_context_source=weather_openmeteo;transport=wifi_poll,
plants.soil,2026-07-28T11:46:18.679Z,2026-07-28 06:46:18.679,25622,6762df,y9d41p,0.7.3,fleet_logger_0_1,596040041,UMLIFE_v2_TLC555,ch1,origplant,soil_moisture,1721,,,OK,,,985.3,,name=classic;level=OK;role=disp;spread=19;gpio=39;device_seq=79469;time_source=device_synced;device_timestamp_utc=2026-07-28T11:45:50.483Z;config_id=257fa022;rssi=-63;uptime_s=596040;heap=195908;cal_tier=channel-cal;cal_src=wet_rederive_1236_20260719;pressure_context_source=weather_openmeteo;transport=wifi_poll,
plants.soil,2026-07-28T11:46:18.679Z,2026-07-28 06:46:18.679,25623,6762df,y9d41p,0.7.3,fleet_logger_0_1,596040041,UMLIFE_v2_TLC555,ch2,origplant,soil_moisture,1371,,,OK,,,985.3,,name=classic;level=overwatered;role=disp;spread=27;gpio=34;device_seq=79470;time_source=device_synced;device_timestamp_utc=2026-07-28T11:45:50.483Z;config_id=257fa022;rssi=-63;uptime_s=596040;heap=195908;cal_tier=channel-cal;cal_src=wet_rederive_1236_20260719;pressure_context_source=weather_openmeteo;transport=wifi_poll,
plants.soil,2026-07-28T11:46:18.679Z,2026-07-28 06:46:18.679,25624,6762df,y9d41p,0.7.3,fleet_logger_0_1,596040041,UMLIFE_v2_TLC555,ch3,origplant,soil_moisture,1456,,,OK,,,985.3,,name=classic;level=well watered;role=disp;spread=20;gpio=35;device_seq=79471;time_source=device_synced;device_timestamp_utc=2026-07-28T11:45:50.483Z;config_id=257fa022;rssi=-63;uptime_s=596040;heap=195908;cal_tier=channel-cal;cal_src=wet_rederive_1236_20260719;pressure_context_source=weather_openmeteo;transport=wifi_poll,
plants.env,2026-07-28T11:46:18.679Z,2026-07-28 06:46:18.679,25625,6762df,y9d41p,0.7.3,fleet_logger_0_1,596040797,ESP32,esp32_die,on_chip,die_temp,,53.33,degC,OK,,,,,name=classic;source=esp32_die;cal=uncalibrated_board_proxy;api=temperatureRead;config_id=257fa022;transport=wifi_poll,
plants.soil,2026-07-28T11:46:49.194Z,2026-07-28 06:46:49.194,25626,6762df,y9d41p,0.7.3,fleet_logger_0_1,596070041,UMLIFE_v2_TLC555,ch0,origplant,soil_moisture,1586,,,OK,,,985.3,,name=classic;level=well watered;role=disp;spread=49;gpio=36;device_seq=79472;time_source=device_synced;device_timestamp_utc=2026-07-28T11:46:20.483Z;config_id=257fa022;rssi=-62;uptime_s=596070;heap=195908;cal_tier=channel-cal;cal_src=wet_rederive_1236_20260719;pressure_context_source=weather_openmeteo;transport=wifi_poll,
plants.soil,2026-07-28T11:46:49.194Z,2026-07-28 06:46:49.194,25627,6762df,y9d41p,0.7.3,fleet_logger_0_1,596070041,UMLIFE_v2_TLC555,ch1,origplant,soil_moisture,1718,,,OK,,,985.3,,name=classic;level=OK;role=disp;spread=31;gpio=39;device_seq=79473;time_source=device_synced;device_timestamp_utc=2026-07-28T11:46:20.483Z;config_id=257fa022;rssi=-62;uptime_s=596070;heap=195908;cal_tier=channel-cal;cal_src=wet_rederive_1236_20260719;pressure_context_source=weather_openmeteo;transport=wifi_poll,
plants.soil,2026-07-28T11:46:49.194Z,2026-07-28 06:46:49.194,25628,6762df,y9d41p,0.7.3,fleet_logger_0_1,596070041,UMLIFE_v2_TLC555,ch2,origplant,soil_moisture,1374,,,OK,,,985.3,,name=classic;level=overwatered;role=disp;spread=46;gpio=34;device_seq=79474;time_source=device_synced;device_timestamp_utc=2026-07-28T11:46:20.483Z;config_id=257fa022;rssi=-62;uptime_s=596070;heap=195908;cal_tier=channel-cal;cal_src=wet_rederive_1236_20260719;pressure_context_source=weather_openmeteo;transport=wifi_poll,
plants.soil,2026-07-28T11:46:49.194Z,2026-07-28 06:46:49.194,25629,6762df,y9d41p,0.7.3,fleet_logger_0_1,596070041,UMLIFE_v2_TLC555,ch3,origplant,soil_moisture,1460,,,OK,,,985.3,,name=classic;level=well watered;role=disp;spread=37;gpio=35;device_seq=79475;time_source=device_synced;device_timestamp_utc=2026-07-28T11:46:20.483Z;config_id=257fa022;rssi=-62;uptime_s=596070;heap=195908;cal_tier=channel-cal;cal_src=wet_rederive_1236_20260719;pressure_context_source=weather_openmeteo;transport=wifi_poll,
plants.env,2026-07-28T11:46:49.194Z,2026-07-28 06:46:49.194,25630,6762df,y9d41p,0.7.3,fleet_logger_0_1,596070797,ESP32,esp32_die,on_chip,die_temp,,52.78,degC,OK,,,,,name=classic;source=esp32_die;cal=uncalibrated_board_proxy;api=temperatureRead;config_id=257fa022;transport=wifi_poll,
plants.soil,2026-07-28T11:47:19.410Z,2026-07-28 06:47:19.410,25631,6762df,y9d41p,0.7.3,fleet_logger_0_1,596100041,UMLIFE_v2_TLC555,ch0,origplant,soil_moisture,1559,,,OK,,,985.3,,name=classic;level=well watered;role=disp;spread=32;gpio=36;device_seq=79476;time_source=device_synced;device_timestamp_utc=2026-07-28T11:46:50.483Z;config_id=257fa022;rssi=-62;uptime_s=596100;heap=195908;cal_tier=channel-cal;cal_src=wet_rederive_1236_20260719;pressure_context_source=weather_openmeteo;transport=wifi_poll,
plants.soil,2026-07-28T11:47:19.410Z,2026-07-28 06:47:19.410,25632,6762df,y9d41p,0.7.3,fleet_logger_0_1,596100041,UMLIFE_v2_TLC555,ch1,origplant,soil_moisture,1695,,,OK,,,985.3,,name=classic;level=OK;role=disp;spread=18;gpio=39;device_seq=79477;time_source=device_synced;device_timestamp_utc=2026-07-28T11:46:50.483Z;config_id=257fa022;rssi=-62;uptime_s=596100;heap=195908;cal_tier=channel-cal;cal_src=wet_rederive_1236_20260719;pressure_context_source=weather_openmeteo;transport=wifi_poll,
plants.soil,2026-07-28T11:47:19.410Z,2026-07-28 06:47:19.410,25633,6762df,y9d41p,0.7.3,fleet_logger_0_1,596100041,UMLIFE_v2_TLC555,ch2,origplant,soil_moisture,1346,,,OK,,,985.3,,name=classic;level=overwatered;role=disp;spread=34;gpio=34;device_seq=79478;time_source=device_synced;device_timestamp_utc=2026-07-28T11:46:50.483Z;config_id=257fa022;rssi=-62;uptime_s=596100;heap=195908;cal_tier=channel-cal;cal_src=wet_rederive_1236_20260719;pressure_context_source=weather_openmeteo;transport=wifi_poll,
plants.soil,2026-07-28T11:47:19.410Z,2026-07-28 06:47:19.410,25634,6762df,y9d41p,0.7.3,fleet_logger_0_1,596100041,UMLIFE_v2_TLC555,ch3,origplant,soil_moisture,1429,,,OK,,,985.3,,name=classic;level=well watered;role=disp;spread=14;gpio=35;device_seq=79479;time_source=device_synced;device_timestamp_utc=2026-07-28T11:46:50.483Z;config_id=257fa022;rssi=-62;uptime_s=596100;heap=195908;cal_tier=channel-cal;cal_src=wet_rederive_1236_20260719;pressure_context_source=weather_openmeteo;transport=wifi_poll,
plants.env,2026-07-28T11:47:19.410Z,2026-07-28 06:47:19.410,25635,6762df,y9d41p,0.7.3,fleet_logger_0_1,596100797,ESP32,esp32_die,on_chip,die_temp,,53.33,degC,OK,,,,,name=classic;source=esp32_die;cal=uncalibrated_board_proxy;api=temperatureRead;config_id=257fa022;transport=wifi_poll,
plants.soil,2026-07-28T11:47:49.824Z,2026-07-28 06:47:49.824,25636,6762df,y9d41p,0.7.3,fleet_logger_0_1,596130041,UMLIFE_v2_TLC555,ch0,origplant,soil_moisture,1588,,,OK,,,985.3,,name=classic;level=well watered;role=disp;spread=11;gpio=36;device_seq=79480;time_source=device_synced;device_timestamp_utc=2026-07-28T11:47:20.483Z;config_id=257fa022;rssi=-62;uptime_s=596130;heap=195648;cal_tier=channel-cal;cal_src=wet_rederive_1236_20260719;pressure_context_source=weather_openmeteo;transport=wifi_poll,
plants.soil,2026-07-28T11:47:49.824Z,2026-07-28 06:47:49.824,25637,6762df,y9d41p,0.7.3,fleet_logger_0_1,596130041,UMLIFE_v2_TLC555,ch1,origplant,soil_moisture,1721,,,OK,,,985.3,,name=classic;level=OK;role=disp;spread=26;gpio=39;device_seq=79481;time_source=device_synced;device_timestamp_utc=2026-07-28T11:47:20.483Z;config_id=257fa022;rssi=-62;uptime_s=596130;heap=195648;cal_tier=channel-cal;cal_src=wet_rederive_1236_20260719;pressure_context_source=weather_openmeteo;transport=wifi_poll,
plants.soil,2026-07-28T11:47:49.824Z,2026-07-28 06:47:49.824,25638,6762df,y9d41p,0.7.3,fleet_logger_0_1,596130041,UMLIFE_v2_TLC555,ch2,origplant,soil_moisture,1375,,,OK,,,985.3,,name=classic;level=overwatered;role=disp;spread=45;gpio=34;device_seq=79482;time_source=device_synced;device_timestamp_utc=2026-07-28T11:47:20.483Z;config_id=257fa022;rssi=-62;uptime_s=596130;heap=195648;cal_tier=channel-cal;cal_src=wet_rederive_1236_20260719;pressure_context_source=weather_openmeteo;transport=wifi_poll,
plants.soil,2026-07-28T11:47:49.824Z,2026-07-28 06:47:49.824,25639,6762df,y9d41p,0.7.3,fleet_logger_0_1,596130041,UMLIFE_v2_TLC555,ch3,origplant,soil_moisture,1457,,,OK,,,985.3,,name=classic;level=well watered;role=disp;spread=21;gpio=35;device_seq=79483;time_source=device_synced;device_timestamp_utc=2026-07-28T11:47:20.483Z;config_id=257fa022;rssi=-62;uptime_s=596130;heap=195648;cal_tier=channel-cal;cal_src=wet_rederive_1236_20260719;pressure_context_source=weather_openmeteo;transport=wifi_poll,
plants.env,2026-07-28T11:47:49.824Z,2026-07-28 06:47:49.824,25640,6762df,y9d41p,0.7.3,fleet_logger_0_1,596130797,ESP32,esp32_die,on_chip,die_temp,,53.33,degC,OK,,,,,name=classic;source=esp32_die;cal=uncalibrated_board_proxy;api=temperatureRead;config_id=257fa022;transport=wifi_poll,
plants.soil,2026-07-28T11:48:21.044Z,2026-07-28 06:48:21.044,25641,6762df,y9d41p,0.7.3,fleet_logger_0_1,596190041,UMLIFE_v2_TLC555,ch0,origplant,soil_moisture,1585,,,OK,,,985.3,,name=classic;level=well watered;role=disp;spread=20;gpio=36;device_seq=79488;time_source=device_synced;device_timestamp_utc=2026-07-28T11:48:20.483Z;config_id=257fa022;rssi=-61;uptime_s=596190;heap=195544;cal_tier=channel-cal;cal_src=wet_rederive_1236_20260719;pressure_context_source=weather_openmeteo;transport=wifi_poll,
plants.soil,2026-07-28T11:48:21.044Z,2026-07-28 06:48:21.044,25642,6762df,y9d41p,0.7.3,fleet_logger_0_1,596190041,UMLIFE_v2_TLC555,ch1,origplant,soil_moisture,1718,,,OK,,,985.3,,name=classic;level=OK;role=disp;spread=15;gpio=39;device_seq=79489;time_source=device_synced;device_timestamp_utc=2026-07-28T11:48:20.483Z;config_id=257fa022;rssi=-61;uptime_s=596190;heap=195544;cal_tier=channel-cal;cal_src=wet_rederive_1236_20260719;pressure_context_source=weather_openmeteo;transport=wifi_poll,
plants.soil,2026-07-28T11:48:21.044Z,2026-07-28 06:48:21.044,25643,6762df,y9d41p,0.7.3,fleet_logger_0_1,596190041,UMLIFE_v2_TLC555,ch2,origplant,soil_moisture,1377,,,OK,,,985.3,,name=classic;level=overwatered;role=disp;spread=25;gpio=34;device_seq=79490;time_source=device_synced;device_timestamp_utc=2026-07-28T11:48:20.483Z;config_id=257fa022;rssi=-61;uptime_s=596190;heap=195544;cal_tier=channel-cal;cal_src=wet_rederive_1236_20260719;pressure_context_source=weather_openmeteo;transport=wifi_poll,
plants.soil,2026-07-28T11:48:21.044Z,2026-07-28 06:48:21.044,25644,6762df,y9d41p,0.7.3,fleet_logger_0_1,596190041,UMLIFE_v2_TLC555,ch3,origplant,soil_moisture,1463,,,OK,,,985.3,,name=classic;level=well watered;role=disp;spread=18;gpio=35;device_seq=79491;time_source=device_synced;device_timestamp_utc=2026-07-28T11:48:20.483Z;config_id=257fa022;rssi=-61;uptime_s=596190;heap=195544;cal_tier=channel-cal;cal_src=wet_rederive_1236_20260719;pressure_context_source=weather_openmeteo;transport=wifi_poll,
plants.env,2026-07-28T11:48:21.044Z,2026-07-28 06:48:21.044,25645,6762df,y9d41p,0.7.3,fleet_logger_0_1,596190796,ESP32,esp32_die,on_chip,die_temp,,53.33,degC,OK,,,,,name=classic;source=esp32_die;cal=uncalibrated_board_proxy;api=temperatureRead;config_id=257fa022;transport=wifi_poll,
plants.soil,2026-07-28T11:48:51.432Z,2026-07-28 06:48:51.432,25646,6762df,y9d41p,0.7.3,fleet_logger_0_1,596220041,UMLIFE_v2_TLC555,ch0,origplant,soil_moisture,1586,,,OK,,,985.3,,name=classic;level=well watered;role=disp;spread=18;gpio=36;device_seq=79492;time_source=device_synced;device_timestamp_utc=2026-07-28T11:48:50.483Z;config_id=257fa022;rssi=-62;uptime_s=596220;heap=196168;cal_tier=channel-cal;cal_src=wet_rederive_1236_20260719;pressure_context_source=weather_openmeteo;transport=wifi_poll,
plants.soil,2026-07-28T11:48:51.432Z,2026-07-28 06:48:51.432,25647,6762df,y9d41p,0.7.3,fleet_logger_0_1,596220041,UMLIFE_v2_TLC555,ch1,origplant,soil_moisture,1722,,,OK,,,985.3,,name=classic;level=OK;role=disp;spread=17;gpio=39;device_seq=79493;time_source=device_synced;device_timestamp_utc=2026-07-28T11:48:50.483Z;config_id=257fa022;rssi=-62;uptime_s=596220;heap=196168;cal_tier=channel-cal;cal_src=wet_rederive_1236_20260719;pressure_context_source=weather_openmeteo;transport=wifi_poll,
plants.soil,2026-07-28T11:48:51.432Z,2026-07-28 06:48:51.432,25648,6762df,y9d41p,0.7.3,fleet_logger_0_1,596220041,UMLIFE_v2_TLC555,ch2,origplant,soil_moisture,1374,,,OK,,,985.3,,name=classic;level=overwatered;role=disp;spread=34;gpio=34;device_seq=79494;time_source=device_synced;device_timestamp_utc=2026-07-28T11:48:50.483Z;config_id=257fa022;rssi=-62;uptime_s=596220;heap=196168;cal_tier=channel-cal;cal_src=wet_rederive_1236_20260719;pressure_context_source=weather_openmeteo;transport=wifi_poll,
plants.soil,2026-07-28T11:48:51.432Z,2026-07-28 06:48:51.432,25649,6762df,y9d41p,0.7.3,fleet_logger_0_1,596220041,UMLIFE_v2_TLC555,ch3,origplant,soil_moisture,1458,,,OK,,,985.3,,name=classic;level=well watered;role=disp;spread=14;gpio=35;device_seq=79495;time_source=device_synced;device_timestamp_utc=2026-07-28T11:48:50.483Z;config_id=257fa022;rssi=-62;uptime_s=596220;heap=196168;cal_tier=channel-cal;cal_src=wet_rederive_1236_20260719;pressure_context_source=weather_openmeteo;transport=wifi_poll,
plants.env,2026-07-28T11:48:51.432Z,2026-07-28 06:48:51.432,25650,6762df,y9d41p,0.7.3,fleet_logger_0_1,596220797,ESP32,esp32_die,on_chip,die_temp,,53.33,degC,OK,,,,,name=classic;source=esp32_die;cal=uncalibrated_board_proxy;api=temperatureRead;config_id=257fa022;transport=wifi_poll,
plants.soil,2026-07-28T11:49:21.747Z,2026-07-28 06:49:21.747,25651,6762df,y9d41p,0.7.3,fleet_logger_0_1,596250041,UMLIFE_v2_TLC555,ch0,origplant,soil_moisture,1562,,,OK,,,985.3,,name=classic;level=well watered;role=disp;spread=26;gpio=36;device_seq=79496;time_source=device_synced;device_timestamp_utc=2026-07-28T11:49:20.483Z;config_id=257fa022;rssi=-55;uptime_s=596250;heap=196168;cal_tier=channel-cal;cal_src=wet_rederive_1236_20260719;pressure_context_source=weather_openmeteo;transport=wifi_poll,
plants.soil,2026-07-28T11:49:21.747Z,2026-07-28 06:49:21.747,25652,6762df,y9d41p,0.7.3,fleet_logger_0_1,596250041,UMLIFE_v2_TLC555,ch1,origplant,soil_moisture,1700,,,OK,,,985.3,,name=classic;level=OK;role=disp;spread=43;gpio=39;device_seq=79497;time_source=device_synced;device_timestamp_utc=2026-07-28T11:49:20.483Z;config_id=257fa022;rssi=-55;uptime_s=596250;heap=196168;cal_tier=channel-cal;cal_src=wet_rederive_1236_20260719;pressure_context_source=weather_openmeteo;transport=wifi_poll,
plants.soil,2026-07-28T11:49:21.747Z,2026-07-28 06:49:21.747,25653,6762df,y9d41p,0.7.3,fleet_logger_0_1,596250041,UMLIFE_v2_TLC555,ch2,origplant,soil_moisture,1349,,,OK,,,985.3,,name=classic;level=overwatered;role=disp;spread=56;gpio=34;device_seq=79498;time_source=device_synced;device_timestamp_utc=2026-07-28T11:49:20.483Z;config_id=257fa022;rssi=-55;uptime_s=596250;heap=196168;cal_tier=channel-cal;cal_src=wet_rederive_1236_20260719;pressure_context_source=weather_openmeteo;transport=wifi_poll,
plants.soil,2026-07-28T11:49:21.747Z,2026-07-28 06:49:21.747,25654,6762df,y9d41p,0.7.3,fleet_logger_0_1,596250041,UMLIFE_v2_TLC555,ch3,origplant,soil_moisture,1429,,,OK,,,985.3,,name=classic;level=well watered;role=disp;spread=20;gpio=35;device_seq=79499;time_source=device_synced;device_timestamp_utc=2026-07-28T11:49:20.483Z;config_id=257fa022;rssi=-55;uptime_s=596250;heap=196168;cal_tier=channel-cal;cal_src=wet_rederive_1236_20260719;pressure_context_source=weather_openmeteo;transport=wifi_poll,
plants.env,2026-07-28T11:49:21.747Z,2026-07-28 06:49:21.747,25655,6762df,y9d41p,0.7.3,fleet_logger_0_1,596250797,ESP32,esp32_die,on_chip,die_temp,,53.33,degC,OK,,,,,name=classic;source=esp32_die;cal=uncalibrated_board_proxy;api=temperatureRead;config_id=257fa022;transport=wifi_poll,
plants.soil,2026-07-28T11:49:52.092Z,2026-07-28 06:49:52.092,25656,6762df,y9d41p,0.7.3,fleet_logger_0_1,596280041,UMLIFE_v2_TLC555,ch0,origplant,soil_moisture,1586,,,OK,,,985.3,,name=classic;level=well watered;role=disp;spread=54;gpio=36;device_seq=79500;time_source=device_synced;device_timestamp_utc=2026-07-28T11:49:50.483Z;config_id=257fa022;rssi=-62;uptime_s=596280;heap=196168;cal_tier=channel-cal;cal_src=wet_rederive_1236_20260719;pressure_context_source=weather_openmeteo;transport=wifi_poll,
plants.soil,2026-07-28T11:49:52.092Z,2026-07-28 06:49:52.092,25657,6762df,y9d41p,0.7.3,fleet_logger_0_1,596280041,UMLIFE_v2_TLC555,ch1,origplant,soil_moisture,1717,,,OK,,,985.3,,name=classic;level=OK;role=disp;spread=35;gpio=39;device_seq=79501;time_source=device_synced;device_timestamp_utc=2026-07-28T11:49:50.483Z;config_id=257fa022;rssi=-62;uptime_s=596280;heap=196168;cal_tier=channel-cal;cal_src=wet_rederive_1236_20260719;pressure_context_source=weather_openmeteo;transport=wifi_poll,
plants.soil,2026-07-28T11:49:52.092Z,2026-07-28 06:49:52.092,25658,6762df,y9d41p,0.7.3,fleet_logger_0_1,596280041,UMLIFE_v2_TLC555,ch2,origplant,soil_moisture,1374,,,OK,,,985.3,,name=classic;level=overwatered;role=disp;spread=37;gpio=34;device_seq=79502;time_source=device_synced;device_timestamp_utc=2026-07-28T11:49:50.483Z;config_id=257fa022;rssi=-62;uptime_s=596280;heap=196168;cal_tier=channel-cal;cal_src=wet_rederive_1236_20260719;pressure_context_source=weather_openmeteo;transport=wifi_poll,
plants.soil,2026-07-28T11:49:52.092Z,2026-07-28 06:49:52.092,25659,6762df,y9d41p,0.7.3,fleet_logger_0_1,596280041,UMLIFE_v2_TLC555,ch3,origplant,soil_moisture,1460,,,OK,,,985.3,,name=classic;level=well watered;role=disp;spread=22;gpio=35;device_seq=79503;time_source=device_synced;device_timestamp_utc=2026-07-28T11:49:50.483Z;config_id=257fa022;rssi=-62;uptime_s=596280;heap=196168;cal_tier=channel-cal;cal_src=wet_rederive_1236_20260719;pressure_context_source=weather_openmeteo;transport=wifi_poll,
plants.env,2026-07-28T11:49:52.092Z,2026-07-28 06:49:52.092,25660,6762df,y9d41p,0.7.3,fleet_logger_0_1,596280796,ESP32,esp32_die,on_chip,die_temp,,53.33,degC,OK,,,,,name=classic;source=esp32_die;cal=uncalibrated_board_proxy;api=temperatureRead;config_id=257fa022;transport=wifi_poll,
plants.soil,2026-07-28T11:50:22.434Z,2026-07-28 06:50:22.434,25661,6762df,y9d41p,0.7.3,fleet_logger_0_1,596310041,UMLIFE_v2_TLC555,ch0,origplant,soil_moisture,1558,,,OK,,,985.3,,name=classic;level=well watered;role=disp;spread=16;gpio=36;device_seq=79504;time_source=device_synced;device_timestamp_utc=2026-07-28T11:50:20.483Z;config_id=257fa022;rssi=-61;uptime_s=596310;heap=195648;cal_tier=channel-cal;cal_src=wet_rederive_1236_20260719;pressure_context_source=weather_openmeteo;transport=wifi_poll,
plants.soil,2026-07-28T11:50:22.434Z,2026-07-28 06:50:22.434,25662,6762df,y9d41p,0.7.3,fleet_logger_0_1,596310041,UMLIFE_v2_TLC555,ch1,origplant,soil_moisture,1689,,,OK,,,985.3,,name=classic;level=OK;role=disp;spread=51;gpio=39;device_seq=79505;time_source=device_synced;device_timestamp_utc=2026-07-28T11:50:20.483Z;config_id=257fa022;rssi=-61;uptime_s=596310;heap=195648;cal_tier=channel-cal;cal_src=wet_rederive_1236_20260719;pressure_context_source=weather_openmeteo;transport=wifi_poll,
plants.soil,2026-07-28T11:50:22.434Z,2026-07-28 06:50:22.434,25663,6762df,y9d41p,0.7.3,fleet_logger_0_1,596310041,UMLIFE_v2_TLC555,ch2,origplant,soil_moisture,1346,,,OK,,,985.3,,name=classic;level=overwatered;role=disp;spread=42;gpio=34;device_seq=79506;time_source=device_synced;device_timestamp_utc=2026-07-28T11:50:20.483Z;config_id=257fa022;rssi=-61;uptime_s=596310;heap=195648;cal_tier=channel-cal;cal_src=wet_rederive_1236_20260719;pressure_context_source=weather_openmeteo;transport=wifi_poll,
plants.soil,2026-07-28T11:50:22.434Z,2026-07-28 06:50:22.434,25664,6762df,y9d41p,0.7.3,fleet_logger_0_1,596310041,UMLIFE_v2_TLC555,ch3,origplant,soil_moisture,1436,,,OK,,,985.3,,name=classic;level=well watered;role=disp;spread=12;gpio=35;device_seq=79507;time_source=device_synced;device_timestamp_utc=2026-07-28T11:50:20.483Z;config_id=257fa022;rssi=-61;uptime_s=596310;heap=195648;cal_tier=channel-cal;cal_src=wet_rederive_1236_20260719;pressure_context_source=weather_openmeteo;transport=wifi_poll,
plants.env,2026-07-28T11:50:22.434Z,2026-07-28 06:50:22.434,25665,6762df,y9d41p,0.7.3,fleet_logger_0_1,596310796,ESP32,esp32_die,on_chip,die_temp,,53.33,degC,OK,,,,,name=classic;source=esp32_die;cal=uncalibrated_board_proxy;api=temperatureRead;config_id=257fa022;transport=wifi_poll,
plants.soil,2026-07-28T11:50:52.776Z,2026-07-28 06:50:52.776,25666,6762df,y9d41p,0.7.3,fleet_logger_0_1,596340041,UMLIFE_v2_TLC555,ch0,origplant,soil_moisture,1586,,,OK,,,985.3,,name=classic;level=well watered;role=disp;spread=13;gpio=36;device_seq=79508;time_source=device_synced;device_timestamp_utc=2026-07-28T11:50:50.483Z;config_id=257fa022;rssi=-62;uptime_s=596340;heap=195648;cal_tier=channel-cal;cal_src=wet_rederive_1236_20260719;pressure_context_source=weather_openmeteo;transport=wifi_poll,
plants.soil,2026-07-28T11:50:52.776Z,2026-07-28 06:50:52.776,25667,6762df,y9d41p,0.7.3,fleet_logger_0_1,596340041,UMLIFE_v2_TLC555,ch1,origplant,soil_moisture,1722,,,OK,,,985.3,,name=classic;level=OK;role=disp;spread=28;gpio=39;device_seq=79509;time_source=device_synced;device_timestamp_utc=2026-07-28T11:50:50.483Z;config_id=257fa022;rssi=-62;uptime_s=596340;heap=195648;cal_tier=channel-cal;cal_src=wet_rederive_1236_20260719;pressure_context_source=weather_openmeteo;transport=wifi_poll,
plants.soil,2026-07-28T11:50:52.776Z,2026-07-28 06:50:52.776,25668,6762df,y9d41p,0.7.3,fleet_logger_0_1,596340041,UMLIFE_v2_TLC555,ch2,origplant,soil_moisture,1377,,,OK,,,985.3,,name=classic;level=overwatered;role=disp;spread=31;gpio=34;device_seq=79510;time_source=device_synced;device_timestamp_utc=2026-07-28T11:50:50.483Z;config_id=257fa022;rssi=-62;uptime_s=596340;heap=195648;cal_tier=channel-cal;cal_src=wet_rederive_1236_20260719;pressure_context_source=weather_openmeteo;transport=wifi_poll,
plants.soil,2026-07-28T11:50:52.776Z,2026-07-28 06:50:52.776,25669,6762df,y9d41p,0.7.3,fleet_logger_0_1,596340041,UMLIFE_v2_TLC555,ch3,origplant,soil_moisture,1455,,,OK,,,985.3,,name=classic;level=well watered;role=disp;spread=23;gpio=35;device_seq=79511;time_source=device_synced;device_timestamp_utc=2026-07-28T11:50:50.483Z;config_id=257fa022;rssi=-62;uptime_s=596340;heap=195648;cal_tier=channel-cal;cal_src=wet_rederive_1236_20260719;pressure_context_source=weather_openmeteo;transport=wifi_poll,
plants.env,2026-07-28T11:50:52.776Z,2026-07-28 06:50:52.776,25670,6762df,y9d41p,0.7.3,fleet_logger_0_1,596340797,ESP32,esp32_die,on_chip,die_temp,,52.78,degC,OK,,,,,name=classic;source=esp32_die;cal=uncalibrated_board_proxy;api=temperatureRead;config_id=257fa022;transport=wifi_poll,
plants.soil,2026-07-28T11:51:23.080Z,2026-07-28 06:51:23.080,25671,6762df,y9d41p,0.7.3,fleet_logger_0_1,596370041,UMLIFE_v2_TLC555,ch0,origplant,soil_moisture,1588,,,OK,,,985.3,,name=classic;level=well watered;role=disp;spread=16;gpio=36;device_seq=79512;time_source=device_synced;device_timestamp_utc=2026-07-28T11:51:20.483Z;config_id=257fa022;rssi=-62;uptime_s=596370;heap=195908;cal_tier=channel-cal;cal_src=wet_rederive_1236_20260719;pressure_context_source=weather_openmeteo;transport=wifi_poll,
plants.soil,2026-07-28T11:51:23.080Z,2026-07-28 06:51:23.080,25672,6762df,y9d41p,0.7.3,fleet_logger_0_1,596370041,UMLIFE_v2_TLC555,ch1,origplant,soil_moisture,1721,,,OK,,,985.3,,name=classic;level=OK;role=disp;spread=32;gpio=39;device_seq=79513;time_source=device_synced;device_timestamp_utc=2026-07-28T11:51:20.483Z;config_id=257fa022;rssi=-62;uptime_s=596370;heap=195908;cal_tier=channel-cal;cal_src=wet_rederive_1236_20260719;pressure_context_source=weather_openmeteo;transport=wifi_poll,
plants.soil,2026-07-28T11:51:23.080Z,2026-07-28 06:51:23.080,25673,6762df,y9d41p,0.7.3,fleet_logger_0_1,596370041,UMLIFE_v2_TLC555,ch2,origplant,soil_moisture,1375,,,OK,,,985.3,,name=classic;level=overwatered;role=disp;spread=35;gpio=34;device_seq=79514;time_source=device_synced;device_timestamp_utc=2026-07-28T11:51:20.483Z;config_id=257fa022;rssi=-62;uptime_s=596370;heap=195908;cal_tier=channel-cal;cal_src=wet_rederive_1236_20260719;pressure_context_source=weather_openmeteo;transport=wifi_poll,
plants.soil,2026-07-28T11:51:23.080Z,2026-07-28 06:51:23.080,25674,6762df,y9d41p,0.7.3,fleet_logger_0_1,596370041,UMLIFE_v2_TLC555,ch3,origplant,soil_moisture,1462,,,OK,,,985.3,,name=classic;level=well watered;role=disp;spread=25;gpio=35;device_seq=79515;time_source=device_synced;device_timestamp_utc=2026-07-28T11:51:20.483Z;config_id=257fa022;rssi=-62;uptime_s=596370;heap=195908;cal_tier=channel-cal;cal_src=wet_rederive_1236_20260719;pressure_context_source=weather_openmeteo;transport=wifi_poll,
plants.env,2026-07-28T11:51:23.080Z,2026-07-28 06:51:23.080,25675,6762df,y9d41p,0.7.3,fleet_logger_0_1,596370796,ESP32,esp32_die,on_chip,die_temp,,53.33,degC,OK,,,,,name=classic;source=esp32_die;cal=uncalibrated_board_proxy;api=temperatureRead;config_id=257fa022;transport=wifi_poll,
plants.soil,2026-07-28T11:51:53.292Z,2026-07-28 06:51:53.292,25676,6762df,y9d41p,0.7.3,fleet_logger_0_1,596400041,UMLIFE_v2_TLC555,ch0,origplant,soil_moisture,1587,,,OK,,,985.3,,name=classic;level=well watered;role=disp;spread=34;gpio=36;device_seq=79516;time_source=device_synced;device_timestamp_utc=2026-07-28T11:51:50.483Z;config_id=257fa022;rssi=-61;uptime_s=596400;heap=195908;cal_tier=channel-cal;cal_src=wet_rederive_1236_20260719;pressure_context_source=weather_openmeteo;transport=wifi_poll,
plants.soil,2026-07-28T11:51:53.292Z,2026-07-28 06:51:53.292,25677,6762df,y9d41p,0.7.3,fleet_logger_0_1,596400041,UMLIFE_v2_TLC555,ch1,origplant,soil_moisture,1721,,,OK,,,985.3,,name=classic;level=OK;role=disp;spread=46;gpio=39;device_seq=79517;time_source=device_synced;device_timestamp_utc=2026-07-28T11:51:50.483Z;config_id=257fa022;rssi=-61;uptime_s=596400;heap=195908;cal_tier=channel-cal;cal_src=wet_rederive_1236_20260719;pressure_context_source=weather_openmeteo;transport=wifi_poll,
plants.soil,2026-07-28T11:51:53.292Z,2026-07-28 06:51:53.292,25678,6762df,y9d41p,0.7.3,fleet_logger_0_1,596400041,UMLIFE_v2_TLC555,ch2,origplant,soil_moisture,1374,,,OK,,,985.3,,name=classic;level=overwatered;role=disp;spread=26;gpio=34;device_seq=79518;time_source=device_synced;device_timestamp_utc=2026-07-28T11:51:50.483Z;config_id=257fa022;rssi=-61;uptime_s=596400;heap=195908;cal_tier=channel-cal;cal_src=wet_rederive_1236_20260719;pressure_context_source=weather_openmeteo;transport=wifi_poll,
plants.soil,2026-07-28T11:51:53.292Z,2026-07-28 06:51:53.292,25679,6762df,y9d41p,0.7.3,fleet_logger_0_1,596400041,UMLIFE_v2_TLC555,ch3,origplant,soil_moisture,1456,,,OK,,,985.3,,name=classic;level=well watered;role=disp;spread=18;gpio=35;device_seq=79519;time_source=device_synced;device_timestamp_utc=2026-07-28T11:51:50.483Z;config_id=257fa022;rssi=-61;uptime_s=596400;heap=195908;cal_tier=channel-cal;cal_src=wet_rederive_1236_20260719;pressure_context_source=weather_openmeteo;transport=wifi_poll,
plants.env,2026-07-28T11:51:53.292Z,2026-07-28 06:51:53.292,25680,6762df,y9d41p,0.7.3,fleet_logger_0_1,596401863,ESP32,esp32_die,on_chip,die_temp,,52.78,degC,OK,,,,,name=classic;source=esp32_die;cal=uncalibrated_board_proxy;api=temperatureRead;config_id=257fa022;transport=wifi_poll,
plants.soil,2026-07-28T11:52:23.676Z,2026-07-28 06:52:23.676,25681,6762df,y9d41p,0.7.3,fleet_logger_0_1,596430041,UMLIFE_v2_TLC555,ch0,origplant,soil_moisture,1583,,,OK,,,985.3,,name=classic;level=well watered;role=disp;spread=25;gpio=36;device_seq=79520;time_source=device_synced;device_timestamp_utc=2026-07-28T11:52:20.483Z;config_id=257fa022;rssi=-71;uptime_s=596430;heap=195896;cal_tier=channel-cal;cal_src=wet_rederive_1236_20260719;pressure_context_source=weather_openmeteo;transport=wifi_poll,
plants.soil,2026-07-28T11:52:23.676Z,2026-07-28 06:52:23.676,25682,6762df,y9d41p,0.7.3,fleet_logger_0_1,596430041,UMLIFE_v2_TLC555,ch1,origplant,soil_moisture,1719,,,OK,,,985.3,,name=classic;level=OK;role=disp;spread=40;gpio=39;device_seq=79521;time_source=device_synced;device_timestamp_utc=2026-07-28T11:52:20.483Z;config_id=257fa022;rssi=-71;uptime_s=596430;heap=195896;cal_tier=channel-cal;cal_src=wet_rederive_1236_20260719;pressure_context_source=weather_openmeteo;transport=wifi_poll,
plants.soil,2026-07-28T11:52:23.676Z,2026-07-28 06:52:23.676,25683,6762df,y9d41p,0.7.3,fleet_logger_0_1,596430041,UMLIFE_v2_TLC555,ch2,origplant,soil_moisture,1376,,,OK,,,985.3,,name=classic;level=overwatered;role=disp;spread=26;gpio=34;device_seq=79522;time_source=device_synced;device_timestamp_utc=2026-07-28T11:52:20.483Z;config_id=257fa022;rssi=-71;uptime_s=596430;heap=195896;cal_tier=channel-cal;cal_src=wet_rederive_1236_20260719;pressure_context_source=weather_openmeteo;transport=wifi_poll,
plants.soil,2026-07-28T11:52:23.676Z,2026-07-28 06:52:23.676,25684,6762df,y9d41p,0.7.3,fleet_logger_0_1,596430041,UMLIFE_v2_TLC555,ch3,origplant,soil_moisture,1460,,,OK,,,985.3,,name=classic;level=well watered;role=disp;spread=21;gpio=35;device_seq=79523;time_source=device_synced;device_timestamp_utc=2026-07-28T11:52:20.483Z;config_id=257fa022;rssi=-71;uptime_s=596430;heap=195896;cal_tier=channel-cal;cal_src=wet_rederive_1236_20260719;pressure_context_source=weather_openmeteo;transport=wifi_poll,
plants.env,2026-07-28T11:52:23.676Z,2026-07-28 06:52:23.676,25685,6762df,y9d41p,0.7.3,fleet_logger_0_1,596430796,ESP32,esp32_die,on_chip,die_temp,,53.33,degC,OK,,,,,name=classic;source=esp32_die;cal=uncalibrated_board_proxy;api=temperatureRead;config_id=257fa022;transport=wifi_poll,
plants.soil,2026-07-28T11:52:53.988Z,2026-07-28 06:52:53.988,25686,6762df,y9d41p,0.7.3,fleet_logger_0_1,596460041,UMLIFE_v2_TLC555,ch0,origplant,soil_moisture,1558,,,OK,,,985.3,,name=classic;level=well watered;role=disp;spread=32;gpio=36;device_seq=79524;time_source=device_synced;device_timestamp_utc=2026-07-28T11:52:50.483Z;config_id=257fa022;rssi=-62;uptime_s=596460;heap=195896;cal_tier=channel-cal;cal_src=wet_rederive_1236_20260719;pressure_context_source=weather_openmeteo;transport=wifi_poll,
plants.soil,2026-07-28T11:52:53.988Z,2026-07-28 06:52:53.988,25687,6762df,y9d41p,0.7.3,fleet_logger_0_1,596460041,UMLIFE_v2_TLC555,ch1,origplant,soil_moisture,1702,,,OK,,,985.3,,name=classic;level=OK;role=disp;spread=32;gpio=39;device_seq=79525;time_source=device_synced;device_timestamp_utc=2026-07-28T11:52:50.483Z;config_id=257fa022;rssi=-62;uptime_s=596460;heap=195896;cal_tier=channel-cal;cal_src=wet_rederive_1236_20260719;pressure_context_source=weather_openmeteo;transport=wifi_poll,
plants.soil,2026-07-28T11:52:53.988Z,2026-07-28 06:52:53.988,25688,6762df,y9d41p,0.7.3,fleet_logger_0_1,596460041,UMLIFE_v2_TLC555,ch2,origplant,soil_moisture,1369,,,OK,,,985.3,,name=classic;level=overwatered;role=disp;spread=33;gpio=34;device_seq=79526;time_source=device_synced;device_timestamp_utc=2026-07-28T11:52:50.483Z;config_id=257fa022;rssi=-62;uptime_s=596460;heap=195896;cal_tier=channel-cal;cal_src=wet_rederive_1236_20260719;pressure_context_source=weather_openmeteo;transport=wifi_poll,
plants.soil,2026-07-28T11:52:53.988Z,2026-07-28 06:52:53.988,25689,6762df,y9d41p,0.7.3,fleet_logger_0_1,596460041,UMLIFE_v2_TLC555,ch3,origplant,soil_moisture,1453,,,OK,,,985.3,,name=classic;level=well watered;role=disp;spread=8;gpio=35;device_seq=79527;time_source=device_synced;device_timestamp_utc=2026-07-28T11:52:50.483Z;config_id=257fa022;rssi=-62;uptime_s=596460;heap=195896;cal_tier=channel-cal;cal_src=wet_rederive_1236_20260719;pressure_context_source=weather_openmeteo;transport=wifi_poll,
plants.env,2026-07-28T11:52:53.988Z,2026-07-28 06:52:53.988,25690,6762df,y9d41p,0.7.3,fleet_logger_0_1,596460797,ESP32,esp32_die,on_chip,die_temp,,53.33,degC,OK,,,,,name=classic;source=esp32_die;cal=uncalibrated_board_proxy;api=temperatureRead;config_id=257fa022;transport=wifi_poll,
plants.soil,2026-07-28T11:53:24.330Z,2026-07-28 06:53:24.330,25691,6762df,y9d41p,0.7.3,fleet_logger_0_1,596490041,UMLIFE_v2_TLC555,ch0,origplant,soil_moisture,1586,,,OK,,,985.3,,name=classic;level=well watered;role=disp;spread=49;gpio=36;device_seq=79528;time_source=device_synced;device_timestamp_utc=2026-07-28T11:53:20.483Z;config_id=257fa022;rssi=-61;uptime_s=596490;heap=195648;cal_tier=channel-cal;cal_src=wet_rederive_1236_20260719;pressure_context_source=weather_openmeteo;transport=wifi_poll,
plants.soil,2026-07-28T11:53:24.330Z,2026-07-28 06:53:24.330,25692,6762df,y9d41p,0.7.3,fleet_logger_0_1,596490041,UMLIFE_v2_TLC555,ch1,origplant,soil_moisture,1725,,,OK,,,985.3,,name=classic;level=OK;role=disp;spread=26;gpio=39;device_seq=79529;time_source=device_synced;device_timestamp_utc=2026-07-28T11:53:20.483Z;config_id=257fa022;rssi=-61;uptime_s=596490;heap=195648;cal_tier=channel-cal;cal_src=wet_rederive_1236_20260719;pressure_context_source=weather_openmeteo;transport=wifi_poll,
plants.soil,2026-07-28T11:53:24.330Z,2026-07-28 06:53:24.330,25693,6762df,y9d41p,0.7.3,fleet_logger_0_1,596490041,UMLIFE_v2_TLC555,ch2,origplant,soil_moisture,1374,,,OK,,,985.3,,name=classic;level=overwatered;role=disp;spread=31;gpio=34;device_seq=79530;time_source=device_synced;device_timestamp_utc=2026-07-28T11:53:20.483Z;config_id=257fa022;rssi=-61;uptime_s=596490;heap=195648;cal_tier=channel-cal;cal_src=wet_rederive_1236_20260719;pressure_context_source=weather_openmeteo;transport=wifi_poll,
plants.soil,2026-07-28T11:53:24.330Z,2026-07-28 06:53:24.330,25694,6762df,y9d41p,0.7.3,fleet_logger_0_1,596490041,UMLIFE_v2_TLC555,ch3,origplant,soil_moisture,1456,,,OK,,,985.3,,name=classic;level=well watered;role=disp;spread=32;gpio=35;device_seq=79531;time_source=device_synced;device_timestamp_utc=2026-07-28T11:53:20.483Z;config_id=257fa022;rssi=-61;uptime_s=596490;heap=195648;cal_tier=channel-cal;cal_src=wet_rederive_1236_20260719;pressure_context_source=weather_openmeteo;transport=wifi_poll,
plants.env,2026-07-28T11:53:24.330Z,2026-07-28 06:53:24.330,25695,6762df,y9d41p,0.7.3,fleet_logger_0_1,596490796,ESP32,esp32_die,on_chip,die_temp,,53.33,degC,OK,,,,,name=classic;source=esp32_die;cal=uncalibrated_board_proxy;api=temperatureRead;config_id=257fa022;transport=wifi_poll,
plants.soil,2026-07-28T11:53:54.564Z,2026-07-28 06:53:54.564,25696,6762df,y9d41p,0.7.3,fleet_logger_0_1,596520041,UMLIFE_v2_TLC555,ch0,origplant,soil_moisture,1586,,,OK,,,985.3,,name=classic;level=well watered;role=disp;spread=48;gpio=36;device_seq=79532;time_source=device_synced;device_timestamp_utc=2026-07-28T11:53:50.483Z;config_id=257fa022;rssi=-62;uptime_s=596520;heap=195636;cal_tier=channel-cal;cal_src=wet_rederive_1236_20260719;pressure_context_source=weather_openmeteo;transport=wifi_poll,
plants.soil,2026-07-28T11:53:54.564Z,2026-07-28 06:53:54.564,25697,6762df,y9d41p,0.7.3,fleet_logger_0_1,596520041,UMLIFE_v2_TLC555,ch1,origplant,soil_moisture,1719,,,OK,,,985.3,,name=classic;level=OK;role=disp;spread=22;gpio=39;device_seq=79533;time_source=device_synced;device_timestamp_utc=2026-07-28T11:53:50.483Z;config_id=257fa022;rssi=-62;uptime_s=596520;heap=195636;cal_tier=channel-cal;cal_src=wet_rederive_1236_20260719;pressure_context_source=weather_openmeteo;transport=wifi_poll,
plants.soil,2026-07-28T11:53:54.564Z,2026-07-28 06:53:54.564,25698,6762df,y9d41p,0.7.3,fleet_logger_0_1,596520041,UMLIFE_v2_TLC555,ch2,origplant,soil_moisture,1373,,,OK,,,985.3,,name=classic;level=overwatered;role=disp;spread=24;gpio=34;device_seq=79534;time_source=device_synced;device_timestamp_utc=2026-07-28T11:53:50.483Z;config_id=257fa022;rssi=-62;uptime_s=596520;heap=195636;cal_tier=channel-cal;cal_src=wet_rederive_1236_20260719;pressure_context_source=weather_openmeteo;transport=wifi_poll,
plants.soil,2026-07-28T11:53:54.564Z,2026-07-28 06:53:54.564,25699,6762df,y9d41p,0.7.3,fleet_logger_0_1,596520041,UMLIFE_v2_TLC555,ch3,origplant,soil_moisture,1461,,,OK,,,985.3,,name=classic;level=well watered;role=disp;spread=31;gpio=35;device_seq=79535;time_source=device_synced;device_timestamp_utc=2026-07-28T11:53:50.483Z;config_id=257fa022;rssi=-62;uptime_s=596520;heap=195636;cal_tier=channel-cal;cal_src=wet_rederive_1236_20260719;pressure_context_source=weather_openmeteo;transport=wifi_poll,
plants.env,2026-07-28T11:53:54.564Z,2026-07-28 06:53:54.564,25700,6762df,y9d41p,0.7.3,fleet_logger_0_1,596520796,ESP32,esp32_die,on_chip,die_temp,,53.33,degC,OK,,,,,name=classic;source=esp32_die;cal=uncalibrated_board_proxy;api=temperatureRead;config_id=257fa022;transport=wifi_poll,
plants.soil,2026-07-28T11:54:24.918Z,2026-07-28 06:54:24.918,25701,6762df,y9d41p,0.7.3,fleet_logger_0_1,596550041,UMLIFE_v2_TLC555,ch0,origplant,soil_moisture,1560,,,OK,,,985.3,,name=classic;level=well watered;role=disp;spread=22;gpio=36;device_seq=79536;time_source=device_synced;device_timestamp_utc=2026-07-28T11:54:20.483Z;config_id=257fa022;rssi=-62;uptime_s=596550;heap=195908;cal_tier=channel-cal;cal_src=wet_rederive_1236_20260719;pressure_context_source=weather_openmeteo;transport=wifi_poll,
plants.soil,2026-07-28T11:54:24.918Z,2026-07-28 06:54:24.918,25702,6762df,y9d41p,0.7.3,fleet_logger_0_1,596550041,UMLIFE_v2_TLC555,ch1,origplant,soil_moisture,1699,,,OK,,,985.3,,name=classic;level=OK;role=disp;spread=37;gpio=39;device_seq=79537;time_source=device_synced;device_timestamp_utc=2026-07-28T11:54:20.483Z;config_id=257fa022;rssi=-62;uptime_s=596550;heap=195908;cal_tier=channel-cal;cal_src=wet_rederive_1236_20260719;pressure_context_source=weather_openmeteo;transport=wifi_poll,
plants.soil,2026-07-28T11:54:24.918Z,2026-07-28 06:54:24.918,25703,6762df,y9d41p,0.7.3,fleet_logger_0_1,596550041,UMLIFE_v2_TLC555,ch2,origplant,soil_moisture,1349,,,OK,,,985.3,,name=classic;level=overwatered;role=disp;spread=44;gpio=34;device_seq=79538;time_source=device_synced;device_timestamp_utc=2026-07-28T11:54:20.483Z;config_id=257fa022;rssi=-62;uptime_s=596550;heap=195908;cal_tier=channel-cal;cal_src=wet_rederive_1236_20260719;pressure_context_source=weather_openmeteo;transport=wifi_poll,
plants.soil,2026-07-28T11:54:24.918Z,2026-07-28 06:54:24.918,25704,6762df,y9d41p,0.7.3,fleet_logger_0_1,596550041,UMLIFE_v2_TLC555,ch3,origplant,soil_moisture,1424,,,OK,,,985.3,,name=classic;level=well watered;role=disp;spread=24;gpio=35;device_seq=79539;time_source=device_synced;device_timestamp_utc=2026-07-28T11:54:20.483Z;config_id=257fa022;rssi=-62;uptime_s=596550;heap=195908;cal_tier=channel-cal;cal_src=wet_rederive_1236_20260719;pressure_context_source=weather_openmeteo;transport=wifi_poll,
plants.env,2026-07-28T11:54:24.918Z,2026-07-28 06:54:24.918,25705,6762df,y9d41p,0.7.3,fleet_logger_0_1,596550797,ESP32,esp32_die,on_chip,die_temp,,53.33,degC,OK,,,,,name=classic;source=esp32_die;cal=uncalibrated_board_proxy;api=temperatureRead;config_id=257fa022;transport=wifi_poll,
plants.soil,2026-07-28T11:54:55.166Z,2026-07-28 06:54:55.166,25706,6762df,y9d41p,0.7.3,fleet_logger_0_1,596580041,UMLIFE_v2_TLC555,ch0,origplant,soil_moisture,1584,,,OK,,,985.3,,name=classic;level=well watered;role=disp;spread=40;gpio=36;device_seq=79540;time_source=device_synced;device_timestamp_utc=2026-07-28T11:54:50.483Z;config_id=257fa022;rssi=-62;uptime_s=596580;heap=195896;cal_tier=channel-cal;cal_src=wet_rederive_1236_20260719;pressure_context_source=weather_openmeteo;transport=wifi_poll,
plants.soil,2026-07-28T11:54:55.166Z,2026-07-28 06:54:55.166,25707,6762df,y9d41p,0.7.3,fleet_logger_0_1,596580041,UMLIFE_v2_TLC555,ch1,origplant,soil_moisture,1724,,,OK,,,985.3,,name=classic;level=OK;role=disp;spread=28;gpio=39;device_seq=79541;time_source=device_synced;device_timestamp_utc=2026-07-28T11:54:50.483Z;config_id=257fa022;rssi=-62;uptime_s=596580;heap=195896;cal_tier=channel-cal;cal_src=wet_rederive_1236_20260719;pressure_context_source=weather_openmeteo;transport=wifi_poll,
plants.soil,2026-07-28T11:54:55.166Z,2026-07-28 06:54:55.166,25708,6762df,y9d41p,0.7.3,fleet_logger_0_1,596580041,UMLIFE_v2_TLC555,ch2,origplant,soil_moisture,1377,,,OK,,,985.3,,name=classic;level=overwatered;role=disp;spread=10;gpio=34;device_seq=79542;time_source=device_synced;device_timestamp_utc=2026-07-28T11:54:50.483Z;config_id=257fa022;rssi=-62;uptime_s=596580;heap=195896;cal_tier=channel-cal;cal_src=wet_rederive_1236_20260719;pressure_context_source=weather_openmeteo;transport=wifi_poll,
plants.soil,2026-07-28T11:54:55.166Z,2026-07-28 06:54:55.166,25709,6762df,y9d41p,0.7.3,fleet_logger_0_1,596580041,UMLIFE_v2_TLC555,ch3,origplant,soil_moisture,1456,,,OK,,,985.3,,name=classic;level=well watered;role=disp;spread=27;gpio=35;device_seq=79543;time_source=device_synced;device_timestamp_utc=2026-07-28T11:54:50.483Z;config_id=257fa022;rssi=-62;uptime_s=596580;heap=195896;cal_tier=channel-cal;cal_src=wet_rederive_1236_20260719;pressure_context_source=weather_openmeteo;transport=wifi_poll,
plants.env,2026-07-28T11:54:55.166Z,2026-07-28 06:54:55.166,25710,6762df,y9d41p,0.7.3,fleet_logger_0_1,596580796,ESP32,esp32_die,on_chip,die_temp,,53.33,degC,OK,,,,,name=classic;source=esp32_die;cal=uncalibrated_board_proxy;api=temperatureRead;config_id=257fa022;transport=wifi_poll,
plants.soil,2026-07-28T11:55:26.053Z,2026-07-28 06:55:26.053,25711,6762df,y9d41p,0.7.3,fleet_logger_0_1,596610041,UMLIFE_v2_TLC555,ch0,origplant,soil_moisture,1560,,,OK,,,985.3,,name=classic;level=well watered;role=disp;spread=34;gpio=36;device_seq=79544;time_source=device_synced;device_timestamp_utc=2026-07-28T11:55:20.483Z;config_id=257fa022;rssi=-62;uptime_s=596610;heap=195896;cal_tier=channel-cal;cal_src=wet_rederive_1236_20260719;pressure_context_source=weather_openmeteo;transport=wifi_poll,
plants.soil,2026-07-28T11:55:26.053Z,2026-07-28 06:55:26.053,25712,6762df,y9d41p,0.7.3,fleet_logger_0_1,596610041,UMLIFE_v2_TLC555,ch1,origplant,soil_moisture,1697,,,OK,,,985.3,,name=classic;level=OK;role=disp;spread=27;gpio=39;device_seq=79545;time_source=device_synced;device_timestamp_utc=2026-07-28T11:55:20.483Z;config_id=257fa022;rssi=-62;uptime_s=596610;heap=195896;cal_tier=channel-cal;cal_src=wet_rederive_1236_20260719;pressure_context_source=weather_openmeteo;transport=wifi_poll,
plants.soil,2026-07-28T11:55:26.053Z,2026-07-28 06:55:26.053,25713,6762df,y9d41p,0.7.3,fleet_logger_0_1,596610041,UMLIFE_v2_TLC555,ch2,origplant,soil_moisture,1362,,,OK,,,985.3,,name=classic;level=overwatered;role=disp;spread=28;gpio=34;device_seq=79546;time_source=device_synced;device_timestamp_utc=2026-07-28T11:55:20.483Z;config_id=257fa022;rssi=-62;uptime_s=596610;heap=195896;cal_tier=channel-cal;cal_src=wet_rederive_1236_20260719;pressure_context_source=weather_openmeteo;transport=wifi_poll,
plants.soil,2026-07-28T11:55:26.053Z,2026-07-28 06:55:26.053,25714,6762df,y9d41p,0.7.3,fleet_logger_0_1,596610041,UMLIFE_v2_TLC555,ch3,origplant,soil_moisture,1455,,,OK,,,985.3,,name=classic;level=well watered;role=disp;spread=16;gpio=35;device_seq=79547;time_source=device_synced;device_timestamp_utc=2026-07-28T11:55:20.483Z;config_id=257fa022;rssi=-62;uptime_s=596610;heap=195896;cal_tier=channel-cal;cal_src=wet_rederive_1236_20260719;pressure_context_source=weather_openmeteo;transport=wifi_poll,
plants.env,2026-07-28T11:55:26.053Z,2026-07-28 06:55:26.053,25715,6762df,y9d41p,0.7.3,fleet_logger_0_1,596610796,ESP32,esp32_die,on_chip,die_temp,,53.33,degC,OK,,,,,name=classic;source=esp32_die;cal=uncalibrated_board_proxy;api=temperatureRead;config_id=257fa022;transport=wifi_poll,
plants.soil,2026-07-28T11:55:56.602Z,2026-07-28 06:55:56.602,25716,6762df,y9d41p,0.7.3,fleet_logger_0_1,596640041,UMLIFE_v2_TLC555,ch0,origplant,soil_moisture,1563,,,OK,,,985.3,,name=classic;level=well watered;role=disp;spread=48;gpio=36;device_seq=79548;time_source=device_synced;device_timestamp_utc=2026-07-28T11:55:50.483Z;config_id=257fa022;rssi=-61;uptime_s=596640;heap=195880;cal_tier=channel-cal;cal_src=wet_rederive_1236_20260719;pressure_context_source=weather_openmeteo;transport=wifi_poll,
plants.soil,2026-07-28T11:55:56.602Z,2026-07-28 06:55:56.602,25717,6762df,y9d41p,0.7.3,fleet_logger_0_1,596640041,UMLIFE_v2_TLC555,ch1,origplant,soil_moisture,1696,,,OK,,,985.3,,name=classic;level=OK;role=disp;spread=23;gpio=39;device_seq=79549;time_source=device_synced;device_timestamp_utc=2026-07-28T11:55:50.483Z;config_id=257fa022;rssi=-61;uptime_s=596640;heap=195880;cal_tier=channel-cal;cal_src=wet_rederive_1236_20260719;pressure_context_source=weather_openmeteo;transport=wifi_poll,
plants.soil,2026-07-28T11:55:56.602Z,2026-07-28 06:55:56.602,25718,6762df,y9d41p,0.7.3,fleet_logger_0_1,596640041,UMLIFE_v2_TLC555,ch2,origplant,soil_moisture,1350,,,OK,,,985.3,,name=classic;level=overwatered;role=disp;spread=51;gpio=34;device_seq=79550;time_source=device_synced;device_timestamp_utc=2026-07-28T11:55:50.483Z;config_id=257fa022;rssi=-61;uptime_s=596640;heap=195880;cal_tier=channel-cal;cal_src=wet_rederive_1236_20260719;pressure_context_source=weather_openmeteo;transport=wifi_poll,
plants.soil,2026-07-28T11:55:56.602Z,2026-07-28 06:55:56.602,25719,6762df,y9d41p,0.7.3,fleet_logger_0_1,596640041,UMLIFE_v2_TLC555,ch3,origplant,soil_moisture,1452,,,OK,,,985.3,,name=classic;level=well watered;role=disp;spread=28;gpio=35;device_seq=79551;time_source=device_synced;device_timestamp_utc=2026-07-28T11:55:50.483Z;config_id=257fa022;rssi=-61;uptime_s=596640;heap=195880;cal_tier=channel-cal;cal_src=wet_rederive_1236_20260719;pressure_context_source=weather_openmeteo;transport=wifi_poll,
plants.env,2026-07-28T11:55:56.602Z,2026-07-28 06:55:56.602,25720,6762df,y9d41p,0.7.3,fleet_logger_0_1,596640796,ESP32,esp32_die,on_chip,die_temp,,52.78,degC,OK,,,,,name=classic;source=esp32_die;cal=uncalibrated_board_proxy;api=temperatureRead;config_id=257fa022;transport=wifi_poll,
plants.soil,2026-07-28T11:56:26.812Z,2026-07-28 06:56:26.812,25721,6762df,y9d41p,0.7.3,fleet_logger_0_1,596670041,UMLIFE_v2_TLC555,ch0,origplant,soil_moisture,1583,,,OK,,,985.3,,name=classic;level=well watered;role=disp;spread=28;gpio=36;device_seq=79552;time_source=device_synced;device_timestamp_utc=2026-07-28T11:56:20.483Z;config_id=257fa022;rssi=-62;uptime_s=596670;heap=193204;cal_tier=channel-cal;cal_src=wet_rederive_1236_20260719;pressure_context_source=weather_openmeteo;transport=wifi_poll,
plants.soil,2026-07-28T11:56:26.812Z,2026-07-28 06:56:26.812,25722,6762df,y9d41p,0.7.3,fleet_logger_0_1,596670041,UMLIFE_v2_TLC555,ch1,origplant,soil_moisture,1721,,,OK,,,985.3,,name=classic;level=OK;role=disp;spread=27;gpio=39;device_seq=79553;time_source=device_synced;device_timestamp_utc=2026-07-28T11:56:20.483Z;config_id=257fa022;rssi=-62;uptime_s=596670;heap=193204;cal_tier=channel-cal;cal_src=wet_rederive_1236_20260719;pressure_context_source=weather_openmeteo;transport=wifi_poll,
plants.soil,2026-07-28T11:56:26.812Z,2026-07-28 06:56:26.812,25723,6762df,y9d41p,0.7.3,fleet_logger_0_1,596670041,UMLIFE_v2_TLC555,ch2,origplant,soil_moisture,1370,,,OK,,,985.3,,name=classic;level=overwatered;role=disp;spread=27;gpio=34;device_seq=79554;time_source=device_synced;device_timestamp_utc=2026-07-28T11:56:20.483Z;config_id=257fa022;rssi=-62;uptime_s=596670;heap=193204;cal_tier=channel-cal;cal_src=wet_rederive_1236_20260719;pressure_context_source=weather_openmeteo;transport=wifi_poll,
plants.soil,2026-07-28T11:56:26.812Z,2026-07-28 06:56:26.812,25724,6762df,y9d41p,0.7.3,fleet_logger_0_1,596670041,UMLIFE_v2_TLC555,ch3,origplant,soil_moisture,1456,,,OK,,,985.3,,name=classic;level=well watered;role=disp;spread=27;gpio=35;device_seq=79555;time_source=device_synced;device_timestamp_utc=2026-07-28T11:56:20.483Z;config_id=257fa022;rssi=-62;uptime_s=596670;heap=193204;cal_tier=channel-cal;cal_src=wet_rederive_1236_20260719;pressure_context_source=weather_openmeteo;transport=wifi_poll,
plants.env,2026-07-28T11:56:26.812Z,2026-07-28 06:56:26.812,25725,6762df,y9d41p,0.7.3,fleet_logger_0_1,596670796,ESP32,esp32_die,on_chip,die_temp,,53.33,degC,OK,,,,,name=classic;source=esp32_die;cal=uncalibrated_board_proxy;api=temperatureRead;config_id=257fa022;transport=wifi_poll,
plants.soil,2026-07-28T11:56:58.477Z,2026-07-28 06:56:58.477,25726,6762df,y9d41p,0.7.3,fleet_logger_0_1,596700041,UMLIFE_v2_TLC555,ch0,origplant,soil_moisture,1563,,,OK,,,985.3,,name=classic;level=well watered;role=disp;spread=30;gpio=36;device_seq=79556;time_source=device_synced;device_timestamp_utc=2026-07-28T11:56:50.483Z;config_id=257fa022;rssi=-61;uptime_s=596700;heap=193192;cal_tier=channel-cal;cal_src=wet_rederive_1236_20260719;pressure_context_source=weather_openmeteo;transport=wifi_poll,
plants.soil,2026-07-28T11:56:58.477Z,2026-07-28 06:56:58.477,25727,6762df,y9d41p,0.7.3,fleet_logger_0_1,596700041,UMLIFE_v2_TLC555,ch1,origplant,soil_moisture,1699,,,OK,,,985.3,,name=classic;level=OK;role=disp;spread=16;gpio=39;device_seq=79557;time_source=device_synced;device_timestamp_utc=2026-07-28T11:56:50.483Z;config_id=257fa022;rssi=-61;uptime_s=596700;heap=193192;cal_tier=channel-cal;cal_src=wet_rederive_1236_20260719;pressure_context_source=weather_openmeteo;transport=wifi_poll,
plants.soil,2026-07-28T11:56:58.477Z,2026-07-28 06:56:58.477,25728,6762df,y9d41p,0.7.3,fleet_logger_0_1,596700041,UMLIFE_v2_TLC555,ch2,origplant,soil_moisture,1360,,,OK,,,985.3,,name=classic;level=overwatered;role=disp;spread=41;gpio=34;device_seq=79558;time_source=device_synced;device_timestamp_utc=2026-07-28T11:56:50.483Z;config_id=257fa022;rssi=-61;uptime_s=596700;heap=193192;cal_tier=channel-cal;cal_src=wet_rederive_1236_20260719;pressure_context_source=weather_openmeteo;transport=wifi_poll,
plants.soil,2026-07-28T11:56:58.477Z,2026-07-28 06:56:58.477,25729,6762df,y9d41p,0.7.3,fleet_logger_0_1,596700041,UMLIFE_v2_TLC555,ch3,origplant,soil_moisture,1448,,,OK,,,985.3,,name=classic;level=well watered;role=disp;spread=26;gpio=35;device_seq=79559;time_source=device_synced;device_timestamp_utc=2026-07-28T11:56:50.483Z;config_id=257fa022;rssi=-61;uptime_s=596700;heap=193192;cal_tier=channel-cal;cal_src=wet_rederive_1236_20260719;pressure_context_source=weather_openmeteo;transport=wifi_poll,
plants.env,2026-07-28T11:56:58.477Z,2026-07-28 06:56:58.477,25730,6762df,y9d41p,0.7.3,fleet_logger_0_1,596700796,ESP32,esp32_die,on_chip,die_temp,,53.33,degC,OK,,,,,name=classic;source=esp32_die;cal=uncalibrated_board_proxy;api=temperatureRead;config_id=257fa022;transport=wifi_poll,
plants.soil,2026-07-28T11:57:28.764Z,2026-07-28 06:57:28.764,25731,6762df,y9d41p,0.7.3,fleet_logger_0_1,596730041,UMLIFE_v2_TLC555,ch0,origplant,soil_moisture,1562,,,OK,,,985.3,,name=classic;level=well watered;role=disp;spread=28;gpio=36;device_seq=79560;time_source=device_synced;device_timestamp_utc=2026-07-28T11:57:20.483Z;config_id=257fa022;rssi=-62;uptime_s=596730;heap=195908;cal_tier=channel-cal;cal_src=wet_rederive_1236_20260719;pressure_context_source=weather_openmeteo;transport=wifi_poll,
plants.soil,2026-07-28T11:57:28.764Z,2026-07-28 06:57:28.764,25732,6762df,y9d41p,0.7.3,fleet_logger_0_1,596730041,UMLIFE_v2_TLC555,ch1,origplant,soil_moisture,1697,,,OK,,,985.3,,name=classic;level=OK;role=disp;spread=31;gpio=39;device_seq=79561;time_source=device_synced;device_timestamp_utc=2026-07-28T11:57:20.483Z;config_id=257fa022;rssi=-62;uptime_s=596730;heap=195908;cal_tier=channel-cal;cal_src=wet_rederive_1236_20260719;pressure_context_source=weather_openmeteo;transport=wifi_poll,
plants.soil,2026-07-28T11:57:28.764Z,2026-07-28 06:57:28.764,25733,6762df,y9d41p,0.7.3,fleet_logger_0_1,596730041,UMLIFE_v2_TLC555,ch2,origplant,soil_moisture,1354,,,OK,,,985.3,,name=classic;level=overwatered;role=disp;spread=23;gpio=34;device_seq=79562;time_source=device_synced;device_timestamp_utc=2026-07-28T11:57:20.483Z;config_id=257fa022;rssi=-62;uptime_s=596730;heap=195908;cal_tier=channel-cal;cal_src=wet_rederive_1236_20260719;pressure_context_source=weather_openmeteo;transport=wifi_poll,
plants.soil,2026-07-28T11:57:28.764Z,2026-07-28 06:57:28.764,25734,6762df,y9d41p,0.7.3,fleet_logger_0_1,596730041,UMLIFE_v2_TLC555,ch3,origplant,soil_moisture,1434,,,OK,,,985.3,,name=classic;level=well watered;role=disp;spread=31;gpio=35;device_seq=79563;time_source=device_synced;device_timestamp_utc=2026-07-28T11:57:20.483Z;config_id=257fa022;rssi=-62;uptime_s=596730;heap=195908;cal_tier=channel-cal;cal_src=wet_rederive_1236_20260719;pressure_context_source=weather_openmeteo;transport=wifi_poll,
plants.env,2026-07-28T11:57:28.764Z,2026-07-28 06:57:28.764,25735,6762df,y9d41p,0.7.3,fleet_logger_0_1,596730796,ESP32,esp32_die,on_chip,die_temp,,53.33,degC,OK,,,,,name=classic;source=esp32_die;cal=uncalibrated_board_proxy;api=temperatureRead;config_id=257fa022;transport=wifi_poll,
plants.soil,2026-07-28T11:57:59.035Z,2026-07-28 06:57:59.035,25736,6762df,y9d41p,0.7.3,fleet_logger_0_1,596760041,UMLIFE_v2_TLC555,ch0,origplant,soil_moisture,1557,,,OK,,,985.3,,name=classic;level=well watered;role=disp;spread=50;gpio=36;device_seq=79564;time_source=device_synced;device_timestamp_utc=2026-07-28T11:57:50.483Z;config_id=257fa022;rssi=-62;uptime_s=596760;heap=195908;cal_tier=channel-cal;cal_src=wet_rederive_1236_20260719;pressure_context_source=weather_openmeteo;transport=wifi_poll,
plants.soil,2026-07-28T11:57:59.035Z,2026-07-28 06:57:59.035,25737,6762df,y9d41p,0.7.3,fleet_logger_0_1,596760041,UMLIFE_v2_TLC555,ch1,origplant,soil_moisture,1693,,,OK,,,985.3,,name=classic;level=OK;role=disp;spread=18;gpio=39;device_seq=79565;time_source=device_synced;device_timestamp_utc=2026-07-28T11:57:50.483Z;config_id=257fa022;rssi=-62;uptime_s=596760;heap=195908;cal_tier=channel-cal;cal_src=wet_rederive_1236_20260719;pressure_context_source=weather_openmeteo;transport=wifi_poll,
plants.soil,2026-07-28T11:57:59.035Z,2026-07-28 06:57:59.035,25738,6762df,y9d41p,0.7.3,fleet_logger_0_1,596760041,UMLIFE_v2_TLC555,ch2,origplant,soil_moisture,1366,,,OK,,,985.3,,name=classic;level=overwatered;role=disp;spread=23;gpio=34;device_seq=79566;time_source=device_synced;device_timestamp_utc=2026-07-28T11:57:50.483Z;config_id=257fa022;rssi=-62;uptime_s=596760;heap=195908;cal_tier=channel-cal;cal_src=wet_rederive_1236_20260719;pressure_context_source=weather_openmeteo;transport=wifi_poll,
plants.soil,2026-07-28T11:57:59.035Z,2026-07-28 06:57:59.035,25739,6762df,y9d41p,0.7.3,fleet_logger_0_1,596760041,UMLIFE_v2_TLC555,ch3,origplant,soil_moisture,1460,,,OK,,,985.3,,name=classic;level=well watered;role=disp;spread=19;gpio=35;device_seq=79567;time_source=device_synced;device_timestamp_utc=2026-07-28T11:57:50.483Z;config_id=257fa022;rssi=-62;uptime_s=596760;heap=195908;cal_tier=channel-cal;cal_src=wet_rederive_1236_20260719;pressure_context_source=weather_openmeteo;transport=wifi_poll,
plants.env,2026-07-28T11:57:59.035Z,2026-07-28 06:57:59.035,25740,6762df,y9d41p,0.7.3,fleet_logger_0_1,596760796,ESP32,esp32_die,on_chip,die_temp,,53.33,degC,OK,,,,,name=classic;source=esp32_die;cal=uncalibrated_board_proxy;api=temperatureRead;config_id=257fa022;transport=wifi_poll,
plants.soil,2026-07-28T11:58:29.406Z,2026-07-28 06:58:29.406,25741,6762df,y9d41p,0.7.3,fleet_logger_0_1,596790041,UMLIFE_v2_TLC555,ch0,origplant,soil_moisture,1572,,,OK,,,985.3,,name=classic;level=well watered;role=disp;spread=40;gpio=36;device_seq=79568;time_source=device_synced;device_timestamp_utc=2026-07-28T11:58:20.483Z;config_id=257fa022;rssi=-61;uptime_s=596790;heap=195908;cal_tier=channel-cal;cal_src=wet_rederive_1236_20260719;pressure_context_source=weather_openmeteo;transport=wifi_poll,
plants.soil,2026-07-28T11:58:29.406Z,2026-07-28 06:58:29.406,25742,6762df,y9d41p,0.7.3,fleet_logger_0_1,596790041,UMLIFE_v2_TLC555,ch1,origplant,soil_moisture,1713,,,OK,,,985.3,,name=classic;level=OK;role=disp;spread=43;gpio=39;device_seq=79569;time_source=device_synced;device_timestamp_utc=2026-07-28T11:58:20.483Z;config_id=257fa022;rssi=-61;uptime_s=596790;heap=195908;cal_tier=channel-cal;cal_src=wet_rederive_1236_20260719;pressure_context_source=weather_openmeteo;transport=wifi_poll,
plants.soil,2026-07-28T11:58:29.406Z,2026-07-28 06:58:29.406,25743,6762df,y9d41p,0.7.3,fleet_logger_0_1,596790041,UMLIFE_v2_TLC555,ch2,origplant,soil_moisture,1371,,,OK,,,985.3,,name=classic;level=overwatered;role=disp;spread=16;gpio=34;device_seq=79570;time_source=device_synced;device_timestamp_utc=2026-07-28T11:58:20.483Z;config_id=257fa022;rssi=-61;uptime_s=596790;heap=195908;cal_tier=channel-cal;cal_src=wet_rederive_1236_20260719;pressure_context_source=weather_openmeteo;transport=wifi_poll,
plants.soil,2026-07-28T11:58:29.406Z,2026-07-28 06:58:29.406,25744,6762df,y9d41p,0.7.3,fleet_logger_0_1,596790041,UMLIFE_v2_TLC555,ch3,origplant,soil_moisture,1461,,,OK,,,985.3,,name=classic;level=well watered;role=disp;spread=22;gpio=35;device_seq=79571;time_source=device_synced;device_timestamp_utc=2026-07-28T11:58:20.483Z;config_id=257fa022;rssi=-61;uptime_s=596790;heap=195908;cal_tier=channel-cal;cal_src=wet_rederive_1236_20260719;pressure_context_source=weather_openmeteo;transport=wifi_poll,
plants.env,2026-07-28T11:58:29.406Z,2026-07-28 06:58:29.406,25745,6762df,y9d41p,0.7.3,fleet_logger_0_1,596790796,ESP32,esp32_die,on_chip,die_temp,,53.33,degC,OK,,,,,name=classic;source=esp32_die;cal=uncalibrated_board_proxy;api=temperatureRead;config_id=257fa022;transport=wifi_poll,
plants.soil,2026-07-28T11:58:59.864Z,2026-07-28 06:58:59.864,25746,6762df,y9d41p,0.7.3,fleet_logger_0_1,596820041,UMLIFE_v2_TLC555,ch0,origplant,soil_moisture,1561,,,OK,,,985.3,,name=classic;level=well watered;role=disp;spread=21;gpio=36;device_seq=79572;time_source=device_synced;device_timestamp_utc=2026-07-28T11:58:50.483Z;config_id=257fa022;rssi=-60;uptime_s=596820;heap=195908;cal_tier=channel-cal;cal_src=wet_rederive_1236_20260719;pressure_context_source=weather_openmeteo;transport=wifi_poll,
plants.soil,2026-07-28T11:58:59.864Z,2026-07-28 06:58:59.864,25747,6762df,y9d41p,0.7.3,fleet_logger_0_1,596820041,UMLIFE_v2_TLC555,ch1,origplant,soil_moisture,1708,,,OK,,,985.3,,name=classic;level=OK;role=disp;spread=47;gpio=39;device_seq=79573;time_source=device_synced;device_timestamp_utc=2026-07-28T11:58:50.483Z;config_id=257fa022;rssi=-60;uptime_s=596820;heap=195908;cal_tier=channel-cal;cal_src=wet_rederive_1236_20260719;pressure_context_source=weather_openmeteo;transport=wifi_poll,
plants.soil,2026-07-28T11:58:59.864Z,2026-07-28 06:58:59.864,25748,6762df,y9d41p,0.7.3,fleet_logger_0_1,596820041,UMLIFE_v2_TLC555,ch2,origplant,soil_moisture,1367,,,OK,,,985.3,,name=classic;level=overwatered;role=disp;spread=42;gpio=34;device_seq=79574;time_source=device_synced;device_timestamp_utc=2026-07-28T11:58:50.483Z;config_id=257fa022;rssi=-60;uptime_s=596820;heap=195908;cal_tier=channel-cal;cal_src=wet_rederive_1236_20260719;pressure_context_source=weather_openmeteo;transport=wifi_poll,
plants.soil,2026-07-28T11:58:59.864Z,2026-07-28 06:58:59.864,25749,6762df,y9d41p,0.7.3,fleet_logger_0_1,596820041,UMLIFE_v2_TLC555,ch3,origplant,soil_moisture,1461,,,OK,,,985.3,,name=classic;level=well watered;role=disp;spread=21;gpio=35;device_seq=79575;time_source=device_synced;device_timestamp_utc=2026-07-28T11:58:50.483Z;config_id=257fa022;rssi=-60;uptime_s=596820;heap=195908;cal_tier=channel-cal;cal_src=wet_rederive_1236_20260719;pressure_context_source=weather_openmeteo;transport=wifi_poll,
plants.env,2026-07-28T11:58:59.864Z,2026-07-28 06:58:59.864,25750,6762df,y9d41p,0.7.3,fleet_logger_0_1,596820796,ESP32,esp32_die,on_chip,die_temp,,53.33,degC,OK,,,,,name=classic;source=esp32_die;cal=uncalibrated_board_proxy;api=temperatureRead;config_id=257fa022;transport=wifi_poll,
plants.soil,2026-07-28T11:59:30.435Z,2026-07-28 06:59:30.435,25751,6762df,y9d41p,0.7.3,fleet_logger_0_1,596850041,UMLIFE_v2_TLC555,ch0,origplant,soil_moisture,1565,,,OK,,,985.3,,name=classic;level=well watered;role=disp;spread=44;gpio=36;device_seq=79576;time_source=device_synced;device_timestamp_utc=2026-07-28T11:59:20.483Z;config_id=257fa022;rssi=-62;uptime_s=596850;heap=195648;cal_tier=channel-cal;cal_src=wet_rederive_1236_20260719;pressure_context_source=weather_openmeteo;transport=wifi_poll,
plants.soil,2026-07-28T11:59:30.435Z,2026-07-28 06:59:30.435,25752,6762df,y9d41p,0.7.3,fleet_logger_0_1,596850041,UMLIFE_v2_TLC555,ch1,origplant,soil_moisture,1699,,,OK,,,985.3,,name=classic;level=OK;role=disp;spread=58;gpio=39;device_seq=79577;time_source=device_synced;device_timestamp_utc=2026-07-28T11:59:20.483Z;config_id=257fa022;rssi=-62;uptime_s=596850;heap=195648;cal_tier=channel-cal;cal_src=wet_rederive_1236_20260719;pressure_context_source=weather_openmeteo;transport=wifi_poll,
plants.soil,2026-07-28T11:59:30.435Z,2026-07-28 06:59:30.435,25753,6762df,y9d41p,0.7.3,fleet_logger_0_1,596850041,UMLIFE_v2_TLC555,ch2,origplant,soil_moisture,1347,,,OK,,,985.3,,name=classic;level=overwatered;role=disp;spread=42;gpio=34;device_seq=79578;time_source=device_synced;device_timestamp_utc=2026-07-28T11:59:20.483Z;config_id=257fa022;rssi=-62;uptime_s=596850;heap=195648;cal_tier=channel-cal;cal_src=wet_rederive_1236_20260719;pressure_context_source=weather_openmeteo;transport=wifi_poll,
plants.soil,2026-07-28T11:59:30.435Z,2026-07-28 06:59:30.435,25754,6762df,y9d41p,0.7.3,fleet_logger_0_1,596850041,UMLIFE_v2_TLC555,ch3,origplant,soil_moisture,1435,,,OK,,,985.3,,name=classic;level=well watered;role=disp;spread=17;gpio=35;device_seq=79579;time_source=device_synced;device_timestamp_utc=2026-07-28T11:59:20.483Z;config_id=257fa022;rssi=-62;uptime_s=596850;heap=195648;cal_tier=channel-cal;cal_src=wet_rederive_1236_20260719;pressure_context_source=weather_openmeteo;transport=wifi_poll,
plants.env,2026-07-28T11:59:30.435Z,2026-07-28 06:59:30.435,25755,6762df,y9d41p,0.7.3,fleet_logger_0_1,596850796,ESP32,esp32_die,on_chip,die_temp,,53.33,degC,OK,,,,,name=classic;source=esp32_die;cal=uncalibrated_board_proxy;api=temperatureRead;config_id=257fa022;transport=wifi_poll,
plants.soil,2026-07-28T12:00:01.027Z,2026-07-28 07:00:01.027,25756,6762df,y9d41p,0.7.3,fleet_logger_0_1,596880041,UMLIFE_v2_TLC555,ch0,origplant,soil_moisture,1559,,,OK,,,985.3,,name=classic;level=well watered;role=disp;spread=28;gpio=36;device_seq=79580;time_source=device_synced;device_timestamp_utc=2026-07-28T11:59:50.483Z;config_id=257fa022;rssi=-61;uptime_s=596880;heap=195636;cal_tier=channel-cal;cal_src=wet_rederive_1236_20260719;pressure_context_source=weather_openmeteo;transport=wifi_poll,
plants.soil,2026-07-28T12:00:01.027Z,2026-07-28 07:00:01.027,25757,6762df,y9d41p,0.7.3,fleet_logger_0_1,596880041,UMLIFE_v2_TLC555,ch1,origplant,soil_moisture,1699,,,OK,,,985.3,,name=classic;level=OK;role=disp;spread=37;gpio=39;device_seq=79581;time_source=device_synced;device_timestamp_utc=2026-07-28T11:59:50.483Z;config_id=257fa022;rssi=-61;uptime_s=596880;heap=195636;cal_tier=channel-cal;cal_src=wet_rederive_1236_20260719;pressure_context_source=weather_openmeteo;transport=wifi_poll,
plants.soil,2026-07-28T12:00:01.027Z,2026-07-28 07:00:01.027,25758,6762df,y9d41p,0.7.3,fleet_logger_0_1,596880041,UMLIFE_v2_TLC555,ch2,origplant,soil_moisture,1350,,,OK,,,985.3,,name=classic;level=overwatered;role=disp;spread=23;gpio=34;device_seq=79582;time_source=device_synced;device_timestamp_utc=2026-07-28T11:59:50.483Z;config_id=257fa022;rssi=-61;uptime_s=596880;heap=195636;cal_tier=channel-cal;cal_src=wet_rederive_1236_20260719;pressure_context_source=weather_openmeteo;transport=wifi_poll,
plants.soil,2026-07-28T12:00:01.027Z,2026-07-28 07:00:01.027,25759,6762df,y9d41p,0.7.3,fleet_logger_0_1,596880041,UMLIFE_v2_TLC555,ch3,origplant,soil_moisture,1428,,,OK,,,985.3,,name=classic;level=well watered;role=disp;spread=12;gpio=35;device_seq=79583;time_source=device_synced;device_timestamp_utc=2026-07-28T11:59:50.483Z;config_id=257fa022;rssi=-61;uptime_s=596880;heap=195636;cal_tier=channel-cal;cal_src=wet_rederive_1236_20260719;pressure_context_source=weather_openmeteo;transport=wifi_poll,
plants.env,2026-07-28T12:00:01.027Z,2026-07-28 07:00:01.027,25760,6762df,y9d41p,0.7.3,fleet_logger_0_1,596880796,ESP32,esp32_die,on_chip,die_temp,,53.33,degC,OK,,,,,name=classic;source=esp32_die;cal=uncalibrated_board_proxy;api=temperatureRead;config_id=257fa022;transport=wifi_poll,
plants.soil,2026-07-28T12:00:31.264Z,2026-07-28 07:00:31.264,25761,6762df,y9d41p,0.7.3,fleet_logger_0_1,596910041,UMLIFE_v2_TLC555,ch0,origplant,soil_moisture,1559,,,OK,,,985.3,,name=classic;level=well watered;role=disp;spread=37;gpio=36;device_seq=79584;time_source=device_synced;device_timestamp_utc=2026-07-28T12:00:20.483Z;config_id=257fa022;rssi=-61;uptime_s=596910;heap=195896;cal_tier=channel-cal;cal_src=wet_rederive_1236_20260719;pressure_context_source=weather_openmeteo;transport=wifi_poll,
plants.soil,2026-07-28T12:00:31.264Z,2026-07-28 07:00:31.264,25762,6762df,y9d41p,0.7.3,fleet_logger_0_1,596910041,UMLIFE_v2_TLC555,ch1,origplant,soil_moisture,1692,,,OK,,,985.3,,name=classic;level=OK;role=disp;spread=30;gpio=39;device_seq=79585;time_source=device_synced;device_timestamp_utc=2026-07-28T12:00:20.483Z;config_id=257fa022;rssi=-61;uptime_s=596910;heap=195896;cal_tier=channel-cal;cal_src=wet_rederive_1236_20260719;pressure_context_source=weather_openmeteo;transport=wifi_poll,
plants.soil,2026-07-28T12:00:31.264Z,2026-07-28 07:00:31.264,25763,6762df,y9d41p,0.7.3,fleet_logger_0_1,596910041,UMLIFE_v2_TLC555,ch2,origplant,soil_moisture,1342,,,OK,,,985.3,,name=classic;level=overwatered;role=disp;spread=37;gpio=34;device_seq=79586;time_source=device_synced;device_timestamp_utc=2026-07-28T12:00:20.483Z;config_id=257fa022;rssi=-61;uptime_s=596910;heap=195896;cal_tier=channel-cal;cal_src=wet_rederive_1236_20260719;pressure_context_source=weather_openmeteo;transport=wifi_poll,
plants.soil,2026-07-28T12:00:31.264Z,2026-07-28 07:00:31.264,25764,6762df,y9d41p,0.7.3,fleet_logger_0_1,596910041,UMLIFE_v2_TLC555,ch3,origplant,soil_moisture,1433,,,OK,,,985.3,,name=classic;level=well watered;role=disp;spread=38;gpio=35;device_seq=79587;time_source=device_synced;device_timestamp_utc=2026-07-28T12:00:20.483Z;config_id=257fa022;rssi=-61;uptime_s=596910;heap=195896;cal_tier=channel-cal;cal_src=wet_rederive_1236_20260719;pressure_context_source=weather_openmeteo;transport=wifi_poll,
plants.env,2026-07-28T12:00:31.264Z,2026-07-28 07:00:31.264,25765,6762df,y9d41p,0.7.3,fleet_logger_0_1,596910796,ESP32,esp32_die,on_chip,die_temp,,53.33,degC,OK,,,,,name=classic;source=esp32_die;cal=uncalibrated_board_proxy;api=temperatureRead;config_id=257fa022;transport=wifi_poll,
plants.soil,2026-07-28T12:01:01.666Z,2026-07-28 07:01:01.666,25766,6762df,y9d41p,0.7.3,fleet_logger_0_1,596940041,UMLIFE_v2_TLC555,ch0,origplant,soil_moisture,1566,,,OK,,,985.3,,name=classic;level=well watered;role=disp;spread=40;gpio=36;device_seq=79588;time_source=device_synced;device_timestamp_utc=2026-07-28T12:00:50.483Z;config_id=257fa022;rssi=-62;uptime_s=596940;heap=195896;cal_tier=channel-cal;cal_src=wet_rederive_1236_20260719;pressure_context_source=weather_openmeteo;transport=wifi_poll,
plants.soil,2026-07-28T12:01:01.666Z,2026-07-28 07:01:01.666,25767,6762df,y9d41p,0.7.3,fleet_logger_0_1,596940041,UMLIFE_v2_TLC555,ch1,origplant,soil_moisture,1700,,,OK,,,985.3,,name=classic;level=OK;role=disp;spread=39;gpio=39;device_seq=79589;time_source=device_synced;device_timestamp_utc=2026-07-28T12:00:50.483Z;config_id=257fa022;rssi=-62;uptime_s=596940;heap=195896;cal_tier=channel-cal;cal_src=wet_rederive_1236_20260719;pressure_context_source=weather_openmeteo;transport=wifi_poll,
plants.soil,2026-07-28T12:01:01.666Z,2026-07-28 07:01:01.666,25768,6762df,y9d41p,0.7.3,fleet_logger_0_1,596940041,UMLIFE_v2_TLC555,ch2,origplant,soil_moisture,1359,,,OK,,,985.3,,name=classic;level=overwatered;role=disp;spread=16;gpio=34;device_seq=79590;time_source=device_synced;device_timestamp_utc=2026-07-28T12:00:50.483Z;config_id=257fa022;rssi=-62;uptime_s=596940;heap=195896;cal_tier=channel-cal;cal_src=wet_rederive_1236_20260719;pressure_context_source=weather_openmeteo;transport=wifi_poll,
plants.soil,2026-07-28T12:01:01.666Z,2026-07-28 07:01:01.666,25769,6762df,y9d41p,0.7.3,fleet_logger_0_1,596940041,UMLIFE_v2_TLC555,ch3,origplant,soil_moisture,1450,,,OK,,,985.3,,name=classic;level=well watered;role=disp;spread=16;gpio=35;device_seq=79591;time_source=device_synced;device_timestamp_utc=2026-07-28T12:00:50.483Z;config_id=257fa022;rssi=-62;uptime_s=596940;heap=195896;cal_tier=channel-cal;cal_src=wet_rederive_1236_20260719;pressure_context_source=weather_openmeteo;transport=wifi_poll,
plants.env,2026-07-28T12:01:01.666Z,2026-07-28 07:01:01.666,25770,6762df,y9d41p,0.7.3,fleet_logger_0_1,596940796,ESP32,esp32_die,on_chip,die_temp,,53.33,degC,OK,,,,,name=classic;source=esp32_die;cal=uncalibrated_board_proxy;api=temperatureRead;config_id=257fa022;transport=wifi_poll,
plants.soil,2026-07-28T12:01:32.575Z,2026-07-28 07:01:32.575,25771,6762df,y9d41p,0.7.3,fleet_logger_0_1,596970041,UMLIFE_v2_TLC555,ch0,origplant,soil_moisture,1568,,,OK,,,985.3,,name=classic;level=well watered;role=disp;spread=17;gpio=36;device_seq=79592;time_source=device_synced;device_timestamp_utc=2026-07-28T12:01:20.483Z;config_id=257fa022;rssi=-62;uptime_s=596970;heap=195896;cal_tier=channel-cal;cal_src=wet_rederive_1236_20260719;pressure_context_source=weather_openmeteo;transport=wifi_poll,
plants.soil,2026-07-28T12:01:32.575Z,2026-07-28 07:01:32.575,25772,6762df,y9d41p,0.7.3,fleet_logger_0_1,596970041,UMLIFE_v2_TLC555,ch1,origplant,soil_moisture,1695,,,OK,,,985.3,,name=classic;level=OK;role=disp;spread=46;gpio=39;device_seq=79593;time_source=device_synced;device_timestamp_utc=2026-07-28T12:01:20.483Z;config_id=257fa022;rssi=-62;uptime_s=596970;heap=195896;cal_tier=channel-cal;cal_src=wet_rederive_1236_20260719;pressure_context_source=weather_openmeteo;transport=wifi_poll,
plants.soil,2026-07-28T12:01:32.575Z,2026-07-28 07:01:32.575,25773,6762df,y9d41p,0.7.3,fleet_logger_0_1,596970041,UMLIFE_v2_TLC555,ch2,origplant,soil_moisture,1354,,,OK,,,985.3,,name=classic;level=overwatered;role=disp;spread=44;gpio=34;device_seq=79594;time_source=device_synced;device_timestamp_utc=2026-07-28T12:01:20.483Z;config_id=257fa022;rssi=-62;uptime_s=596970;heap=195896;cal_tier=channel-cal;cal_src=wet_rederive_1236_20260719;pressure_context_source=weather_openmeteo;transport=wifi_poll,
plants.soil,2026-07-28T12:01:32.575Z,2026-07-28 07:01:32.575,25774,6762df,y9d41p,0.7.3,fleet_logger_0_1,596970041,UMLIFE_v2_TLC555,ch3,origplant,soil_moisture,1430,,,OK,,,985.3,,name=classic;level=well watered;role=disp;spread=25;gpio=35;device_seq=79595;time_source=device_synced;device_timestamp_utc=2026-07-28T12:01:20.483Z;config_id=257fa022;rssi=-62;uptime_s=596970;heap=195896;cal_tier=channel-cal;cal_src=wet_rederive_1236_20260719;pressure_context_source=weather_openmeteo;transport=wifi_poll,
plants.env,2026-07-28T12:01:32.575Z,2026-07-28 07:01:32.575,25775,6762df,y9d41p,0.7.3,fleet_logger_0_1,596970796,ESP32,esp32_die,on_chip,die_temp,,53.33,degC,OK,,,,,name=classic;source=esp32_die;cal=uncalibrated_board_proxy;api=temperatureRead;config_id=257fa022;transport=wifi_poll,
plants.soil,2026-07-28T12:02:03.082Z,2026-07-28 07:02:03.082,25776,6762df,y9d41p,0.7.3,fleet_logger_0_1,597000041,UMLIFE_v2_TLC555,ch0,origplant,soil_moisture,1569,,,OK,,,985.3,,name=classic;level=well watered;role=disp;spread=20;gpio=36;device_seq=79596;time_source=device_synced;device_timestamp_utc=2026-07-28T12:01:50.483Z;config_id=257fa022;rssi=-63;uptime_s=597000;heap=195896;cal_tier=channel-cal;cal_src=wet_rederive_1236_20260719;pressure_context_source=weather_openmeteo;transport=wifi_poll,
plants.soil,2026-07-28T12:02:03.082Z,2026-07-28 07:02:03.082,25777,6762df,y9d41p,0.7.3,fleet_logger_0_1,597000041,UMLIFE_v2_TLC555,ch1,origplant,soil_moisture,1700,,,OK,,,985.3,,name=classic;level=OK;role=disp;spread=23;gpio=39;device_seq=79597;time_source=device_synced;device_timestamp_utc=2026-07-28T12:01:50.483Z;config_id=257fa022;rssi=-63;uptime_s=597000;heap=195896;cal_tier=channel-cal;cal_src=wet_rederive_1236_20260719;pressure_context_source=weather_openmeteo;transport=wifi_poll,
plants.soil,2026-07-28T12:02:03.082Z,2026-07-28 07:02:03.082,25778,6762df,y9d41p,0.7.3,fleet_logger_0_1,597000041,UMLIFE_v2_TLC555,ch2,origplant,soil_moisture,1350,,,OK,,,985.3,,name=classic;level=overwatered;role=disp;spread=33;gpio=34;device_seq=79598;time_source=device_synced;device_timestamp_utc=2026-07-28T12:01:50.483Z;config_id=257fa022;rssi=-63;uptime_s=597000;heap=195896;cal_tier=channel-cal;cal_src=wet_rederive_1236_20260719;pressure_context_source=weather_openmeteo;transport=wifi_poll,
plants.soil,2026-07-28T12:02:03.082Z,2026-07-28 07:02:03.082,25779,6762df,y9d41p,0.7.3,fleet_logger_0_1,597000041,UMLIFE_v2_TLC555,ch3,origplant,soil_moisture,1432,,,OK,,,985.3,,name=classic;level=well watered;role=disp;spread=29;gpio=35;device_seq=79599;time_source=device_synced;device_timestamp_utc=2026-07-28T12:01:50.483Z;config_id=257fa022;rssi=-63;uptime_s=597000;heap=195896;cal_tier=channel-cal;cal_src=wet_rederive_1236_20260719;pressure_context_source=weather_openmeteo;transport=wifi_poll,
plants.env,2026-07-28T12:02:03.082Z,2026-07-28 07:02:03.082,25780,6762df,y9d41p,0.7.3,fleet_logger_0_1,597001862,ESP32,esp32_die,on_chip,die_temp,,53.33,degC,OK,,,,,name=classic;source=esp32_die;cal=uncalibrated_board_proxy;api=temperatureRead;config_id=257fa022;transport=wifi_poll,
plants.soil,2026-07-28T12:02:33.527Z,2026-07-28 07:02:33.527,25781,6762df,y9d41p,0.7.3,fleet_logger_0_1,597030041,UMLIFE_v2_TLC555,ch0,origplant,soil_moisture,1567,,,OK,,,985.3,,name=classic;level=well watered;role=disp;spread=50;gpio=36;device_seq=79600;time_source=device_synced;device_timestamp_utc=2026-07-28T12:02:20.483Z;config_id=257fa022;rssi=-61;uptime_s=597030;heap=195648;cal_tier=channel-cal;cal_src=wet_rederive_1236_20260719;pressure_context_source=weather_openmeteo;transport=wifi_poll,
plants.soil,2026-07-28T12:02:33.527Z,2026-07-28 07:02:33.527,25782,6762df,y9d41p,0.7.3,fleet_logger_0_1,597030041,UMLIFE_v2_TLC555,ch1,origplant,soil_moisture,1700,,,OK,,,985.3,,name=classic;level=OK;role=disp;spread=30;gpio=39;device_seq=79601;time_source=device_synced;device_timestamp_utc=2026-07-28T12:02:20.483Z;config_id=257fa022;rssi=-61;uptime_s=597030;heap=195648;cal_tier=channel-cal;cal_src=wet_rederive_1236_20260719;pressure_context_source=weather_openmeteo;transport=wifi_poll,
plants.soil,2026-07-28T12:02:33.527Z,2026-07-28 07:02:33.527,25783,6762df,y9d41p,0.7.3,fleet_logger_0_1,597030041,UMLIFE_v2_TLC555,ch2,origplant,soil_moisture,1350,,,OK,,,985.3,,name=classic;level=overwatered;role=disp;spread=38;gpio=34;device_seq=79602;time_source=device_synced;device_timestamp_utc=2026-07-28T12:02:20.483Z;config_id=257fa022;rssi=-61;uptime_s=597030;heap=195648;cal_tier=channel-cal;cal_src=wet_rederive_1236_20260719;pressure_context_source=weather_openmeteo;transport=wifi_poll,
plants.soil,2026-07-28T12:02:33.527Z,2026-07-28 07:02:33.527,25784,6762df,y9d41p,0.7.3,fleet_logger_0_1,597030041,UMLIFE_v2_TLC555,ch3,origplant,soil_moisture,1443,,,OK,,,985.3,,name=classic;level=well watered;role=disp;spread=17;gpio=35;device_seq=79603;time_source=device_synced;device_timestamp_utc=2026-07-28T12:02:20.483Z;config_id=257fa022;rssi=-61;uptime_s=597030;heap=195648;cal_tier=channel-cal;cal_src=wet_rederive_1236_20260719;pressure_context_source=weather_openmeteo;transport=wifi_poll,
plants.env,2026-07-28T12:02:33.527Z,2026-07-28 07:02:33.527,25785,6762df,y9d41p,0.7.3,fleet_logger_0_1,597030796,ESP32,esp32_die,on_chip,die_temp,,53.33,degC,OK,,,,,name=classic;source=esp32_die;cal=uncalibrated_board_proxy;api=temperatureRead;config_id=257fa022;transport=wifi_poll,
plants.soil,2026-07-28T12:03:03.778Z,2026-07-28 07:03:03.778,25786,6762df,y9d41p,0.7.3,fleet_logger_0_1,597060041,UMLIFE_v2_TLC555,ch0,origplant,soil_moisture,1568,,,OK,,,985.3,,name=classic;level=well watered;role=disp;spread=41;gpio=36;device_seq=79604;time_source=device_synced;device_timestamp_utc=2026-07-28T12:02:50.483Z;config_id=257fa022;rssi=-61;uptime_s=597060;heap=195648;cal_tier=channel-cal;cal_src=wet_rederive_1236_20260719;pressure_context_source=weather_openmeteo;transport=wifi_poll,
plants.soil,2026-07-28T12:03:03.778Z,2026-07-28 07:03:03.778,25787,6762df,y9d41p,0.7.3,fleet_logger_0_1,597060041,UMLIFE_v2_TLC555,ch1,origplant,soil_moisture,1692,,,OK,,,985.3,,name=classic;level=OK;role=disp;spread=33;gpio=39;device_seq=79605;time_source=device_synced;device_timestamp_utc=2026-07-28T12:02:50.483Z;config_id=257fa022;rssi=-61;uptime_s=597060;heap=195648;cal_tier=channel-cal;cal_src=wet_rederive_1236_20260719;pressure_context_source=weather_openmeteo;transport=wifi_poll,
plants.soil,2026-07-28T12:03:03.778Z,2026-07-28 07:03:03.778,25788,6762df,y9d41p,0.7.3,fleet_logger_0_1,597060041,UMLIFE_v2_TLC555,ch2,origplant,soil_moisture,1348,,,OK,,,985.3,,name=classic;level=overwatered;role=disp;spread=47;gpio=34;device_seq=79606;time_source=device_synced;device_timestamp_utc=2026-07-28T12:02:50.483Z;config_id=257fa022;rssi=-61;uptime_s=597060;heap=195648;cal_tier=channel-cal;cal_src=wet_rederive_1236_20260719;pressure_context_source=weather_openmeteo;transport=wifi_poll,
plants.soil,2026-07-28T12:03:03.778Z,2026-07-28 07:03:03.778,25789,6762df,y9d41p,0.7.3,fleet_logger_0_1,597060041,UMLIFE_v2_TLC555,ch3,origplant,soil_moisture,1438,,,OK,,,985.3,,name=classic;level=well watered;role=disp;spread=28;gpio=35;device_seq=79607;time_source=device_synced;device_timestamp_utc=2026-07-28T12:02:50.483Z;config_id=257fa022;rssi=-61;uptime_s=597060;heap=195648;cal_tier=channel-cal;cal_src=wet_rederive_1236_20260719;pressure_context_source=weather_openmeteo;transport=wifi_poll,
plants.env,2026-07-28T12:03:03.778Z,2026-07-28 07:03:03.778,25790,6762df,y9d41p,0.7.3,fleet_logger_0_1,597060796,ESP32,esp32_die,on_chip,die_temp,,53.33,degC,OK,,,,,name=classic;source=esp32_die;cal=uncalibrated_board_proxy;api=temperatureRead;config_id=257fa022;transport=wifi_poll,
plants.soil,2026-07-28T12:03:34.294Z,2026-07-28 07:03:34.294,25791,6762df,y9d41p,0.7.3,fleet_logger_0_1,597090041,UMLIFE_v2_TLC555,ch0,origplant,soil_moisture,1567,,,OK,,,985.3,,name=classic;level=well watered;role=disp;spread=50;gpio=36;device_seq=79608;time_source=device_synced;device_timestamp_utc=2026-07-28T12:03:20.483Z;config_id=257fa022;rssi=-61;uptime_s=597090;heap=195908;cal_tier=channel-cal;cal_src=wet_rederive_1236_20260719;pressure_context_source=weather_openmeteo;transport=wifi_poll,
plants.soil,2026-07-28T12:03:34.294Z,2026-07-28 07:03:34.294,25792,6762df,y9d41p,0.7.3,fleet_logger_0_1,597090041,UMLIFE_v2_TLC555,ch1,origplant,soil_moisture,1699,,,OK,,,985.3,,name=classic;level=OK;role=disp;spread=16;gpio=39;device_seq=79609;time_source=device_synced;device_timestamp_utc=2026-07-28T12:03:20.483Z;config_id=257fa022;rssi=-61;uptime_s=597090;heap=195908;cal_tier=channel-cal;cal_src=wet_rederive_1236_20260719;pressure_context_source=weather_openmeteo;transport=wifi_poll,
plants.soil,2026-07-28T12:03:34.294Z,2026-07-28 07:03:34.294,25793,6762df,y9d41p,0.7.3,fleet_logger_0_1,597090041,UMLIFE_v2_TLC555,ch2,origplant,soil_moisture,1347,,,OK,,,985.3,,name=classic;level=overwatered;role=disp;spread=31;gpio=34;device_seq=79610;time_source=device_synced;device_timestamp_utc=2026-07-28T12:03:20.483Z;config_id=257fa022;rssi=-61;uptime_s=597090;heap=195908;cal_tier=channel-cal;cal_src=wet_rederive_1236_20260719;pressure_context_source=weather_openmeteo;transport=wifi_poll,
plants.soil,2026-07-28T12:03:34.294Z,2026-07-28 07:03:34.294,25794,6762df,y9d41p,0.7.3,fleet_logger_0_1,597090041,UMLIFE_v2_TLC555,ch3,origplant,soil_moisture,1441,,,OK,,,985.3,,name=classic;level=well watered;role=disp;spread=23;gpio=35;device_seq=79611;time_source=device_synced;device_timestamp_utc=2026-07-28T12:03:20.483Z;config_id=257fa022;rssi=-61;uptime_s=597090;heap=195908;cal_tier=channel-cal;cal_src=wet_rederive_1236_20260719;pressure_context_source=weather_openmeteo;transport=wifi_poll,
plants.env,2026-07-28T12:03:34.294Z,2026-07-28 07:03:34.294,25795,6762df,y9d41p,0.7.3,fleet_logger_0_1,597090796,ESP32,esp32_die,on_chip,die_temp,,53.33,degC,OK,,,,,name=classic;source=esp32_die;cal=uncalibrated_board_proxy;api=temperatureRead;config_id=257fa022;transport=wifi_poll,
plants.soil,2026-07-28T12:04:05.422Z,2026-07-28 07:04:05.422,25796,6762df,y9d41p,0.7.3,fleet_logger_0_1,597120041,UMLIFE_v2_TLC555,ch0,origplant,soil_moisture,1567,,,OK,,,985.3,,name=classic;level=well watered;role=disp;spread=40;gpio=36;device_seq=79612;time_source=device_synced;device_timestamp_utc=2026-07-28T12:03:50.483Z;config_id=257fa022;rssi=-61;uptime_s=597120;heap=195908;cal_tier=channel-cal;cal_src=wet_rederive_1236_20260719;pressure_context_source=weather_openmeteo;transport=wifi_poll,
plants.soil,2026-07-28T12:04:05.422Z,2026-07-28 07:04:05.422,25797,6762df,y9d41p,0.7.3,fleet_logger_0_1,597120041,UMLIFE_v2_TLC555,ch1,origplant,soil_moisture,1702,,,OK,,,985.3,,name=classic;level=OK;role=disp;spread=30;gpio=39;device_seq=79613;time_source=device_synced;device_timestamp_utc=2026-07-28T12:03:50.483Z;config_id=257fa022;rssi=-61;uptime_s=597120;heap=195908;cal_tier=channel-cal;cal_src=wet_rederive_1236_20260719;pressure_context_source=weather_openmeteo;transport=wifi_poll,
plants.soil,2026-07-28T12:04:05.422Z,2026-07-28 07:04:05.422,25798,6762df,y9d41p,0.7.3,fleet_logger_0_1,597120041,UMLIFE_v2_TLC555,ch2,origplant,soil_moisture,1354,,,OK,,,985.3,,name=classic;level=overwatered;role=disp;spread=61;gpio=34;device_seq=79614;time_source=device_synced;device_timestamp_utc=2026-07-28T12:03:50.483Z;config_id=257fa022;rssi=-61;uptime_s=597120;heap=195908;cal_tier=channel-cal;cal_src=wet_rederive_1236_20260719;pressure_context_source=weather_openmeteo;transport=wifi_poll,
plants.soil,2026-07-28T12:04:05.422Z,2026-07-28 07:04:05.422,25799,6762df,y9d41p,0.7.3,fleet_logger_0_1,597120041,UMLIFE_v2_TLC555,ch3,origplant,soil_moisture,1431,,,OK,,,985.3,,name=classic;level=well watered;role=disp;spread=28;gpio=35;device_seq=79615;time_source=device_synced;device_timestamp_utc=2026-07-28T12:03:50.483Z;config_id=257fa022;rssi=-61;uptime_s=597120;heap=195908;cal_tier=channel-cal;cal_src=wet_rederive_1236_20260719;pressure_context_source=weather_openmeteo;transport=wifi_poll,
plants.env,2026-07-28T12:04:05.422Z,2026-07-28 07:04:05.422,25800,6762df,y9d41p,0.7.3,fleet_logger_0_1,597120797,ESP32,esp32_die,on_chip,die_temp,,53.33,degC,OK,,,,,name=classic;source=esp32_die;cal=uncalibrated_board_proxy;api=temperatureRead;config_id=257fa022;transport=wifi_poll,
plants.soil,2026-07-28T12:04:35.757Z,2026-07-28 07:04:35.757,25801,6762df,y9d41p,0.7.3,fleet_logger_0_1,597150041,UMLIFE_v2_TLC555,ch0,origplant,soil_moisture,1567,,,OK,,,985.3,,name=classic;level=well watered;role=disp;spread=28;gpio=36;device_seq=79616;time_source=device_synced;device_timestamp_utc=2026-07-28T12:04:20.483Z;config_id=257fa022;rssi=-58;uptime_s=597150;heap=195896;cal_tier=channel-cal;cal_src=wet_rederive_1236_20260719;pressure_context_source=weather_openmeteo;transport=wifi_poll,
plants.soil,2026-07-28T12:04:35.757Z,2026-07-28 07:04:35.757,25802,6762df,y9d41p,0.7.3,fleet_logger_0_1,597150041,UMLIFE_v2_TLC555,ch1,origplant,soil_moisture,1697,,,OK,,,985.3,,name=classic;level=OK;role=disp;spread=23;gpio=39;device_seq=79617;time_source=device_synced;device_timestamp_utc=2026-07-28T12:04:20.483Z;config_id=257fa022;rssi=-58;uptime_s=597150;heap=195896;cal_tier=channel-cal;cal_src=wet_rederive_1236_20260719;pressure_context_source=weather_openmeteo;transport=wifi_poll,
plants.soil,2026-07-28T12:04:35.757Z,2026-07-28 07:04:35.757,25803,6762df,y9d41p,0.7.3,fleet_logger_0_1,597150041,UMLIFE_v2_TLC555,ch2,origplant,soil_moisture,1349,,,OK,,,985.3,,name=classic;level=overwatered;role=disp;spread=22;gpio=34;device_seq=79618;time_source=device_synced;device_timestamp_utc=2026-07-28T12:04:20.483Z;config_id=257fa022;rssi=-58;uptime_s=597150;heap=195896;cal_tier=channel-cal;cal_src=wet_rederive_1236_20260719;pressure_context_source=weather_openmeteo;transport=wifi_poll,
plants.soil,2026-07-28T12:04:35.757Z,2026-07-28 07:04:35.757,25804,6762df,y9d41p,0.7.3,fleet_logger_0_1,597150041,UMLIFE_v2_TLC555,ch3,origplant,soil_moisture,1433,,,OK,,,985.3,,name=classic;level=well watered;role=disp;spread=30;gpio=35;device_seq=79619;time_source=device_synced;device_timestamp_utc=2026-07-28T12:04:20.483Z;config_id=257fa022;rssi=-58;uptime_s=597150;heap=195896;cal_tier=channel-cal;cal_src=wet_rederive_1236_20260719;pressure_context_source=weather_openmeteo;transport=wifi_poll,
plants.env,2026-07-28T12:04:35.757Z,2026-07-28 07:04:35.757,25805,6762df,y9d41p,0.7.3,fleet_logger_0_1,597150797,ESP32,esp32_die,on_chip,die_temp,,53.33,degC,OK,,,,,name=classic;source=esp32_die;cal=uncalibrated_board_proxy;api=temperatureRead;config_id=257fa022;transport=wifi_poll,
plants.soil,2026-07-28T12:05:06.000Z,2026-07-28 07:05:06.000,25806,6762df,y9d41p,0.7.3,fleet_logger_0_1,597180041,UMLIFE_v2_TLC555,ch0,origplant,soil_moisture,1564,,,OK,,,985.3,,name=classic;level=well watered;role=disp;spread=50;gpio=36;device_seq=79620;time_source=device_synced;device_timestamp_utc=2026-07-28T12:04:50.483Z;config_id=257fa022;rssi=-62;uptime_s=597180;heap=195908;cal_tier=channel-cal;cal_src=wet_rederive_1236_20260719;pressure_context_source=weather_openmeteo;transport=wifi_poll,
plants.soil,2026-07-28T12:05:06.000Z,2026-07-28 07:05:06.000,25807,6762df,y9d41p,0.7.3,fleet_logger_0_1,597180041,UMLIFE_v2_TLC555,ch1,origplant,soil_moisture,1700,,,OK,,,985.3,,name=classic;level=OK;role=disp;spread=46;gpio=39;device_seq=79621;time_source=device_synced;device_timestamp_utc=2026-07-28T12:04:50.483Z;config_id=257fa022;rssi=-62;uptime_s=597180;heap=195908;cal_tier=channel-cal;cal_src=wet_rederive_1236_20260719;pressure_context_source=weather_openmeteo;transport=wifi_poll,
plants.soil,2026-07-28T12:05:06.000Z,2026-07-28 07:05:06.000,25808,6762df,y9d41p,0.7.3,fleet_logger_0_1,597180041,UMLIFE_v2_TLC555,ch2,origplant,soil_moisture,1355,,,OK,,,985.3,,name=classic;level=overwatered;role=disp;spread=38;gpio=34;device_seq=79622;time_source=device_synced;device_timestamp_utc=2026-07-28T12:04:50.483Z;config_id=257fa022;rssi=-62;uptime_s=597180;heap=195908;cal_tier=channel-cal;cal_src=wet_rederive_1236_20260719;pressure_context_source=weather_openmeteo;transport=wifi_poll,
plants.soil,2026-07-28T12:05:06.000Z,2026-07-28 07:05:06.000,25809,6762df,y9d41p,0.7.3,fleet_logger_0_1,597180041,UMLIFE_v2_TLC555,ch3,origplant,soil_moisture,1439,,,OK,,,985.3,,name=classic;level=well watered;role=disp;spread=25;gpio=35;device_seq=79623;time_source=device_synced;device_timestamp_utc=2026-07-28T12:04:50.483Z;config_id=257fa022;rssi=-62;uptime_s=597180;heap=195908;cal_tier=channel-cal;cal_src=wet_rederive_1236_20260719;pressure_context_source=weather_openmeteo;transport=wifi_poll,
plants.env,2026-07-28T12:05:06.000Z,2026-07-28 07:05:06.000,25810,6762df,y9d41p,0.7.3,fleet_logger_0_1,597180796,ESP32,esp32_die,on_chip,die_temp,,53.33,degC,OK,,,,,name=classic;source=esp32_die;cal=uncalibrated_board_proxy;api=temperatureRead;config_id=257fa022;transport=wifi_poll,
plants.soil,2026-07-28T12:05:36.457Z,2026-07-28 07:05:36.457,25811,6762df,y9d41p,0.7.3,fleet_logger_0_1,597210041,UMLIFE_v2_TLC555,ch0,origplant,soil_moisture,1569,,,OK,,,985.3,,name=classic;level=well watered;role=disp;spread=32;gpio=36;device_seq=79624;time_source=device_synced;device_timestamp_utc=2026-07-28T12:05:20.483Z;config_id=257fa022;rssi=-62;uptime_s=597210;heap=195644;cal_tier=channel-cal;cal_src=wet_rederive_1236_20260719;pressure_context_source=weather_openmeteo;transport=wifi_poll,
plants.soil,2026-07-28T12:05:36.457Z,2026-07-28 07:05:36.457,25812,6762df,y9d41p,0.7.3,fleet_logger_0_1,597210041,UMLIFE_v2_TLC555,ch1,origplant,soil_moisture,1701,,,OK,,,985.3,,name=classic;level=OK;role=disp;spread=37;gpio=39;device_seq=79625;time_source=device_synced;device_timestamp_utc=2026-07-28T12:05:20.483Z;config_id=257fa022;rssi=-62;uptime_s=597210;heap=195644;cal_tier=channel-cal;cal_src=wet_rederive_1236_20260719;pressure_context_source=weather_openmeteo;transport=wifi_poll,
plants.soil,2026-07-28T12:05:36.457Z,2026-07-28 07:05:36.457,25813,6762df,y9d41p,0.7.3,fleet_logger_0_1,597210041,UMLIFE_v2_TLC555,ch2,origplant,soil_moisture,1350,,,OK,,,985.3,,name=classic;level=overwatered;role=disp;spread=45;gpio=34;device_seq=79626;time_source=device_synced;device_timestamp_utc=2026-07-28T12:05:20.483Z;config_id=257fa022;rssi=-62;uptime_s=597210;heap=195644;cal_tier=channel-cal;cal_src=wet_rederive_1236_20260719;pressure_context_source=weather_openmeteo;transport=wifi_poll,
plants.soil,2026-07-28T12:05:36.457Z,2026-07-28 07:05:36.457,25814,6762df,y9d41p,0.7.3,fleet_logger_0_1,597210041,UMLIFE_v2_TLC555,ch3,origplant,soil_moisture,1437,,,OK,,,985.3,,name=classic;level=well watered;role=disp;spread=21;gpio=35;device_seq=79627;time_source=device_synced;device_timestamp_utc=2026-07-28T12:05:20.483Z;config_id=257fa022;rssi=-62;uptime_s=597210;heap=195644;cal_tier=channel-cal;cal_src=wet_rederive_1236_20260719;pressure_context_source=weather_openmeteo;transport=wifi_poll,
plants.env,2026-07-28T12:05:36.457Z,2026-07-28 07:05:36.457,25815,6762df,y9d41p,0.7.3,fleet_logger_0_1,597210796,ESP32,esp32_die,on_chip,die_temp,,53.33,degC,OK,,,,,name=classic;source=esp32_die;cal=uncalibrated_board_proxy;api=temperatureRead;config_id=257fa022;transport=wifi_poll,
plants.soil,2026-07-28T12:06:06.823Z,2026-07-28 07:06:06.823,25816,6762df,y9d41p,0.7.3,fleet_logger_0_1,597240041,UMLIFE_v2_TLC555,ch0,origplant,soil_moisture,1571,,,OK,,,985.3,,name=classic;level=well watered;role=disp;spread=27;gpio=36;device_seq=79628;time_source=device_synced;device_timestamp_utc=2026-07-28T12:05:50.483Z;config_id=257fa022;rssi=-61;uptime_s=597240;heap=195648;cal_tier=channel-cal;cal_src=wet_rederive_1236_20260719;pressure_context_source=weather_openmeteo;transport=wifi_poll,
plants.soil,2026-07-28T12:06:06.823Z,2026-07-28 07:06:06.823,25817,6762df,y9d41p,0.7.3,fleet_logger_0_1,597240041,UMLIFE_v2_TLC555,ch1,origplant,soil_moisture,1698,,,OK,,,985.3,,name=classic;level=OK;role=disp;spread=50;gpio=39;device_seq=79629;time_source=device_synced;device_timestamp_utc=2026-07-28T12:05:50.483Z;config_id=257fa022;rssi=-61;uptime_s=597240;heap=195648;cal_tier=channel-cal;cal_src=wet_rederive_1236_20260719;pressure_context_source=weather_openmeteo;transport=wifi_poll,
plants.soil,2026-07-28T12:06:06.823Z,2026-07-28 07:06:06.823,25818,6762df,y9d41p,0.7.3,fleet_logger_0_1,597240041,UMLIFE_v2_TLC555,ch2,origplant,soil_moisture,1351,,,OK,,,985.3,,name=classic;level=overwatered;role=disp;spread=42;gpio=34;device_seq=79630;time_source=device_synced;device_timestamp_utc=2026-07-28T12:05:50.483Z;config_id=257fa022;rssi=-61;uptime_s=597240;heap=195648;cal_tier=channel-cal;cal_src=wet_rederive_1236_20260719;pressure_context_source=weather_openmeteo;transport=wifi_poll,
plants.soil,2026-07-28T12:06:06.823Z,2026-07-28 07:06:06.823,25819,6762df,y9d41p,0.7.3,fleet_logger_0_1,597240041,UMLIFE_v2_TLC555,ch3,origplant,soil_moisture,1437,,,OK,,,985.3,,name=classic;level=well watered;role=disp;spread=12;gpio=35;device_seq=79631;time_source=device_synced;device_timestamp_utc=2026-07-28T12:05:50.483Z;config_id=257fa022;rssi=-61;uptime_s=597240;heap=195648;cal_tier=channel-cal;cal_src=wet_rederive_1236_20260719;pressure_context_source=weather_openmeteo;transport=wifi_poll,
plants.env,2026-07-28T12:06:06.823Z,2026-07-28 07:06:06.823,25820,6762df,y9d41p,0.7.3,fleet_logger_0_1,597240796,ESP32,esp32_die,on_chip,die_temp,,53.33,degC,OK,,,,,name=classic;source=esp32_die;cal=uncalibrated_board_proxy;api=temperatureRead;config_id=257fa022;transport=wifi_poll,
plants.soil,2026-07-28T12:06:37.132Z,2026-07-28 07:06:37.132,25821,6762df,y9d41p,0.7.3,fleet_logger_0_1,597270041,UMLIFE_v2_TLC555,ch0,origplant,soil_moisture,1568,,,OK,,,985.3,,name=classic;level=well watered;role=disp;spread=30;gpio=36;device_seq=79632;time_source=device_synced;device_timestamp_utc=2026-07-28T12:06:20.483Z;config_id=257fa022;rssi=-62;uptime_s=597270;heap=195892;cal_tier=channel-cal;cal_src=wet_rederive_1236_20260719;pressure_context_source=weather_openmeteo;transport=wifi_poll,
plants.soil,2026-07-28T12:06:37.132Z,2026-07-28 07:06:37.132,25822,6762df,y9d41p,0.7.3,fleet_logger_0_1,597270041,UMLIFE_v2_TLC555,ch1,origplant,soil_moisture,1701,,,OK,,,985.3,,name=classic;level=OK;role=disp;spread=20;gpio=39;device_seq=79633;time_source=device_synced;device_timestamp_utc=2026-07-28T12:06:20.483Z;config_id=257fa022;rssi=-62;uptime_s=597270;heap=195892;cal_tier=channel-cal;cal_src=wet_rederive_1236_20260719;pressure_context_source=weather_openmeteo;transport=wifi_poll,
plants.soil,2026-07-28T12:06:37.132Z,2026-07-28 07:06:37.132,25823,6762df,y9d41p,0.7.3,fleet_logger_0_1,597270041,UMLIFE_v2_TLC555,ch2,origplant,soil_moisture,1354,,,OK,,,985.3,,name=classic;level=overwatered;role=disp;spread=41;gpio=34;device_seq=79634;time_source=device_synced;device_timestamp_utc=2026-07-28T12:06:20.483Z;config_id=257fa022;rssi=-62;uptime_s=597270;heap=195892;cal_tier=channel-cal;cal_src=wet_rederive_1236_20260719;pressure_context_source=weather_openmeteo;transport=wifi_poll,
plants.soil,2026-07-28T12:06:37.132Z,2026-07-28 07:06:37.132,25824,6762df,y9d41p,0.7.3,fleet_logger_0_1,597270041,UMLIFE_v2_TLC555,ch3,origplant,soil_moisture,1435,,,OK,,,985.3,,name=classic;level=well watered;role=disp;spread=18;gpio=35;device_seq=79635;time_source=device_synced;device_timestamp_utc=2026-07-28T12:06:20.483Z;config_id=257fa022;rssi=-62;uptime_s=597270;heap=195892;cal_tier=channel-cal;cal_src=wet_rederive_1236_20260719;pressure_context_source=weather_openmeteo;transport=wifi_poll,
plants.env,2026-07-28T12:06:37.132Z,2026-07-28 07:06:37.132,25825,6762df,y9d41p,0.7.3,fleet_logger_0_1,597270796,ESP32,esp32_die,on_chip,die_temp,,53.33,degC,OK,,,,,name=classic;source=esp32_die;cal=uncalibrated_board_proxy;api=temperatureRead;config_id=257fa022;transport=wifi_poll,
plants.soil,2026-07-28T12:07:07.592Z,2026-07-28 07:07:07.592,25826,6762df,y9d41p,0.7.3,fleet_logger_0_1,597300041,UMLIFE_v2_TLC555,ch0,origplant,soil_moisture,1564,,,OK,,,985.3,,name=classic;level=well watered;role=disp;spread=47;gpio=36;device_seq=79636;time_source=device_synced;device_timestamp_utc=2026-07-28T12:06:50.483Z;config_id=257fa022;rssi=-61;uptime_s=597300;heap=195908;cal_tier=channel-cal;cal_src=wet_rederive_1236_20260719;pressure_context_source=weather_openmeteo;transport=wifi_poll,
plants.soil,2026-07-28T12:07:07.592Z,2026-07-28 07:07:07.592,25827,6762df,y9d41p,0.7.3,fleet_logger_0_1,597300041,UMLIFE_v2_TLC555,ch1,origplant,soil_moisture,1701,,,OK,,,985.3,,name=classic;level=OK;role=disp;spread=19;gpio=39;device_seq=79637;time_source=device_synced;device_timestamp_utc=2026-07-28T12:06:50.483Z;config_id=257fa022;rssi=-61;uptime_s=597300;heap=195908;cal_tier=channel-cal;cal_src=wet_rederive_1236_20260719;pressure_context_source=weather_openmeteo;transport=wifi_poll,
plants.soil,2026-07-28T12:07:07.592Z,2026-07-28 07:07:07.592,25828,6762df,y9d41p,0.7.3,fleet_logger_0_1,597300041,UMLIFE_v2_TLC555,ch2,origplant,soil_moisture,1352,,,OK,,,985.3,,name=classic;level=overwatered;role=disp;spread=45;gpio=34;device_seq=79638;time_source=device_synced;device_timestamp_utc=2026-07-28T12:06:50.483Z;config_id=257fa022;rssi=-61;uptime_s=597300;heap=195908;cal_tier=channel-cal;cal_src=wet_rederive_1236_20260719;pressure_context_source=weather_openmeteo;transport=wifi_poll,
plants.soil,2026-07-28T12:07:07.592Z,2026-07-28 07:07:07.592,25829,6762df,y9d41p,0.7.3,fleet_logger_0_1,597300041,UMLIFE_v2_TLC555,ch3,origplant,soil_moisture,1440,,,OK,,,985.3,,name=classic;level=well watered;role=disp;spread=13;gpio=35;device_seq=79639;time_source=device_synced;device_timestamp_utc=2026-07-28T12:06:50.483Z;config_id=257fa022;rssi=-61;uptime_s=597300;heap=195908;cal_tier=channel-cal;cal_src=wet_rederive_1236_20260719;pressure_context_source=weather_openmeteo;transport=wifi_poll,
plants.env,2026-07-28T12:07:07.592Z,2026-07-28 07:07:07.592,25830,6762df,y9d41p,0.7.3,fleet_logger_0_1,597300797,ESP32,esp32_die,on_chip,die_temp,,53.33,degC,OK,,,,,name=classic;source=esp32_die;cal=uncalibrated_board_proxy;api=temperatureRead;config_id=257fa022;transport=wifi_poll,
plants.soil,2026-07-28T12:07:38.251Z,2026-07-28 07:07:38.251,25831,6762df,y9d41p,0.7.3,fleet_logger_0_1,597330041,UMLIFE_v2_TLC555,ch0,origplant,soil_moisture,1569,,,OK,,,985.3,,name=classic;level=well watered;role=disp;spread=22;gpio=36;device_seq=79640;time_source=device_synced;device_timestamp_utc=2026-07-28T12:07:20.483Z;config_id=257fa022;rssi=-61;uptime_s=597330;heap=195908;cal_tier=channel-cal;cal_src=wet_rederive_1236_20260719;pressure_context_source=weather_openmeteo;transport=wifi_poll,
plants.soil,2026-07-28T12:07:38.251Z,2026-07-28 07:07:38.251,25832,6762df,y9d41p,0.7.3,fleet_logger_0_1,597330041,UMLIFE_v2_TLC555,ch1,origplant,soil_moisture,1700,,,OK,,,985.3,,name=classic;level=OK;role=disp;spread=45;gpio=39;device_seq=79641;time_source=device_synced;device_timestamp_utc=2026-07-28T12:07:20.483Z;config_id=257fa022;rssi=-61;uptime_s=597330;heap=195908;cal_tier=channel-cal;cal_src=wet_rederive_1236_20260719;pressure_context_source=weather_openmeteo;transport=wifi_poll,
plants.soil,2026-07-28T12:07:38.251Z,2026-07-28 07:07:38.251,25833,6762df,y9d41p,0.7.3,fleet_logger_0_1,597330041,UMLIFE_v2_TLC555,ch2,origplant,soil_moisture,1353,,,OK,,,985.3,,name=classic;level=overwatered;role=disp;spread=34;gpio=34;device_seq=79642;time_source=device_synced;device_timestamp_utc=2026-07-28T12:07:20.483Z;config_id=257fa022;rssi=-61;uptime_s=597330;heap=195908;cal_tier=channel-cal;cal_src=wet_rederive_1236_20260719;pressure_context_source=weather_openmeteo;transport=wifi_poll,
plants.soil,2026-07-28T12:07:38.251Z,2026-07-28 07:07:38.251,25834,6762df,y9d41p,0.7.3,fleet_logger_0_1,597330041,UMLIFE_v2_TLC555,ch3,origplant,soil_moisture,1431,,,OK,,,985.3,,name=classic;level=well watered;role=disp;spread=8;gpio=35;device_seq=79643;time_source=device_synced;device_timestamp_utc=2026-07-28T12:07:20.483Z;config_id=257fa022;rssi=-61;uptime_s=597330;heap=195908;cal_tier=channel-cal;cal_src=wet_rederive_1236_20260719;pressure_context_source=weather_openmeteo;transport=wifi_poll,
plants.env,2026-07-28T12:07:38.251Z,2026-07-28 07:07:38.251,25835,6762df,y9d41p,0.7.3,fleet_logger_0_1,597330796,ESP32,esp32_die,on_chip,die_temp,,53.33,degC,OK,,,,,name=classic;source=esp32_die;cal=uncalibrated_board_proxy;api=temperatureRead;config_id=257fa022;transport=wifi_poll,
plants.soil,2026-07-28T12:08:09.033Z,2026-07-28 07:08:09.033,25836,6762df,y9d41p,0.7.3,fleet_logger_0_1,597360041,UMLIFE_v2_TLC555,ch0,origplant,soil_moisture,1568,,,OK,,,985.3,,name=classic;level=well watered;role=disp;spread=51;gpio=36;device_seq=79644;time_source=device_synced;device_timestamp_utc=2026-07-28T12:07:50.483Z;config_id=257fa022;rssi=-61;uptime_s=597360;heap=195900;cal_tier=channel-cal;cal_src=wet_rederive_1236_20260719;pressure_context_source=weather_openmeteo;transport=wifi_poll,
plants.soil,2026-07-28T12:08:09.033Z,2026-07-28 07:08:09.033,25837,6762df,y9d41p,0.7.3,fleet_logger_0_1,597360041,UMLIFE_v2_TLC555,ch1,origplant,soil_moisture,1699,,,OK,,,985.3,,name=classic;level=OK;role=disp;spread=43;gpio=39;device_seq=79645;time_source=device_synced;device_timestamp_utc=2026-07-28T12:07:50.483Z;config_id=257fa022;rssi=-61;uptime_s=597360;heap=195900;cal_tier=channel-cal;cal_src=wet_rederive_1236_20260719;pressure_context_source=weather_openmeteo;transport=wifi_poll,
plants.soil,2026-07-28T12:08:09.033Z,2026-07-28 07:08:09.033,25838,6762df,y9d41p,0.7.3,fleet_logger_0_1,597360041,UMLIFE_v2_TLC555,ch2,origplant,soil_moisture,1354,,,OK,,,985.3,,name=classic;level=overwatered;role=disp;spread=41;gpio=34;device_seq=79646;time_source=device_synced;device_timestamp_utc=2026-07-28T12:07:50.483Z;config_id=257fa022;rssi=-61;uptime_s=597360;heap=195900;cal_tier=channel-cal;cal_src=wet_rederive_1236_20260719;pressure_context_source=weather_openmeteo;transport=wifi_poll,
plants.soil,2026-07-28T12:08:09.033Z,2026-07-28 07:08:09.033,25839,6762df,y9d41p,0.7.3,fleet_logger_0_1,597360041,UMLIFE_v2_TLC555,ch3,origplant,soil_moisture,1433,,,OK,,,985.3,,name=classic;level=well watered;role=disp;spread=25;gpio=35;device_seq=79647;time_source=device_synced;device_timestamp_utc=2026-07-28T12:07:50.483Z;config_id=257fa022;rssi=-61;uptime_s=597360;heap=195900;cal_tier=channel-cal;cal_src=wet_rederive_1236_20260719;pressure_context_source=weather_openmeteo;transport=wifi_poll,
plants.env,2026-07-28T12:08:09.033Z,2026-07-28 07:08:09.033,25840,6762df,y9d41p,0.7.3,fleet_logger_0_1,597360796,ESP32,esp32_die,on_chip,die_temp,,53.33,degC,OK,,,,,name=classic;source=esp32_die;cal=uncalibrated_board_proxy;api=temperatureRead;config_id=257fa022;transport=wifi_poll,
plants.soil,2026-07-28T12:08:39.906Z,2026-07-28 07:08:39.906,25841,6762df,y9d41p,0.7.3,fleet_logger_0_1,597390041,UMLIFE_v2_TLC555,ch0,origplant,soil_moisture,1566,,,OK,,,985.3,,name=classic;level=well watered;role=disp;spread=59;gpio=36;device_seq=79648;time_source=device_synced;device_timestamp_utc=2026-07-28T12:08:20.483Z;config_id=257fa022;rssi=-60;uptime_s=597390;heap=195636;cal_tier=channel-cal;cal_src=wet_rederive_1236_20260719;pressure_context_source=weather_openmeteo;transport=wifi_poll,
plants.soil,2026-07-28T12:08:39.906Z,2026-07-28 07:08:39.906,25842,6762df,y9d41p,0.7.3,fleet_logger_0_1,597390041,UMLIFE_v2_TLC555,ch1,origplant,soil_moisture,1698,,,OK,,,985.3,,name=classic;level=OK;role=disp;spread=27;gpio=39;device_seq=79649;time_source=device_synced;device_timestamp_utc=2026-07-28T12:08:20.483Z;config_id=257fa022;rssi=-60;uptime_s=597390;heap=195636;cal_tier=channel-cal;cal_src=wet_rederive_1236_20260719;pressure_context_source=weather_openmeteo;transport=wifi_poll,
plants.soil,2026-07-28T12:08:39.906Z,2026-07-28 07:08:39.906,25843,6762df,y9d41p,0.7.3,fleet_logger_0_1,597390041,UMLIFE_v2_TLC555,ch2,origplant,soil_moisture,1350,,,OK,,,985.3,,name=classic;level=overwatered;role=disp;spread=9;gpio=34;device_seq=79650;time_source=device_synced;device_timestamp_utc=2026-07-28T12:08:20.483Z;config_id=257fa022;rssi=-60;uptime_s=597390;heap=195636;cal_tier=channel-cal;cal_src=wet_rederive_1236_20260719;pressure_context_source=weather_openmeteo;transport=wifi_poll,
plants.soil,2026-07-28T12:08:39.906Z,2026-07-28 07:08:39.906,25844,6762df,y9d41p,0.7.3,fleet_logger_0_1,597390041,UMLIFE_v2_TLC555,ch3,origplant,soil_moisture,1432,,,OK,,,985.3,,name=classic;level=well watered;role=disp;spread=28;gpio=35;device_seq=79651;time_source=device_synced;device_timestamp_utc=2026-07-28T12:08:20.483Z;config_id=257fa022;rssi=-60;uptime_s=597390;heap=195636;cal_tier=channel-cal;cal_src=wet_rederive_1236_20260719;pressure_context_source=weather_openmeteo;transport=wifi_poll,
plants.env,2026-07-28T12:08:39.906Z,2026-07-28 07:08:39.906,25845,6762df,y9d41p,0.7.3,fleet_logger_0_1,597390796,ESP32,esp32_die,on_chip,die_temp,,53.33,degC,OK,,,,,name=classic;source=esp32_die;cal=uncalibrated_board_proxy;api=temperatureRead;config_id=257fa022;transport=wifi_poll,
plants.soil,2026-07-28T12:09:10.715Z,2026-07-28 07:09:10.715,25846,6762df,y9d41p,0.7.3,fleet_logger_0_1,597420041,UMLIFE_v2_TLC555,ch0,origplant,soil_moisture,1570,,,OK,,,985.3,,name=classic;level=well watered;role=disp;spread=28;gpio=36;device_seq=79652;time_source=device_synced;device_timestamp_utc=2026-07-28T12:08:50.483Z;config_id=257fa022;rssi=-62;uptime_s=597420;heap=195648;cal_tier=channel-cal;cal_src=wet_rederive_1236_20260719;pressure_context_source=weather_openmeteo;transport=wifi_poll,
plants.soil,2026-07-28T12:09:10.715Z,2026-07-28 07:09:10.715,25847,6762df,y9d41p,0.7.3,fleet_logger_0_1,597420041,UMLIFE_v2_TLC555,ch1,origplant,soil_moisture,1702,,,OK,,,985.3,,name=classic;level=OK;role=disp;spread=39;gpio=39;device_seq=79653;time_source=device_synced;device_timestamp_utc=2026-07-28T12:08:50.483Z;config_id=257fa022;rssi=-62;uptime_s=597420;heap=195648;cal_tier=channel-cal;cal_src=wet_rederive_1236_20260719;pressure_context_source=weather_openmeteo;transport=wifi_poll,
plants.soil,2026-07-28T12:09:10.715Z,2026-07-28 07:09:10.715,25848,6762df,y9d41p,0.7.3,fleet_logger_0_1,597420041,UMLIFE_v2_TLC555,ch2,origplant,soil_moisture,1349,,,OK,,,985.3,,name=classic;level=overwatered;role=disp;spread=36;gpio=34;device_seq=79654;time_source=device_synced;device_timestamp_utc=2026-07-28T12:08:50.483Z;config_id=257fa022;rssi=-62;uptime_s=597420;heap=195648;cal_tier=channel-cal;cal_src=wet_rederive_1236_20260719;pressure_context_source=weather_openmeteo;transport=wifi_poll,
plants.soil,2026-07-28T12:09:10.715Z,2026-07-28 07:09:10.715,25849,6762df,y9d41p,0.7.3,fleet_logger_0_1,597420041,UMLIFE_v2_TLC555,ch3,origplant,soil_moisture,1436,,,OK,,,985.3,,name=classic;level=well watered;role=disp;spread=15;gpio=35;device_seq=79655;time_source=device_synced;device_timestamp_utc=2026-07-28T12:08:50.483Z;config_id=257fa022;rssi=-62;uptime_s=597420;heap=195648;cal_tier=channel-cal;cal_src=wet_rederive_1236_20260719;pressure_context_source=weather_openmeteo;transport=wifi_poll,
plants.env,2026-07-28T12:09:10.715Z,2026-07-28 07:09:10.715,25850,6762df,y9d41p,0.7.3,fleet_logger_0_1,597420796,ESP32,esp32_die,on_chip,die_temp,,53.33,degC,OK,,,,,name=classic;source=esp32_die;cal=uncalibrated_board_proxy;api=temperatureRead;config_id=257fa022;transport=wifi_poll,
plants.soil,2026-07-28T12:09:41.746Z,2026-07-28 07:09:41.746,25851,6762df,y9d41p,0.7.3,fleet_logger_0_1,597450041,UMLIFE_v2_TLC555,ch0,origplant,soil_moisture,1572,,,OK,,,985.3,,name=classic;level=well watered;role=disp;spread=47;gpio=36;device_seq=79656;time_source=device_synced;device_timestamp_utc=2026-07-28T12:09:20.483Z;config_id=257fa022;rssi=-61;uptime_s=597450;heap=195896;cal_tier=channel-cal;cal_src=wet_rederive_1236_20260719;pressure_context_source=weather_openmeteo;transport=wifi_poll,
plants.soil,2026-07-28T12:09:41.746Z,2026-07-28 07:09:41.746,25852,6762df,y9d41p,0.7.3,fleet_logger_0_1,597450041,UMLIFE_v2_TLC555,ch1,origplant,soil_moisture,1702,,,OK,,,985.3,,name=classic;level=OK;role=disp;spread=31;gpio=39;device_seq=79657;time_source=device_synced;device_timestamp_utc=2026-07-28T12:09:20.483Z;config_id=257fa022;rssi=-61;uptime_s=597450;heap=195896;cal_tier=channel-cal;cal_src=wet_rederive_1236_20260719;pressure_context_source=weather_openmeteo;transport=wifi_poll,
plants.soil,2026-07-28T12:09:41.746Z,2026-07-28 07:09:41.746,25853,6762df,y9d41p,0.7.3,fleet_logger_0_1,597450041,UMLIFE_v2_TLC555,ch2,origplant,soil_moisture,1354,,,OK,,,985.3,,name=classic;level=overwatered;role=disp;spread=52;gpio=34;device_seq=79658;time_source=device_synced;device_timestamp_utc=2026-07-28T12:09:20.483Z;config_id=257fa022;rssi=-61;uptime_s=597450;heap=195896;cal_tier=channel-cal;cal_src=wet_rederive_1236_20260719;pressure_context_source=weather_openmeteo;transport=wifi_poll,
plants.soil,2026-07-28T12:09:41.746Z,2026-07-28 07:09:41.746,25854,6762df,y9d41p,0.7.3,fleet_logger_0_1,597450041,UMLIFE_v2_TLC555,ch3,origplant,soil_moisture,1438,,,OK,,,985.3,,name=classic;level=well watered;role=disp;spread=28;gpio=35;device_seq=79659;time_source=device_synced;device_timestamp_utc=2026-07-28T12:09:20.483Z;config_id=257fa022;rssi=-61;uptime_s=597450;heap=195896;cal_tier=channel-cal;cal_src=wet_rederive_1236_20260719;pressure_context_source=weather_openmeteo;transport=wifi_poll,
plants.env,2026-07-28T12:09:41.746Z,2026-07-28 07:09:41.746,25855,6762df,y9d41p,0.7.3,fleet_logger_0_1,597450796,ESP32,esp32_die,on_chip,die_temp,,53.33,degC,OK,,,,,name=classic;source=esp32_die;cal=uncalibrated_board_proxy;api=temperatureRead;config_id=257fa022;transport=wifi_poll,
plants.soil,2026-07-28T12:10:12.563Z,2026-07-28 07:10:12.563,25856,6762df,y9d41p,0.7.3,fleet_logger_0_1,597480041,UMLIFE_v2_TLC555,ch0,origplant,soil_moisture,1591,,,OK,,,985.3,,name=classic;level=well watered;role=disp;spread=8;gpio=36;device_seq=79660;time_source=device_synced;device_timestamp_utc=2026-07-28T12:09:50.483Z;config_id=257fa022;rssi=-60;uptime_s=597480;heap=195896;cal_tier=channel-cal;cal_src=wet_rederive_1236_20260719;pressure_context_source=weather_openmeteo;transport=wifi_poll,
plants.soil,2026-07-28T12:10:12.563Z,2026-07-28 07:10:12.563,25857,6762df,y9d41p,0.7.3,fleet_logger_0_1,597480041,UMLIFE_v2_TLC555,ch1,origplant,soil_moisture,1717,,,OK,,,985.3,,name=classic;level=OK;role=disp;spread=30;gpio=39;device_seq=79661;time_source=device_synced;device_timestamp_utc=2026-07-28T12:09:50.483Z;config_id=257fa022;rssi=-60;uptime_s=597480;heap=195896;cal_tier=channel-cal;cal_src=wet_rederive_1236_20260719;pressure_context_source=weather_openmeteo;transport=wifi_poll,
plants.soil,2026-07-28T12:10:12.563Z,2026-07-28 07:10:12.563,25858,6762df,y9d41p,0.7.3,fleet_logger_0_1,597480041,UMLIFE_v2_TLC555,ch2,origplant,soil_moisture,1373,,,OK,,,985.3,,name=classic;level=overwatered;role=disp;spread=29;gpio=34;device_seq=79662;time_source=device_synced;device_timestamp_utc=2026-07-28T12:09:50.483Z;config_id=257fa022;rssi=-60;uptime_s=597480;heap=195896;cal_tier=channel-cal;cal_src=wet_rederive_1236_20260719;pressure_context_source=weather_openmeteo;transport=wifi_poll,
plants.soil,2026-07-28T12:10:12.563Z,2026-07-28 07:10:12.563,25859,6762df,y9d41p,0.7.3,fleet_logger_0_1,597480041,UMLIFE_v2_TLC555,ch3,origplant,soil_moisture,1455,,,OK,,,985.3,,name=classic;level=well watered;role=disp;spread=27;gpio=35;device_seq=79663;time_source=device_synced;device_timestamp_utc=2026-07-28T12:09:50.483Z;config_id=257fa022;rssi=-60;uptime_s=597480;heap=195896;cal_tier=channel-cal;cal_src=wet_rederive_1236_20260719;pressure_context_source=weather_openmeteo;transport=wifi_poll,
plants.env,2026-07-28T12:10:12.563Z,2026-07-28 07:10:12.563,25860,6762df,y9d41p,0.7.3,fleet_logger_0_1,597480796,ESP32,esp32_die,on_chip,die_temp,,53.33,degC,OK,,,,,name=classic;source=esp32_die;cal=uncalibrated_board_proxy;api=temperatureRead;config_id=257fa022;transport=wifi_poll,
plants.soil,2026-07-28T12:10:42.971Z,2026-07-28 07:10:42.971,25861,6762df,y9d41p,0.7.3,fleet_logger_0_1,597510041,UMLIFE_v2_TLC555,ch0,origplant,soil_moisture,1563,,,OK,,,985.3,,name=classic;level=well watered;role=disp;spread=15;gpio=36;device_seq=79664;time_source=device_synced;device_timestamp_utc=2026-07-28T12:10:20.483Z;config_id=257fa022;rssi=-61;uptime_s=597510;heap=195908;cal_tier=channel-cal;cal_src=wet_rederive_1236_20260719;pressure_context_source=weather_openmeteo;transport=wifi_poll,
plants.soil,2026-07-28T12:10:42.971Z,2026-07-28 07:10:42.971,25862,6762df,y9d41p,0.7.3,fleet_logger_0_1,597510041,UMLIFE_v2_TLC555,ch1,origplant,soil_moisture,1698,,,OK,,,985.3,,name=classic;level=OK;role=disp;spread=9;gpio=39;device_seq=79665;time_source=device_synced;device_timestamp_utc=2026-07-28T12:10:20.483Z;config_id=257fa022;rssi=-61;uptime_s=597510;heap=195908;cal_tier=channel-cal;cal_src=wet_rederive_1236_20260719;pressure_context_source=weather_openmeteo;transport=wifi_poll,
plants.soil,2026-07-28T12:10:42.971Z,2026-07-28 07:10:42.971,25863,6762df,y9d41p,0.7.3,fleet_logger_0_1,597510041,UMLIFE_v2_TLC555,ch2,origplant,soil_moisture,1355,,,OK,,,985.3,,name=classic;level=overwatered;role=disp;spread=38;gpio=34;device_seq=79666;time_source=device_synced;device_timestamp_utc=2026-07-28T12:10:20.483Z;config_id=257fa022;rssi=-61;uptime_s=597510;heap=195908;cal_tier=channel-cal;cal_src=wet_rederive_1236_20260719;pressure_context_source=weather_openmeteo;transport=wifi_poll,
plants.soil,2026-07-28T12:10:42.971Z,2026-07-28 07:10:42.971,25864,6762df,y9d41p,0.7.3,fleet_logger_0_1,597510041,UMLIFE_v2_TLC555,ch3,origplant,soil_moisture,1430,,,OK,,,985.3,,name=classic;level=well watered;role=disp;spread=23;gpio=35;device_seq=79667;time_source=device_synced;device_timestamp_utc=2026-07-28T12:10:20.483Z;config_id=257fa022;rssi=-61;uptime_s=597510;heap=195908;cal_tier=channel-cal;cal_src=wet_rederive_1236_20260719;pressure_context_source=weather_openmeteo;transport=wifi_poll,
plants.env,2026-07-28T12:10:42.971Z,2026-07-28 07:10:42.971,25865,6762df,y9d41p,0.7.3,fleet_logger_0_1,597510797,ESP32,esp32_die,on_chip,die_temp,,53.33,degC,OK,,,,,name=classic;source=esp32_die;cal=uncalibrated_board_proxy;api=temperatureRead;config_id=257fa022;transport=wifi_poll,
plants.soil,2026-07-28T12:11:13.765Z,2026-07-28 07:11:13.765,25866,6762df,y9d41p,0.7.3,fleet_logger_0_1,597540041,UMLIFE_v2_TLC555,ch0,origplant,soil_moisture,1562,,,OK,,,985.3,,name=classic;level=well watered;role=disp;spread=33;gpio=36;device_seq=79668;time_source=device_synced;device_timestamp_utc=2026-07-28T12:10:50.483Z;config_id=257fa022;rssi=-62;uptime_s=597540;heap=195908;cal_tier=channel-cal;cal_src=wet_rederive_1236_20260719;pressure_context_source=weather_openmeteo;transport=wifi_poll,
plants.soil,2026-07-28T12:11:13.765Z,2026-07-28 07:11:13.765,25867,6762df,y9d41p,0.7.3,fleet_logger_0_1,597540041,UMLIFE_v2_TLC555,ch1,origplant,soil_moisture,1699,,,OK,,,985.3,,name=classic;level=OK;role=disp;spread=29;gpio=39;device_seq=79669;time_source=device_synced;device_timestamp_utc=2026-07-28T12:10:50.483Z;config_id=257fa022;rssi=-62;uptime_s=597540;heap=195908;cal_tier=channel-cal;cal_src=wet_rederive_1236_20260719;pressure_context_source=weather_openmeteo;transport=wifi_poll,
plants.soil,2026-07-28T12:11:13.765Z,2026-07-28 07:11:13.765,25868,6762df,y9d41p,0.7.3,fleet_logger_0_1,597540041,UMLIFE_v2_TLC555,ch2,origplant,soil_moisture,1352,,,OK,,,985.3,,name=classic;level=overwatered;role=disp;spread=58;gpio=34;device_seq=79670;time_source=device_synced;device_timestamp_utc=2026-07-28T12:10:50.483Z;config_id=257fa022;rssi=-62;uptime_s=597540;heap=195908;cal_tier=channel-cal;cal_src=wet_rederive_1236_20260719;pressure_context_source=weather_openmeteo;transport=wifi_poll,
plants.soil,2026-07-28T12:11:13.765Z,2026-07-28 07:11:13.765,25869,6762df,y9d41p,0.7.3,fleet_logger_0_1,597540041,UMLIFE_v2_TLC555,ch3,origplant,soil_moisture,1437,,,OK,,,985.3,,name=classic;level=well watered;role=disp;spread=33;gpio=35;device_seq=79671;time_source=device_synced;device_timestamp_utc=2026-07-28T12:10:50.483Z;config_id=257fa022;rssi=-62;uptime_s=597540;heap=195908;cal_tier=channel-cal;cal_src=wet_rederive_1236_20260719;pressure_context_source=weather_openmeteo;transport=wifi_poll,
plants.env,2026-07-28T12:11:13.765Z,2026-07-28 07:11:13.765,25870,6762df,y9d41p,0.7.3,fleet_logger_0_1,597540797,ESP32,esp32_die,on_chip,die_temp,,53.33,degC,OK,,,,,name=classic;source=esp32_die;cal=uncalibrated_board_proxy;api=temperatureRead;config_id=257fa022;transport=wifi_poll,
plants.soil,2026-07-28T12:12:16.897Z,2026-07-28 07:12:16.897,25871,6762df,y9d41p,0.7.3,fleet_logger_0_1,597600041,UMLIFE_v2_TLC555,ch0,origplant,soil_moisture,1568,,,OK,,,985.3,,name=classic;level=well watered;role=disp;spread=24;gpio=36;device_seq=79676;time_source=device_synced;device_timestamp_utc=2026-07-28T12:11:50.483Z;config_id=257fa022;rssi=-61;uptime_s=597600;heap=195492;cal_tier=channel-cal;cal_src=wet_rederive_1236_20260719;pressure_context_source=weather_openmeteo;transport=wifi_poll,
plants.soil,2026-07-28T12:12:16.897Z,2026-07-28 07:12:16.897,25872,6762df,y9d41p,0.7.3,fleet_logger_0_1,597600041,UMLIFE_v2_TLC555,ch1,origplant,soil_moisture,1711,,,OK,,,985.3,,name=classic;level=OK;role=disp;spread=10;gpio=39;device_seq=79677;time_source=device_synced;device_timestamp_utc=2026-07-28T12:11:50.483Z;config_id=257fa022;rssi=-61;uptime_s=597600;heap=195492;cal_tier=channel-cal;cal_src=wet_rederive_1236_20260719;pressure_context_source=weather_openmeteo;transport=wifi_poll,
plants.soil,2026-07-28T12:12:16.897Z,2026-07-28 07:12:16.897,25873,6762df,y9d41p,0.7.3,fleet_logger_0_1,597600041,UMLIFE_v2_TLC555,ch2,origplant,soil_moisture,1356,,,OK,,,985.3,,name=classic;level=overwatered;role=disp;spread=32;gpio=34;device_seq=79678;time_source=device_synced;device_timestamp_utc=2026-07-28T12:11:50.483Z;config_id=257fa022;rssi=-61;uptime_s=597600;heap=195492;cal_tier=channel-cal;cal_src=wet_rederive_1236_20260719;pressure_context_source=weather_openmeteo;transport=wifi_poll,
plants.soil,2026-07-28T12:12:16.897Z,2026-07-28 07:12:16.897,25874,6762df,y9d41p,0.7.3,fleet_logger_0_1,597600041,UMLIFE_v2_TLC555,ch3,origplant,soil_moisture,1433,,,OK,,,985.3,,name=classic;level=well watered;role=disp;spread=16;gpio=35;device_seq=79679;time_source=device_synced;device_timestamp_utc=2026-07-28T12:11:50.483Z;config_id=257fa022;rssi=-61;uptime_s=597600;heap=195492;cal_tier=channel-cal;cal_src=wet_rederive_1236_20260719;pressure_context_source=weather_openmeteo;transport=wifi_poll,
plants.env,2026-07-28T12:12:16.897Z,2026-07-28 07:12:16.897,25875,6762df,y9d41p,0.7.3,fleet_logger_0_1,597601862,ESP32,esp32_die,on_chip,die_temp,,53.33,degC,OK,,,,,name=classic;source=esp32_die;cal=uncalibrated_board_proxy;api=temperatureRead;config_id=257fa022;transport=wifi_poll,
plants.soil,2026-07-28T12:12:47.358Z,2026-07-28 07:12:47.358,25876,6762df,y9d41p,0.7.3,fleet_logger_0_1,597630041,UMLIFE_v2_TLC555,ch0,origplant,soil_moisture,1562,,,OK,,,985.3,,name=classic;level=well watered;role=disp;spread=18;gpio=36;device_seq=79680;time_source=device_synced;device_timestamp_utc=2026-07-28T12:12:20.483Z;config_id=257fa022;rssi=-62;uptime_s=597630;heap=196168;cal_tier=channel-cal;cal_src=wet_rederive_1236_20260719;pressure_context_source=weather_openmeteo;transport=wifi_poll,
plants.soil,2026-07-28T12:12:47.358Z,2026-07-28 07:12:47.358,25877,6762df,y9d41p,0.7.3,fleet_logger_0_1,597630041,UMLIFE_v2_TLC555,ch1,origplant,soil_moisture,1700,,,OK,,,985.3,,name=classic;level=OK;role=disp;spread=29;gpio=39;device_seq=79681;time_source=device_synced;device_timestamp_utc=2026-07-28T12:12:20.483Z;config_id=257fa022;rssi=-62;uptime_s=597630;heap=196168;cal_tier=channel-cal;cal_src=wet_rederive_1236_20260719;pressure_context_source=weather_openmeteo;transport=wifi_poll,
plants.soil,2026-07-28T12:12:47.358Z,2026-07-28 07:12:47.358,25878,6762df,y9d41p,0.7.3,fleet_logger_0_1,597630041,UMLIFE_v2_TLC555,ch2,origplant,soil_moisture,1356,,,OK,,,985.3,,name=classic;level=overwatered;role=disp;spread=49;gpio=34;device_seq=79682;time_source=device_synced;device_timestamp_utc=2026-07-28T12:12:20.483Z;config_id=257fa022;rssi=-62;uptime_s=597630;heap=196168;cal_tier=channel-cal;cal_src=wet_rederive_1236_20260719;pressure_context_source=weather_openmeteo;transport=wifi_poll,
plants.soil,2026-07-28T12:12:47.358Z,2026-07-28 07:12:47.358,25879,6762df,y9d41p,0.7.3,fleet_logger_0_1,597630041,UMLIFE_v2_TLC555,ch3,origplant,soil_moisture,1433,,,OK,,,985.3,,name=classic;level=well watered;role=disp;spread=5;gpio=35;device_seq=79683;time_source=device_synced;device_timestamp_utc=2026-07-28T12:12:20.483Z;config_id=257fa022;rssi=-62;uptime_s=597630;heap=196168;cal_tier=channel-cal;cal_src=wet_rederive_1236_20260719;pressure_context_source=weather_openmeteo;transport=wifi_poll,
plants.env,2026-07-28T12:12:47.358Z,2026-07-28 07:12:47.358,25880,6762df,y9d41p,0.7.3,fleet_logger_0_1,597630797,ESP32,esp32_die,on_chip,die_temp,,53.33,degC,OK,,,,,name=classic;source=esp32_die;cal=uncalibrated_board_proxy;api=temperatureRead;config_id=257fa022;transport=wifi_poll,
plants.soil,2026-07-28T12:13:17.872Z,2026-07-28 07:13:17.872,25881,6762df,y9d41p,0.7.3,fleet_logger_0_1,597660041,UMLIFE_v2_TLC555,ch0,origplant,soil_moisture,1570,,,OK,,,985.3,,name=classic;level=well watered;role=disp;spread=53;gpio=36;device_seq=79684;time_source=device_synced;device_timestamp_utc=2026-07-28T12:12:50.483Z;config_id=257fa022;rssi=-61;uptime_s=597660;heap=196168;cal_tier=channel-cal;cal_src=wet_rederive_1236_20260719;pressure_context_source=weather_openmeteo;transport=wifi_poll,
plants.soil,2026-07-28T12:13:17.872Z,2026-07-28 07:13:17.872,25882,6762df,y9d41p,0.7.3,fleet_logger_0_1,597660041,UMLIFE_v2_TLC555,ch1,origplant,soil_moisture,1702,,,OK,,,985.3,,name=classic;level=OK;role=disp;spread=55;gpio=39;device_seq=79685;time_source=device_synced;device_timestamp_utc=2026-07-28T12:12:50.483Z;config_id=257fa022;rssi=-61;uptime_s=597660;heap=196168;cal_tier=channel-cal;cal_src=wet_rederive_1236_20260719;pressure_context_source=weather_openmeteo;transport=wifi_poll,
plants.soil,2026-07-28T12:13:17.872Z,2026-07-28 07:13:17.872,25883,6762df,y9d41p,0.7.3,fleet_logger_0_1,597660041,UMLIFE_v2_TLC555,ch2,origplant,soil_moisture,1352,,,OK,,,985.3,,name=classic;level=overwatered;role=disp;spread=26;gpio=34;device_seq=79686;time_source=device_synced;device_timestamp_utc=2026-07-28T12:12:50.483Z;config_id=257fa022;rssi=-61;uptime_s=597660;heap=196168;cal_tier=channel-cal;cal_src=wet_rederive_1236_20260719;pressure_context_source=weather_openmeteo;transport=wifi_poll,
plants.soil,2026-07-28T12:13:17.872Z,2026-07-28 07:13:17.872,25884,6762df,y9d41p,0.7.3,fleet_logger_0_1,597660041,UMLIFE_v2_TLC555,ch3,origplant,soil_moisture,1439,,,OK,,,985.3,,name=classic;level=well watered;role=disp;spread=21;gpio=35;device_seq=79687;time_source=device_synced;device_timestamp_utc=2026-07-28T12:12:50.483Z;config_id=257fa022;rssi=-61;uptime_s=597660;heap=196168;cal_tier=channel-cal;cal_src=wet_rederive_1236_20260719;pressure_context_source=weather_openmeteo;transport=wifi_poll,
plants.env,2026-07-28T12:13:17.872Z,2026-07-28 07:13:17.872,25885,6762df,y9d41p,0.7.3,fleet_logger_0_1,597660796,ESP32,esp32_die,on_chip,die_temp,,53.33,degC,OK,,,,,name=classic;source=esp32_die;cal=uncalibrated_board_proxy;api=temperatureRead;config_id=257fa022;transport=wifi_poll,
plants.soil,2026-07-28T12:13:48.591Z,2026-07-28 07:13:48.591,25886,6762df,y9d41p,0.7.3,fleet_logger_0_1,597690041,UMLIFE_v2_TLC555,ch0,origplant,soil_moisture,1570,,,OK,,,985.3,,name=classic;level=well watered;role=disp;spread=19;gpio=36;device_seq=79688;time_source=device_synced;device_timestamp_utc=2026-07-28T12:13:20.483Z;config_id=257fa022;rssi=-62;uptime_s=597690;heap=196156;cal_tier=channel-cal;cal_src=wet_rederive_1236_20260719;pressure_context_source=weather_openmeteo;transport=wifi_poll,
plants.soil,2026-07-28T12:13:48.591Z,2026-07-28 07:13:48.591,25887,6762df,y9d41p,0.7.3,fleet_logger_0_1,597690041,UMLIFE_v2_TLC555,ch1,origplant,soil_moisture,1703,,,OK,,,985.3,,name=classic;level=OK;role=disp;spread=29;gpio=39;device_seq=79689;time_source=device_synced;device_timestamp_utc=2026-07-28T12:13:20.483Z;config_id=257fa022;rssi=-62;uptime_s=597690;heap=196156;cal_tier=channel-cal;cal_src=wet_rederive_1236_20260719;pressure_context_source=weather_openmeteo;transport=wifi_poll,
plants.soil,2026-07-28T12:13:48.591Z,2026-07-28 07:13:48.591,25888,6762df,y9d41p,0.7.3,fleet_logger_0_1,597690041,UMLIFE_v2_TLC555,ch2,origplant,soil_moisture,1353,,,OK,,,985.3,,name=classic;level=overwatered;role=disp;spread=32;gpio=34;device_seq=79690;time_source=device_synced;device_timestamp_utc=2026-07-28T12:13:20.483Z;config_id=257fa022;rssi=-62;uptime_s=597690;heap=196156;cal_tier=channel-cal;cal_src=wet_rederive_1236_20260719;pressure_context_source=weather_openmeteo;transport=wifi_poll,
plants.soil,2026-07-28T12:13:48.591Z,2026-07-28 07:13:48.591,25889,6762df,y9d41p,0.7.3,fleet_logger_0_1,597690041,UMLIFE_v2_TLC555,ch3,origplant,soil_moisture,1439,,,OK,,,985.3,,name=classic;level=well watered;role=disp;spread=24;gpio=35;device_seq=79691;time_source=device_synced;device_timestamp_utc=2026-07-28T12:13:20.483Z;config_id=257fa022;rssi=-62;uptime_s=597690;heap=196156;cal_tier=channel-cal;cal_src=wet_rederive_1236_20260719;pressure_context_source=weather_openmeteo;transport=wifi_poll,
plants.env,2026-07-28T12:13:48.591Z,2026-07-28 07:13:48.591,25890,6762df,y9d41p,0.7.3,fleet_logger_0_1,597690796,ESP32,esp32_die,on_chip,die_temp,,53.33,degC,OK,,,,,name=classic;source=esp32_die;cal=uncalibrated_board_proxy;api=temperatureRead;config_id=257fa022;transport=wifi_poll,
plants.soil,2026-07-28T12:14:18.939Z,2026-07-28 07:14:18.939,25891,6762df,y9d41p,0.7.3,fleet_logger_0_1,597720041,UMLIFE_v2_TLC555,ch0,origplant,soil_moisture,1569,,,OK,,,985.3,,name=classic;level=well watered;role=disp;spread=36;gpio=36;device_seq=79692;time_source=device_synced;device_timestamp_utc=2026-07-28T12:13:50.483Z;config_id=257fa022;rssi=-61;uptime_s=597720;heap=195896;cal_tier=channel-cal;cal_src=wet_rederive_1236_20260719;pressure_context_source=weather_openmeteo;transport=wifi_poll,
plants.soil,2026-07-28T12:14:18.939Z,2026-07-28 07:14:18.939,25892,6762df,y9d41p,0.7.3,fleet_logger_0_1,597720041,UMLIFE_v2_TLC555,ch1,origplant,soil_moisture,1702,,,OK,,,985.3,,name=classic;level=OK;role=disp;spread=51;gpio=39;device_seq=79693;time_source=device_synced;device_timestamp_utc=2026-07-28T12:13:50.483Z;config_id=257fa022;rssi=-61;uptime_s=597720;heap=195896;cal_tier=channel-cal;cal_src=wet_rederive_1236_20260719;pressure_context_source=weather_openmeteo;transport=wifi_poll,
plants.soil,2026-07-28T12:14:18.939Z,2026-07-28 07:14:18.939,25893,6762df,y9d41p,0.7.3,fleet_logger_0_1,597720041,UMLIFE_v2_TLC555,ch2,origplant,soil_moisture,1353,,,OK,,,985.3,,name=classic;level=overwatered;role=disp;spread=27;gpio=34;device_seq=79694;time_source=device_synced;device_timestamp_utc=2026-07-28T12:13:50.483Z;config_id=257fa022;rssi=-61;uptime_s=597720;heap=195896;cal_tier=channel-cal;cal_src=wet_rederive_1236_20260719;pressure_context_source=weather_openmeteo;transport=wifi_poll,
plants.soil,2026-07-28T12:14:18.939Z,2026-07-28 07:14:18.939,25894,6762df,y9d41p,0.7.3,fleet_logger_0_1,597720041,UMLIFE_v2_TLC555,ch3,origplant,soil_moisture,1440,,,OK,,,985.3,,name=classic;level=well watered;role=disp;spread=19;gpio=35;device_seq=79695;time_source=device_synced;device_timestamp_utc=2026-07-28T12:13:50.483Z;config_id=257fa022;rssi=-61;uptime_s=597720;heap=195896;cal_tier=channel-cal;cal_src=wet_rederive_1236_20260719;pressure_context_source=weather_openmeteo;transport=wifi_poll,
plants.env,2026-07-28T12:14:18.939Z,2026-07-28 07:14:18.939,25895,6762df,y9d41p,0.7.3,fleet_logger_0_1,597720796,ESP32,esp32_die,on_chip,die_temp,,53.33,degC,OK,,,,,name=classic;source=esp32_die;cal=uncalibrated_board_proxy;api=temperatureRead;config_id=257fa022;transport=wifi_poll,
plants.soil,2026-07-28T12:14:49.278Z,2026-07-28 07:14:49.278,25896,6762df,y9d41p,0.7.3,fleet_logger_0_1,597750041,UMLIFE_v2_TLC555,ch0,origplant,soil_moisture,1589,,,OK,,,985.3,,name=classic;level=well watered;role=disp;spread=22;gpio=36;device_seq=79696;time_source=device_synced;device_timestamp_utc=2026-07-28T12:14:20.483Z;config_id=257fa022;rssi=-62;uptime_s=597750;heap=195632;cal_tier=channel-cal;cal_src=wet_rederive_1236_20260719;pressure_context_source=weather_openmeteo;transport=wifi_poll,
plants.soil,2026-07-28T12:14:49.278Z,2026-07-28 07:14:49.278,25897,6762df,y9d41p,0.7.3,fleet_logger_0_1,597750041,UMLIFE_v2_TLC555,ch1,origplant,soil_moisture,1718,,,OK,,,985.3,,name=classic;level=OK;role=disp;spread=17;gpio=39;device_seq=79697;time_source=device_synced;device_timestamp_utc=2026-07-28T12:14:20.483Z;config_id=257fa022;rssi=-62;uptime_s=597750;heap=195632;cal_tier=channel-cal;cal_src=wet_rederive_1236_20260719;pressure_context_source=weather_openmeteo;transport=wifi_poll,
plants.soil,2026-07-28T12:14:49.278Z,2026-07-28 07:14:49.278,25898,6762df,y9d41p,0.7.3,fleet_logger_0_1,597750041,UMLIFE_v2_TLC555,ch2,origplant,soil_moisture,1378,,,OK,,,985.3,,name=classic;level=overwatered;role=disp;spread=51;gpio=34;device_seq=79698;time_source=device_synced;device_timestamp_utc=2026-07-28T12:14:20.483Z;config_id=257fa022;rssi=-62;uptime_s=597750;heap=195632;cal_tier=channel-cal;cal_src=wet_rederive_1236_20260719;pressure_context_source=weather_openmeteo;transport=wifi_poll,
plants.soil,2026-07-28T12:14:49.278Z,2026-07-28 07:14:49.278,25899,6762df,y9d41p,0.7.3,fleet_logger_0_1,597750041,UMLIFE_v2_TLC555,ch3,origplant,soil_moisture,1465,,,OK,,,985.3,,name=classic;level=well watered;role=disp;spread=20;gpio=35;device_seq=79699;time_source=device_synced;device_timestamp_utc=2026-07-28T12:14:20.483Z;config_id=257fa022;rssi=-62;uptime_s=597750;heap=195632;cal_tier=channel-cal;cal_src=wet_rederive_1236_20260719;pressure_context_source=weather_openmeteo;transport=wifi_poll,
plants.env,2026-07-28T12:14:49.278Z,2026-07-28 07:14:49.278,25900,6762df,y9d41p,0.7.3,fleet_logger_0_1,597750796,ESP32,esp32_die,on_chip,die_temp,,53.33,degC,OK,,,,,name=classic;source=esp32_die;cal=uncalibrated_board_proxy;api=temperatureRead;config_id=257fa022;transport=wifi_poll,
plants.soil,2026-07-28T12:15:19.680Z,2026-07-28 07:15:19.680,25901,6762df,y9d41p,0.7.3,fleet_logger_0_1,597780041,UMLIFE_v2_TLC555,ch0,origplant,soil_moisture,1568,,,OK,,,985.3,,name=classic;level=well watered;role=disp;spread=50;gpio=36;device_seq=79700;time_source=device_synced;device_timestamp_utc=2026-07-28T12:14:50.483Z;config_id=257fa022;rssi=-61;uptime_s=597780;heap=195632;cal_tier=channel-cal;cal_src=wet_rederive_1236_20260719;pressure_context_source=weather_openmeteo;transport=wifi_poll,
plants.soil,2026-07-28T12:15:19.680Z,2026-07-28 07:15:19.680,25902,6762df,y9d41p,0.7.3,fleet_logger_0_1,597780041,UMLIFE_v2_TLC555,ch1,origplant,soil_moisture,1697,,,OK,,,985.3,,name=classic;level=OK;role=disp;spread=58;gpio=39;device_seq=79701;time_source=device_synced;device_timestamp_utc=2026-07-28T12:14:50.483Z;config_id=257fa022;rssi=-61;uptime_s=597780;heap=195632;cal_tier=channel-cal;cal_src=wet_rederive_1236_20260719;pressure_context_source=weather_openmeteo;transport=wifi_poll,
plants.soil,2026-07-28T12:15:19.680Z,2026-07-28 07:15:19.680,25903,6762df,y9d41p,0.7.3,fleet_logger_0_1,597780041,UMLIFE_v2_TLC555,ch2,origplant,soil_moisture,1353,,,OK,,,985.3,,name=classic;level=overwatered;role=disp;spread=24;gpio=34;device_seq=79702;time_source=device_synced;device_timestamp_utc=2026-07-28T12:14:50.483Z;config_id=257fa022;rssi=-61;uptime_s=597780;heap=195632;cal_tier=channel-cal;cal_src=wet_rederive_1236_20260719;pressure_context_source=weather_openmeteo;transport=wifi_poll,
plants.soil,2026-07-28T12:15:19.680Z,2026-07-28 07:15:19.680,25904,6762df,y9d41p,0.7.3,fleet_logger_0_1,597780041,UMLIFE_v2_TLC555,ch3,origplant,soil_moisture,1443,,,OK,,,985.3,,name=classic;level=well watered;role=disp;spread=21;gpio=35;device_seq=79703;time_source=device_synced;device_timestamp_utc=2026-07-28T12:14:50.483Z;config_id=257fa022;rssi=-61;uptime_s=597780;heap=195632;cal_tier=channel-cal;cal_src=wet_rederive_1236_20260719;pressure_context_source=weather_openmeteo;transport=wifi_poll,
plants.env,2026-07-28T12:15:19.680Z,2026-07-28 07:15:19.680,25905,6762df,y9d41p,0.7.3,fleet_logger_0_1,597780796,ESP32,esp32_die,on_chip,die_temp,,53.89,degC,OK,,,,,name=classic;source=esp32_die;cal=uncalibrated_board_proxy;api=temperatureRead;config_id=257fa022;transport=wifi_poll,
plants.soil,2026-07-28T12:15:50.159Z,2026-07-28 07:15:50.159,25906,6762df,y9d41p,0.7.3,fleet_logger_0_1,597810041,UMLIFE_v2_TLC555,ch0,origplant,soil_moisture,1589,,,OK,,,985.3,,name=classic;level=well watered;role=disp;spread=20;gpio=36;device_seq=79704;time_source=device_synced;device_timestamp_utc=2026-07-28T12:15:20.483Z;config_id=257fa022;rssi=-61;uptime_s=597810;heap=195892;cal_tier=channel-cal;cal_src=wet_rederive_1236_20260719;pressure_context_source=weather_openmeteo;transport=wifi_poll,
plants.soil,2026-07-28T12:15:50.159Z,2026-07-28 07:15:50.159,25907,6762df,y9d41p,0.7.3,fleet_logger_0_1,597810041,UMLIFE_v2_TLC555,ch1,origplant,soil_moisture,1724,,,OK,,,985.3,,name=classic;level=OK;role=disp;spread=24;gpio=39;device_seq=79705;time_source=device_synced;device_timestamp_utc=2026-07-28T12:15:20.483Z;config_id=257fa022;rssi=-61;uptime_s=597810;heap=195892;cal_tier=channel-cal;cal_src=wet_rederive_1236_20260719;pressure_context_source=weather_openmeteo;transport=wifi_poll,
plants.soil,2026-07-28T12:15:50.159Z,2026-07-28 07:15:50.159,25908,6762df,y9d41p,0.7.3,fleet_logger_0_1,597810041,UMLIFE_v2_TLC555,ch2,origplant,soil_moisture,1372,,,OK,,,985.3,,name=classic;level=overwatered;role=disp;spread=34;gpio=34;device_seq=79706;time_source=device_synced;device_timestamp_utc=2026-07-28T12:15:20.483Z;config_id=257fa022;rssi=-61;uptime_s=597810;heap=195892;cal_tier=channel-cal;cal_src=wet_rederive_1236_20260719;pressure_context_source=weather_openmeteo;transport=wifi_poll,
plants.soil,2026-07-28T12:15:50.159Z,2026-07-28 07:15:50.159,25909,6762df,y9d41p,0.7.3,fleet_logger_0_1,597810041,UMLIFE_v2_TLC555,ch3,origplant,soil_moisture,1459,,,OK,,,985.3,,name=classic;level=well watered;role=disp;spread=28;gpio=35;device_seq=79707;time_source=device_synced;device_timestamp_utc=2026-07-28T12:15:20.483Z;config_id=257fa022;rssi=-61;uptime_s=597810;heap=195892;cal_tier=channel-cal;cal_src=wet_rederive_1236_20260719;pressure_context_source=weather_openmeteo;transport=wifi_poll,
plants.env,2026-07-28T12:15:50.159Z,2026-07-28 07:15:50.159,25910,6762df,y9d41p,0.7.3,fleet_logger_0_1,597810796,ESP32,esp32_die,on_chip,die_temp,,53.33,degC,OK,,,,,name=classic;source=esp32_die;cal=uncalibrated_board_proxy;api=temperatureRead;config_id=257fa022;transport=wifi_poll,
plants.soil,2026-07-28T12:16:21.119Z,2026-07-28 07:16:21.119,25911,6762df,y9d41p,0.7.3,fleet_logger_0_1,597870041,UMLIFE_v2_TLC555,ch0,origplant,soil_moisture,1574,,,OK,,,985.3,,name=classic;level=well watered;role=disp;spread=8;gpio=36;device_seq=79712;time_source=device_synced;device_timestamp_utc=2026-07-28T12:16:20.483Z;config_id=257fa022;rssi=-61;uptime_s=597870;heap=196164;cal_tier=channel-cal;cal_src=wet_rederive_1236_20260719;pressure_context_source=weather_openmeteo;transport=wifi_poll,
plants.soil,2026-07-28T12:16:21.119Z,2026-07-28 07:16:21.119,25912,6762df,y9d41p,0.7.3,fleet_logger_0_1,597870041,UMLIFE_v2_TLC555,ch1,origplant,soil_moisture,1697,,,OK,,,985.3,,name=classic;level=OK;role=disp;spread=32;gpio=39;device_seq=79713;time_source=device_synced;device_timestamp_utc=2026-07-28T12:16:20.483Z;config_id=257fa022;rssi=-61;uptime_s=597870;heap=196164;cal_tier=channel-cal;cal_src=wet_rederive_1236_20260719;pressure_context_source=weather_openmeteo;transport=wifi_poll,
plants.soil,2026-07-28T12:16:21.119Z,2026-07-28 07:16:21.119,25913,6762df,y9d41p,0.7.3,fleet_logger_0_1,597870041,UMLIFE_v2_TLC555,ch2,origplant,soil_moisture,1356,,,OK,,,985.3,,name=classic;level=overwatered;role=disp;spread=50;gpio=34;device_seq=79714;time_source=device_synced;device_timestamp_utc=2026-07-28T12:16:20.483Z;config_id=257fa022;rssi=-61;uptime_s=597870;heap=196164;cal_tier=channel-cal;cal_src=wet_rederive_1236_20260719;pressure_context_source=weather_openmeteo;transport=wifi_poll,
plants.soil,2026-07-28T12:16:21.119Z,2026-07-28 07:16:21.119,25914,6762df,y9d41p,0.7.3,fleet_logger_0_1,597870041,UMLIFE_v2_TLC555,ch3,origplant,soil_moisture,1441,,,OK,,,985.3,,name=classic;level=well watered;role=disp;spread=19;gpio=35;device_seq=79715;time_source=device_synced;device_timestamp_utc=2026-07-28T12:16:20.483Z;config_id=257fa022;rssi=-61;uptime_s=597870;heap=196164;cal_tier=channel-cal;cal_src=wet_rederive_1236_20260719;pressure_context_source=weather_openmeteo;transport=wifi_poll,
plants.env,2026-07-28T12:16:21.119Z,2026-07-28 07:16:21.119,25915,6762df,y9d41p,0.7.3,fleet_logger_0_1,597870796,ESP32,esp32_die,on_chip,die_temp,,53.33,degC,OK,,,,,name=classic;source=esp32_die;cal=uncalibrated_board_proxy;api=temperatureRead;config_id=257fa022;transport=wifi_poll,
plants.soil,2026-07-28T12:16:51.583Z,2026-07-28 07:16:51.583,25916,6762df,y9d41p,0.7.3,fleet_logger_0_1,597900041,UMLIFE_v2_TLC555,ch0,origplant,soil_moisture,1569,,,OK,,,985.3,,name=classic;level=well watered;role=disp;spread=24;gpio=36;device_seq=79716;time_source=device_synced;device_timestamp_utc=2026-07-28T12:16:50.483Z;config_id=257fa022;rssi=-61;uptime_s=597900;heap=196168;cal_tier=channel-cal;cal_src=wet_rederive_1236_20260719;pressure_context_source=weather_openmeteo;transport=wifi_poll,
plants.soil,2026-07-28T12:16:51.583Z,2026-07-28 07:16:51.583,25917,6762df,y9d41p,0.7.3,fleet_logger_0_1,597900041,UMLIFE_v2_TLC555,ch1,origplant,soil_moisture,1701,,,OK,,,985.3,,name=classic;level=OK;role=disp;spread=39;gpio=39;device_seq=79717;time_source=device_synced;device_timestamp_utc=2026-07-28T12:16:50.483Z;config_id=257fa022;rssi=-61;uptime_s=597900;heap=196168;cal_tier=channel-cal;cal_src=wet_rederive_1236_20260719;pressure_context_source=weather_openmeteo;transport=wifi_poll,
plants.soil,2026-07-28T12:16:51.583Z,2026-07-28 07:16:51.583,25918,6762df,y9d41p,0.7.3,fleet_logger_0_1,597900041,UMLIFE_v2_TLC555,ch2,origplant,soil_moisture,1354,,,OK,,,985.3,,name=classic;level=overwatered;role=disp;spread=17;gpio=34;device_seq=79718;time_source=device_synced;device_timestamp_utc=2026-07-28T12:16:50.483Z;config_id=257fa022;rssi=-61;uptime_s=597900;heap=196168;cal_tier=channel-cal;cal_src=wet_rederive_1236_20260719;pressure_context_source=weather_openmeteo;transport=wifi_poll,
plants.soil,2026-07-28T12:16:51.583Z,2026-07-28 07:16:51.583,25919,6762df,y9d41p,0.7.3,fleet_logger_0_1,597900041,UMLIFE_v2_TLC555,ch3,origplant,soil_moisture,1436,,,OK,,,985.3,,name=classic;level=well watered;role=disp;spread=25;gpio=35;device_seq=79719;time_source=device_synced;device_timestamp_utc=2026-07-28T12:16:50.483Z;config_id=257fa022;rssi=-61;uptime_s=597900;heap=196168;cal_tier=channel-cal;cal_src=wet_rederive_1236_20260719;pressure_context_source=weather_openmeteo;transport=wifi_poll,
plants.env,2026-07-28T12:16:51.583Z,2026-07-28 07:16:51.583,25920,6762df,y9d41p,0.7.3,fleet_logger_0_1,597900796,ESP32,esp32_die,on_chip,die_temp,,53.33,degC,OK,,,,,name=classic;source=esp32_die;cal=uncalibrated_board_proxy;api=temperatureRead;config_id=257fa022;transport=wifi_poll,
plants.soil,2026-07-28T12:17:22.129Z,2026-07-28 07:17:22.129,25921,6762df,y9d41p,0.7.3,fleet_logger_0_1,597930041,UMLIFE_v2_TLC555,ch0,origplant,soil_moisture,1571,,,OK,,,985.3,,name=classic;level=well watered;role=disp;spread=60;gpio=36;device_seq=79720;time_source=device_synced;device_timestamp_utc=2026-07-28T12:17:20.483Z;config_id=257fa022;rssi=-72;uptime_s=597930;heap=195908;cal_tier=channel-cal;cal_src=wet_rederive_1236_20260719;pressure_context_source=weather_openmeteo;transport=wifi_poll,
plants.soil,2026-07-28T12:17:22.129Z,2026-07-28 07:17:22.129,25922,6762df,y9d41p,0.7.3,fleet_logger_0_1,597930041,UMLIFE_v2_TLC555,ch1,origplant,soil_moisture,1699,,,OK,,,985.3,,name=classic;level=OK;role=disp;spread=34;gpio=39;device_seq=79721;time_source=device_synced;device_timestamp_utc=2026-07-28T12:17:20.483Z;config_id=257fa022;rssi=-72;uptime_s=597930;heap=195908;cal_tier=channel-cal;cal_src=wet_rederive_1236_20260719;pressure_context_source=weather_openmeteo;transport=wifi_poll,
plants.soil,2026-07-28T12:17:22.129Z,2026-07-28 07:17:22.129,25923,6762df,y9d41p,0.7.3,fleet_logger_0_1,597930041,UMLIFE_v2_TLC555,ch2,origplant,soil_moisture,1355,,,OK,,,985.3,,name=classic;level=overwatered;role=disp;spread=39;gpio=34;device_seq=79722;time_source=device_synced;device_timestamp_utc=2026-07-28T12:17:20.483Z;config_id=257fa022;rssi=-72;uptime_s=597930;heap=195908;cal_tier=channel-cal;cal_src=wet_rederive_1236_20260719;pressure_context_source=weather_openmeteo;transport=wifi_poll,
plants.soil,2026-07-28T12:17:22.129Z,2026-07-28 07:17:22.129,25924,6762df,y9d41p,0.7.3,fleet_logger_0_1,597930041,UMLIFE_v2_TLC555,ch3,origplant,soil_moisture,1439,,,OK,,,985.3,,name=classic;level=well watered;role=disp;spread=22;gpio=35;device_seq=79723;time_source=device_synced;device_timestamp_utc=2026-07-28T12:17:20.483Z;config_id=257fa022;rssi=-72;uptime_s=597930;heap=195908;cal_tier=channel-cal;cal_src=wet_rederive_1236_20260719;pressure_context_source=weather_openmeteo;transport=wifi_poll,
plants.env,2026-07-28T12:17:22.129Z,2026-07-28 07:17:22.129,25925,6762df,y9d41p,0.7.3,fleet_logger_0_1,597930796,ESP32,esp32_die,on_chip,die_temp,,53.33,degC,OK,,,,,name=classic;source=esp32_die;cal=uncalibrated_board_proxy;api=temperatureRead;config_id=257fa022;transport=wifi_poll,
plants.soil,2026-07-28T12:17:52.567Z,2026-07-28 07:17:52.567,25926,6762df,y9d41p,0.7.3,fleet_logger_0_1,597960041,UMLIFE_v2_TLC555,ch0,origplant,soil_moisture,1571,,,OK,,,985.3,,name=classic;level=well watered;role=disp;spread=22;gpio=36;device_seq=79724;time_source=device_synced;device_timestamp_utc=2026-07-28T12:17:50.483Z;config_id=257fa022;rssi=-62;uptime_s=597960;heap=195636;cal_tier=channel-cal;cal_src=wet_rederive_1236_20260719;pressure_context_source=weather_openmeteo;transport=wifi_poll,
plants.soil,2026-07-28T12:17:52.567Z,2026-07-28 07:17:52.567,25927,6762df,y9d41p,0.7.3,fleet_logger_0_1,597960041,UMLIFE_v2_TLC555,ch1,origplant,soil_moisture,1703,,,OK,,,985.3,,name=classic;level=OK;role=disp;spread=29;gpio=39;device_seq=79725;time_source=device_synced;device_timestamp_utc=2026-07-28T12:17:50.483Z;config_id=257fa022;rssi=-62;uptime_s=597960;heap=195636;cal_tier=channel-cal;cal_src=wet_rederive_1236_20260719;pressure_context_source=weather_openmeteo;transport=wifi_poll,
plants.soil,2026-07-28T12:17:52.567Z,2026-07-28 07:17:52.567,25928,6762df,y9d41p,0.7.3,fleet_logger_0_1,597960041,UMLIFE_v2_TLC555,ch2,origplant,soil_moisture,1352,,,OK,,,985.3,,name=classic;level=overwatered;role=disp;spread=18;gpio=34;device_seq=79726;time_source=device_synced;device_timestamp_utc=2026-07-28T12:17:50.483Z;config_id=257fa022;rssi=-62;uptime_s=597960;heap=195636;cal_tier=channel-cal;cal_src=wet_rederive_1236_20260719;pressure_context_source=weather_openmeteo;transport=wifi_poll,
plants.soil,2026-07-28T12:17:52.567Z,2026-07-28 07:17:52.567,25929,6762df,y9d41p,0.7.3,fleet_logger_0_1,597960041,UMLIFE_v2_TLC555,ch3,origplant,soil_moisture,1433,,,OK,,,985.3,,name=classic;level=well watered;role=disp;spread=17;gpio=35;device_seq=79727;time_source=device_synced;device_timestamp_utc=2026-07-28T12:17:50.483Z;config_id=257fa022;rssi=-62;uptime_s=597960;heap=195636;cal_tier=channel-cal;cal_src=wet_rederive_1236_20260719;pressure_context_source=weather_openmeteo;transport=wifi_poll,
plants.env,2026-07-28T12:17:52.567Z,2026-07-28 07:17:52.567,25930,6762df,y9d41p,0.7.3,fleet_logger_0_1,597960796,ESP32,esp32_die,on_chip,die_temp,,53.33,degC,OK,,,,,name=classic;source=esp32_die;cal=uncalibrated_board_proxy;api=temperatureRead;config_id=257fa022;transport=wifi_poll,
plants.soil,2026-07-28T12:18:23.382Z,2026-07-28 07:18:23.382,25931,6762df,y9d41p,0.7.3,fleet_logger_0_1,597990041,UMLIFE_v2_TLC555,ch0,origplant,soil_moisture,1571,,,OK,,,985.3,,name=classic;level=well watered;role=disp;spread=24;gpio=36;device_seq=79728;time_source=device_synced;device_timestamp_utc=2026-07-28T12:18:20.483Z;config_id=257fa022;rssi=-62;uptime_s=597990;heap=195896;cal_tier=channel-cal;cal_src=wet_rederive_1236_20260719;pressure_context_source=weather_openmeteo;transport=wifi_poll,
plants.soil,2026-07-28T12:18:23.382Z,2026-07-28 07:18:23.382,25932,6762df,y9d41p,0.7.3,fleet_logger_0_1,597990041,UMLIFE_v2_TLC555,ch1,origplant,soil_moisture,1699,,,OK,,,985.3,,name=classic;level=OK;role=disp;spread=27;gpio=39;device_seq=79729;time_source=device_synced;device_timestamp_utc=2026-07-28T12:18:20.483Z;config_id=257fa022;rssi=-62;uptime_s=597990;heap=195896;cal_tier=channel-cal;cal_src=wet_rederive_1236_20260719;pressure_context_source=weather_openmeteo;transport=wifi_poll,
plants.soil,2026-07-28T12:18:23.382Z,2026-07-28 07:18:23.382,25933,6762df,y9d41p,0.7.3,fleet_logger_0_1,597990041,UMLIFE_v2_TLC555,ch2,origplant,soil_moisture,1357,,,OK,,,985.3,,name=classic;level=overwatered;role=disp;spread=24;gpio=34;device_seq=79730;time_source=device_synced;device_timestamp_utc=2026-07-28T12:18:20.483Z;config_id=257fa022;rssi=-62;uptime_s=597990;heap=195896;cal_tier=channel-cal;cal_src=wet_rederive_1236_20260719;pressure_context_source=weather_openmeteo;transport=wifi_poll,
plants.soil,2026-07-28T12:18:23.382Z,2026-07-28 07:18:23.382,25934,6762df,y9d41p,0.7.3,fleet_logger_0_1,597990041,UMLIFE_v2_TLC555,ch3,origplant,soil_moisture,1442,,,OK,,,985.3,,name=classic;level=well watered;role=disp;spread=31;gpio=35;device_seq=79731;time_source=device_synced;device_timestamp_utc=2026-07-28T12:18:20.483Z;config_id=257fa022;rssi=-62;uptime_s=597990;heap=195896;cal_tier=channel-cal;cal_src=wet_rederive_1236_20260719;pressure_context_source=weather_openmeteo;transport=wifi_poll,
plants.env,2026-07-28T12:18:23.382Z,2026-07-28 07:18:23.382,25935,6762df,y9d41p,0.7.3,fleet_logger_0_1,597990797,ESP32,esp32_die,on_chip,die_temp,,53.33,degC,OK,,,,,name=classic;source=esp32_die;cal=uncalibrated_board_proxy;api=temperatureRead;config_id=257fa022;transport=wifi_poll,
plants.soil,2026-07-28T12:18:54.564Z,2026-07-28 07:18:54.564,25936,6762df,y9d41p,0.7.3,fleet_logger_0_1,598020041,UMLIFE_v2_TLC555,ch0,origplant,soil_moisture,1565,,,OK,,,985.3,,name=classic;level=well watered;role=disp;spread=18;gpio=36;device_seq=79732;time_source=device_synced;device_timestamp_utc=2026-07-28T12:18:50.483Z;config_id=257fa022;rssi=-62;uptime_s=598020;heap=195896;cal_tier=channel-cal;cal_src=wet_rederive_1236_20260719;pressure_context_source=weather_openmeteo;transport=wifi_poll,
plants.soil,2026-07-28T12:18:54.564Z,2026-07-28 07:18:54.564,25937,6762df,y9d41p,0.7.3,fleet_logger_0_1,598020041,UMLIFE_v2_TLC555,ch1,origplant,soil_moisture,1703,,,OK,,,985.3,,name=classic;level=OK;role=disp;spread=20;gpio=39;device_seq=79733;time_source=device_synced;device_timestamp_utc=2026-07-28T12:18:50.483Z;config_id=257fa022;rssi=-62;uptime_s=598020;heap=195896;cal_tier=channel-cal;cal_src=wet_rederive_1236_20260719;pressure_context_source=weather_openmeteo;transport=wifi_poll,
plants.soil,2026-07-28T12:18:54.564Z,2026-07-28 07:18:54.564,25938,6762df,y9d41p,0.7.3,fleet_logger_0_1,598020041,UMLIFE_v2_TLC555,ch2,origplant,soil_moisture,1353,,,OK,,,985.3,,name=classic;level=overwatered;role=disp;spread=33;gpio=34;device_seq=79734;time_source=device_synced;device_timestamp_utc=2026-07-28T12:18:50.483Z;config_id=257fa022;rssi=-62;uptime_s=598020;heap=195896;cal_tier=channel-cal;cal_src=wet_rederive_1236_20260719;pressure_context_source=weather_openmeteo;transport=wifi_poll,
plants.soil,2026-07-28T12:18:54.564Z,2026-07-28 07:18:54.564,25939,6762df,y9d41p,0.7.3,fleet_logger_0_1,598020041,UMLIFE_v2_TLC555,ch3,origplant,soil_moisture,1433,,,OK,,,985.3,,name=classic;level=well watered;role=disp;spread=25;gpio=35;device_seq=79735;time_source=device_synced;device_timestamp_utc=2026-07-28T12:18:50.483Z;config_id=257fa022;rssi=-62;uptime_s=598020;heap=195896;cal_tier=channel-cal;cal_src=wet_rederive_1236_20260719;pressure_context_source=weather_openmeteo;transport=wifi_poll,
plants.env,2026-07-28T12:18:54.564Z,2026-07-28 07:18:54.564,25940,6762df,y9d41p,0.7.3,fleet_logger_0_1,598020796,ESP32,esp32_die,on_chip,die_temp,,53.33,degC,OK,,,,,name=classic;source=esp32_die;cal=uncalibrated_board_proxy;api=temperatureRead;config_id=257fa022;transport=wifi_poll,
plants.soil,2026-07-28T12:19:25.078Z,2026-07-28 07:19:25.078,25941,6762df,y9d41p,0.7.3,fleet_logger_0_1,598050041,UMLIFE_v2_TLC555,ch0,origplant,soil_moisture,1570,,,OK,,,985.3,,name=classic;level=well watered;role=disp;spread=44;gpio=36;device_seq=79736;time_source=device_synced;device_timestamp_utc=2026-07-28T12:19:20.483Z;config_id=257fa022;rssi=-60;uptime_s=598050;heap=195896;cal_tier=channel-cal;cal_src=wet_rederive_1236_20260719;pressure_context_source=weather_openmeteo;transport=wifi_poll,
plants.soil,2026-07-28T12:19:25.078Z,2026-07-28 07:19:25.078,25942,6762df,y9d41p,0.7.3,fleet_logger_0_1,598050041,UMLIFE_v2_TLC555,ch1,origplant,soil_moisture,1706,,,OK,,,985.3,,name=classic;level=OK;role=disp;spread=55;gpio=39;device_seq=79737;time_source=device_synced;device_timestamp_utc=2026-07-28T12:19:20.483Z;config_id=257fa022;rssi=-60;uptime_s=598050;heap=195896;cal_tier=channel-cal;cal_src=wet_rederive_1236_20260719;pressure_context_source=weather_openmeteo;transport=wifi_poll,
plants.soil,2026-07-28T12:19:25.078Z,2026-07-28 07:19:25.078,25943,6762df,y9d41p,0.7.3,fleet_logger_0_1,598050041,UMLIFE_v2_TLC555,ch2,origplant,soil_moisture,1356,,,OK,,,985.3,,name=classic;level=overwatered;role=disp;spread=30;gpio=34;device_seq=79738;time_source=device_synced;device_timestamp_utc=2026-07-28T12:19:20.483Z;config_id=257fa022;rssi=-60;uptime_s=598050;heap=195896;cal_tier=channel-cal;cal_src=wet_rederive_1236_20260719;pressure_context_source=weather_openmeteo;transport=wifi_poll,
plants.soil,2026-07-28T12:19:25.078Z,2026-07-28 07:19:25.078,25944,6762df,y9d41p,0.7.3,fleet_logger_0_1,598050041,UMLIFE_v2_TLC555,ch3,origplant,soil_moisture,1435,,,OK,,,985.3,,name=classic;level=well watered;role=disp;spread=19;gpio=35;device_seq=79739;time_source=device_synced;device_timestamp_utc=2026-07-28T12:19:20.483Z;config_id=257fa022;rssi=-60;uptime_s=598050;heap=195896;cal_tier=channel-cal;cal_src=wet_rederive_1236_20260719;pressure_context_source=weather_openmeteo;transport=wifi_poll,
plants.env,2026-07-28T12:19:25.078Z,2026-07-28 07:19:25.078,25945,6762df,y9d41p,0.7.3,fleet_logger_0_1,598050796,ESP32,esp32_die,on_chip,die_temp,,53.33,degC,OK,,,,,name=classic;source=esp32_die;cal=uncalibrated_board_proxy;api=temperatureRead;config_id=257fa022;transport=wifi_poll,
plants.soil,2026-07-28T12:19:55.723Z,2026-07-28 07:19:55.723,25946,6762df,y9d41p,0.7.3,fleet_logger_0_1,598080041,UMLIFE_v2_TLC555,ch0,origplant,soil_moisture,1572,,,OK,,,985.3,,name=classic;level=well watered;role=disp;spread=20;gpio=36;device_seq=79740;time_source=device_synced;device_timestamp_utc=2026-07-28T12:19:50.483Z;config_id=257fa022;rssi=-62;uptime_s=598080;heap=195896;cal_tier=channel-cal;cal_src=wet_rederive_1236_20260719;pressure_context_source=weather_openmeteo;transport=wifi_poll,
plants.soil,2026-07-28T12:19:55.723Z,2026-07-28 07:19:55.723,25947,6762df,y9d41p,0.7.3,fleet_logger_0_1,598080041,UMLIFE_v2_TLC555,ch1,origplant,soil_moisture,1698,,,OK,,,985.3,,name=classic;level=OK;role=disp;spread=31;gpio=39;device_seq=79741;time_source=device_synced;device_timestamp_utc=2026-07-28T12:19:50.483Z;config_id=257fa022;rssi=-62;uptime_s=598080;heap=195896;cal_tier=channel-cal;cal_src=wet_rederive_1236_20260719;pressure_context_source=weather_openmeteo;transport=wifi_poll,
plants.soil,2026-07-28T12:19:55.723Z,2026-07-28 07:19:55.723,25948,6762df,y9d41p,0.7.3,fleet_logger_0_1,598080041,UMLIFE_v2_TLC555,ch2,origplant,soil_moisture,1353,,,OK,,,985.3,,name=classic;level=overwatered;role=disp;spread=50;gpio=34;device_seq=79742;time_source=device_synced;device_timestamp_utc=2026-07-28T12:19:50.483Z;config_id=257fa022;rssi=-62;uptime_s=598080;heap=195896;cal_tier=channel-cal;cal_src=wet_rederive_1236_20260719;pressure_context_source=weather_openmeteo;transport=wifi_poll,
plants.soil,2026-07-28T12:19:55.723Z,2026-07-28 07:19:55.723,25949,6762df,y9d41p,0.7.3,fleet_logger_0_1,598080041,UMLIFE_v2_TLC555,ch3,origplant,soil_moisture,1441,,,OK,,,985.3,,name=classic;level=well watered;role=disp;spread=27;gpio=35;device_seq=79743;time_source=device_synced;device_timestamp_utc=2026-07-28T12:19:50.483Z;config_id=257fa022;rssi=-62;uptime_s=598080;heap=195896;cal_tier=channel-cal;cal_src=wet_rederive_1236_20260719;pressure_context_source=weather_openmeteo;transport=wifi_poll,
plants.env,2026-07-28T12:19:55.723Z,2026-07-28 07:19:55.723,25950,6762df,y9d41p,0.7.3,fleet_logger_0_1,598080796,ESP32,esp32_die,on_chip,die_temp,,53.89,degC,OK,,,,,name=classic;source=esp32_die;cal=uncalibrated_board_proxy;api=temperatureRead;config_id=257fa022;transport=wifi_poll,
plants.soil,2026-07-28T12:20:26.159Z,2026-07-28 07:20:26.159,25951,6762df,y9d41p,0.7.3,fleet_logger_0_1,598110041,UMLIFE_v2_TLC555,ch0,origplant,soil_moisture,1571,,,OK,,,985.3,,name=classic;level=well watered;role=disp;spread=20;gpio=36;device_seq=79744;time_source=device_synced;device_timestamp_utc=2026-07-28T12:20:20.483Z;config_id=257fa022;rssi=-61;uptime_s=598110;heap=195648;cal_tier=channel-cal;cal_src=wet_rederive_1236_20260719;pressure_context_source=weather_openmeteo;transport=wifi_poll,
plants.soil,2026-07-28T12:20:26.159Z,2026-07-28 07:20:26.159,25952,6762df,y9d41p,0.7.3,fleet_logger_0_1,598110041,UMLIFE_v2_TLC555,ch1,origplant,soil_moisture,1701,,,OK,,,985.3,,name=classic;level=OK;role=disp;spread=32;gpio=39;device_seq=79745;time_source=device_synced;device_timestamp_utc=2026-07-28T12:20:20.483Z;config_id=257fa022;rssi=-61;uptime_s=598110;heap=195648;cal_tier=channel-cal;cal_src=wet_rederive_1236_20260719;pressure_context_source=weather_openmeteo;transport=wifi_poll,
plants.soil,2026-07-28T12:20:26.159Z,2026-07-28 07:20:26.159,25953,6762df,y9d41p,0.7.3,fleet_logger_0_1,598110041,UMLIFE_v2_TLC555,ch2,origplant,soil_moisture,1362,,,OK,,,985.3,,name=classic;level=overwatered;role=disp;spread=36;gpio=34;device_seq=79746;time_source=device_synced;device_timestamp_utc=2026-07-28T12:20:20.483Z;config_id=257fa022;rssi=-61;uptime_s=598110;heap=195648;cal_tier=channel-cal;cal_src=wet_rederive_1236_20260719;pressure_context_source=weather_openmeteo;transport=wifi_poll,
plants.soil,2026-07-28T12:20:26.159Z,2026-07-28 07:20:26.159,25954,6762df,y9d41p,0.7.3,fleet_logger_0_1,598110041,UMLIFE_v2_TLC555,ch3,origplant,soil_moisture,1439,,,OK,,,985.3,,name=classic;level=well watered;role=disp;spread=20;gpio=35;device_seq=79747;time_source=device_synced;device_timestamp_utc=2026-07-28T12:20:20.483Z;config_id=257fa022;rssi=-61;uptime_s=598110;heap=195648;cal_tier=channel-cal;cal_src=wet_rederive_1236_20260719;pressure_context_source=weather_openmeteo;transport=wifi_poll,
plants.env,2026-07-28T12:20:26.159Z,2026-07-28 07:20:26.159,25955,6762df,y9d41p,0.7.3,fleet_logger_0_1,598110796,ESP32,esp32_die,on_chip,die_temp,,53.89,degC,OK,,,,,name=classic;source=esp32_die;cal=uncalibrated_board_proxy;api=temperatureRead;config_id=257fa022;transport=wifi_poll,
plants.soil,2026-07-28T12:20:56.474Z,2026-07-28 07:20:56.474,25956,6762df,y9d41p,0.7.3,fleet_logger_0_1,598140041,UMLIFE_v2_TLC555,ch0,origplant,soil_moisture,1565,,,OK,,,985.3,,name=classic;level=well watered;role=disp;spread=13;gpio=36;device_seq=79748;time_source=device_synced;device_timestamp_utc=2026-07-28T12:20:50.483Z;config_id=257fa022;rssi=-61;uptime_s=598140;heap=195644;cal_tier=channel-cal;cal_src=wet_rederive_1236_20260719;pressure_context_source=weather_openmeteo;transport=wifi_poll,
plants.soil,2026-07-28T12:20:56.474Z,2026-07-28 07:20:56.474,25957,6762df,y9d41p,0.7.3,fleet_logger_0_1,598140041,UMLIFE_v2_TLC555,ch1,origplant,soil_moisture,1697,,,OK,,,985.3,,name=classic;level=OK;role=disp;spread=26;gpio=39;device_seq=79749;time_source=device_synced;device_timestamp_utc=2026-07-28T12:20:50.483Z;config_id=257fa022;rssi=-61;uptime_s=598140;heap=195644;cal_tier=channel-cal;cal_src=wet_rederive_1236_20260719;pressure_context_source=weather_openmeteo;transport=wifi_poll,
plants.soil,2026-07-28T12:20:56.474Z,2026-07-28 07:20:56.474,25958,6762df,y9d41p,0.7.3,fleet_logger_0_1,598140041,UMLIFE_v2_TLC555,ch2,origplant,soil_moisture,1356,,,OK,,,985.3,,name=classic;level=overwatered;role=disp;spread=24;gpio=34;device_seq=79750;time_source=device_synced;device_timestamp_utc=2026-07-28T12:20:50.483Z;config_id=257fa022;rssi=-61;uptime_s=598140;heap=195644;cal_tier=channel-cal;cal_src=wet_rederive_1236_20260719;pressure_context_source=weather_openmeteo;transport=wifi_poll,
plants.soil,2026-07-28T12:20:56.474Z,2026-07-28 07:20:56.474,25959,6762df,y9d41p,0.7.3,fleet_logger_0_1,598140041,UMLIFE_v2_TLC555,ch3,origplant,soil_moisture,1434,,,OK,,,985.3,,name=classic;level=well watered;role=disp;spread=21;gpio=35;device_seq=79751;time_source=device_synced;device_timestamp_utc=2026-07-28T12:20:50.483Z;config_id=257fa022;rssi=-61;uptime_s=598140;heap=195644;cal_tier=channel-cal;cal_src=wet_rederive_1236_20260719;pressure_context_source=weather_openmeteo;transport=wifi_poll,
plants.env,2026-07-28T12:20:56.474Z,2026-07-28 07:20:56.474,25960,6762df,y9d41p,0.7.3,fleet_logger_0_1,598140796,ESP32,esp32_die,on_chip,die_temp,,53.89,degC,OK,,,,,name=classic;source=esp32_die;cal=uncalibrated_board_proxy;api=temperatureRead;config_id=257fa022;transport=wifi_poll,
plants.soil,2026-07-28T12:21:26.936Z,2026-07-28 07:21:26.936,25961,6762df,y9d41p,0.7.3,fleet_logger_0_1,598170041,UMLIFE_v2_TLC555,ch0,origplant,soil_moisture,1589,,,OK,,,985.3,,name=classic;level=well watered;role=disp;spread=19;gpio=36;device_seq=79752;time_source=device_synced;device_timestamp_utc=2026-07-28T12:21:20.483Z;config_id=257fa022;rssi=-63;uptime_s=598170;heap=195900;cal_tier=channel-cal;cal_src=wet_rederive_1236_20260719;pressure_context_source=weather_openmeteo;transport=wifi_poll,
plants.soil,2026-07-28T12:21:26.936Z,2026-07-28 07:21:26.936,25962,6762df,y9d41p,0.7.3,fleet_logger_0_1,598170041,UMLIFE_v2_TLC555,ch1,origplant,soil_moisture,1723,,,OK,,,985.3,,name=classic;level=OK;role=disp;spread=59;gpio=39;device_seq=79753;time_source=device_synced;device_timestamp_utc=2026-07-28T12:21:20.483Z;config_id=257fa022;rssi=-63;uptime_s=598170;heap=195900;cal_tier=channel-cal;cal_src=wet_rederive_1236_20260719;pressure_context_source=weather_openmeteo;transport=wifi_poll,
plants.soil,2026-07-28T12:21:26.936Z,2026-07-28 07:21:26.936,25963,6762df,y9d41p,0.7.3,fleet_logger_0_1,598170041,UMLIFE_v2_TLC555,ch2,origplant,soil_moisture,1380,,,OK,,,985.3,,name=classic;level=overwatered;role=disp;spread=28;gpio=34;device_seq=79754;time_source=device_synced;device_timestamp_utc=2026-07-28T12:21:20.483Z;config_id=257fa022;rssi=-63;uptime_s=598170;heap=195900;cal_tier=channel-cal;cal_src=wet_rederive_1236_20260719;pressure_context_source=weather_openmeteo;transport=wifi_poll,
plants.soil,2026-07-28T12:21:26.936Z,2026-07-28 07:21:26.936,25964,6762df,y9d41p,0.7.3,fleet_logger_0_1,598170041,UMLIFE_v2_TLC555,ch3,origplant,soil_moisture,1465,,,OK,,,985.3,,name=classic;level=well watered;role=disp;spread=25;gpio=35;device_seq=79755;time_source=device_synced;device_timestamp_utc=2026-07-28T12:21:20.483Z;config_id=257fa022;rssi=-63;uptime_s=598170;heap=195900;cal_tier=channel-cal;cal_src=wet_rederive_1236_20260719;pressure_context_source=weather_openmeteo;transport=wifi_poll,
plants.env,2026-07-28T12:21:26.936Z,2026-07-28 07:21:26.936,25965,6762df,y9d41p,0.7.3,fleet_logger_0_1,598170796,ESP32,esp32_die,on_chip,die_temp,,53.33,degC,OK,,,,,name=classic;source=esp32_die;cal=uncalibrated_board_proxy;api=temperatureRead;config_id=257fa022;transport=wifi_poll,
plants.soil,2026-07-28T12:21:58.423Z,2026-07-28 07:21:58.423,25966,6762df,y9d41p,0.7.3,fleet_logger_0_1,598200041,UMLIFE_v2_TLC555,ch0,origplant,soil_moisture,1583,,,OK,,,985.3,,name=classic;level=well watered;role=disp;spread=26;gpio=36;device_seq=79756;time_source=device_synced;device_timestamp_utc=2026-07-28T12:21:50.483Z;config_id=257fa022;rssi=-62;uptime_s=598200;heap=195900;cal_tier=channel-cal;cal_src=wet_rederive_1236_20260719;pressure_context_source=weather_openmeteo;transport=wifi_poll,
plants.soil,2026-07-28T12:21:58.423Z,2026-07-28 07:21:58.423,25967,6762df,y9d41p,0.7.3,fleet_logger_0_1,598200041,UMLIFE_v2_TLC555,ch1,origplant,soil_moisture,1721,,,OK,,,985.3,,name=classic;level=OK;role=disp;spread=31;gpio=39;device_seq=79757;time_source=device_synced;device_timestamp_utc=2026-07-28T12:21:50.483Z;config_id=257fa022;rssi=-62;uptime_s=598200;heap=195900;cal_tier=channel-cal;cal_src=wet_rederive_1236_20260719;pressure_context_source=weather_openmeteo;transport=wifi_poll,
plants.soil,2026-07-28T12:21:58.423Z,2026-07-28 07:21:58.423,25968,6762df,y9d41p,0.7.3,fleet_logger_0_1,598200041,UMLIFE_v2_TLC555,ch2,origplant,soil_moisture,1373,,,OK,,,985.3,,name=classic;level=overwatered;role=disp;spread=44;gpio=34;device_seq=79758;time_source=device_synced;device_timestamp_utc=2026-07-28T12:21:50.483Z;config_id=257fa022;rssi=-62;uptime_s=598200;heap=195900;cal_tier=channel-cal;cal_src=wet_rederive_1236_20260719;pressure_context_source=weather_openmeteo;transport=wifi_poll,
plants.soil,2026-07-28T12:21:58.423Z,2026-07-28 07:21:58.423,25969,6762df,y9d41p,0.7.3,fleet_logger_0_1,598200041,UMLIFE_v2_TLC555,ch3,origplant,soil_moisture,1458,,,OK,,,985.3,,name=classic;level=well watered;role=disp;spread=30;gpio=35;device_seq=79759;time_source=device_synced;device_timestamp_utc=2026-07-28T12:21:50.483Z;config_id=257fa022;rssi=-62;uptime_s=598200;heap=195900;cal_tier=channel-cal;cal_src=wet_rederive_1236_20260719;pressure_context_source=weather_openmeteo;transport=wifi_poll,
plants.env,2026-07-28T12:21:58.423Z,2026-07-28 07:21:58.423,25970,6762df,y9d41p,0.7.3,fleet_logger_0_1,598201862,ESP32,esp32_die,on_chip,die_temp,,53.33,degC,OK,,,,,name=classic;source=esp32_die;cal=uncalibrated_board_proxy;api=temperatureRead;config_id=257fa022;transport=wifi_poll,
plants.soil,2026-07-28T12:22:28.712Z,2026-07-28 07:22:28.712,25971,6762df,y9d41p,0.7.3,fleet_logger_0_1,598230041,UMLIFE_v2_TLC555,ch0,origplant,soil_moisture,1572,,,OK,,,985.3,,name=classic;level=well watered;role=disp;spread=22;gpio=36;device_seq=79760;time_source=device_synced;device_timestamp_utc=2026-07-28T12:22:20.483Z;config_id=257fa022;rssi=-62;uptime_s=598230;heap=195900;cal_tier=channel-cal;cal_src=wet_rederive_1236_20260719;pressure_context_source=weather_openmeteo;transport=wifi_poll,
plants.soil,2026-07-28T12:22:28.712Z,2026-07-28 07:22:28.712,25972,6762df,y9d41p,0.7.3,fleet_logger_0_1,598230041,UMLIFE_v2_TLC555,ch1,origplant,soil_moisture,1703,,,OK,,,985.3,,name=classic;level=OK;role=disp;spread=29;gpio=39;device_seq=79761;time_source=device_synced;device_timestamp_utc=2026-07-28T12:22:20.483Z;config_id=257fa022;rssi=-62;uptime_s=598230;heap=195900;cal_tier=channel-cal;cal_src=wet_rederive_1236_20260719;pressure_context_source=weather_openmeteo;transport=wifi_poll,
plants.soil,2026-07-28T12:22:28.712Z,2026-07-28 07:22:28.712,25973,6762df,y9d41p,0.7.3,fleet_logger_0_1,598230041,UMLIFE_v2_TLC555,ch2,origplant,soil_moisture,1358,,,OK,,,985.3,,name=classic;level=overwatered;role=disp;spread=46;gpio=34;device_seq=79762;time_source=device_synced;device_timestamp_utc=2026-07-28T12:22:20.483Z;config_id=257fa022;rssi=-62;uptime_s=598230;heap=195900;cal_tier=channel-cal;cal_src=wet_rederive_1236_20260719;pressure_context_source=weather_openmeteo;transport=wifi_poll,
plants.soil,2026-07-28T12:22:28.712Z,2026-07-28 07:22:28.712,25974,6762df,y9d41p,0.7.3,fleet_logger_0_1,598230041,UMLIFE_v2_TLC555,ch3,origplant,soil_moisture,1438,,,OK,,,985.3,,name=classic;level=well watered;role=disp;spread=16;gpio=35;device_seq=79763;time_source=device_synced;device_timestamp_utc=2026-07-28T12:22:20.483Z;config_id=257fa022;rssi=-62;uptime_s=598230;heap=195900;cal_tier=channel-cal;cal_src=wet_rederive_1236_20260719;pressure_context_source=weather_openmeteo;transport=wifi_poll,
plants.env,2026-07-28T12:22:28.712Z,2026-07-28 07:22:28.712,25975,6762df,y9d41p,0.7.3,fleet_logger_0_1,598230796,ESP32,esp32_die,on_chip,die_temp,,53.33,degC,OK,,,,,name=classic;source=esp32_die;cal=uncalibrated_board_proxy;api=temperatureRead;config_id=257fa022;transport=wifi_poll,
plants.soil,2026-07-28T12:22:59.044Z,2026-07-28 07:22:59.044,25976,6762df,y9d41p,0.7.3,fleet_logger_0_1,598260041,UMLIFE_v2_TLC555,ch0,origplant,soil_moisture,1577,,,OK,,,985.3,,name=classic;level=well watered;role=disp;spread=42;gpio=36;device_seq=79764;time_source=device_synced;device_timestamp_utc=2026-07-28T12:22:50.483Z;config_id=257fa022;rssi=-61;uptime_s=598260;heap=195896;cal_tier=channel-cal;cal_src=wet_rederive_1236_20260719;pressure_context_source=weather_openmeteo;transport=wifi_poll,
plants.soil,2026-07-28T12:22:59.044Z,2026-07-28 07:22:59.044,25977,6762df,y9d41p,0.7.3,fleet_logger_0_1,598260041,UMLIFE_v2_TLC555,ch1,origplant,soil_moisture,1719,,,OK,,,985.3,,name=classic;level=OK;role=disp;spread=11;gpio=39;device_seq=79765;time_source=device_synced;device_timestamp_utc=2026-07-28T12:22:50.483Z;config_id=257fa022;rssi=-61;uptime_s=598260;heap=195896;cal_tier=channel-cal;cal_src=wet_rederive_1236_20260719;pressure_context_source=weather_openmeteo;transport=wifi_poll,
plants.soil,2026-07-28T12:22:59.044Z,2026-07-28 07:22:59.044,25978,6762df,y9d41p,0.7.3,fleet_logger_0_1,598260041,UMLIFE_v2_TLC555,ch2,origplant,soil_moisture,1377,,,OK,,,985.3,,name=classic;level=overwatered;role=disp;spread=58;gpio=34;device_seq=79766;time_source=device_synced;device_timestamp_utc=2026-07-28T12:22:50.483Z;config_id=257fa022;rssi=-61;uptime_s=598260;heap=195896;cal_tier=channel-cal;cal_src=wet_rederive_1236_20260719;pressure_context_source=weather_openmeteo;transport=wifi_poll,
plants.soil,2026-07-28T12:22:59.044Z,2026-07-28 07:22:59.044,25979,6762df,y9d41p,0.7.3,fleet_logger_0_1,598260041,UMLIFE_v2_TLC555,ch3,origplant,soil_moisture,1458,,,OK,,,985.3,,name=classic;level=well watered;role=disp;spread=28;gpio=35;device_seq=79767;time_source=device_synced;device_timestamp_utc=2026-07-28T12:22:50.483Z;config_id=257fa022;rssi=-61;uptime_s=598260;heap=195896;cal_tier=channel-cal;cal_src=wet_rederive_1236_20260719;pressure_context_source=weather_openmeteo;transport=wifi_poll,
plants.env,2026-07-28T12:22:59.044Z,2026-07-28 07:22:59.044,25980,6762df,y9d41p,0.7.3,fleet_logger_0_1,598260797,ESP32,esp32_die,on_chip,die_temp,,53.33,degC,OK,,,,,name=classic;source=esp32_die;cal=uncalibrated_board_proxy;api=temperatureRead;config_id=257fa022;transport=wifi_poll,
plants.soil,2026-07-28T12:23:29.356Z,2026-07-28 07:23:29.356,25981,6762df,y9d41p,0.7.3,fleet_logger_0_1,598290041,UMLIFE_v2_TLC555,ch0,origplant,soil_moisture,1570,,,OK,,,985.3,,name=classic;level=well watered;role=disp;spread=40;gpio=36;device_seq=79768;time_source=device_synced;device_timestamp_utc=2026-07-28T12:23:20.483Z;config_id=257fa022;rssi=-62;uptime_s=598290;heap=195624;cal_tier=channel-cal;cal_src=wet_rederive_1236_20260719;pressure_context_source=weather_openmeteo;transport=wifi_poll,
plants.soil,2026-07-28T12:23:29.356Z,2026-07-28 07:23:29.356,25982,6762df,y9d41p,0.7.3,fleet_logger_0_1,598290041,UMLIFE_v2_TLC555,ch1,origplant,soil_moisture,1703,,,OK,,,985.3,,name=classic;level=OK;role=disp;spread=49;gpio=39;device_seq=79769;time_source=device_synced;device_timestamp_utc=2026-07-28T12:23:20.483Z;config_id=257fa022;rssi=-62;uptime_s=598290;heap=195624;cal_tier=channel-cal;cal_src=wet_rederive_1236_20260719;pressure_context_source=weather_openmeteo;transport=wifi_poll,
plants.soil,2026-07-28T12:23:29.356Z,2026-07-28 07:23:29.356,25983,6762df,y9d41p,0.7.3,fleet_logger_0_1,598290041,UMLIFE_v2_TLC555,ch2,origplant,soil_moisture,1352,,,OK,,,985.3,,name=classic;level=overwatered;role=disp;spread=26;gpio=34;device_seq=79770;time_source=device_synced;device_timestamp_utc=2026-07-28T12:23:20.483Z;config_id=257fa022;rssi=-62;uptime_s=598290;heap=195624;cal_tier=channel-cal;cal_src=wet_rederive_1236_20260719;pressure_context_source=weather_openmeteo;transport=wifi_poll,
plants.soil,2026-07-28T12:23:29.356Z,2026-07-28 07:23:29.356,25984,6762df,y9d41p,0.7.3,fleet_logger_0_1,598290041,UMLIFE_v2_TLC555,ch3,origplant,soil_moisture,1440,,,OK,,,985.3,,name=classic;level=well watered;role=disp;spread=20;gpio=35;device_seq=79771;time_source=device_synced;device_timestamp_utc=2026-07-28T12:23:20.483Z;config_id=257fa022;rssi=-62;uptime_s=598290;heap=195624;cal_tier=channel-cal;cal_src=wet_rederive_1236_20260719;pressure_context_source=weather_openmeteo;transport=wifi_poll,
plants.env,2026-07-28T12:23:29.356Z,2026-07-28 07:23:29.356,25985,6762df,y9d41p,0.7.3,fleet_logger_0_1,598290796,ESP32,esp32_die,on_chip,die_temp,,53.33,degC,OK,,,,,name=classic;source=esp32_die;cal=uncalibrated_board_proxy;api=temperatureRead;config_id=257fa022;transport=wifi_poll,
plants.soil,2026-07-28T12:23:59.646Z,2026-07-28 07:23:59.646,25986,6762df,y9d41p,0.7.3,fleet_logger_0_1,598320041,UMLIFE_v2_TLC555,ch0,origplant,soil_moisture,1570,,,OK,,,985.3,,name=classic;level=well watered;role=disp;spread=9;gpio=36;device_seq=79772;time_source=device_synced;device_timestamp_utc=2026-07-28T12:23:50.483Z;config_id=257fa022;rssi=-61;uptime_s=598320;heap=195628;cal_tier=channel-cal;cal_src=wet_rederive_1236_20260719;pressure_context_source=weather_openmeteo;transport=wifi_poll,
plants.soil,2026-07-28T12:23:59.646Z,2026-07-28 07:23:59.646,25987,6762df,y9d41p,0.7.3,fleet_logger_0_1,598320041,UMLIFE_v2_TLC555,ch1,origplant,soil_moisture,1702,,,OK,,,985.3,,name=classic;level=OK;role=disp;spread=33;gpio=39;device_seq=79773;time_source=device_synced;device_timestamp_utc=2026-07-28T12:23:50.483Z;config_id=257fa022;rssi=-61;uptime_s=598320;heap=195628;cal_tier=channel-cal;cal_src=wet_rederive_1236_20260719;pressure_context_source=weather_openmeteo;transport=wifi_poll,
plants.soil,2026-07-28T12:23:59.646Z,2026-07-28 07:23:59.646,25988,6762df,y9d41p,0.7.3,fleet_logger_0_1,598320041,UMLIFE_v2_TLC555,ch2,origplant,soil_moisture,1359,,,OK,,,985.3,,name=classic;level=overwatered;role=disp;spread=36;gpio=34;device_seq=79774;time_source=device_synced;device_timestamp_utc=2026-07-28T12:23:50.483Z;config_id=257fa022;rssi=-61;uptime_s=598320;heap=195628;cal_tier=channel-cal;cal_src=wet_rederive_1236_20260719;pressure_context_source=weather_openmeteo;transport=wifi_poll,
plants.soil,2026-07-28T12:23:59.646Z,2026-07-28 07:23:59.646,25989,6762df,y9d41p,0.7.3,fleet_logger_0_1,598320041,UMLIFE_v2_TLC555,ch3,origplant,soil_moisture,1443,,,OK,,,985.3,,name=classic;level=well watered;role=disp;spread=34;gpio=35;device_seq=79775;time_source=device_synced;device_timestamp_utc=2026-07-28T12:23:50.483Z;config_id=257fa022;rssi=-61;uptime_s=598320;heap=195628;cal_tier=channel-cal;cal_src=wet_rederive_1236_20260719;pressure_context_source=weather_openmeteo;transport=wifi_poll,
plants.env,2026-07-28T12:23:59.646Z,2026-07-28 07:23:59.646,25990,6762df,y9d41p,0.7.3,fleet_logger_0_1,598320796,ESP32,esp32_die,on_chip,die_temp,,53.33,degC,OK,,,,,name=classic;source=esp32_die;cal=uncalibrated_board_proxy;api=temperatureRead;config_id=257fa022;transport=wifi_poll,
plants.soil,2026-07-28T12:24:30.178Z,2026-07-28 07:24:30.178,25991,6762df,y9d41p,0.7.3,fleet_logger_0_1,598350041,UMLIFE_v2_TLC555,ch0,origplant,soil_moisture,1564,,,OK,,,985.3,,name=classic;level=well watered;role=disp;spread=13;gpio=36;device_seq=79776;time_source=device_synced;device_timestamp_utc=2026-07-28T12:24:20.483Z;config_id=257fa022;rssi=-61;uptime_s=598350;heap=195888;cal_tier=channel-cal;cal_src=wet_rederive_1236_20260719;pressure_context_source=weather_openmeteo;transport=wifi_poll,
plants.soil,2026-07-28T12:24:30.178Z,2026-07-28 07:24:30.178,25992,6762df,y9d41p,0.7.3,fleet_logger_0_1,598350041,UMLIFE_v2_TLC555,ch1,origplant,soil_moisture,1703,,,OK,,,985.3,,name=classic;level=OK;role=disp;spread=40;gpio=39;device_seq=79777;time_source=device_synced;device_timestamp_utc=2026-07-28T12:24:20.483Z;config_id=257fa022;rssi=-61;uptime_s=598350;heap=195888;cal_tier=channel-cal;cal_src=wet_rederive_1236_20260719;pressure_context_source=weather_openmeteo;transport=wifi_poll,
plants.soil,2026-07-28T12:24:30.178Z,2026-07-28 07:24:30.178,25993,6762df,y9d41p,0.7.3,fleet_logger_0_1,598350041,UMLIFE_v2_TLC555,ch2,origplant,soil_moisture,1362,,,OK,,,985.3,,name=classic;level=overwatered;role=disp;spread=20;gpio=34;device_seq=79778;time_source=device_synced;device_timestamp_utc=2026-07-28T12:24:20.483Z;config_id=257fa022;rssi=-61;uptime_s=598350;heap=195888;cal_tier=channel-cal;cal_src=wet_rederive_1236_20260719;pressure_context_source=weather_openmeteo;transport=wifi_poll,
plants.soil,2026-07-28T12:24:30.178Z,2026-07-28 07:24:30.178,25994,6762df,y9d41p,0.7.3,fleet_logger_0_1,598350041,UMLIFE_v2_TLC555,ch3,origplant,soil_moisture,1439,,,OK,,,985.3,,name=classic;level=well watered;role=disp;spread=19;gpio=35;device_seq=79779;time_source=device_synced;device_timestamp_utc=2026-07-28T12:24:20.483Z;config_id=257fa022;rssi=-61;uptime_s=598350;heap=195888;cal_tier=channel-cal;cal_src=wet_rederive_1236_20260719;pressure_context_source=weather_openmeteo;transport=wifi_poll,
plants.env,2026-07-28T12:24:30.178Z,2026-07-28 07:24:30.178,25995,6762df,y9d41p,0.7.3,fleet_logger_0_1,598350796,ESP32,esp32_die,on_chip,die_temp,,53.33,degC,OK,,,,,name=classic;source=esp32_die;cal=uncalibrated_board_proxy;api=temperatureRead;config_id=257fa022;transport=wifi_poll,
plants.soil,2026-07-28T12:25:00.911Z,2026-07-28 07:25:00.911,25996,6762df,y9d41p,0.7.3,fleet_logger_0_1,598380041,UMLIFE_v2_TLC555,ch0,origplant,soil_moisture,1568,,,OK,,,985.3,,name=classic;level=well watered;role=disp;spread=20;gpio=36;device_seq=79780;time_source=device_synced;device_timestamp_utc=2026-07-28T12:24:50.483Z;config_id=257fa022;rssi=-62;uptime_s=598380;heap=195888;cal_tier=channel-cal;cal_src=wet_rederive_1236_20260719;pressure_context_source=weather_openmeteo;transport=wifi_poll,
plants.soil,2026-07-28T12:25:00.911Z,2026-07-28 07:25:00.911,25997,6762df,y9d41p,0.7.3,fleet_logger_0_1,598380041,UMLIFE_v2_TLC555,ch1,origplant,soil_moisture,1697,,,OK,,,985.3,,name=classic;level=OK;role=disp;spread=26;gpio=39;device_seq=79781;time_source=device_synced;device_timestamp_utc=2026-07-28T12:24:50.483Z;config_id=257fa022;rssi=-62;uptime_s=598380;heap=195888;cal_tier=channel-cal;cal_src=wet_rederive_1236_20260719;pressure_context_source=weather_openmeteo;transport=wifi_poll,
plants.soil,2026-07-28T12:25:00.911Z,2026-07-28 07:25:00.911,25998,6762df,y9d41p,0.7.3,fleet_logger_0_1,598380041,UMLIFE_v2_TLC555,ch2,origplant,soil_moisture,1360,,,OK,,,985.3,,name=classic;level=overwatered;role=disp;spread=71;gpio=34;device_seq=79782;time_source=device_synced;device_timestamp_utc=2026-07-28T12:24:50.483Z;config_id=257fa022;rssi=-62;uptime_s=598380;heap=195888;cal_tier=channel-cal;cal_src=wet_rederive_1236_20260719;pressure_context_source=weather_openmeteo;transport=wifi_poll,
plants.soil,2026-07-28T12:25:00.911Z,2026-07-28 07:25:00.911,25999,6762df,y9d41p,0.7.3,fleet_logger_0_1,598380041,UMLIFE_v2_TLC555,ch3,origplant,soil_moisture,1435,,,OK,,,985.3,,name=classic;level=well watered;role=disp;spread=36;gpio=35;device_seq=79783;time_source=device_synced;device_timestamp_utc=2026-07-28T12:24:50.483Z;config_id=257fa022;rssi=-62;uptime_s=598380;heap=195888;cal_tier=channel-cal;cal_src=wet_rederive_1236_20260719;pressure_context_source=weather_openmeteo;transport=wifi_poll,
plants.env,2026-07-28T12:25:00.911Z,2026-07-28 07:25:00.911,26000,6762df,y9d41p,0.7.3,fleet_logger_0_1,598380796,ESP32,esp32_die,on_chip,die_temp,,53.33,degC,OK,,,,,name=classic;source=esp32_die;cal=uncalibrated_board_proxy;api=temperatureRead;config_id=257fa022;transport=wifi_poll,
plants.soil,2026-07-28T12:25:31.276Z,2026-07-28 07:25:31.276,26001,6762df,y9d41p,0.7.3,fleet_logger_0_1,598410041,UMLIFE_v2_TLC555,ch0,origplant,soil_moisture,1584,,,OK,,,985.3,,name=classic;level=well watered;role=disp;spread=19;gpio=36;device_seq=79784;time_source=device_synced;device_timestamp_utc=2026-07-28T12:25:20.483Z;config_id=257fa022;rssi=-61;uptime_s=598410;heap=195896;cal_tier=channel-cal;cal_src=wet_rederive_1236_20260719;pressure_context_source=weather_openmeteo;transport=wifi_poll,
plants.soil,2026-07-28T12:25:31.276Z,2026-07-28 07:25:31.276,26002,6762df,y9d41p,0.7.3,fleet_logger_0_1,598410041,UMLIFE_v2_TLC555,ch1,origplant,soil_moisture,1726,,,OK,,,985.3,,name=classic;level=OK;role=disp;spread=19;gpio=39;device_seq=79785;time_source=device_synced;device_timestamp_utc=2026-07-28T12:25:20.483Z;config_id=257fa022;rssi=-61;uptime_s=598410;heap=195896;cal_tier=channel-cal;cal_src=wet_rederive_1236_20260719;pressure_context_source=weather_openmeteo;transport=wifi_poll,
plants.soil,2026-07-28T12:25:31.276Z,2026-07-28 07:25:31.276,26003,6762df,y9d41p,0.7.3,fleet_logger_0_1,598410041,UMLIFE_v2_TLC555,ch2,origplant,soil_moisture,1375,,,OK,,,985.3,,name=classic;level=overwatered;role=disp;spread=18;gpio=34;device_seq=79786;time_source=device_synced;device_timestamp_utc=2026-07-28T12:25:20.483Z;config_id=257fa022;rssi=-61;uptime_s=598410;heap=195896;cal_tier=channel-cal;cal_src=wet_rederive_1236_20260719;pressure_context_source=weather_openmeteo;transport=wifi_poll,
plants.soil,2026-07-28T12:25:31.276Z,2026-07-28 07:25:31.276,26004,6762df,y9d41p,0.7.3,fleet_logger_0_1,598410041,UMLIFE_v2_TLC555,ch3,origplant,soil_moisture,1459,,,OK,,,985.3,,name=classic;level=well watered;role=disp;spread=41;gpio=35;device_seq=79787;time_source=device_synced;device_timestamp_utc=2026-07-28T12:25:20.483Z;config_id=257fa022;rssi=-61;uptime_s=598410;heap=195896;cal_tier=channel-cal;cal_src=wet_rederive_1236_20260719;pressure_context_source=weather_openmeteo;transport=wifi_poll,
plants.env,2026-07-28T12:25:31.276Z,2026-07-28 07:25:31.276,26005,6762df,y9d41p,0.7.3,fleet_logger_0_1,598410796,ESP32,esp32_die,on_chip,die_temp,,53.89,degC,OK,,,,,name=classic;source=esp32_die;cal=uncalibrated_board_proxy;api=temperatureRead;config_id=257fa022;transport=wifi_poll,
plants.soil,2026-07-28T12:26:01.626Z,2026-07-28 07:26:01.626,26006,6762df,y9d41p,0.7.3,fleet_logger_0_1,598440041,UMLIFE_v2_TLC555,ch0,origplant,soil_moisture,1575,,,OK,,,985.3,,name=classic;level=well watered;role=disp;spread=54;gpio=36;device_seq=79788;time_source=device_synced;device_timestamp_utc=2026-07-28T12:25:50.483Z;config_id=257fa022;rssi=-63;uptime_s=598440;heap=195896;cal_tier=channel-cal;cal_src=wet_rederive_1236_20260719;pressure_context_source=weather_openmeteo;transport=wifi_poll,
plants.soil,2026-07-28T12:26:01.626Z,2026-07-28 07:26:01.626,26007,6762df,y9d41p,0.7.3,fleet_logger_0_1,598440041,UMLIFE_v2_TLC555,ch1,origplant,soil_moisture,1702,,,OK,,,985.3,,name=classic;level=OK;role=disp;spread=21;gpio=39;device_seq=79789;time_source=device_synced;device_timestamp_utc=2026-07-28T12:25:50.483Z;config_id=257fa022;rssi=-63;uptime_s=598440;heap=195896;cal_tier=channel-cal;cal_src=wet_rederive_1236_20260719;pressure_context_source=weather_openmeteo;transport=wifi_poll,
plants.soil,2026-07-28T12:26:01.626Z,2026-07-28 07:26:01.626,26008,6762df,y9d41p,0.7.3,fleet_logger_0_1,598440041,UMLIFE_v2_TLC555,ch2,origplant,soil_moisture,1354,,,OK,,,985.3,,name=classic;level=overwatered;role=disp;spread=44;gpio=34;device_seq=79790;time_source=device_synced;device_timestamp_utc=2026-07-28T12:25:50.483Z;config_id=257fa022;rssi=-63;uptime_s=598440;heap=195896;cal_tier=channel-cal;cal_src=wet_rederive_1236_20260719;pressure_context_source=weather_openmeteo;transport=wifi_poll,
plants.soil,2026-07-28T12:26:01.626Z,2026-07-28 07:26:01.626,26009,6762df,y9d41p,0.7.3,fleet_logger_0_1,598440041,UMLIFE_v2_TLC555,ch3,origplant,soil_moisture,1438,,,OK,,,985.3,,name=classic;level=well watered;role=disp;spread=14;gpio=35;device_seq=79791;time_source=device_synced;device_timestamp_utc=2026-07-28T12:25:50.483Z;config_id=257fa022;rssi=-63;uptime_s=598440;heap=195896;cal_tier=channel-cal;cal_src=wet_rederive_1236_20260719;pressure_context_source=weather_openmeteo;transport=wifi_poll,
plants.env,2026-07-28T12:26:01.626Z,2026-07-28 07:26:01.626,26010,6762df,y9d41p,0.7.3,fleet_logger_0_1,598440796,ESP32,esp32_die,on_chip,die_temp,,53.33,degC,OK,,,,,name=classic;source=esp32_die;cal=uncalibrated_board_proxy;api=temperatureRead;config_id=257fa022;transport=wifi_poll,
plants.soil,2026-07-28T12:26:32.730Z,2026-07-28 07:26:32.730,26011,6762df,y9d41p,0.7.3,fleet_logger_0_1,598470041,UMLIFE_v2_TLC555,ch0,origplant,soil_moisture,1571,,,OK,,,985.3,,name=classic;level=well watered;role=disp;spread=25;gpio=36;device_seq=79792;time_source=device_synced;device_timestamp_utc=2026-07-28T12:26:20.483Z;config_id=257fa022;rssi=-62;uptime_s=598470;heap=195648;cal_tier=channel-cal;cal_src=wet_rederive_1236_20260719;pressure_context_source=weather_openmeteo;transport=wifi_poll,
plants.soil,2026-07-28T12:26:32.730Z,2026-07-28 07:26:32.730,26012,6762df,y9d41p,0.7.3,fleet_logger_0_1,598470041,UMLIFE_v2_TLC555,ch1,origplant,soil_moisture,1706,,,OK,,,985.3,,name=classic;level=OK;role=disp;spread=43;gpio=39;device_seq=79793;time_source=device_synced;device_timestamp_utc=2026-07-28T12:26:20.483Z;config_id=257fa022;rssi=-62;uptime_s=598470;heap=195648;cal_tier=channel-cal;cal_src=wet_rederive_1236_20260719;pressure_context_source=weather_openmeteo;transport=wifi_poll,
plants.soil,2026-07-28T12:26:32.730Z,2026-07-28 07:26:32.730,26013,6762df,y9d41p,0.7.3,fleet_logger_0_1,598470041,UMLIFE_v2_TLC555,ch2,origplant,soil_moisture,1352,,,OK,,,985.3,,name=classic;level=overwatered;role=disp;spread=42;gpio=34;device_seq=79794;time_source=device_synced;device_timestamp_utc=2026-07-28T12:26:20.483Z;config_id=257fa022;rssi=-62;uptime_s=598470;heap=195648;cal_tier=channel-cal;cal_src=wet_rederive_1236_20260719;pressure_context_source=weather_openmeteo;transport=wifi_poll,
plants.soil,2026-07-28T12:26:32.730Z,2026-07-28 07:26:32.730,26014,6762df,y9d41p,0.7.3,fleet_logger_0_1,598470041,UMLIFE_v2_TLC555,ch3,origplant,soil_moisture,1436,,,OK,,,985.3,,name=classic;level=well watered;role=disp;spread=21;gpio=35;device_seq=79795;time_source=device_synced;device_timestamp_utc=2026-07-28T12:26:20.483Z;config_id=257fa022;rssi=-62;uptime_s=598470;heap=195648;cal_tier=channel-cal;cal_src=wet_rederive_1236_20260719;pressure_context_source=weather_openmeteo;transport=wifi_poll,
plants.env,2026-07-28T12:26:32.730Z,2026-07-28 07:26:32.730,26015,6762df,y9d41p,0.7.3,fleet_logger_0_1,598470796,ESP32,esp32_die,on_chip,die_temp,,53.89,degC,OK,,,,,name=classic;source=esp32_die;cal=uncalibrated_board_proxy;api=temperatureRead;config_id=257fa022;transport=wifi_poll,
plants.soil,2026-07-28T12:27:03.368Z,2026-07-28 07:27:03.368,26016,6762df,y9d41p,0.7.3,fleet_logger_0_1,598500041,UMLIFE_v2_TLC555,ch0,origplant,soil_moisture,1568,,,OK,,,985.3,,name=classic;level=well watered;role=disp;spread=25;gpio=36;device_seq=79796;time_source=device_synced;device_timestamp_utc=2026-07-28T12:26:50.483Z;config_id=257fa022;rssi=-61;uptime_s=598500;heap=195648;cal_tier=channel-cal;cal_src=wet_rederive_1236_20260719;pressure_context_source=weather_openmeteo;transport=wifi_poll,
plants.soil,2026-07-28T12:27:03.368Z,2026-07-28 07:27:03.368,26017,6762df,y9d41p,0.7.3,fleet_logger_0_1,598500041,UMLIFE_v2_TLC555,ch1,origplant,soil_moisture,1702,,,OK,,,985.3,,name=classic;level=OK;role=disp;spread=25;gpio=39;device_seq=79797;time_source=device_synced;device_timestamp_utc=2026-07-28T12:26:50.483Z;config_id=257fa022;rssi=-61;uptime_s=598500;heap=195648;cal_tier=channel-cal;cal_src=wet_rederive_1236_20260719;pressure_context_source=weather_openmeteo;transport=wifi_poll,
plants.soil,2026-07-28T12:27:03.368Z,2026-07-28 07:27:03.368,26018,6762df,y9d41p,0.7.3,fleet_logger_0_1,598500041,UMLIFE_v2_TLC555,ch2,origplant,soil_moisture,1356,,,OK,,,985.3,,name=classic;level=overwatered;role=disp;spread=14;gpio=34;device_seq=79798;time_source=device_synced;device_timestamp_utc=2026-07-28T12:26:50.483Z;config_id=257fa022;rssi=-61;uptime_s=598500;heap=195648;cal_tier=channel-cal;cal_src=wet_rederive_1236_20260719;pressure_context_source=weather_openmeteo;transport=wifi_poll,
plants.soil,2026-07-28T12:27:03.368Z,2026-07-28 07:27:03.368,26019,6762df,y9d41p,0.7.3,fleet_logger_0_1,598500041,UMLIFE_v2_TLC555,ch3,origplant,soil_moisture,1437,,,OK,,,985.3,,name=classic;level=well watered;role=disp;spread=19;gpio=35;device_seq=79799;time_source=device_synced;device_timestamp_utc=2026-07-28T12:26:50.483Z;config_id=257fa022;rssi=-61;uptime_s=598500;heap=195648;cal_tier=channel-cal;cal_src=wet_rederive_1236_20260719;pressure_context_source=weather_openmeteo;transport=wifi_poll,
plants.env,2026-07-28T12:27:03.368Z,2026-07-28 07:27:03.368,26020,6762df,y9d41p,0.7.3,fleet_logger_0_1,598500796,ESP32,esp32_die,on_chip,die_temp,,53.33,degC,OK,,,,,name=classic;source=esp32_die;cal=uncalibrated_board_proxy;api=temperatureRead;config_id=257fa022;transport=wifi_poll,
plants.soil,2026-07-28T12:27:33.756Z,2026-07-28 07:27:33.756,26021,6762df,y9d41p,0.7.3,fleet_logger_0_1,598530041,UMLIFE_v2_TLC555,ch0,origplant,soil_moisture,1565,,,OK,,,986.2,,name=classic;level=well watered;role=disp;spread=48;gpio=36;device_seq=79800;time_source=device_synced;device_timestamp_utc=2026-07-28T12:27:20.483Z;config_id=257fa022;rssi=-61;uptime_s=598530;heap=195908;cal_tier=channel-cal;cal_src=wet_rederive_1236_20260719;pressure_context_source=weather_openmeteo;transport=wifi_poll,
plants.soil,2026-07-28T12:27:33.756Z,2026-07-28 07:27:33.756,26022,6762df,y9d41p,0.7.3,fleet_logger_0_1,598530041,UMLIFE_v2_TLC555,ch1,origplant,soil_moisture,1704,,,OK,,,986.2,,name=classic;level=OK;role=disp;spread=44;gpio=39;device_seq=79801;time_source=device_synced;device_timestamp_utc=2026-07-28T12:27:20.483Z;config_id=257fa022;rssi=-61;uptime_s=598530;heap=195908;cal_tier=channel-cal;cal_src=wet_rederive_1236_20260719;pressure_context_source=weather_openmeteo;transport=wifi_poll,
plants.soil,2026-07-28T12:27:33.756Z,2026-07-28 07:27:33.756,26023,6762df,y9d41p,0.7.3,fleet_logger_0_1,598530041,UMLIFE_v2_TLC555,ch2,origplant,soil_moisture,1355,,,OK,,,986.2,,name=classic;level=overwatered;role=disp;spread=42;gpio=34;device_seq=79802;time_source=device_synced;device_timestamp_utc=2026-07-28T12:27:20.483Z;config_id=257fa022;rssi=-61;uptime_s=598530;heap=195908;cal_tier=channel-cal;cal_src=wet_rederive_1236_20260719;pressure_context_source=weather_openmeteo;transport=wifi_poll,
plants.soil,2026-07-28T12:27:33.756Z,2026-07-28 07:27:33.756,26024,6762df,y9d41p,0.7.3,fleet_logger_0_1,598530041,UMLIFE_v2_TLC555,ch3,origplant,soil_moisture,1438,,,OK,,,986.2,,name=classic;level=well watered;role=disp;spread=15;gpio=35;device_seq=79803;time_source=device_synced;device_timestamp_utc=2026-07-28T12:27:20.483Z;config_id=257fa022;rssi=-61;uptime_s=598530;heap=195908;cal_tier=channel-cal;cal_src=wet_rederive_1236_20260719;pressure_context_source=weather_openmeteo;transport=wifi_poll,
plants.env,2026-07-28T12:27:33.756Z,2026-07-28 07:27:33.756,26025,6762df,y9d41p,0.7.3,fleet_logger_0_1,598530796,ESP32,esp32_die,on_chip,die_temp,,53.33,degC,OK,,,,,name=classic;source=esp32_die;cal=uncalibrated_board_proxy;api=temperatureRead;config_id=257fa022;transport=wifi_poll,
plants.soil,2026-07-28T12:28:04.195Z,2026-07-28 07:28:04.195,26026,6762df,y9d41p,0.7.3,fleet_logger_0_1,598560041,UMLIFE_v2_TLC555,ch0,origplant,soil_moisture,1571,,,OK,,,986.2,,name=classic;level=well watered;role=disp;spread=29;gpio=36;device_seq=79804;time_source=device_synced;device_timestamp_utc=2026-07-28T12:27:50.483Z;config_id=257fa022;rssi=-60;uptime_s=598560;heap=195908;cal_tier=channel-cal;cal_src=wet_rederive_1236_20260719;pressure_context_source=weather_openmeteo;transport=wifi_poll,
plants.soil,2026-07-28T12:28:04.195Z,2026-07-28 07:28:04.195,26027,6762df,y9d41p,0.7.3,fleet_logger_0_1,598560041,UMLIFE_v2_TLC555,ch1,origplant,soil_moisture,1702,,,OK,,,986.2,,name=classic;level=OK;role=disp;spread=42;gpio=39;device_seq=79805;time_source=device_synced;device_timestamp_utc=2026-07-28T12:27:50.483Z;config_id=257fa022;rssi=-60;uptime_s=598560;heap=195908;cal_tier=channel-cal;cal_src=wet_rederive_1236_20260719;pressure_context_source=weather_openmeteo;transport=wifi_poll,
plants.soil,2026-07-28T12:28:04.195Z,2026-07-28 07:28:04.195,26028,6762df,y9d41p,0.7.3,fleet_logger_0_1,598560041,UMLIFE_v2_TLC555,ch2,origplant,soil_moisture,1360,,,OK,,,986.2,,name=classic;level=overwatered;role=disp;spread=28;gpio=34;device_seq=79806;time_source=device_synced;device_timestamp_utc=2026-07-28T12:27:50.483Z;config_id=257fa022;rssi=-60;uptime_s=598560;heap=195908;cal_tier=channel-cal;cal_src=wet_rederive_1236_20260719;pressure_context_source=weather_openmeteo;transport=wifi_poll,
plants.soil,2026-07-28T12:28:04.195Z,2026-07-28 07:28:04.195,26029,6762df,y9d41p,0.7.3,fleet_logger_0_1,598560041,UMLIFE_v2_TLC555,ch3,origplant,soil_moisture,1444,,,OK,,,986.2,,name=classic;level=well watered;role=disp;spread=21;gpio=35;device_seq=79807;time_source=device_synced;device_timestamp_utc=2026-07-28T12:27:50.483Z;config_id=257fa022;rssi=-60;uptime_s=598560;heap=195908;cal_tier=channel-cal;cal_src=wet_rederive_1236_20260719;pressure_context_source=weather_openmeteo;transport=wifi_poll,
plants.env,2026-07-28T12:28:04.195Z,2026-07-28 07:28:04.195,26030,6762df,y9d41p,0.7.3,fleet_logger_0_1,598560796,ESP32,esp32_die,on_chip,die_temp,,53.33,degC,OK,,,,,name=classic;source=esp32_die;cal=uncalibrated_board_proxy;api=temperatureRead;config_id=257fa022;transport=wifi_poll,
plants.soil,2026-07-28T12:28:34.789Z,2026-07-28 07:28:34.789,26031,6762df,y9d41p,0.7.3,fleet_logger_0_1,598590041,UMLIFE_v2_TLC555,ch0,origplant,soil_moisture,1569,,,OK,,,986.2,,name=classic;level=well watered;role=disp;spread=42;gpio=36;device_seq=79808;time_source=device_synced;device_timestamp_utc=2026-07-28T12:28:20.483Z;config_id=257fa022;rssi=-72;uptime_s=598590;heap=195892;cal_tier=channel-cal;cal_src=wet_rederive_1236_20260719;pressure_context_source=weather_openmeteo;transport=wifi_poll,
plants.soil,2026-07-28T12:28:34.789Z,2026-07-28 07:28:34.789,26032,6762df,y9d41p,0.7.3,fleet_logger_0_1,598590041,UMLIFE_v2_TLC555,ch1,origplant,soil_moisture,1701,,,OK,,,986.2,,name=classic;level=OK;role=disp;spread=25;gpio=39;device_seq=79809;time_source=device_synced;device_timestamp_utc=2026-07-28T12:28:20.483Z;config_id=257fa022;rssi=-72;uptime_s=598590;heap=195892;cal_tier=channel-cal;cal_src=wet_rederive_1236_20260719;pressure_context_source=weather_openmeteo;transport=wifi_poll,
plants.soil,2026-07-28T12:28:34.789Z,2026-07-28 07:28:34.789,26033,6762df,y9d41p,0.7.3,fleet_logger_0_1,598590041,UMLIFE_v2_TLC555,ch2,origplant,soil_moisture,1355,,,OK,,,986.2,,name=classic;level=overwatered;role=disp;spread=49;gpio=34;device_seq=79810;time_source=device_synced;device_timestamp_utc=2026-07-28T12:28:20.483Z;config_id=257fa022;rssi=-72;uptime_s=598590;heap=195892;cal_tier=channel-cal;cal_src=wet_rederive_1236_20260719;pressure_context_source=weather_openmeteo;transport=wifi_poll,
plants.soil,2026-07-28T12:28:34.789Z,2026-07-28 07:28:34.789,26034,6762df,y9d41p,0.7.3,fleet_logger_0_1,598590041,UMLIFE_v2_TLC555,ch3,origplant,soil_moisture,1436,,,OK,,,986.2,,name=classic;level=well watered;role=disp;spread=21;gpio=35;device_seq=79811;time_source=device_synced;device_timestamp_utc=2026-07-28T12:28:20.483Z;config_id=257fa022;rssi=-72;uptime_s=598590;heap=195892;cal_tier=channel-cal;cal_src=wet_rederive_1236_20260719;pressure_context_source=weather_openmeteo;transport=wifi_poll,
plants.env,2026-07-28T12:28:34.789Z,2026-07-28 07:28:34.789,26035,6762df,y9d41p,0.7.3,fleet_logger_0_1,598590796,ESP32,esp32_die,on_chip,die_temp,,53.33,degC,OK,,,,,name=classic;source=esp32_die;cal=uncalibrated_board_proxy;api=temperatureRead;config_id=257fa022;transport=wifi_poll,
plants.soil,2026-07-28T12:29:05.518Z,2026-07-28 07:29:05.518,26036,6762df,y9d41p,0.7.3,fleet_logger_0_1,598620041,UMLIFE_v2_TLC555,ch0,origplant,soil_moisture,1568,,,OK,,,986.2,,name=classic;level=well watered;role=disp;spread=30;gpio=36;device_seq=79812;time_source=device_synced;device_timestamp_utc=2026-07-28T12:28:50.483Z;config_id=257fa022;rssi=-61;uptime_s=598620;heap=195896;cal_tier=channel-cal;cal_src=wet_rederive_1236_20260719;pressure_context_source=weather_openmeteo;transport=wifi_poll,
plants.soil,2026-07-28T12:29:05.518Z,2026-07-28 07:29:05.518,26037,6762df,y9d41p,0.7.3,fleet_logger_0_1,598620041,UMLIFE_v2_TLC555,ch1,origplant,soil_moisture,1693,,,OK,,,986.2,,name=classic;level=OK;role=disp;spread=26;gpio=39;device_seq=79813;time_source=device_synced;device_timestamp_utc=2026-07-28T12:28:50.483Z;config_id=257fa022;rssi=-61;uptime_s=598620;heap=195896;cal_tier=channel-cal;cal_src=wet_rederive_1236_20260719;pressure_context_source=weather_openmeteo;transport=wifi_poll,
plants.soil,2026-07-28T12:29:05.518Z,2026-07-28 07:29:05.518,26038,6762df,y9d41p,0.7.3,fleet_logger_0_1,598620041,UMLIFE_v2_TLC555,ch2,origplant,soil_moisture,1354,,,OK,,,986.2,,name=classic;level=overwatered;role=disp;spread=51;gpio=34;device_seq=79814;time_source=device_synced;device_timestamp_utc=2026-07-28T12:28:50.483Z;config_id=257fa022;rssi=-61;uptime_s=598620;heap=195896;cal_tier=channel-cal;cal_src=wet_rederive_1236_20260719;pressure_context_source=weather_openmeteo;transport=wifi_poll,
plants.soil,2026-07-28T12:29:05.518Z,2026-07-28 07:29:05.518,26039,6762df,y9d41p,0.7.3,fleet_logger_0_1,598620041,UMLIFE_v2_TLC555,ch3,origplant,soil_moisture,1441,,,OK,,,986.2,,name=classic;level=well watered;role=disp;spread=21;gpio=35;device_seq=79815;time_source=device_synced;device_timestamp_utc=2026-07-28T12:28:50.483Z;config_id=257fa022;rssi=-61;uptime_s=598620;heap=195896;cal_tier=channel-cal;cal_src=wet_rederive_1236_20260719;pressure_context_source=weather_openmeteo;transport=wifi_poll,
plants.env,2026-07-28T12:29:05.518Z,2026-07-28 07:29:05.518,26040,6762df,y9d41p,0.7.3,fleet_logger_0_1,598620796,ESP32,esp32_die,on_chip,die_temp,,53.33,degC,OK,,,,,name=classic;source=esp32_die;cal=uncalibrated_board_proxy;api=temperatureRead;config_id=257fa022;transport=wifi_poll,
plants.soil,2026-07-28T12:29:35.931Z,2026-07-28 07:29:35.931,26041,6762df,y9d41p,0.7.3,fleet_logger_0_1,598650041,UMLIFE_v2_TLC555,ch0,origplant,soil_moisture,1569,,,OK,,,986.2,,name=classic;level=well watered;role=disp;spread=12;gpio=36;device_seq=79816;time_source=device_synced;device_timestamp_utc=2026-07-28T12:29:20.483Z;config_id=257fa022;rssi=-62;uptime_s=598650;heap=195648;cal_tier=channel-cal;cal_src=wet_rederive_1236_20260719;pressure_context_source=weather_openmeteo;transport=wifi_poll,
plants.soil,2026-07-28T12:29:35.931Z,2026-07-28 07:29:35.931,26042,6762df,y9d41p,0.7.3,fleet_logger_0_1,598650041,UMLIFE_v2_TLC555,ch1,origplant,soil_moisture,1703,,,OK,,,986.2,,name=classic;level=OK;role=disp;spread=37;gpio=39;device_seq=79817;time_source=device_synced;device_timestamp_utc=2026-07-28T12:29:20.483Z;config_id=257fa022;rssi=-62;uptime_s=598650;heap=195648;cal_tier=channel-cal;cal_src=wet_rederive_1236_20260719;pressure_context_source=weather_openmeteo;transport=wifi_poll,
plants.soil,2026-07-28T12:29:35.931Z,2026-07-28 07:29:35.931,26043,6762df,y9d41p,0.7.3,fleet_logger_0_1,598650041,UMLIFE_v2_TLC555,ch2,origplant,soil_moisture,1358,,,OK,,,986.2,,name=classic;level=overwatered;role=disp;spread=19;gpio=34;device_seq=79818;time_source=device_synced;device_timestamp_utc=2026-07-28T12:29:20.483Z;config_id=257fa022;rssi=-62;uptime_s=598650;heap=195648;cal_tier=channel-cal;cal_src=wet_rederive_1236_20260719;pressure_context_source=weather_openmeteo;transport=wifi_poll,
plants.soil,2026-07-28T12:29:35.931Z,2026-07-28 07:29:35.931,26044,6762df,y9d41p,0.7.3,fleet_logger_0_1,598650041,UMLIFE_v2_TLC555,ch3,origplant,soil_moisture,1435,,,OK,,,986.2,,name=classic;level=well watered;role=disp;spread=12;gpio=35;device_seq=79819;time_source=device_synced;device_timestamp_utc=2026-07-28T12:29:20.483Z;config_id=257fa022;rssi=-62;uptime_s=598650;heap=195648;cal_tier=channel-cal;cal_src=wet_rederive_1236_20260719;pressure_context_source=weather_openmeteo;transport=wifi_poll,
plants.env,2026-07-28T12:29:35.931Z,2026-07-28 07:29:35.931,26045,6762df,y9d41p,0.7.3,fleet_logger_0_1,598650796,ESP32,esp32_die,on_chip,die_temp,,53.33,degC,OK,,,,,name=classic;source=esp32_die;cal=uncalibrated_board_proxy;api=temperatureRead;config_id=257fa022;transport=wifi_poll,
plants.soil,2026-07-28T12:30:07.449Z,2026-07-28 07:30:07.449,26046,6762df,y9d41p,0.7.3,fleet_logger_0_1,598680041,UMLIFE_v2_TLC555,ch0,origplant,soil_moisture,1570,,,OK,,,986.2,,name=classic;level=well watered;role=disp;spread=20;gpio=36;device_seq=79820;time_source=device_synced;device_timestamp_utc=2026-07-28T12:29:50.483Z;config_id=257fa022;rssi=-62;uptime_s=598680;heap=195648;cal_tier=channel-cal;cal_src=wet_rederive_1236_20260719;pressure_context_source=weather_openmeteo;transport=wifi_poll,
plants.soil,2026-07-28T12:30:07.449Z,2026-07-28 07:30:07.449,26047,6762df,y9d41p,0.7.3,fleet_logger_0_1,598680041,UMLIFE_v2_TLC555,ch1,origplant,soil_moisture,1703,,,OK,,,986.2,,name=classic;level=OK;role=disp;spread=27;gpio=39;device_seq=79821;time_source=device_synced;device_timestamp_utc=2026-07-28T12:29:50.483Z;config_id=257fa022;rssi=-62;uptime_s=598680;heap=195648;cal_tier=channel-cal;cal_src=wet_rederive_1236_20260719;pressure_context_source=weather_openmeteo;transport=wifi_poll,
plants.soil,2026-07-28T12:30:07.449Z,2026-07-28 07:30:07.449,26048,6762df,y9d41p,0.7.3,fleet_logger_0_1,598680041,UMLIFE_v2_TLC555,ch2,origplant,soil_moisture,1349,,,OK,,,986.2,,name=classic;level=overwatered;role=disp;spread=27;gpio=34;device_seq=79822;time_source=device_synced;device_timestamp_utc=2026-07-28T12:29:50.483Z;config_id=257fa022;rssi=-62;uptime_s=598680;heap=195648;cal_tier=channel-cal;cal_src=wet_rederive_1236_20260719;pressure_context_source=weather_openmeteo;transport=wifi_poll,
plants.soil,2026-07-28T12:30:07.449Z,2026-07-28 07:30:07.449,26049,6762df,y9d41p,0.7.3,fleet_logger_0_1,598680041,UMLIFE_v2_TLC555,ch3,origplant,soil_moisture,1443,,,OK,,,986.2,,name=classic;level=well watered;role=disp;spread=32;gpio=35;device_seq=79823;time_source=device_synced;device_timestamp_utc=2026-07-28T12:29:50.483Z;config_id=257fa022;rssi=-62;uptime_s=598680;heap=195648;cal_tier=channel-cal;cal_src=wet_rederive_1236_20260719;pressure_context_source=weather_openmeteo;transport=wifi_poll,
plants.env,2026-07-28T12:30:07.449Z,2026-07-28 07:30:07.449,26050,6762df,y9d41p,0.7.3,fleet_logger_0_1,598680796,ESP32,esp32_die,on_chip,die_temp,,53.33,degC,OK,,,,,name=classic;source=esp32_die;cal=uncalibrated_board_proxy;api=temperatureRead;config_id=257fa022;transport=wifi_poll,
plants.soil,2026-07-28T12:30:37.961Z,2026-07-28 07:30:37.961,26051,6762df,y9d41p,0.7.3,fleet_logger_0_1,598710041,UMLIFE_v2_TLC555,ch0,origplant,soil_moisture,1565,,,OK,,,986.2,,name=classic;level=well watered;role=disp;spread=26;gpio=36;device_seq=79824;time_source=device_synced;device_timestamp_utc=2026-07-28T12:30:20.483Z;config_id=257fa022;rssi=-62;uptime_s=598710;heap=195908;cal_tier=channel-cal;cal_src=wet_rederive_1236_20260719;pressure_context_source=weather_openmeteo;transport=wifi_poll,
plants.soil,2026-07-28T12:30:37.961Z,2026-07-28 07:30:37.961,26052,6762df,y9d41p,0.7.3,fleet_logger_0_1,598710041,UMLIFE_v2_TLC555,ch1,origplant,soil_moisture,1703,,,OK,,,986.2,,name=classic;level=OK;role=disp;spread=25;gpio=39;device_seq=79825;time_source=device_synced;device_timestamp_utc=2026-07-28T12:30:20.483Z;config_id=257fa022;rssi=-62;uptime_s=598710;heap=195908;cal_tier=channel-cal;cal_src=wet_rederive_1236_20260719;pressure_context_source=weather_openmeteo;transport=wifi_poll,
plants.soil,2026-07-28T12:30:37.961Z,2026-07-28 07:30:37.961,26053,6762df,y9d41p,0.7.3,fleet_logger_0_1,598710041,UMLIFE_v2_TLC555,ch2,origplant,soil_moisture,1355,,,OK,,,986.2,,name=classic;level=overwatered;role=disp;spread=43;gpio=34;device_seq=79826;time_source=device_synced;device_timestamp_utc=2026-07-28T12:30:20.483Z;config_id=257fa022;rssi=-62;uptime_s=598710;heap=195908;cal_tier=channel-cal;cal_src=wet_rederive_1236_20260719;pressure_context_source=weather_openmeteo;transport=wifi_poll,
plants.soil,2026-07-28T12:30:37.961Z,2026-07-28 07:30:37.961,26054,6762df,y9d41p,0.7.3,fleet_logger_0_1,598710041,UMLIFE_v2_TLC555,ch3,origplant,soil_moisture,1435,,,OK,,,986.2,,name=classic;level=well watered;role=disp;spread=33;gpio=35;device_seq=79827;time_source=device_synced;device_timestamp_utc=2026-07-28T12:30:20.483Z;config_id=257fa022;rssi=-62;uptime_s=598710;heap=195908;cal_tier=channel-cal;cal_src=wet_rederive_1236_20260719;pressure_context_source=weather_openmeteo;transport=wifi_poll,
plants.env,2026-07-28T12:30:37.961Z,2026-07-28 07:30:37.961,26055,6762df,y9d41p,0.7.3,fleet_logger_0_1,598710796,ESP32,esp32_die,on_chip,die_temp,,53.33,degC,OK,,,,,name=classic;source=esp32_die;cal=uncalibrated_board_proxy;api=temperatureRead;config_id=257fa022;transport=wifi_poll,
plants.soil,2026-07-28T12:31:08.183Z,2026-07-28 07:31:08.183,26056,6762df,y9d41p,0.7.3,fleet_logger_0_1,598740041,UMLIFE_v2_TLC555,ch0,origplant,soil_moisture,1574,,,OK,,,986.2,,name=classic;level=well watered;role=disp;spread=18;gpio=36;device_seq=79828;time_source=device_synced;device_timestamp_utc=2026-07-28T12:30:50.483Z;config_id=257fa022;rssi=-62;uptime_s=598740;heap=195896;cal_tier=channel-cal;cal_src=wet_rederive_1236_20260719;pressure_context_source=weather_openmeteo;transport=wifi_poll,
plants.soil,2026-07-28T12:31:08.183Z,2026-07-28 07:31:08.183,26057,6762df,y9d41p,0.7.3,fleet_logger_0_1,598740041,UMLIFE_v2_TLC555,ch1,origplant,soil_moisture,1707,,,OK,,,986.2,,name=classic;level=OK;role=disp;spread=62;gpio=39;device_seq=79829;time_source=device_synced;device_timestamp_utc=2026-07-28T12:30:50.483Z;config_id=257fa022;rssi=-62;uptime_s=598740;heap=195896;cal_tier=channel-cal;cal_src=wet_rederive_1236_20260719;pressure_context_source=weather_openmeteo;transport=wifi_poll,
plants.soil,2026-07-28T12:31:08.183Z,2026-07-28 07:31:08.183,26058,6762df,y9d41p,0.7.3,fleet_logger_0_1,598740041,UMLIFE_v2_TLC555,ch2,origplant,soil_moisture,1353,,,OK,,,986.2,,name=classic;level=overwatered;role=disp;spread=61;gpio=34;device_seq=79830;time_source=device_synced;device_timestamp_utc=2026-07-28T12:30:50.483Z;config_id=257fa022;rssi=-62;uptime_s=598740;heap=195896;cal_tier=channel-cal;cal_src=wet_rederive_1236_20260719;pressure_context_source=weather_openmeteo;transport=wifi_poll,
plants.soil,2026-07-28T12:31:08.183Z,2026-07-28 07:31:08.183,26059,6762df,y9d41p,0.7.3,fleet_logger_0_1,598740041,UMLIFE_v2_TLC555,ch3,origplant,soil_moisture,1435,,,OK,,,986.2,,name=classic;level=well watered;role=disp;spread=24;gpio=35;device_seq=79831;time_source=device_synced;device_timestamp_utc=2026-07-28T12:30:50.483Z;config_id=257fa022;rssi=-62;uptime_s=598740;heap=195896;cal_tier=channel-cal;cal_src=wet_rederive_1236_20260719;pressure_context_source=weather_openmeteo;transport=wifi_poll,
plants.env,2026-07-28T12:31:08.183Z,2026-07-28 07:31:08.183,26060,6762df,y9d41p,0.7.3,fleet_logger_0_1,598740796,ESP32,esp32_die,on_chip,die_temp,,53.33,degC,OK,,,,,name=classic;source=esp32_die;cal=uncalibrated_board_proxy;api=temperatureRead;config_id=257fa022;transport=wifi_poll,
plants.soil,2026-07-28T12:31:38.419Z,2026-07-28 07:31:38.419,26061,6762df,y9d41p,0.7.3,fleet_logger_0_1,598770041,UMLIFE_v2_TLC555,ch0,origplant,soil_moisture,1567,,,OK,,,986.2,,name=classic;level=well watered;role=disp;spread=20;gpio=36;device_seq=79832;time_source=device_synced;device_timestamp_utc=2026-07-28T12:31:20.483Z;config_id=257fa022;rssi=-62;uptime_s=598770;heap=195908;cal_tier=channel-cal;cal_src=wet_rederive_1236_20260719;pressure_context_source=weather_openmeteo;transport=wifi_poll,
plants.soil,2026-07-28T12:31:38.419Z,2026-07-28 07:31:38.419,26062,6762df,y9d41p,0.7.3,fleet_logger_0_1,598770041,UMLIFE_v2_TLC555,ch1,origplant,soil_moisture,1699,,,OK,,,986.2,,name=classic;level=OK;role=disp;spread=30;gpio=39;device_seq=79833;time_source=device_synced;device_timestamp_utc=2026-07-28T12:31:20.483Z;config_id=257fa022;rssi=-62;uptime_s=598770;heap=195908;cal_tier=channel-cal;cal_src=wet_rederive_1236_20260719;pressure_context_source=weather_openmeteo;transport=wifi_poll,
plants.soil,2026-07-28T12:31:38.419Z,2026-07-28 07:31:38.419,26063,6762df,y9d41p,0.7.3,fleet_logger_0_1,598770041,UMLIFE_v2_TLC555,ch2,origplant,soil_moisture,1354,,,OK,,,986.2,,name=classic;level=overwatered;role=disp;spread=20;gpio=34;device_seq=79834;time_source=device_synced;device_timestamp_utc=2026-07-28T12:31:20.483Z;config_id=257fa022;rssi=-62;uptime_s=598770;heap=195908;cal_tier=channel-cal;cal_src=wet_rederive_1236_20260719;pressure_context_source=weather_openmeteo;transport=wifi_poll,
plants.soil,2026-07-28T12:31:38.419Z,2026-07-28 07:31:38.419,26064,6762df,y9d41p,0.7.3,fleet_logger_0_1,598770041,UMLIFE_v2_TLC555,ch3,origplant,soil_moisture,1438,,,OK,,,986.2,,name=classic;level=well watered;role=disp;spread=35;gpio=35;device_seq=79835;time_source=device_synced;device_timestamp_utc=2026-07-28T12:31:20.483Z;config_id=257fa022;rssi=-62;uptime_s=598770;heap=195908;cal_tier=channel-cal;cal_src=wet_rederive_1236_20260719;pressure_context_source=weather_openmeteo;transport=wifi_poll,
plants.env,2026-07-28T12:31:38.419Z,2026-07-28 07:31:38.419,26065,6762df,y9d41p,0.7.3,fleet_logger_0_1,598770797,ESP32,esp32_die,on_chip,die_temp,,53.33,degC,OK,,,,,name=classic;source=esp32_die;cal=uncalibrated_board_proxy;api=temperatureRead;config_id=257fa022;transport=wifi_poll,
plants.soil,2026-07-28T12:32:09.321Z,2026-07-28 07:32:09.321,26066,6762df,y9d41p,0.7.3,fleet_logger_0_1,598800041,UMLIFE_v2_TLC555,ch0,origplant,soil_moisture,1572,,,OK,,,986.2,,name=classic;level=well watered;role=disp;spread=39;gpio=36;device_seq=79836;time_source=device_synced;device_timestamp_utc=2026-07-28T12:31:50.483Z;config_id=257fa022;rssi=-62;uptime_s=598800;heap=195908;cal_tier=channel-cal;cal_src=wet_rederive_1236_20260719;pressure_context_source=weather_openmeteo;transport=wifi_poll,
plants.soil,2026-07-28T12:32:09.321Z,2026-07-28 07:32:09.321,26067,6762df,y9d41p,0.7.3,fleet_logger_0_1,598800041,UMLIFE_v2_TLC555,ch1,origplant,soil_moisture,1703,,,OK,,,986.2,,name=classic;level=OK;role=disp;spread=39;gpio=39;device_seq=79837;time_source=device_synced;device_timestamp_utc=2026-07-28T12:31:50.483Z;config_id=257fa022;rssi=-62;uptime_s=598800;heap=195908;cal_tier=channel-cal;cal_src=wet_rederive_1236_20260719;pressure_context_source=weather_openmeteo;transport=wifi_poll,
plants.soil,2026-07-28T12:32:09.321Z,2026-07-28 07:32:09.321,26068,6762df,y9d41p,0.7.3,fleet_logger_0_1,598800041,UMLIFE_v2_TLC555,ch2,origplant,soil_moisture,1356,,,OK,,,986.2,,name=classic;level=overwatered;role=disp;spread=25;gpio=34;device_seq=79838;time_source=device_synced;device_timestamp_utc=2026-07-28T12:31:50.483Z;config_id=257fa022;rssi=-62;uptime_s=598800;heap=195908;cal_tier=channel-cal;cal_src=wet_rederive_1236_20260719;pressure_context_source=weather_openmeteo;transport=wifi_poll,
plants.soil,2026-07-28T12:32:09.321Z,2026-07-28 07:32:09.321,26069,6762df,y9d41p,0.7.3,fleet_logger_0_1,598800041,UMLIFE_v2_TLC555,ch3,origplant,soil_moisture,1442,,,OK,,,986.2,,name=classic;level=well watered;role=disp;spread=10;gpio=35;device_seq=79839;time_source=device_synced;device_timestamp_utc=2026-07-28T12:31:50.483Z;config_id=257fa022;rssi=-62;uptime_s=598800;heap=195908;cal_tier=channel-cal;cal_src=wet_rederive_1236_20260719;pressure_context_source=weather_openmeteo;transport=wifi_poll,
plants.env,2026-07-28T12:32:09.321Z,2026-07-28 07:32:09.321,26070,6762df,y9d41p,0.7.3,fleet_logger_0_1,598801863,ESP32,esp32_die,on_chip,die_temp,,53.33,degC,OK,,,,,name=classic;source=esp32_die;cal=uncalibrated_board_proxy;api=temperatureRead;config_id=257fa022;transport=wifi_poll,
plants.soil,2026-07-28T12:32:39.737Z,2026-07-28 07:32:39.737,26071,6762df,y9d41p,0.7.3,fleet_logger_0_1,598830041,UMLIFE_v2_TLC555,ch0,origplant,soil_moisture,1570,,,OK,,,986.2,,name=classic;level=well watered;role=disp;spread=32;gpio=36;device_seq=79840;time_source=device_synced;device_timestamp_utc=2026-07-28T12:32:20.483Z;config_id=257fa022;rssi=-60;uptime_s=598830;heap=195632;cal_tier=channel-cal;cal_src=wet_rederive_1236_20260719;pressure_context_source=weather_openmeteo;transport=wifi_poll,
plants.soil,2026-07-28T12:32:39.737Z,2026-07-28 07:32:39.737,26072,6762df,y9d41p,0.7.3,fleet_logger_0_1,598830041,UMLIFE_v2_TLC555,ch1,origplant,soil_moisture,1703,,,OK,,,986.2,,name=classic;level=OK;role=disp;spread=33;gpio=39;device_seq=79841;time_source=device_synced;device_timestamp_utc=2026-07-28T12:32:20.483Z;config_id=257fa022;rssi=-60;uptime_s=598830;heap=195632;cal_tier=channel-cal;cal_src=wet_rederive_1236_20260719;pressure_context_source=weather_openmeteo;transport=wifi_poll,
plants.soil,2026-07-28T12:32:39.737Z,2026-07-28 07:32:39.737,26073,6762df,y9d41p,0.7.3,fleet_logger_0_1,598830041,UMLIFE_v2_TLC555,ch2,origplant,soil_moisture,1355,,,OK,,,986.2,,name=classic;level=overwatered;role=disp;spread=17;gpio=34;device_seq=79842;time_source=device_synced;device_timestamp_utc=2026-07-28T12:32:20.483Z;config_id=257fa022;rssi=-60;uptime_s=598830;heap=195632;cal_tier=channel-cal;cal_src=wet_rederive_1236_20260719;pressure_context_source=weather_openmeteo;transport=wifi_poll,
plants.soil,2026-07-28T12:32:39.737Z,2026-07-28 07:32:39.737,26074,6762df,y9d41p,0.7.3,fleet_logger_0_1,598830041,UMLIFE_v2_TLC555,ch3,origplant,soil_moisture,1438,,,OK,,,986.2,,name=classic;level=well watered;role=disp;spread=22;gpio=35;device_seq=79843;time_source=device_synced;device_timestamp_utc=2026-07-28T12:32:20.483Z;config_id=257fa022;rssi=-60;uptime_s=598830;heap=195632;cal_tier=channel-cal;cal_src=wet_rederive_1236_20260719;pressure_context_source=weather_openmeteo;transport=wifi_poll,
plants.env,2026-07-28T12:32:39.737Z,2026-07-28 07:32:39.737,26075,6762df,y9d41p,0.7.3,fleet_logger_0_1,598830796,ESP32,esp32_die,on_chip,die_temp,,53.33,degC,OK,,,,,name=classic;source=esp32_die;cal=uncalibrated_board_proxy;api=temperatureRead;config_id=257fa022;transport=wifi_poll,
plants.soil,2026-07-28T12:33:10.050Z,2026-07-28 07:33:10.050,26076,6762df,y9d41p,0.7.3,fleet_logger_0_1,598860041,UMLIFE_v2_TLC555,ch0,origplant,soil_moisture,1570,,,OK,,,986.2,,name=classic;level=well watered;role=disp;spread=48;gpio=36;device_seq=79844;time_source=device_synced;device_timestamp_utc=2026-07-28T12:32:50.483Z;config_id=257fa022;rssi=-62;uptime_s=598860;heap=195628;cal_tier=channel-cal;cal_src=wet_rederive_1236_20260719;pressure_context_source=weather_openmeteo;transport=wifi_poll,
plants.soil,2026-07-28T12:33:10.050Z,2026-07-28 07:33:10.050,26077,6762df,y9d41p,0.7.3,fleet_logger_0_1,598860041,UMLIFE_v2_TLC555,ch1,origplant,soil_moisture,1703,,,OK,,,986.2,,name=classic;level=OK;role=disp;spread=21;gpio=39;device_seq=79845;time_source=device_synced;device_timestamp_utc=2026-07-28T12:32:50.483Z;config_id=257fa022;rssi=-62;uptime_s=598860;heap=195628;cal_tier=channel-cal;cal_src=wet_rederive_1236_20260719;pressure_context_source=weather_openmeteo;transport=wifi_poll,
plants.soil,2026-07-28T12:33:10.050Z,2026-07-28 07:33:10.050,26078,6762df,y9d41p,0.7.3,fleet_logger_0_1,598860041,UMLIFE_v2_TLC555,ch2,origplant,soil_moisture,1354,,,OK,,,986.2,,name=classic;level=overwatered;role=disp;spread=31;gpio=34;device_seq=79846;time_source=device_synced;device_timestamp_utc=2026-07-28T12:32:50.483Z;config_id=257fa022;rssi=-62;uptime_s=598860;heap=195628;cal_tier=channel-cal;cal_src=wet_rederive_1236_20260719;pressure_context_source=weather_openmeteo;transport=wifi_poll,
plants.soil,2026-07-28T12:33:10.050Z,2026-07-28 07:33:10.050,26079,6762df,y9d41p,0.7.3,fleet_logger_0_1,598860041,UMLIFE_v2_TLC555,ch3,origplant,soil_moisture,1436,,,OK,,,986.2,,name=classic;level=well watered;role=disp;spread=19;gpio=35;device_seq=79847;time_source=device_synced;device_timestamp_utc=2026-07-28T12:32:50.483Z;config_id=257fa022;rssi=-62;uptime_s=598860;heap=195628;cal_tier=channel-cal;cal_src=wet_rederive_1236_20260719;pressure_context_source=weather_openmeteo;transport=wifi_poll,
plants.env,2026-07-28T12:33:10.050Z,2026-07-28 07:33:10.050,26080,6762df,y9d41p,0.7.3,fleet_logger_0_1,598860796,ESP32,esp32_die,on_chip,die_temp,,53.89,degC,OK,,,,,name=classic;source=esp32_die;cal=uncalibrated_board_proxy;api=temperatureRead;config_id=257fa022;transport=wifi_poll,
plants.soil,2026-07-28T12:33:40.480Z,2026-07-28 07:33:40.480,26081,6762df,y9d41p,0.7.3,fleet_logger_0_1,598890041,UMLIFE_v2_TLC555,ch0,origplant,soil_moisture,1577,,,OK,,,986.2,,name=classic;level=well watered;role=disp;spread=31;gpio=36;device_seq=79848;time_source=device_synced;device_timestamp_utc=2026-07-28T12:33:20.483Z;config_id=257fa022;rssi=-57;uptime_s=598890;heap=195892;cal_tier=channel-cal;cal_src=wet_rederive_1236_20260719;pressure_context_source=weather_openmeteo;transport=wifi_poll,
plants.soil,2026-07-28T12:33:40.480Z,2026-07-28 07:33:40.480,26082,6762df,y9d41p,0.7.3,fleet_logger_0_1,598890041,UMLIFE_v2_TLC555,ch1,origplant,soil_moisture,1706,,,OK,,,986.2,,name=classic;level=OK;role=disp;spread=16;gpio=39;device_seq=79849;time_source=device_synced;device_timestamp_utc=2026-07-28T12:33:20.483Z;config_id=257fa022;rssi=-57;uptime_s=598890;heap=195892;cal_tier=channel-cal;cal_src=wet_rederive_1236_20260719;pressure_context_source=weather_openmeteo;transport=wifi_poll,
plants.soil,2026-07-28T12:33:40.480Z,2026-07-28 07:33:40.480,26083,6762df,y9d41p,0.7.3,fleet_logger_0_1,598890041,UMLIFE_v2_TLC555,ch2,origplant,soil_moisture,1355,,,OK,,,986.2,,name=classic;level=overwatered;role=disp;spread=44;gpio=34;device_seq=79850;time_source=device_synced;device_timestamp_utc=2026-07-28T12:33:20.483Z;config_id=257fa022;rssi=-57;uptime_s=598890;heap=195892;cal_tier=channel-cal;cal_src=wet_rederive_1236_20260719;pressure_context_source=weather_openmeteo;transport=wifi_poll,
plants.soil,2026-07-28T12:33:40.480Z,2026-07-28 07:33:40.480,26084,6762df,y9d41p,0.7.3,fleet_logger_0_1,598890041,UMLIFE_v2_TLC555,ch3,origplant,soil_moisture,1435,,,OK,,,986.2,,name=classic;level=well watered;role=disp;spread=32;gpio=35;device_seq=79851;time_source=device_synced;device_timestamp_utc=2026-07-28T12:33:20.483Z;config_id=257fa022;rssi=-57;uptime_s=598890;heap=195892;cal_tier=channel-cal;cal_src=wet_rederive_1236_20260719;pressure_context_source=weather_openmeteo;transport=wifi_poll,
plants.env,2026-07-28T12:33:40.480Z,2026-07-28 07:33:40.480,26085,6762df,y9d41p,0.7.3,fleet_logger_0_1,598890796,ESP32,esp32_die,on_chip,die_temp,,53.33,degC,OK,,,,,name=classic;source=esp32_die;cal=uncalibrated_board_proxy;api=temperatureRead;config_id=257fa022;transport=wifi_poll,
plants.soil,2026-07-28T12:34:10.870Z,2026-07-28 07:34:10.870,26086,6762df,y9d41p,0.7.3,fleet_logger_0_1,598920041,UMLIFE_v2_TLC555,ch0,origplant,soil_moisture,1572,,,OK,,,986.2,,name=classic;level=well watered;role=disp;spread=28;gpio=36;device_seq=79852;time_source=device_synced;device_timestamp_utc=2026-07-28T12:33:50.483Z;config_id=257fa022;rssi=-61;uptime_s=598920;heap=195892;cal_tier=channel-cal;cal_src=wet_rederive_1236_20260719;pressure_context_source=weather_openmeteo;transport=wifi_poll,
plants.soil,2026-07-28T12:34:10.870Z,2026-07-28 07:34:10.870,26087,6762df,y9d41p,0.7.3,fleet_logger_0_1,598920041,UMLIFE_v2_TLC555,ch1,origplant,soil_moisture,1698,,,OK,,,986.2,,name=classic;level=OK;role=disp;spread=20;gpio=39;device_seq=79853;time_source=device_synced;device_timestamp_utc=2026-07-28T12:33:50.483Z;config_id=257fa022;rssi=-61;uptime_s=598920;heap=195892;cal_tier=channel-cal;cal_src=wet_rederive_1236_20260719;pressure_context_source=weather_openmeteo;transport=wifi_poll,
plants.soil,2026-07-28T12:34:10.870Z,2026-07-28 07:34:10.870,26088,6762df,y9d41p,0.7.3,fleet_logger_0_1,598920041,UMLIFE_v2_TLC555,ch2,origplant,soil_moisture,1355,,,OK,,,986.2,,name=classic;level=overwatered;role=disp;spread=20;gpio=34;device_seq=79854;time_source=device_synced;device_timestamp_utc=2026-07-28T12:33:50.483Z;config_id=257fa022;rssi=-61;uptime_s=598920;heap=195892;cal_tier=channel-cal;cal_src=wet_rederive_1236_20260719;pressure_context_source=weather_openmeteo;transport=wifi_poll,
plants.soil,2026-07-28T12:34:10.870Z,2026-07-28 07:34:10.870,26089,6762df,y9d41p,0.7.3,fleet_logger_0_1,598920041,UMLIFE_v2_TLC555,ch3,origplant,soil_moisture,1440,,,OK,,,986.2,,name=classic;level=well watered;role=disp;spread=22;gpio=35;device_seq=79855;time_source=device_synced;device_timestamp_utc=2026-07-28T12:33:50.483Z;config_id=257fa022;rssi=-61;uptime_s=598920;heap=195892;cal_tier=channel-cal;cal_src=wet_rederive_1236_20260719;pressure_context_source=weather_openmeteo;transport=wifi_poll,
plants.env,2026-07-28T12:34:10.870Z,2026-07-28 07:34:10.870,26090,6762df,y9d41p,0.7.3,fleet_logger_0_1,598920796,ESP32,esp32_die,on_chip,die_temp,,53.33,degC,OK,,,,,name=classic;source=esp32_die;cal=uncalibrated_board_proxy;api=temperatureRead;config_id=257fa022;transport=wifi_poll,
plants.soil,2026-07-28T12:34:41.288Z,2026-07-28 07:34:41.288,26091,6762df,y9d41p,0.7.3,fleet_logger_0_1,598950041,UMLIFE_v2_TLC555,ch0,origplant,soil_moisture,1569,,,OK,,,986.2,,name=classic;level=well watered;role=disp;spread=35;gpio=36;device_seq=79856;time_source=device_synced;device_timestamp_utc=2026-07-28T12:34:20.483Z;config_id=257fa022;rssi=-62;uptime_s=598950;heap=195892;cal_tier=channel-cal;cal_src=wet_rederive_1236_20260719;pressure_context_source=weather_openmeteo;transport=wifi_poll,
plants.soil,2026-07-28T12:34:41.288Z,2026-07-28 07:34:41.288,26092,6762df,y9d41p,0.7.3,fleet_logger_0_1,598950041,UMLIFE_v2_TLC555,ch1,origplant,soil_moisture,1705,,,OK,,,986.2,,name=classic;level=OK;role=disp;spread=39;gpio=39;device_seq=79857;time_source=device_synced;device_timestamp_utc=2026-07-28T12:34:20.483Z;config_id=257fa022;rssi=-62;uptime_s=598950;heap=195892;cal_tier=channel-cal;cal_src=wet_rederive_1236_20260719;pressure_context_source=weather_openmeteo;transport=wifi_poll,
plants.soil,2026-07-28T12:34:41.288Z,2026-07-28 07:34:41.288,26093,6762df,y9d41p,0.7.3,fleet_logger_0_1,598950041,UMLIFE_v2_TLC555,ch2,origplant,soil_moisture,1352,,,OK,,,986.2,,name=classic;level=overwatered;role=disp;spread=34;gpio=34;device_seq=79858;time_source=device_synced;device_timestamp_utc=2026-07-28T12:34:20.483Z;config_id=257fa022;rssi=-62;uptime_s=598950;heap=195892;cal_tier=channel-cal;cal_src=wet_rederive_1236_20260719;pressure_context_source=weather_openmeteo;transport=wifi_poll,
plants.soil,2026-07-28T12:34:41.288Z,2026-07-28 07:34:41.288,26094,6762df,y9d41p,0.7.3,fleet_logger_0_1,598950041,UMLIFE_v2_TLC555,ch3,origplant,soil_moisture,1433,,,OK,,,986.2,,name=classic;level=well watered;role=disp;spread=15;gpio=35;device_seq=79859;time_source=device_synced;device_timestamp_utc=2026-07-28T12:34:20.483Z;config_id=257fa022;rssi=-62;uptime_s=598950;heap=195892;cal_tier=channel-cal;cal_src=wet_rederive_1236_20260719;pressure_context_source=weather_openmeteo;transport=wifi_poll,
plants.env,2026-07-28T12:34:41.288Z,2026-07-28 07:34:41.288,26095,6762df,y9d41p,0.7.3,fleet_logger_0_1,598950797,ESP32,esp32_die,on_chip,die_temp,,53.33,degC,OK,,,,,name=classic;source=esp32_die;cal=uncalibrated_board_proxy;api=temperatureRead;config_id=257fa022;transport=wifi_poll,
plants.soil,2026-07-28T12:35:11.612Z,2026-07-28 07:35:11.612,26096,6762df,y9d41p,0.7.3,fleet_logger_0_1,598980041,UMLIFE_v2_TLC555,ch0,origplant,soil_moisture,1592,,,OK,,,986.2,,name=classic;level=well watered;role=disp;spread=42;gpio=36;device_seq=79860;time_source=device_synced;device_timestamp_utc=2026-07-28T12:34:50.483Z;config_id=257fa022;rssi=-63;uptime_s=598980;heap=195892;cal_tier=channel-cal;cal_src=wet_rederive_1236_20260719;pressure_context_source=weather_openmeteo;transport=wifi_poll,
plants.soil,2026-07-28T12:35:11.612Z,2026-07-28 07:35:11.612,26097,6762df,y9d41p,0.7.3,fleet_logger_0_1,598980041,UMLIFE_v2_TLC555,ch1,origplant,soil_moisture,1711,,,OK,,,986.2,,name=classic;level=OK;role=disp;spread=48;gpio=39;device_seq=79861;time_source=device_synced;device_timestamp_utc=2026-07-28T12:34:50.483Z;config_id=257fa022;rssi=-63;uptime_s=598980;heap=195892;cal_tier=channel-cal;cal_src=wet_rederive_1236_20260719;pressure_context_source=weather_openmeteo;transport=wifi_poll,
plants.soil,2026-07-28T12:35:11.612Z,2026-07-28 07:35:11.612,26098,6762df,y9d41p,0.7.3,fleet_logger_0_1,598980041,UMLIFE_v2_TLC555,ch2,origplant,soil_moisture,1358,,,OK,,,986.2,,name=classic;level=overwatered;role=disp;spread=36;gpio=34;device_seq=79862;time_source=device_synced;device_timestamp_utc=2026-07-28T12:34:50.483Z;config_id=257fa022;rssi=-63;uptime_s=598980;heap=195892;cal_tier=channel-cal;cal_src=wet_rederive_1236_20260719;pressure_context_source=weather_openmeteo;transport=wifi_poll,
plants.soil,2026-07-28T12:35:11.612Z,2026-07-28 07:35:11.612,26099,6762df,y9d41p,0.7.3,fleet_logger_0_1,598980041,UMLIFE_v2_TLC555,ch3,origplant,soil_moisture,1441,,,OK,,,986.2,,name=classic;level=well watered;role=disp;spread=35;gpio=35;device_seq=79863;time_source=device_synced;device_timestamp_utc=2026-07-28T12:34:50.483Z;config_id=257fa022;rssi=-63;uptime_s=598980;heap=195892;cal_tier=channel-cal;cal_src=wet_rederive_1236_20260719;pressure_context_source=weather_openmeteo;transport=wifi_poll,
plants.env,2026-07-28T12:35:11.612Z,2026-07-28 07:35:11.612,26100,6762df,y9d41p,0.7.3,fleet_logger_0_1,598980797,ESP32,esp32_die,on_chip,die_temp,,53.33,degC,OK,,,,,name=classic;source=esp32_die;cal=uncalibrated_board_proxy;api=temperatureRead;config_id=257fa022;transport=wifi_poll,
plants.soil,2026-07-28T12:35:42.007Z,2026-07-28 07:35:42.007,26101,6762df,y9d41p,0.7.3,fleet_logger_0_1,599010041,UMLIFE_v2_TLC555,ch0,origplant,soil_moisture,1589,,,OK,,,986.2,,name=classic;level=well watered;role=disp;spread=16;gpio=36;device_seq=79864;time_source=device_synced;device_timestamp_utc=2026-07-28T12:35:20.483Z;config_id=257fa022;rssi=-62;uptime_s=599010;heap=195636;cal_tier=channel-cal;cal_src=wet_rederive_1236_20260719;pressure_context_source=weather_openmeteo;transport=wifi_poll,
plants.soil,2026-07-28T12:35:42.007Z,2026-07-28 07:35:42.007,26102,6762df,y9d41p,0.7.3,fleet_logger_0_1,599010041,UMLIFE_v2_TLC555,ch1,origplant,soil_moisture,1716,,,OK,,,986.2,,name=classic;level=OK;role=disp;spread=27;gpio=39;device_seq=79865;time_source=device_synced;device_timestamp_utc=2026-07-28T12:35:20.483Z;config_id=257fa022;rssi=-62;uptime_s=599010;heap=195636;cal_tier=channel-cal;cal_src=wet_rederive_1236_20260719;pressure_context_source=weather_openmeteo;transport=wifi_poll,
plants.soil,2026-07-28T12:35:42.007Z,2026-07-28 07:35:42.007,26103,6762df,y9d41p,0.7.3,fleet_logger_0_1,599010041,UMLIFE_v2_TLC555,ch2,origplant,soil_moisture,1359,,,OK,,,986.2,,name=classic;level=overwatered;role=disp;spread=26;gpio=34;device_seq=79866;time_source=device_synced;device_timestamp_utc=2026-07-28T12:35:20.483Z;config_id=257fa022;rssi=-62;uptime_s=599010;heap=195636;cal_tier=channel-cal;cal_src=wet_rederive_1236_20260719;pressure_context_source=weather_openmeteo;transport=wifi_poll,
plants.soil,2026-07-28T12:35:42.007Z,2026-07-28 07:35:42.007,26104,6762df,y9d41p,0.7.3,fleet_logger_0_1,599010041,UMLIFE_v2_TLC555,ch3,origplant,soil_moisture,1440,,,OK,,,986.2,,name=classic;level=well watered;role=disp;spread=19;gpio=35;device_seq=79867;time_source=device_synced;device_timestamp_utc=2026-07-28T12:35:20.483Z;config_id=257fa022;rssi=-62;uptime_s=599010;heap=195636;cal_tier=channel-cal;cal_src=wet_rederive_1236_20260719;pressure_context_source=weather_openmeteo;transport=wifi_poll,
plants.env,2026-07-28T12:35:42.007Z,2026-07-28 07:35:42.007,26105,6762df,y9d41p,0.7.3,fleet_logger_0_1,599010797,ESP32,esp32_die,on_chip,die_temp,,53.33,degC,OK,,,,,name=classic;source=esp32_die;cal=uncalibrated_board_proxy;api=temperatureRead;config_id=257fa022;transport=wifi_poll,
plants.soil,2026-07-28T12:36:12.500Z,2026-07-28 07:36:12.500,26106,6762df,y9d41p,0.7.3,fleet_logger_0_1,599040041,UMLIFE_v2_TLC555,ch0,origplant,soil_moisture,1590,,,OK,,,986.2,,name=classic;level=well watered;role=disp;spread=46;gpio=36;device_seq=79868;time_source=device_synced;device_timestamp_utc=2026-07-28T12:35:50.483Z;config_id=257fa022;rssi=-62;uptime_s=599040;heap=195636;cal_tier=channel-cal;cal_src=wet_rederive_1236_20260719;pressure_context_source=weather_openmeteo;transport=wifi_poll,
plants.soil,2026-07-28T12:36:12.500Z,2026-07-28 07:36:12.500,26107,6762df,y9d41p,0.7.3,fleet_logger_0_1,599040041,UMLIFE_v2_TLC555,ch1,origplant,soil_moisture,1718,,,OK,,,986.2,,name=classic;level=OK;role=disp;spread=29;gpio=39;device_seq=79869;time_source=device_synced;device_timestamp_utc=2026-07-28T12:35:50.483Z;config_id=257fa022;rssi=-62;uptime_s=599040;heap=195636;cal_tier=channel-cal;cal_src=wet_rederive_1236_20260719;pressure_context_source=weather_openmeteo;transport=wifi_poll,
plants.soil,2026-07-28T12:36:12.500Z,2026-07-28 07:36:12.500,26108,6762df,y9d41p,0.7.3,fleet_logger_0_1,599040041,UMLIFE_v2_TLC555,ch2,origplant,soil_moisture,1361,,,OK,,,986.2,,name=classic;level=overwatered;role=disp;spread=40;gpio=34;device_seq=79870;time_source=device_synced;device_timestamp_utc=2026-07-28T12:35:50.483Z;config_id=257fa022;rssi=-62;uptime_s=599040;heap=195636;cal_tier=channel-cal;cal_src=wet_rederive_1236_20260719;pressure_context_source=weather_openmeteo;transport=wifi_poll,
plants.soil,2026-07-28T12:36:12.500Z,2026-07-28 07:36:12.500,26109,6762df,y9d41p,0.7.3,fleet_logger_0_1,599040041,UMLIFE_v2_TLC555,ch3,origplant,soil_moisture,1444,,,OK,,,986.2,,name=classic;level=well watered;role=disp;spread=28;gpio=35;device_seq=79871;time_source=device_synced;device_timestamp_utc=2026-07-28T12:35:50.483Z;config_id=257fa022;rssi=-62;uptime_s=599040;heap=195636;cal_tier=channel-cal;cal_src=wet_rederive_1236_20260719;pressure_context_source=weather_openmeteo;transport=wifi_poll,
plants.env,2026-07-28T12:36:12.500Z,2026-07-28 07:36:12.500,26110,6762df,y9d41p,0.7.3,fleet_logger_0_1,599040797,ESP32,esp32_die,on_chip,die_temp,,53.33,degC,OK,,,,,name=classic;source=esp32_die;cal=uncalibrated_board_proxy;api=temperatureRead;config_id=257fa022;transport=wifi_poll,
plants.soil,2026-07-28T12:36:42.815Z,2026-07-28 07:36:42.815,26111,6762df,y9d41p,0.7.3,fleet_logger_0_1,599070041,UMLIFE_v2_TLC555,ch0,origplant,soil_moisture,1567,,,OK,,,986.2,,name=classic;level=well watered;role=disp;spread=32;gpio=36;device_seq=79872;time_source=device_synced;device_timestamp_utc=2026-07-28T12:36:20.483Z;config_id=257fa022;rssi=-62;uptime_s=599070;heap=195892;cal_tier=channel-cal;cal_src=wet_rederive_1236_20260719;pressure_context_source=weather_openmeteo;transport=wifi_poll,
plants.soil,2026-07-28T12:36:42.815Z,2026-07-28 07:36:42.815,26112,6762df,y9d41p,0.7.3,fleet_logger_0_1,599070041,UMLIFE_v2_TLC555,ch1,origplant,soil_moisture,1692,,,OK,,,986.2,,name=classic;level=OK;role=disp;spread=51;gpio=39;device_seq=79873;time_source=device_synced;device_timestamp_utc=2026-07-28T12:36:20.483Z;config_id=257fa022;rssi=-62;uptime_s=599070;heap=195892;cal_tier=channel-cal;cal_src=wet_rederive_1236_20260719;pressure_context_source=weather_openmeteo;transport=wifi_poll,
plants.soil,2026-07-28T12:36:42.815Z,2026-07-28 07:36:42.815,26113,6762df,y9d41p,0.7.3,fleet_logger_0_1,599070041,UMLIFE_v2_TLC555,ch2,origplant,soil_moisture,1352,,,OK,,,986.2,,name=classic;level=overwatered;role=disp;spread=39;gpio=34;device_seq=79874;time_source=device_synced;device_timestamp_utc=2026-07-28T12:36:20.483Z;config_id=257fa022;rssi=-62;uptime_s=599070;heap=195892;cal_tier=channel-cal;cal_src=wet_rederive_1236_20260719;pressure_context_source=weather_openmeteo;transport=wifi_poll,
plants.soil,2026-07-28T12:36:42.815Z,2026-07-28 07:36:42.815,26114,6762df,y9d41p,0.7.3,fleet_logger_0_1,599070041,UMLIFE_v2_TLC555,ch3,origplant,soil_moisture,1438,,,OK,,,986.2,,name=classic;level=well watered;role=disp;spread=12;gpio=35;device_seq=79875;time_source=device_synced;device_timestamp_utc=2026-07-28T12:36:20.483Z;config_id=257fa022;rssi=-62;uptime_s=599070;heap=195892;cal_tier=channel-cal;cal_src=wet_rederive_1236_20260719;pressure_context_source=weather_openmeteo;transport=wifi_poll,
plants.env,2026-07-28T12:36:42.815Z,2026-07-28 07:36:42.815,26115,6762df,y9d41p,0.7.3,fleet_logger_0_1,599070797,ESP32,esp32_die,on_chip,die_temp,,53.33,degC,OK,,,,,name=classic;source=esp32_die;cal=uncalibrated_board_proxy;api=temperatureRead;config_id=257fa022;transport=wifi_poll,
plants.soil,2026-07-28T12:37:13.113Z,2026-07-28 07:37:13.113,26116,6762df,y9d41p,0.7.3,fleet_logger_0_1,599100041,UMLIFE_v2_TLC555,ch0,origplant,soil_moisture,1592,,,OK,,,986.2,,name=classic;level=well watered;role=disp;spread=33;gpio=36;device_seq=79876;time_source=device_synced;device_timestamp_utc=2026-07-28T12:36:50.483Z;config_id=257fa022;rssi=-62;uptime_s=599100;heap=195892;cal_tier=channel-cal;cal_src=wet_rederive_1236_20260719;pressure_context_source=weather_openmeteo;transport=wifi_poll,
plants.soil,2026-07-28T12:37:13.113Z,2026-07-28 07:37:13.113,26117,6762df,y9d41p,0.7.3,fleet_logger_0_1,599100041,UMLIFE_v2_TLC555,ch1,origplant,soil_moisture,1718,,,OK,,,986.2,,name=classic;level=OK;role=disp;spread=24;gpio=39;device_seq=79877;time_source=device_synced;device_timestamp_utc=2026-07-28T12:36:50.483Z;config_id=257fa022;rssi=-62;uptime_s=599100;heap=195892;cal_tier=channel-cal;cal_src=wet_rederive_1236_20260719;pressure_context_source=weather_openmeteo;transport=wifi_poll,
plants.soil,2026-07-28T12:37:13.113Z,2026-07-28 07:37:13.113,26118,6762df,y9d41p,0.7.3,fleet_logger_0_1,599100041,UMLIFE_v2_TLC555,ch2,origplant,soil_moisture,1380,,,OK,,,986.2,,name=classic;level=overwatered;role=disp;spread=45;gpio=34;device_seq=79878;time_source=device_synced;device_timestamp_utc=2026-07-28T12:36:50.483Z;config_id=257fa022;rssi=-62;uptime_s=599100;heap=195892;cal_tier=channel-cal;cal_src=wet_rederive_1236_20260719;pressure_context_source=weather_openmeteo;transport=wifi_poll,
plants.soil,2026-07-28T12:37:13.113Z,2026-07-28 07:37:13.113,26119,6762df,y9d41p,0.7.3,fleet_logger_0_1,599100041,UMLIFE_v2_TLC555,ch3,origplant,soil_moisture,1445,,,OK,,,986.2,,name=classic;level=well watered;role=disp;spread=27;gpio=35;device_seq=79879;time_source=device_synced;device_timestamp_utc=2026-07-28T12:36:50.483Z;config_id=257fa022;rssi=-62;uptime_s=599100;heap=195892;cal_tier=channel-cal;cal_src=wet_rederive_1236_20260719;pressure_context_source=weather_openmeteo;transport=wifi_poll,
plants.env,2026-07-28T12:37:13.113Z,2026-07-28 07:37:13.113,26120,6762df,y9d41p,0.7.3,fleet_logger_0_1,599100797,ESP32,esp32_die,on_chip,die_temp,,53.33,degC,OK,,,,,name=classic;source=esp32_die;cal=uncalibrated_board_proxy;api=temperatureRead;config_id=257fa022;transport=wifi_poll,
plants.soil,2026-07-28T12:37:43.554Z,2026-07-28 07:37:43.554,26121,6762df,y9d41p,0.7.3,fleet_logger_0_1,599130041,UMLIFE_v2_TLC555,ch0,origplant,soil_moisture,1590,,,OK,,,986.2,,name=classic;level=well watered;role=disp;spread=49;gpio=36;device_seq=79880;time_source=device_synced;device_timestamp_utc=2026-07-28T12:37:20.483Z;config_id=257fa022;rssi=-62;uptime_s=599130;heap=195908;cal_tier=channel-cal;cal_src=wet_rederive_1236_20260719;pressure_context_source=weather_openmeteo;transport=wifi_poll,
plants.soil,2026-07-28T12:37:43.554Z,2026-07-28 07:37:43.554,26122,6762df,y9d41p,0.7.3,fleet_logger_0_1,599130041,UMLIFE_v2_TLC555,ch1,origplant,soil_moisture,1725,,,OK,,,986.2,,name=classic;level=OK;role=disp;spread=53;gpio=39;device_seq=79881;time_source=device_synced;device_timestamp_utc=2026-07-28T12:37:20.483Z;config_id=257fa022;rssi=-62;uptime_s=599130;heap=195908;cal_tier=channel-cal;cal_src=wet_rederive_1236_20260719;pressure_context_source=weather_openmeteo;transport=wifi_poll,
plants.soil,2026-07-28T12:37:43.554Z,2026-07-28 07:37:43.554,26123,6762df,y9d41p,0.7.3,fleet_logger_0_1,599130041,UMLIFE_v2_TLC555,ch2,origplant,soil_moisture,1377,,,OK,,,986.2,,name=classic;level=overwatered;role=disp;spread=26;gpio=34;device_seq=79882;time_source=device_synced;device_timestamp_utc=2026-07-28T12:37:20.483Z;config_id=257fa022;rssi=-62;uptime_s=599130;heap=195908;cal_tier=channel-cal;cal_src=wet_rederive_1236_20260719;pressure_context_source=weather_openmeteo;transport=wifi_poll,
plants.soil,2026-07-28T12:37:43.554Z,2026-07-28 07:37:43.554,26124,6762df,y9d41p,0.7.3,fleet_logger_0_1,599130041,UMLIFE_v2_TLC555,ch3,origplant,soil_moisture,1448,,,OK,,,986.2,,name=classic;level=well watered;role=disp;spread=26;gpio=35;device_seq=79883;time_source=device_synced;device_timestamp_utc=2026-07-28T12:37:20.483Z;config_id=257fa022;rssi=-62;uptime_s=599130;heap=195908;cal_tier=channel-cal;cal_src=wet_rederive_1236_20260719;pressure_context_source=weather_openmeteo;transport=wifi_poll,
plants.env,2026-07-28T12:37:43.554Z,2026-07-28 07:37:43.554,26125,6762df,y9d41p,0.7.3,fleet_logger_0_1,599130797,ESP32,esp32_die,on_chip,die_temp,,53.33,degC,OK,,,,,name=classic;source=esp32_die;cal=uncalibrated_board_proxy;api=temperatureRead;config_id=257fa022;transport=wifi_poll,
plants.soil,2026-07-28T12:38:13.970Z,2026-07-28 07:38:13.970,26126,6762df,y9d41p,0.7.3,fleet_logger_0_1,599160041,UMLIFE_v2_TLC555,ch0,origplant,soil_moisture,1591,,,OK,,,986.2,,name=classic;level=well watered;role=disp;spread=52;gpio=36;device_seq=79884;time_source=device_synced;device_timestamp_utc=2026-07-28T12:37:50.483Z;config_id=257fa022;rssi=-62;uptime_s=599160;heap=195908;cal_tier=channel-cal;cal_src=wet_rederive_1236_20260719;pressure_context_source=weather_openmeteo;transport=wifi_poll,
plants.soil,2026-07-28T12:38:13.970Z,2026-07-28 07:38:13.970,26127,6762df,y9d41p,0.7.3,fleet_logger_0_1,599160041,UMLIFE_v2_TLC555,ch1,origplant,soil_moisture,1715,,,OK,,,986.2,,name=classic;level=OK;role=disp;spread=28;gpio=39;device_seq=79885;time_source=device_synced;device_timestamp_utc=2026-07-28T12:37:50.483Z;config_id=257fa022;rssi=-62;uptime_s=599160;heap=195908;cal_tier=channel-cal;cal_src=wet_rederive_1236_20260719;pressure_context_source=weather_openmeteo;transport=wifi_poll,
plants.soil,2026-07-28T12:38:13.970Z,2026-07-28 07:38:13.970,26128,6762df,y9d41p,0.7.3,fleet_logger_0_1,599160041,UMLIFE_v2_TLC555,ch2,origplant,soil_moisture,1378,,,OK,,,986.2,,name=classic;level=overwatered;role=disp;spread=52;gpio=34;device_seq=79886;time_source=device_synced;device_timestamp_utc=2026-07-28T12:37:50.483Z;config_id=257fa022;rssi=-62;uptime_s=599160;heap=195908;cal_tier=channel-cal;cal_src=wet_rederive_1236_20260719;pressure_context_source=weather_openmeteo;transport=wifi_poll,
plants.soil,2026-07-28T12:38:13.970Z,2026-07-28 07:38:13.970,26129,6762df,y9d41p,0.7.3,fleet_logger_0_1,599160041,UMLIFE_v2_TLC555,ch3,origplant,soil_moisture,1463,,,OK,,,986.2,,name=classic;level=well watered;role=disp;spread=26;gpio=35;device_seq=79887;time_source=device_synced;device_timestamp_utc=2026-07-28T12:37:50.483Z;config_id=257fa022;rssi=-62;uptime_s=599160;heap=195908;cal_tier=channel-cal;cal_src=wet_rederive_1236_20260719;pressure_context_source=weather_openmeteo;transport=wifi_poll,
plants.env,2026-07-28T12:38:13.970Z,2026-07-28 07:38:13.970,26130,6762df,y9d41p,0.7.3,fleet_logger_0_1,599160797,ESP32,esp32_die,on_chip,die_temp,,53.33,degC,OK,,,,,name=classic;source=esp32_die;cal=uncalibrated_board_proxy;api=temperatureRead;config_id=257fa022;transport=wifi_poll,
plants.soil,2026-07-28T12:39:16.729Z,2026-07-28 07:39:16.729,26131,6762df,y9d41p,0.7.3,fleet_logger_0_1,599220041,UMLIFE_v2_TLC555,ch0,origplant,soil_moisture,1589,,,OK,,,986.2,,name=classic;level=well watered;role=disp;spread=42;gpio=36;device_seq=79892;time_source=device_synced;device_timestamp_utc=2026-07-28T12:38:50.483Z;config_id=257fa022;rssi=-62;uptime_s=599220;heap=195484;cal_tier=channel-cal;cal_src=wet_rederive_1236_20260719;pressure_context_source=weather_openmeteo;transport=wifi_poll,
plants.soil,2026-07-28T12:39:16.729Z,2026-07-28 07:39:16.729,26132,6762df,y9d41p,0.7.3,fleet_logger_0_1,599220041,UMLIFE_v2_TLC555,ch1,origplant,soil_moisture,1718,,,OK,,,986.2,,name=classic;level=OK;role=disp;spread=41;gpio=39;device_seq=79893;time_source=device_synced;device_timestamp_utc=2026-07-28T12:38:50.483Z;config_id=257fa022;rssi=-62;uptime_s=599220;heap=195484;cal_tier=channel-cal;cal_src=wet_rederive_1236_20260719;pressure_context_source=weather_openmeteo;transport=wifi_poll,
plants.soil,2026-07-28T12:39:16.729Z,2026-07-28 07:39:16.729,26133,6762df,y9d41p,0.7.3,fleet_logger_0_1,599220041,UMLIFE_v2_TLC555,ch2,origplant,soil_moisture,1373,,,OK,,,986.2,,name=classic;level=overwatered;role=disp;spread=31;gpio=34;device_seq=79894;time_source=device_synced;device_timestamp_utc=2026-07-28T12:38:50.483Z;config_id=257fa022;rssi=-62;uptime_s=599220;heap=195484;cal_tier=channel-cal;cal_src=wet_rederive_1236_20260719;pressure_context_source=weather_openmeteo;transport=wifi_poll,
plants.soil,2026-07-28T12:39:16.729Z,2026-07-28 07:39:16.729,26134,6762df,y9d41p,0.7.3,fleet_logger_0_1,599220041,UMLIFE_v2_TLC555,ch3,origplant,soil_moisture,1463,,,OK,,,986.2,,name=classic;level=well watered;role=disp;spread=16;gpio=35;device_seq=79895;time_source=device_synced;device_timestamp_utc=2026-07-28T12:38:50.483Z;config_id=257fa022;rssi=-62;uptime_s=599220;heap=195484;cal_tier=channel-cal;cal_src=wet_rederive_1236_20260719;pressure_context_source=weather_openmeteo;transport=wifi_poll,
plants.env,2026-07-28T12:39:16.729Z,2026-07-28 07:39:16.729,26135,6762df,y9d41p,0.7.3,fleet_logger_0_1,599220796,ESP32,esp32_die,on_chip,die_temp,,53.33,degC,OK,,,,,name=classic;source=esp32_die;cal=uncalibrated_board_proxy;api=temperatureRead;config_id=257fa022;transport=wifi_poll,
plants.soil,2026-07-28T12:40:21.323Z,2026-07-28 07:40:21.323,26136,6762df,y9d41p,0.7.3,fleet_logger_0_1,599310041,UMLIFE_v2_TLC555,ch0,origplant,soil_moisture,1591,,,OK,,,986.2,,name=classic;level=well watered;role=disp;spread=16;gpio=36;device_seq=79904;time_source=device_synced;device_timestamp_utc=2026-07-28T12:40:20.483Z;config_id=257fa022;rssi=-62;uptime_s=599310;heap=196676;cal_tier=channel-cal;cal_src=wet_rederive_1236_20260719;pressure_context_source=weather_openmeteo;transport=wifi_poll,
plants.soil,2026-07-28T12:40:21.323Z,2026-07-28 07:40:21.323,26137,6762df,y9d41p,0.7.3,fleet_logger_0_1,599310041,UMLIFE_v2_TLC555,ch1,origplant,soil_moisture,1720,,,OK,,,986.2,,name=classic;level=OK;role=disp;spread=13;gpio=39;device_seq=79905;time_source=device_synced;device_timestamp_utc=2026-07-28T12:40:20.483Z;config_id=257fa022;rssi=-62;uptime_s=599310;heap=196676;cal_tier=channel-cal;cal_src=wet_rederive_1236_20260719;pressure_context_source=weather_openmeteo;transport=wifi_poll,
plants.soil,2026-07-28T12:40:21.323Z,2026-07-28 07:40:21.323,26138,6762df,y9d41p,0.7.3,fleet_logger_0_1,599310041,UMLIFE_v2_TLC555,ch2,origplant,soil_moisture,1379,,,OK,,,986.2,,name=classic;level=overwatered;role=disp;spread=28;gpio=34;device_seq=79906;time_source=device_synced;device_timestamp_utc=2026-07-28T12:40:20.483Z;config_id=257fa022;rssi=-62;uptime_s=599310;heap=196676;cal_tier=channel-cal;cal_src=wet_rederive_1236_20260719;pressure_context_source=weather_openmeteo;transport=wifi_poll,
plants.soil,2026-07-28T12:40:21.323Z,2026-07-28 07:40:21.323,26139,6762df,y9d41p,0.7.3,fleet_logger_0_1,599310041,UMLIFE_v2_TLC555,ch3,origplant,soil_moisture,1461,,,OK,,,986.2,,name=classic;level=well watered;role=disp;spread=20;gpio=35;device_seq=79907;time_source=device_synced;device_timestamp_utc=2026-07-28T12:40:20.483Z;config_id=257fa022;rssi=-62;uptime_s=599310;heap=196676;cal_tier=channel-cal;cal_src=wet_rederive_1236_20260719;pressure_context_source=weather_openmeteo;transport=wifi_poll,
plants.env,2026-07-28T12:40:21.323Z,2026-07-28 07:40:21.323,26140,6762df,y9d41p,0.7.3,fleet_logger_0_1,599310797,ESP32,esp32_die,on_chip,die_temp,,52.78,degC,OK,,,,,name=classic;source=esp32_die;cal=uncalibrated_board_proxy;api=temperatureRead;config_id=257fa022;transport=wifi_poll,
plants.soil,2026-07-28T12:40:52.973Z,2026-07-28 07:40:52.973,26141,6762df,y9d41p,0.7.3,fleet_logger_0_1,599340041,UMLIFE_v2_TLC555,ch0,origplant,soil_moisture,1589,,,OK,,,986.2,,name=classic;level=well watered;role=disp;spread=44;gpio=36;device_seq=79908;time_source=device_synced;device_timestamp_utc=2026-07-28T12:40:50.483Z;config_id=257fa022;rssi=-63;uptime_s=599340;heap=196416;cal_tier=channel-cal;cal_src=wet_rederive_1236_20260719;pressure_context_source=weather_openmeteo;transport=wifi_poll,
plants.soil,2026-07-28T12:40:52.973Z,2026-07-28 07:40:52.973,26142,6762df,y9d41p,0.7.3,fleet_logger_0_1,599340041,UMLIFE_v2_TLC555,ch1,origplant,soil_moisture,1719,,,OK,,,986.2,,name=classic;level=OK;role=disp;spread=27;gpio=39;device_seq=79909;time_source=device_synced;device_timestamp_utc=2026-07-28T12:40:50.483Z;config_id=257fa022;rssi=-63;uptime_s=599340;heap=196416;cal_tier=channel-cal;cal_src=wet_rederive_1236_20260719;pressure_context_source=weather_openmeteo;transport=wifi_poll,
plants.soil,2026-07-28T12:40:52.973Z,2026-07-28 07:40:52.973,26143,6762df,y9d41p,0.7.3,fleet_logger_0_1,599340041,UMLIFE_v2_TLC555,ch2,origplant,soil_moisture,1379,,,OK,,,986.2,,name=classic;level=overwatered;role=disp;spread=42;gpio=34;device_seq=79910;time_source=device_synced;device_timestamp_utc=2026-07-28T12:40:50.483Z;config_id=257fa022;rssi=-63;uptime_s=599340;heap=196416;cal_tier=channel-cal;cal_src=wet_rederive_1236_20260719;pressure_context_source=weather_openmeteo;transport=wifi_poll,
plants.soil,2026-07-28T12:40:52.973Z,2026-07-28 07:40:52.973,26144,6762df,y9d41p,0.7.3,fleet_logger_0_1,599340041,UMLIFE_v2_TLC555,ch3,origplant,soil_moisture,1465,,,OK,,,986.2,,name=classic;level=well watered;role=disp;spread=37;gpio=35;device_seq=79911;time_source=device_synced;device_timestamp_utc=2026-07-28T12:40:50.483Z;config_id=257fa022;rssi=-63;uptime_s=599340;heap=196416;cal_tier=channel-cal;cal_src=wet_rederive_1236_20260719;pressure_context_source=weather_openmeteo;transport=wifi_poll,
plants.env,2026-07-28T12:40:52.973Z,2026-07-28 07:40:52.973,26145,6762df,y9d41p,0.7.3,fleet_logger_0_1,599340796,ESP32,esp32_die,on_chip,die_temp,,53.33,degC,OK,,,,,name=classic;source=esp32_die;cal=uncalibrated_board_proxy;api=temperatureRead;config_id=257fa022;transport=wifi_poll,
plants.soil,2026-07-28T12:41:23.844Z,2026-07-28 07:41:23.844,26146,6762df,y9d41p,0.7.3,fleet_logger_0_1,599370041,UMLIFE_v2_TLC555,ch0,origplant,soil_moisture,1565,,,OK,,,986.2,,name=classic;level=well watered;role=disp;spread=21;gpio=36;device_seq=79912;time_source=device_synced;device_timestamp_utc=2026-07-28T12:41:20.483Z;config_id=257fa022;rssi=-62;uptime_s=599370;heap=196156;cal_tier=channel-cal;cal_src=wet_rederive_1236_20260719;pressure_context_source=weather_openmeteo;transport=wifi_poll,
plants.soil,2026-07-28T12:41:23.844Z,2026-07-28 07:41:23.844,26147,6762df,y9d41p,0.7.3,fleet_logger_0_1,599370041,UMLIFE_v2_TLC555,ch1,origplant,soil_moisture,1699,,,OK,,,986.2,,name=classic;level=OK;role=disp;spread=43;gpio=39;device_seq=79913;time_source=device_synced;device_timestamp_utc=2026-07-28T12:41:20.483Z;config_id=257fa022;rssi=-62;uptime_s=599370;heap=196156;cal_tier=channel-cal;cal_src=wet_rederive_1236_20260719;pressure_context_source=weather_openmeteo;transport=wifi_poll,
plants.soil,2026-07-28T12:41:23.844Z,2026-07-28 07:41:23.844,26148,6762df,y9d41p,0.7.3,fleet_logger_0_1,599370041,UMLIFE_v2_TLC555,ch2,origplant,soil_moisture,1354,,,OK,,,986.2,,name=classic;level=overwatered;role=disp;spread=18;gpio=34;device_seq=79914;time_source=device_synced;device_timestamp_utc=2026-07-28T12:41:20.483Z;config_id=257fa022;rssi=-62;uptime_s=599370;heap=196156;cal_tier=channel-cal;cal_src=wet_rederive_1236_20260719;pressure_context_source=weather_openmeteo;transport=wifi_poll,
plants.soil,2026-07-28T12:41:23.844Z,2026-07-28 07:41:23.844,26149,6762df,y9d41p,0.7.3,fleet_logger_0_1,599370041,UMLIFE_v2_TLC555,ch3,origplant,soil_moisture,1431,,,OK,,,986.2,,name=classic;level=well watered;role=disp;spread=22;gpio=35;device_seq=79915;time_source=device_synced;device_timestamp_utc=2026-07-28T12:41:20.483Z;config_id=257fa022;rssi=-62;uptime_s=599370;heap=196156;cal_tier=channel-cal;cal_src=wet_rederive_1236_20260719;pressure_context_source=weather_openmeteo;transport=wifi_poll,
plants.env,2026-07-28T12:41:23.844Z,2026-07-28 07:41:23.844,26150,6762df,y9d41p,0.7.3,fleet_logger_0_1,599370797,ESP32,esp32_die,on_chip,die_temp,,52.78,degC,OK,,,,,name=classic;source=esp32_die;cal=uncalibrated_board_proxy;api=temperatureRead;config_id=257fa022;transport=wifi_poll,
plants.soil,2026-07-28T12:41:54.233Z,2026-07-28 07:41:54.233,26151,6762df,y9d41p,0.7.3,fleet_logger_0_1,599400041,UMLIFE_v2_TLC555,ch0,origplant,soil_moisture,1592,,,OK,,,986.2,,name=classic;level=well watered;role=disp;spread=31;gpio=36;device_seq=79916;time_source=device_synced;device_timestamp_utc=2026-07-28T12:41:50.483Z;config_id=257fa022;rssi=-61;uptime_s=599400;heap=195884;cal_tier=channel-cal;cal_src=wet_rederive_1236_20260719;pressure_context_source=weather_openmeteo;transport=wifi_poll,
plants.soil,2026-07-28T12:41:54.233Z,2026-07-28 07:41:54.233,26152,6762df,y9d41p,0.7.3,fleet_logger_0_1,599400041,UMLIFE_v2_TLC555,ch1,origplant,soil_moisture,1719,,,OK,,,986.2,,name=classic;level=OK;role=disp;spread=34;gpio=39;device_seq=79917;time_source=device_synced;device_timestamp_utc=2026-07-28T12:41:50.483Z;config_id=257fa022;rssi=-61;uptime_s=599400;heap=195884;cal_tier=channel-cal;cal_src=wet_rederive_1236_20260719;pressure_context_source=weather_openmeteo;transport=wifi_poll,
plants.soil,2026-07-28T12:41:54.233Z,2026-07-28 07:41:54.233,26153,6762df,y9d41p,0.7.3,fleet_logger_0_1,599400041,UMLIFE_v2_TLC555,ch2,origplant,soil_moisture,1378,,,OK,,,986.2,,name=classic;level=overwatered;role=disp;spread=28;gpio=34;device_seq=79918;time_source=device_synced;device_timestamp_utc=2026-07-28T12:41:50.483Z;config_id=257fa022;rssi=-61;uptime_s=599400;heap=195884;cal_tier=channel-cal;cal_src=wet_rederive_1236_20260719;pressure_context_source=weather_openmeteo;transport=wifi_poll,
plants.soil,2026-07-28T12:41:54.233Z,2026-07-28 07:41:54.233,26154,6762df,y9d41p,0.7.3,fleet_logger_0_1,599400041,UMLIFE_v2_TLC555,ch3,origplant,soil_moisture,1465,,,OK,,,986.2,,name=classic;level=well watered;role=disp;spread=33;gpio=35;device_seq=79919;time_source=device_synced;device_timestamp_utc=2026-07-28T12:41:50.483Z;config_id=257fa022;rssi=-61;uptime_s=599400;heap=195884;cal_tier=channel-cal;cal_src=wet_rederive_1236_20260719;pressure_context_source=weather_openmeteo;transport=wifi_poll,
plants.env,2026-07-28T12:41:54.233Z,2026-07-28 07:41:54.233,26155,6762df,y9d41p,0.7.3,fleet_logger_0_1,599401863,ESP32,esp32_die,on_chip,die_temp,,53.33,degC,OK,,,,,name=classic;source=esp32_die;cal=uncalibrated_board_proxy;api=temperatureRead;config_id=257fa022;transport=wifi_poll,
plants.soil,2026-07-28T12:42:24.557Z,2026-07-28 07:42:24.557,26156,6762df,y9d41p,0.7.3,fleet_logger_0_1,599430041,UMLIFE_v2_TLC555,ch0,origplant,soil_moisture,1588,,,OK,,,986.2,,name=classic;level=well watered;role=disp;spread=25;gpio=36;device_seq=79920;time_source=device_synced;device_timestamp_utc=2026-07-28T12:42:20.483Z;config_id=257fa022;rssi=-62;uptime_s=599430;heap=195892;cal_tier=channel-cal;cal_src=wet_rederive_1236_20260719;pressure_context_source=weather_openmeteo;transport=wifi_poll,
plants.soil,2026-07-28T12:42:24.557Z,2026-07-28 07:42:24.557,26157,6762df,y9d41p,0.7.3,fleet_logger_0_1,599430041,UMLIFE_v2_TLC555,ch1,origplant,soil_moisture,1722,,,OK,,,986.2,,name=classic;level=OK;role=disp;spread=27;gpio=39;device_seq=79921;time_source=device_synced;device_timestamp_utc=2026-07-28T12:42:20.483Z;config_id=257fa022;rssi=-62;uptime_s=599430;heap=195892;cal_tier=channel-cal;cal_src=wet_rederive_1236_20260719;pressure_context_source=weather_openmeteo;transport=wifi_poll,
plants.soil,2026-07-28T12:42:24.557Z,2026-07-28 07:42:24.557,26158,6762df,y9d41p,0.7.3,fleet_logger_0_1,599430041,UMLIFE_v2_TLC555,ch2,origplant,soil_moisture,1379,,,OK,,,986.2,,name=classic;level=overwatered;role=disp;spread=24;gpio=34;device_seq=79922;time_source=device_synced;device_timestamp_utc=2026-07-28T12:42:20.483Z;config_id=257fa022;rssi=-62;uptime_s=599430;heap=195892;cal_tier=channel-cal;cal_src=wet_rederive_1236_20260719;pressure_context_source=weather_openmeteo;transport=wifi_poll,
plants.soil,2026-07-28T12:42:24.557Z,2026-07-28 07:42:24.557,26159,6762df,y9d41p,0.7.3,fleet_logger_0_1,599430041,UMLIFE_v2_TLC555,ch3,origplant,soil_moisture,1462,,,OK,,,986.2,,name=classic;level=well watered;role=disp;spread=30;gpio=35;device_seq=79923;time_source=device_synced;device_timestamp_utc=2026-07-28T12:42:20.483Z;config_id=257fa022;rssi=-62;uptime_s=599430;heap=195892;cal_tier=channel-cal;cal_src=wet_rederive_1236_20260719;pressure_context_source=weather_openmeteo;transport=wifi_poll,
plants.env,2026-07-28T12:42:24.557Z,2026-07-28 07:42:24.557,26160,6762df,y9d41p,0.7.3,fleet_logger_0_1,599430797,ESP32,esp32_die,on_chip,die_temp,,53.33,degC,OK,,,,,name=classic;source=esp32_die;cal=uncalibrated_board_proxy;api=temperatureRead;config_id=257fa022;transport=wifi_poll,
plants.soil,2026-07-28T12:42:54.926Z,2026-07-28 07:42:54.926,26161,6762df,y9d41p,0.7.3,fleet_logger_0_1,599460041,UMLIFE_v2_TLC555,ch0,origplant,soil_moisture,1593,,,OK,,,986.2,,name=classic;level=well watered;role=disp;spread=23;gpio=36;device_seq=79924;time_source=device_synced;device_timestamp_utc=2026-07-28T12:42:50.483Z;config_id=257fa022;rssi=-62;uptime_s=599460;heap=195908;cal_tier=channel-cal;cal_src=wet_rederive_1236_20260719;pressure_context_source=weather_openmeteo;transport=wifi_poll,
plants.soil,2026-07-28T12:42:54.926Z,2026-07-28 07:42:54.926,26162,6762df,y9d41p,0.7.3,fleet_logger_0_1,599460041,UMLIFE_v2_TLC555,ch1,origplant,soil_moisture,1719,,,OK,,,986.2,,name=classic;level=OK;role=disp;spread=28;gpio=39;device_seq=79925;time_source=device_synced;device_timestamp_utc=2026-07-28T12:42:50.483Z;config_id=257fa022;rssi=-62;uptime_s=599460;heap=195908;cal_tier=channel-cal;cal_src=wet_rederive_1236_20260719;pressure_context_source=weather_openmeteo;transport=wifi_poll,
plants.soil,2026-07-28T12:42:54.926Z,2026-07-28 07:42:54.926,26163,6762df,y9d41p,0.7.3,fleet_logger_0_1,599460041,UMLIFE_v2_TLC555,ch2,origplant,soil_moisture,1378,,,OK,,,986.2,,name=classic;level=overwatered;role=disp;spread=26;gpio=34;device_seq=79926;time_source=device_synced;device_timestamp_utc=2026-07-28T12:42:50.483Z;config_id=257fa022;rssi=-62;uptime_s=599460;heap=195908;cal_tier=channel-cal;cal_src=wet_rederive_1236_20260719;pressure_context_source=weather_openmeteo;transport=wifi_poll,
plants.soil,2026-07-28T12:42:54.926Z,2026-07-28 07:42:54.926,26164,6762df,y9d41p,0.7.3,fleet_logger_0_1,599460041,UMLIFE_v2_TLC555,ch3,origplant,soil_moisture,1460,,,OK,,,986.2,,name=classic;level=well watered;role=disp;spread=19;gpio=35;device_seq=79927;time_source=device_synced;device_timestamp_utc=2026-07-28T12:42:50.483Z;config_id=257fa022;rssi=-62;uptime_s=599460;heap=195908;cal_tier=channel-cal;cal_src=wet_rederive_1236_20260719;pressure_context_source=weather_openmeteo;transport=wifi_poll,
plants.env,2026-07-28T12:42:54.926Z,2026-07-28 07:42:54.926,26165,6762df,y9d41p,0.7.3,fleet_logger_0_1,599460796,ESP32,esp32_die,on_chip,die_temp,,52.78,degC,OK,,,,,name=classic;source=esp32_die;cal=uncalibrated_board_proxy;api=temperatureRead;config_id=257fa022;transport=wifi_poll,
plants.soil,2026-07-28T12:43:25.183Z,2026-07-28 07:43:25.183,26166,6762df,y9d41p,0.7.3,fleet_logger_0_1,599490041,UMLIFE_v2_TLC555,ch0,origplant,soil_moisture,1587,,,OK,,,986.2,,name=classic;level=well watered;role=disp;spread=31;gpio=36;device_seq=79928;time_source=device_synced;device_timestamp_utc=2026-07-28T12:43:20.483Z;config_id=257fa022;rssi=-62;uptime_s=599490;heap=195908;cal_tier=channel-cal;cal_src=wet_rederive_1236_20260719;pressure_context_source=weather_openmeteo;transport=wifi_poll,
plants.soil,2026-07-28T12:43:25.183Z,2026-07-28 07:43:25.183,26167,6762df,y9d41p,0.7.3,fleet_logger_0_1,599490041,UMLIFE_v2_TLC555,ch1,origplant,soil_moisture,1721,,,OK,,,986.2,,name=classic;level=OK;role=disp;spread=35;gpio=39;device_seq=79929;time_source=device_synced;device_timestamp_utc=2026-07-28T12:43:20.483Z;config_id=257fa022;rssi=-62;uptime_s=599490;heap=195908;cal_tier=channel-cal;cal_src=wet_rederive_1236_20260719;pressure_context_source=weather_openmeteo;transport=wifi_poll,
plants.soil,2026-07-28T12:43:25.183Z,2026-07-28 07:43:25.183,26168,6762df,y9d41p,0.7.3,fleet_logger_0_1,599490041,UMLIFE_v2_TLC555,ch2,origplant,soil_moisture,1380,,,OK,,,986.2,,name=classic;level=overwatered;role=disp;spread=24;gpio=34;device_seq=79930;time_source=device_synced;device_timestamp_utc=2026-07-28T12:43:20.483Z;config_id=257fa022;rssi=-62;uptime_s=599490;heap=195908;cal_tier=channel-cal;cal_src=wet_rederive_1236_20260719;pressure_context_source=weather_openmeteo;transport=wifi_poll,
plants.soil,2026-07-28T12:43:25.183Z,2026-07-28 07:43:25.183,26169,6762df,y9d41p,0.7.3,fleet_logger_0_1,599490041,UMLIFE_v2_TLC555,ch3,origplant,soil_moisture,1460,,,OK,,,986.2,,name=classic;level=well watered;role=disp;spread=28;gpio=35;device_seq=79931;time_source=device_synced;device_timestamp_utc=2026-07-28T12:43:20.483Z;config_id=257fa022;rssi=-62;uptime_s=599490;heap=195908;cal_tier=channel-cal;cal_src=wet_rederive_1236_20260719;pressure_context_source=weather_openmeteo;transport=wifi_poll,
plants.env,2026-07-28T12:43:25.183Z,2026-07-28 07:43:25.183,26170,6762df,y9d41p,0.7.3,fleet_logger_0_1,599490797,ESP32,esp32_die,on_chip,die_temp,,52.78,degC,OK,,,,,name=classic;source=esp32_die;cal=uncalibrated_board_proxy;api=temperatureRead;config_id=257fa022;transport=wifi_poll,
plants.soil,2026-07-28T12:43:55.666Z,2026-07-28 07:43:55.666,26171,6762df,y9d41p,0.7.3,fleet_logger_0_1,599520041,UMLIFE_v2_TLC555,ch0,origplant,soil_moisture,1588,,,OK,,,986.2,,name=classic;level=well watered;role=disp;spread=31;gpio=36;device_seq=79932;time_source=device_synced;device_timestamp_utc=2026-07-28T12:43:50.483Z;config_id=257fa022;rssi=-61;uptime_s=599520;heap=195908;cal_tier=channel-cal;cal_src=wet_rederive_1236_20260719;pressure_context_source=weather_openmeteo;transport=wifi_poll,
plants.soil,2026-07-28T12:43:55.666Z,2026-07-28 07:43:55.666,26172,6762df,y9d41p,0.7.3,fleet_logger_0_1,599520041,UMLIFE_v2_TLC555,ch1,origplant,soil_moisture,1723,,,OK,,,986.2,,name=classic;level=OK;role=disp;spread=28;gpio=39;device_seq=79933;time_source=device_synced;device_timestamp_utc=2026-07-28T12:43:50.483Z;config_id=257fa022;rssi=-61;uptime_s=599520;heap=195908;cal_tier=channel-cal;cal_src=wet_rederive_1236_20260719;pressure_context_source=weather_openmeteo;transport=wifi_poll,
plants.soil,2026-07-28T12:43:55.666Z,2026-07-28 07:43:55.666,26173,6762df,y9d41p,0.7.3,fleet_logger_0_1,599520041,UMLIFE_v2_TLC555,ch2,origplant,soil_moisture,1372,,,OK,,,986.2,,name=classic;level=overwatered;role=disp;spread=54;gpio=34;device_seq=79934;time_source=device_synced;device_timestamp_utc=2026-07-28T12:43:50.483Z;config_id=257fa022;rssi=-61;uptime_s=599520;heap=195908;cal_tier=channel-cal;cal_src=wet_rederive_1236_20260719;pressure_context_source=weather_openmeteo;transport=wifi_poll,
plants.soil,2026-07-28T12:43:55.666Z,2026-07-28 07:43:55.666,26174,6762df,y9d41p,0.7.3,fleet_logger_0_1,599520041,UMLIFE_v2_TLC555,ch3,origplant,soil_moisture,1458,,,OK,,,986.2,,name=classic;level=well watered;role=disp;spread=26;gpio=35;device_seq=79935;time_source=device_synced;device_timestamp_utc=2026-07-28T12:43:50.483Z;config_id=257fa022;rssi=-61;uptime_s=599520;heap=195908;cal_tier=channel-cal;cal_src=wet_rederive_1236_20260719;pressure_context_source=weather_openmeteo;transport=wifi_poll,
plants.env,2026-07-28T12:43:55.666Z,2026-07-28 07:43:55.666,26175,6762df,y9d41p,0.7.3,fleet_logger_0_1,599520797,ESP32,esp32_die,on_chip,die_temp,,52.78,degC,OK,,,,,name=classic;source=esp32_die;cal=uncalibrated_board_proxy;api=temperatureRead;config_id=257fa022;transport=wifi_poll,
plants.soil,2026-07-28T12:44:25.907Z,2026-07-28 07:44:25.907,26176,6762df,y9d41p,0.7.3,fleet_logger_0_1,599550041,UMLIFE_v2_TLC555,ch0,origplant,soil_moisture,1586,,,OK,,,986.2,,name=classic;level=well watered;role=disp;spread=31;gpio=36;device_seq=79936;time_source=device_synced;device_timestamp_utc=2026-07-28T12:44:20.483Z;config_id=257fa022;rssi=-61;uptime_s=599550;heap=195648;cal_tier=channel-cal;cal_src=wet_rederive_1236_20260719;pressure_context_source=weather_openmeteo;transport=wifi_poll,
plants.soil,2026-07-28T12:44:25.907Z,2026-07-28 07:44:25.907,26177,6762df,y9d41p,0.7.3,fleet_logger_0_1,599550041,UMLIFE_v2_TLC555,ch1,origplant,soil_moisture,1719,,,OK,,,986.2,,name=classic;level=OK;role=disp;spread=59;gpio=39;device_seq=79937;time_source=device_synced;device_timestamp_utc=2026-07-28T12:44:20.483Z;config_id=257fa022;rssi=-61;uptime_s=599550;heap=195648;cal_tier=channel-cal;cal_src=wet_rederive_1236_20260719;pressure_context_source=weather_openmeteo;transport=wifi_poll,
plants.soil,2026-07-28T12:44:25.907Z,2026-07-28 07:44:25.907,26178,6762df,y9d41p,0.7.3,fleet_logger_0_1,599550041,UMLIFE_v2_TLC555,ch2,origplant,soil_moisture,1377,,,OK,,,986.2,,name=classic;level=overwatered;role=disp;spread=27;gpio=34;device_seq=79938;time_source=device_synced;device_timestamp_utc=2026-07-28T12:44:20.483Z;config_id=257fa022;rssi=-61;uptime_s=599550;heap=195648;cal_tier=channel-cal;cal_src=wet_rederive_1236_20260719;pressure_context_source=weather_openmeteo;transport=wifi_poll,
plants.soil,2026-07-28T12:44:25.907Z,2026-07-28 07:44:25.907,26179,6762df,y9d41p,0.7.3,fleet_logger_0_1,599550041,UMLIFE_v2_TLC555,ch3,origplant,soil_moisture,1462,,,OK,,,986.2,,name=classic;level=well watered;role=disp;spread=39;gpio=35;device_seq=79939;time_source=device_synced;device_timestamp_utc=2026-07-28T12:44:20.483Z;config_id=257fa022;rssi=-61;uptime_s=599550;heap=195648;cal_tier=channel-cal;cal_src=wet_rederive_1236_20260719;pressure_context_source=weather_openmeteo;transport=wifi_poll,
plants.env,2026-07-28T12:44:25.907Z,2026-07-28 07:44:25.907,26180,6762df,y9d41p,0.7.3,fleet_logger_0_1,599550797,ESP32,esp32_die,on_chip,die_temp,,53.33,degC,OK,,,,,name=classic;source=esp32_die;cal=uncalibrated_board_proxy;api=temperatureRead;config_id=257fa022;transport=wifi_poll,
plants.soil,2026-07-28T12:44:56.187Z,2026-07-28 07:44:56.187,26181,6762df,y9d41p,0.7.3,fleet_logger_0_1,599580041,UMLIFE_v2_TLC555,ch0,origplant,soil_moisture,1588,,,OK,,,986.2,,name=classic;level=well watered;role=disp;spread=29;gpio=36;device_seq=79940;time_source=device_synced;device_timestamp_utc=2026-07-28T12:44:50.483Z;config_id=257fa022;rssi=-61;uptime_s=599580;heap=195636;cal_tier=channel-cal;cal_src=wet_rederive_1236_20260719;pressure_context_source=weather_openmeteo;transport=wifi_poll,
plants.soil,2026-07-28T12:44:56.187Z,2026-07-28 07:44:56.187,26182,6762df,y9d41p,0.7.3,fleet_logger_0_1,599580041,UMLIFE_v2_TLC555,ch1,origplant,soil_moisture,1719,,,OK,,,986.2,,name=classic;level=OK;role=disp;spread=19;gpio=39;device_seq=79941;time_source=device_synced;device_timestamp_utc=2026-07-28T12:44:50.483Z;config_id=257fa022;rssi=-61;uptime_s=599580;heap=195636;cal_tier=channel-cal;cal_src=wet_rederive_1236_20260719;pressure_context_source=weather_openmeteo;transport=wifi_poll,
plants.soil,2026-07-28T12:44:56.187Z,2026-07-28 07:44:56.187,26183,6762df,y9d41p,0.7.3,fleet_logger_0_1,599580041,UMLIFE_v2_TLC555,ch2,origplant,soil_moisture,1376,,,OK,,,986.2,,name=classic;level=overwatered;role=disp;spread=13;gpio=34;device_seq=79942;time_source=device_synced;device_timestamp_utc=2026-07-28T12:44:50.483Z;config_id=257fa022;rssi=-61;uptime_s=599580;heap=195636;cal_tier=channel-cal;cal_src=wet_rederive_1236_20260719;pressure_context_source=weather_openmeteo;transport=wifi_poll,
plants.soil,2026-07-28T12:44:56.187Z,2026-07-28 07:44:56.187,26184,6762df,y9d41p,0.7.3,fleet_logger_0_1,599580041,UMLIFE_v2_TLC555,ch3,origplant,soil_moisture,1463,,,OK,,,986.2,,name=classic;level=well watered;role=disp;spread=22;gpio=35;device_seq=79943;time_source=device_synced;device_timestamp_utc=2026-07-28T12:44:50.483Z;config_id=257fa022;rssi=-61;uptime_s=599580;heap=195636;cal_tier=channel-cal;cal_src=wet_rederive_1236_20260719;pressure_context_source=weather_openmeteo;transport=wifi_poll,
plants.env,2026-07-28T12:44:56.187Z,2026-07-28 07:44:56.187,26185,6762df,y9d41p,0.7.3,fleet_logger_0_1,599580797,ESP32,esp32_die,on_chip,die_temp,,52.78,degC,OK,,,,,name=classic;source=esp32_die;cal=uncalibrated_board_proxy;api=temperatureRead;config_id=257fa022;transport=wifi_poll,
plants.soil,2026-07-28T12:45:26.394Z,2026-07-28 07:45:26.394,26186,6762df,y9d41p,0.7.3,fleet_logger_0_1,599610041,UMLIFE_v2_TLC555,ch0,origplant,soil_moisture,1590,,,OK,,,986.2,,name=classic;level=well watered;role=disp;spread=18;gpio=36;device_seq=79944;time_source=device_synced;device_timestamp_utc=2026-07-28T12:45:20.483Z;config_id=257fa022;rssi=-61;uptime_s=599610;heap=195896;cal_tier=channel-cal;cal_src=wet_rederive_1236_20260719;pressure_context_source=weather_openmeteo;transport=wifi_poll,
plants.soil,2026-07-28T12:45:26.394Z,2026-07-28 07:45:26.394,26187,6762df,y9d41p,0.7.3,fleet_logger_0_1,599610041,UMLIFE_v2_TLC555,ch1,origplant,soil_moisture,1722,,,OK,,,986.2,,name=classic;level=OK;role=disp;spread=26;gpio=39;device_seq=79945;time_source=device_synced;device_timestamp_utc=2026-07-28T12:45:20.483Z;config_id=257fa022;rssi=-61;uptime_s=599610;heap=195896;cal_tier=channel-cal;cal_src=wet_rederive_1236_20260719;pressure_context_source=weather_openmeteo;transport=wifi_poll,
plants.soil,2026-07-28T12:45:26.394Z,2026-07-28 07:45:26.394,26188,6762df,y9d41p,0.7.3,fleet_logger_0_1,599610041,UMLIFE_v2_TLC555,ch2,origplant,soil_moisture,1376,,,OK,,,986.2,,name=classic;level=overwatered;role=disp;spread=33;gpio=34;device_seq=79946;time_source=device_synced;device_timestamp_utc=2026-07-28T12:45:20.483Z;config_id=257fa022;rssi=-61;uptime_s=599610;heap=195896;cal_tier=channel-cal;cal_src=wet_rederive_1236_20260719;pressure_context_source=weather_openmeteo;transport=wifi_poll,
plants.soil,2026-07-28T12:45:26.394Z,2026-07-28 07:45:26.394,26189,6762df,y9d41p,0.7.3,fleet_logger_0_1,599610041,UMLIFE_v2_TLC555,ch3,origplant,soil_moisture,1460,,,OK,,,986.2,,name=classic;level=well watered;role=disp;spread=42;gpio=35;device_seq=79947;time_source=device_synced;device_timestamp_utc=2026-07-28T12:45:20.483Z;config_id=257fa022;rssi=-61;uptime_s=599610;heap=195896;cal_tier=channel-cal;cal_src=wet_rederive_1236_20260719;pressure_context_source=weather_openmeteo;transport=wifi_poll,
plants.env,2026-07-28T12:45:26.394Z,2026-07-28 07:45:26.394,26190,6762df,y9d41p,0.7.3,fleet_logger_0_1,599610796,ESP32,esp32_die,on_chip,die_temp,,52.78,degC,OK,,,,,name=classic;source=esp32_die;cal=uncalibrated_board_proxy;api=temperatureRead;config_id=257fa022;transport=wifi_poll,
plants.soil,2026-07-28T12:45:56.613Z,2026-07-28 07:45:56.613,26191,6762df,y9d41p,0.7.3,fleet_logger_0_1,599640041,UMLIFE_v2_TLC555,ch0,origplant,soil_moisture,1554,,,OK,,,986.2,,name=classic;level=well watered;role=disp;spread=26;gpio=36;device_seq=79948;time_source=device_synced;device_timestamp_utc=2026-07-28T12:45:50.483Z;config_id=257fa022;rssi=-61;uptime_s=599640;heap=195908;cal_tier=channel-cal;cal_src=wet_rederive_1236_20260719;pressure_context_source=weather_openmeteo;transport=wifi_poll,
plants.soil,2026-07-28T12:45:56.613Z,2026-07-28 07:45:56.613,26192,6762df,y9d41p,0.7.3,fleet_logger_0_1,599640041,UMLIFE_v2_TLC555,ch1,origplant,soil_moisture,1687,,,OK,,,986.2,,name=classic;level=OK;role=disp;spread=33;gpio=39;device_seq=79949;time_source=device_synced;device_timestamp_utc=2026-07-28T12:45:50.483Z;config_id=257fa022;rssi=-61;uptime_s=599640;heap=195908;cal_tier=channel-cal;cal_src=wet_rederive_1236_20260719;pressure_context_source=weather_openmeteo;transport=wifi_poll,
plants.soil,2026-07-28T12:45:56.613Z,2026-07-28 07:45:56.613,26193,6762df,y9d41p,0.7.3,fleet_logger_0_1,599640041,UMLIFE_v2_TLC555,ch2,origplant,soil_moisture,1343,,,OK,,,986.2,,name=classic;level=overwatered;role=disp;spread=48;gpio=34;device_seq=79950;time_source=device_synced;device_timestamp_utc=2026-07-28T12:45:50.483Z;config_id=257fa022;rssi=-61;uptime_s=599640;heap=195908;cal_tier=channel-cal;cal_src=wet_rederive_1236_20260719;pressure_context_source=weather_openmeteo;transport=wifi_poll,
plants.soil,2026-07-28T12:45:56.613Z,2026-07-28 07:45:56.613,26194,6762df,y9d41p,0.7.3,fleet_logger_0_1,599640041,UMLIFE_v2_TLC555,ch3,origplant,soil_moisture,1436,,,OK,,,986.2,,name=classic;level=well watered;role=disp;spread=18;gpio=35;device_seq=79951;time_source=device_synced;device_timestamp_utc=2026-07-28T12:45:50.483Z;config_id=257fa022;rssi=-61;uptime_s=599640;heap=195908;cal_tier=channel-cal;cal_src=wet_rederive_1236_20260719;pressure_context_source=weather_openmeteo;transport=wifi_poll,
plants.env,2026-07-28T12:45:56.613Z,2026-07-28 07:45:56.613,26195,6762df,y9d41p,0.7.3,fleet_logger_0_1,599640796,ESP32,esp32_die,on_chip,die_temp,,53.33,degC,OK,,,,,name=classic;source=esp32_die;cal=uncalibrated_board_proxy;api=temperatureRead;config_id=257fa022;transport=wifi_poll,
plants.soil,2026-07-28T12:46:26.994Z,2026-07-28 07:46:26.994,26196,6762df,y9d41p,0.7.3,fleet_logger_0_1,599670041,UMLIFE_v2_TLC555,ch0,origplant,soil_moisture,1590,,,OK,,,986.2,,name=classic;level=well watered;role=disp;spread=18;gpio=36;device_seq=79952;time_source=device_synced;device_timestamp_utc=2026-07-28T12:46:20.483Z;config_id=257fa022;rssi=-62;uptime_s=599670;heap=195584;cal_tier=channel-cal;cal_src=wet_rederive_1236_20260719;pressure_context_source=weather_openmeteo;transport=wifi_poll,
plants.soil,2026-07-28T12:46:26.994Z,2026-07-28 07:46:26.994,26197,6762df,y9d41p,0.7.3,fleet_logger_0_1,599670041,UMLIFE_v2_TLC555,ch1,origplant,soil_moisture,1718,,,OK,,,986.2,,name=classic;level=OK;role=disp;spread=38;gpio=39;device_seq=79953;time_source=device_synced;device_timestamp_utc=2026-07-28T12:46:20.483Z;config_id=257fa022;rssi=-62;uptime_s=599670;heap=195584;cal_tier=channel-cal;cal_src=wet_rederive_1236_20260719;pressure_context_source=weather_openmeteo;transport=wifi_poll,
plants.soil,2026-07-28T12:46:26.994Z,2026-07-28 07:46:26.994,26198,6762df,y9d41p,0.7.3,fleet_logger_0_1,599670041,UMLIFE_v2_TLC555,ch2,origplant,soil_moisture,1371,,,OK,,,986.2,,name=classic;level=overwatered;role=disp;spread=26;gpio=34;device_seq=79954;time_source=device_synced;device_timestamp_utc=2026-07-28T12:46:20.483Z;config_id=257fa022;rssi=-62;uptime_s=599670;heap=195584;cal_tier=channel-cal;cal_src=wet_rederive_1236_20260719;pressure_context_source=weather_openmeteo;transport=wifi_poll,
plants.soil,2026-07-28T12:46:26.994Z,2026-07-28 07:46:26.994,26199,6762df,y9d41p,0.7.3,fleet_logger_0_1,599670041,UMLIFE_v2_TLC555,ch3,origplant,soil_moisture,1460,,,OK,,,986.2,,name=classic;level=well watered;role=disp;spread=22;gpio=35;device_seq=79955;time_source=device_synced;device_timestamp_utc=2026-07-28T12:46:20.483Z;config_id=257fa022;rssi=-62;uptime_s=599670;heap=195584;cal_tier=channel-cal;cal_src=wet_rederive_1236_20260719;pressure_context_source=weather_openmeteo;transport=wifi_poll,
plants.env,2026-07-28T12:46:26.994Z,2026-07-28 07:46:26.994,26200,6762df,y9d41p,0.7.3,fleet_logger_0_1,599670796,ESP32,esp32_die,on_chip,die_temp,,52.78,degC,OK,,,,,name=classic;source=esp32_die;cal=uncalibrated_board_proxy;api=temperatureRead;config_id=257fa022;transport=wifi_poll,
plants.soil,2026-07-28T12:46:57.229Z,2026-07-28 07:46:57.229,26201,6762df,y9d41p,0.7.3,fleet_logger_0_1,599700041,UMLIFE_v2_TLC555,ch0,origplant,soil_moisture,1567,,,OK,,,986.2,,name=classic;level=well watered;role=disp;spread=49;gpio=36;device_seq=79956;time_source=device_synced;device_timestamp_utc=2026-07-28T12:46:50.483Z;config_id=257fa022;rssi=-62;uptime_s=599700;heap=195908;cal_tier=channel-cal;cal_src=wet_rederive_1236_20260719;pressure_context_source=weather_openmeteo;transport=wifi_poll,
plants.soil,2026-07-28T12:46:57.229Z,2026-07-28 07:46:57.229,26202,6762df,y9d41p,0.7.3,fleet_logger_0_1,599700041,UMLIFE_v2_TLC555,ch1,origplant,soil_moisture,1696,,,OK,,,986.2,,name=classic;level=OK;role=disp;spread=39;gpio=39;device_seq=79957;time_source=device_synced;device_timestamp_utc=2026-07-28T12:46:50.483Z;config_id=257fa022;rssi=-62;uptime_s=599700;heap=195908;cal_tier=channel-cal;cal_src=wet_rederive_1236_20260719;pressure_context_source=weather_openmeteo;transport=wifi_poll,
plants.soil,2026-07-28T12:46:57.229Z,2026-07-28 07:46:57.229,26203,6762df,y9d41p,0.7.3,fleet_logger_0_1,599700041,UMLIFE_v2_TLC555,ch2,origplant,soil_moisture,1349,,,OK,,,986.2,,name=classic;level=overwatered;role=disp;spread=38;gpio=34;device_seq=79958;time_source=device_synced;device_timestamp_utc=2026-07-28T12:46:50.483Z;config_id=257fa022;rssi=-62;uptime_s=599700;heap=195908;cal_tier=channel-cal;cal_src=wet_rederive_1236_20260719;pressure_context_source=weather_openmeteo;transport=wifi_poll,
plants.soil,2026-07-28T12:46:57.229Z,2026-07-28 07:46:57.229,26204,6762df,y9d41p,0.7.3,fleet_logger_0_1,599700041,UMLIFE_v2_TLC555,ch3,origplant,soil_moisture,1430,,,OK,,,986.2,,name=classic;level=well watered;role=disp;spread=16;gpio=35;device_seq=79959;time_source=device_synced;device_timestamp_utc=2026-07-28T12:46:50.483Z;config_id=257fa022;rssi=-62;uptime_s=599700;heap=195908;cal_tier=channel-cal;cal_src=wet_rederive_1236_20260719;pressure_context_source=weather_openmeteo;transport=wifi_poll,
plants.env,2026-07-28T12:46:57.229Z,2026-07-28 07:46:57.229,26205,6762df,y9d41p,0.7.3,fleet_logger_0_1,599700797,ESP32,esp32_die,on_chip,die_temp,,52.78,degC,OK,,,,,name=classic;source=esp32_die;cal=uncalibrated_board_proxy;api=temperatureRead;config_id=257fa022;transport=wifi_poll,
plants.soil,2026-07-28T12:47:27.545Z,2026-07-28 07:47:27.545,26206,6762df,y9d41p,0.7.3,fleet_logger_0_1,599730041,UMLIFE_v2_TLC555,ch0,origplant,soil_moisture,1586,,,OK,,,986.2,,name=classic;level=well watered;role=disp;spread=16;gpio=36;device_seq=79960;time_source=device_synced;device_timestamp_utc=2026-07-28T12:47:20.483Z;config_id=257fa022;rssi=-62;uptime_s=599730;heap=195636;cal_tier=channel-cal;cal_src=wet_rederive_1236_20260719;pressure_context_source=weather_openmeteo;transport=wifi_poll,
plants.soil,2026-07-28T12:47:27.545Z,2026-07-28 07:47:27.545,26207,6762df,y9d41p,0.7.3,fleet_logger_0_1,599730041,UMLIFE_v2_TLC555,ch1,origplant,soil_moisture,1722,,,OK,,,986.2,,name=classic;level=OK;role=disp;spread=22;gpio=39;device_seq=79961;time_source=device_synced;device_timestamp_utc=2026-07-28T12:47:20.483Z;config_id=257fa022;rssi=-62;uptime_s=599730;heap=195636;cal_tier=channel-cal;cal_src=wet_rederive_1236_20260719;pressure_context_source=weather_openmeteo;transport=wifi_poll,
plants.soil,2026-07-28T12:47:27.545Z,2026-07-28 07:47:27.545,26208,6762df,y9d41p,0.7.3,fleet_logger_0_1,599730041,UMLIFE_v2_TLC555,ch2,origplant,soil_moisture,1375,,,OK,,,986.2,,name=classic;level=overwatered;role=disp;spread=25;gpio=34;device_seq=79962;time_source=device_synced;device_timestamp_utc=2026-07-28T12:47:20.483Z;config_id=257fa022;rssi=-62;uptime_s=599730;heap=195636;cal_tier=channel-cal;cal_src=wet_rederive_1236_20260719;pressure_context_source=weather_openmeteo;transport=wifi_poll,
plants.soil,2026-07-28T12:47:27.545Z,2026-07-28 07:47:27.545,26209,6762df,y9d41p,0.7.3,fleet_logger_0_1,599730041,UMLIFE_v2_TLC555,ch3,origplant,soil_moisture,1461,,,OK,,,986.2,,name=classic;level=well watered;role=disp;spread=12;gpio=35;device_seq=79963;time_source=device_synced;device_timestamp_utc=2026-07-28T12:47:20.483Z;config_id=257fa022;rssi=-62;uptime_s=599730;heap=195636;cal_tier=channel-cal;cal_src=wet_rederive_1236_20260719;pressure_context_source=weather_openmeteo;transport=wifi_poll,
plants.env,2026-07-28T12:47:27.545Z,2026-07-28 07:47:27.545,26210,6762df,y9d41p,0.7.3,fleet_logger_0_1,599730797,ESP32,esp32_die,on_chip,die_temp,,52.78,degC,OK,,,,,name=classic;source=esp32_die;cal=uncalibrated_board_proxy;api=temperatureRead;config_id=257fa022;transport=wifi_poll,
plants.soil,2026-07-28T12:47:57.928Z,2026-07-28 07:47:57.928,26211,6762df,y9d41p,0.7.3,fleet_logger_0_1,599760041,UMLIFE_v2_TLC555,ch0,origplant,soil_moisture,1588,,,OK,,,986.2,,name=classic;level=well watered;role=disp;spread=18;gpio=36;device_seq=79964;time_source=device_synced;device_timestamp_utc=2026-07-28T12:47:50.483Z;config_id=257fa022;rssi=-62;uptime_s=599760;heap=195636;cal_tier=channel-cal;cal_src=wet_rederive_1236_20260719;pressure_context_source=weather_openmeteo;transport=wifi_poll,
plants.soil,2026-07-28T12:47:57.928Z,2026-07-28 07:47:57.928,26212,6762df,y9d41p,0.7.3,fleet_logger_0_1,599760041,UMLIFE_v2_TLC555,ch1,origplant,soil_moisture,1716,,,OK,,,986.2,,name=classic;level=OK;role=disp;spread=23;gpio=39;device_seq=79965;time_source=device_synced;device_timestamp_utc=2026-07-28T12:47:50.483Z;config_id=257fa022;rssi=-62;uptime_s=599760;heap=195636;cal_tier=channel-cal;cal_src=wet_rederive_1236_20260719;pressure_context_source=weather_openmeteo;transport=wifi_poll,
plants.soil,2026-07-28T12:47:57.928Z,2026-07-28 07:47:57.928,26213,6762df,y9d41p,0.7.3,fleet_logger_0_1,599760041,UMLIFE_v2_TLC555,ch2,origplant,soil_moisture,1372,,,OK,,,986.2,,name=classic;level=overwatered;role=disp;spread=42;gpio=34;device_seq=79966;time_source=device_synced;device_timestamp_utc=2026-07-28T12:47:50.483Z;config_id=257fa022;rssi=-62;uptime_s=599760;heap=195636;cal_tier=channel-cal;cal_src=wet_rederive_1236_20260719;pressure_context_source=weather_openmeteo;transport=wifi_poll,
plants.soil,2026-07-28T12:47:57.928Z,2026-07-28 07:47:57.928,26214,6762df,y9d41p,0.7.3,fleet_logger_0_1,599760041,UMLIFE_v2_TLC555,ch3,origplant,soil_moisture,1463,,,OK,,,986.2,,name=classic;level=well watered;role=disp;spread=35;gpio=35;device_seq=79967;time_source=device_synced;device_timestamp_utc=2026-07-28T12:47:50.483Z;config_id=257fa022;rssi=-62;uptime_s=599760;heap=195636;cal_tier=channel-cal;cal_src=wet_rederive_1236_20260719;pressure_context_source=weather_openmeteo;transport=wifi_poll,
plants.env,2026-07-28T12:47:57.928Z,2026-07-28 07:47:57.928,26215,6762df,y9d41p,0.7.3,fleet_logger_0_1,599760797,ESP32,esp32_die,on_chip,die_temp,,53.33,degC,OK,,,,,name=classic;source=esp32_die;cal=uncalibrated_board_proxy;api=temperatureRead;config_id=257fa022;transport=wifi_poll,
plants.soil,2026-07-28T12:48:28.167Z,2026-07-28 07:48:28.167,26216,6762df,y9d41p,0.7.3,fleet_logger_0_1,599790041,UMLIFE_v2_TLC555,ch0,origplant,soil_moisture,1586,,,OK,,,986.2,,name=classic;level=well watered;role=disp;spread=22;gpio=36;device_seq=79968;time_source=device_synced;device_timestamp_utc=2026-07-28T12:48:20.483Z;config_id=257fa022;rssi=-61;uptime_s=599790;heap=195896;cal_tier=channel-cal;cal_src=wet_rederive_1236_20260719;pressure_context_source=weather_openmeteo;transport=wifi_poll,
plants.soil,2026-07-28T12:48:28.167Z,2026-07-28 07:48:28.167,26217,6762df,y9d41p,0.7.3,fleet_logger_0_1,599790041,UMLIFE_v2_TLC555,ch1,origplant,soil_moisture,1722,,,OK,,,986.2,,name=classic;level=OK;role=disp;spread=26;gpio=39;device_seq=79969;time_source=device_synced;device_timestamp_utc=2026-07-28T12:48:20.483Z;config_id=257fa022;rssi=-61;uptime_s=599790;heap=195896;cal_tier=channel-cal;cal_src=wet_rederive_1236_20260719;pressure_context_source=weather_openmeteo;transport=wifi_poll,
plants.soil,2026-07-28T12:48:28.167Z,2026-07-28 07:48:28.167,26218,6762df,y9d41p,0.7.3,fleet_logger_0_1,599790041,UMLIFE_v2_TLC555,ch2,origplant,soil_moisture,1373,,,OK,,,986.2,,name=classic;level=overwatered;role=disp;spread=23;gpio=34;device_seq=79970;time_source=device_synced;device_timestamp_utc=2026-07-28T12:48:20.483Z;config_id=257fa022;rssi=-61;uptime_s=599790;heap=195896;cal_tier=channel-cal;cal_src=wet_rederive_1236_20260719;pressure_context_source=weather_openmeteo;transport=wifi_poll,
plants.soil,2026-07-28T12:48:28.167Z,2026-07-28 07:48:28.167,26219,6762df,y9d41p,0.7.3,fleet_logger_0_1,599790041,UMLIFE_v2_TLC555,ch3,origplant,soil_moisture,1458,,,OK,,,986.2,,name=classic;level=well watered;role=disp;spread=7;gpio=35;device_seq=79971;time_source=device_synced;device_timestamp_utc=2026-07-28T12:48:20.483Z;config_id=257fa022;rssi=-61;uptime_s=599790;heap=195896;cal_tier=channel-cal;cal_src=wet_rederive_1236_20260719;pressure_context_source=weather_openmeteo;transport=wifi_poll,
plants.env,2026-07-28T12:48:28.167Z,2026-07-28 07:48:28.167,26220,6762df,y9d41p,0.7.3,fleet_logger_0_1,599790797,ESP32,esp32_die,on_chip,die_temp,,52.22,degC,OK,,,,,name=classic;source=esp32_die;cal=uncalibrated_board_proxy;api=temperatureRead;config_id=257fa022;transport=wifi_poll,
plants.soil,2026-07-28T12:48:58.564Z,2026-07-28 07:48:58.564,26221,6762df,y9d41p,0.7.3,fleet_logger_0_1,599820041,UMLIFE_v2_TLC555,ch0,origplant,soil_moisture,1559,,,OK,,,986.2,,name=classic;level=well watered;role=disp;spread=24;gpio=36;device_seq=79972;time_source=device_synced;device_timestamp_utc=2026-07-28T12:48:50.483Z;config_id=257fa022;rssi=-62;uptime_s=599820;heap=195896;cal_tier=channel-cal;cal_src=wet_rederive_1236_20260719;pressure_context_source=weather_openmeteo;transport=wifi_poll,
plants.soil,2026-07-28T12:48:58.564Z,2026-07-28 07:48:58.564,26222,6762df,y9d41p,0.7.3,fleet_logger_0_1,599820041,UMLIFE_v2_TLC555,ch1,origplant,soil_moisture,1698,,,OK,,,986.2,,name=classic;level=OK;role=disp;spread=50;gpio=39;device_seq=79973;time_source=device_synced;device_timestamp_utc=2026-07-28T12:48:50.483Z;config_id=257fa022;rssi=-62;uptime_s=599820;heap=195896;cal_tier=channel-cal;cal_src=wet_rederive_1236_20260719;pressure_context_source=weather_openmeteo;transport=wifi_poll,
plants.soil,2026-07-28T12:48:58.564Z,2026-07-28 07:48:58.564,26223,6762df,y9d41p,0.7.3,fleet_logger_0_1,599820041,UMLIFE_v2_TLC555,ch2,origplant,soil_moisture,1349,,,OK,,,986.2,,name=classic;level=overwatered;role=disp;spread=32;gpio=34;device_seq=79974;time_source=device_synced;device_timestamp_utc=2026-07-28T12:48:50.483Z;config_id=257fa022;rssi=-62;uptime_s=599820;heap=195896;cal_tier=channel-cal;cal_src=wet_rederive_1236_20260719;pressure_context_source=weather_openmeteo;transport=wifi_poll,
plants.soil,2026-07-28T12:48:58.564Z,2026-07-28 07:48:58.564,26224,6762df,y9d41p,0.7.3,fleet_logger_0_1,599820041,UMLIFE_v2_TLC555,ch3,origplant,soil_moisture,1432,,,OK,,,986.2,,name=classic;level=well watered;role=disp;spread=25;gpio=35;device_seq=79975;time_source=device_synced;device_timestamp_utc=2026-07-28T12:48:50.483Z;config_id=257fa022;rssi=-62;uptime_s=599820;heap=195896;cal_tier=channel-cal;cal_src=wet_rederive_1236_20260719;pressure_context_source=weather_openmeteo;transport=wifi_poll,
plants.env,2026-07-28T12:48:58.564Z,2026-07-28 07:48:58.564,26225,6762df,y9d41p,0.7.3,fleet_logger_0_1,599820797,ESP32,esp32_die,on_chip,die_temp,,52.78,degC,OK,,,,,name=classic;source=esp32_die;cal=uncalibrated_board_proxy;api=temperatureRead;config_id=257fa022;transport=wifi_poll,
plants.soil,2026-07-28T12:49:28.863Z,2026-07-28 07:49:28.863,26226,6762df,y9d41p,0.7.3,fleet_logger_0_1,599850041,UMLIFE_v2_TLC555,ch0,origplant,soil_moisture,1564,,,OK,,,986.2,,name=classic;level=well watered;role=disp;spread=13;gpio=36;device_seq=79976;time_source=device_synced;device_timestamp_utc=2026-07-28T12:49:20.483Z;config_id=257fa022;rssi=-62;uptime_s=599850;heap=195896;cal_tier=channel-cal;cal_src=wet_rederive_1236_20260719;pressure_context_source=weather_openmeteo;transport=wifi_poll,
plants.soil,2026-07-28T12:49:28.863Z,2026-07-28 07:49:28.863,26227,6762df,y9d41p,0.7.3,fleet_logger_0_1,599850041,UMLIFE_v2_TLC555,ch1,origplant,soil_moisture,1701,,,OK,,,986.2,,name=classic;level=OK;role=disp;spread=19;gpio=39;device_seq=79977;time_source=device_synced;device_timestamp_utc=2026-07-28T12:49:20.483Z;config_id=257fa022;rssi=-62;uptime_s=599850;heap=195896;cal_tier=channel-cal;cal_src=wet_rederive_1236_20260719;pressure_context_source=weather_openmeteo;transport=wifi_poll,
plants.soil,2026-07-28T12:49:28.863Z,2026-07-28 07:49:28.863,26228,6762df,y9d41p,0.7.3,fleet_logger_0_1,599850041,UMLIFE_v2_TLC555,ch2,origplant,soil_moisture,1355,,,OK,,,986.2,,name=classic;level=overwatered;role=disp;spread=21;gpio=34;device_seq=79978;time_source=device_synced;device_timestamp_utc=2026-07-28T12:49:20.483Z;config_id=257fa022;rssi=-62;uptime_s=599850;heap=195896;cal_tier=channel-cal;cal_src=wet_rederive_1236_20260719;pressure_context_source=weather_openmeteo;transport=wifi_poll,
plants.soil,2026-07-28T12:49:28.863Z,2026-07-28 07:49:28.863,26229,6762df,y9d41p,0.7.3,fleet_logger_0_1,599850041,UMLIFE_v2_TLC555,ch3,origplant,soil_moisture,1451,,,OK,,,986.2,,name=classic;level=well watered;role=disp;spread=13;gpio=35;device_seq=79979;time_source=device_synced;device_timestamp_utc=2026-07-28T12:49:20.483Z;config_id=257fa022;rssi=-62;uptime_s=599850;heap=195896;cal_tier=channel-cal;cal_src=wet_rederive_1236_20260719;pressure_context_source=weather_openmeteo;transport=wifi_poll,
plants.env,2026-07-28T12:49:28.863Z,2026-07-28 07:49:28.863,26230,6762df,y9d41p,0.7.3,fleet_logger_0_1,599850797,ESP32,esp32_die,on_chip,die_temp,,52.78,degC,OK,,,,,name=classic;source=esp32_die;cal=uncalibrated_board_proxy;api=temperatureRead;config_id=257fa022;transport=wifi_poll,
plants.soil,2026-07-28T12:49:59.079Z,2026-07-28 07:49:59.079,26231,6762df,y9d41p,0.7.3,fleet_logger_0_1,599880041,UMLIFE_v2_TLC555,ch0,origplant,soil_moisture,1586,,,OK,,,986.2,,name=classic;level=well watered;role=disp;spread=16;gpio=36;device_seq=79980;time_source=device_synced;device_timestamp_utc=2026-07-28T12:49:50.483Z;config_id=257fa022;rssi=-61;uptime_s=599880;heap=195896;cal_tier=channel-cal;cal_src=wet_rederive_1236_20260719;pressure_context_source=weather_openmeteo;transport=wifi_poll,
plants.soil,2026-07-28T12:49:59.079Z,2026-07-28 07:49:59.079,26232,6762df,y9d41p,0.7.3,fleet_logger_0_1,599880041,UMLIFE_v2_TLC555,ch1,origplant,soil_moisture,1721,,,OK,,,986.2,,name=classic;level=OK;role=disp;spread=59;gpio=39;device_seq=79981;time_source=device_synced;device_timestamp_utc=2026-07-28T12:49:50.483Z;config_id=257fa022;rssi=-61;uptime_s=599880;heap=195896;cal_tier=channel-cal;cal_src=wet_rederive_1236_20260719;pressure_context_source=weather_openmeteo;transport=wifi_poll,
plants.soil,2026-07-28T12:49:59.079Z,2026-07-28 07:49:59.079,26233,6762df,y9d41p,0.7.3,fleet_logger_0_1,599880041,UMLIFE_v2_TLC555,ch2,origplant,soil_moisture,1373,,,OK,,,986.2,,name=classic;level=overwatered;role=disp;spread=60;gpio=34;device_seq=79982;time_source=device_synced;device_timestamp_utc=2026-07-28T12:49:50.483Z;config_id=257fa022;rssi=-61;uptime_s=599880;heap=195896;cal_tier=channel-cal;cal_src=wet_rederive_1236_20260719;pressure_context_source=weather_openmeteo;transport=wifi_poll,
plants.soil,2026-07-28T12:49:59.079Z,2026-07-28 07:49:59.079,26234,6762df,y9d41p,0.7.3,fleet_logger_0_1,599880041,UMLIFE_v2_TLC555,ch3,origplant,soil_moisture,1459,,,OK,,,986.2,,name=classic;level=well watered;role=disp;spread=36;gpio=35;device_seq=79983;time_source=device_synced;device_timestamp_utc=2026-07-28T12:49:50.483Z;config_id=257fa022;rssi=-61;uptime_s=599880;heap=195896;cal_tier=channel-cal;cal_src=wet_rederive_1236_20260719;pressure_context_source=weather_openmeteo;transport=wifi_poll,
plants.env,2026-07-28T12:49:59.079Z,2026-07-28 07:49:59.079,26235,6762df,y9d41p,0.7.3,fleet_logger_0_1,599880797,ESP32,esp32_die,on_chip,die_temp,,52.78,degC,OK,,,,,name=classic;source=esp32_die;cal=uncalibrated_board_proxy;api=temperatureRead;config_id=257fa022;transport=wifi_poll,
plants.soil,2026-07-28T12:50:29.380Z,2026-07-28 07:50:29.380,26236,6762df,y9d41p,0.7.3,fleet_logger_0_1,599910041,UMLIFE_v2_TLC555,ch0,origplant,soil_moisture,1589,,,OK,,,986.2,,name=classic;level=well watered;role=disp;spread=55;gpio=36;device_seq=79984;time_source=device_synced;device_timestamp_utc=2026-07-28T12:50:20.483Z;config_id=257fa022;rssi=-62;uptime_s=599910;heap=195648;cal_tier=channel-cal;cal_src=wet_rederive_1236_20260719;pressure_context_source=weather_openmeteo;transport=wifi_poll,
plants.soil,2026-07-28T12:50:29.380Z,2026-07-28 07:50:29.380,26237,6762df,y9d41p,0.7.3,fleet_logger_0_1,599910041,UMLIFE_v2_TLC555,ch1,origplant,soil_moisture,1725,,,OK,,,986.2,,name=classic;level=OK;role=disp;spread=33;gpio=39;device_seq=79985;time_source=device_synced;device_timestamp_utc=2026-07-28T12:50:20.483Z;config_id=257fa022;rssi=-62;uptime_s=599910;heap=195648;cal_tier=channel-cal;cal_src=wet_rederive_1236_20260719;pressure_context_source=weather_openmeteo;transport=wifi_poll,
plants.soil,2026-07-28T12:50:29.380Z,2026-07-28 07:50:29.380,26238,6762df,y9d41p,0.7.3,fleet_logger_0_1,599910041,UMLIFE_v2_TLC555,ch2,origplant,soil_moisture,1379,,,OK,,,986.2,,name=classic;level=overwatered;role=disp;spread=50;gpio=34;device_seq=79986;time_source=device_synced;device_timestamp_utc=2026-07-28T12:50:20.483Z;config_id=257fa022;rssi=-62;uptime_s=599910;heap=195648;cal_tier=channel-cal;cal_src=wet_rederive_1236_20260719;pressure_context_source=weather_openmeteo;transport=wifi_poll,
plants.soil,2026-07-28T12:50:29.380Z,2026-07-28 07:50:29.380,26239,6762df,y9d41p,0.7.3,fleet_logger_0_1,599910041,UMLIFE_v2_TLC555,ch3,origplant,soil_moisture,1459,,,OK,,,986.2,,name=classic;level=well watered;role=disp;spread=24;gpio=35;device_seq=79987;time_source=device_synced;device_timestamp_utc=2026-07-28T12:50:20.483Z;config_id=257fa022;rssi=-62;uptime_s=599910;heap=195648;cal_tier=channel-cal;cal_src=wet_rederive_1236_20260719;pressure_context_source=weather_openmeteo;transport=wifi_poll,
plants.env,2026-07-28T12:50:29.380Z,2026-07-28 07:50:29.380,26240,6762df,y9d41p,0.7.3,fleet_logger_0_1,599910796,ESP32,esp32_die,on_chip,die_temp,,52.22,degC,OK,,,,,name=classic;source=esp32_die;cal=uncalibrated_board_proxy;api=temperatureRead;config_id=257fa022;transport=wifi_poll,
plants.soil,2026-07-28T12:50:59.794Z,2026-07-28 07:50:59.794,26241,6762df,y9d41p,0.7.3,fleet_logger_0_1,599940041,UMLIFE_v2_TLC555,ch0,origplant,soil_moisture,1581,,,OK,,,986.2,,name=classic;level=well watered;role=disp;spread=39;gpio=36;device_seq=79988;time_source=device_synced;device_timestamp_utc=2026-07-28T12:50:50.483Z;config_id=257fa022;rssi=-62;uptime_s=599940;heap=195648;cal_tier=channel-cal;cal_src=wet_rederive_1236_20260719;pressure_context_source=weather_openmeteo;transport=wifi_poll,
plants.soil,2026-07-28T12:50:59.794Z,2026-07-28 07:50:59.794,26242,6762df,y9d41p,0.7.3,fleet_logger_0_1,599940041,UMLIFE_v2_TLC555,ch1,origplant,soil_moisture,1714,,,OK,,,986.2,,name=classic;level=OK;role=disp;spread=22;gpio=39;device_seq=79989;time_source=device_synced;device_timestamp_utc=2026-07-28T12:50:50.483Z;config_id=257fa022;rssi=-62;uptime_s=599940;heap=195648;cal_tier=channel-cal;cal_src=wet_rederive_1236_20260719;pressure_context_source=weather_openmeteo;transport=wifi_poll,
plants.soil,2026-07-28T12:50:59.794Z,2026-07-28 07:50:59.794,26243,6762df,y9d41p,0.7.3,fleet_logger_0_1,599940041,UMLIFE_v2_TLC555,ch2,origplant,soil_moisture,1373,,,OK,,,986.2,,name=classic;level=overwatered;role=disp;spread=28;gpio=34;device_seq=79990;time_source=device_synced;device_timestamp_utc=2026-07-28T12:50:50.483Z;config_id=257fa022;rssi=-62;uptime_s=599940;heap=195648;cal_tier=channel-cal;cal_src=wet_rederive_1236_20260719;pressure_context_source=weather_openmeteo;transport=wifi_poll,
plants.soil,2026-07-28T12:50:59.794Z,2026-07-28 07:50:59.794,26244,6762df,y9d41p,0.7.3,fleet_logger_0_1,599940041,UMLIFE_v2_TLC555,ch3,origplant,soil_moisture,1461,,,OK,,,986.2,,name=classic;level=well watered;role=disp;spread=18;gpio=35;device_seq=79991;time_source=device_synced;device_timestamp_utc=2026-07-28T12:50:50.483Z;config_id=257fa022;rssi=-62;uptime_s=599940;heap=195648;cal_tier=channel-cal;cal_src=wet_rederive_1236_20260719;pressure_context_source=weather_openmeteo;transport=wifi_poll,
plants.env,2026-07-28T12:50:59.794Z,2026-07-28 07:50:59.794,26245,6762df,y9d41p,0.7.3,fleet_logger_0_1,599940797,ESP32,esp32_die,on_chip,die_temp,,53.33,degC,OK,,,,,name=classic;source=esp32_die;cal=uncalibrated_board_proxy;api=temperatureRead;config_id=257fa022;transport=wifi_poll,
plants.soil,2026-07-28T12:51:30.129Z,2026-07-28 07:51:30.129,26246,6762df,y9d41p,0.7.3,fleet_logger_0_1,599970041,UMLIFE_v2_TLC555,ch0,origplant,soil_moisture,1585,,,OK,,,986.2,,name=classic;level=well watered;role=disp;spread=28;gpio=36;device_seq=79992;time_source=device_synced;device_timestamp_utc=2026-07-28T12:51:20.483Z;config_id=257fa022;rssi=-61;uptime_s=599970;heap=195908;cal_tier=channel-cal;cal_src=wet_rederive_1236_20260719;pressure_context_source=weather_openmeteo;transport=wifi_poll,
plants.soil,2026-07-28T12:51:30.129Z,2026-07-28 07:51:30.129,26247,6762df,y9d41p,0.7.3,fleet_logger_0_1,599970041,UMLIFE_v2_TLC555,ch1,origplant,soil_moisture,1719,,,OK,,,986.2,,name=classic;level=OK;role=disp;spread=27;gpio=39;device_seq=79993;time_source=device_synced;device_timestamp_utc=2026-07-28T12:51:20.483Z;config_id=257fa022;rssi=-61;uptime_s=599970;heap=195908;cal_tier=channel-cal;cal_src=wet_rederive_1236_20260719;pressure_context_source=weather_openmeteo;transport=wifi_poll,
plants.soil,2026-07-28T12:51:30.129Z,2026-07-28 07:51:30.129,26248,6762df,y9d41p,0.7.3,fleet_logger_0_1,599970041,UMLIFE_v2_TLC555,ch2,origplant,soil_moisture,1374,,,OK,,,986.2,,name=classic;level=overwatered;role=disp;spread=32;gpio=34;device_seq=79994;time_source=device_synced;device_timestamp_utc=2026-07-28T12:51:20.483Z;config_id=257fa022;rssi=-61;uptime_s=599970;heap=195908;cal_tier=channel-cal;cal_src=wet_rederive_1236_20260719;pressure_context_source=weather_openmeteo;transport=wifi_poll,
plants.soil,2026-07-28T12:51:30.129Z,2026-07-28 07:51:30.129,26249,6762df,y9d41p,0.7.3,fleet_logger_0_1,599970041,UMLIFE_v2_TLC555,ch3,origplant,soil_moisture,1460,,,OK,,,986.2,,name=classic;level=well watered;role=disp;spread=41;gpio=35;device_seq=79995;time_source=device_synced;device_timestamp_utc=2026-07-28T12:51:20.483Z;config_id=257fa022;rssi=-61;uptime_s=599970;heap=195908;cal_tier=channel-cal;cal_src=wet_rederive_1236_20260719;pressure_context_source=weather_openmeteo;transport=wifi_poll,
plants.env,2026-07-28T12:51:30.129Z,2026-07-28 07:51:30.129,26250,6762df,y9d41p,0.7.3,fleet_logger_0_1,599970796,ESP32,esp32_die,on_chip,die_temp,,52.78,degC,OK,,,,,name=classic;source=esp32_die;cal=uncalibrated_board_proxy;api=temperatureRead;config_id=257fa022;transport=wifi_poll,
plants.soil,2026-07-28T12:52:00.532Z,2026-07-28 07:52:00.532,26251,6762df,y9d41p,0.7.3,fleet_logger_0_1,600000041,UMLIFE_v2_TLC555,ch0,origplant,soil_moisture,1577,,,OK,,,986.2,,name=classic;level=well watered;role=disp;spread=21;gpio=36;device_seq=79996;time_source=device_synced;device_timestamp_utc=2026-07-28T12:51:50.483Z;config_id=257fa022;rssi=-62;uptime_s=600000;heap=195908;cal_tier=channel-cal;cal_src=wet_rederive_1236_20260719;pressure_context_source=weather_openmeteo;transport=wifi_poll,
plants.soil,2026-07-28T12:52:00.532Z,2026-07-28 07:52:00.532,26252,6762df,y9d41p,0.7.3,fleet_logger_0_1,600000041,UMLIFE_v2_TLC555,ch1,origplant,soil_moisture,1718,,,OK,,,986.2,,name=classic;level=OK;role=disp;spread=68;gpio=39;device_seq=79997;time_source=device_synced;device_timestamp_utc=2026-07-28T12:51:50.483Z;config_id=257fa022;rssi=-62;uptime_s=600000;heap=195908;cal_tier=channel-cal;cal_src=wet_rederive_1236_20260719;pressure_context_source=weather_openmeteo;transport=wifi_poll,
plants.soil,2026-07-28T12:52:00.532Z,2026-07-28 07:52:00.532,26253,6762df,y9d41p,0.7.3,fleet_logger_0_1,600000041,UMLIFE_v2_TLC555,ch2,origplant,soil_moisture,1374,,,OK,,,986.2,,name=classic;level=overwatered;role=disp;spread=42;gpio=34;device_seq=79998;time_source=device_synced;device_timestamp_utc=2026-07-28T12:51:50.483Z;config_id=257fa022;rssi=-62;uptime_s=600000;heap=195908;cal_tier=channel-cal;cal_src=wet_rederive_1236_20260719;pressure_context_source=weather_openmeteo;transport=wifi_poll,
plants.soil,2026-07-28T12:52:00.532Z,2026-07-28 07:52:00.532,26254,6762df,y9d41p,0.7.3,fleet_logger_0_1,600000041,UMLIFE_v2_TLC555,ch3,origplant,soil_moisture,1455,,,OK,,,986.2,,name=classic;level=well watered;role=disp;spread=34;gpio=35;device_seq=79999;time_source=device_synced;device_timestamp_utc=2026-07-28T12:51:50.483Z;config_id=257fa022;rssi=-62;uptime_s=600000;heap=195908;cal_tier=channel-cal;cal_src=wet_rederive_1236_20260719;pressure_context_source=weather_openmeteo;transport=wifi_poll,
plants.env,2026-07-28T12:52:00.532Z,2026-07-28 07:52:00.532,26255,6762df,y9d41p,0.7.3,fleet_logger_0_1,600001862,ESP32,esp32_die,on_chip,die_temp,,52.78,degC,OK,,,,,name=classic;source=esp32_die;cal=uncalibrated_board_proxy;api=temperatureRead;config_id=257fa022;transport=wifi_poll,
plants.soil,2026-07-28T12:52:30.763Z,2026-07-28 07:52:30.763,26256,6762df,y9d41p,0.7.3,fleet_logger_0_1,600030041,UMLIFE_v2_TLC555,ch0,origplant,soil_moisture,1585,,,OK,,,986.2,,name=classic;level=well watered;role=disp;spread=29;gpio=36;device_seq=80000;time_source=device_synced;device_timestamp_utc=2026-07-28T12:52:20.483Z;config_id=257fa022;rssi=-61;uptime_s=600030;heap=195868;cal_tier=channel-cal;cal_src=wet_rederive_1236_20260719;pressure_context_source=weather_openmeteo;transport=wifi_poll,
plants.soil,2026-07-28T12:52:30.763Z,2026-07-28 07:52:30.763,26257,6762df,y9d41p,0.7.3,fleet_logger_0_1,600030041,UMLIFE_v2_TLC555,ch1,origplant,soil_moisture,1720,,,OK,,,986.2,,name=classic;level=OK;role=disp;spread=15;gpio=39;device_seq=80001;time_source=device_synced;device_timestamp_utc=2026-07-28T12:52:20.483Z;config_id=257fa022;rssi=-61;uptime_s=600030;heap=195868;cal_tier=channel-cal;cal_src=wet_rederive_1236_20260719;pressure_context_source=weather_openmeteo;transport=wifi_poll,
plants.soil,2026-07-28T12:52:30.763Z,2026-07-28 07:52:30.763,26258,6762df,y9d41p,0.7.3,fleet_logger_0_1,600030041,UMLIFE_v2_TLC555,ch2,origplant,soil_moisture,1374,,,OK,,,986.2,,name=classic;level=overwatered;role=disp;spread=54;gpio=34;device_seq=80002;time_source=device_synced;device_timestamp_utc=2026-07-28T12:52:20.483Z;config_id=257fa022;rssi=-61;uptime_s=600030;heap=195868;cal_tier=channel-cal;cal_src=wet_rederive_1236_20260719;pressure_context_source=weather_openmeteo;transport=wifi_poll,
plants.soil,2026-07-28T12:52:30.763Z,2026-07-28 07:52:30.763,26259,6762df,y9d41p,0.7.3,fleet_logger_0_1,600030041,UMLIFE_v2_TLC555,ch3,origplant,soil_moisture,1458,,,OK,,,986.2,,name=classic;level=well watered;role=disp;spread=22;gpio=35;device_seq=80003;time_source=device_synced;device_timestamp_utc=2026-07-28T12:52:20.483Z;config_id=257fa022;rssi=-61;uptime_s=600030;heap=195868;cal_tier=channel-cal;cal_src=wet_rederive_1236_20260719;pressure_context_source=weather_openmeteo;transport=wifi_poll,
plants.env,2026-07-28T12:52:30.763Z,2026-07-28 07:52:30.763,26260,6762df,y9d41p,0.7.3,fleet_logger_0_1,600030796,ESP32,esp32_die,on_chip,die_temp,,52.78,degC,OK,,,,,name=classic;source=esp32_die;cal=uncalibrated_board_proxy;api=temperatureRead;config_id=257fa022;transport=wifi_poll,
plants.soil,2026-07-28T12:53:01.133Z,2026-07-28 07:53:01.133,26261,6762df,y9d41p,0.7.3,fleet_logger_0_1,600060041,UMLIFE_v2_TLC555,ch0,origplant,soil_moisture,1566,,,OK,,,986.2,,name=classic;level=well watered;role=disp;spread=28;gpio=36;device_seq=80004;time_source=device_synced;device_timestamp_utc=2026-07-28T12:52:50.483Z;config_id=257fa022;rssi=-61;uptime_s=600060;heap=195900;cal_tier=channel-cal;cal_src=wet_rederive_1236_20260719;pressure_context_source=weather_openmeteo;transport=wifi_poll,
plants.soil,2026-07-28T12:53:01.133Z,2026-07-28 07:53:01.133,26262,6762df,y9d41p,0.7.3,fleet_logger_0_1,600060041,UMLIFE_v2_TLC555,ch1,origplant,soil_moisture,1713,,,OK,,,986.2,,name=classic;level=OK;role=disp;spread=32;gpio=39;device_seq=80005;time_source=device_synced;device_timestamp_utc=2026-07-28T12:52:50.483Z;config_id=257fa022;rssi=-61;uptime_s=600060;heap=195900;cal_tier=channel-cal;cal_src=wet_rederive_1236_20260719;pressure_context_source=weather_openmeteo;transport=wifi_poll,
plants.soil,2026-07-28T12:53:01.133Z,2026-07-28 07:53:01.133,26263,6762df,y9d41p,0.7.3,fleet_logger_0_1,600060041,UMLIFE_v2_TLC555,ch2,origplant,soil_moisture,1373,,,OK,,,986.2,,name=classic;level=overwatered;role=disp;spread=22;gpio=34;device_seq=80006;time_source=device_synced;device_timestamp_utc=2026-07-28T12:52:50.483Z;config_id=257fa022;rssi=-61;uptime_s=600060;heap=195900;cal_tier=channel-cal;cal_src=wet_rederive_1236_20260719;pressure_context_source=weather_openmeteo;transport=wifi_poll,
plants.soil,2026-07-28T12:53:01.133Z,2026-07-28 07:53:01.133,26264,6762df,y9d41p,0.7.3,fleet_logger_0_1,600060041,UMLIFE_v2_TLC555,ch3,origplant,soil_moisture,1458,,,OK,,,986.2,,name=classic;level=well watered;role=disp;spread=9;gpio=35;device_seq=80007;time_source=device_synced;device_timestamp_utc=2026-07-28T12:52:50.483Z;config_id=257fa022;rssi=-61;uptime_s=600060;heap=195900;cal_tier=channel-cal;cal_src=wet_rederive_1236_20260719;pressure_context_source=weather_openmeteo;transport=wifi_poll,
plants.env,2026-07-28T12:53:01.133Z,2026-07-28 07:53:01.133,26265,6762df,y9d41p,0.7.3,fleet_logger_0_1,600060796,ESP32,esp32_die,on_chip,die_temp,,52.78,degC,OK,,,,,name=classic;source=esp32_die;cal=uncalibrated_board_proxy;api=temperatureRead;config_id=257fa022;transport=wifi_poll,
plants.soil,2026-07-28T12:53:31.449Z,2026-07-28 07:53:31.449,26266,6762df,y9d41p,0.7.3,fleet_logger_0_1,600090041,UMLIFE_v2_TLC555,ch0,origplant,soil_moisture,1563,,,OK,,,986.2,,name=classic;level=well watered;role=disp;spread=23;gpio=36;device_seq=80008;time_source=device_synced;device_timestamp_utc=2026-07-28T12:53:20.483Z;config_id=257fa022;rssi=-62;uptime_s=600090;heap=195636;cal_tier=channel-cal;cal_src=wet_rederive_1236_20260719;pressure_context_source=weather_openmeteo;transport=wifi_poll,
plants.soil,2026-07-28T12:53:31.449Z,2026-07-28 07:53:31.449,26267,6762df,y9d41p,0.7.3,fleet_logger_0_1,600090041,UMLIFE_v2_TLC555,ch1,origplant,soil_moisture,1700,,,OK,,,986.2,,name=classic;level=OK;role=disp;spread=31;gpio=39;device_seq=80009;time_source=device_synced;device_timestamp_utc=2026-07-28T12:53:20.483Z;config_id=257fa022;rssi=-62;uptime_s=600090;heap=195636;cal_tier=channel-cal;cal_src=wet_rederive_1236_20260719;pressure_context_source=weather_openmeteo;transport=wifi_poll,
plants.soil,2026-07-28T12:53:31.449Z,2026-07-28 07:53:31.449,26268,6762df,y9d41p,0.7.3,fleet_logger_0_1,600090041,UMLIFE_v2_TLC555,ch2,origplant,soil_moisture,1368,,,OK,,,986.2,,name=classic;level=overwatered;role=disp;spread=51;gpio=34;device_seq=80010;time_source=device_synced;device_timestamp_utc=2026-07-28T12:53:20.483Z;config_id=257fa022;rssi=-62;uptime_s=600090;heap=195636;cal_tier=channel-cal;cal_src=wet_rederive_1236_20260719;pressure_context_source=weather_openmeteo;transport=wifi_poll,
plants.soil,2026-07-28T12:53:31.449Z,2026-07-28 07:53:31.449,26269,6762df,y9d41p,0.7.3,fleet_logger_0_1,600090041,UMLIFE_v2_TLC555,ch3,origplant,soil_moisture,1460,,,OK,,,986.2,,name=classic;level=well watered;role=disp;spread=25;gpio=35;device_seq=80011;time_source=device_synced;device_timestamp_utc=2026-07-28T12:53:20.483Z;config_id=257fa022;rssi=-62;uptime_s=600090;heap=195636;cal_tier=channel-cal;cal_src=wet_rederive_1236_20260719;pressure_context_source=weather_openmeteo;transport=wifi_poll,
plants.env,2026-07-28T12:53:31.449Z,2026-07-28 07:53:31.449,26270,6762df,y9d41p,0.7.3,fleet_logger_0_1,600090796,ESP32,esp32_die,on_chip,die_temp,,52.22,degC,OK,,,,,name=classic;source=esp32_die;cal=uncalibrated_board_proxy;api=temperatureRead;config_id=257fa022;transport=wifi_poll,
plants.soil,2026-07-28T12:54:02.408Z,2026-07-28 07:54:02.408,26271,6762df,y9d41p,0.7.3,fleet_logger_0_1,600120041,UMLIFE_v2_TLC555,ch0,origplant,soil_moisture,1561,,,OK,,,986.2,,name=classic;level=well watered;role=disp;spread=26;gpio=36;device_seq=80012;time_source=device_synced;device_timestamp_utc=2026-07-28T12:53:50.483Z;config_id=257fa022;rssi=-62;uptime_s=600120;heap=195636;cal_tier=channel-cal;cal_src=wet_rederive_1236_20260719;pressure_context_source=weather_openmeteo;transport=wifi_poll,
plants.soil,2026-07-28T12:54:02.408Z,2026-07-28 07:54:02.408,26272,6762df,y9d41p,0.7.3,fleet_logger_0_1,600120041,UMLIFE_v2_TLC555,ch1,origplant,soil_moisture,1708,,,OK,,,986.2,,name=classic;level=OK;role=disp;spread=37;gpio=39;device_seq=80013;time_source=device_synced;device_timestamp_utc=2026-07-28T12:53:50.483Z;config_id=257fa022;rssi=-62;uptime_s=600120;heap=195636;cal_tier=channel-cal;cal_src=wet_rederive_1236_20260719;pressure_context_source=weather_openmeteo;transport=wifi_poll,
plants.soil,2026-07-28T12:54:02.408Z,2026-07-28 07:54:02.408,26273,6762df,y9d41p,0.7.3,fleet_logger_0_1,600120041,UMLIFE_v2_TLC555,ch2,origplant,soil_moisture,1366,,,OK,,,986.2,,name=classic;level=overwatered;role=disp;spread=18;gpio=34;device_seq=80014;time_source=device_synced;device_timestamp_utc=2026-07-28T12:53:50.483Z;config_id=257fa022;rssi=-62;uptime_s=600120;heap=195636;cal_tier=channel-cal;cal_src=wet_rederive_1236_20260719;pressure_context_source=weather_openmeteo;transport=wifi_poll,
plants.soil,2026-07-28T12:54:02.408Z,2026-07-28 07:54:02.408,26274,6762df,y9d41p,0.7.3,fleet_logger_0_1,600120041,UMLIFE_v2_TLC555,ch3,origplant,soil_moisture,1459,,,OK,,,986.2,,name=classic;level=well watered;role=disp;spread=26;gpio=35;device_seq=80015;time_source=device_synced;device_timestamp_utc=2026-07-28T12:53:50.483Z;config_id=257fa022;rssi=-62;uptime_s=600120;heap=195636;cal_tier=channel-cal;cal_src=wet_rederive_1236_20260719;pressure_context_source=weather_openmeteo;transport=wifi_poll,
plants.env,2026-07-28T12:54:02.408Z,2026-07-28 07:54:02.408,26275,6762df,y9d41p,0.7.3,fleet_logger_0_1,600120796,ESP32,esp32_die,on_chip,die_temp,,52.78,degC,OK,,,,,name=classic;source=esp32_die;cal=uncalibrated_board_proxy;api=temperatureRead;config_id=257fa022;transport=wifi_poll,
plants.soil,2026-07-28T12:54:33.113Z,2026-07-28 07:54:33.113,26276,6762df,y9d41p,0.7.3,fleet_logger_0_1,600150041,UMLIFE_v2_TLC555,ch0,origplant,soil_moisture,1561,,,OK,,,986.2,,name=classic;level=well watered;role=disp;spread=30;gpio=36;device_seq=80016;time_source=device_synced;device_timestamp_utc=2026-07-28T12:54:20.483Z;config_id=257fa022;rssi=-60;uptime_s=600150;heap=195908;cal_tier=channel-cal;cal_src=wet_rederive_1236_20260719;pressure_context_source=weather_openmeteo;transport=wifi_poll,
plants.soil,2026-07-28T12:54:33.113Z,2026-07-28 07:54:33.113,26277,6762df,y9d41p,0.7.3,fleet_logger_0_1,600150041,UMLIFE_v2_TLC555,ch1,origplant,soil_moisture,1694,,,OK,,,986.2,,name=classic;level=OK;role=disp;spread=42;gpio=39;device_seq=80017;time_source=device_synced;device_timestamp_utc=2026-07-28T12:54:20.483Z;config_id=257fa022;rssi=-60;uptime_s=600150;heap=195908;cal_tier=channel-cal;cal_src=wet_rederive_1236_20260719;pressure_context_source=weather_openmeteo;transport=wifi_poll,
plants.soil,2026-07-28T12:54:33.113Z,2026-07-28 07:54:33.113,26278,6762df,y9d41p,0.7.3,fleet_logger_0_1,600150041,UMLIFE_v2_TLC555,ch2,origplant,soil_moisture,1358,,,OK,,,986.2,,name=classic;level=overwatered;role=disp;spread=40;gpio=34;device_seq=80018;time_source=device_synced;device_timestamp_utc=2026-07-28T12:54:20.483Z;config_id=257fa022;rssi=-60;uptime_s=600150;heap=195908;cal_tier=channel-cal;cal_src=wet_rederive_1236_20260719;pressure_context_source=weather_openmeteo;transport=wifi_poll,
plants.soil,2026-07-28T12:54:33.113Z,2026-07-28 07:54:33.113,26279,6762df,y9d41p,0.7.3,fleet_logger_0_1,600150041,UMLIFE_v2_TLC555,ch3,origplant,soil_moisture,1448,,,OK,,,986.2,,name=classic;level=well watered;role=disp;spread=19;gpio=35;device_seq=80019;time_source=device_synced;device_timestamp_utc=2026-07-28T12:54:20.483Z;config_id=257fa022;rssi=-60;uptime_s=600150;heap=195908;cal_tier=channel-cal;cal_src=wet_rederive_1236_20260719;pressure_context_source=weather_openmeteo;transport=wifi_poll,
plants.env,2026-07-28T12:54:33.113Z,2026-07-28 07:54:33.113,26280,6762df,y9d41p,0.7.3,fleet_logger_0_1,600150796,ESP32,esp32_die,on_chip,die_temp,,52.78,degC,OK,,,,,name=classic;source=esp32_die;cal=uncalibrated_board_proxy;api=temperatureRead;config_id=257fa022;transport=wifi_poll,
plants.soil,2026-07-28T12:55:04.019Z,2026-07-28 07:55:04.019,26281,6762df,y9d41p,0.7.3,fleet_logger_0_1,600180041,UMLIFE_v2_TLC555,ch0,origplant,soil_moisture,1555,,,OK,,,986.2,,name=classic;level=well watered;role=disp;spread=17;gpio=36;device_seq=80020;time_source=device_synced;device_timestamp_utc=2026-07-28T12:54:50.483Z;config_id=257fa022;rssi=-62;uptime_s=600180;heap=195904;cal_tier=channel-cal;cal_src=wet_rederive_1236_20260719;pressure_context_source=weather_openmeteo;transport=wifi_poll,
plants.soil,2026-07-28T12:55:04.019Z,2026-07-28 07:55:04.019,26282,6762df,y9d41p,0.7.3,fleet_logger_0_1,600180041,UMLIFE_v2_TLC555,ch1,origplant,soil_moisture,1691,,,OK,,,986.2,,name=classic;level=OK;role=disp;spread=28;gpio=39;device_seq=80021;time_source=device_synced;device_timestamp_utc=2026-07-28T12:54:50.483Z;config_id=257fa022;rssi=-62;uptime_s=600180;heap=195904;cal_tier=channel-cal;cal_src=wet_rederive_1236_20260719;pressure_context_source=weather_openmeteo;transport=wifi_poll,
plants.soil,2026-07-28T12:55:04.019Z,2026-07-28 07:55:04.019,26283,6762df,y9d41p,0.7.3,fleet_logger_0_1,600180041,UMLIFE_v2_TLC555,ch2,origplant,soil_moisture,1340,,,OK,,,986.2,,name=classic;level=overwatered;role=disp;spread=30;gpio=34;device_seq=80022;time_source=device_synced;device_timestamp_utc=2026-07-28T12:54:50.483Z;config_id=257fa022;rssi=-62;uptime_s=600180;heap=195904;cal_tier=channel-cal;cal_src=wet_rederive_1236_20260719;pressure_context_source=weather_openmeteo;transport=wifi_poll,
plants.soil,2026-07-28T12:55:04.019Z,2026-07-28 07:55:04.019,26284,6762df,y9d41p,0.7.3,fleet_logger_0_1,600180041,UMLIFE_v2_TLC555,ch3,origplant,soil_moisture,1431,,,OK,,,986.2,,name=classic;level=well watered;role=disp;spread=37;gpio=35;device_seq=80023;time_source=device_synced;device_timestamp_utc=2026-07-28T12:54:50.483Z;config_id=257fa022;rssi=-62;uptime_s=600180;heap=195904;cal_tier=channel-cal;cal_src=wet_rederive_1236_20260719;pressure_context_source=weather_openmeteo;transport=wifi_poll,
plants.env,2026-07-28T12:55:04.019Z,2026-07-28 07:55:04.019,26285,6762df,y9d41p,0.7.3,fleet_logger_0_1,600180797,ESP32,esp32_die,on_chip,die_temp,,52.22,degC,OK,,,,,name=classic;source=esp32_die;cal=uncalibrated_board_proxy;api=temperatureRead;config_id=257fa022;transport=wifi_poll,
plants.soil,2026-07-28T12:55:34.466Z,2026-07-28 07:55:34.466,26286,6762df,y9d41p,0.7.3,fleet_logger_0_1,600210041,UMLIFE_v2_TLC555,ch0,origplant,soil_moisture,1564,,,OK,,,986.2,,name=classic;level=well watered;role=disp;spread=33;gpio=36;device_seq=80024;time_source=device_synced;device_timestamp_utc=2026-07-28T12:55:20.483Z;config_id=257fa022;rssi=-61;uptime_s=600210;heap=195908;cal_tier=channel-cal;cal_src=wet_rederive_1236_20260719;pressure_context_source=weather_openmeteo;transport=wifi_poll,
plants.soil,2026-07-28T12:55:34.466Z,2026-07-28 07:55:34.466,26287,6762df,y9d41p,0.7.3,fleet_logger_0_1,600210041,UMLIFE_v2_TLC555,ch1,origplant,soil_moisture,1695,,,OK,,,986.2,,name=classic;level=OK;role=disp;spread=31;gpio=39;device_seq=80025;time_source=device_synced;device_timestamp_utc=2026-07-28T12:55:20.483Z;config_id=257fa022;rssi=-61;uptime_s=600210;heap=195908;cal_tier=channel-cal;cal_src=wet_rederive_1236_20260719;pressure_context_source=weather_openmeteo;transport=wifi_poll,
plants.soil,2026-07-28T12:55:34.466Z,2026-07-28 07:55:34.466,26288,6762df,y9d41p,0.7.3,fleet_logger_0_1,600210041,UMLIFE_v2_TLC555,ch2,origplant,soil_moisture,1345,,,OK,,,986.2,,name=classic;level=overwatered;role=disp;spread=48;gpio=34;device_seq=80026;time_source=device_synced;device_timestamp_utc=2026-07-28T12:55:20.483Z;config_id=257fa022;rssi=-61;uptime_s=600210;heap=195908;cal_tier=channel-cal;cal_src=wet_rederive_1236_20260719;pressure_context_source=weather_openmeteo;transport=wifi_poll,
plants.soil,2026-07-28T12:55:34.466Z,2026-07-28 07:55:34.466,26289,6762df,y9d41p,0.7.3,fleet_logger_0_1,600210041,UMLIFE_v2_TLC555,ch3,origplant,soil_moisture,1432,,,OK,,,986.2,,name=classic;level=well watered;role=disp;spread=13;gpio=35;device_seq=80027;time_source=device_synced;device_timestamp_utc=2026-07-28T12:55:20.483Z;config_id=257fa022;rssi=-61;uptime_s=600210;heap=195908;cal_tier=channel-cal;cal_src=wet_rederive_1236_20260719;pressure_context_source=weather_openmeteo;transport=wifi_poll,
plants.env,2026-07-28T12:55:34.466Z,2026-07-28 07:55:34.466,26290,6762df,y9d41p,0.7.3,fleet_logger_0_1,600210796,ESP32,esp32_die,on_chip,die_temp,,52.78,degC,OK,,,,,name=classic;source=esp32_die;cal=uncalibrated_board_proxy;api=temperatureRead;config_id=257fa022;transport=wifi_poll,
plants.soil,2026-07-28T12:56:06.906Z,2026-07-28 07:56:06.906,26291,6762df,y9d41p,0.7.3,fleet_logger_0_1,600240041,UMLIFE_v2_TLC555,ch0,origplant,soil_moisture,1557,,,OK,,,986.2,,name=classic;level=well watered;role=disp;spread=29;gpio=36;device_seq=80028;time_source=device_synced;device_timestamp_utc=2026-07-28T12:55:50.483Z;config_id=257fa022;rssi=-61;uptime_s=600240;heap=195908;cal_tier=channel-cal;cal_src=wet_rederive_1236_20260719;pressure_context_source=weather_openmeteo;transport=wifi_poll,
plants.soil,2026-07-28T12:56:06.906Z,2026-07-28 07:56:06.906,26292,6762df,y9d41p,0.7.3,fleet_logger_0_1,600240041,UMLIFE_v2_TLC555,ch1,origplant,soil_moisture,1692,,,OK,,,986.2,,name=classic;level=OK;role=disp;spread=43;gpio=39;device_seq=80029;time_source=device_synced;device_timestamp_utc=2026-07-28T12:55:50.483Z;config_id=257fa022;rssi=-61;uptime_s=600240;heap=195908;cal_tier=channel-cal;cal_src=wet_rederive_1236_20260719;pressure_context_source=weather_openmeteo;transport=wifi_poll,
plants.soil,2026-07-28T12:56:06.906Z,2026-07-28 07:56:06.906,26293,6762df,y9d41p,0.7.3,fleet_logger_0_1,600240041,UMLIFE_v2_TLC555,ch2,origplant,soil_moisture,1344,,,OK,,,986.2,,name=classic;level=overwatered;role=disp;spread=40;gpio=34;device_seq=80030;time_source=device_synced;device_timestamp_utc=2026-07-28T12:55:50.483Z;config_id=257fa022;rssi=-61;uptime_s=600240;heap=195908;cal_tier=channel-cal;cal_src=wet_rederive_1236_20260719;pressure_context_source=weather_openmeteo;transport=wifi_poll,
plants.soil,2026-07-28T12:56:06.906Z,2026-07-28 07:56:06.906,26294,6762df,y9d41p,0.7.3,fleet_logger_0_1,600240041,UMLIFE_v2_TLC555,ch3,origplant,soil_moisture,1428,,,OK,,,986.2,,name=classic;level=well watered;role=disp;spread=17;gpio=35;device_seq=80031;time_source=device_synced;device_timestamp_utc=2026-07-28T12:55:50.483Z;config_id=257fa022;rssi=-61;uptime_s=600240;heap=195908;cal_tier=channel-cal;cal_src=wet_rederive_1236_20260719;pressure_context_source=weather_openmeteo;transport=wifi_poll,
plants.env,2026-07-28T12:56:06.906Z,2026-07-28 07:56:06.906,26295,6762df,y9d41p,0.7.3,fleet_logger_0_1,600240796,ESP32,esp32_die,on_chip,die_temp,,52.22,degC,OK,,,,,name=classic;source=esp32_die;cal=uncalibrated_board_proxy;api=temperatureRead;config_id=257fa022;transport=wifi_poll,
plants.soil,2026-07-28T12:56:37.713Z,2026-07-28 07:56:37.713,26296,6762df,y9d41p,0.7.3,fleet_logger_0_1,600270041,UMLIFE_v2_TLC555,ch0,origplant,soil_moisture,1559,,,OK,,,986.2,,name=classic;level=well watered;role=disp;spread=35;gpio=36;device_seq=80032;time_source=device_synced;device_timestamp_utc=2026-07-28T12:56:20.483Z;config_id=257fa022;rssi=-61;uptime_s=600270;heap=195624;cal_tier=channel-cal;cal_src=wet_rederive_1236_20260719;pressure_context_source=weather_openmeteo;transport=wifi_poll,
plants.soil,2026-07-28T12:56:37.713Z,2026-07-28 07:56:37.713,26297,6762df,y9d41p,0.7.3,fleet_logger_0_1,600270041,UMLIFE_v2_TLC555,ch1,origplant,soil_moisture,1689,,,OK,,,986.2,,name=classic;level=OK;role=disp;spread=46;gpio=39;device_seq=80033;time_source=device_synced;device_timestamp_utc=2026-07-28T12:56:20.483Z;config_id=257fa022;rssi=-61;uptime_s=600270;heap=195624;cal_tier=channel-cal;cal_src=wet_rederive_1236_20260719;pressure_context_source=weather_openmeteo;transport=wifi_poll,
plants.soil,2026-07-28T12:56:37.713Z,2026-07-28 07:56:37.713,26298,6762df,y9d41p,0.7.3,fleet_logger_0_1,600270041,UMLIFE_v2_TLC555,ch2,origplant,soil_moisture,1345,,,OK,,,986.2,,name=classic;level=overwatered;role=disp;spread=28;gpio=34;device_seq=80034;time_source=device_synced;device_timestamp_utc=2026-07-28T12:56:20.483Z;config_id=257fa022;rssi=-61;uptime_s=600270;heap=195624;cal_tier=channel-cal;cal_src=wet_rederive_1236_20260719;pressure_context_source=weather_openmeteo;transport=wifi_poll,
plants.soil,2026-07-28T12:56:37.713Z,2026-07-28 07:56:37.713,26299,6762df,y9d41p,0.7.3,fleet_logger_0_1,600270041,UMLIFE_v2_TLC555,ch3,origplant,soil_moisture,1430,,,OK,,,986.2,,name=classic;level=well watered;role=disp;spread=17;gpio=35;device_seq=80035;time_source=device_synced;device_timestamp_utc=2026-07-28T12:56:20.483Z;config_id=257fa022;rssi=-61;uptime_s=600270;heap=195624;cal_tier=channel-cal;cal_src=wet_rederive_1236_20260719;pressure_context_source=weather_openmeteo;transport=wifi_poll,
plants.env,2026-07-28T12:56:37.713Z,2026-07-28 07:56:37.713,26300,6762df,y9d41p,0.7.3,fleet_logger_0_1,600270796,ESP32,esp32_die,on_chip,die_temp,,52.78,degC,OK,,,,,name=classic;source=esp32_die;cal=uncalibrated_board_proxy;api=temperatureRead;config_id=257fa022;transport=wifi_poll,
plants.soil,2026-07-28T12:57:07.936Z,2026-07-28 07:57:07.936,26301,6762df,y9d41p,0.7.3,fleet_logger_0_1,600300041,UMLIFE_v2_TLC555,ch0,origplant,soil_moisture,1557,,,OK,,,986.2,,name=classic;level=well watered;role=disp;spread=26;gpio=36;device_seq=80036;time_source=device_synced;device_timestamp_utc=2026-07-28T12:56:50.483Z;config_id=257fa022;rssi=-60;uptime_s=600300;heap=195632;cal_tier=channel-cal;cal_src=wet_rederive_1236_20260719;pressure_context_source=weather_openmeteo;transport=wifi_poll,
plants.soil,2026-07-28T12:57:07.936Z,2026-07-28 07:57:07.936,26302,6762df,y9d41p,0.7.3,fleet_logger_0_1,600300041,UMLIFE_v2_TLC555,ch1,origplant,soil_moisture,1692,,,OK,,,986.2,,name=classic;level=OK;role=disp;spread=55;gpio=39;device_seq=80037;time_source=device_synced;device_timestamp_utc=2026-07-28T12:56:50.483Z;config_id=257fa022;rssi=-60;uptime_s=600300;heap=195632;cal_tier=channel-cal;cal_src=wet_rederive_1236_20260719;pressure_context_source=weather_openmeteo;transport=wifi_poll,
plants.soil,2026-07-28T12:57:07.936Z,2026-07-28 07:57:07.936,26303,6762df,y9d41p,0.7.3,fleet_logger_0_1,600300041,UMLIFE_v2_TLC555,ch2,origplant,soil_moisture,1345,,,OK,,,986.2,,name=classic;level=overwatered;role=disp;spread=20;gpio=34;device_seq=80038;time_source=device_synced;device_timestamp_utc=2026-07-28T12:56:50.483Z;config_id=257fa022;rssi=-60;uptime_s=600300;heap=195632;cal_tier=channel-cal;cal_src=wet_rederive_1236_20260719;pressure_context_source=weather_openmeteo;transport=wifi_poll,
plants.soil,2026-07-28T12:57:07.936Z,2026-07-28 07:57:07.936,26304,6762df,y9d41p,0.7.3,fleet_logger_0_1,600300041,UMLIFE_v2_TLC555,ch3,origplant,soil_moisture,1435,,,OK,,,986.2,,name=classic;level=well watered;role=disp;spread=28;gpio=35;device_seq=80039;time_source=device_synced;device_timestamp_utc=2026-07-28T12:56:50.483Z;config_id=257fa022;rssi=-60;uptime_s=600300;heap=195632;cal_tier=channel-cal;cal_src=wet_rederive_1236_20260719;pressure_context_source=weather_openmeteo;transport=wifi_poll,
plants.env,2026-07-28T12:57:07.936Z,2026-07-28 07:57:07.936,26305,6762df,y9d41p,0.7.3,fleet_logger_0_1,600300796,ESP32,esp32_die,on_chip,die_temp,,52.22,degC,OK,,,,,name=classic;source=esp32_die;cal=uncalibrated_board_proxy;api=temperatureRead;config_id=257fa022;transport=wifi_poll,
plants.soil,2026-07-28T12:57:38.237Z,2026-07-28 07:57:38.237,26306,6762df,y9d41p,0.7.3,fleet_logger_0_1,600330041,UMLIFE_v2_TLC555,ch0,origplant,soil_moisture,1562,,,OK,,,986.2,,name=classic;level=well watered;role=disp;spread=52;gpio=36;device_seq=80040;time_source=device_synced;device_timestamp_utc=2026-07-28T12:57:20.483Z;config_id=257fa022;rssi=-62;uptime_s=600330;heap=195888;cal_tier=channel-cal;cal_src=wet_rederive_1236_20260719;pressure_context_source=weather_openmeteo;transport=wifi_poll,
plants.soil,2026-07-28T12:57:38.237Z,2026-07-28 07:57:38.237,26307,6762df,y9d41p,0.7.3,fleet_logger_0_1,600330041,UMLIFE_v2_TLC555,ch1,origplant,soil_moisture,1696,,,OK,,,986.2,,name=classic;level=OK;role=disp;spread=15;gpio=39;device_seq=80041;time_source=device_synced;device_timestamp_utc=2026-07-28T12:57:20.483Z;config_id=257fa022;rssi=-62;uptime_s=600330;heap=195888;cal_tier=channel-cal;cal_src=wet_rederive_1236_20260719;pressure_context_source=weather_openmeteo;transport=wifi_poll,
plants.soil,2026-07-28T12:57:38.237Z,2026-07-28 07:57:38.237,26308,6762df,y9d41p,0.7.3,fleet_logger_0_1,600330041,UMLIFE_v2_TLC555,ch2,origplant,soil_moisture,1347,,,OK,,,986.2,,name=classic;level=overwatered;role=disp;spread=20;gpio=34;device_seq=80042;time_source=device_synced;device_timestamp_utc=2026-07-28T12:57:20.483Z;config_id=257fa022;rssi=-62;uptime_s=600330;heap=195888;cal_tier=channel-cal;cal_src=wet_rederive_1236_20260719;pressure_context_source=weather_openmeteo;transport=wifi_poll,
plants.soil,2026-07-28T12:57:38.237Z,2026-07-28 07:57:38.237,26309,6762df,y9d41p,0.7.3,fleet_logger_0_1,600330041,UMLIFE_v2_TLC555,ch3,origplant,soil_moisture,1439,,,OK,,,986.2,,name=classic;level=well watered;role=disp;spread=29;gpio=35;device_seq=80043;time_source=device_synced;device_timestamp_utc=2026-07-28T12:57:20.483Z;config_id=257fa022;rssi=-62;uptime_s=600330;heap=195888;cal_tier=channel-cal;cal_src=wet_rederive_1236_20260719;pressure_context_source=weather_openmeteo;transport=wifi_poll,
plants.env,2026-07-28T12:57:38.237Z,2026-07-28 07:57:38.237,26310,6762df,y9d41p,0.7.3,fleet_logger_0_1,600330796,ESP32,esp32_die,on_chip,die_temp,,52.78,degC,OK,,,,,name=classic;source=esp32_die;cal=uncalibrated_board_proxy;api=temperatureRead;config_id=257fa022;transport=wifi_poll,
plants.soil,2026-07-28T12:58:08.455Z,2026-07-28 07:58:08.455,26311,6762df,y9d41p,0.7.3,fleet_logger_0_1,600360041,UMLIFE_v2_TLC555,ch0,origplant,soil_moisture,1566,,,OK,,,986.2,,name=classic;level=well watered;role=disp;spread=19;gpio=36;device_seq=80044;time_source=device_synced;device_timestamp_utc=2026-07-28T12:57:50.483Z;config_id=257fa022;rssi=-61;uptime_s=600360;heap=195892;cal_tier=channel-cal;cal_src=wet_rederive_1236_20260719;pressure_context_source=weather_openmeteo;transport=wifi_poll,
plants.soil,2026-07-28T12:58:08.455Z,2026-07-28 07:58:08.455,26312,6762df,y9d41p,0.7.3,fleet_logger_0_1,600360041,UMLIFE_v2_TLC555,ch1,origplant,soil_moisture,1698,,,OK,,,986.2,,name=classic;level=OK;role=disp;spread=40;gpio=39;device_seq=80045;time_source=device_synced;device_timestamp_utc=2026-07-28T12:57:50.483Z;config_id=257fa022;rssi=-61;uptime_s=600360;heap=195892;cal_tier=channel-cal;cal_src=wet_rederive_1236_20260719;pressure_context_source=weather_openmeteo;transport=wifi_poll,
plants.soil,2026-07-28T12:58:08.455Z,2026-07-28 07:58:08.455,26313,6762df,y9d41p,0.7.3,fleet_logger_0_1,600360041,UMLIFE_v2_TLC555,ch2,origplant,soil_moisture,1345,,,OK,,,986.2,,name=classic;level=overwatered;role=disp;spread=32;gpio=34;device_seq=80046;time_source=device_synced;device_timestamp_utc=2026-07-28T12:57:50.483Z;config_id=257fa022;rssi=-61;uptime_s=600360;heap=195892;cal_tier=channel-cal;cal_src=wet_rederive_1236_20260719;pressure_context_source=weather_openmeteo;transport=wifi_poll,
plants.soil,2026-07-28T12:58:08.455Z,2026-07-28 07:58:08.455,26314,6762df,y9d41p,0.7.3,fleet_logger_0_1,600360041,UMLIFE_v2_TLC555,ch3,origplant,soil_moisture,1428,,,OK,,,986.2,,name=classic;level=well watered;role=disp;spread=25;gpio=35;device_seq=80047;time_source=device_synced;device_timestamp_utc=2026-07-28T12:57:50.483Z;config_id=257fa022;rssi=-61;uptime_s=600360;heap=195892;cal_tier=channel-cal;cal_src=wet_rederive_1236_20260719;pressure_context_source=weather_openmeteo;transport=wifi_poll,
plants.env,2026-07-28T12:58:08.455Z,2026-07-28 07:58:08.455,26315,6762df,y9d41p,0.7.3,fleet_logger_0_1,600360796,ESP32,esp32_die,on_chip,die_temp,,52.78,degC,OK,,,,,name=classic;source=esp32_die;cal=uncalibrated_board_proxy;api=temperatureRead;config_id=257fa022;transport=wifi_poll,
plants.soil,2026-07-28T12:59:13.970Z,2026-07-28 07:59:13.970,26316,6762df,y9d41p,0.7.3,fleet_logger_0_1,600420041,UMLIFE_v2_TLC555,ch0,origplant,soil_moisture,1565,,,OK,,,986.2,,name=classic;level=well watered;role=disp;spread=37;gpio=36;device_seq=80052;time_source=device_synced;device_timestamp_utc=2026-07-28T12:58:50.483Z;config_id=257fa022;rssi=-62;uptime_s=600420;heap=196156;cal_tier=channel-cal;cal_src=wet_rederive_1236_20260719;pressure_context_source=weather_openmeteo;transport=wifi_poll,
plants.soil,2026-07-28T12:59:13.970Z,2026-07-28 07:59:13.970,26317,6762df,y9d41p,0.7.3,fleet_logger_0_1,600420041,UMLIFE_v2_TLC555,ch1,origplant,soil_moisture,1694,,,OK,,,986.2,,name=classic;level=OK;role=disp;spread=24;gpio=39;device_seq=80053;time_source=device_synced;device_timestamp_utc=2026-07-28T12:58:50.483Z;config_id=257fa022;rssi=-62;uptime_s=600420;heap=196156;cal_tier=channel-cal;cal_src=wet_rederive_1236_20260719;pressure_context_source=weather_openmeteo;transport=wifi_poll,
plants.soil,2026-07-28T12:59:13.970Z,2026-07-28 07:59:13.970,26318,6762df,y9d41p,0.7.3,fleet_logger_0_1,600420041,UMLIFE_v2_TLC555,ch2,origplant,soil_moisture,1353,,,OK,,,986.2,,name=classic;level=overwatered;role=disp;spread=39;gpio=34;device_seq=80054;time_source=device_synced;device_timestamp_utc=2026-07-28T12:58:50.483Z;config_id=257fa022;rssi=-62;uptime_s=600420;heap=196156;cal_tier=channel-cal;cal_src=wet_rederive_1236_20260719;pressure_context_source=weather_openmeteo;transport=wifi_poll,
plants.soil,2026-07-28T12:59:13.970Z,2026-07-28 07:59:13.970,26319,6762df,y9d41p,0.7.3,fleet_logger_0_1,600420041,UMLIFE_v2_TLC555,ch3,origplant,soil_moisture,1427,,,OK,,,986.2,,name=classic;level=well watered;role=disp;spread=31;gpio=35;device_seq=80055;time_source=device_synced;device_timestamp_utc=2026-07-28T12:58:50.483Z;config_id=257fa022;rssi=-62;uptime_s=600420;heap=196156;cal_tier=channel-cal;cal_src=wet_rederive_1236_20260719;pressure_context_source=weather_openmeteo;transport=wifi_poll,
plants.env,2026-07-28T12:59:13.970Z,2026-07-28 07:59:13.970,26320,6762df,y9d41p,0.7.3,fleet_logger_0_1,600420796,ESP32,esp32_die,on_chip,die_temp,,52.78,degC,OK,,,,,name=classic;source=esp32_die;cal=uncalibrated_board_proxy;api=temperatureRead;config_id=257fa022;transport=wifi_poll,
plants.soil,2026-07-28T13:00:16.953Z,2026-07-28 08:00:16.953,26321,6762df,y9d41p,0.7.3,fleet_logger_0_1,600480041,UMLIFE_v2_TLC555,ch0,origplant,soil_moisture,1574,,,OK,,,986.2,,name=classic;level=well watered;role=disp;spread=49;gpio=36;device_seq=80060;time_source=device_synced;device_timestamp_utc=2026-07-28T12:59:50.483Z;config_id=257fa022;rssi=-61;uptime_s=600480;heap=195752;cal_tier=channel-cal;cal_src=wet_rederive_1236_20260719;pressure_context_source=weather_openmeteo;transport=wifi_poll,
plants.soil,2026-07-28T13:00:16.953Z,2026-07-28 08:00:16.953,26322,6762df,y9d41p,0.7.3,fleet_logger_0_1,600480041,UMLIFE_v2_TLC555,ch1,origplant,soil_moisture,1702,,,OK,,,986.2,,name=classic;level=OK;role=disp;spread=29;gpio=39;device_seq=80061;time_source=device_synced;device_timestamp_utc=2026-07-28T12:59:50.483Z;config_id=257fa022;rssi=-61;uptime_s=600480;heap=195752;cal_tier=channel-cal;cal_src=wet_rederive_1236_20260719;pressure_context_source=weather_openmeteo;transport=wifi_poll,
plants.soil,2026-07-28T13:00:16.953Z,2026-07-28 08:00:16.953,26323,6762df,y9d41p,0.7.3,fleet_logger_0_1,600480041,UMLIFE_v2_TLC555,ch2,origplant,soil_moisture,1349,,,OK,,,986.2,,name=classic;level=overwatered;role=disp;spread=32;gpio=34;device_seq=80062;time_source=device_synced;device_timestamp_utc=2026-07-28T12:59:50.483Z;config_id=257fa022;rssi=-61;uptime_s=600480;heap=195752;cal_tier=channel-cal;cal_src=wet_rederive_1236_20260719;pressure_context_source=weather_openmeteo;transport=wifi_poll,
plants.soil,2026-07-28T13:00:16.953Z,2026-07-28 08:00:16.953,26324,6762df,y9d41p,0.7.3,fleet_logger_0_1,600480041,UMLIFE_v2_TLC555,ch3,origplant,soil_moisture,1428,,,OK,,,986.2,,name=classic;level=well watered;role=disp;spread=23;gpio=35;device_seq=80063;time_source=device_synced;device_timestamp_utc=2026-07-28T12:59:50.483Z;config_id=257fa022;rssi=-61;uptime_s=600480;heap=195752;cal_tier=channel-cal;cal_src=wet_rederive_1236_20260719;pressure_context_source=weather_openmeteo;transport=wifi_poll,
plants.env,2026-07-28T13:00:16.953Z,2026-07-28 08:00:16.953,26325,6762df,y9d41p,0.7.3,fleet_logger_0_1,600480796,ESP32,esp32_die,on_chip,die_temp,,53.33,degC,OK,,,,,name=classic;source=esp32_die;cal=uncalibrated_board_proxy;api=temperatureRead;config_id=257fa022;transport=wifi_poll,
plants.soil,2026-07-28T13:00:48.012Z,2026-07-28 08:00:48.012,26326,6762df,y9d41p,0.7.3,fleet_logger_0_1,600510041,UMLIFE_v2_TLC555,ch0,origplant,soil_moisture,1574,,,OK,,,986.2,,name=classic;level=well watered;role=disp;spread=62;gpio=36;device_seq=80064;time_source=device_synced;device_timestamp_utc=2026-07-28T13:00:20.483Z;config_id=257fa022;rssi=-60;uptime_s=600510;heap=196416;cal_tier=channel-cal;cal_src=wet_rederive_1236_20260719;pressure_context_source=weather_openmeteo;transport=wifi_poll,
plants.soil,2026-07-28T13:00:48.012Z,2026-07-28 08:00:48.012,26327,6762df,y9d41p,0.7.3,fleet_logger_0_1,600510041,UMLIFE_v2_TLC555,ch1,origplant,soil_moisture,1708,,,OK,,,986.2,,name=classic;level=OK;role=disp;spread=26;gpio=39;device_seq=80065;time_source=device_synced;device_timestamp_utc=2026-07-28T13:00:20.483Z;config_id=257fa022;rssi=-60;uptime_s=600510;heap=196416;cal_tier=channel-cal;cal_src=wet_rederive_1236_20260719;pressure_context_source=weather_openmeteo;transport=wifi_poll,
plants.soil,2026-07-28T13:00:48.012Z,2026-07-28 08:00:48.012,26328,6762df,y9d41p,0.7.3,fleet_logger_0_1,600510041,UMLIFE_v2_TLC555,ch2,origplant,soil_moisture,1349,,,OK,,,986.2,,name=classic;level=overwatered;role=disp;spread=42;gpio=34;device_seq=80066;time_source=device_synced;device_timestamp_utc=2026-07-28T13:00:20.483Z;config_id=257fa022;rssi=-60;uptime_s=600510;heap=196416;cal_tier=channel-cal;cal_src=wet_rederive_1236_20260719;pressure_context_source=weather_openmeteo;transport=wifi_poll,
plants.soil,2026-07-28T13:00:48.012Z,2026-07-28 08:00:48.012,26329,6762df,y9d41p,0.7.3,fleet_logger_0_1,600510041,UMLIFE_v2_TLC555,ch3,origplant,soil_moisture,1430,,,OK,,,986.2,,name=classic;level=well watered;role=disp;spread=22;gpio=35;device_seq=80067;time_source=device_synced;device_timestamp_utc=2026-07-28T13:00:20.483Z;config_id=257fa022;rssi=-60;uptime_s=600510;heap=196416;cal_tier=channel-cal;cal_src=wet_rederive_1236_20260719;pressure_context_source=weather_openmeteo;transport=wifi_poll,
plants.env,2026-07-28T13:00:48.012Z,2026-07-28 08:00:48.012,26330,6762df,y9d41p,0.7.3,fleet_logger_0_1,600510797,ESP32,esp32_die,on_chip,die_temp,,53.33,degC,OK,,,,,name=classic;source=esp32_die;cal=uncalibrated_board_proxy;api=temperatureRead;config_id=257fa022;transport=wifi_poll,
plants.soil,2026-07-28T13:01:18.638Z,2026-07-28 08:01:18.638,26331,6762df,y9d41p,0.7.3,fleet_logger_0_1,600540041,UMLIFE_v2_TLC555,ch0,origplant,soil_moisture,1584,,,OK,,,986.2,,name=classic;level=well watered;role=disp;spread=49;gpio=36;device_seq=80068;time_source=device_synced;device_timestamp_utc=2026-07-28T13:00:50.483Z;config_id=257fa022;rssi=-61;uptime_s=600540;heap=196168;cal_tier=channel-cal;cal_src=wet_rederive_1236_20260719;pressure_context_source=weather_openmeteo;transport=wifi_poll,
plants.soil,2026-07-28T13:01:18.638Z,2026-07-28 08:01:18.638,26332,6762df,y9d41p,0.7.3,fleet_logger_0_1,600540041,UMLIFE_v2_TLC555,ch1,origplant,soil_moisture,1699,,,OK,,,986.2,,name=classic;level=OK;role=disp;spread=36;gpio=39;device_seq=80069;time_source=device_synced;device_timestamp_utc=2026-07-28T13:00:50.483Z;config_id=257fa022;rssi=-61;uptime_s=600540;heap=196168;cal_tier=channel-cal;cal_src=wet_rederive_1236_20260719;pressure_context_source=weather_openmeteo;transport=wifi_poll,
plants.soil,2026-07-28T13:01:18.638Z,2026-07-28 08:01:18.638,26333,6762df,y9d41p,0.7.3,fleet_logger_0_1,600540041,UMLIFE_v2_TLC555,ch2,origplant,soil_moisture,1352,,,OK,,,986.2,,name=classic;level=overwatered;role=disp;spread=31;gpio=34;device_seq=80070;time_source=device_synced;device_timestamp_utc=2026-07-28T13:00:50.483Z;config_id=257fa022;rssi=-61;uptime_s=600540;heap=196168;cal_tier=channel-cal;cal_src=wet_rederive_1236_20260719;pressure_context_source=weather_openmeteo;transport=wifi_poll,
plants.soil,2026-07-28T13:01:18.638Z,2026-07-28 08:01:18.638,26334,6762df,y9d41p,0.7.3,fleet_logger_0_1,600540041,UMLIFE_v2_TLC555,ch3,origplant,soil_moisture,1431,,,OK,,,986.2,,name=classic;level=well watered;role=disp;spread=29;gpio=35;device_seq=80071;time_source=device_synced;device_timestamp_utc=2026-07-28T13:00:50.483Z;config_id=257fa022;rssi=-61;uptime_s=600540;heap=196168;cal_tier=channel-cal;cal_src=wet_rederive_1236_20260719;pressure_context_source=weather_openmeteo;transport=wifi_poll,
plants.env,2026-07-28T13:01:18.638Z,2026-07-28 08:01:18.638,26335,6762df,y9d41p,0.7.3,fleet_logger_0_1,600540797,ESP32,esp32_die,on_chip,die_temp,,53.33,degC,OK,,,,,name=classic;source=esp32_die;cal=uncalibrated_board_proxy;api=temperatureRead;config_id=257fa022;transport=wifi_poll,
plants.soil,2026-07-28T13:01:50.275Z,2026-07-28 08:01:50.275,26336,6762df,y9d41p,0.7.3,fleet_logger_0_1,600570041,UMLIFE_v2_TLC555,ch0,origplant,soil_moisture,1567,,,OK,,,986.2,,name=classic;level=well watered;role=disp;spread=49;gpio=36;device_seq=80072;time_source=device_synced;device_timestamp_utc=2026-07-28T13:01:20.483Z;config_id=257fa022;rssi=-61;uptime_s=600570;heap=196152;cal_tier=channel-cal;cal_src=wet_rederive_1236_20260719;pressure_context_source=weather_openmeteo;transport=wifi_poll,
plants.soil,2026-07-28T13:01:50.275Z,2026-07-28 08:01:50.275,26337,6762df,y9d41p,0.7.3,fleet_logger_0_1,600570041,UMLIFE_v2_TLC555,ch1,origplant,soil_moisture,1698,,,OK,,,986.2,,name=classic;level=OK;role=disp;spread=23;gpio=39;device_seq=80073;time_source=device_synced;device_timestamp_utc=2026-07-28T13:01:20.483Z;config_id=257fa022;rssi=-61;uptime_s=600570;heap=196152;cal_tier=channel-cal;cal_src=wet_rederive_1236_20260719;pressure_context_source=weather_openmeteo;transport=wifi_poll,
plants.soil,2026-07-28T13:01:50.275Z,2026-07-28 08:01:50.275,26338,6762df,y9d41p,0.7.3,fleet_logger_0_1,600570041,UMLIFE_v2_TLC555,ch2,origplant,soil_moisture,1351,,,OK,,,986.2,,name=classic;level=overwatered;role=disp;spread=32;gpio=34;device_seq=80074;time_source=device_synced;device_timestamp_utc=2026-07-28T13:01:20.483Z;config_id=257fa022;rssi=-61;uptime_s=600570;heap=196152;cal_tier=channel-cal;cal_src=wet_rederive_1236_20260719;pressure_context_source=weather_openmeteo;transport=wifi_poll,
plants.soil,2026-07-28T13:01:50.275Z,2026-07-28 08:01:50.275,26339,6762df,y9d41p,0.7.3,fleet_logger_0_1,600570041,UMLIFE_v2_TLC555,ch3,origplant,soil_moisture,1435,,,OK,,,986.2,,name=classic;level=well watered;role=disp;spread=22;gpio=35;device_seq=80075;time_source=device_synced;device_timestamp_utc=2026-07-28T13:01:20.483Z;config_id=257fa022;rssi=-61;uptime_s=600570;heap=196152;cal_tier=channel-cal;cal_src=wet_rederive_1236_20260719;pressure_context_source=weather_openmeteo;transport=wifi_poll,
plants.env,2026-07-28T13:01:50.275Z,2026-07-28 08:01:50.275,26340,6762df,y9d41p,0.7.3,fleet_logger_0_1,600570797,ESP32,esp32_die,on_chip,die_temp,,52.78,degC,OK,,,,,name=classic;source=esp32_die;cal=uncalibrated_board_proxy;api=temperatureRead;config_id=257fa022;transport=wifi_poll,
plants.soil,2026-07-28T13:02:21.202Z,2026-07-28 08:02:21.202,26341,6762df,y9d41p,0.7.3,fleet_logger_0_1,600630041,UMLIFE_v2_TLC555,ch0,origplant,soil_moisture,1591,,,OK,,,986.2,,name=classic;level=well watered;role=disp;spread=57;gpio=36;device_seq=80080;time_source=device_synced;device_timestamp_utc=2026-07-28T13:02:20.483Z;config_id=257fa022;rssi=-62;uptime_s=600630;heap=195748;cal_tier=channel-cal;cal_src=wet_rederive_1236_20260719;pressure_context_source=weather_openmeteo;transport=wifi_poll,
plants.soil,2026-07-28T13:02:21.202Z,2026-07-28 08:02:21.202,26342,6762df,y9d41p,0.7.3,fleet_logger_0_1,600630041,UMLIFE_v2_TLC555,ch1,origplant,soil_moisture,1721,,,OK,,,986.2,,name=classic;level=OK;role=disp;spread=33;gpio=39;device_seq=80081;time_source=device_synced;device_timestamp_utc=2026-07-28T13:02:20.483Z;config_id=257fa022;rssi=-62;uptime_s=600630;heap=195748;cal_tier=channel-cal;cal_src=wet_rederive_1236_20260719;pressure_context_source=weather_openmeteo;transport=wifi_poll,
plants.soil,2026-07-28T13:02:21.202Z,2026-07-28 08:02:21.202,26343,6762df,y9d41p,0.7.3,fleet_logger_0_1,600630041,UMLIFE_v2_TLC555,ch2,origplant,soil_moisture,1356,,,OK,,,986.2,,name=classic;level=overwatered;role=disp;spread=50;gpio=34;device_seq=80082;time_source=device_synced;device_timestamp_utc=2026-07-28T13:02:20.483Z;config_id=257fa022;rssi=-62;uptime_s=600630;heap=195748;cal_tier=channel-cal;cal_src=wet_rederive_1236_20260719;pressure_context_source=weather_openmeteo;transport=wifi_poll,
plants.soil,2026-07-28T13:02:21.202Z,2026-07-28 08:02:21.202,26344,6762df,y9d41p,0.7.3,fleet_logger_0_1,600630041,UMLIFE_v2_TLC555,ch3,origplant,soil_moisture,1435,,,OK,,,986.2,,name=classic;level=well watered;role=disp;spread=23;gpio=35;device_seq=80083;time_source=device_synced;device_timestamp_utc=2026-07-28T13:02:20.483Z;config_id=257fa022;rssi=-62;uptime_s=600630;heap=195748;cal_tier=channel-cal;cal_src=wet_rederive_1236_20260719;pressure_context_source=weather_openmeteo;transport=wifi_poll,
plants.env,2026-07-28T13:02:21.202Z,2026-07-28 08:02:21.202,26345,6762df,y9d41p,0.7.3,fleet_logger_0_1,600630797,ESP32,esp32_die,on_chip,die_temp,,53.33,degC,OK,,,,,name=classic;source=esp32_die;cal=uncalibrated_board_proxy;api=temperatureRead;config_id=257fa022;transport=wifi_poll,
plants.soil,2026-07-28T13:02:51.574Z,2026-07-28 08:02:51.574,26346,6762df,y9d41p,0.7.3,fleet_logger_0_1,600660041,UMLIFE_v2_TLC555,ch0,origplant,soil_moisture,1559,,,OK,,,986.2,,name=classic;level=well watered;role=disp;spread=21;gpio=36;device_seq=80084;time_source=device_synced;device_timestamp_utc=2026-07-28T13:02:50.483Z;config_id=257fa022;rssi=-61;uptime_s=600660;heap=196152;cal_tier=channel-cal;cal_src=wet_rederive_1236_20260719;pressure_context_source=weather_openmeteo;transport=wifi_poll,
plants.soil,2026-07-28T13:02:51.574Z,2026-07-28 08:02:51.574,26347,6762df,y9d41p,0.7.3,fleet_logger_0_1,600660041,UMLIFE_v2_TLC555,ch1,origplant,soil_moisture,1698,,,OK,,,986.2,,name=classic;level=OK;role=disp;spread=32;gpio=39;device_seq=80085;time_source=device_synced;device_timestamp_utc=2026-07-28T13:02:50.483Z;config_id=257fa022;rssi=-61;uptime_s=600660;heap=196152;cal_tier=channel-cal;cal_src=wet_rederive_1236_20260719;pressure_context_source=weather_openmeteo;transport=wifi_poll,
plants.soil,2026-07-28T13:02:51.574Z,2026-07-28 08:02:51.574,26348,6762df,y9d41p,0.7.3,fleet_logger_0_1,600660041,UMLIFE_v2_TLC555,ch2,origplant,soil_moisture,1349,,,OK,,,986.2,,name=classic;level=overwatered;role=disp;spread=38;gpio=34;device_seq=80086;time_source=device_synced;device_timestamp_utc=2026-07-28T13:02:50.483Z;config_id=257fa022;rssi=-61;uptime_s=600660;heap=196152;cal_tier=channel-cal;cal_src=wet_rederive_1236_20260719;pressure_context_source=weather_openmeteo;transport=wifi_poll,
plants.soil,2026-07-28T13:02:51.574Z,2026-07-28 08:02:51.574,26349,6762df,y9d41p,0.7.3,fleet_logger_0_1,600660041,UMLIFE_v2_TLC555,ch3,origplant,soil_moisture,1438,,,OK,,,986.2,,name=classic;level=well watered;role=disp;spread=28;gpio=35;device_seq=80087;time_source=device_synced;device_timestamp_utc=2026-07-28T13:02:50.483Z;config_id=257fa022;rssi=-61;uptime_s=600660;heap=196152;cal_tier=channel-cal;cal_src=wet_rederive_1236_20260719;pressure_context_source=weather_openmeteo;transport=wifi_poll,
plants.env,2026-07-28T13:02:51.574Z,2026-07-28 08:02:51.574,26350,6762df,y9d41p,0.7.3,fleet_logger_0_1,600660797,ESP32,esp32_die,on_chip,die_temp,,52.78,degC,OK,,,,,name=classic;source=esp32_die;cal=uncalibrated_board_proxy;api=temperatureRead;config_id=257fa022;transport=wifi_poll,
plants.soil,2026-07-28T13:03:21.985Z,2026-07-28 08:03:21.985,26351,6762df,y9d41p,0.7.3,fleet_logger_0_1,600690041,UMLIFE_v2_TLC555,ch0,origplant,soil_moisture,1586,,,OK,,,986.2,,name=classic;level=well watered;role=disp;spread=28;gpio=36;device_seq=80088;time_source=device_synced;device_timestamp_utc=2026-07-28T13:03:20.483Z;config_id=257fa022;rssi=-62;uptime_s=600690;heap=196416;cal_tier=channel-cal;cal_src=wet_rederive_1236_20260719;pressure_context_source=weather_openmeteo;transport=wifi_poll,
plants.soil,2026-07-28T13:03:21.985Z,2026-07-28 08:03:21.985,26352,6762df,y9d41p,0.7.3,fleet_logger_0_1,600690041,UMLIFE_v2_TLC555,ch1,origplant,soil_moisture,1724,,,OK,,,986.2,,name=classic;level=OK;role=disp;spread=27;gpio=39;device_seq=80089;time_source=device_synced;device_timestamp_utc=2026-07-28T13:03:20.483Z;config_id=257fa022;rssi=-62;uptime_s=600690;heap=196416;cal_tier=channel-cal;cal_src=wet_rederive_1236_20260719;pressure_context_source=weather_openmeteo;transport=wifi_poll,
plants.soil,2026-07-28T13:03:21.985Z,2026-07-28 08:03:21.985,26353,6762df,y9d41p,0.7.3,fleet_logger_0_1,600690041,UMLIFE_v2_TLC555,ch2,origplant,soil_moisture,1370,,,OK,,,986.2,,name=classic;level=overwatered;role=disp;spread=53;gpio=34;device_seq=80090;time_source=device_synced;device_timestamp_utc=2026-07-28T13:03:20.483Z;config_id=257fa022;rssi=-62;uptime_s=600690;heap=196416;cal_tier=channel-cal;cal_src=wet_rederive_1236_20260719;pressure_context_source=weather_openmeteo;transport=wifi_poll,
plants.soil,2026-07-28T13:03:21.985Z,2026-07-28 08:03:21.985,26354,6762df,y9d41p,0.7.3,fleet_logger_0_1,600690041,UMLIFE_v2_TLC555,ch3,origplant,soil_moisture,1437,,,OK,,,986.2,,name=classic;level=well watered;role=disp;spread=22;gpio=35;device_seq=80091;time_source=device_synced;device_timestamp_utc=2026-07-28T13:03:20.483Z;config_id=257fa022;rssi=-62;uptime_s=600690;heap=196416;cal_tier=channel-cal;cal_src=wet_rederive_1236_20260719;pressure_context_source=weather_openmeteo;transport=wifi_poll,
plants.env,2026-07-28T13:03:21.985Z,2026-07-28 08:03:21.985,26355,6762df,y9d41p,0.7.3,fleet_logger_0_1,600690797,ESP32,esp32_die,on_chip,die_temp,,53.33,degC,OK,,,,,name=classic;source=esp32_die;cal=uncalibrated_board_proxy;api=temperatureRead;config_id=257fa022;transport=wifi_poll,
plants.soil,2026-07-28T13:03:52.401Z,2026-07-28 08:03:52.401,26356,6762df,y9d41p,0.7.3,fleet_logger_0_1,600720041,UMLIFE_v2_TLC555,ch0,origplant,soil_moisture,1589,,,OK,,,986.2,,name=classic;level=well watered;role=disp;spread=10;gpio=36;device_seq=80092;time_source=device_synced;device_timestamp_utc=2026-07-28T13:03:50.483Z;config_id=257fa022;rssi=-62;uptime_s=600720;heap=196156;cal_tier=channel-cal;cal_src=wet_rederive_1236_20260719;pressure_context_source=weather_openmeteo;transport=wifi_poll,
plants.soil,2026-07-28T13:03:52.401Z,2026-07-28 08:03:52.401,26357,6762df,y9d41p,0.7.3,fleet_logger_0_1,600720041,UMLIFE_v2_TLC555,ch1,origplant,soil_moisture,1724,,,OK,,,986.2,,name=classic;level=OK;role=disp;spread=34;gpio=39;device_seq=80093;time_source=device_synced;device_timestamp_utc=2026-07-28T13:03:50.483Z;config_id=257fa022;rssi=-62;uptime_s=600720;heap=196156;cal_tier=channel-cal;cal_src=wet_rederive_1236_20260719;pressure_context_source=weather_openmeteo;transport=wifi_poll,
plants.soil,2026-07-28T13:03:52.401Z,2026-07-28 08:03:52.401,26358,6762df,y9d41p,0.7.3,fleet_logger_0_1,600720041,UMLIFE_v2_TLC555,ch2,origplant,soil_moisture,1376,,,OK,,,986.2,,name=classic;level=overwatered;role=disp;spread=31;gpio=34;device_seq=80094;time_source=device_synced;device_timestamp_utc=2026-07-28T13:03:50.483Z;config_id=257fa022;rssi=-62;uptime_s=600720;heap=196156;cal_tier=channel-cal;cal_src=wet_rederive_1236_20260719;pressure_context_source=weather_openmeteo;transport=wifi_poll,
plants.soil,2026-07-28T13:03:52.401Z,2026-07-28 08:03:52.401,26359,6762df,y9d41p,0.7.3,fleet_logger_0_1,600720041,UMLIFE_v2_TLC555,ch3,origplant,soil_moisture,1444,,,OK,,,986.2,,name=classic;level=well watered;role=disp;spread=19;gpio=35;device_seq=80095;time_source=device_synced;device_timestamp_utc=2026-07-28T13:03:50.483Z;config_id=257fa022;rssi=-62;uptime_s=600720;heap=196156;cal_tier=channel-cal;cal_src=wet_rederive_1236_20260719;pressure_context_source=weather_openmeteo;transport=wifi_poll,
plants.env,2026-07-28T13:03:52.401Z,2026-07-28 08:03:52.401,26360,6762df,y9d41p,0.7.3,fleet_logger_0_1,600720797,ESP32,esp32_die,on_chip,die_temp,,52.78,degC,OK,,,,,name=classic;source=esp32_die;cal=uncalibrated_board_proxy;api=temperatureRead;config_id=257fa022;transport=wifi_poll,
plants.soil,2026-07-28T13:04:22.716Z,2026-07-28 08:04:22.716,26361,6762df,y9d41p,0.7.3,fleet_logger_0_1,600750041,UMLIFE_v2_TLC555,ch0,origplant,soil_moisture,1554,,,OK,,,986.2,,name=classic;level=well watered;role=disp;spread=35;gpio=36;device_seq=80096;time_source=device_synced;device_timestamp_utc=2026-07-28T13:04:20.483Z;config_id=257fa022;rssi=-61;uptime_s=600750;heap=195884;cal_tier=channel-cal;cal_src=wet_rederive_1236_20260719;pressure_context_source=weather_openmeteo;transport=wifi_poll,
plants.soil,2026-07-28T13:04:22.716Z,2026-07-28 08:04:22.716,26362,6762df,y9d41p,0.7.3,fleet_logger_0_1,600750041,UMLIFE_v2_TLC555,ch1,origplant,soil_moisture,1693,,,OK,,,986.2,,name=classic;level=OK;role=disp;spread=24;gpio=39;device_seq=80097;time_source=device_synced;device_timestamp_utc=2026-07-28T13:04:20.483Z;config_id=257fa022;rssi=-61;uptime_s=600750;heap=195884;cal_tier=channel-cal;cal_src=wet_rederive_1236_20260719;pressure_context_source=weather_openmeteo;transport=wifi_poll,
plants.soil,2026-07-28T13:04:22.716Z,2026-07-28 08:04:22.716,26363,6762df,y9d41p,0.7.3,fleet_logger_0_1,600750041,UMLIFE_v2_TLC555,ch2,origplant,soil_moisture,1352,,,OK,,,986.2,,name=classic;level=overwatered;role=disp;spread=26;gpio=34;device_seq=80098;time_source=device_synced;device_timestamp_utc=2026-07-28T13:04:20.483Z;config_id=257fa022;rssi=-61;uptime_s=600750;heap=195884;cal_tier=channel-cal;cal_src=wet_rederive_1236_20260719;pressure_context_source=weather_openmeteo;transport=wifi_poll,
plants.soil,2026-07-28T13:04:22.716Z,2026-07-28 08:04:22.716,26364,6762df,y9d41p,0.7.3,fleet_logger_0_1,600750041,UMLIFE_v2_TLC555,ch3,origplant,soil_moisture,1428,,,OK,,,986.2,,name=classic;level=well watered;role=disp;spread=20;gpio=35;device_seq=80099;time_source=device_synced;device_timestamp_utc=2026-07-28T13:04:20.483Z;config_id=257fa022;rssi=-61;uptime_s=600750;heap=195884;cal_tier=channel-cal;cal_src=wet_rederive_1236_20260719;pressure_context_source=weather_openmeteo;transport=wifi_poll,
plants.env,2026-07-28T13:04:22.716Z,2026-07-28 08:04:22.716,26365,6762df,y9d41p,0.7.3,fleet_logger_0_1,600750797,ESP32,esp32_die,on_chip,die_temp,,52.78,degC,OK,,,,,name=classic;source=esp32_die;cal=uncalibrated_board_proxy;api=temperatureRead;config_id=257fa022;transport=wifi_poll,
plants.soil,2026-07-28T13:04:53.021Z,2026-07-28 08:04:53.021,26366,6762df,y9d41p,0.7.3,fleet_logger_0_1,600780041,UMLIFE_v2_TLC555,ch0,origplant,soil_moisture,1591,,,OK,,,986.2,,name=classic;level=well watered;role=disp;spread=19;gpio=36;device_seq=80100;time_source=device_synced;device_timestamp_utc=2026-07-28T13:04:50.483Z;config_id=257fa022;rssi=-62;uptime_s=600780;heap=195884;cal_tier=channel-cal;cal_src=wet_rederive_1236_20260719;pressure_context_source=weather_openmeteo;transport=wifi_poll,
plants.soil,2026-07-28T13:04:53.021Z,2026-07-28 08:04:53.021,26367,6762df,y9d41p,0.7.3,fleet_logger_0_1,600780041,UMLIFE_v2_TLC555,ch1,origplant,soil_moisture,1722,,,OK,,,986.2,,name=classic;level=OK;role=disp;spread=49;gpio=39;device_seq=80101;time_source=device_synced;device_timestamp_utc=2026-07-28T13:04:50.483Z;config_id=257fa022;rssi=-62;uptime_s=600780;heap=195884;cal_tier=channel-cal;cal_src=wet_rederive_1236_20260719;pressure_context_source=weather_openmeteo;transport=wifi_poll,
plants.soil,2026-07-28T13:04:53.021Z,2026-07-28 08:04:53.021,26368,6762df,y9d41p,0.7.3,fleet_logger_0_1,600780041,UMLIFE_v2_TLC555,ch2,origplant,soil_moisture,1374,,,OK,,,986.2,,name=classic;level=overwatered;role=disp;spread=50;gpio=34;device_seq=80102;time_source=device_synced;device_timestamp_utc=2026-07-28T13:04:50.483Z;config_id=257fa022;rssi=-62;uptime_s=600780;heap=195884;cal_tier=channel-cal;cal_src=wet_rederive_1236_20260719;pressure_context_source=weather_openmeteo;transport=wifi_poll,
plants.soil,2026-07-28T13:04:53.021Z,2026-07-28 08:04:53.021,26369,6762df,y9d41p,0.7.3,fleet_logger_0_1,600780041,UMLIFE_v2_TLC555,ch3,origplant,soil_moisture,1459,,,OK,,,986.2,,name=classic;level=well watered;role=disp;spread=21;gpio=35;device_seq=80103;time_source=device_synced;device_timestamp_utc=2026-07-28T13:04:50.483Z;config_id=257fa022;rssi=-62;uptime_s=600780;heap=195884;cal_tier=channel-cal;cal_src=wet_rederive_1236_20260719;pressure_context_source=weather_openmeteo;transport=wifi_poll,
plants.env,2026-07-28T13:04:53.021Z,2026-07-28 08:04:53.021,26370,6762df,y9d41p,0.7.3,fleet_logger_0_1,600780797,ESP32,esp32_die,on_chip,die_temp,,52.22,degC,OK,,,,,name=classic;source=esp32_die;cal=uncalibrated_board_proxy;api=temperatureRead;config_id=257fa022;transport=wifi_poll,
plants.soil,2026-07-28T13:05:23.433Z,2026-07-28 08:05:23.433,26371,6762df,y9d41p,0.7.3,fleet_logger_0_1,600810041,UMLIFE_v2_TLC555,ch0,origplant,soil_moisture,1590,,,OK,,,986.2,,name=classic;level=well watered;role=disp;spread=41;gpio=36;device_seq=80104;time_source=device_synced;device_timestamp_utc=2026-07-28T13:05:20.483Z;config_id=257fa022;rssi=-62;uptime_s=600810;heap=195648;cal_tier=channel-cal;cal_src=wet_rederive_1236_20260719;pressure_context_source=weather_openmeteo;transport=wifi_poll,
plants.soil,2026-07-28T13:05:23.433Z,2026-07-28 08:05:23.433,26372,6762df,y9d41p,0.7.3,fleet_logger_0_1,600810041,UMLIFE_v2_TLC555,ch1,origplant,soil_moisture,1720,,,OK,,,986.2,,name=classic;level=OK;role=disp;spread=30;gpio=39;device_seq=80105;time_source=device_synced;device_timestamp_utc=2026-07-28T13:05:20.483Z;config_id=257fa022;rssi=-62;uptime_s=600810;heap=195648;cal_tier=channel-cal;cal_src=wet_rederive_1236_20260719;pressure_context_source=weather_openmeteo;transport=wifi_poll,
plants.soil,2026-07-28T13:05:23.433Z,2026-07-28 08:05:23.433,26373,6762df,y9d41p,0.7.3,fleet_logger_0_1,600810041,UMLIFE_v2_TLC555,ch2,origplant,soil_moisture,1376,,,OK,,,986.2,,name=classic;level=overwatered;role=disp;spread=36;gpio=34;device_seq=80106;time_source=device_synced;device_timestamp_utc=2026-07-28T13:05:20.483Z;config_id=257fa022;rssi=-62;uptime_s=600810;heap=195648;cal_tier=channel-cal;cal_src=wet_rederive_1236_20260719;pressure_context_source=weather_openmeteo;transport=wifi_poll,
plants.soil,2026-07-28T13:05:23.433Z,2026-07-28 08:05:23.433,26374,6762df,y9d41p,0.7.3,fleet_logger_0_1,600810041,UMLIFE_v2_TLC555,ch3,origplant,soil_moisture,1463,,,OK,,,986.2,,name=classic;level=well watered;role=disp;spread=21;gpio=35;device_seq=80107;time_source=device_synced;device_timestamp_utc=2026-07-28T13:05:20.483Z;config_id=257fa022;rssi=-62;uptime_s=600810;heap=195648;cal_tier=channel-cal;cal_src=wet_rederive_1236_20260719;pressure_context_source=weather_openmeteo;transport=wifi_poll,
plants.env,2026-07-28T13:05:23.433Z,2026-07-28 08:05:23.433,26375,6762df,y9d41p,0.7.3,fleet_logger_0_1,600810797,ESP32,esp32_die,on_chip,die_temp,,52.78,degC,OK,,,,,name=classic;source=esp32_die;cal=uncalibrated_board_proxy;api=temperatureRead;config_id=257fa022;transport=wifi_poll,
plants.soil,2026-07-28T13:05:53.679Z,2026-07-28 08:05:53.679,26376,6762df,y9d41p,0.7.3,fleet_logger_0_1,600840041,UMLIFE_v2_TLC555,ch0,origplant,soil_moisture,1591,,,OK,,,986.2,,name=classic;level=well watered;role=disp;spread=16;gpio=36;device_seq=80108;time_source=device_synced;device_timestamp_utc=2026-07-28T13:05:50.483Z;config_id=257fa022;rssi=-60;uptime_s=600840;heap=195648;cal_tier=channel-cal;cal_src=wet_rederive_1236_20260719;pressure_context_source=weather_openmeteo;transport=wifi_poll,
plants.soil,2026-07-28T13:05:53.679Z,2026-07-28 08:05:53.679,26377,6762df,y9d41p,0.7.3,fleet_logger_0_1,600840041,UMLIFE_v2_TLC555,ch1,origplant,soil_moisture,1723,,,OK,,,986.2,,name=classic;level=OK;role=disp;spread=47;gpio=39;device_seq=80109;time_source=device_synced;device_timestamp_utc=2026-07-28T13:05:50.483Z;config_id=257fa022;rssi=-60;uptime_s=600840;heap=195648;cal_tier=channel-cal;cal_src=wet_rederive_1236_20260719;pressure_context_source=weather_openmeteo;transport=wifi_poll,
plants.soil,2026-07-28T13:05:53.679Z,2026-07-28 08:05:53.679,26378,6762df,y9d41p,0.7.3,fleet_logger_0_1,600840041,UMLIFE_v2_TLC555,ch2,origplant,soil_moisture,1375,,,OK,,,986.2,,name=classic;level=overwatered;role=disp;spread=37;gpio=34;device_seq=80110;time_source=device_synced;device_timestamp_utc=2026-07-28T13:05:50.483Z;config_id=257fa022;rssi=-60;uptime_s=600840;heap=195648;cal_tier=channel-cal;cal_src=wet_rederive_1236_20260719;pressure_context_source=weather_openmeteo;transport=wifi_poll,
plants.soil,2026-07-28T13:05:53.679Z,2026-07-28 08:05:53.679,26379,6762df,y9d41p,0.7.3,fleet_logger_0_1,600840041,UMLIFE_v2_TLC555,ch3,origplant,soil_moisture,1464,,,OK,,,986.2,,name=classic;level=well watered;role=disp;spread=14;gpio=35;device_seq=80111;time_source=device_synced;device_timestamp_utc=2026-07-28T13:05:50.483Z;config_id=257fa022;rssi=-60;uptime_s=600840;heap=195648;cal_tier=channel-cal;cal_src=wet_rederive_1236_20260719;pressure_context_source=weather_openmeteo;transport=wifi_poll,
plants.env,2026-07-28T13:05:53.679Z,2026-07-28 08:05:53.679,26380,6762df,y9d41p,0.7.3,fleet_logger_0_1,600840797,ESP32,esp32_die,on_chip,die_temp,,52.78,degC,OK,,,,,name=classic;source=esp32_die;cal=uncalibrated_board_proxy;api=temperatureRead;config_id=257fa022;transport=wifi_poll,
plants.soil,2026-07-28T13:06:24.164Z,2026-07-28 08:06:24.164,26381,6762df,y9d41p,0.7.3,fleet_logger_0_1,600870041,UMLIFE_v2_TLC555,ch0,origplant,soil_moisture,1591,,,OK,,,986.2,,name=classic;level=well watered;role=disp;spread=26;gpio=36;device_seq=80112;time_source=device_synced;device_timestamp_utc=2026-07-28T13:06:20.483Z;config_id=257fa022;rssi=-62;uptime_s=600870;heap=195896;cal_tier=channel-cal;cal_src=wet_rederive_1236_20260719;pressure_context_source=weather_openmeteo;transport=wifi_poll,
plants.soil,2026-07-28T13:06:24.164Z,2026-07-28 08:06:24.164,26382,6762df,y9d41p,0.7.3,fleet_logger_0_1,600870041,UMLIFE_v2_TLC555,ch1,origplant,soil_moisture,1722,,,OK,,,986.2,,name=classic;level=OK;role=disp;spread=62;gpio=39;device_seq=80113;time_source=device_synced;device_timestamp_utc=2026-07-28T13:06:20.483Z;config_id=257fa022;rssi=-62;uptime_s=600870;heap=195896;cal_tier=channel-cal;cal_src=wet_rederive_1236_20260719;pressure_context_source=weather_openmeteo;transport=wifi_poll,
plants.soil,2026-07-28T13:06:24.164Z,2026-07-28 08:06:24.164,26383,6762df,y9d41p,0.7.3,fleet_logger_0_1,600870041,UMLIFE_v2_TLC555,ch2,origplant,soil_moisture,1374,,,OK,,,986.2,,name=classic;level=overwatered;role=disp;spread=35;gpio=34;device_seq=80114;time_source=device_synced;device_timestamp_utc=2026-07-28T13:06:20.483Z;config_id=257fa022;rssi=-62;uptime_s=600870;heap=195896;cal_tier=channel-cal;cal_src=wet_rederive_1236_20260719;pressure_context_source=weather_openmeteo;transport=wifi_poll,
plants.soil,2026-07-28T13:06:24.164Z,2026-07-28 08:06:24.164,26384,6762df,y9d41p,0.7.3,fleet_logger_0_1,600870041,UMLIFE_v2_TLC555,ch3,origplant,soil_moisture,1463,,,OK,,,986.2,,name=classic;level=well watered;role=disp;spread=21;gpio=35;device_seq=80115;time_source=device_synced;device_timestamp_utc=2026-07-28T13:06:20.483Z;config_id=257fa022;rssi=-62;uptime_s=600870;heap=195896;cal_tier=channel-cal;cal_src=wet_rederive_1236_20260719;pressure_context_source=weather_openmeteo;transport=wifi_poll,
plants.env,2026-07-28T13:06:24.164Z,2026-07-28 08:06:24.164,26385,6762df,y9d41p,0.7.3,fleet_logger_0_1,600870797,ESP32,esp32_die,on_chip,die_temp,,52.78,degC,OK,,,,,name=classic;source=esp32_die;cal=uncalibrated_board_proxy;api=temperatureRead;config_id=257fa022;transport=wifi_poll,
plants.soil,2026-07-28T13:06:54.979Z,2026-07-28 08:06:54.979,26386,6762df,y9d41p,0.7.3,fleet_logger_0_1,600900041,UMLIFE_v2_TLC555,ch0,origplant,soil_moisture,1587,,,OK,,,986.2,,name=classic;level=well watered;role=disp;spread=20;gpio=36;device_seq=80116;time_source=device_synced;device_timestamp_utc=2026-07-28T13:06:50.483Z;config_id=257fa022;rssi=-62;uptime_s=600900;heap=195896;cal_tier=channel-cal;cal_src=wet_rederive_1236_20260719;pressure_context_source=weather_openmeteo;transport=wifi_poll,
plants.soil,2026-07-28T13:06:54.979Z,2026-07-28 08:06:54.979,26387,6762df,y9d41p,0.7.3,fleet_logger_0_1,600900041,UMLIFE_v2_TLC555,ch1,origplant,soil_moisture,1718,,,OK,,,986.2,,name=classic;level=OK;role=disp;spread=37;gpio=39;device_seq=80117;time_source=device_synced;device_timestamp_utc=2026-07-28T13:06:50.483Z;config_id=257fa022;rssi=-62;uptime_s=600900;heap=195896;cal_tier=channel-cal;cal_src=wet_rederive_1236_20260719;pressure_context_source=weather_openmeteo;transport=wifi_poll,
plants.soil,2026-07-28T13:06:54.979Z,2026-07-28 08:06:54.979,26388,6762df,y9d41p,0.7.3,fleet_logger_0_1,600900041,UMLIFE_v2_TLC555,ch2,origplant,soil_moisture,1378,,,OK,,,986.2,,name=classic;level=overwatered;role=disp;spread=46;gpio=34;device_seq=80118;time_source=device_synced;device_timestamp_utc=2026-07-28T13:06:50.483Z;config_id=257fa022;rssi=-62;uptime_s=600900;heap=195896;cal_tier=channel-cal;cal_src=wet_rederive_1236_20260719;pressure_context_source=weather_openmeteo;transport=wifi_poll,
plants.soil,2026-07-28T13:06:54.979Z,2026-07-28 08:06:54.979,26389,6762df,y9d41p,0.7.3,fleet_logger_0_1,600900041,UMLIFE_v2_TLC555,ch3,origplant,soil_moisture,1468,,,OK,,,986.2,,name=classic;level=well watered;role=disp;spread=25;gpio=35;device_seq=80119;time_source=device_synced;device_timestamp_utc=2026-07-28T13:06:50.483Z;config_id=257fa022;rssi=-62;uptime_s=600900;heap=195896;cal_tier=channel-cal;cal_src=wet_rederive_1236_20260719;pressure_context_source=weather_openmeteo;transport=wifi_poll,
plants.env,2026-07-28T13:06:54.979Z,2026-07-28 08:06:54.979,26390,6762df,y9d41p,0.7.3,fleet_logger_0_1,600900797,ESP32,esp32_die,on_chip,die_temp,,52.22,degC,OK,,,,,name=classic;source=esp32_die;cal=uncalibrated_board_proxy;api=temperatureRead;config_id=257fa022;transport=wifi_poll,
plants.soil,2026-07-28T13:07:25.315Z,2026-07-28 08:07:25.315,26391,6762df,y9d41p,0.7.3,fleet_logger_0_1,600930041,UMLIFE_v2_TLC555,ch0,origplant,soil_moisture,1590,,,OK,,,986.2,,name=classic;level=well watered;role=disp;spread=29;gpio=36;device_seq=80120;time_source=device_synced;device_timestamp_utc=2026-07-28T13:07:20.483Z;config_id=257fa022;rssi=-61;uptime_s=600930;heap=195896;cal_tier=channel-cal;cal_src=wet_rederive_1236_20260719;pressure_context_source=weather_openmeteo;transport=wifi_poll,
plants.soil,2026-07-28T13:07:25.315Z,2026-07-28 08:07:25.315,26392,6762df,y9d41p,0.7.3,fleet_logger_0_1,600930041,UMLIFE_v2_TLC555,ch1,origplant,soil_moisture,1716,,,OK,,,986.2,,name=classic;level=OK;role=disp;spread=40;gpio=39;device_seq=80121;time_source=device_synced;device_timestamp_utc=2026-07-28T13:07:20.483Z;config_id=257fa022;rssi=-61;uptime_s=600930;heap=195896;cal_tier=channel-cal;cal_src=wet_rederive_1236_20260719;pressure_context_source=weather_openmeteo;transport=wifi_poll,
plants.soil,2026-07-28T13:07:25.315Z,2026-07-28 08:07:25.315,26393,6762df,y9d41p,0.7.3,fleet_logger_0_1,600930041,UMLIFE_v2_TLC555,ch2,origplant,soil_moisture,1375,,,OK,,,986.2,,name=classic;level=overwatered;role=disp;spread=54;gpio=34;device_seq=80122;time_source=device_synced;device_timestamp_utc=2026-07-28T13:07:20.483Z;config_id=257fa022;rssi=-61;uptime_s=600930;heap=195896;cal_tier=channel-cal;cal_src=wet_rederive_1236_20260719;pressure_context_source=weather_openmeteo;transport=wifi_poll,
plants.soil,2026-07-28T13:07:25.315Z,2026-07-28 08:07:25.315,26394,6762df,y9d41p,0.7.3,fleet_logger_0_1,600930041,UMLIFE_v2_TLC555,ch3,origplant,soil_moisture,1465,,,OK,,,986.2,,name=classic;level=well watered;role=disp;spread=24;gpio=35;device_seq=80123;time_source=device_synced;device_timestamp_utc=2026-07-28T13:07:20.483Z;config_id=257fa022;rssi=-61;uptime_s=600930;heap=195896;cal_tier=channel-cal;cal_src=wet_rederive_1236_20260719;pressure_context_source=weather_openmeteo;transport=wifi_poll,
plants.env,2026-07-28T13:07:25.315Z,2026-07-28 08:07:25.315,26395,6762df,y9d41p,0.7.3,fleet_logger_0_1,600930797,ESP32,esp32_die,on_chip,die_temp,,52.78,degC,OK,,,,,name=classic;source=esp32_die;cal=uncalibrated_board_proxy;api=temperatureRead;config_id=257fa022;transport=wifi_poll,
plants.soil,2026-07-28T13:07:55.701Z,2026-07-28 08:07:55.701,26396,6762df,y9d41p,0.7.3,fleet_logger_0_1,600960041,UMLIFE_v2_TLC555,ch0,origplant,soil_moisture,1592,,,OK,,,986.2,,name=classic;level=well watered;role=disp;spread=46;gpio=36;device_seq=80124;time_source=device_synced;device_timestamp_utc=2026-07-28T13:07:50.483Z;config_id=257fa022;rssi=-63;uptime_s=600960;heap=195904;cal_tier=channel-cal;cal_src=wet_rederive_1236_20260719;pressure_context_source=weather_openmeteo;transport=wifi_poll,
plants.soil,2026-07-28T13:07:55.701Z,2026-07-28 08:07:55.701,26397,6762df,y9d41p,0.7.3,fleet_logger_0_1,600960041,UMLIFE_v2_TLC555,ch1,origplant,soil_moisture,1724,,,OK,,,986.2,,name=classic;level=OK;role=disp;spread=48;gpio=39;device_seq=80125;time_source=device_synced;device_timestamp_utc=2026-07-28T13:07:50.483Z;config_id=257fa022;rssi=-63;uptime_s=600960;heap=195904;cal_tier=channel-cal;cal_src=wet_rederive_1236_20260719;pressure_context_source=weather_openmeteo;transport=wifi_poll,
plants.soil,2026-07-28T13:07:55.701Z,2026-07-28 08:07:55.701,26398,6762df,y9d41p,0.7.3,fleet_logger_0_1,600960041,UMLIFE_v2_TLC555,ch2,origplant,soil_moisture,1378,,,OK,,,986.2,,name=classic;level=overwatered;role=disp;spread=43;gpio=34;device_seq=80126;time_source=device_synced;device_timestamp_utc=2026-07-28T13:07:50.483Z;config_id=257fa022;rssi=-63;uptime_s=600960;heap=195904;cal_tier=channel-cal;cal_src=wet_rederive_1236_20260719;pressure_context_source=weather_openmeteo;transport=wifi_poll,
plants.soil,2026-07-28T13:07:55.701Z,2026-07-28 08:07:55.701,26399,6762df,y9d41p,0.7.3,fleet_logger_0_1,600960041,UMLIFE_v2_TLC555,ch3,origplant,soil_moisture,1460,,,OK,,,986.2,,name=classic;level=well watered;role=disp;spread=13;gpio=35;device_seq=80127;time_source=device_synced;device_timestamp_utc=2026-07-28T13:07:50.483Z;config_id=257fa022;rssi=-63;uptime_s=600960;heap=195904;cal_tier=channel-cal;cal_src=wet_rederive_1236_20260719;pressure_context_source=weather_openmeteo;transport=wifi_poll,
plants.env,2026-07-28T13:07:55.701Z,2026-07-28 08:07:55.701,26400,6762df,y9d41p,0.7.3,fleet_logger_0_1,600960797,ESP32,esp32_die,on_chip,die_temp,,52.22,degC,OK,,,,,name=classic;source=esp32_die;cal=uncalibrated_board_proxy;api=temperatureRead;config_id=257fa022;transport=wifi_poll,
plants.soil,2026-07-28T13:08:26.219Z,2026-07-28 08:08:26.219,26401,6762df,y9d41p,0.7.3,fleet_logger_0_1,600990041,UMLIFE_v2_TLC555,ch0,origplant,soil_moisture,1590,,,OK,,,986.2,,name=classic;level=well watered;role=disp;spread=28;gpio=36;device_seq=80128;time_source=device_synced;device_timestamp_utc=2026-07-28T13:08:20.483Z;config_id=257fa022;rssi=-62;uptime_s=600990;heap=195632;cal_tier=channel-cal;cal_src=wet_rederive_1236_20260719;pressure_context_source=weather_openmeteo;transport=wifi_poll,
plants.soil,2026-07-28T13:08:26.219Z,2026-07-28 08:08:26.219,26402,6762df,y9d41p,0.7.3,fleet_logger_0_1,600990041,UMLIFE_v2_TLC555,ch1,origplant,soil_moisture,1720,,,OK,,,986.2,,name=classic;level=OK;role=disp;spread=37;gpio=39;device_seq=80129;time_source=device_synced;device_timestamp_utc=2026-07-28T13:08:20.483Z;config_id=257fa022;rssi=-62;uptime_s=600990;heap=195632;cal_tier=channel-cal;cal_src=wet_rederive_1236_20260719;pressure_context_source=weather_openmeteo;transport=wifi_poll,
plants.soil,2026-07-28T13:08:26.219Z,2026-07-28 08:08:26.219,26403,6762df,y9d41p,0.7.3,fleet_logger_0_1,600990041,UMLIFE_v2_TLC555,ch2,origplant,soil_moisture,1378,,,OK,,,986.2,,name=classic;level=overwatered;role=disp;spread=36;gpio=34;device_seq=80130;time_source=device_synced;device_timestamp_utc=2026-07-28T13:08:20.483Z;config_id=257fa022;rssi=-62;uptime_s=600990;heap=195632;cal_tier=channel-cal;cal_src=wet_rederive_1236_20260719;pressure_context_source=weather_openmeteo;transport=wifi_poll,
plants.soil,2026-07-28T13:08:26.219Z,2026-07-28 08:08:26.219,26404,6762df,y9d41p,0.7.3,fleet_logger_0_1,600990041,UMLIFE_v2_TLC555,ch3,origplant,soil_moisture,1462,,,OK,,,986.2,,name=classic;level=well watered;role=disp;spread=12;gpio=35;device_seq=80131;time_source=device_synced;device_timestamp_utc=2026-07-28T13:08:20.483Z;config_id=257fa022;rssi=-62;uptime_s=600990;heap=195632;cal_tier=channel-cal;cal_src=wet_rederive_1236_20260719;pressure_context_source=weather_openmeteo;transport=wifi_poll,
plants.env,2026-07-28T13:08:26.219Z,2026-07-28 08:08:26.219,26405,6762df,y9d41p,0.7.3,fleet_logger_0_1,600990797,ESP32,esp32_die,on_chip,die_temp,,52.22,degC,OK,,,,,name=classic;source=esp32_die;cal=uncalibrated_board_proxy;api=temperatureRead;config_id=257fa022;transport=wifi_poll,
plants.soil,2026-07-28T13:08:56.527Z,2026-07-28 08:08:56.527,26406,6762df,y9d41p,0.7.3,fleet_logger_0_1,601020041,UMLIFE_v2_TLC555,ch0,origplant,soil_moisture,1589,,,OK,,,986.2,,name=classic;level=well watered;role=disp;spread=38;gpio=36;device_seq=80132;time_source=device_synced;device_timestamp_utc=2026-07-28T13:08:50.483Z;config_id=257fa022;rssi=-62;uptime_s=601020;heap=195632;cal_tier=channel-cal;cal_src=wet_rederive_1236_20260719;pressure_context_source=weather_openmeteo;transport=wifi_poll,
plants.soil,2026-07-28T13:08:56.527Z,2026-07-28 08:08:56.527,26407,6762df,y9d41p,0.7.3,fleet_logger_0_1,601020041,UMLIFE_v2_TLC555,ch1,origplant,soil_moisture,1720,,,OK,,,986.2,,name=classic;level=OK;role=disp;spread=16;gpio=39;device_seq=80133;time_source=device_synced;device_timestamp_utc=2026-07-28T13:08:50.483Z;config_id=257fa022;rssi=-62;uptime_s=601020;heap=195632;cal_tier=channel-cal;cal_src=wet_rederive_1236_20260719;pressure_context_source=weather_openmeteo;transport=wifi_poll,
plants.soil,2026-07-28T13:08:56.527Z,2026-07-28 08:08:56.527,26408,6762df,y9d41p,0.7.3,fleet_logger_0_1,601020041,UMLIFE_v2_TLC555,ch2,origplant,soil_moisture,1377,,,OK,,,986.2,,name=classic;level=overwatered;role=disp;spread=42;gpio=34;device_seq=80134;time_source=device_synced;device_timestamp_utc=2026-07-28T13:08:50.483Z;config_id=257fa022;rssi=-62;uptime_s=601020;heap=195632;cal_tier=channel-cal;cal_src=wet_rederive_1236_20260719;pressure_context_source=weather_openmeteo;transport=wifi_poll,
plants.soil,2026-07-28T13:08:56.527Z,2026-07-28 08:08:56.527,26409,6762df,y9d41p,0.7.3,fleet_logger_0_1,601020041,UMLIFE_v2_TLC555,ch3,origplant,soil_moisture,1456,,,OK,,,986.2,,name=classic;level=well watered;role=disp;spread=21;gpio=35;device_seq=80135;time_source=device_synced;device_timestamp_utc=2026-07-28T13:08:50.483Z;config_id=257fa022;rssi=-62;uptime_s=601020;heap=195632;cal_tier=channel-cal;cal_src=wet_rederive_1236_20260719;pressure_context_source=weather_openmeteo;transport=wifi_poll,
plants.env,2026-07-28T13:08:56.527Z,2026-07-28 08:08:56.527,26410,6762df,y9d41p,0.7.3,fleet_logger_0_1,601020797,ESP32,esp32_die,on_chip,die_temp,,52.78,degC,OK,,,,,name=classic;source=esp32_die;cal=uncalibrated_board_proxy;api=temperatureRead;config_id=257fa022;transport=wifi_poll,
plants.soil,2026-07-28T13:09:26.841Z,2026-07-28 08:09:26.841,26411,6762df,y9d41p,0.7.3,fleet_logger_0_1,601050041,UMLIFE_v2_TLC555,ch0,origplant,soil_moisture,1590,,,OK,,,986.2,,name=classic;level=well watered;role=disp;spread=57;gpio=36;device_seq=80136;time_source=device_synced;device_timestamp_utc=2026-07-28T13:09:20.483Z;config_id=257fa022;rssi=-62;uptime_s=601050;heap=195884;cal_tier=channel-cal;cal_src=wet_rederive_1236_20260719;pressure_context_source=weather_openmeteo;transport=wifi_poll,
plants.soil,2026-07-28T13:09:26.841Z,2026-07-28 08:09:26.841,26412,6762df,y9d41p,0.7.3,fleet_logger_0_1,601050041,UMLIFE_v2_TLC555,ch1,origplant,soil_moisture,1718,,,OK,,,986.2,,name=classic;level=OK;role=disp;spread=19;gpio=39;device_seq=80137;time_source=device_synced;device_timestamp_utc=2026-07-28T13:09:20.483Z;config_id=257fa022;rssi=-62;uptime_s=601050;heap=195884;cal_tier=channel-cal;cal_src=wet_rederive_1236_20260719;pressure_context_source=weather_openmeteo;transport=wifi_poll,
plants.soil,2026-07-28T13:09:26.841Z,2026-07-28 08:09:26.841,26413,6762df,y9d41p,0.7.3,fleet_logger_0_1,601050041,UMLIFE_v2_TLC555,ch2,origplant,soil_moisture,1379,,,OK,,,986.2,,name=classic;level=overwatered;role=disp;spread=57;gpio=34;device_seq=80138;time_source=device_synced;device_timestamp_utc=2026-07-28T13:09:20.483Z;config_id=257fa022;rssi=-62;uptime_s=601050;heap=195884;cal_tier=channel-cal;cal_src=wet_rederive_1236_20260719;pressure_context_source=weather_openmeteo;transport=wifi_poll,
plants.soil,2026-07-28T13:09:26.841Z,2026-07-28 08:09:26.841,26414,6762df,y9d41p,0.7.3,fleet_logger_0_1,601050041,UMLIFE_v2_TLC555,ch3,origplant,soil_moisture,1461,,,OK,,,986.2,,name=classic;level=well watered;role=disp;spread=15;gpio=35;device_seq=80139;time_source=device_synced;device_timestamp_utc=2026-07-28T13:09:20.483Z;config_id=257fa022;rssi=-62;uptime_s=601050;heap=195884;cal_tier=channel-cal;cal_src=wet_rederive_1236_20260719;pressure_context_source=weather_openmeteo;transport=wifi_poll,
plants.env,2026-07-28T13:09:26.841Z,2026-07-28 08:09:26.841,26415,6762df,y9d41p,0.7.3,fleet_logger_0_1,601050797,ESP32,esp32_die,on_chip,die_temp,,52.78,degC,OK,,,,,name=classic;source=esp32_die;cal=uncalibrated_board_proxy;api=temperatureRead;config_id=257fa022;transport=wifi_poll,
plants.soil,2026-07-28T13:09:57.184Z,2026-07-28 08:09:57.184,26416,6762df,y9d41p,0.7.3,fleet_logger_0_1,601080041,UMLIFE_v2_TLC555,ch0,origplant,soil_moisture,1588,,,OK,,,986.2,,name=classic;level=well watered;role=disp;spread=35;gpio=36;device_seq=80140;time_source=device_synced;device_timestamp_utc=2026-07-28T13:09:50.483Z;config_id=257fa022;rssi=-61;uptime_s=601080;heap=195908;cal_tier=channel-cal;cal_src=wet_rederive_1236_20260719;pressure_context_source=weather_openmeteo;transport=wifi_poll,
plants.soil,2026-07-28T13:09:57.184Z,2026-07-28 08:09:57.184,26417,6762df,y9d41p,0.7.3,fleet_logger_0_1,601080041,UMLIFE_v2_TLC555,ch1,origplant,soil_moisture,1721,,,OK,,,986.2,,name=classic;level=OK;role=disp;spread=31;gpio=39;device_seq=80141;time_source=device_synced;device_timestamp_utc=2026-07-28T13:09:50.483Z;config_id=257fa022;rssi=-61;uptime_s=601080;heap=195908;cal_tier=channel-cal;cal_src=wet_rederive_1236_20260719;pressure_context_source=weather_openmeteo;transport=wifi_poll,
plants.soil,2026-07-28T13:09:57.184Z,2026-07-28 08:09:57.184,26418,6762df,y9d41p,0.7.3,fleet_logger_0_1,601080041,UMLIFE_v2_TLC555,ch2,origplant,soil_moisture,1372,,,OK,,,986.2,,name=classic;level=overwatered;role=disp;spread=27;gpio=34;device_seq=80142;time_source=device_synced;device_timestamp_utc=2026-07-28T13:09:50.483Z;config_id=257fa022;rssi=-61;uptime_s=601080;heap=195908;cal_tier=channel-cal;cal_src=wet_rederive_1236_20260719;pressure_context_source=weather_openmeteo;transport=wifi_poll,
plants.soil,2026-07-28T13:09:57.184Z,2026-07-28 08:09:57.184,26419,6762df,y9d41p,0.7.3,fleet_logger_0_1,601080041,UMLIFE_v2_TLC555,ch3,origplant,soil_moisture,1460,,,OK,,,986.2,,name=classic;level=well watered;role=disp;spread=10;gpio=35;device_seq=80143;time_source=device_synced;device_timestamp_utc=2026-07-28T13:09:50.483Z;config_id=257fa022;rssi=-61;uptime_s=601080;heap=195908;cal_tier=channel-cal;cal_src=wet_rederive_1236_20260719;pressure_context_source=weather_openmeteo;transport=wifi_poll,
plants.env,2026-07-28T13:09:57.184Z,2026-07-28 08:09:57.184,26420,6762df,y9d41p,0.7.3,fleet_logger_0_1,601080797,ESP32,esp32_die,on_chip,die_temp,,52.22,degC,OK,,,,,name=classic;source=esp32_die;cal=uncalibrated_board_proxy;api=temperatureRead;config_id=257fa022;transport=wifi_poll,
plants.soil,2026-07-28T13:10:27.480Z,2026-07-28 08:10:27.480,26421,6762df,y9d41p,0.7.3,fleet_logger_0_1,601110041,UMLIFE_v2_TLC555,ch0,origplant,soil_moisture,1586,,,OK,,,986.2,,name=classic;level=well watered;role=disp;spread=27;gpio=36;device_seq=80144;time_source=device_synced;device_timestamp_utc=2026-07-28T13:10:20.483Z;config_id=257fa022;rssi=-61;uptime_s=601110;heap=195888;cal_tier=channel-cal;cal_src=wet_rederive_1236_20260719;pressure_context_source=weather_openmeteo;transport=wifi_poll,
plants.soil,2026-07-28T13:10:27.480Z,2026-07-28 08:10:27.480,26422,6762df,y9d41p,0.7.3,fleet_logger_0_1,601110041,UMLIFE_v2_TLC555,ch1,origplant,soil_moisture,1727,,,OK,,,986.2,,name=classic;level=OK;role=disp;spread=22;gpio=39;device_seq=80145;time_source=device_synced;device_timestamp_utc=2026-07-28T13:10:20.483Z;config_id=257fa022;rssi=-61;uptime_s=601110;heap=195888;cal_tier=channel-cal;cal_src=wet_rederive_1236_20260719;pressure_context_source=weather_openmeteo;transport=wifi_poll,
plants.soil,2026-07-28T13:10:27.480Z,2026-07-28 08:10:27.480,26423,6762df,y9d41p,0.7.3,fleet_logger_0_1,601110041,UMLIFE_v2_TLC555,ch2,origplant,soil_moisture,1374,,,OK,,,986.2,,name=classic;level=overwatered;role=disp;spread=27;gpio=34;device_seq=80146;time_source=device_synced;device_timestamp_utc=2026-07-28T13:10:20.483Z;config_id=257fa022;rssi=-61;uptime_s=601110;heap=195888;cal_tier=channel-cal;cal_src=wet_rederive_1236_20260719;pressure_context_source=weather_openmeteo;transport=wifi_poll,
plants.soil,2026-07-28T13:10:27.480Z,2026-07-28 08:10:27.480,26424,6762df,y9d41p,0.7.3,fleet_logger_0_1,601110041,UMLIFE_v2_TLC555,ch3,origplant,soil_moisture,1454,,,OK,,,986.2,,name=classic;level=well watered;role=disp;spread=23;gpio=35;device_seq=80147;time_source=device_synced;device_timestamp_utc=2026-07-28T13:10:20.483Z;config_id=257fa022;rssi=-61;uptime_s=601110;heap=195888;cal_tier=channel-cal;cal_src=wet_rederive_1236_20260719;pressure_context_source=weather_openmeteo;transport=wifi_poll,
plants.env,2026-07-28T13:10:27.480Z,2026-07-28 08:10:27.480,26425,6762df,y9d41p,0.7.3,fleet_logger_0_1,601110797,ESP32,esp32_die,on_chip,die_temp,,52.22,degC,OK,,,,,name=classic;source=esp32_die;cal=uncalibrated_board_proxy;api=temperatureRead;config_id=257fa022;transport=wifi_poll,
plants.soil,2026-07-28T13:10:57.791Z,2026-07-28 08:10:57.791,26426,6762df,y9d41p,0.7.3,fleet_logger_0_1,601140041,UMLIFE_v2_TLC555,ch0,origplant,soil_moisture,1593,,,OK,,,986.2,,name=classic;level=well watered;role=disp;spread=37;gpio=36;device_seq=80148;time_source=device_synced;device_timestamp_utc=2026-07-28T13:10:50.483Z;config_id=257fa022;rssi=-61;uptime_s=601140;heap=195884;cal_tier=channel-cal;cal_src=wet_rederive_1236_20260719;pressure_context_source=weather_openmeteo;transport=wifi_poll,
plants.soil,2026-07-28T13:10:57.791Z,2026-07-28 08:10:57.791,26427,6762df,y9d41p,0.7.3,fleet_logger_0_1,601140041,UMLIFE_v2_TLC555,ch1,origplant,soil_moisture,1721,,,OK,,,986.2,,name=classic;level=OK;role=disp;spread=23;gpio=39;device_seq=80149;time_source=device_synced;device_timestamp_utc=2026-07-28T13:10:50.483Z;config_id=257fa022;rssi=-61;uptime_s=601140;heap=195884;cal_tier=channel-cal;cal_src=wet_rederive_1236_20260719;pressure_context_source=weather_openmeteo;transport=wifi_poll,
plants.soil,2026-07-28T13:10:57.791Z,2026-07-28 08:10:57.791,26428,6762df,y9d41p,0.7.3,fleet_logger_0_1,601140041,UMLIFE_v2_TLC555,ch2,origplant,soil_moisture,1379,,,OK,,,986.2,,name=classic;level=overwatered;role=disp;spread=53;gpio=34;device_seq=80150;time_source=device_synced;device_timestamp_utc=2026-07-28T13:10:50.483Z;config_id=257fa022;rssi=-61;uptime_s=601140;heap=195884;cal_tier=channel-cal;cal_src=wet_rederive_1236_20260719;pressure_context_source=weather_openmeteo;transport=wifi_poll,
plants.soil,2026-07-28T13:10:57.791Z,2026-07-28 08:10:57.791,26429,6762df,y9d41p,0.7.3,fleet_logger_0_1,601140041,UMLIFE_v2_TLC555,ch3,origplant,soil_moisture,1462,,,OK,,,986.2,,name=classic;level=well watered;role=disp;spread=15;gpio=35;device_seq=80151;time_source=device_synced;device_timestamp_utc=2026-07-28T13:10:50.483Z;config_id=257fa022;rssi=-61;uptime_s=601140;heap=195884;cal_tier=channel-cal;cal_src=wet_rederive_1236_20260719;pressure_context_source=weather_openmeteo;transport=wifi_poll,
plants.env,2026-07-28T13:10:57.791Z,2026-07-28 08:10:57.791,26430,6762df,y9d41p,0.7.3,fleet_logger_0_1,601140797,ESP32,esp32_die,on_chip,die_temp,,52.22,degC,OK,,,,,name=classic;source=esp32_die;cal=uncalibrated_board_proxy;api=temperatureRead;config_id=257fa022;transport=wifi_poll,
plants.soil,2026-07-28T13:11:28.386Z,2026-07-28 08:11:28.386,26431,6762df,y9d41p,0.7.3,fleet_logger_0_1,601170041,UMLIFE_v2_TLC555,ch0,origplant,soil_moisture,1586,,,OK,,,986.2,,name=classic;level=well watered;role=disp;spread=8;gpio=36;device_seq=80152;time_source=device_synced;device_timestamp_utc=2026-07-28T13:11:20.483Z;config_id=257fa022;rssi=-61;uptime_s=601170;heap=195636;cal_tier=channel-cal;cal_src=wet_rederive_1236_20260719;pressure_context_source=weather_openmeteo;transport=wifi_poll,
plants.soil,2026-07-28T13:11:28.386Z,2026-07-28 08:11:28.386,26432,6762df,y9d41p,0.7.3,fleet_logger_0_1,601170041,UMLIFE_v2_TLC555,ch1,origplant,soil_moisture,1724,,,OK,,,986.2,,name=classic;level=OK;role=disp;spread=37;gpio=39;device_seq=80153;time_source=device_synced;device_timestamp_utc=2026-07-28T13:11:20.483Z;config_id=257fa022;rssi=-61;uptime_s=601170;heap=195636;cal_tier=channel-cal;cal_src=wet_rederive_1236_20260719;pressure_context_source=weather_openmeteo;transport=wifi_poll,
plants.soil,2026-07-28T13:11:28.386Z,2026-07-28 08:11:28.386,26433,6762df,y9d41p,0.7.3,fleet_logger_0_1,601170041,UMLIFE_v2_TLC555,ch2,origplant,soil_moisture,1375,,,OK,,,986.2,,name=classic;level=overwatered;role=disp;spread=41;gpio=34;device_seq=80154;time_source=device_synced;device_timestamp_utc=2026-07-28T13:11:20.483Z;config_id=257fa022;rssi=-61;uptime_s=601170;heap=195636;cal_tier=channel-cal;cal_src=wet_rederive_1236_20260719;pressure_context_source=weather_openmeteo;transport=wifi_poll,
plants.soil,2026-07-28T13:11:28.386Z,2026-07-28 08:11:28.386,26434,6762df,y9d41p,0.7.3,fleet_logger_0_1,601170041,UMLIFE_v2_TLC555,ch3,origplant,soil_moisture,1459,,,OK,,,986.2,,name=classic;level=well watered;role=disp;spread=26;gpio=35;device_seq=80155;time_source=device_synced;device_timestamp_utc=2026-07-28T13:11:20.483Z;config_id=257fa022;rssi=-61;uptime_s=601170;heap=195636;cal_tier=channel-cal;cal_src=wet_rederive_1236_20260719;pressure_context_source=weather_openmeteo;transport=wifi_poll,
plants.env,2026-07-28T13:11:28.386Z,2026-07-28 08:11:28.386,26435,6762df,y9d41p,0.7.3,fleet_logger_0_1,601170797,ESP32,esp32_die,on_chip,die_temp,,52.22,degC,OK,,,,,name=classic;source=esp32_die;cal=uncalibrated_board_proxy;api=temperatureRead;config_id=257fa022;transport=wifi_poll,
plants.soil,2026-07-28T13:11:58.799Z,2026-07-28 08:11:58.799,26436,6762df,y9d41p,0.7.3,fleet_logger_0_1,601200041,UMLIFE_v2_TLC555,ch0,origplant,soil_moisture,1590,,,OK,,,986.2,,name=classic;level=well watered;role=disp;spread=44;gpio=36;device_seq=80156;time_source=device_synced;device_timestamp_utc=2026-07-28T13:11:50.483Z;config_id=257fa022;rssi=-61;uptime_s=601200;heap=195632;cal_tier=channel-cal;cal_src=wet_rederive_1236_20260719;pressure_context_source=weather_openmeteo;transport=wifi_poll,
plants.soil,2026-07-28T13:11:58.799Z,2026-07-28 08:11:58.799,26437,6762df,y9d41p,0.7.3,fleet_logger_0_1,601200041,UMLIFE_v2_TLC555,ch1,origplant,soil_moisture,1718,,,OK,,,986.2,,name=classic;level=OK;role=disp;spread=18;gpio=39;device_seq=80157;time_source=device_synced;device_timestamp_utc=2026-07-28T13:11:50.483Z;config_id=257fa022;rssi=-61;uptime_s=601200;heap=195632;cal_tier=channel-cal;cal_src=wet_rederive_1236_20260719;pressure_context_source=weather_openmeteo;transport=wifi_poll,
plants.soil,2026-07-28T13:11:58.799Z,2026-07-28 08:11:58.799,26438,6762df,y9d41p,0.7.3,fleet_logger_0_1,601200041,UMLIFE_v2_TLC555,ch2,origplant,soil_moisture,1375,,,OK,,,986.2,,name=classic;level=overwatered;role=disp;spread=24;gpio=34;device_seq=80158;time_source=device_synced;device_timestamp_utc=2026-07-28T13:11:50.483Z;config_id=257fa022;rssi=-61;uptime_s=601200;heap=195632;cal_tier=channel-cal;cal_src=wet_rederive_1236_20260719;pressure_context_source=weather_openmeteo;transport=wifi_poll,
plants.soil,2026-07-28T13:11:58.799Z,2026-07-28 08:11:58.799,26439,6762df,y9d41p,0.7.3,fleet_logger_0_1,601200041,UMLIFE_v2_TLC555,ch3,origplant,soil_moisture,1464,,,OK,,,986.2,,name=classic;level=well watered;role=disp;spread=19;gpio=35;device_seq=80159;time_source=device_synced;device_timestamp_utc=2026-07-28T13:11:50.483Z;config_id=257fa022;rssi=-61;uptime_s=601200;heap=195632;cal_tier=channel-cal;cal_src=wet_rederive_1236_20260719;pressure_context_source=weather_openmeteo;transport=wifi_poll,
plants.env,2026-07-28T13:11:58.799Z,2026-07-28 08:11:58.799,26440,6762df,y9d41p,0.7.3,fleet_logger_0_1,601201864,ESP32,esp32_die,on_chip,die_temp,,52.22,degC,OK,,,,,name=classic;source=esp32_die;cal=uncalibrated_board_proxy;api=temperatureRead;config_id=257fa022;transport=wifi_poll,
plants.soil,2026-07-28T13:12:29.023Z,2026-07-28 08:12:29.023,26441,6762df,y9d41p,0.7.3,fleet_logger_0_1,601230041,UMLIFE_v2_TLC555,ch0,origplant,soil_moisture,1572,,,OK,,,986.2,,name=classic;level=well watered;role=disp;spread=14;gpio=36;device_seq=80160;time_source=device_synced;device_timestamp_utc=2026-07-28T13:12:20.483Z;config_id=257fa022;rssi=-61;uptime_s=601230;heap=195896;cal_tier=channel-cal;cal_src=wet_rederive_1236_20260719;pressure_context_source=weather_openmeteo;transport=wifi_poll,
plants.soil,2026-07-28T13:12:29.023Z,2026-07-28 08:12:29.023,26442,6762df,y9d41p,0.7.3,fleet_logger_0_1,601230041,UMLIFE_v2_TLC555,ch1,origplant,soil_moisture,1712,,,OK,,,986.2,,name=classic;level=OK;role=disp;spread=33;gpio=39;device_seq=80161;time_source=device_synced;device_timestamp_utc=2026-07-28T13:12:20.483Z;config_id=257fa022;rssi=-61;uptime_s=601230;heap=195896;cal_tier=channel-cal;cal_src=wet_rederive_1236_20260719;pressure_context_source=weather_openmeteo;transport=wifi_poll,
plants.soil,2026-07-28T13:12:29.023Z,2026-07-28 08:12:29.023,26443,6762df,y9d41p,0.7.3,fleet_logger_0_1,601230041,UMLIFE_v2_TLC555,ch2,origplant,soil_moisture,1368,,,OK,,,986.2,,name=classic;level=overwatered;role=disp;spread=22;gpio=34;device_seq=80162;time_source=device_synced;device_timestamp_utc=2026-07-28T13:12:20.483Z;config_id=257fa022;rssi=-61;uptime_s=601230;heap=195896;cal_tier=channel-cal;cal_src=wet_rederive_1236_20260719;pressure_context_source=weather_openmeteo;transport=wifi_poll,
plants.soil,2026-07-28T13:12:29.023Z,2026-07-28 08:12:29.023,26444,6762df,y9d41p,0.7.3,fleet_logger_0_1,601230041,UMLIFE_v2_TLC555,ch3,origplant,soil_moisture,1464,,,OK,,,986.2,,name=classic;level=well watered;role=disp;spread=21;gpio=35;device_seq=80163;time_source=device_synced;device_timestamp_utc=2026-07-28T13:12:20.483Z;config_id=257fa022;rssi=-61;uptime_s=601230;heap=195896;cal_tier=channel-cal;cal_src=wet_rederive_1236_20260719;pressure_context_source=weather_openmeteo;transport=wifi_poll,
plants.env,2026-07-28T13:12:29.023Z,2026-07-28 08:12:29.023,26445,6762df,y9d41p,0.7.3,fleet_logger_0_1,601230797,ESP32,esp32_die,on_chip,die_temp,,51.67,degC,OK,,,,,name=classic;source=esp32_die;cal=uncalibrated_board_proxy;api=temperatureRead;config_id=257fa022;transport=wifi_poll,
plants.soil,2026-07-28T13:12:59.336Z,2026-07-28 08:12:59.336,26446,6762df,y9d41p,0.7.3,fleet_logger_0_1,601260041,UMLIFE_v2_TLC555,ch0,origplant,soil_moisture,1589,,,OK,,,986.2,,name=classic;level=well watered;role=disp;spread=28;gpio=36;device_seq=80164;time_source=device_synced;device_timestamp_utc=2026-07-28T13:12:50.483Z;config_id=257fa022;rssi=-61;uptime_s=601260;heap=195884;cal_tier=channel-cal;cal_src=wet_rederive_1236_20260719;pressure_context_source=weather_openmeteo;transport=wifi_poll,
plants.soil,2026-07-28T13:12:59.336Z,2026-07-28 08:12:59.336,26447,6762df,y9d41p,0.7.3,fleet_logger_0_1,601260041,UMLIFE_v2_TLC555,ch1,origplant,soil_moisture,1724,,,OK,,,986.2,,name=classic;level=OK;role=disp;spread=46;gpio=39;device_seq=80165;time_source=device_synced;device_timestamp_utc=2026-07-28T13:12:50.483Z;config_id=257fa022;rssi=-61;uptime_s=601260;heap=195884;cal_tier=channel-cal;cal_src=wet_rederive_1236_20260719;pressure_context_source=weather_openmeteo;transport=wifi_poll,
plants.soil,2026-07-28T13:12:59.336Z,2026-07-28 08:12:59.336,26448,6762df,y9d41p,0.7.3,fleet_logger_0_1,601260041,UMLIFE_v2_TLC555,ch2,origplant,soil_moisture,1376,,,OK,,,986.2,,name=classic;level=overwatered;role=disp;spread=43;gpio=34;device_seq=80166;time_source=device_synced;device_timestamp_utc=2026-07-28T13:12:50.483Z;config_id=257fa022;rssi=-61;uptime_s=601260;heap=195884;cal_tier=channel-cal;cal_src=wet_rederive_1236_20260719;pressure_context_source=weather_openmeteo;transport=wifi_poll,
plants.soil,2026-07-28T13:12:59.336Z,2026-07-28 08:12:59.336,26449,6762df,y9d41p,0.7.3,fleet_logger_0_1,601260041,UMLIFE_v2_TLC555,ch3,origplant,soil_moisture,1457,,,OK,,,986.2,,name=classic;level=well watered;role=disp;spread=33;gpio=35;device_seq=80167;time_source=device_synced;device_timestamp_utc=2026-07-28T13:12:50.483Z;config_id=257fa022;rssi=-61;uptime_s=601260;heap=195884;cal_tier=channel-cal;cal_src=wet_rederive_1236_20260719;pressure_context_source=weather_openmeteo;transport=wifi_poll,
plants.env,2026-07-28T13:12:59.336Z,2026-07-28 08:12:59.336,26450,6762df,y9d41p,0.7.3,fleet_logger_0_1,601260797,ESP32,esp32_die,on_chip,die_temp,,52.22,degC,OK,,,,,name=classic;source=esp32_die;cal=uncalibrated_board_proxy;api=temperatureRead;config_id=257fa022;transport=wifi_poll,
plants.soil,2026-07-28T13:13:29.731Z,2026-07-28 08:13:29.731,26451,6762df,y9d41p,0.7.3,fleet_logger_0_1,601290041,UMLIFE_v2_TLC555,ch0,origplant,soil_moisture,1588,,,OK,,,986.2,,name=classic;level=well watered;role=disp;spread=17;gpio=36;device_seq=80168;time_source=device_synced;device_timestamp_utc=2026-07-28T13:13:20.483Z;config_id=257fa022;rssi=-62;uptime_s=601290;heap=195904;cal_tier=channel-cal;cal_src=wet_rederive_1236_20260719;pressure_context_source=weather_openmeteo;transport=wifi_poll,
plants.soil,2026-07-28T13:13:29.731Z,2026-07-28 08:13:29.731,26452,6762df,y9d41p,0.7.3,fleet_logger_0_1,601290041,UMLIFE_v2_TLC555,ch1,origplant,soil_moisture,1718,,,OK,,,986.2,,name=classic;level=OK;role=disp;spread=37;gpio=39;device_seq=80169;time_source=device_synced;device_timestamp_utc=2026-07-28T13:13:20.483Z;config_id=257fa022;rssi=-62;uptime_s=601290;heap=195904;cal_tier=channel-cal;cal_src=wet_rederive_1236_20260719;pressure_context_source=weather_openmeteo;transport=wifi_poll,
plants.soil,2026-07-28T13:13:29.731Z,2026-07-28 08:13:29.731,26453,6762df,y9d41p,0.7.3,fleet_logger_0_1,601290041,UMLIFE_v2_TLC555,ch2,origplant,soil_moisture,1375,,,OK,,,986.2,,name=classic;level=overwatered;role=disp;spread=36;gpio=34;device_seq=80170;time_source=device_synced;device_timestamp_utc=2026-07-28T13:13:20.483Z;config_id=257fa022;rssi=-62;uptime_s=601290;heap=195904;cal_tier=channel-cal;cal_src=wet_rederive_1236_20260719;pressure_context_source=weather_openmeteo;transport=wifi_poll,
plants.soil,2026-07-28T13:13:29.731Z,2026-07-28 08:13:29.731,26454,6762df,y9d41p,0.7.3,fleet_logger_0_1,601290041,UMLIFE_v2_TLC555,ch3,origplant,soil_moisture,1464,,,OK,,,986.2,,name=classic;level=well watered;role=disp;spread=16;gpio=35;device_seq=80171;time_source=device_synced;device_timestamp_utc=2026-07-28T13:13:20.483Z;config_id=257fa022;rssi=-62;uptime_s=601290;heap=195904;cal_tier=channel-cal;cal_src=wet_rederive_1236_20260719;pressure_context_source=weather_openmeteo;transport=wifi_poll,
plants.env,2026-07-28T13:13:29.731Z,2026-07-28 08:13:29.731,26455,6762df,y9d41p,0.7.3,fleet_logger_0_1,601290796,ESP32,esp32_die,on_chip,die_temp,,52.78,degC,OK,,,,,name=classic;source=esp32_die;cal=uncalibrated_board_proxy;api=temperatureRead;config_id=257fa022;transport=wifi_poll,
plants.soil,2026-07-28T13:14:00.040Z,2026-07-28 08:14:00.040,26456,6762df,y9d41p,0.7.3,fleet_logger_0_1,601320041,UMLIFE_v2_TLC555,ch0,origplant,soil_moisture,1586,,,OK,,,986.2,,name=classic;level=well watered;role=disp;spread=17;gpio=36;device_seq=80172;time_source=device_synced;device_timestamp_utc=2026-07-28T13:13:50.483Z;config_id=257fa022;rssi=-63;uptime_s=601320;heap=195892;cal_tier=channel-cal;cal_src=wet_rederive_1236_20260719;pressure_context_source=weather_openmeteo;transport=wifi_poll,
plants.soil,2026-07-28T13:14:00.040Z,2026-07-28 08:14:00.040,26457,6762df,y9d41p,0.7.3,fleet_logger_0_1,601320041,UMLIFE_v2_TLC555,ch1,origplant,soil_moisture,1720,,,OK,,,986.2,,name=classic;level=OK;role=disp;spread=28;gpio=39;device_seq=80173;time_source=device_synced;device_timestamp_utc=2026-07-28T13:13:50.483Z;config_id=257fa022;rssi=-63;uptime_s=601320;heap=195892;cal_tier=channel-cal;cal_src=wet_rederive_1236_20260719;pressure_context_source=weather_openmeteo;transport=wifi_poll,
plants.soil,2026-07-28T13:14:00.040Z,2026-07-28 08:14:00.040,26458,6762df,y9d41p,0.7.3,fleet_logger_0_1,601320041,UMLIFE_v2_TLC555,ch2,origplant,soil_moisture,1374,,,OK,,,986.2,,name=classic;level=overwatered;role=disp;spread=16;gpio=34;device_seq=80174;time_source=device_synced;device_timestamp_utc=2026-07-28T13:13:50.483Z;config_id=257fa022;rssi=-63;uptime_s=601320;heap=195892;cal_tier=channel-cal;cal_src=wet_rederive_1236_20260719;pressure_context_source=weather_openmeteo;transport=wifi_poll,
plants.soil,2026-07-28T13:14:00.040Z,2026-07-28 08:14:00.040,26459,6762df,y9d41p,0.7.3,fleet_logger_0_1,601320041,UMLIFE_v2_TLC555,ch3,origplant,soil_moisture,1455,,,OK,,,986.2,,name=classic;level=well watered;role=disp;spread=20;gpio=35;device_seq=80175;time_source=device_synced;device_timestamp_utc=2026-07-28T13:13:50.483Z;config_id=257fa022;rssi=-63;uptime_s=601320;heap=195892;cal_tier=channel-cal;cal_src=wet_rederive_1236_20260719;pressure_context_source=weather_openmeteo;transport=wifi_poll,
plants.env,2026-07-28T13:14:00.040Z,2026-07-28 08:14:00.040,26460,6762df,y9d41p,0.7.3,fleet_logger_0_1,601320796,ESP32,esp32_die,on_chip,die_temp,,52.78,degC,OK,,,,,name=classic;source=esp32_die;cal=uncalibrated_board_proxy;api=temperatureRead;config_id=257fa022;transport=wifi_poll,
plants.soil,2026-07-28T13:14:30.375Z,2026-07-28 08:14:30.375,26461,6762df,y9d41p,0.7.3,fleet_logger_0_1,601350041,UMLIFE_v2_TLC555,ch0,origplant,soil_moisture,1590,,,OK,,,986.2,,name=classic;level=well watered;role=disp;spread=12;gpio=36;device_seq=80176;time_source=device_synced;device_timestamp_utc=2026-07-28T13:14:20.483Z;config_id=257fa022;rssi=-62;uptime_s=601350;heap=195648;cal_tier=channel-cal;cal_src=wet_rederive_1236_20260719;pressure_context_source=weather_openmeteo;transport=wifi_poll,
plants.soil,2026-07-28T13:14:30.375Z,2026-07-28 08:14:30.375,26462,6762df,y9d41p,0.7.3,fleet_logger_0_1,601350041,UMLIFE_v2_TLC555,ch1,origplant,soil_moisture,1723,,,OK,,,986.2,,name=classic;level=OK;role=disp;spread=24;gpio=39;device_seq=80177;time_source=device_synced;device_timestamp_utc=2026-07-28T13:14:20.483Z;config_id=257fa022;rssi=-62;uptime_s=601350;heap=195648;cal_tier=channel-cal;cal_src=wet_rederive_1236_20260719;pressure_context_source=weather_openmeteo;transport=wifi_poll,
plants.soil,2026-07-28T13:14:30.375Z,2026-07-28 08:14:30.375,26463,6762df,y9d41p,0.7.3,fleet_logger_0_1,601350041,UMLIFE_v2_TLC555,ch2,origplant,soil_moisture,1377,,,OK,,,986.2,,name=classic;level=overwatered;role=disp;spread=17;gpio=34;device_seq=80178;time_source=device_synced;device_timestamp_utc=2026-07-28T13:14:20.483Z;config_id=257fa022;rssi=-62;uptime_s=601350;heap=195648;cal_tier=channel-cal;cal_src=wet_rederive_1236_20260719;pressure_context_source=weather_openmeteo;transport=wifi_poll,
plants.soil,2026-07-28T13:14:30.375Z,2026-07-28 08:14:30.375,26464,6762df,y9d41p,0.7.3,fleet_logger_0_1,601350041,UMLIFE_v2_TLC555,ch3,origplant,soil_moisture,1458,,,OK,,,986.2,,name=classic;level=well watered;role=disp;spread=26;gpio=35;device_seq=80179;time_source=device_synced;device_timestamp_utc=2026-07-28T13:14:20.483Z;config_id=257fa022;rssi=-62;uptime_s=601350;heap=195648;cal_tier=channel-cal;cal_src=wet_rederive_1236_20260719;pressure_context_source=weather_openmeteo;transport=wifi_poll,
plants.env,2026-07-28T13:14:30.375Z,2026-07-28 08:14:30.375,26465,6762df,y9d41p,0.7.3,fleet_logger_0_1,601350797,ESP32,esp32_die,on_chip,die_temp,,52.22,degC,OK,,,,,name=classic;source=esp32_die;cal=uncalibrated_board_proxy;api=temperatureRead;config_id=257fa022;transport=wifi_poll,
plants.soil,2026-07-28T13:15:00.875Z,2026-07-28 08:15:00.875,26466,6762df,y9d41p,0.7.3,fleet_logger_0_1,601380041,UMLIFE_v2_TLC555,ch0,origplant,soil_moisture,1587,,,OK,,,986.2,,name=classic;level=well watered;role=disp;spread=36;gpio=36;device_seq=80180;time_source=device_synced;device_timestamp_utc=2026-07-28T13:14:50.483Z;config_id=257fa022;rssi=-62;uptime_s=601380;heap=195648;cal_tier=channel-cal;cal_src=wet_rederive_1236_20260719;pressure_context_source=weather_openmeteo;transport=wifi_poll,
plants.soil,2026-07-28T13:15:00.875Z,2026-07-28 08:15:00.875,26467,6762df,y9d41p,0.7.3,fleet_logger_0_1,601380041,UMLIFE_v2_TLC555,ch1,origplant,soil_moisture,1722,,,OK,,,986.2,,name=classic;level=OK;role=disp;spread=28;gpio=39;device_seq=80181;time_source=device_synced;device_timestamp_utc=2026-07-28T13:14:50.483Z;config_id=257fa022;rssi=-62;uptime_s=601380;heap=195648;cal_tier=channel-cal;cal_src=wet_rederive_1236_20260719;pressure_context_source=weather_openmeteo;transport=wifi_poll,
plants.soil,2026-07-28T13:15:00.875Z,2026-07-28 08:15:00.875,26468,6762df,y9d41p,0.7.3,fleet_logger_0_1,601380041,UMLIFE_v2_TLC555,ch2,origplant,soil_moisture,1378,,,OK,,,986.2,,name=classic;level=overwatered;role=disp;spread=25;gpio=34;device_seq=80182;time_source=device_synced;device_timestamp_utc=2026-07-28T13:14:50.483Z;config_id=257fa022;rssi=-62;uptime_s=601380;heap=195648;cal_tier=channel-cal;cal_src=wet_rederive_1236_20260719;pressure_context_source=weather_openmeteo;transport=wifi_poll,
plants.soil,2026-07-28T13:15:00.875Z,2026-07-28 08:15:00.875,26469,6762df,y9d41p,0.7.3,fleet_logger_0_1,601380041,UMLIFE_v2_TLC555,ch3,origplant,soil_moisture,1461,,,OK,,,986.2,,name=classic;level=well watered;role=disp;spread=31;gpio=35;device_seq=80183;time_source=device_synced;device_timestamp_utc=2026-07-28T13:14:50.483Z;config_id=257fa022;rssi=-62;uptime_s=601380;heap=195648;cal_tier=channel-cal;cal_src=wet_rederive_1236_20260719;pressure_context_source=weather_openmeteo;transport=wifi_poll,
plants.env,2026-07-28T13:15:00.875Z,2026-07-28 08:15:00.875,26470,6762df,y9d41p,0.7.3,fleet_logger_0_1,601380796,ESP32,esp32_die,on_chip,die_temp,,52.78,degC,OK,,,,,name=classic;source=esp32_die;cal=uncalibrated_board_proxy;api=temperatureRead;config_id=257fa022;transport=wifi_poll,
plants.soil,2026-07-28T13:15:31.280Z,2026-07-28 08:15:31.280,26471,6762df,y9d41p,0.7.3,fleet_logger_0_1,601410041,UMLIFE_v2_TLC555,ch0,origplant,soil_moisture,1562,,,OK,,,986.2,,name=classic;level=well watered;role=disp;spread=18;gpio=36;device_seq=80184;time_source=device_synced;device_timestamp_utc=2026-07-28T13:15:20.483Z;config_id=257fa022;rssi=-62;uptime_s=601410;heap=195892;cal_tier=channel-cal;cal_src=wet_rederive_1236_20260719;pressure_context_source=weather_openmeteo;transport=wifi_poll,
plants.soil,2026-07-28T13:15:31.280Z,2026-07-28 08:15:31.280,26472,6762df,y9d41p,0.7.3,fleet_logger_0_1,601410041,UMLIFE_v2_TLC555,ch1,origplant,soil_moisture,1697,,,OK,,,986.2,,name=classic;level=OK;role=disp;spread=32;gpio=39;device_seq=80185;time_source=device_synced;device_timestamp_utc=2026-07-28T13:15:20.483Z;config_id=257fa022;rssi=-62;uptime_s=601410;heap=195892;cal_tier=channel-cal;cal_src=wet_rederive_1236_20260719;pressure_context_source=weather_openmeteo;transport=wifi_poll,
plants.soil,2026-07-28T13:15:31.280Z,2026-07-28 08:15:31.280,26473,6762df,y9d41p,0.7.3,fleet_logger_0_1,601410041,UMLIFE_v2_TLC555,ch2,origplant,soil_moisture,1353,,,OK,,,986.2,,name=classic;level=overwatered;role=disp;spread=22;gpio=34;device_seq=80186;time_source=device_synced;device_timestamp_utc=2026-07-28T13:15:20.483Z;config_id=257fa022;rssi=-62;uptime_s=601410;heap=195892;cal_tier=channel-cal;cal_src=wet_rederive_1236_20260719;pressure_context_source=weather_openmeteo;transport=wifi_poll,
plants.soil,2026-07-28T13:15:31.280Z,2026-07-28 08:15:31.280,26474,6762df,y9d41p,0.7.3,fleet_logger_0_1,601410041,UMLIFE_v2_TLC555,ch3,origplant,soil_moisture,1431,,,OK,,,986.2,,name=classic;level=well watered;role=disp;spread=18;gpio=35;device_seq=80187;time_source=device_synced;device_timestamp_utc=2026-07-28T13:15:20.483Z;config_id=257fa022;rssi=-62;uptime_s=601410;heap=195892;cal_tier=channel-cal;cal_src=wet_rederive_1236_20260719;pressure_context_source=weather_openmeteo;transport=wifi_poll,
plants.env,2026-07-28T13:15:31.280Z,2026-07-28 08:15:31.280,26475,6762df,y9d41p,0.7.3,fleet_logger_0_1,601410797,ESP32,esp32_die,on_chip,die_temp,,52.78,degC,OK,,,,,name=classic;source=esp32_die;cal=uncalibrated_board_proxy;api=temperatureRead;config_id=257fa022;transport=wifi_poll,
plants.soil,2026-07-28T13:16:02.431Z,2026-07-28 08:16:02.431,26476,6762df,y9d41p,0.7.3,fleet_logger_0_1,601440041,UMLIFE_v2_TLC555,ch0,origplant,soil_moisture,1562,,,OK,,,986.2,,name=classic;level=well watered;role=disp;spread=6;gpio=36;device_seq=80188;time_source=device_synced;device_timestamp_utc=2026-07-28T13:15:50.483Z;config_id=257fa022;rssi=-62;uptime_s=601440;heap=195896;cal_tier=channel-cal;cal_src=wet_rederive_1236_20260719;pressure_context_source=weather_openmeteo;transport=wifi_poll,
plants.soil,2026-07-28T13:16:02.431Z,2026-07-28 08:16:02.431,26477,6762df,y9d41p,0.7.3,fleet_logger_0_1,601440041,UMLIFE_v2_TLC555,ch1,origplant,soil_moisture,1694,,,OK,,,986.2,,name=classic;level=OK;role=disp;spread=66;gpio=39;device_seq=80189;time_source=device_synced;device_timestamp_utc=2026-07-28T13:15:50.483Z;config_id=257fa022;rssi=-62;uptime_s=601440;heap=195896;cal_tier=channel-cal;cal_src=wet_rederive_1236_20260719;pressure_context_source=weather_openmeteo;transport=wifi_poll,
plants.soil,2026-07-28T13:16:02.431Z,2026-07-28 08:16:02.431,26478,6762df,y9d41p,0.7.3,fleet_logger_0_1,601440041,UMLIFE_v2_TLC555,ch2,origplant,soil_moisture,1342,,,OK,,,986.2,,name=classic;level=overwatered;role=disp;spread=19;gpio=34;device_seq=80190;time_source=device_synced;device_timestamp_utc=2026-07-28T13:15:50.483Z;config_id=257fa022;rssi=-62;uptime_s=601440;heap=195896;cal_tier=channel-cal;cal_src=wet_rederive_1236_20260719;pressure_context_source=weather_openmeteo;transport=wifi_poll,
plants.soil,2026-07-28T13:16:02.431Z,2026-07-28 08:16:02.431,26479,6762df,y9d41p,0.7.3,fleet_logger_0_1,601440041,UMLIFE_v2_TLC555,ch3,origplant,soil_moisture,1433,,,OK,,,986.2,,name=classic;level=well watered;role=disp;spread=29;gpio=35;device_seq=80191;time_source=device_synced;device_timestamp_utc=2026-07-28T13:15:50.483Z;config_id=257fa022;rssi=-62;uptime_s=601440;heap=195896;cal_tier=channel-cal;cal_src=wet_rederive_1236_20260719;pressure_context_source=weather_openmeteo;transport=wifi_poll,
plants.env,2026-07-28T13:16:02.431Z,2026-07-28 08:16:02.431,26480,6762df,y9d41p,0.7.3,fleet_logger_0_1,601440797,ESP32,esp32_die,on_chip,die_temp,,52.78,degC,OK,,,,,name=classic;source=esp32_die;cal=uncalibrated_board_proxy;api=temperatureRead;config_id=257fa022;transport=wifi_poll,
plants.soil,2026-07-28T13:16:33.026Z,2026-07-28 08:16:33.026,26481,6762df,y9d41p,0.7.3,fleet_logger_0_1,601470041,UMLIFE_v2_TLC555,ch0,origplant,soil_moisture,1591,,,OK,,,986.2,,name=classic;level=well watered;role=disp;spread=26;gpio=36;device_seq=80192;time_source=device_synced;device_timestamp_utc=2026-07-28T13:16:20.483Z;config_id=257fa022;rssi=-62;uptime_s=601470;heap=195892;cal_tier=channel-cal;cal_src=wet_rederive_1236_20260719;pressure_context_source=weather_openmeteo;transport=wifi_poll,
plants.soil,2026-07-28T13:16:33.026Z,2026-07-28 08:16:33.026,26482,6762df,y9d41p,0.7.3,fleet_logger_0_1,601470041,UMLIFE_v2_TLC555,ch1,origplant,soil_moisture,1726,,,OK,,,986.2,,name=classic;level=OK;role=disp;spread=43;gpio=39;device_seq=80193;time_source=device_synced;device_timestamp_utc=2026-07-28T13:16:20.483Z;config_id=257fa022;rssi=-62;uptime_s=601470;heap=195892;cal_tier=channel-cal;cal_src=wet_rederive_1236_20260719;pressure_context_source=weather_openmeteo;transport=wifi_poll,
plants.soil,2026-07-28T13:16:33.026Z,2026-07-28 08:16:33.026,26483,6762df,y9d41p,0.7.3,fleet_logger_0_1,601470041,UMLIFE_v2_TLC555,ch2,origplant,soil_moisture,1376,,,OK,,,986.2,,name=classic;level=overwatered;role=disp;spread=26;gpio=34;device_seq=80194;time_source=device_synced;device_timestamp_utc=2026-07-28T13:16:20.483Z;config_id=257fa022;rssi=-62;uptime_s=601470;heap=195892;cal_tier=channel-cal;cal_src=wet_rederive_1236_20260719;pressure_context_source=weather_openmeteo;transport=wifi_poll,
plants.soil,2026-07-28T13:16:33.026Z,2026-07-28 08:16:33.026,26484,6762df,y9d41p,0.7.3,fleet_logger_0_1,601470041,UMLIFE_v2_TLC555,ch3,origplant,soil_moisture,1457,,,OK,,,986.2,,name=classic;level=well watered;role=disp;spread=14;gpio=35;device_seq=80195;time_source=device_synced;device_timestamp_utc=2026-07-28T13:16:20.483Z;config_id=257fa022;rssi=-62;uptime_s=601470;heap=195892;cal_tier=channel-cal;cal_src=wet_rederive_1236_20260719;pressure_context_source=weather_openmeteo;transport=wifi_poll,
plants.env,2026-07-28T13:16:33.026Z,2026-07-28 08:16:33.026,26485,6762df,y9d41p,0.7.3,fleet_logger_0_1,601470797,ESP32,esp32_die,on_chip,die_temp,,52.78,degC,OK,,,,,name=classic;source=esp32_die;cal=uncalibrated_board_proxy;api=temperatureRead;config_id=257fa022;transport=wifi_poll,
plants.soil,2026-07-28T13:17:03.337Z,2026-07-28 08:17:03.337,26486,6762df,y9d41p,0.7.3,fleet_logger_0_1,601500041,UMLIFE_v2_TLC555,ch0,origplant,soil_moisture,1588,,,OK,,,986.2,,name=classic;level=well watered;role=disp;spread=20;gpio=36;device_seq=80196;time_source=device_synced;device_timestamp_utc=2026-07-28T13:16:50.483Z;config_id=257fa022;rssi=-63;uptime_s=601500;heap=195892;cal_tier=channel-cal;cal_src=wet_rederive_1236_20260719;pressure_context_source=weather_openmeteo;transport=wifi_poll,
plants.soil,2026-07-28T13:17:03.337Z,2026-07-28 08:17:03.337,26487,6762df,y9d41p,0.7.3,fleet_logger_0_1,601500041,UMLIFE_v2_TLC555,ch1,origplant,soil_moisture,1719,,,OK,,,986.2,,name=classic;level=OK;role=disp;spread=63;gpio=39;device_seq=80197;time_source=device_synced;device_timestamp_utc=2026-07-28T13:16:50.483Z;config_id=257fa022;rssi=-63;uptime_s=601500;heap=195892;cal_tier=channel-cal;cal_src=wet_rederive_1236_20260719;pressure_context_source=weather_openmeteo;transport=wifi_poll,
plants.soil,2026-07-28T13:17:03.337Z,2026-07-28 08:17:03.337,26488,6762df,y9d41p,0.7.3,fleet_logger_0_1,601500041,UMLIFE_v2_TLC555,ch2,origplant,soil_moisture,1376,,,OK,,,986.2,,name=classic;level=overwatered;role=disp;spread=30;gpio=34;device_seq=80198;time_source=device_synced;device_timestamp_utc=2026-07-28T13:16:50.483Z;config_id=257fa022;rssi=-63;uptime_s=601500;heap=195892;cal_tier=channel-cal;cal_src=wet_rederive_1236_20260719;pressure_context_source=weather_openmeteo;transport=wifi_poll,
plants.soil,2026-07-28T13:17:03.337Z,2026-07-28 08:17:03.337,26489,6762df,y9d41p,0.7.3,fleet_logger_0_1,601500041,UMLIFE_v2_TLC555,ch3,origplant,soil_moisture,1464,,,OK,,,986.2,,name=classic;level=well watered;role=disp;spread=21;gpio=35;device_seq=80199;time_source=device_synced;device_timestamp_utc=2026-07-28T13:16:50.483Z;config_id=257fa022;rssi=-63;uptime_s=601500;heap=195892;cal_tier=channel-cal;cal_src=wet_rederive_1236_20260719;pressure_context_source=weather_openmeteo;transport=wifi_poll,
plants.env,2026-07-28T13:17:03.337Z,2026-07-28 08:17:03.337,26490,6762df,y9d41p,0.7.3,fleet_logger_0_1,601500797,ESP32,esp32_die,on_chip,die_temp,,52.78,degC,OK,,,,,name=classic;source=esp32_die;cal=uncalibrated_board_proxy;api=temperatureRead;config_id=257fa022;transport=wifi_poll,
plants.soil,2026-07-28T13:17:33.648Z,2026-07-28 08:17:33.648,26491,6762df,y9d41p,0.7.3,fleet_logger_0_1,601530041,UMLIFE_v2_TLC555,ch0,origplant,soil_moisture,1588,,,OK,,,986.2,,name=classic;level=well watered;role=disp;spread=36;gpio=36;device_seq=80200;time_source=device_synced;device_timestamp_utc=2026-07-28T13:17:20.483Z;config_id=257fa022;rssi=-72;uptime_s=601530;heap=195648;cal_tier=channel-cal;cal_src=wet_rederive_1236_20260719;pressure_context_source=weather_openmeteo;transport=wifi_poll,
plants.soil,2026-07-28T13:17:33.648Z,2026-07-28 08:17:33.648,26492,6762df,y9d41p,0.7.3,fleet_logger_0_1,601530041,UMLIFE_v2_TLC555,ch1,origplant,soil_moisture,1723,,,OK,,,986.2,,name=classic;level=OK;role=disp;spread=26;gpio=39;device_seq=80201;time_source=device_synced;device_timestamp_utc=2026-07-28T13:17:20.483Z;config_id=257fa022;rssi=-72;uptime_s=601530;heap=195648;cal_tier=channel-cal;cal_src=wet_rederive_1236_20260719;pressure_context_source=weather_openmeteo;transport=wifi_poll,
plants.soil,2026-07-28T13:17:33.648Z,2026-07-28 08:17:33.648,26493,6762df,y9d41p,0.7.3,fleet_logger_0_1,601530041,UMLIFE_v2_TLC555,ch2,origplant,soil_moisture,1375,,,OK,,,986.2,,name=classic;level=overwatered;role=disp;spread=36;gpio=34;device_seq=80202;time_source=device_synced;device_timestamp_utc=2026-07-28T13:17:20.483Z;config_id=257fa022;rssi=-72;uptime_s=601530;heap=195648;cal_tier=channel-cal;cal_src=wet_rederive_1236_20260719;pressure_context_source=weather_openmeteo;transport=wifi_poll,
plants.soil,2026-07-28T13:17:33.648Z,2026-07-28 08:17:33.648,26494,6762df,y9d41p,0.7.3,fleet_logger_0_1,601530041,UMLIFE_v2_TLC555,ch3,origplant,soil_moisture,1463,,,OK,,,986.2,,name=classic;level=well watered;role=disp;spread=19;gpio=35;device_seq=80203;time_source=device_synced;device_timestamp_utc=2026-07-28T13:17:20.483Z;config_id=257fa022;rssi=-72;uptime_s=601530;heap=195648;cal_tier=channel-cal;cal_src=wet_rederive_1236_20260719;pressure_context_source=weather_openmeteo;transport=wifi_poll,
plants.env,2026-07-28T13:17:33.648Z,2026-07-28 08:17:33.648,26495,6762df,y9d41p,0.7.3,fleet_logger_0_1,601530797,ESP32,esp32_die,on_chip,die_temp,,52.78,degC,OK,,,,,name=classic;source=esp32_die;cal=uncalibrated_board_proxy;api=temperatureRead;config_id=257fa022;transport=wifi_poll,
plants.soil,2026-07-28T13:18:04.064Z,2026-07-28 08:18:04.064,26496,6762df,y9d41p,0.7.3,fleet_logger_0_1,601560041,UMLIFE_v2_TLC555,ch0,origplant,soil_moisture,1593,,,OK,,,986.2,,name=classic;level=well watered;role=disp;spread=22;gpio=36;device_seq=80204;time_source=device_synced;device_timestamp_utc=2026-07-28T13:17:50.483Z;config_id=257fa022;rssi=-62;uptime_s=601560;heap=195636;cal_tier=channel-cal;cal_src=wet_rederive_1236_20260719;pressure_context_source=weather_openmeteo;transport=wifi_poll,
plants.soil,2026-07-28T13:18:04.064Z,2026-07-28 08:18:04.064,26497,6762df,y9d41p,0.7.3,fleet_logger_0_1,601560041,UMLIFE_v2_TLC555,ch1,origplant,soil_moisture,1721,,,OK,,,986.2,,name=classic;level=OK;role=disp;spread=17;gpio=39;device_seq=80205;time_source=device_synced;device_timestamp_utc=2026-07-28T13:17:50.483Z;config_id=257fa022;rssi=-62;uptime_s=601560;heap=195636;cal_tier=channel-cal;cal_src=wet_rederive_1236_20260719;pressure_context_source=weather_openmeteo;transport=wifi_poll,
plants.soil,2026-07-28T13:18:04.064Z,2026-07-28 08:18:04.064,26498,6762df,y9d41p,0.7.3,fleet_logger_0_1,601560041,UMLIFE_v2_TLC555,ch2,origplant,soil_moisture,1376,,,OK,,,986.2,,name=classic;level=overwatered;role=disp;spread=22;gpio=34;device_seq=80206;time_source=device_synced;device_timestamp_utc=2026-07-28T13:17:50.483Z;config_id=257fa022;rssi=-62;uptime_s=601560;heap=195636;cal_tier=channel-cal;cal_src=wet_rederive_1236_20260719;pressure_context_source=weather_openmeteo;transport=wifi_poll,
plants.soil,2026-07-28T13:18:04.064Z,2026-07-28 08:18:04.064,26499,6762df,y9d41p,0.7.3,fleet_logger_0_1,601560041,UMLIFE_v2_TLC555,ch3,origplant,soil_moisture,1458,,,OK,,,986.2,,name=classic;level=well watered;role=disp;spread=17;gpio=35;device_seq=80207;time_source=device_synced;device_timestamp_utc=2026-07-28T13:17:50.483Z;config_id=257fa022;rssi=-62;uptime_s=601560;heap=195636;cal_tier=channel-cal;cal_src=wet_rederive_1236_20260719;pressure_context_source=weather_openmeteo;transport=wifi_poll,
plants.env,2026-07-28T13:18:04.064Z,2026-07-28 08:18:04.064,26500,6762df,y9d41p,0.7.3,fleet_logger_0_1,601560796,ESP32,esp32_die,on_chip,die_temp,,52.78,degC,OK,,,,,name=classic;source=esp32_die;cal=uncalibrated_board_proxy;api=temperatureRead;config_id=257fa022;transport=wifi_poll,
plants.soil,2026-07-28T13:18:34.402Z,2026-07-28 08:18:34.402,26501,6762df,y9d41p,0.7.3,fleet_logger_0_1,601590041,UMLIFE_v2_TLC555,ch0,origplant,soil_moisture,1583,,,OK,,,986.2,,name=classic;level=well watered;role=disp;spread=36;gpio=36;device_seq=80208;time_source=device_synced;device_timestamp_utc=2026-07-28T13:18:20.483Z;config_id=257fa022;rssi=-63;uptime_s=601590;heap=195888;cal_tier=channel-cal;cal_src=wet_rederive_1236_20260719;pressure_context_source=weather_openmeteo;transport=wifi_poll,
plants.soil,2026-07-28T13:18:34.402Z,2026-07-28 08:18:34.402,26502,6762df,y9d41p,0.7.3,fleet_logger_0_1,601590041,UMLIFE_v2_TLC555,ch1,origplant,soil_moisture,1723,,,OK,,,986.2,,name=classic;level=OK;role=disp;spread=28;gpio=39;device_seq=80209;time_source=device_synced;device_timestamp_utc=2026-07-28T13:18:20.483Z;config_id=257fa022;rssi=-63;uptime_s=601590;heap=195888;cal_tier=channel-cal;cal_src=wet_rederive_1236_20260719;pressure_context_source=weather_openmeteo;transport=wifi_poll,
plants.soil,2026-07-28T13:18:34.402Z,2026-07-28 08:18:34.402,26503,6762df,y9d41p,0.7.3,fleet_logger_0_1,601590041,UMLIFE_v2_TLC555,ch2,origplant,soil_moisture,1377,,,OK,,,986.2,,name=classic;level=overwatered;role=disp;spread=56;gpio=34;device_seq=80210;time_source=device_synced;device_timestamp_utc=2026-07-28T13:18:20.483Z;config_id=257fa022;rssi=-63;uptime_s=601590;heap=195888;cal_tier=channel-cal;cal_src=wet_rederive_1236_20260719;pressure_context_source=weather_openmeteo;transport=wifi_poll,
plants.soil,2026-07-28T13:18:34.402Z,2026-07-28 08:18:34.402,26504,6762df,y9d41p,0.7.3,fleet_logger_0_1,601590041,UMLIFE_v2_TLC555,ch3,origplant,soil_moisture,1456,,,OK,,,986.2,,name=classic;level=well watered;role=disp;spread=18;gpio=35;device_seq=80211;time_source=device_synced;device_timestamp_utc=2026-07-28T13:18:20.483Z;config_id=257fa022;rssi=-63;uptime_s=601590;heap=195888;cal_tier=channel-cal;cal_src=wet_rederive_1236_20260719;pressure_context_source=weather_openmeteo;transport=wifi_poll,
plants.env,2026-07-28T13:18:34.402Z,2026-07-28 08:18:34.402,26505,6762df,y9d41p,0.7.3,fleet_logger_0_1,601590796,ESP32,esp32_die,on_chip,die_temp,,52.78,degC,OK,,,,,name=classic;source=esp32_die;cal=uncalibrated_board_proxy;api=temperatureRead;config_id=257fa022;transport=wifi_poll,
plants.soil,2026-07-28T13:19:05.292Z,2026-07-28 08:19:05.292,26506,6762df,y9d41p,0.7.3,fleet_logger_0_1,601620041,UMLIFE_v2_TLC555,ch0,origplant,soil_moisture,1587,,,OK,,,986.2,,name=classic;level=well watered;role=disp;spread=34;gpio=36;device_seq=80212;time_source=device_synced;device_timestamp_utc=2026-07-28T13:18:50.483Z;config_id=257fa022;rssi=-62;uptime_s=601620;heap=195888;cal_tier=channel-cal;cal_src=wet_rederive_1236_20260719;pressure_context_source=weather_openmeteo;transport=wifi_poll,
plants.soil,2026-07-28T13:19:05.292Z,2026-07-28 08:19:05.292,26507,6762df,y9d41p,0.7.3,fleet_logger_0_1,601620041,UMLIFE_v2_TLC555,ch1,origplant,soil_moisture,1717,,,OK,,,986.2,,name=classic;level=OK;role=disp;spread=64;gpio=39;device_seq=80213;time_source=device_synced;device_timestamp_utc=2026-07-28T13:18:50.483Z;config_id=257fa022;rssi=-62;uptime_s=601620;heap=195888;cal_tier=channel-cal;cal_src=wet_rederive_1236_20260719;pressure_context_source=weather_openmeteo;transport=wifi_poll,
plants.soil,2026-07-28T13:19:05.292Z,2026-07-28 08:19:05.292,26508,6762df,y9d41p,0.7.3,fleet_logger_0_1,601620041,UMLIFE_v2_TLC555,ch2,origplant,soil_moisture,1374,,,OK,,,986.2,,name=classic;level=overwatered;role=disp;spread=32;gpio=34;device_seq=80214;time_source=device_synced;device_timestamp_utc=2026-07-28T13:18:50.483Z;config_id=257fa022;rssi=-62;uptime_s=601620;heap=195888;cal_tier=channel-cal;cal_src=wet_rederive_1236_20260719;pressure_context_source=weather_openmeteo;transport=wifi_poll,
plants.soil,2026-07-28T13:19:05.292Z,2026-07-28 08:19:05.292,26509,6762df,y9d41p,0.7.3,fleet_logger_0_1,601620041,UMLIFE_v2_TLC555,ch3,origplant,soil_moisture,1467,,,OK,,,986.2,,name=classic;level=well watered;role=disp;spread=40;gpio=35;device_seq=80215;time_source=device_synced;device_timestamp_utc=2026-07-28T13:18:50.483Z;config_id=257fa022;rssi=-62;uptime_s=601620;heap=195888;cal_tier=channel-cal;cal_src=wet_rederive_1236_20260719;pressure_context_source=weather_openmeteo;transport=wifi_poll,
plants.env,2026-07-28T13:19:05.292Z,2026-07-28 08:19:05.292,26510,6762df,y9d41p,0.7.3,fleet_logger_0_1,601620796,ESP32,esp32_die,on_chip,die_temp,,52.78,degC,OK,,,,,name=classic;source=esp32_die;cal=uncalibrated_board_proxy;api=temperatureRead;config_id=257fa022;transport=wifi_poll,
plants.soil,2026-07-28T13:19:35.605Z,2026-07-28 08:19:35.605,26511,6762df,y9d41p,0.7.3,fleet_logger_0_1,601650041,UMLIFE_v2_TLC555,ch0,origplant,soil_moisture,1576,,,OK,,,986.2,,name=classic;level=well watered;role=disp;spread=20;gpio=36;device_seq=80216;time_source=device_synced;device_timestamp_utc=2026-07-28T13:19:20.483Z;config_id=257fa022;rssi=-61;uptime_s=601650;heap=195900;cal_tier=channel-cal;cal_src=wet_rederive_1236_20260719;pressure_context_source=weather_openmeteo;transport=wifi_poll,
plants.soil,2026-07-28T13:19:35.605Z,2026-07-28 08:19:35.605,26512,6762df,y9d41p,0.7.3,fleet_logger_0_1,601650041,UMLIFE_v2_TLC555,ch1,origplant,soil_moisture,1717,,,OK,,,986.2,,name=classic;level=OK;role=disp;spread=36;gpio=39;device_seq=80217;time_source=device_synced;device_timestamp_utc=2026-07-28T13:19:20.483Z;config_id=257fa022;rssi=-61;uptime_s=601650;heap=195900;cal_tier=channel-cal;cal_src=wet_rederive_1236_20260719;pressure_context_source=weather_openmeteo;transport=wifi_poll,
plants.soil,2026-07-28T13:19:35.605Z,2026-07-28 08:19:35.605,26513,6762df,y9d41p,0.7.3,fleet_logger_0_1,601650041,UMLIFE_v2_TLC555,ch2,origplant,soil_moisture,1375,,,OK,,,986.2,,name=classic;level=overwatered;role=disp;spread=29;gpio=34;device_seq=80218;time_source=device_synced;device_timestamp_utc=2026-07-28T13:19:20.483Z;config_id=257fa022;rssi=-61;uptime_s=601650;heap=195900;cal_tier=channel-cal;cal_src=wet_rederive_1236_20260719;pressure_context_source=weather_openmeteo;transport=wifi_poll,
plants.soil,2026-07-28T13:19:35.605Z,2026-07-28 08:19:35.605,26514,6762df,y9d41p,0.7.3,fleet_logger_0_1,601650041,UMLIFE_v2_TLC555,ch3,origplant,soil_moisture,1459,,,OK,,,986.2,,name=classic;level=well watered;role=disp;spread=24;gpio=35;device_seq=80219;time_source=device_synced;device_timestamp_utc=2026-07-28T13:19:20.483Z;config_id=257fa022;rssi=-61;uptime_s=601650;heap=195900;cal_tier=channel-cal;cal_src=wet_rederive_1236_20260719;pressure_context_source=weather_openmeteo;transport=wifi_poll,
plants.env,2026-07-28T13:19:35.605Z,2026-07-28 08:19:35.605,26515,6762df,y9d41p,0.7.3,fleet_logger_0_1,601650796,ESP32,esp32_die,on_chip,die_temp,,52.78,degC,OK,,,,,name=classic;source=esp32_die;cal=uncalibrated_board_proxy;api=temperatureRead;config_id=257fa022;transport=wifi_poll,
plants.soil,2026-07-28T13:20:06.024Z,2026-07-28 08:20:06.024,26516,6762df,y9d41p,0.7.3,fleet_logger_0_1,601680041,UMLIFE_v2_TLC555,ch0,origplant,soil_moisture,1566,,,OK,,,986.2,,name=classic;level=well watered;role=disp;spread=40;gpio=36;device_seq=80220;time_source=device_synced;device_timestamp_utc=2026-07-28T13:19:50.483Z;config_id=257fa022;rssi=-62;uptime_s=601680;heap=193372;cal_tier=channel-cal;cal_src=wet_rederive_1236_20260719;pressure_context_source=weather_openmeteo;transport=wifi_poll,
plants.soil,2026-07-28T13:20:06.024Z,2026-07-28 08:20:06.024,26517,6762df,y9d41p,0.7.3,fleet_logger_0_1,601680041,UMLIFE_v2_TLC555,ch1,origplant,soil_moisture,1700,,,OK,,,986.2,,name=classic;level=OK;role=disp;spread=43;gpio=39;device_seq=80221;time_source=device_synced;device_timestamp_utc=2026-07-28T13:19:50.483Z;config_id=257fa022;rssi=-62;uptime_s=601680;heap=193372;cal_tier=channel-cal;cal_src=wet_rederive_1236_20260719;pressure_context_source=weather_openmeteo;transport=wifi_poll,
plants.soil,2026-07-28T13:20:06.024Z,2026-07-28 08:20:06.024,26518,6762df,y9d41p,0.7.3,fleet_logger_0_1,601680041,UMLIFE_v2_TLC555,ch2,origplant,soil_moisture,1349,,,OK,,,986.2,,name=classic;level=overwatered;role=disp;spread=37;gpio=34;device_seq=80222;time_source=device_synced;device_timestamp_utc=2026-07-28T13:19:50.483Z;config_id=257fa022;rssi=-62;uptime_s=601680;heap=193372;cal_tier=channel-cal;cal_src=wet_rederive_1236_20260719;pressure_context_source=weather_openmeteo;transport=wifi_poll,
plants.soil,2026-07-28T13:20:06.024Z,2026-07-28 08:20:06.024,26519,6762df,y9d41p,0.7.3,fleet_logger_0_1,601680041,UMLIFE_v2_TLC555,ch3,origplant,soil_moisture,1434,,,OK,,,986.2,,name=classic;level=well watered;role=disp;spread=13;gpio=35;device_seq=80223;time_source=device_synced;device_timestamp_utc=2026-07-28T13:19:50.483Z;config_id=257fa022;rssi=-62;uptime_s=601680;heap=193372;cal_tier=channel-cal;cal_src=wet_rederive_1236_20260719;pressure_context_source=weather_openmeteo;transport=wifi_poll,
plants.env,2026-07-28T13:20:06.024Z,2026-07-28 08:20:06.024,26520,6762df,y9d41p,0.7.3,fleet_logger_0_1,601680797,ESP32,esp32_die,on_chip,die_temp,,52.78,degC,OK,,,,,name=classic;source=esp32_die;cal=uncalibrated_board_proxy;api=temperatureRead;config_id=257fa022;transport=wifi_poll,
plants.soil,2026-07-28T13:20:36.456Z,2026-07-28 08:20:36.456,26521,6762df,y9d41p,0.7.3,fleet_logger_0_1,601710041,UMLIFE_v2_TLC555,ch0,origplant,soil_moisture,1569,,,OK,,,986.2,,name=classic;level=well watered;role=disp;spread=28;gpio=36;device_seq=80224;time_source=device_synced;device_timestamp_utc=2026-07-28T13:20:20.483Z;config_id=257fa022;rssi=-61;uptime_s=601710;heap=195648;cal_tier=channel-cal;cal_src=wet_rederive_1236_20260719;pressure_context_source=weather_openmeteo;transport=wifi_poll,
plants.soil,2026-07-28T13:20:36.456Z,2026-07-28 08:20:36.456,26522,6762df,y9d41p,0.7.3,fleet_logger_0_1,601710041,UMLIFE_v2_TLC555,ch1,origplant,soil_moisture,1692,,,OK,,,986.2,,name=classic;level=OK;role=disp;spread=59;gpio=39;device_seq=80225;time_source=device_synced;device_timestamp_utc=2026-07-28T13:20:20.483Z;config_id=257fa022;rssi=-61;uptime_s=601710;heap=195648;cal_tier=channel-cal;cal_src=wet_rederive_1236_20260719;pressure_context_source=weather_openmeteo;transport=wifi_poll,
plants.soil,2026-07-28T13:20:36.456Z,2026-07-28 08:20:36.456,26523,6762df,y9d41p,0.7.3,fleet_logger_0_1,601710041,UMLIFE_v2_TLC555,ch2,origplant,soil_moisture,1352,,,OK,,,986.2,,name=classic;level=overwatered;role=disp;spread=50;gpio=34;device_seq=80226;time_source=device_synced;device_timestamp_utc=2026-07-28T13:20:20.483Z;config_id=257fa022;rssi=-61;uptime_s=601710;heap=195648;cal_tier=channel-cal;cal_src=wet_rederive_1236_20260719;pressure_context_source=weather_openmeteo;transport=wifi_poll,
plants.soil,2026-07-28T13:20:36.456Z,2026-07-28 08:20:36.456,26524,6762df,y9d41p,0.7.3,fleet_logger_0_1,601710041,UMLIFE_v2_TLC555,ch3,origplant,soil_moisture,1454,,,OK,,,986.2,,name=classic;level=well watered;role=disp;spread=12;gpio=35;device_seq=80227;time_source=device_synced;device_timestamp_utc=2026-07-28T13:20:20.483Z;config_id=257fa022;rssi=-61;uptime_s=601710;heap=195648;cal_tier=channel-cal;cal_src=wet_rederive_1236_20260719;pressure_context_source=weather_openmeteo;transport=wifi_poll,
plants.env,2026-07-28T13:20:36.456Z,2026-07-28 08:20:36.456,26525,6762df,y9d41p,0.7.3,fleet_logger_0_1,601710796,ESP32,esp32_die,on_chip,die_temp,,53.33,degC,OK,,,,,name=classic;source=esp32_die;cal=uncalibrated_board_proxy;api=temperatureRead;config_id=257fa022;transport=wifi_poll,
plants.soil,2026-07-28T13:21:07.052Z,2026-07-28 08:21:07.052,26526,6762df,y9d41p,0.7.3,fleet_logger_0_1,601740041,UMLIFE_v2_TLC555,ch0,origplant,soil_moisture,1571,,,OK,,,986.2,,name=classic;level=well watered;role=disp;spread=26;gpio=36;device_seq=80228;time_source=device_synced;device_timestamp_utc=2026-07-28T13:20:50.483Z;config_id=257fa022;rssi=-62;uptime_s=601740;heap=195648;cal_tier=channel-cal;cal_src=wet_rederive_1236_20260719;pressure_context_source=weather_openmeteo;transport=wifi_poll,
plants.soil,2026-07-28T13:21:07.052Z,2026-07-28 08:21:07.052,26527,6762df,y9d41p,0.7.3,fleet_logger_0_1,601740041,UMLIFE_v2_TLC555,ch1,origplant,soil_moisture,1718,,,OK,,,986.2,,name=classic;level=OK;role=disp;spread=11;gpio=39;device_seq=80229;time_source=device_synced;device_timestamp_utc=2026-07-28T13:20:50.483Z;config_id=257fa022;rssi=-62;uptime_s=601740;heap=195648;cal_tier=channel-cal;cal_src=wet_rederive_1236_20260719;pressure_context_source=weather_openmeteo;transport=wifi_poll,
plants.soil,2026-07-28T13:21:07.052Z,2026-07-28 08:21:07.052,26528,6762df,y9d41p,0.7.3,fleet_logger_0_1,601740041,UMLIFE_v2_TLC555,ch2,origplant,soil_moisture,1371,,,OK,,,986.2,,name=classic;level=overwatered;role=disp;spread=35;gpio=34;device_seq=80230;time_source=device_synced;device_timestamp_utc=2026-07-28T13:20:50.483Z;config_id=257fa022;rssi=-62;uptime_s=601740;heap=195648;cal_tier=channel-cal;cal_src=wet_rederive_1236_20260719;pressure_context_source=weather_openmeteo;transport=wifi_poll,
plants.soil,2026-07-28T13:21:07.052Z,2026-07-28 08:21:07.052,26529,6762df,y9d41p,0.7.3,fleet_logger_0_1,601740041,UMLIFE_v2_TLC555,ch3,origplant,soil_moisture,1461,,,OK,,,986.2,,name=classic;level=well watered;role=disp;spread=26;gpio=35;device_seq=80231;time_source=device_synced;device_timestamp_utc=2026-07-28T13:20:50.483Z;config_id=257fa022;rssi=-62;uptime_s=601740;heap=195648;cal_tier=channel-cal;cal_src=wet_rederive_1236_20260719;pressure_context_source=weather_openmeteo;transport=wifi_poll,
plants.env,2026-07-28T13:21:07.052Z,2026-07-28 08:21:07.052,26530,6762df,y9d41p,0.7.3,fleet_logger_0_1,601740796,ESP32,esp32_die,on_chip,die_temp,,52.78,degC,OK,,,,,name=classic;source=esp32_die;cal=uncalibrated_board_proxy;api=temperatureRead;config_id=257fa022;transport=wifi_poll,
plants.soil,2026-07-28T13:21:37.379Z,2026-07-28 08:21:37.379,26531,6762df,y9d41p,0.7.3,fleet_logger_0_1,601770041,UMLIFE_v2_TLC555,ch0,origplant,soil_moisture,1564,,,OK,,,986.2,,name=classic;level=well watered;role=disp;spread=33;gpio=36;device_seq=80232;time_source=device_synced;device_timestamp_utc=2026-07-28T13:21:20.483Z;config_id=257fa022;rssi=-72;uptime_s=601770;heap=195896;cal_tier=channel-cal;cal_src=wet_rederive_1236_20260719;pressure_context_source=weather_openmeteo;transport=wifi_poll,
plants.soil,2026-07-28T13:21:37.379Z,2026-07-28 08:21:37.379,26532,6762df,y9d41p,0.7.3,fleet_logger_0_1,601770041,UMLIFE_v2_TLC555,ch1,origplant,soil_moisture,1701,,,OK,,,986.2,,name=classic;level=OK;role=disp;spread=59;gpio=39;device_seq=80233;time_source=device_synced;device_timestamp_utc=2026-07-28T13:21:20.483Z;config_id=257fa022;rssi=-72;uptime_s=601770;heap=195896;cal_tier=channel-cal;cal_src=wet_rederive_1236_20260719;pressure_context_source=weather_openmeteo;transport=wifi_poll,
plants.soil,2026-07-28T13:21:37.379Z,2026-07-28 08:21:37.379,26533,6762df,y9d41p,0.7.3,fleet_logger_0_1,601770041,UMLIFE_v2_TLC555,ch2,origplant,soil_moisture,1351,,,OK,,,986.2,,name=classic;level=overwatered;role=disp;spread=44;gpio=34;device_seq=80234;time_source=device_synced;device_timestamp_utc=2026-07-28T13:21:20.483Z;config_id=257fa022;rssi=-72;uptime_s=601770;heap=195896;cal_tier=channel-cal;cal_src=wet_rederive_1236_20260719;pressure_context_source=weather_openmeteo;transport=wifi_poll,
plants.soil,2026-07-28T13:21:37.379Z,2026-07-28 08:21:37.379,26534,6762df,y9d41p,0.7.3,fleet_logger_0_1,601770041,UMLIFE_v2_TLC555,ch3,origplant,soil_moisture,1431,,,OK,,,986.2,,name=classic;level=well watered;role=disp;spread=31;gpio=35;device_seq=80235;time_source=device_synced;device_timestamp_utc=2026-07-28T13:21:20.483Z;config_id=257fa022;rssi=-72;uptime_s=601770;heap=195896;cal_tier=channel-cal;cal_src=wet_rederive_1236_20260719;pressure_context_source=weather_openmeteo;transport=wifi_poll,
plants.env,2026-07-28T13:21:37.379Z,2026-07-28 08:21:37.379,26535,6762df,y9d41p,0.7.3,fleet_logger_0_1,601770796,ESP32,esp32_die,on_chip,die_temp,,53.33,degC,OK,,,,,name=classic;source=esp32_die;cal=uncalibrated_board_proxy;api=temperatureRead;config_id=257fa022;transport=wifi_poll,
plants.soil,2026-07-28T13:22:07.984Z,2026-07-28 08:22:07.984,26536,6762df,y9d41p,0.7.3,fleet_logger_0_1,601800041,UMLIFE_v2_TLC555,ch0,origplant,soil_moisture,1562,,,OK,,,986.2,,name=classic;level=well watered;role=disp;spread=35;gpio=36;device_seq=80236;time_source=device_synced;device_timestamp_utc=2026-07-28T13:21:50.483Z;config_id=257fa022;rssi=-63;uptime_s=601800;heap=195908;cal_tier=channel-cal;cal_src=wet_rederive_1236_20260719;pressure_context_source=weather_openmeteo;transport=wifi_poll,
plants.soil,2026-07-28T13:22:07.984Z,2026-07-28 08:22:07.984,26537,6762df,y9d41p,0.7.3,fleet_logger_0_1,601800041,UMLIFE_v2_TLC555,ch1,origplant,soil_moisture,1695,,,OK,,,986.2,,name=classic;level=OK;role=disp;spread=25;gpio=39;device_seq=80237;time_source=device_synced;device_timestamp_utc=2026-07-28T13:21:50.483Z;config_id=257fa022;rssi=-63;uptime_s=601800;heap=195908;cal_tier=channel-cal;cal_src=wet_rederive_1236_20260719;pressure_context_source=weather_openmeteo;transport=wifi_poll,
plants.soil,2026-07-28T13:22:07.984Z,2026-07-28 08:22:07.984,26538,6762df,y9d41p,0.7.3,fleet_logger_0_1,601800041,UMLIFE_v2_TLC555,ch2,origplant,soil_moisture,1364,,,OK,,,986.2,,name=classic;level=overwatered;role=disp;spread=46;gpio=34;device_seq=80238;time_source=device_synced;device_timestamp_utc=2026-07-28T13:21:50.483Z;config_id=257fa022;rssi=-63;uptime_s=601800;heap=195908;cal_tier=channel-cal;cal_src=wet_rederive_1236_20260719;pressure_context_source=weather_openmeteo;transport=wifi_poll,
plants.soil,2026-07-28T13:22:07.984Z,2026-07-28 08:22:07.984,26539,6762df,y9d41p,0.7.3,fleet_logger_0_1,601800041,UMLIFE_v2_TLC555,ch3,origplant,soil_moisture,1458,,,OK,,,986.2,,name=classic;level=well watered;role=disp;spread=18;gpio=35;device_seq=80239;time_source=device_synced;device_timestamp_utc=2026-07-28T13:21:50.483Z;config_id=257fa022;rssi=-63;uptime_s=601800;heap=195908;cal_tier=channel-cal;cal_src=wet_rederive_1236_20260719;pressure_context_source=weather_openmeteo;transport=wifi_poll,
plants.env,2026-07-28T13:22:07.984Z,2026-07-28 08:22:07.984,26540,6762df,y9d41p,0.7.3,fleet_logger_0_1,601801863,ESP32,esp32_die,on_chip,die_temp,,53.33,degC,OK,,,,,name=classic;source=esp32_die;cal=uncalibrated_board_proxy;api=temperatureRead;config_id=257fa022;transport=wifi_poll,
plants.soil,2026-07-28T13:22:38.207Z,2026-07-28 08:22:38.207,26541,6762df,y9d41p,0.7.3,fleet_logger_0_1,601830041,UMLIFE_v2_TLC555,ch0,origplant,soil_moisture,1563,,,OK,,,986.2,,name=classic;level=well watered;role=disp;spread=23;gpio=36;device_seq=80240;time_source=device_synced;device_timestamp_utc=2026-07-28T13:22:20.483Z;config_id=257fa022;rssi=-62;uptime_s=601830;heap=195904;cal_tier=channel-cal;cal_src=wet_rederive_1236_20260719;pressure_context_source=weather_openmeteo;transport=wifi_poll,
plants.soil,2026-07-28T13:22:38.207Z,2026-07-28 08:22:38.207,26542,6762df,y9d41p,0.7.3,fleet_logger_0_1,601830041,UMLIFE_v2_TLC555,ch1,origplant,soil_moisture,1701,,,OK,,,986.2,,name=classic;level=OK;role=disp;spread=20;gpio=39;device_seq=80241;time_source=device_synced;device_timestamp_utc=2026-07-28T13:22:20.483Z;config_id=257fa022;rssi=-62;uptime_s=601830;heap=195904;cal_tier=channel-cal;cal_src=wet_rederive_1236_20260719;pressure_context_source=weather_openmeteo;transport=wifi_poll,
plants.soil,2026-07-28T13:22:38.207Z,2026-07-28 08:22:38.207,26543,6762df,y9d41p,0.7.3,fleet_logger_0_1,601830041,UMLIFE_v2_TLC555,ch2,origplant,soil_moisture,1351,,,OK,,,986.2,,name=classic;level=overwatered;role=disp;spread=31;gpio=34;device_seq=80242;time_source=device_synced;device_timestamp_utc=2026-07-28T13:22:20.483Z;config_id=257fa022;rssi=-62;uptime_s=601830;heap=195904;cal_tier=channel-cal;cal_src=wet_rederive_1236_20260719;pressure_context_source=weather_openmeteo;transport=wifi_poll,
plants.soil,2026-07-28T13:22:38.207Z,2026-07-28 08:22:38.207,26544,6762df,y9d41p,0.7.3,fleet_logger_0_1,601830041,UMLIFE_v2_TLC555,ch3,origplant,soil_moisture,1427,,,OK,,,986.2,,name=classic;level=well watered;role=disp;spread=28;gpio=35;device_seq=80243;time_source=device_synced;device_timestamp_utc=2026-07-28T13:22:20.483Z;config_id=257fa022;rssi=-62;uptime_s=601830;heap=195904;cal_tier=channel-cal;cal_src=wet_rederive_1236_20260719;pressure_context_source=weather_openmeteo;transport=wifi_poll,
plants.env,2026-07-28T13:22:38.207Z,2026-07-28 08:22:38.207,26545,6762df,y9d41p,0.7.3,fleet_logger_0_1,601830796,ESP32,esp32_die,on_chip,die_temp,,53.33,degC,OK,,,,,name=classic;source=esp32_die;cal=uncalibrated_board_proxy;api=temperatureRead;config_id=257fa022;transport=wifi_poll,
plants.soil,2026-07-28T13:23:08.516Z,2026-07-28 08:23:08.516,26546,6762df,y9d41p,0.7.3,fleet_logger_0_1,601860041,UMLIFE_v2_TLC555,ch0,origplant,soil_moisture,1561,,,OK,,,986.2,,name=classic;level=well watered;role=disp;spread=22;gpio=36;device_seq=80244;time_source=device_synced;device_timestamp_utc=2026-07-28T13:22:50.483Z;config_id=257fa022;rssi=-62;uptime_s=601860;heap=195908;cal_tier=channel-cal;cal_src=wet_rederive_1236_20260719;pressure_context_source=weather_openmeteo;transport=wifi_poll,
plants.soil,2026-07-28T13:23:08.516Z,2026-07-28 08:23:08.516,26547,6762df,y9d41p,0.7.3,fleet_logger_0_1,601860041,UMLIFE_v2_TLC555,ch1,origplant,soil_moisture,1702,,,OK,,,986.2,,name=classic;level=OK;role=disp;spread=22;gpio=39;device_seq=80245;time_source=device_synced;device_timestamp_utc=2026-07-28T13:22:50.483Z;config_id=257fa022;rssi=-62;uptime_s=601860;heap=195908;cal_tier=channel-cal;cal_src=wet_rederive_1236_20260719;pressure_context_source=weather_openmeteo;transport=wifi_poll,
plants.soil,2026-07-28T13:23:08.516Z,2026-07-28 08:23:08.516,26548,6762df,y9d41p,0.7.3,fleet_logger_0_1,601860041,UMLIFE_v2_TLC555,ch2,origplant,soil_moisture,1365,,,OK,,,986.2,,name=classic;level=overwatered;role=disp;spread=40;gpio=34;device_seq=80246;time_source=device_synced;device_timestamp_utc=2026-07-28T13:22:50.483Z;config_id=257fa022;rssi=-62;uptime_s=601860;heap=195908;cal_tier=channel-cal;cal_src=wet_rederive_1236_20260719;pressure_context_source=weather_openmeteo;transport=wifi_poll,
plants.soil,2026-07-28T13:23:08.516Z,2026-07-28 08:23:08.516,26549,6762df,y9d41p,0.7.3,fleet_logger_0_1,601860041,UMLIFE_v2_TLC555,ch3,origplant,soil_moisture,1451,,,OK,,,986.2,,name=classic;level=well watered;role=disp;spread=10;gpio=35;device_seq=80247;time_source=device_synced;device_timestamp_utc=2026-07-28T13:22:50.483Z;config_id=257fa022;rssi=-62;uptime_s=601860;heap=195908;cal_tier=channel-cal;cal_src=wet_rederive_1236_20260719;pressure_context_source=weather_openmeteo;transport=wifi_poll,
plants.env,2026-07-28T13:23:08.516Z,2026-07-28 08:23:08.516,26550,6762df,y9d41p,0.7.3,fleet_logger_0_1,601860796,ESP32,esp32_die,on_chip,die_temp,,52.22,degC,OK,,,,,name=classic;source=esp32_die;cal=uncalibrated_board_proxy;api=temperatureRead;config_id=257fa022;transport=wifi_poll,
plants.soil,2026-07-28T13:23:39.009Z,2026-07-28 08:23:39.009,26551,6762df,y9d41p,0.7.3,fleet_logger_0_1,601890041,UMLIFE_v2_TLC555,ch0,origplant,soil_moisture,1558,,,OK,,,986.2,,name=classic;level=well watered;role=disp;spread=29;gpio=36;device_seq=80248;time_source=device_synced;device_timestamp_utc=2026-07-28T13:23:20.483Z;config_id=257fa022;rssi=-62;uptime_s=601890;heap=195628;cal_tier=channel-cal;cal_src=wet_rederive_1236_20260719;pressure_context_source=weather_openmeteo;transport=wifi_poll,
plants.soil,2026-07-28T13:23:39.009Z,2026-07-28 08:23:39.009,26552,6762df,y9d41p,0.7.3,fleet_logger_0_1,601890041,UMLIFE_v2_TLC555,ch1,origplant,soil_moisture,1695,,,OK,,,986.2,,name=classic;level=OK;role=disp;spread=42;gpio=39;device_seq=80249;time_source=device_synced;device_timestamp_utc=2026-07-28T13:23:20.483Z;config_id=257fa022;rssi=-62;uptime_s=601890;heap=195628;cal_tier=channel-cal;cal_src=wet_rederive_1236_20260719;pressure_context_source=weather_openmeteo;transport=wifi_poll,
plants.soil,2026-07-28T13:23:39.009Z,2026-07-28 08:23:39.009,26553,6762df,y9d41p,0.7.3,fleet_logger_0_1,601890041,UMLIFE_v2_TLC555,ch2,origplant,soil_moisture,1350,,,OK,,,986.2,,name=classic;level=overwatered;role=disp;spread=66;gpio=34;device_seq=80250;time_source=device_synced;device_timestamp_utc=2026-07-28T13:23:20.483Z;config_id=257fa022;rssi=-62;uptime_s=601890;heap=195628;cal_tier=channel-cal;cal_src=wet_rederive_1236_20260719;pressure_context_source=weather_openmeteo;transport=wifi_poll,
plants.soil,2026-07-28T13:23:39.009Z,2026-07-28 08:23:39.009,26554,6762df,y9d41p,0.7.3,fleet_logger_0_1,601890041,UMLIFE_v2_TLC555,ch3,origplant,soil_moisture,1443,,,OK,,,986.2,,name=classic;level=well watered;role=disp;spread=23;gpio=35;device_seq=80251;time_source=device_synced;device_timestamp_utc=2026-07-28T13:23:20.483Z;config_id=257fa022;rssi=-62;uptime_s=601890;heap=195628;cal_tier=channel-cal;cal_src=wet_rederive_1236_20260719;pressure_context_source=weather_openmeteo;transport=wifi_poll,
plants.env,2026-07-28T13:23:39.009Z,2026-07-28 08:23:39.009,26555,6762df,y9d41p,0.7.3,fleet_logger_0_1,601890796,ESP32,esp32_die,on_chip,die_temp,,52.78,degC,OK,,,,,name=classic;source=esp32_die;cal=uncalibrated_board_proxy;api=temperatureRead;config_id=257fa022;transport=wifi_poll,
plants.soil,2026-07-28T13:24:09.408Z,2026-07-28 08:24:09.408,26556,6762df,y9d41p,0.7.3,fleet_logger_0_1,601920041,UMLIFE_v2_TLC555,ch0,origplant,soil_moisture,1565,,,OK,,,986.2,,name=classic;level=well watered;role=disp;spread=23;gpio=36;device_seq=80252;time_source=device_synced;device_timestamp_utc=2026-07-28T13:23:50.483Z;config_id=257fa022;rssi=-63;uptime_s=601920;heap=195636;cal_tier=channel-cal;cal_src=wet_rederive_1236_20260719;pressure_context_source=weather_openmeteo;transport=wifi_poll,
plants.soil,2026-07-28T13:24:09.408Z,2026-07-28 08:24:09.408,26557,6762df,y9d41p,0.7.3,fleet_logger_0_1,601920041,UMLIFE_v2_TLC555,ch1,origplant,soil_moisture,1696,,,OK,,,986.2,,name=classic;level=OK;role=disp;spread=38;gpio=39;device_seq=80253;time_source=device_synced;device_timestamp_utc=2026-07-28T13:23:50.483Z;config_id=257fa022;rssi=-63;uptime_s=601920;heap=195636;cal_tier=channel-cal;cal_src=wet_rederive_1236_20260719;pressure_context_source=weather_openmeteo;transport=wifi_poll,
plants.soil,2026-07-28T13:24:09.408Z,2026-07-28 08:24:09.408,26558,6762df,y9d41p,0.7.3,fleet_logger_0_1,601920041,UMLIFE_v2_TLC555,ch2,origplant,soil_moisture,1347,,,OK,,,986.2,,name=classic;level=overwatered;role=disp;spread=46;gpio=34;device_seq=80254;time_source=device_synced;device_timestamp_utc=2026-07-28T13:23:50.483Z;config_id=257fa022;rssi=-63;uptime_s=601920;heap=195636;cal_tier=channel-cal;cal_src=wet_rederive_1236_20260719;pressure_context_source=weather_openmeteo;transport=wifi_poll,
plants.soil,2026-07-28T13:24:09.408Z,2026-07-28 08:24:09.408,26559,6762df,y9d41p,0.7.3,fleet_logger_0_1,601920041,UMLIFE_v2_TLC555,ch3,origplant,soil_moisture,1434,,,OK,,,986.2,,name=classic;level=well watered;role=disp;spread=31;gpio=35;device_seq=80255;time_source=device_synced;device_timestamp_utc=2026-07-28T13:23:50.483Z;config_id=257fa022;rssi=-63;uptime_s=601920;heap=195636;cal_tier=channel-cal;cal_src=wet_rederive_1236_20260719;pressure_context_source=weather_openmeteo;transport=wifi_poll,
plants.env,2026-07-28T13:24:09.408Z,2026-07-28 08:24:09.408,26560,6762df,y9d41p,0.7.3,fleet_logger_0_1,601920796,ESP32,esp32_die,on_chip,die_temp,,52.78,degC,OK,,,,,name=classic;source=esp32_die;cal=uncalibrated_board_proxy;api=temperatureRead;config_id=257fa022;transport=wifi_poll,
plants.soil,2026-07-28T13:24:39.734Z,2026-07-28 08:24:39.734,26561,6762df,y9d41p,0.7.3,fleet_logger_0_1,601950041,UMLIFE_v2_TLC555,ch0,origplant,soil_moisture,1567,,,OK,,,986.2,,name=classic;level=well watered;role=disp;spread=42;gpio=36;device_seq=80256;time_source=device_synced;device_timestamp_utc=2026-07-28T13:24:20.483Z;config_id=257fa022;rssi=-62;uptime_s=601950;heap=195892;cal_tier=channel-cal;cal_src=wet_rederive_1236_20260719;pressure_context_source=weather_openmeteo;transport=wifi_poll,
plants.soil,2026-07-28T13:24:39.734Z,2026-07-28 08:24:39.734,26562,6762df,y9d41p,0.7.3,fleet_logger_0_1,601950041,UMLIFE_v2_TLC555,ch1,origplant,soil_moisture,1701,,,OK,,,986.2,,name=classic;level=OK;role=disp;spread=39;gpio=39;device_seq=80257;time_source=device_synced;device_timestamp_utc=2026-07-28T13:24:20.483Z;config_id=257fa022;rssi=-62;uptime_s=601950;heap=195892;cal_tier=channel-cal;cal_src=wet_rederive_1236_20260719;pressure_context_source=weather_openmeteo;transport=wifi_poll,
plants.soil,2026-07-28T13:24:39.734Z,2026-07-28 08:24:39.734,26563,6762df,y9d41p,0.7.3,fleet_logger_0_1,601950041,UMLIFE_v2_TLC555,ch2,origplant,soil_moisture,1349,,,OK,,,986.2,,name=classic;level=overwatered;role=disp;spread=35;gpio=34;device_seq=80258;time_source=device_synced;device_timestamp_utc=2026-07-28T13:24:20.483Z;config_id=257fa022;rssi=-62;uptime_s=601950;heap=195892;cal_tier=channel-cal;cal_src=wet_rederive_1236_20260719;pressure_context_source=weather_openmeteo;transport=wifi_poll,
plants.soil,2026-07-28T13:24:39.734Z,2026-07-28 08:24:39.734,26564,6762df,y9d41p,0.7.3,fleet_logger_0_1,601950041,UMLIFE_v2_TLC555,ch3,origplant,soil_moisture,1427,,,OK,,,986.2,,name=classic;level=well watered;role=disp;spread=21;gpio=35;device_seq=80259;time_source=device_synced;device_timestamp_utc=2026-07-28T13:24:20.483Z;config_id=257fa022;rssi=-62;uptime_s=601950;heap=195892;cal_tier=channel-cal;cal_src=wet_rederive_1236_20260719;pressure_context_source=weather_openmeteo;transport=wifi_poll,
plants.env,2026-07-28T13:24:39.734Z,2026-07-28 08:24:39.734,26565,6762df,y9d41p,0.7.3,fleet_logger_0_1,601950796,ESP32,esp32_die,on_chip,die_temp,,52.78,degC,OK,,,,,name=classic;source=esp32_die;cal=uncalibrated_board_proxy;api=temperatureRead;config_id=257fa022;transport=wifi_poll,
plants.soil,2026-07-28T13:25:10.265Z,2026-07-28 08:25:10.265,26566,6762df,y9d41p,0.7.3,fleet_logger_0_1,601980041,UMLIFE_v2_TLC555,ch0,origplant,soil_moisture,1562,,,OK,,,986.2,,name=classic;level=well watered;role=disp;spread=26;gpio=36;device_seq=80260;time_source=device_synced;device_timestamp_utc=2026-07-28T13:24:50.483Z;config_id=257fa022;rssi=-63;uptime_s=601980;heap=195908;cal_tier=channel-cal;cal_src=wet_rederive_1236_20260719;pressure_context_source=weather_openmeteo;transport=wifi_poll,
plants.soil,2026-07-28T13:25:10.265Z,2026-07-28 08:25:10.265,26567,6762df,y9d41p,0.7.3,fleet_logger_0_1,601980041,UMLIFE_v2_TLC555,ch1,origplant,soil_moisture,1696,,,OK,,,986.2,,name=classic;level=OK;role=disp;spread=30;gpio=39;device_seq=80261;time_source=device_synced;device_timestamp_utc=2026-07-28T13:24:50.483Z;config_id=257fa022;rssi=-63;uptime_s=601980;heap=195908;cal_tier=channel-cal;cal_src=wet_rederive_1236_20260719;pressure_context_source=weather_openmeteo;transport=wifi_poll,
plants.soil,2026-07-28T13:25:10.265Z,2026-07-28 08:25:10.265,26568,6762df,y9d41p,0.7.3,fleet_logger_0_1,601980041,UMLIFE_v2_TLC555,ch2,origplant,soil_moisture,1347,,,OK,,,986.2,,name=classic;level=overwatered;role=disp;spread=29;gpio=34;device_seq=80262;time_source=device_synced;device_timestamp_utc=2026-07-28T13:24:50.483Z;config_id=257fa022;rssi=-63;uptime_s=601980;heap=195908;cal_tier=channel-cal;cal_src=wet_rederive_1236_20260719;pressure_context_source=weather_openmeteo;transport=wifi_poll,
plants.soil,2026-07-28T13:25:10.265Z,2026-07-28 08:25:10.265,26569,6762df,y9d41p,0.7.3,fleet_logger_0_1,601980041,UMLIFE_v2_TLC555,ch3,origplant,soil_moisture,1429,,,OK,,,986.2,,name=classic;level=well watered;role=disp;spread=31;gpio=35;device_seq=80263;time_source=device_synced;device_timestamp_utc=2026-07-28T13:24:50.483Z;config_id=257fa022;rssi=-63;uptime_s=601980;heap=195908;cal_tier=channel-cal;cal_src=wet_rederive_1236_20260719;pressure_context_source=weather_openmeteo;transport=wifi_poll,
plants.env,2026-07-28T13:25:10.265Z,2026-07-28 08:25:10.265,26570,6762df,y9d41p,0.7.3,fleet_logger_0_1,601980796,ESP32,esp32_die,on_chip,die_temp,,52.78,degC,OK,,,,,name=classic;source=esp32_die;cal=uncalibrated_board_proxy;api=temperatureRead;config_id=257fa022;transport=wifi_poll,
plants.soil,2026-07-28T13:25:40.662Z,2026-07-28 08:25:40.662,26571,6762df,y9d41p,0.7.3,fleet_logger_0_1,602010041,UMLIFE_v2_TLC555,ch0,origplant,soil_moisture,1563,,,OK,,,986.2,,name=classic;level=well watered;role=disp;spread=47;gpio=36;device_seq=80264;time_source=device_synced;device_timestamp_utc=2026-07-28T13:25:20.483Z;config_id=257fa022;rssi=-62;uptime_s=602010;heap=195908;cal_tier=channel-cal;cal_src=wet_rederive_1236_20260719;pressure_context_source=weather_openmeteo;transport=wifi_poll,
plants.soil,2026-07-28T13:25:40.662Z,2026-07-28 08:25:40.662,26572,6762df,y9d41p,0.7.3,fleet_logger_0_1,602010041,UMLIFE_v2_TLC555,ch1,origplant,soil_moisture,1696,,,OK,,,986.2,,name=classic;level=OK;role=disp;spread=38;gpio=39;device_seq=80265;time_source=device_synced;device_timestamp_utc=2026-07-28T13:25:20.483Z;config_id=257fa022;rssi=-62;uptime_s=602010;heap=195908;cal_tier=channel-cal;cal_src=wet_rederive_1236_20260719;pressure_context_source=weather_openmeteo;transport=wifi_poll,
plants.soil,2026-07-28T13:25:40.662Z,2026-07-28 08:25:40.662,26573,6762df,y9d41p,0.7.3,fleet_logger_0_1,602010041,UMLIFE_v2_TLC555,ch2,origplant,soil_moisture,1354,,,OK,,,986.2,,name=classic;level=overwatered;role=disp;spread=31;gpio=34;device_seq=80266;time_source=device_synced;device_timestamp_utc=2026-07-28T13:25:20.483Z;config_id=257fa022;rssi=-62;uptime_s=602010;heap=195908;cal_tier=channel-cal;cal_src=wet_rederive_1236_20260719;pressure_context_source=weather_openmeteo;transport=wifi_poll,
plants.soil,2026-07-28T13:25:40.662Z,2026-07-28 08:25:40.662,26574,6762df,y9d41p,0.7.3,fleet_logger_0_1,602010041,UMLIFE_v2_TLC555,ch3,origplant,soil_moisture,1433,,,OK,,,986.2,,name=classic;level=well watered;role=disp;spread=15;gpio=35;device_seq=80267;time_source=device_synced;device_timestamp_utc=2026-07-28T13:25:20.483Z;config_id=257fa022;rssi=-62;uptime_s=602010;heap=195908;cal_tier=channel-cal;cal_src=wet_rederive_1236_20260719;pressure_context_source=weather_openmeteo;transport=wifi_poll,
plants.env,2026-07-28T13:25:40.662Z,2026-07-28 08:25:40.662,26575,6762df,y9d41p,0.7.3,fleet_logger_0_1,602010797,ESP32,esp32_die,on_chip,die_temp,,53.33,degC,OK,,,,,name=classic;source=esp32_die;cal=uncalibrated_board_proxy;api=temperatureRead;config_id=257fa022;transport=wifi_poll,
plants.soil,2026-07-28T13:26:11.075Z,2026-07-28 08:26:11.075,26576,6762df,y9d41p,0.7.3,fleet_logger_0_1,602040041,UMLIFE_v2_TLC555,ch0,origplant,soil_moisture,1571,,,OK,,,986.2,,name=classic;level=well watered;role=disp;spread=35;gpio=36;device_seq=80268;time_source=device_synced;device_timestamp_utc=2026-07-28T13:25:50.483Z;config_id=257fa022;rssi=-63;uptime_s=602040;heap=195908;cal_tier=channel-cal;cal_src=wet_rederive_1236_20260719;pressure_context_source=weather_openmeteo;transport=wifi_poll,
plants.soil,2026-07-28T13:26:11.075Z,2026-07-28 08:26:11.075,26577,6762df,y9d41p,0.7.3,fleet_logger_0_1,602040041,UMLIFE_v2_TLC555,ch1,origplant,soil_moisture,1702,,,OK,,,986.2,,name=classic;level=OK;role=disp;spread=53;gpio=39;device_seq=80269;time_source=device_synced;device_timestamp_utc=2026-07-28T13:25:50.483Z;config_id=257fa022;rssi=-63;uptime_s=602040;heap=195908;cal_tier=channel-cal;cal_src=wet_rederive_1236_20260719;pressure_context_source=weather_openmeteo;transport=wifi_poll,
plants.soil,2026-07-28T13:26:11.075Z,2026-07-28 08:26:11.075,26578,6762df,y9d41p,0.7.3,fleet_logger_0_1,602040041,UMLIFE_v2_TLC555,ch2,origplant,soil_moisture,1348,,,OK,,,986.2,,name=classic;level=overwatered;role=disp;spread=29;gpio=34;device_seq=80270;time_source=device_synced;device_timestamp_utc=2026-07-28T13:25:50.483Z;config_id=257fa022;rssi=-63;uptime_s=602040;heap=195908;cal_tier=channel-cal;cal_src=wet_rederive_1236_20260719;pressure_context_source=weather_openmeteo;transport=wifi_poll,
plants.soil,2026-07-28T13:26:11.075Z,2026-07-28 08:26:11.075,26579,6762df,y9d41p,0.7.3,fleet_logger_0_1,602040041,UMLIFE_v2_TLC555,ch3,origplant,soil_moisture,1426,,,OK,,,986.2,,name=classic;level=well watered;role=disp;spread=21;gpio=35;device_seq=80271;time_source=device_synced;device_timestamp_utc=2026-07-28T13:25:50.483Z;config_id=257fa022;rssi=-63;uptime_s=602040;heap=195908;cal_tier=channel-cal;cal_src=wet_rederive_1236_20260719;pressure_context_source=weather_openmeteo;transport=wifi_poll,
plants.env,2026-07-28T13:26:11.075Z,2026-07-28 08:26:11.075,26580,6762df,y9d41p,0.7.3,fleet_logger_0_1,602040797,ESP32,esp32_die,on_chip,die_temp,,53.33,degC,OK,,,,,name=classic;source=esp32_die;cal=uncalibrated_board_proxy;api=temperatureRead;config_id=257fa022;transport=wifi_poll,
plants.soil,2026-07-28T13:26:41.468Z,2026-07-28 08:26:41.468,26581,6762df,y9d41p,0.7.3,fleet_logger_0_1,602070041,UMLIFE_v2_TLC555,ch0,origplant,soil_moisture,1572,,,OK,,,986.2,,name=classic;level=well watered;role=disp;spread=44;gpio=36;device_seq=80272;time_source=device_synced;device_timestamp_utc=2026-07-28T13:26:20.483Z;config_id=257fa022;rssi=-61;uptime_s=602070;heap=195648;cal_tier=channel-cal;cal_src=wet_rederive_1236_20260719;pressure_context_source=weather_openmeteo;transport=wifi_poll,
plants.soil,2026-07-28T13:26:41.468Z,2026-07-28 08:26:41.468,26582,6762df,y9d41p,0.7.3,fleet_logger_0_1,602070041,UMLIFE_v2_TLC555,ch1,origplant,soil_moisture,1702,,,OK,,,986.2,,name=classic;level=OK;role=disp;spread=49;gpio=39;device_seq=80273;time_source=device_synced;device_timestamp_utc=2026-07-28T13:26:20.483Z;config_id=257fa022;rssi=-61;uptime_s=602070;heap=195648;cal_tier=channel-cal;cal_src=wet_rederive_1236_20260719;pressure_context_source=weather_openmeteo;transport=wifi_poll,
plants.soil,2026-07-28T13:26:41.468Z,2026-07-28 08:26:41.468,26583,6762df,y9d41p,0.7.3,fleet_logger_0_1,602070041,UMLIFE_v2_TLC555,ch2,origplant,soil_moisture,1350,,,OK,,,986.2,,name=classic;level=overwatered;role=disp;spread=51;gpio=34;device_seq=80274;time_source=device_synced;device_timestamp_utc=2026-07-28T13:26:20.483Z;config_id=257fa022;rssi=-61;uptime_s=602070;heap=195648;cal_tier=channel-cal;cal_src=wet_rederive_1236_20260719;pressure_context_source=weather_openmeteo;transport=wifi_poll,
plants.soil,2026-07-28T13:26:41.468Z,2026-07-28 08:26:41.468,26584,6762df,y9d41p,0.7.3,fleet_logger_0_1,602070041,UMLIFE_v2_TLC555,ch3,origplant,soil_moisture,1430,,,OK,,,986.2,,name=classic;level=well watered;role=disp;spread=24;gpio=35;device_seq=80275;time_source=device_synced;device_timestamp_utc=2026-07-28T13:26:20.483Z;config_id=257fa022;rssi=-61;uptime_s=602070;heap=195648;cal_tier=channel-cal;cal_src=wet_rederive_1236_20260719;pressure_context_source=weather_openmeteo;transport=wifi_poll,
plants.env,2026-07-28T13:26:41.468Z,2026-07-28 08:26:41.468,26585,6762df,y9d41p,0.7.3,fleet_logger_0_1,602070797,ESP32,esp32_die,on_chip,die_temp,,52.78,degC,OK,,,,,name=classic;source=esp32_die;cal=uncalibrated_board_proxy;api=temperatureRead;config_id=257fa022;transport=wifi_poll,
plants.soil,2026-07-28T13:27:12.105Z,2026-07-28 08:27:12.105,26586,6762df,y9d41p,0.7.3,fleet_logger_0_1,602100041,UMLIFE_v2_TLC555,ch0,origplant,soil_moisture,1572,,,OK,,,986.8,,name=classic;level=well watered;role=disp;spread=49;gpio=36;device_seq=80276;time_source=device_synced;device_timestamp_utc=2026-07-28T13:26:50.483Z;config_id=257fa022;rssi=-63;uptime_s=602100;heap=195648;cal_tier=channel-cal;cal_src=wet_rederive_1236_20260719;pressure_context_source=weather_openmeteo;transport=wifi_poll,
plants.soil,2026-07-28T13:27:12.105Z,2026-07-28 08:27:12.105,26587,6762df,y9d41p,0.7.3,fleet_logger_0_1,602100041,UMLIFE_v2_TLC555,ch1,origplant,soil_moisture,1698,,,OK,,,986.8,,name=classic;level=OK;role=disp;spread=24;gpio=39;device_seq=80277;time_source=device_synced;device_timestamp_utc=2026-07-28T13:26:50.483Z;config_id=257fa022;rssi=-63;uptime_s=602100;heap=195648;cal_tier=channel-cal;cal_src=wet_rederive_1236_20260719;pressure_context_source=weather_openmeteo;transport=wifi_poll,
plants.soil,2026-07-28T13:27:12.105Z,2026-07-28 08:27:12.105,26588,6762df,y9d41p,0.7.3,fleet_logger_0_1,602100041,UMLIFE_v2_TLC555,ch2,origplant,soil_moisture,1353,,,OK,,,986.8,,name=classic;level=overwatered;role=disp;spread=17;gpio=34;device_seq=80278;time_source=device_synced;device_timestamp_utc=2026-07-28T13:26:50.483Z;config_id=257fa022;rssi=-63;uptime_s=602100;heap=195648;cal_tier=channel-cal;cal_src=wet_rederive_1236_20260719;pressure_context_source=weather_openmeteo;transport=wifi_poll,
plants.soil,2026-07-28T13:27:12.105Z,2026-07-28 08:27:12.105,26589,6762df,y9d41p,0.7.3,fleet_logger_0_1,602100041,UMLIFE_v2_TLC555,ch3,origplant,soil_moisture,1435,,,OK,,,986.8,,name=classic;level=well watered;role=disp;spread=21;gpio=35;device_seq=80279;time_source=device_synced;device_timestamp_utc=2026-07-28T13:26:50.483Z;config_id=257fa022;rssi=-63;uptime_s=602100;heap=195648;cal_tier=channel-cal;cal_src=wet_rederive_1236_20260719;pressure_context_source=weather_openmeteo;transport=wifi_poll,
plants.env,2026-07-28T13:27:12.105Z,2026-07-28 08:27:12.105,26590,6762df,y9d41p,0.7.3,fleet_logger_0_1,602100797,ESP32,esp32_die,on_chip,die_temp,,52.78,degC,OK,,,,,name=classic;source=esp32_die;cal=uncalibrated_board_proxy;api=temperatureRead;config_id=257fa022;transport=wifi_poll,
plants.soil,2026-07-28T13:27:42.367Z,2026-07-28 08:27:42.367,26591,6762df,y9d41p,0.7.3,fleet_logger_0_1,602130041,UMLIFE_v2_TLC555,ch0,origplant,soil_moisture,1576,,,OK,,,986.8,,name=classic;level=well watered;role=disp;spread=12;gpio=36;device_seq=80280;time_source=device_synced;device_timestamp_utc=2026-07-28T13:27:20.483Z;config_id=257fa022;rssi=-61;uptime_s=602130;heap=195896;cal_tier=channel-cal;cal_src=wet_rederive_1236_20260719;pressure_context_source=weather_openmeteo;transport=wifi_poll,
plants.soil,2026-07-28T13:27:42.367Z,2026-07-28 08:27:42.367,26592,6762df,y9d41p,0.7.3,fleet_logger_0_1,602130041,UMLIFE_v2_TLC555,ch1,origplant,soil_moisture,1699,,,OK,,,986.8,,name=classic;level=OK;role=disp;spread=48;gpio=39;device_seq=80281;time_source=device_synced;device_timestamp_utc=2026-07-28T13:27:20.483Z;config_id=257fa022;rssi=-61;uptime_s=602130;heap=195896;cal_tier=channel-cal;cal_src=wet_rederive_1236_20260719;pressure_context_source=weather_openmeteo;transport=wifi_poll,
plants.soil,2026-07-28T13:27:42.367Z,2026-07-28 08:27:42.367,26593,6762df,y9d41p,0.7.3,fleet_logger_0_1,602130041,UMLIFE_v2_TLC555,ch2,origplant,soil_moisture,1349,,,OK,,,986.8,,name=classic;level=overwatered;role=disp;spread=11;gpio=34;device_seq=80282;time_source=device_synced;device_timestamp_utc=2026-07-28T13:27:20.483Z;config_id=257fa022;rssi=-61;uptime_s=602130;heap=195896;cal_tier=channel-cal;cal_src=wet_rederive_1236_20260719;pressure_context_source=weather_openmeteo;transport=wifi_poll,
plants.soil,2026-07-28T13:27:42.367Z,2026-07-28 08:27:42.367,26594,6762df,y9d41p,0.7.3,fleet_logger_0_1,602130041,UMLIFE_v2_TLC555,ch3,origplant,soil_moisture,1432,,,OK,,,986.8,,name=classic;level=well watered;role=disp;spread=20;gpio=35;device_seq=80283;time_source=device_synced;device_timestamp_utc=2026-07-28T13:27:20.483Z;config_id=257fa022;rssi=-61;uptime_s=602130;heap=195896;cal_tier=channel-cal;cal_src=wet_rederive_1236_20260719;pressure_context_source=weather_openmeteo;transport=wifi_poll,
plants.env,2026-07-28T13:27:42.367Z,2026-07-28 08:27:42.367,26595,6762df,y9d41p,0.7.3,fleet_logger_0_1,602130796,ESP32,esp32_die,on_chip,die_temp,,52.78,degC,OK,,,,,name=classic;source=esp32_die;cal=uncalibrated_board_proxy;api=temperatureRead;config_id=257fa022;transport=wifi_poll,
plants.soil,2026-07-28T13:28:12.726Z,2026-07-28 08:28:12.726,26596,6762df,y9d41p,0.7.3,fleet_logger_0_1,602160041,UMLIFE_v2_TLC555,ch0,origplant,soil_moisture,1581,,,OK,,,986.8,,name=classic;level=well watered;role=disp;spread=40;gpio=36;device_seq=80284;time_source=device_synced;device_timestamp_utc=2026-07-28T13:27:50.483Z;config_id=257fa022;rssi=-61;uptime_s=602160;heap=195908;cal_tier=channel-cal;cal_src=wet_rederive_1236_20260719;pressure_context_source=weather_openmeteo;transport=wifi_poll,
plants.soil,2026-07-28T13:28:12.726Z,2026-07-28 08:28:12.726,26597,6762df,y9d41p,0.7.3,fleet_logger_0_1,602160041,UMLIFE_v2_TLC555,ch1,origplant,soil_moisture,1701,,,OK,,,986.8,,name=classic;level=OK;role=disp;spread=30;gpio=39;device_seq=80285;time_source=device_synced;device_timestamp_utc=2026-07-28T13:27:50.483Z;config_id=257fa022;rssi=-61;uptime_s=602160;heap=195908;cal_tier=channel-cal;cal_src=wet_rederive_1236_20260719;pressure_context_source=weather_openmeteo;transport=wifi_poll,
plants.soil,2026-07-28T13:28:12.726Z,2026-07-28 08:28:12.726,26598,6762df,y9d41p,0.7.3,fleet_logger_0_1,602160041,UMLIFE_v2_TLC555,ch2,origplant,soil_moisture,1350,,,OK,,,986.8,,name=classic;level=overwatered;role=disp;spread=46;gpio=34;device_seq=80286;time_source=device_synced;device_timestamp_utc=2026-07-28T13:27:50.483Z;config_id=257fa022;rssi=-61;uptime_s=602160;heap=195908;cal_tier=channel-cal;cal_src=wet_rederive_1236_20260719;pressure_context_source=weather_openmeteo;transport=wifi_poll,
plants.soil,2026-07-28T13:28:12.726Z,2026-07-28 08:28:12.726,26599,6762df,y9d41p,0.7.3,fleet_logger_0_1,602160041,UMLIFE_v2_TLC555,ch3,origplant,soil_moisture,1434,,,OK,,,986.8,,name=classic;level=well watered;role=disp;spread=21;gpio=35;device_seq=80287;time_source=device_synced;device_timestamp_utc=2026-07-28T13:27:50.483Z;config_id=257fa022;rssi=-61;uptime_s=602160;heap=195908;cal_tier=channel-cal;cal_src=wet_rederive_1236_20260719;pressure_context_source=weather_openmeteo;transport=wifi_poll,
plants.env,2026-07-28T13:28:12.726Z,2026-07-28 08:28:12.726,26600,6762df,y9d41p,0.7.3,fleet_logger_0_1,602160797,ESP32,esp32_die,on_chip,die_temp,,52.22,degC,OK,,,,,name=classic;source=esp32_die;cal=uncalibrated_board_proxy;api=temperatureRead;config_id=257fa022;transport=wifi_poll,
plants.soil,2026-07-28T13:28:43.136Z,2026-07-28 08:28:43.136,26601,6762df,y9d41p,0.7.3,fleet_logger_0_1,602190041,UMLIFE_v2_TLC555,ch0,origplant,soil_moisture,1589,,,OK,,,986.8,,name=classic;level=well watered;role=disp;spread=49;gpio=36;device_seq=80288;time_source=device_synced;device_timestamp_utc=2026-07-28T13:28:20.483Z;config_id=257fa022;rssi=-62;uptime_s=602190;heap=195896;cal_tier=channel-cal;cal_src=wet_rederive_1236_20260719;pressure_context_source=weather_openmeteo;transport=wifi_poll,
plants.soil,2026-07-28T13:28:43.136Z,2026-07-28 08:28:43.136,26602,6762df,y9d41p,0.7.3,fleet_logger_0_1,602190041,UMLIFE_v2_TLC555,ch1,origplant,soil_moisture,1708,,,OK,,,986.8,,name=classic;level=OK;role=disp;spread=45;gpio=39;device_seq=80289;time_source=device_synced;device_timestamp_utc=2026-07-28T13:28:20.483Z;config_id=257fa022;rssi=-62;uptime_s=602190;heap=195896;cal_tier=channel-cal;cal_src=wet_rederive_1236_20260719;pressure_context_source=weather_openmeteo;transport=wifi_poll,
plants.soil,2026-07-28T13:28:43.136Z,2026-07-28 08:28:43.136,26603,6762df,y9d41p,0.7.3,fleet_logger_0_1,602190041,UMLIFE_v2_TLC555,ch2,origplant,soil_moisture,1356,,,OK,,,986.8,,name=classic;level=overwatered;role=disp;spread=35;gpio=34;device_seq=80290;time_source=device_synced;device_timestamp_utc=2026-07-28T13:28:20.483Z;config_id=257fa022;rssi=-62;uptime_s=602190;heap=195896;cal_tier=channel-cal;cal_src=wet_rederive_1236_20260719;pressure_context_source=weather_openmeteo;transport=wifi_poll,
plants.soil,2026-07-28T13:28:43.136Z,2026-07-28 08:28:43.136,26604,6762df,y9d41p,0.7.3,fleet_logger_0_1,602190041,UMLIFE_v2_TLC555,ch3,origplant,soil_moisture,1429,,,OK,,,986.8,,name=classic;level=well watered;role=disp;spread=5;gpio=35;device_seq=80291;time_source=device_synced;device_timestamp_utc=2026-07-28T13:28:20.483Z;config_id=257fa022;rssi=-62;uptime_s=602190;heap=195896;cal_tier=channel-cal;cal_src=wet_rederive_1236_20260719;pressure_context_source=weather_openmeteo;transport=wifi_poll,
plants.env,2026-07-28T13:28:43.136Z,2026-07-28 08:28:43.136,26605,6762df,y9d41p,0.7.3,fleet_logger_0_1,602190797,ESP32,esp32_die,on_chip,die_temp,,52.78,degC,OK,,,,,name=classic;source=esp32_die;cal=uncalibrated_board_proxy;api=temperatureRead;config_id=257fa022;transport=wifi_poll,
plants.soil,2026-07-28T13:29:13.657Z,2026-07-28 08:29:13.657,26606,6762df,y9d41p,0.7.3,fleet_logger_0_1,602220041,UMLIFE_v2_TLC555,ch0,origplant,soil_moisture,1592,,,OK,,,986.8,,name=classic;level=well watered;role=disp;spread=32;gpio=36;device_seq=80292;time_source=device_synced;device_timestamp_utc=2026-07-28T13:28:50.483Z;config_id=257fa022;rssi=-63;uptime_s=602220;heap=195908;cal_tier=channel-cal;cal_src=wet_rederive_1236_20260719;pressure_context_source=weather_openmeteo;transport=wifi_poll,
plants.soil,2026-07-28T13:29:13.657Z,2026-07-28 08:29:13.657,26607,6762df,y9d41p,0.7.3,fleet_logger_0_1,602220041,UMLIFE_v2_TLC555,ch1,origplant,soil_moisture,1714,,,OK,,,986.8,,name=classic;level=OK;role=disp;spread=20;gpio=39;device_seq=80293;time_source=device_synced;device_timestamp_utc=2026-07-28T13:28:50.483Z;config_id=257fa022;rssi=-63;uptime_s=602220;heap=195908;cal_tier=channel-cal;cal_src=wet_rederive_1236_20260719;pressure_context_source=weather_openmeteo;transport=wifi_poll,
plants.soil,2026-07-28T13:29:13.657Z,2026-07-28 08:29:13.657,26608,6762df,y9d41p,0.7.3,fleet_logger_0_1,602220041,UMLIFE_v2_TLC555,ch2,origplant,soil_moisture,1356,,,OK,,,986.8,,name=classic;level=overwatered;role=disp;spread=18;gpio=34;device_seq=80294;time_source=device_synced;device_timestamp_utc=2026-07-28T13:28:50.483Z;config_id=257fa022;rssi=-63;uptime_s=602220;heap=195908;cal_tier=channel-cal;cal_src=wet_rederive_1236_20260719;pressure_context_source=weather_openmeteo;transport=wifi_poll,
plants.soil,2026-07-28T13:29:13.657Z,2026-07-28 08:29:13.657,26609,6762df,y9d41p,0.7.3,fleet_logger_0_1,602220041,UMLIFE_v2_TLC555,ch3,origplant,soil_moisture,1430,,,OK,,,986.8,,name=classic;level=well watered;role=disp;spread=29;gpio=35;device_seq=80295;time_source=device_synced;device_timestamp_utc=2026-07-28T13:28:50.483Z;config_id=257fa022;rssi=-63;uptime_s=602220;heap=195908;cal_tier=channel-cal;cal_src=wet_rederive_1236_20260719;pressure_context_source=weather_openmeteo;transport=wifi_poll,
plants.env,2026-07-28T13:29:13.657Z,2026-07-28 08:29:13.657,26610,6762df,y9d41p,0.7.3,fleet_logger_0_1,602220797,ESP32,esp32_die,on_chip,die_temp,,52.78,degC,OK,,,,,name=classic;source=esp32_die;cal=uncalibrated_board_proxy;api=temperatureRead;config_id=257fa022;transport=wifi_poll,
plants.soil,2026-07-28T13:29:46.545Z,2026-07-28 08:29:46.545,26611,6762df,y9d41p,0.7.3,fleet_logger_0_1,602250041,UMLIFE_v2_TLC555,ch0,origplant,soil_moisture,1562,,,OK,,,986.8,,name=classic;level=well watered;role=disp;spread=21;gpio=36;device_seq=80296;time_source=device_synced;device_timestamp_utc=2026-07-28T13:29:20.483Z;config_id=257fa022;rssi=-63;uptime_s=602250;heap=195648;cal_tier=channel-cal;cal_src=wet_rederive_1236_20260719;pressure_context_source=weather_openmeteo;transport=wifi_poll,
plants.soil,2026-07-28T13:29:46.545Z,2026-07-28 08:29:46.545,26612,6762df,y9d41p,0.7.3,fleet_logger_0_1,602250041,UMLIFE_v2_TLC555,ch1,origplant,soil_moisture,1695,,,OK,,,986.8,,name=classic;level=OK;role=disp;spread=37;gpio=39;device_seq=80297;time_source=device_synced;device_timestamp_utc=2026-07-28T13:29:20.483Z;config_id=257fa022;rssi=-63;uptime_s=602250;heap=195648;cal_tier=channel-cal;cal_src=wet_rederive_1236_20260719;pressure_context_source=weather_openmeteo;transport=wifi_poll,
plants.soil,2026-07-28T13:29:46.545Z,2026-07-28 08:29:46.545,26613,6762df,y9d41p,0.7.3,fleet_logger_0_1,602250041,UMLIFE_v2_TLC555,ch2,origplant,soil_moisture,1352,,,OK,,,986.8,,name=classic;level=overwatered;role=disp;spread=70;gpio=34;device_seq=80298;time_source=device_synced;device_timestamp_utc=2026-07-28T13:29:20.483Z;config_id=257fa022;rssi=-63;uptime_s=602250;heap=195648;cal_tier=channel-cal;cal_src=wet_rederive_1236_20260719;pressure_context_source=weather_openmeteo;transport=wifi_poll,
plants.soil,2026-07-28T13:29:46.545Z,2026-07-28 08:29:46.545,26614,6762df,y9d41p,0.7.3,fleet_logger_0_1,602250041,UMLIFE_v2_TLC555,ch3,origplant,soil_moisture,1428,,,OK,,,986.8,,name=classic;level=well watered;role=disp;spread=30;gpio=35;device_seq=80299;time_source=device_synced;device_timestamp_utc=2026-07-28T13:29:20.483Z;config_id=257fa022;rssi=-63;uptime_s=602250;heap=195648;cal_tier=channel-cal;cal_src=wet_rederive_1236_20260719;pressure_context_source=weather_openmeteo;transport=wifi_poll,
plants.env,2026-07-28T13:29:46.545Z,2026-07-28 08:29:46.545,26615,6762df,y9d41p,0.7.3,fleet_logger_0_1,602250797,ESP32,esp32_die,on_chip,die_temp,,52.78,degC,OK,,,,,name=classic;source=esp32_die;cal=uncalibrated_board_proxy;api=temperatureRead;config_id=257fa022;transport=wifi_poll,
plants.soil,2026-07-28T13:30:16.944Z,2026-07-28 08:30:16.944,26616,6762df,y9d41p,0.7.3,fleet_logger_0_1,602280041,UMLIFE_v2_TLC555,ch0,origplant,soil_moisture,1589,,,OK,,,986.8,,name=classic;level=well watered;role=disp;spread=52;gpio=36;device_seq=80300;time_source=device_synced;device_timestamp_utc=2026-07-28T13:29:50.483Z;config_id=257fa022;rssi=-63;uptime_s=602280;heap=195648;cal_tier=channel-cal;cal_src=wet_rederive_1236_20260719;pressure_context_source=weather_openmeteo;transport=wifi_poll,
plants.soil,2026-07-28T13:30:16.944Z,2026-07-28 08:30:16.944,26617,6762df,y9d41p,0.7.3,fleet_logger_0_1,602280041,UMLIFE_v2_TLC555,ch1,origplant,soil_moisture,1725,,,OK,,,986.8,,name=classic;level=OK;role=disp;spread=37;gpio=39;device_seq=80301;time_source=device_synced;device_timestamp_utc=2026-07-28T13:29:50.483Z;config_id=257fa022;rssi=-63;uptime_s=602280;heap=195648;cal_tier=channel-cal;cal_src=wet_rederive_1236_20260719;pressure_context_source=weather_openmeteo;transport=wifi_poll,
plants.soil,2026-07-28T13:30:16.944Z,2026-07-28 08:30:16.944,26618,6762df,y9d41p,0.7.3,fleet_logger_0_1,602280041,UMLIFE_v2_TLC555,ch2,origplant,soil_moisture,1365,,,OK,,,986.8,,name=classic;level=overwatered;role=disp;spread=25;gpio=34;device_seq=80302;time_source=device_synced;device_timestamp_utc=2026-07-28T13:29:50.483Z;config_id=257fa022;rssi=-63;uptime_s=602280;heap=195648;cal_tier=channel-cal;cal_src=wet_rederive_1236_20260719;pressure_context_source=weather_openmeteo;transport=wifi_poll,
plants.soil,2026-07-28T13:30:16.944Z,2026-07-28 08:30:16.944,26619,6762df,y9d41p,0.7.3,fleet_logger_0_1,602280041,UMLIFE_v2_TLC555,ch3,origplant,soil_moisture,1435,,,OK,,,986.8,,name=classic;level=well watered;role=disp;spread=29;gpio=35;device_seq=80303;time_source=device_synced;device_timestamp_utc=2026-07-28T13:29:50.483Z;config_id=257fa022;rssi=-63;uptime_s=602280;heap=195648;cal_tier=channel-cal;cal_src=wet_rederive_1236_20260719;pressure_context_source=weather_openmeteo;transport=wifi_poll,
plants.env,2026-07-28T13:30:16.944Z,2026-07-28 08:30:16.944,26620,6762df,y9d41p,0.7.3,fleet_logger_0_1,602280796,ESP32,esp32_die,on_chip,die_temp,,52.78,degC,OK,,,,,name=classic;source=esp32_die;cal=uncalibrated_board_proxy;api=temperatureRead;config_id=257fa022;transport=wifi_poll,
plants.soil,2026-07-28T13:30:47.225Z,2026-07-28 08:30:47.225,26621,6762df,y9d41p,0.7.3,fleet_logger_0_1,602310041,UMLIFE_v2_TLC555,ch0,origplant,soil_moisture,1588,,,OK,,,986.8,,name=classic;level=well watered;role=disp;spread=56;gpio=36;device_seq=80304;time_source=device_synced;device_timestamp_utc=2026-07-28T13:30:20.483Z;config_id=257fa022;rssi=-63;uptime_s=602310;heap=195896;cal_tier=channel-cal;cal_src=wet_rederive_1236_20260719;pressure_context_source=weather_openmeteo;transport=wifi_poll,
plants.soil,2026-07-28T13:30:47.225Z,2026-07-28 08:30:47.225,26622,6762df,y9d41p,0.7.3,fleet_logger_0_1,602310041,UMLIFE_v2_TLC555,ch1,origplant,soil_moisture,1721,,,OK,,,986.8,,name=classic;level=OK;role=disp;spread=27;gpio=39;device_seq=80305;time_source=device_synced;device_timestamp_utc=2026-07-28T13:30:20.483Z;config_id=257fa022;rssi=-63;uptime_s=602310;heap=195896;cal_tier=channel-cal;cal_src=wet_rederive_1236_20260719;pressure_context_source=weather_openmeteo;transport=wifi_poll,
plants.soil,2026-07-28T13:30:47.225Z,2026-07-28 08:30:47.225,26623,6762df,y9d41p,0.7.3,fleet_logger_0_1,602310041,UMLIFE_v2_TLC555,ch2,origplant,soil_moisture,1373,,,OK,,,986.8,,name=classic;level=overwatered;role=disp;spread=44;gpio=34;device_seq=80306;time_source=device_synced;device_timestamp_utc=2026-07-28T13:30:20.483Z;config_id=257fa022;rssi=-63;uptime_s=602310;heap=195896;cal_tier=channel-cal;cal_src=wet_rederive_1236_20260719;pressure_context_source=weather_openmeteo;transport=wifi_poll,
plants.soil,2026-07-28T13:30:47.225Z,2026-07-28 08:30:47.225,26624,6762df,y9d41p,0.7.3,fleet_logger_0_1,602310041,UMLIFE_v2_TLC555,ch3,origplant,soil_moisture,1438,,,OK,,,986.8,,name=classic;level=well watered;role=disp;spread=12;gpio=35;device_seq=80307;time_source=device_synced;device_timestamp_utc=2026-07-28T13:30:20.483Z;config_id=257fa022;rssi=-63;uptime_s=602310;heap=195896;cal_tier=channel-cal;cal_src=wet_rederive_1236_20260719;pressure_context_source=weather_openmeteo;transport=wifi_poll,
plants.env,2026-07-28T13:30:47.225Z,2026-07-28 08:30:47.225,26625,6762df,y9d41p,0.7.3,fleet_logger_0_1,602310796,ESP32,esp32_die,on_chip,die_temp,,52.78,degC,OK,,,,,name=classic;source=esp32_die;cal=uncalibrated_board_proxy;api=temperatureRead;config_id=257fa022;transport=wifi_poll,
plants.soil,2026-07-28T13:31:17.865Z,2026-07-28 08:31:17.865,26626,6762df,y9d41p,0.7.3,fleet_logger_0_1,602340041,UMLIFE_v2_TLC555,ch0,origplant,soil_moisture,1591,,,OK,,,986.8,,name=classic;level=well watered;role=disp;spread=58;gpio=36;device_seq=80308;time_source=device_synced;device_timestamp_utc=2026-07-28T13:30:50.483Z;config_id=257fa022;rssi=-63;uptime_s=602340;heap=195896;cal_tier=channel-cal;cal_src=wet_rederive_1236_20260719;pressure_context_source=weather_openmeteo;transport=wifi_poll,
plants.soil,2026-07-28T13:31:17.865Z,2026-07-28 08:31:17.865,26627,6762df,y9d41p,0.7.3,fleet_logger_0_1,602340041,UMLIFE_v2_TLC555,ch1,origplant,soil_moisture,1720,,,OK,,,986.8,,name=classic;level=OK;role=disp;spread=34;gpio=39;device_seq=80309;time_source=device_synced;device_timestamp_utc=2026-07-28T13:30:50.483Z;config_id=257fa022;rssi=-63;uptime_s=602340;heap=195896;cal_tier=channel-cal;cal_src=wet_rederive_1236_20260719;pressure_context_source=weather_openmeteo;transport=wifi_poll,
plants.soil,2026-07-28T13:31:17.865Z,2026-07-28 08:31:17.865,26628,6762df,y9d41p,0.7.3,fleet_logger_0_1,602340041,UMLIFE_v2_TLC555,ch2,origplant,soil_moisture,1377,,,OK,,,986.8,,name=classic;level=overwatered;role=disp;spread=23;gpio=34;device_seq=80310;time_source=device_synced;device_timestamp_utc=2026-07-28T13:30:50.483Z;config_id=257fa022;rssi=-63;uptime_s=602340;heap=195896;cal_tier=channel-cal;cal_src=wet_rederive_1236_20260719;pressure_context_source=weather_openmeteo;transport=wifi_poll,
plants.soil,2026-07-28T13:31:17.865Z,2026-07-28 08:31:17.865,26629,6762df,y9d41p,0.7.3,fleet_logger_0_1,602340041,UMLIFE_v2_TLC555,ch3,origplant,soil_moisture,1451,,,OK,,,986.8,,name=classic;level=well watered;role=disp;spread=38;gpio=35;device_seq=80311;time_source=device_synced;device_timestamp_utc=2026-07-28T13:30:50.483Z;config_id=257fa022;rssi=-63;uptime_s=602340;heap=195896;cal_tier=channel-cal;cal_src=wet_rederive_1236_20260719;pressure_context_source=weather_openmeteo;transport=wifi_poll,
plants.env,2026-07-28T13:31:17.865Z,2026-07-28 08:31:17.865,26630,6762df,y9d41p,0.7.3,fleet_logger_0_1,602340797,ESP32,esp32_die,on_chip,die_temp,,53.33,degC,OK,,,,,name=classic;source=esp32_die;cal=uncalibrated_board_proxy;api=temperatureRead;config_id=257fa022;transport=wifi_poll,
plants.soil,2026-07-28T13:31:48.294Z,2026-07-28 08:31:48.294,26631,6762df,y9d41p,0.7.3,fleet_logger_0_1,602370041,UMLIFE_v2_TLC555,ch0,origplant,soil_moisture,1589,,,OK,,,986.8,,name=classic;level=well watered;role=disp;spread=21;gpio=36;device_seq=80312;time_source=device_synced;device_timestamp_utc=2026-07-28T13:31:20.483Z;config_id=257fa022;rssi=-61;uptime_s=602370;heap=195892;cal_tier=channel-cal;cal_src=wet_rederive_1236_20260719;pressure_context_source=weather_openmeteo;transport=wifi_poll,
plants.soil,2026-07-28T13:31:48.294Z,2026-07-28 08:31:48.294,26632,6762df,y9d41p,0.7.3,fleet_logger_0_1,602370041,UMLIFE_v2_TLC555,ch1,origplant,soil_moisture,1725,,,OK,,,986.8,,name=classic;level=OK;role=disp;spread=20;gpio=39;device_seq=80313;time_source=device_synced;device_timestamp_utc=2026-07-28T13:31:20.483Z;config_id=257fa022;rssi=-61;uptime_s=602370;heap=195892;cal_tier=channel-cal;cal_src=wet_rederive_1236_20260719;pressure_context_source=weather_openmeteo;transport=wifi_poll,
plants.soil,2026-07-28T13:31:48.294Z,2026-07-28 08:31:48.294,26633,6762df,y9d41p,0.7.3,fleet_logger_0_1,602370041,UMLIFE_v2_TLC555,ch2,origplant,soil_moisture,1375,,,OK,,,986.8,,name=classic;level=overwatered;role=disp;spread=22;gpio=34;device_seq=80314;time_source=device_synced;device_timestamp_utc=2026-07-28T13:31:20.483Z;config_id=257fa022;rssi=-61;uptime_s=602370;heap=195892;cal_tier=channel-cal;cal_src=wet_rederive_1236_20260719;pressure_context_source=weather_openmeteo;transport=wifi_poll,
plants.soil,2026-07-28T13:31:48.294Z,2026-07-28 08:31:48.294,26634,6762df,y9d41p,0.7.3,fleet_logger_0_1,602370041,UMLIFE_v2_TLC555,ch3,origplant,soil_moisture,1452,,,OK,,,986.8,,name=classic;level=well watered;role=disp;spread=25;gpio=35;device_seq=80315;time_source=device_synced;device_timestamp_utc=2026-07-28T13:31:20.483Z;config_id=257fa022;rssi=-61;uptime_s=602370;heap=195892;cal_tier=channel-cal;cal_src=wet_rederive_1236_20260719;pressure_context_source=weather_openmeteo;transport=wifi_poll,
plants.env,2026-07-28T13:31:48.294Z,2026-07-28 08:31:48.294,26635,6762df,y9d41p,0.7.3,fleet_logger_0_1,602370797,ESP32,esp32_die,on_chip,die_temp,,52.78,degC,OK,,,,,name=classic;source=esp32_die;cal=uncalibrated_board_proxy;api=temperatureRead;config_id=257fa022;transport=wifi_poll,
plants.soil,2026-07-28T13:32:19.011Z,2026-07-28 08:32:19.011,26636,6762df,y9d41p,0.7.3,fleet_logger_0_1,602400041,UMLIFE_v2_TLC555,ch0,origplant,soil_moisture,1589,,,OK,,,986.8,,name=classic;level=well watered;role=disp;spread=19;gpio=36;device_seq=80316;time_source=device_synced;device_timestamp_utc=2026-07-28T13:31:50.483Z;config_id=257fa022;rssi=-61;uptime_s=602400;heap=195892;cal_tier=channel-cal;cal_src=wet_rederive_1236_20260719;pressure_context_source=weather_openmeteo;transport=wifi_poll,
plants.soil,2026-07-28T13:32:19.011Z,2026-07-28 08:32:19.011,26637,6762df,y9d41p,0.7.3,fleet_logger_0_1,602400041,UMLIFE_v2_TLC555,ch1,origplant,soil_moisture,1722,,,OK,,,986.8,,name=classic;level=OK;role=disp;spread=35;gpio=39;device_seq=80317;time_source=device_synced;device_timestamp_utc=2026-07-28T13:31:50.483Z;config_id=257fa022;rssi=-61;uptime_s=602400;heap=195892;cal_tier=channel-cal;cal_src=wet_rederive_1236_20260719;pressure_context_source=weather_openmeteo;transport=wifi_poll,
plants.soil,2026-07-28T13:32:19.011Z,2026-07-28 08:32:19.011,26638,6762df,y9d41p,0.7.3,fleet_logger_0_1,602400041,UMLIFE_v2_TLC555,ch2,origplant,soil_moisture,1381,,,OK,,,986.8,,name=classic;level=overwatered;role=disp;spread=32;gpio=34;device_seq=80318;time_source=device_synced;device_timestamp_utc=2026-07-28T13:31:50.483Z;config_id=257fa022;rssi=-61;uptime_s=602400;heap=195892;cal_tier=channel-cal;cal_src=wet_rederive_1236_20260719;pressure_context_source=weather_openmeteo;transport=wifi_poll,
plants.soil,2026-07-28T13:32:19.011Z,2026-07-28 08:32:19.011,26639,6762df,y9d41p,0.7.3,fleet_logger_0_1,602400041,UMLIFE_v2_TLC555,ch3,origplant,soil_moisture,1455,,,OK,,,986.8,,name=classic;level=well watered;role=disp;spread=27;gpio=35;device_seq=80319;time_source=device_synced;device_timestamp_utc=2026-07-28T13:31:50.483Z;config_id=257fa022;rssi=-61;uptime_s=602400;heap=195892;cal_tier=channel-cal;cal_src=wet_rederive_1236_20260719;pressure_context_source=weather_openmeteo;transport=wifi_poll,
plants.env,2026-07-28T13:32:19.011Z,2026-07-28 08:32:19.011,26640,6762df,y9d41p,0.7.3,fleet_logger_0_1,602401863,ESP32,esp32_die,on_chip,die_temp,,52.78,degC,OK,,,,,name=classic;source=esp32_die;cal=uncalibrated_board_proxy;api=temperatureRead;config_id=257fa022;transport=wifi_poll,
plants.soil,2026-07-28T13:32:50.254Z,2026-07-28 08:32:50.254,26641,6762df,y9d41p,0.7.3,fleet_logger_0_1,602430041,UMLIFE_v2_TLC555,ch0,origplant,soil_moisture,1588,,,OK,,,986.8,,name=classic;level=well watered;role=disp;spread=49;gpio=36;device_seq=80320;time_source=device_synced;device_timestamp_utc=2026-07-28T13:32:20.483Z;config_id=257fa022;rssi=-62;uptime_s=602430;heap=195616;cal_tier=channel-cal;cal_src=wet_rederive_1236_20260719;pressure_context_source=weather_openmeteo;transport=wifi_poll,
plants.soil,2026-07-28T13:32:50.254Z,2026-07-28 08:32:50.254,26642,6762df,y9d41p,0.7.3,fleet_logger_0_1,602430041,UMLIFE_v2_TLC555,ch1,origplant,soil_moisture,1725,,,OK,,,986.8,,name=classic;level=OK;role=disp;spread=29;gpio=39;device_seq=80321;time_source=device_synced;device_timestamp_utc=2026-07-28T13:32:20.483Z;config_id=257fa022;rssi=-62;uptime_s=602430;heap=195616;cal_tier=channel-cal;cal_src=wet_rederive_1236_20260719;pressure_context_source=weather_openmeteo;transport=wifi_poll,
plants.soil,2026-07-28T13:32:50.254Z,2026-07-28 08:32:50.254,26643,6762df,y9d41p,0.7.3,fleet_logger_0_1,602430041,UMLIFE_v2_TLC555,ch2,origplant,soil_moisture,1374,,,OK,,,986.8,,name=classic;level=overwatered;role=disp;spread=40;gpio=34;device_seq=80322;time_source=device_synced;device_timestamp_utc=2026-07-28T13:32:20.483Z;config_id=257fa022;rssi=-62;uptime_s=602430;heap=195616;cal_tier=channel-cal;cal_src=wet_rederive_1236_20260719;pressure_context_source=weather_openmeteo;transport=wifi_poll,
plants.soil,2026-07-28T13:32:50.254Z,2026-07-28 08:32:50.254,26644,6762df,y9d41p,0.7.3,fleet_logger_0_1,602430041,UMLIFE_v2_TLC555,ch3,origplant,soil_moisture,1459,,,OK,,,986.8,,name=classic;level=well watered;role=disp;spread=40;gpio=35;device_seq=80323;time_source=device_synced;device_timestamp_utc=2026-07-28T13:32:20.483Z;config_id=257fa022;rssi=-62;uptime_s=602430;heap=195616;cal_tier=channel-cal;cal_src=wet_rederive_1236_20260719;pressure_context_source=weather_openmeteo;transport=wifi_poll,
plants.env,2026-07-28T13:32:50.254Z,2026-07-28 08:32:50.254,26645,6762df,y9d41p,0.7.3,fleet_logger_0_1,602430797,ESP32,esp32_die,on_chip,die_temp,,52.78,degC,OK,,,,,name=classic;source=esp32_die;cal=uncalibrated_board_proxy;api=temperatureRead;config_id=257fa022;transport=wifi_poll,
plants.soil,2026-07-28T13:33:21.266Z,2026-07-28 08:33:21.266,26646,6762df,y9d41p,0.7.3,fleet_logger_0_1,602490041,UMLIFE_v2_TLC555,ch0,origplant,soil_moisture,1591,,,OK,,,986.8,,name=classic;level=well watered;role=disp;spread=48;gpio=36;device_seq=80328;time_source=device_synced;device_timestamp_utc=2026-07-28T13:33:20.483Z;config_id=257fa022;rssi=-62;uptime_s=602490;heap=196148;cal_tier=channel-cal;cal_src=wet_rederive_1236_20260719;pressure_context_source=weather_openmeteo;transport=wifi_poll,
plants.soil,2026-07-28T13:33:21.266Z,2026-07-28 08:33:21.266,26647,6762df,y9d41p,0.7.3,fleet_logger_0_1,602490041,UMLIFE_v2_TLC555,ch1,origplant,soil_moisture,1722,,,OK,,,986.8,,name=classic;level=OK;role=disp;spread=29;gpio=39;device_seq=80329;time_source=device_synced;device_timestamp_utc=2026-07-28T13:33:20.483Z;config_id=257fa022;rssi=-62;uptime_s=602490;heap=196148;cal_tier=channel-cal;cal_src=wet_rederive_1236_20260719;pressure_context_source=weather_openmeteo;transport=wifi_poll,
plants.soil,2026-07-28T13:33:21.266Z,2026-07-28 08:33:21.266,26648,6762df,y9d41p,0.7.3,fleet_logger_0_1,602490041,UMLIFE_v2_TLC555,ch2,origplant,soil_moisture,1378,,,OK,,,986.8,,name=classic;level=overwatered;role=disp;spread=53;gpio=34;device_seq=80330;time_source=device_synced;device_timestamp_utc=2026-07-28T13:33:20.483Z;config_id=257fa022;rssi=-62;uptime_s=602490;heap=196148;cal_tier=channel-cal;cal_src=wet_rederive_1236_20260719;pressure_context_source=weather_openmeteo;transport=wifi_poll,
plants.soil,2026-07-28T13:33:21.266Z,2026-07-28 08:33:21.266,26649,6762df,y9d41p,0.7.3,fleet_logger_0_1,602490041,UMLIFE_v2_TLC555,ch3,origplant,soil_moisture,1463,,,OK,,,986.8,,name=classic;level=well watered;role=disp;spread=47;gpio=35;device_seq=80331;time_source=device_synced;device_timestamp_utc=2026-07-28T13:33:20.483Z;config_id=257fa022;rssi=-62;uptime_s=602490;heap=196148;cal_tier=channel-cal;cal_src=wet_rederive_1236_20260719;pressure_context_source=weather_openmeteo;transport=wifi_poll,
plants.env,2026-07-28T13:33:21.266Z,2026-07-28 08:33:21.266,26650,6762df,y9d41p,0.7.3,fleet_logger_0_1,602490797,ESP32,esp32_die,on_chip,die_temp,,53.33,degC,OK,,,,,name=classic;source=esp32_die;cal=uncalibrated_board_proxy;api=temperatureRead;config_id=257fa022;transport=wifi_poll,
plants.soil,2026-07-28T13:33:51.585Z,2026-07-28 08:33:51.585,26651,6762df,y9d41p,0.7.3,fleet_logger_0_1,602520041,UMLIFE_v2_TLC555,ch0,origplant,soil_moisture,1589,,,OK,,,986.8,,name=classic;level=well watered;role=disp;spread=25;gpio=36;device_seq=80332;time_source=device_synced;device_timestamp_utc=2026-07-28T13:33:50.483Z;config_id=257fa022;rssi=-62;uptime_s=602520;heap=196144;cal_tier=channel-cal;cal_src=wet_rederive_1236_20260719;pressure_context_source=weather_openmeteo;transport=wifi_poll,
plants.soil,2026-07-28T13:33:51.585Z,2026-07-28 08:33:51.585,26652,6762df,y9d41p,0.7.3,fleet_logger_0_1,602520041,UMLIFE_v2_TLC555,ch1,origplant,soil_moisture,1722,,,OK,,,986.8,,name=classic;level=OK;role=disp;spread=48;gpio=39;device_seq=80333;time_source=device_synced;device_timestamp_utc=2026-07-28T13:33:50.483Z;config_id=257fa022;rssi=-62;uptime_s=602520;heap=196144;cal_tier=channel-cal;cal_src=wet_rederive_1236_20260719;pressure_context_source=weather_openmeteo;transport=wifi_poll,
plants.soil,2026-07-28T13:33:51.585Z,2026-07-28 08:33:51.585,26653,6762df,y9d41p,0.7.3,fleet_logger_0_1,602520041,UMLIFE_v2_TLC555,ch2,origplant,soil_moisture,1377,,,OK,,,986.8,,name=classic;level=overwatered;role=disp;spread=62;gpio=34;device_seq=80334;time_source=device_synced;device_timestamp_utc=2026-07-28T13:33:50.483Z;config_id=257fa022;rssi=-62;uptime_s=602520;heap=196144;cal_tier=channel-cal;cal_src=wet_rederive_1236_20260719;pressure_context_source=weather_openmeteo;transport=wifi_poll,
plants.soil,2026-07-28T13:33:51.585Z,2026-07-28 08:33:51.585,26654,6762df,y9d41p,0.7.3,fleet_logger_0_1,602520041,UMLIFE_v2_TLC555,ch3,origplant,soil_moisture,1466,,,OK,,,986.8,,name=classic;level=well watered;role=disp;spread=38;gpio=35;device_seq=80335;time_source=device_synced;device_timestamp_utc=2026-07-28T13:33:50.483Z;config_id=257fa022;rssi=-62;uptime_s=602520;heap=196144;cal_tier=channel-cal;cal_src=wet_rederive_1236_20260719;pressure_context_source=weather_openmeteo;transport=wifi_poll,
plants.env,2026-07-28T13:33:51.585Z,2026-07-28 08:33:51.585,26655,6762df,y9d41p,0.7.3,fleet_logger_0_1,602520797,ESP32,esp32_die,on_chip,die_temp,,52.78,degC,OK,,,,,name=classic;source=esp32_die;cal=uncalibrated_board_proxy;api=temperatureRead;config_id=257fa022;transport=wifi_poll,
plants.soil,2026-07-28T13:34:21.999Z,2026-07-28 08:34:21.999,26656,6762df,y9d41p,0.7.3,fleet_logger_0_1,602550041,UMLIFE_v2_TLC555,ch0,origplant,soil_moisture,1590,,,OK,,,986.8,,name=classic;level=well watered;role=disp;spread=27;gpio=36;device_seq=80336;time_source=device_synced;device_timestamp_utc=2026-07-28T13:34:20.483Z;config_id=257fa022;rssi=-56;uptime_s=602550;heap=196152;cal_tier=channel-cal;cal_src=wet_rederive_1236_20260719;pressure_context_source=weather_openmeteo;transport=wifi_poll,
plants.soil,2026-07-28T13:34:21.999Z,2026-07-28 08:34:21.999,26657,6762df,y9d41p,0.7.3,fleet_logger_0_1,602550041,UMLIFE_v2_TLC555,ch1,origplant,soil_moisture,1720,,,OK,,,986.8,,name=classic;level=OK;role=disp;spread=6;gpio=39;device_seq=80337;time_source=device_synced;device_timestamp_utc=2026-07-28T13:34:20.483Z;config_id=257fa022;rssi=-56;uptime_s=602550;heap=196152;cal_tier=channel-cal;cal_src=wet_rederive_1236_20260719;pressure_context_source=weather_openmeteo;transport=wifi_poll,
plants.soil,2026-07-28T13:34:21.999Z,2026-07-28 08:34:21.999,26658,6762df,y9d41p,0.7.3,fleet_logger_0_1,602550041,UMLIFE_v2_TLC555,ch2,origplant,soil_moisture,1377,,,OK,,,986.8,,name=classic;level=overwatered;role=disp;spread=38;gpio=34;device_seq=80338;time_source=device_synced;device_timestamp_utc=2026-07-28T13:34:20.483Z;config_id=257fa022;rssi=-56;uptime_s=602550;heap=196152;cal_tier=channel-cal;cal_src=wet_rederive_1236_20260719;pressure_context_source=weather_openmeteo;transport=wifi_poll,
plants.soil,2026-07-28T13:34:21.999Z,2026-07-28 08:34:21.999,26659,6762df,y9d41p,0.7.3,fleet_logger_0_1,602550041,UMLIFE_v2_TLC555,ch3,origplant,soil_moisture,1466,,,OK,,,986.8,,name=classic;level=well watered;role=disp;spread=17;gpio=35;device_seq=80339;time_source=device_synced;device_timestamp_utc=2026-07-28T13:34:20.483Z;config_id=257fa022;rssi=-56;uptime_s=602550;heap=196152;cal_tier=channel-cal;cal_src=wet_rederive_1236_20260719;pressure_context_source=weather_openmeteo;transport=wifi_poll,
plants.env,2026-07-28T13:34:21.999Z,2026-07-28 08:34:21.999,26660,6762df,y9d41p,0.7.3,fleet_logger_0_1,602550797,ESP32,esp32_die,on_chip,die_temp,,53.33,degC,OK,,,,,name=classic;source=esp32_die;cal=uncalibrated_board_proxy;api=temperatureRead;config_id=257fa022;transport=wifi_poll,
plants.soil,2026-07-28T13:34:52.393Z,2026-07-28 08:34:52.393,26661,6762df,y9d41p,0.7.3,fleet_logger_0_1,602580041,UMLIFE_v2_TLC555,ch0,origplant,soil_moisture,1591,,,OK,,,986.8,,name=classic;level=well watered;role=disp;spread=16;gpio=36;device_seq=80340;time_source=device_synced;device_timestamp_utc=2026-07-28T13:34:50.483Z;config_id=257fa022;rssi=-62;uptime_s=602580;heap=196152;cal_tier=channel-cal;cal_src=wet_rederive_1236_20260719;pressure_context_source=weather_openmeteo;transport=wifi_poll,
plants.soil,2026-07-28T13:34:52.393Z,2026-07-28 08:34:52.393,26662,6762df,y9d41p,0.7.3,fleet_logger_0_1,602580041,UMLIFE_v2_TLC555,ch1,origplant,soil_moisture,1723,,,OK,,,986.8,,name=classic;level=OK;role=disp;spread=36;gpio=39;device_seq=80341;time_source=device_synced;device_timestamp_utc=2026-07-28T13:34:50.483Z;config_id=257fa022;rssi=-62;uptime_s=602580;heap=196152;cal_tier=channel-cal;cal_src=wet_rederive_1236_20260719;pressure_context_source=weather_openmeteo;transport=wifi_poll,
plants.soil,2026-07-28T13:34:52.393Z,2026-07-28 08:34:52.393,26663,6762df,y9d41p,0.7.3,fleet_logger_0_1,602580041,UMLIFE_v2_TLC555,ch2,origplant,soil_moisture,1375,,,OK,,,986.8,,name=classic;level=overwatered;role=disp;spread=40;gpio=34;device_seq=80342;time_source=device_synced;device_timestamp_utc=2026-07-28T13:34:50.483Z;config_id=257fa022;rssi=-62;uptime_s=602580;heap=196152;cal_tier=channel-cal;cal_src=wet_rederive_1236_20260719;pressure_context_source=weather_openmeteo;transport=wifi_poll,
plants.soil,2026-07-28T13:34:52.393Z,2026-07-28 08:34:52.393,26664,6762df,y9d41p,0.7.3,fleet_logger_0_1,602580041,UMLIFE_v2_TLC555,ch3,origplant,soil_moisture,1459,,,OK,,,986.8,,name=classic;level=well watered;role=disp;spread=41;gpio=35;device_seq=80343;time_source=device_synced;device_timestamp_utc=2026-07-28T13:34:50.483Z;config_id=257fa022;rssi=-62;uptime_s=602580;heap=196152;cal_tier=channel-cal;cal_src=wet_rederive_1236_20260719;pressure_context_source=weather_openmeteo;transport=wifi_poll,
plants.env,2026-07-28T13:34:52.393Z,2026-07-28 08:34:52.393,26665,6762df,y9d41p,0.7.3,fleet_logger_0_1,602580797,ESP32,esp32_die,on_chip,die_temp,,52.78,degC,OK,,,,,name=classic;source=esp32_die;cal=uncalibrated_board_proxy;api=temperatureRead;config_id=257fa022;transport=wifi_poll,
plants.soil,2026-07-28T13:35:24.139Z,2026-07-28 08:35:24.139,26666,6762df,y9d41p,0.7.3,fleet_logger_0_1,602610041,UMLIFE_v2_TLC555,ch0,origplant,soil_moisture,1563,,,OK,,,986.8,,name=classic;level=well watered;role=disp;spread=30;gpio=36;device_seq=80344;time_source=device_synced;device_timestamp_utc=2026-07-28T13:35:20.483Z;config_id=257fa022;rssi=-63;uptime_s=602610;heap=195628;cal_tier=channel-cal;cal_src=wet_rederive_1236_20260719;pressure_context_source=weather_openmeteo;transport=wifi_poll,
plants.soil,2026-07-28T13:35:24.139Z,2026-07-28 08:35:24.139,26667,6762df,y9d41p,0.7.3,fleet_logger_0_1,602610041,UMLIFE_v2_TLC555,ch1,origplant,soil_moisture,1696,,,OK,,,986.8,,name=classic;level=OK;role=disp;spread=24;gpio=39;device_seq=80345;time_source=device_synced;device_timestamp_utc=2026-07-28T13:35:20.483Z;config_id=257fa022;rssi=-63;uptime_s=602610;heap=195628;cal_tier=channel-cal;cal_src=wet_rederive_1236_20260719;pressure_context_source=weather_openmeteo;transport=wifi_poll,
plants.soil,2026-07-28T13:35:24.139Z,2026-07-28 08:35:24.139,26668,6762df,y9d41p,0.7.3,fleet_logger_0_1,602610041,UMLIFE_v2_TLC555,ch2,origplant,soil_moisture,1347,,,OK,,,986.8,,name=classic;level=overwatered;role=disp;spread=31;gpio=34;device_seq=80346;time_source=device_synced;device_timestamp_utc=2026-07-28T13:35:20.483Z;config_id=257fa022;rssi=-63;uptime_s=602610;heap=195628;cal_tier=channel-cal;cal_src=wet_rederive_1236_20260719;pressure_context_source=weather_openmeteo;transport=wifi_poll,
plants.soil,2026-07-28T13:35:24.139Z,2026-07-28 08:35:24.139,26669,6762df,y9d41p,0.7.3,fleet_logger_0_1,602610041,UMLIFE_v2_TLC555,ch3,origplant,soil_moisture,1423,,,OK,,,986.8,,name=classic;level=well watered;role=disp;spread=24;gpio=35;device_seq=80347;time_source=device_synced;device_timestamp_utc=2026-07-28T13:35:20.483Z;config_id=257fa022;rssi=-63;uptime_s=602610;heap=195628;cal_tier=channel-cal;cal_src=wet_rederive_1236_20260719;pressure_context_source=weather_openmeteo;transport=wifi_poll,
plants.env,2026-07-28T13:35:24.139Z,2026-07-28 08:35:24.139,26670,6762df,y9d41p,0.7.3,fleet_logger_0_1,602610797,ESP32,esp32_die,on_chip,die_temp,,52.78,degC,OK,,,,,name=classic;source=esp32_die;cal=uncalibrated_board_proxy;api=temperatureRead;config_id=257fa022;transport=wifi_poll,
plants.soil,2026-07-28T13:35:55.167Z,2026-07-28 08:35:55.167,26671,6762df,y9d41p,0.7.3,fleet_logger_0_1,602640041,UMLIFE_v2_TLC555,ch0,origplant,soil_moisture,1589,,,OK,,,986.8,,name=classic;level=well watered;role=disp;spread=38;gpio=36;device_seq=80348;time_source=device_synced;device_timestamp_utc=2026-07-28T13:35:50.483Z;config_id=257fa022;rssi=-63;uptime_s=602640;heap=195636;cal_tier=channel-cal;cal_src=wet_rederive_1236_20260719;pressure_context_source=weather_openmeteo;transport=wifi_poll,
plants.soil,2026-07-28T13:35:55.167Z,2026-07-28 08:35:55.167,26672,6762df,y9d41p,0.7.3,fleet_logger_0_1,602640041,UMLIFE_v2_TLC555,ch1,origplant,soil_moisture,1721,,,OK,,,986.8,,name=classic;level=OK;role=disp;spread=26;gpio=39;device_seq=80349;time_source=device_synced;device_timestamp_utc=2026-07-28T13:35:50.483Z;config_id=257fa022;rssi=-63;uptime_s=602640;heap=195636;cal_tier=channel-cal;cal_src=wet_rederive_1236_20260719;pressure_context_source=weather_openmeteo;transport=wifi_poll,
plants.soil,2026-07-28T13:35:55.167Z,2026-07-28 08:35:55.167,26673,6762df,y9d41p,0.7.3,fleet_logger_0_1,602640041,UMLIFE_v2_TLC555,ch2,origplant,soil_moisture,1379,,,OK,,,986.8,,name=classic;level=overwatered;role=disp;spread=21;gpio=34;device_seq=80350;time_source=device_synced;device_timestamp_utc=2026-07-28T13:35:50.483Z;config_id=257fa022;rssi=-63;uptime_s=602640;heap=195636;cal_tier=channel-cal;cal_src=wet_rederive_1236_20260719;pressure_context_source=weather_openmeteo;transport=wifi_poll,
plants.soil,2026-07-28T13:35:55.167Z,2026-07-28 08:35:55.167,26674,6762df,y9d41p,0.7.3,fleet_logger_0_1,602640041,UMLIFE_v2_TLC555,ch3,origplant,soil_moisture,1467,,,OK,,,986.8,,name=classic;level=well watered;role=disp;spread=24;gpio=35;device_seq=80351;time_source=device_synced;device_timestamp_utc=2026-07-28T13:35:50.483Z;config_id=257fa022;rssi=-63;uptime_s=602640;heap=195636;cal_tier=channel-cal;cal_src=wet_rederive_1236_20260719;pressure_context_source=weather_openmeteo;transport=wifi_poll,
plants.env,2026-07-28T13:35:55.167Z,2026-07-28 08:35:55.167,26675,6762df,y9d41p,0.7.3,fleet_logger_0_1,602640797,ESP32,esp32_die,on_chip,die_temp,,53.33,degC,OK,,,,,name=classic;source=esp32_die;cal=uncalibrated_board_proxy;api=temperatureRead;config_id=257fa022;transport=wifi_poll,
plants.soil,2026-07-28T13:36:25.576Z,2026-07-28 08:36:25.576,26676,6762df,y9d41p,0.7.3,fleet_logger_0_1,602670041,UMLIFE_v2_TLC555,ch0,origplant,soil_moisture,1590,,,OK,,,986.8,,name=classic;level=well watered;role=disp;spread=14;gpio=36;device_seq=80352;time_source=device_synced;device_timestamp_utc=2026-07-28T13:36:20.483Z;config_id=257fa022;rssi=-62;uptime_s=602670;heap=195880;cal_tier=channel-cal;cal_src=wet_rederive_1236_20260719;pressure_context_source=weather_openmeteo;transport=wifi_poll,
plants.soil,2026-07-28T13:36:25.576Z,2026-07-28 08:36:25.576,26677,6762df,y9d41p,0.7.3,fleet_logger_0_1,602670041,UMLIFE_v2_TLC555,ch1,origplant,soil_moisture,1721,,,OK,,,986.8,,name=classic;level=OK;role=disp;spread=41;gpio=39;device_seq=80353;time_source=device_synced;device_timestamp_utc=2026-07-28T13:36:20.483Z;config_id=257fa022;rssi=-62;uptime_s=602670;heap=195880;cal_tier=channel-cal;cal_src=wet_rederive_1236_20260719;pressure_context_source=weather_openmeteo;transport=wifi_poll,
plants.soil,2026-07-28T13:36:25.576Z,2026-07-28 08:36:25.576,26678,6762df,y9d41p,0.7.3,fleet_logger_0_1,602670041,UMLIFE_v2_TLC555,ch2,origplant,soil_moisture,1382,,,OK,,,986.8,,name=classic;level=overwatered;role=disp;spread=41;gpio=34;device_seq=80354;time_source=device_synced;device_timestamp_utc=2026-07-28T13:36:20.483Z;config_id=257fa022;rssi=-62;uptime_s=602670;heap=195880;cal_tier=channel-cal;cal_src=wet_rederive_1236_20260719;pressure_context_source=weather_openmeteo;transport=wifi_poll,
plants.soil,2026-07-28T13:36:25.576Z,2026-07-28 08:36:25.576,26679,6762df,y9d41p,0.7.3,fleet_logger_0_1,602670041,UMLIFE_v2_TLC555,ch3,origplant,soil_moisture,1460,,,OK,,,986.8,,name=classic;level=well watered;role=disp;spread=25;gpio=35;device_seq=80355;time_source=device_synced;device_timestamp_utc=2026-07-28T13:36:20.483Z;config_id=257fa022;rssi=-62;uptime_s=602670;heap=195880;cal_tier=channel-cal;cal_src=wet_rederive_1236_20260719;pressure_context_source=weather_openmeteo;transport=wifi_poll,
plants.env,2026-07-28T13:36:25.576Z,2026-07-28 08:36:25.576,26680,6762df,y9d41p,0.7.3,fleet_logger_0_1,602670797,ESP32,esp32_die,on_chip,die_temp,,52.78,degC,OK,,,,,name=classic;source=esp32_die;cal=uncalibrated_board_proxy;api=temperatureRead;config_id=257fa022;transport=wifi_poll,
plants.soil,2026-07-28T13:36:55.886Z,2026-07-28 08:36:55.886,26681,6762df,y9d41p,0.7.3,fleet_logger_0_1,602700041,UMLIFE_v2_TLC555,ch0,origplant,soil_moisture,1592,,,OK,,,986.8,,name=classic;level=well watered;role=disp;spread=22;gpio=36;device_seq=80356;time_source=device_synced;device_timestamp_utc=2026-07-28T13:36:50.483Z;config_id=257fa022;rssi=-61;uptime_s=602700;heap=195892;cal_tier=channel-cal;cal_src=wet_rederive_1236_20260719;pressure_context_source=weather_openmeteo;transport=wifi_poll,
plants.soil,2026-07-28T13:36:55.886Z,2026-07-28 08:36:55.886,26682,6762df,y9d41p,0.7.3,fleet_logger_0_1,602700041,UMLIFE_v2_TLC555,ch1,origplant,soil_moisture,1726,,,OK,,,986.8,,name=classic;level=OK;role=disp;spread=28;gpio=39;device_seq=80357;time_source=device_synced;device_timestamp_utc=2026-07-28T13:36:50.483Z;config_id=257fa022;rssi=-61;uptime_s=602700;heap=195892;cal_tier=channel-cal;cal_src=wet_rederive_1236_20260719;pressure_context_source=weather_openmeteo;transport=wifi_poll,
plants.soil,2026-07-28T13:36:55.886Z,2026-07-28 08:36:55.886,26683,6762df,y9d41p,0.7.3,fleet_logger_0_1,602700041,UMLIFE_v2_TLC555,ch2,origplant,soil_moisture,1375,,,OK,,,986.8,,name=classic;level=overwatered;role=disp;spread=45;gpio=34;device_seq=80358;time_source=device_synced;device_timestamp_utc=2026-07-28T13:36:50.483Z;config_id=257fa022;rssi=-61;uptime_s=602700;heap=195892;cal_tier=channel-cal;cal_src=wet_rederive_1236_20260719;pressure_context_source=weather_openmeteo;transport=wifi_poll,
plants.soil,2026-07-28T13:36:55.886Z,2026-07-28 08:36:55.886,26684,6762df,y9d41p,0.7.3,fleet_logger_0_1,602700041,UMLIFE_v2_TLC555,ch3,origplant,soil_moisture,1461,,,OK,,,986.8,,name=classic;level=well watered;role=disp;spread=23;gpio=35;device_seq=80359;time_source=device_synced;device_timestamp_utc=2026-07-28T13:36:50.483Z;config_id=257fa022;rssi=-61;uptime_s=602700;heap=195892;cal_tier=channel-cal;cal_src=wet_rederive_1236_20260719;pressure_context_source=weather_openmeteo;transport=wifi_poll,
plants.env,2026-07-28T13:36:55.886Z,2026-07-28 08:36:55.886,26685,6762df,y9d41p,0.7.3,fleet_logger_0_1,602700796,ESP32,esp32_die,on_chip,die_temp,,53.33,degC,OK,,,,,name=classic;source=esp32_die;cal=uncalibrated_board_proxy;api=temperatureRead;config_id=257fa022;transport=wifi_poll,
plants.soil,2026-07-28T13:37:26.198Z,2026-07-28 08:37:26.198,26686,6762df,y9d41p,0.7.3,fleet_logger_0_1,602730041,UMLIFE_v2_TLC555,ch0,origplant,soil_moisture,1590,,,OK,,,986.8,,name=classic;level=well watered;role=disp;spread=29;gpio=36;device_seq=80360;time_source=device_synced;device_timestamp_utc=2026-07-28T13:37:20.483Z;config_id=257fa022;rssi=-62;uptime_s=602730;heap=195896;cal_tier=channel-cal;cal_src=wet_rederive_1236_20260719;pressure_context_source=weather_openmeteo;transport=wifi_poll,
plants.soil,2026-07-28T13:37:26.198Z,2026-07-28 08:37:26.198,26687,6762df,y9d41p,0.7.3,fleet_logger_0_1,602730041,UMLIFE_v2_TLC555,ch1,origplant,soil_moisture,1725,,,OK,,,986.8,,name=classic;level=OK;role=disp;spread=38;gpio=39;device_seq=80361;time_source=device_synced;device_timestamp_utc=2026-07-28T13:37:20.483Z;config_id=257fa022;rssi=-62;uptime_s=602730;heap=195896;cal_tier=channel-cal;cal_src=wet_rederive_1236_20260719;pressure_context_source=weather_openmeteo;transport=wifi_poll,
plants.soil,2026-07-28T13:37:26.198Z,2026-07-28 08:37:26.198,26688,6762df,y9d41p,0.7.3,fleet_logger_0_1,602730041,UMLIFE_v2_TLC555,ch2,origplant,soil_moisture,1380,,,OK,,,986.8,,name=classic;level=overwatered;role=disp;spread=53;gpio=34;device_seq=80362;time_source=device_synced;device_timestamp_utc=2026-07-28T13:37:20.483Z;config_id=257fa022;rssi=-62;uptime_s=602730;heap=195896;cal_tier=channel-cal;cal_src=wet_rederive_1236_20260719;pressure_context_source=weather_openmeteo;transport=wifi_poll,
plants.soil,2026-07-28T13:37:26.198Z,2026-07-28 08:37:26.198,26689,6762df,y9d41p,0.7.3,fleet_logger_0_1,602730041,UMLIFE_v2_TLC555,ch3,origplant,soil_moisture,1460,,,OK,,,986.8,,name=classic;level=well watered;role=disp;spread=19;gpio=35;device_seq=80363;time_source=device_synced;device_timestamp_utc=2026-07-28T13:37:20.483Z;config_id=257fa022;rssi=-62;uptime_s=602730;heap=195896;cal_tier=channel-cal;cal_src=wet_rederive_1236_20260719;pressure_context_source=weather_openmeteo;transport=wifi_poll,
plants.env,2026-07-28T13:37:26.198Z,2026-07-28 08:37:26.198,26690,6762df,y9d41p,0.7.3,fleet_logger_0_1,602730797,ESP32,esp32_die,on_chip,die_temp,,53.33,degC,OK,,,,,name=classic;source=esp32_die;cal=uncalibrated_board_proxy;api=temperatureRead;config_id=257fa022;transport=wifi_poll,
plants.soil,2026-07-28T13:37:56.509Z,2026-07-28 08:37:56.509,26691,6762df,y9d41p,0.7.3,fleet_logger_0_1,602760041,UMLIFE_v2_TLC555,ch0,origplant,soil_moisture,1588,,,OK,,,986.8,,name=classic;level=well watered;role=disp;spread=36;gpio=36;device_seq=80364;time_source=device_synced;device_timestamp_utc=2026-07-28T13:37:50.483Z;config_id=257fa022;rssi=-63;uptime_s=602760;heap=193460;cal_tier=channel-cal;cal_src=wet_rederive_1236_20260719;pressure_context_source=weather_openmeteo;transport=wifi_poll,
plants.soil,2026-07-28T13:37:56.509Z,2026-07-28 08:37:56.509,26692,6762df,y9d41p,0.7.3,fleet_logger_0_1,602760041,UMLIFE_v2_TLC555,ch1,origplant,soil_moisture,1724,,,OK,,,986.8,,name=classic;level=OK;role=disp;spread=32;gpio=39;device_seq=80365;time_source=device_synced;device_timestamp_utc=2026-07-28T13:37:50.483Z;config_id=257fa022;rssi=-63;uptime_s=602760;heap=193460;cal_tier=channel-cal;cal_src=wet_rederive_1236_20260719;pressure_context_source=weather_openmeteo;transport=wifi_poll,
plants.soil,2026-07-28T13:37:56.509Z,2026-07-28 08:37:56.509,26693,6762df,y9d41p,0.7.3,fleet_logger_0_1,602760041,UMLIFE_v2_TLC555,ch2,origplant,soil_moisture,1381,,,OK,,,986.8,,name=classic;level=overwatered;role=disp;spread=35;gpio=34;device_seq=80366;time_source=device_synced;device_timestamp_utc=2026-07-28T13:37:50.483Z;config_id=257fa022;rssi=-63;uptime_s=602760;heap=193460;cal_tier=channel-cal;cal_src=wet_rederive_1236_20260719;pressure_context_source=weather_openmeteo;transport=wifi_poll,
plants.soil,2026-07-28T13:37:56.509Z,2026-07-28 08:37:56.509,26694,6762df,y9d41p,0.7.3,fleet_logger_0_1,602760041,UMLIFE_v2_TLC555,ch3,origplant,soil_moisture,1459,,,OK,,,986.8,,name=classic;level=well watered;role=disp;spread=17;gpio=35;device_seq=80367;time_source=device_synced;device_timestamp_utc=2026-07-28T13:37:50.483Z;config_id=257fa022;rssi=-63;uptime_s=602760;heap=193460;cal_tier=channel-cal;cal_src=wet_rederive_1236_20260719;pressure_context_source=weather_openmeteo;transport=wifi_poll,
plants.env,2026-07-28T13:37:56.509Z,2026-07-28 08:37:56.509,26695,6762df,y9d41p,0.7.3,fleet_logger_0_1,602760796,ESP32,esp32_die,on_chip,die_temp,,53.33,degC,OK,,,,,name=classic;source=esp32_die;cal=uncalibrated_board_proxy;api=temperatureRead;config_id=257fa022;transport=wifi_poll,
plants.soil,2026-07-28T13:38:26.920Z,2026-07-28 08:38:26.920,26696,6762df,y9d41p,0.7.3,fleet_logger_0_1,602790041,UMLIFE_v2_TLC555,ch0,origplant,soil_moisture,1592,,,OK,,,986.8,,name=classic;level=well watered;role=disp;spread=32;gpio=36;device_seq=80368;time_source=device_synced;device_timestamp_utc=2026-07-28T13:38:20.483Z;config_id=257fa022;rssi=-63;uptime_s=602790;heap=195632;cal_tier=channel-cal;cal_src=wet_rederive_1236_20260719;pressure_context_source=weather_openmeteo;transport=wifi_poll,
plants.soil,2026-07-28T13:38:26.920Z,2026-07-28 08:38:26.920,26697,6762df,y9d41p,0.7.3,fleet_logger_0_1,602790041,UMLIFE_v2_TLC555,ch1,origplant,soil_moisture,1727,,,OK,,,986.8,,name=classic;level=OK;role=disp;spread=31;gpio=39;device_seq=80369;time_source=device_synced;device_timestamp_utc=2026-07-28T13:38:20.483Z;config_id=257fa022;rssi=-63;uptime_s=602790;heap=195632;cal_tier=channel-cal;cal_src=wet_rederive_1236_20260719;pressure_context_source=weather_openmeteo;transport=wifi_poll,
plants.soil,2026-07-28T13:38:26.920Z,2026-07-28 08:38:26.920,26698,6762df,y9d41p,0.7.3,fleet_logger_0_1,602790041,UMLIFE_v2_TLC555,ch2,origplant,soil_moisture,1377,,,OK,,,986.8,,name=classic;level=overwatered;role=disp;spread=18;gpio=34;device_seq=80370;time_source=device_synced;device_timestamp_utc=2026-07-28T13:38:20.483Z;config_id=257fa022;rssi=-63;uptime_s=602790;heap=195632;cal_tier=channel-cal;cal_src=wet_rederive_1236_20260719;pressure_context_source=weather_openmeteo;transport=wifi_poll,
plants.soil,2026-07-28T13:38:26.920Z,2026-07-28 08:38:26.920,26699,6762df,y9d41p,0.7.3,fleet_logger_0_1,602790041,UMLIFE_v2_TLC555,ch3,origplant,soil_moisture,1458,,,OK,,,986.8,,name=classic;level=well watered;role=disp;spread=20;gpio=35;device_seq=80371;time_source=device_synced;device_timestamp_utc=2026-07-28T13:38:20.483Z;config_id=257fa022;rssi=-63;uptime_s=602790;heap=195632;cal_tier=channel-cal;cal_src=wet_rederive_1236_20260719;pressure_context_source=weather_openmeteo;transport=wifi_poll,
plants.env,2026-07-28T13:38:26.920Z,2026-07-28 08:38:26.920,26700,6762df,y9d41p,0.7.3,fleet_logger_0_1,602790797,ESP32,esp32_die,on_chip,die_temp,,53.33,degC,OK,,,,,name=classic;source=esp32_die;cal=uncalibrated_board_proxy;api=temperatureRead;config_id=257fa022;transport=wifi_poll,
plants.soil,2026-07-28T13:38:57.850Z,2026-07-28 08:38:57.850,26701,6762df,y9d41p,0.7.3,fleet_logger_0_1,602820041,UMLIFE_v2_TLC555,ch0,origplant,soil_moisture,1561,,,OK,,,986.8,,name=classic;level=well watered;role=disp;spread=53;gpio=36;device_seq=80372;time_source=device_synced;device_timestamp_utc=2026-07-28T13:38:50.483Z;config_id=257fa022;rssi=-61;uptime_s=602820;heap=195632;cal_tier=channel-cal;cal_src=wet_rederive_1236_20260719;pressure_context_source=weather_openmeteo;transport=wifi_poll,
plants.soil,2026-07-28T13:38:57.850Z,2026-07-28 08:38:57.850,26702,6762df,y9d41p,0.7.3,fleet_logger_0_1,602820041,UMLIFE_v2_TLC555,ch1,origplant,soil_moisture,1698,,,OK,,,986.8,,name=classic;level=OK;role=disp;spread=43;gpio=39;device_seq=80373;time_source=device_synced;device_timestamp_utc=2026-07-28T13:38:50.483Z;config_id=257fa022;rssi=-61;uptime_s=602820;heap=195632;cal_tier=channel-cal;cal_src=wet_rederive_1236_20260719;pressure_context_source=weather_openmeteo;transport=wifi_poll,
plants.soil,2026-07-28T13:38:57.850Z,2026-07-28 08:38:57.850,26703,6762df,y9d41p,0.7.3,fleet_logger_0_1,602820041,UMLIFE_v2_TLC555,ch2,origplant,soil_moisture,1351,,,OK,,,986.8,,name=classic;level=overwatered;role=disp;spread=48;gpio=34;device_seq=80374;time_source=device_synced;device_timestamp_utc=2026-07-28T13:38:50.483Z;config_id=257fa022;rssi=-61;uptime_s=602820;heap=195632;cal_tier=channel-cal;cal_src=wet_rederive_1236_20260719;pressure_context_source=weather_openmeteo;transport=wifi_poll,
plants.soil,2026-07-28T13:38:57.850Z,2026-07-28 08:38:57.850,26704,6762df,y9d41p,0.7.3,fleet_logger_0_1,602820041,UMLIFE_v2_TLC555,ch3,origplant,soil_moisture,1428,,,OK,,,986.8,,name=classic;level=well watered;role=disp;spread=8;gpio=35;device_seq=80375;time_source=device_synced;device_timestamp_utc=2026-07-28T13:38:50.483Z;config_id=257fa022;rssi=-61;uptime_s=602820;heap=195632;cal_tier=channel-cal;cal_src=wet_rederive_1236_20260719;pressure_context_source=weather_openmeteo;transport=wifi_poll,
plants.env,2026-07-28T13:38:57.850Z,2026-07-28 08:38:57.850,26705,6762df,y9d41p,0.7.3,fleet_logger_0_1,602820796,ESP32,esp32_die,on_chip,die_temp,,53.33,degC,OK,,,,,name=classic;source=esp32_die;cal=uncalibrated_board_proxy;api=temperatureRead;config_id=257fa022;transport=wifi_poll,
plants.soil,2026-07-28T13:39:28.567Z,2026-07-28 08:39:28.567,26706,6762df,y9d41p,0.7.3,fleet_logger_0_1,602850041,UMLIFE_v2_TLC555,ch0,origplant,soil_moisture,1593,,,OK,,,986.8,,name=classic;level=well watered;role=disp;spread=29;gpio=36;device_seq=80376;time_source=device_synced;device_timestamp_utc=2026-07-28T13:39:20.483Z;config_id=257fa022;rssi=-62;uptime_s=602850;heap=195904;cal_tier=channel-cal;cal_src=wet_rederive_1236_20260719;pressure_context_source=weather_openmeteo;transport=wifi_poll,
plants.soil,2026-07-28T13:39:28.567Z,2026-07-28 08:39:28.567,26707,6762df,y9d41p,0.7.3,fleet_logger_0_1,602850041,UMLIFE_v2_TLC555,ch1,origplant,soil_moisture,1725,,,OK,,,986.8,,name=classic;level=OK;role=disp;spread=49;gpio=39;device_seq=80377;time_source=device_synced;device_timestamp_utc=2026-07-28T13:39:20.483Z;config_id=257fa022;rssi=-62;uptime_s=602850;heap=195904;cal_tier=channel-cal;cal_src=wet_rederive_1236_20260719;pressure_context_source=weather_openmeteo;transport=wifi_poll,
plants.soil,2026-07-28T13:39:28.567Z,2026-07-28 08:39:28.567,26708,6762df,y9d41p,0.7.3,fleet_logger_0_1,602850041,UMLIFE_v2_TLC555,ch2,origplant,soil_moisture,1380,,,OK,,,986.8,,name=classic;level=overwatered;role=disp;spread=35;gpio=34;device_seq=80378;time_source=device_synced;device_timestamp_utc=2026-07-28T13:39:20.483Z;config_id=257fa022;rssi=-62;uptime_s=602850;heap=195904;cal_tier=channel-cal;cal_src=wet_rederive_1236_20260719;pressure_context_source=weather_openmeteo;transport=wifi_poll,
plants.soil,2026-07-28T13:39:28.567Z,2026-07-28 08:39:28.567,26709,6762df,y9d41p,0.7.3,fleet_logger_0_1,602850041,UMLIFE_v2_TLC555,ch3,origplant,soil_moisture,1461,,,OK,,,986.8,,name=classic;level=well watered;role=disp;spread=24;gpio=35;device_seq=80379;time_source=device_synced;device_timestamp_utc=2026-07-28T13:39:20.483Z;config_id=257fa022;rssi=-62;uptime_s=602850;heap=195904;cal_tier=channel-cal;cal_src=wet_rederive_1236_20260719;pressure_context_source=weather_openmeteo;transport=wifi_poll,
plants.env,2026-07-28T13:39:28.567Z,2026-07-28 08:39:28.567,26710,6762df,y9d41p,0.7.3,fleet_logger_0_1,602850797,ESP32,esp32_die,on_chip,die_temp,,53.33,degC,OK,,,,,name=classic;source=esp32_die;cal=uncalibrated_board_proxy;api=temperatureRead;config_id=257fa022;transport=wifi_poll,
plants.soil,2026-07-28T13:39:58.979Z,2026-07-28 08:39:58.979,26711,6762df,y9d41p,0.7.3,fleet_logger_0_1,602880041,UMLIFE_v2_TLC555,ch0,origplant,soil_moisture,1560,,,OK,,,986.8,,name=classic;level=well watered;role=disp;spread=34;gpio=36;device_seq=80380;time_source=device_synced;device_timestamp_utc=2026-07-28T13:39:50.483Z;config_id=257fa022;rssi=-63;uptime_s=602880;heap=195904;cal_tier=channel-cal;cal_src=wet_rederive_1236_20260719;pressure_context_source=weather_openmeteo;transport=wifi_poll,
plants.soil,2026-07-28T13:39:58.979Z,2026-07-28 08:39:58.979,26712,6762df,y9d41p,0.7.3,fleet_logger_0_1,602880041,UMLIFE_v2_TLC555,ch1,origplant,soil_moisture,1713,,,OK,,,986.8,,name=classic;level=OK;role=disp;spread=42;gpio=39;device_seq=80381;time_source=device_synced;device_timestamp_utc=2026-07-28T13:39:50.483Z;config_id=257fa022;rssi=-63;uptime_s=602880;heap=195904;cal_tier=channel-cal;cal_src=wet_rederive_1236_20260719;pressure_context_source=weather_openmeteo;transport=wifi_poll,
plants.soil,2026-07-28T13:39:58.979Z,2026-07-28 08:39:58.979,26713,6762df,y9d41p,0.7.3,fleet_logger_0_1,602880041,UMLIFE_v2_TLC555,ch2,origplant,soil_moisture,1372,,,OK,,,986.8,,name=classic;level=overwatered;role=disp;spread=48;gpio=34;device_seq=80382;time_source=device_synced;device_timestamp_utc=2026-07-28T13:39:50.483Z;config_id=257fa022;rssi=-63;uptime_s=602880;heap=195904;cal_tier=channel-cal;cal_src=wet_rederive_1236_20260719;pressure_context_source=weather_openmeteo;transport=wifi_poll,
plants.soil,2026-07-28T13:39:58.979Z,2026-07-28 08:39:58.979,26714,6762df,y9d41p,0.7.3,fleet_logger_0_1,602880041,UMLIFE_v2_TLC555,ch3,origplant,soil_moisture,1458,,,OK,,,986.8,,name=classic;level=well watered;role=disp;spread=16;gpio=35;device_seq=80383;time_source=device_synced;device_timestamp_utc=2026-07-28T13:39:50.483Z;config_id=257fa022;rssi=-63;uptime_s=602880;heap=195904;cal_tier=channel-cal;cal_src=wet_rederive_1236_20260719;pressure_context_source=weather_openmeteo;transport=wifi_poll,
plants.env,2026-07-28T13:39:58.979Z,2026-07-28 08:39:58.979,26715,6762df,y9d41p,0.7.3,fleet_logger_0_1,602880797,ESP32,esp32_die,on_chip,die_temp,,53.33,degC,OK,,,,,name=classic;source=esp32_die;cal=uncalibrated_board_proxy;api=temperatureRead;config_id=257fa022;transport=wifi_poll,
plants.soil,2026-07-28T13:40:29.289Z,2026-07-28 08:40:29.289,26716,6762df,y9d41p,0.7.3,fleet_logger_0_1,602910041,UMLIFE_v2_TLC555,ch0,origplant,soil_moisture,1584,,,OK,,,986.8,,name=classic;level=well watered;role=disp;spread=33;gpio=36;device_seq=80384;time_source=device_synced;device_timestamp_utc=2026-07-28T13:40:20.483Z;config_id=257fa022;rssi=-62;uptime_s=602910;heap=195884;cal_tier=channel-cal;cal_src=wet_rederive_1236_20260719;pressure_context_source=weather_openmeteo;transport=wifi_poll,
plants.soil,2026-07-28T13:40:29.289Z,2026-07-28 08:40:29.289,26717,6762df,y9d41p,0.7.3,fleet_logger_0_1,602910041,UMLIFE_v2_TLC555,ch1,origplant,soil_moisture,1720,,,OK,,,986.8,,name=classic;level=OK;role=disp;spread=25;gpio=39;device_seq=80385;time_source=device_synced;device_timestamp_utc=2026-07-28T13:40:20.483Z;config_id=257fa022;rssi=-62;uptime_s=602910;heap=195884;cal_tier=channel-cal;cal_src=wet_rederive_1236_20260719;pressure_context_source=weather_openmeteo;transport=wifi_poll,
plants.soil,2026-07-28T13:40:29.289Z,2026-07-28 08:40:29.289,26718,6762df,y9d41p,0.7.3,fleet_logger_0_1,602910041,UMLIFE_v2_TLC555,ch2,origplant,soil_moisture,1373,,,OK,,,986.8,,name=classic;level=overwatered;role=disp;spread=45;gpio=34;device_seq=80386;time_source=device_synced;device_timestamp_utc=2026-07-28T13:40:20.483Z;config_id=257fa022;rssi=-62;uptime_s=602910;heap=195884;cal_tier=channel-cal;cal_src=wet_rederive_1236_20260719;pressure_context_source=weather_openmeteo;transport=wifi_poll,
plants.soil,2026-07-28T13:40:29.289Z,2026-07-28 08:40:29.289,26719,6762df,y9d41p,0.7.3,fleet_logger_0_1,602910041,UMLIFE_v2_TLC555,ch3,origplant,soil_moisture,1460,,,OK,,,986.8,,name=classic;level=well watered;role=disp;spread=17;gpio=35;device_seq=80387;time_source=device_synced;device_timestamp_utc=2026-07-28T13:40:20.483Z;config_id=257fa022;rssi=-62;uptime_s=602910;heap=195884;cal_tier=channel-cal;cal_src=wet_rederive_1236_20260719;pressure_context_source=weather_openmeteo;transport=wifi_poll,
plants.env,2026-07-28T13:40:29.289Z,2026-07-28 08:40:29.289,26720,6762df,y9d41p,0.7.3,fleet_logger_0_1,602910796,ESP32,esp32_die,on_chip,die_temp,,52.78,degC,OK,,,,,name=classic;source=esp32_die;cal=uncalibrated_board_proxy;api=temperatureRead;config_id=257fa022;transport=wifi_poll,
plants.soil,2026-07-28T13:40:59.905Z,2026-07-28 08:40:59.905,26721,6762df,y9d41p,0.7.3,fleet_logger_0_1,602940041,UMLIFE_v2_TLC555,ch0,origplant,soil_moisture,1569,,,OK,,,986.8,,name=classic;level=well watered;role=disp;spread=21;gpio=36;device_seq=80388;time_source=device_synced;device_timestamp_utc=2026-07-28T13:40:50.483Z;config_id=257fa022;rssi=-62;uptime_s=602940;heap=195884;cal_tier=channel-cal;cal_src=wet_rederive_1236_20260719;pressure_context_source=weather_openmeteo;transport=wifi_poll,
plants.soil,2026-07-28T13:40:59.905Z,2026-07-28 08:40:59.905,26722,6762df,y9d41p,0.7.3,fleet_logger_0_1,602940041,UMLIFE_v2_TLC555,ch1,origplant,soil_moisture,1712,,,OK,,,986.8,,name=classic;level=OK;role=disp;spread=25;gpio=39;device_seq=80389;time_source=device_synced;device_timestamp_utc=2026-07-28T13:40:50.483Z;config_id=257fa022;rssi=-62;uptime_s=602940;heap=195884;cal_tier=channel-cal;cal_src=wet_rederive_1236_20260719;pressure_context_source=weather_openmeteo;transport=wifi_poll,
plants.soil,2026-07-28T13:40:59.905Z,2026-07-28 08:40:59.905,26723,6762df,y9d41p,0.7.3,fleet_logger_0_1,602940041,UMLIFE_v2_TLC555,ch2,origplant,soil_moisture,1373,,,OK,,,986.8,,name=classic;level=overwatered;role=disp;spread=36;gpio=34;device_seq=80390;time_source=device_synced;device_timestamp_utc=2026-07-28T13:40:50.483Z;config_id=257fa022;rssi=-62;uptime_s=602940;heap=195884;cal_tier=channel-cal;cal_src=wet_rederive_1236_20260719;pressure_context_source=weather_openmeteo;transport=wifi_poll,
plants.soil,2026-07-28T13:40:59.905Z,2026-07-28 08:40:59.905,26724,6762df,y9d41p,0.7.3,fleet_logger_0_1,602940041,UMLIFE_v2_TLC555,ch3,origplant,soil_moisture,1457,,,OK,,,986.8,,name=classic;level=well watered;role=disp;spread=28;gpio=35;device_seq=80391;time_source=device_synced;device_timestamp_utc=2026-07-28T13:40:50.483Z;config_id=257fa022;rssi=-62;uptime_s=602940;heap=195884;cal_tier=channel-cal;cal_src=wet_rederive_1236_20260719;pressure_context_source=weather_openmeteo;transport=wifi_poll,
plants.env,2026-07-28T13:40:59.905Z,2026-07-28 08:40:59.905,26725,6762df,y9d41p,0.7.3,fleet_logger_0_1,602940797,ESP32,esp32_die,on_chip,die_temp,,52.78,degC,OK,,,,,name=classic;source=esp32_die;cal=uncalibrated_board_proxy;api=temperatureRead;config_id=257fa022;transport=wifi_poll,
plants.soil,2026-07-28T13:41:30.320Z,2026-07-28 08:41:30.320,26726,6762df,y9d41p,0.7.3,fleet_logger_0_1,602970041,UMLIFE_v2_TLC555,ch0,origplant,soil_moisture,1568,,,OK,,,986.8,,name=classic;level=well watered;role=disp;spread=23;gpio=36;device_seq=80392;time_source=device_synced;device_timestamp_utc=2026-07-28T13:41:20.483Z;config_id=257fa022;rssi=-62;uptime_s=602970;heap=195624;cal_tier=channel-cal;cal_src=wet_rederive_1236_20260719;pressure_context_source=weather_openmeteo;transport=wifi_poll,
plants.soil,2026-07-28T13:41:30.320Z,2026-07-28 08:41:30.320,26727,6762df,y9d41p,0.7.3,fleet_logger_0_1,602970041,UMLIFE_v2_TLC555,ch1,origplant,soil_moisture,1696,,,OK,,,986.8,,name=classic;level=OK;role=disp;spread=44;gpio=39;device_seq=80393;time_source=device_synced;device_timestamp_utc=2026-07-28T13:41:20.483Z;config_id=257fa022;rssi=-62;uptime_s=602970;heap=195624;cal_tier=channel-cal;cal_src=wet_rederive_1236_20260719;pressure_context_source=weather_openmeteo;transport=wifi_poll,
plants.soil,2026-07-28T13:41:30.320Z,2026-07-28 08:41:30.320,26728,6762df,y9d41p,0.7.3,fleet_logger_0_1,602970041,UMLIFE_v2_TLC555,ch2,origplant,soil_moisture,1349,,,OK,,,986.8,,name=classic;level=overwatered;role=disp;spread=39;gpio=34;device_seq=80394;time_source=device_synced;device_timestamp_utc=2026-07-28T13:41:20.483Z;config_id=257fa022;rssi=-62;uptime_s=602970;heap=195624;cal_tier=channel-cal;cal_src=wet_rederive_1236_20260719;pressure_context_source=weather_openmeteo;transport=wifi_poll,
plants.soil,2026-07-28T13:41:30.320Z,2026-07-28 08:41:30.320,26729,6762df,y9d41p,0.7.3,fleet_logger_0_1,602970041,UMLIFE_v2_TLC555,ch3,origplant,soil_moisture,1439,,,OK,,,986.8,,name=classic;level=well watered;role=disp;spread=6;gpio=35;device_seq=80395;time_source=device_synced;device_timestamp_utc=2026-07-28T13:41:20.483Z;config_id=257fa022;rssi=-62;uptime_s=602970;heap=195624;cal_tier=channel-cal;cal_src=wet_rederive_1236_20260719;pressure_context_source=weather_openmeteo;transport=wifi_poll,
plants.env,2026-07-28T13:41:30.320Z,2026-07-28 08:41:30.320,26730,6762df,y9d41p,0.7.3,fleet_logger_0_1,602970796,ESP32,esp32_die,on_chip,die_temp,,53.33,degC,OK,,,,,name=classic;source=esp32_die;cal=uncalibrated_board_proxy;api=temperatureRead;config_id=257fa022;transport=wifi_poll,
plants.soil,2026-07-28T13:42:00.630Z,2026-07-28 08:42:00.630,26731,6762df,y9d41p,0.7.3,fleet_logger_0_1,603000041,UMLIFE_v2_TLC555,ch0,origplant,soil_moisture,1590,,,OK,,,986.8,,name=classic;level=well watered;role=disp;spread=16;gpio=36;device_seq=80396;time_source=device_synced;device_timestamp_utc=2026-07-28T13:41:50.483Z;config_id=257fa022;rssi=-61;uptime_s=603000;heap=195484;cal_tier=channel-cal;cal_src=wet_rederive_1236_20260719;pressure_context_source=weather_openmeteo;transport=wifi_poll,
plants.soil,2026-07-28T13:42:00.630Z,2026-07-28 08:42:00.630,26732,6762df,y9d41p,0.7.3,fleet_logger_0_1,603000041,UMLIFE_v2_TLC555,ch1,origplant,soil_moisture,1720,,,OK,,,986.8,,name=classic;level=OK;role=disp;spread=24;gpio=39;device_seq=80397;time_source=device_synced;device_timestamp_utc=2026-07-28T13:41:50.483Z;config_id=257fa022;rssi=-61;uptime_s=603000;heap=195484;cal_tier=channel-cal;cal_src=wet_rederive_1236_20260719;pressure_context_source=weather_openmeteo;transport=wifi_poll,
plants.soil,2026-07-28T13:42:00.630Z,2026-07-28 08:42:00.630,26733,6762df,y9d41p,0.7.3,fleet_logger_0_1,603000041,UMLIFE_v2_TLC555,ch2,origplant,soil_moisture,1377,,,OK,,,986.8,,name=classic;level=overwatered;role=disp;spread=45;gpio=34;device_seq=80398;time_source=device_synced;device_timestamp_utc=2026-07-28T13:41:50.483Z;config_id=257fa022;rssi=-61;uptime_s=603000;heap=195484;cal_tier=channel-cal;cal_src=wet_rederive_1236_20260719;pressure_context_source=weather_openmeteo;transport=wifi_poll,
plants.soil,2026-07-28T13:42:00.630Z,2026-07-28 08:42:00.630,26734,6762df,y9d41p,0.7.3,fleet_logger_0_1,603000041,UMLIFE_v2_TLC555,ch3,origplant,soil_moisture,1462,,,OK,,,986.8,,name=classic;level=well watered;role=disp;spread=20;gpio=35;device_seq=80399;time_source=device_synced;device_timestamp_utc=2026-07-28T13:41:50.483Z;config_id=257fa022;rssi=-61;uptime_s=603000;heap=195484;cal_tier=channel-cal;cal_src=wet_rederive_1236_20260719;pressure_context_source=weather_openmeteo;transport=wifi_poll,
plants.env,2026-07-28T13:42:00.630Z,2026-07-28 08:42:00.630,26735,6762df,y9d41p,0.7.3,fleet_logger_0_1,603001862,ESP32,esp32_die,on_chip,die_temp,,52.78,degC,OK,,,,,name=classic;source=esp32_die;cal=uncalibrated_board_proxy;api=temperatureRead;config_id=257fa022;transport=wifi_poll,
plants.soil,2026-07-28T13:42:31.049Z,2026-07-28 08:42:31.049,26736,6762df,y9d41p,0.7.3,fleet_logger_0_1,603030041,UMLIFE_v2_TLC555,ch0,origplant,soil_moisture,1563,,,OK,,,986.8,,name=classic;level=well watered;role=disp;spread=41;gpio=36;device_seq=80400;time_source=device_synced;device_timestamp_utc=2026-07-28T13:42:20.483Z;config_id=257fa022;rssi=-61;uptime_s=603030;heap=195896;cal_tier=channel-cal;cal_src=wet_rederive_1236_20260719;pressure_context_source=weather_openmeteo;transport=wifi_poll,
plants.soil,2026-07-28T13:42:31.049Z,2026-07-28 08:42:31.049,26737,6762df,y9d41p,0.7.3,fleet_logger_0_1,603030041,UMLIFE_v2_TLC555,ch1,origplant,soil_moisture,1695,,,OK,,,986.8,,name=classic;level=OK;role=disp;spread=27;gpio=39;device_seq=80401;time_source=device_synced;device_timestamp_utc=2026-07-28T13:42:20.483Z;config_id=257fa022;rssi=-61;uptime_s=603030;heap=195896;cal_tier=channel-cal;cal_src=wet_rederive_1236_20260719;pressure_context_source=weather_openmeteo;transport=wifi_poll,
plants.soil,2026-07-28T13:42:31.049Z,2026-07-28 08:42:31.049,26738,6762df,y9d41p,0.7.3,fleet_logger_0_1,603030041,UMLIFE_v2_TLC555,ch2,origplant,soil_moisture,1351,,,OK,,,986.8,,name=classic;level=overwatered;role=disp;spread=21;gpio=34;device_seq=80402;time_source=device_synced;device_timestamp_utc=2026-07-28T13:42:20.483Z;config_id=257fa022;rssi=-61;uptime_s=603030;heap=195896;cal_tier=channel-cal;cal_src=wet_rederive_1236_20260719;pressure_context_source=weather_openmeteo;transport=wifi_poll,
plants.soil,2026-07-28T13:42:31.049Z,2026-07-28 08:42:31.049,26739,6762df,y9d41p,0.7.3,fleet_logger_0_1,603030041,UMLIFE_v2_TLC555,ch3,origplant,soil_moisture,1438,,,OK,,,986.8,,name=classic;level=well watered;role=disp;spread=32;gpio=35;device_seq=80403;time_source=device_synced;device_timestamp_utc=2026-07-28T13:42:20.483Z;config_id=257fa022;rssi=-61;uptime_s=603030;heap=195896;cal_tier=channel-cal;cal_src=wet_rederive_1236_20260719;pressure_context_source=weather_openmeteo;transport=wifi_poll,
plants.env,2026-07-28T13:42:31.049Z,2026-07-28 08:42:31.049,26740,6762df,y9d41p,0.7.3,fleet_logger_0_1,603030797,ESP32,esp32_die,on_chip,die_temp,,53.33,degC,OK,,,,,name=classic;source=esp32_die;cal=uncalibrated_board_proxy;api=temperatureRead;config_id=257fa022;transport=wifi_poll,
plants.soil,2026-07-28T13:43:01.353Z,2026-07-28 08:43:01.353,26741,6762df,y9d41p,0.7.3,fleet_logger_0_1,603060041,UMLIFE_v2_TLC555,ch0,origplant,soil_moisture,1567,,,OK,,,986.8,,name=classic;level=well watered;role=disp;spread=43;gpio=36;device_seq=80404;time_source=device_synced;device_timestamp_utc=2026-07-28T13:42:50.483Z;config_id=257fa022;rssi=-62;uptime_s=603060;heap=195896;cal_tier=channel-cal;cal_src=wet_rederive_1236_20260719;pressure_context_source=weather_openmeteo;transport=wifi_poll,
plants.soil,2026-07-28T13:43:01.353Z,2026-07-28 08:43:01.353,26742,6762df,y9d41p,0.7.3,fleet_logger_0_1,603060041,UMLIFE_v2_TLC555,ch1,origplant,soil_moisture,1701,,,OK,,,986.8,,name=classic;level=OK;role=disp;spread=32;gpio=39;device_seq=80405;time_source=device_synced;device_timestamp_utc=2026-07-28T13:42:50.483Z;config_id=257fa022;rssi=-62;uptime_s=603060;heap=195896;cal_tier=channel-cal;cal_src=wet_rederive_1236_20260719;pressure_context_source=weather_openmeteo;transport=wifi_poll,
plants.soil,2026-07-28T13:43:01.353Z,2026-07-28 08:43:01.353,26743,6762df,y9d41p,0.7.3,fleet_logger_0_1,603060041,UMLIFE_v2_TLC555,ch2,origplant,soil_moisture,1350,,,OK,,,986.8,,name=classic;level=overwatered;role=disp;spread=14;gpio=34;device_seq=80406;time_source=device_synced;device_timestamp_utc=2026-07-28T13:42:50.483Z;config_id=257fa022;rssi=-62;uptime_s=603060;heap=195896;cal_tier=channel-cal;cal_src=wet_rederive_1236_20260719;pressure_context_source=weather_openmeteo;transport=wifi_poll,
plants.soil,2026-07-28T13:43:01.353Z,2026-07-28 08:43:01.353,26744,6762df,y9d41p,0.7.3,fleet_logger_0_1,603060041,UMLIFE_v2_TLC555,ch3,origplant,soil_moisture,1432,,,OK,,,986.8,,name=classic;level=well watered;role=disp;spread=31;gpio=35;device_seq=80407;time_source=device_synced;device_timestamp_utc=2026-07-28T13:42:50.483Z;config_id=257fa022;rssi=-62;uptime_s=603060;heap=195896;cal_tier=channel-cal;cal_src=wet_rederive_1236_20260719;pressure_context_source=weather_openmeteo;transport=wifi_poll,
plants.env,2026-07-28T13:43:01.353Z,2026-07-28 08:43:01.353,26745,6762df,y9d41p,0.7.3,fleet_logger_0_1,603060796,ESP32,esp32_die,on_chip,die_temp,,52.78,degC,OK,,,,,name=classic;source=esp32_die;cal=uncalibrated_board_proxy;api=temperatureRead;config_id=257fa022;transport=wifi_poll,
plants.soil,2026-07-28T13:43:32.483Z,2026-07-28 08:43:32.483,26746,6762df,y9d41p,0.7.3,fleet_logger_0_1,603090041,UMLIFE_v2_TLC555,ch0,origplant,soil_moisture,1589,,,OK,,,986.8,,name=classic;level=well watered;role=disp;spread=26;gpio=36;device_seq=80408;time_source=device_synced;device_timestamp_utc=2026-07-28T13:43:20.483Z;config_id=257fa022;rssi=-66;uptime_s=603090;heap=195892;cal_tier=channel-cal;cal_src=wet_rederive_1236_20260719;pressure_context_source=weather_openmeteo;transport=wifi_poll,
plants.soil,2026-07-28T13:43:32.483Z,2026-07-28 08:43:32.483,26747,6762df,y9d41p,0.7.3,fleet_logger_0_1,603090041,UMLIFE_v2_TLC555,ch1,origplant,soil_moisture,1722,,,OK,,,986.8,,name=classic;level=OK;role=disp;spread=44;gpio=39;device_seq=80409;time_source=device_synced;device_timestamp_utc=2026-07-28T13:43:20.483Z;config_id=257fa022;rssi=-66;uptime_s=603090;heap=195892;cal_tier=channel-cal;cal_src=wet_rederive_1236_20260719;pressure_context_source=weather_openmeteo;transport=wifi_poll,
plants.soil,2026-07-28T13:43:32.483Z,2026-07-28 08:43:32.483,26748,6762df,y9d41p,0.7.3,fleet_logger_0_1,603090041,UMLIFE_v2_TLC555,ch2,origplant,soil_moisture,1376,,,OK,,,986.8,,name=classic;level=overwatered;role=disp;spread=59;gpio=34;device_seq=80410;time_source=device_synced;device_timestamp_utc=2026-07-28T13:43:20.483Z;config_id=257fa022;rssi=-66;uptime_s=603090;heap=195892;cal_tier=channel-cal;cal_src=wet_rederive_1236_20260719;pressure_context_source=weather_openmeteo;transport=wifi_poll,
plants.soil,2026-07-28T13:43:32.483Z,2026-07-28 08:43:32.483,26749,6762df,y9d41p,0.7.3,fleet_logger_0_1,603090041,UMLIFE_v2_TLC555,ch3,origplant,soil_moisture,1465,,,OK,,,986.8,,name=classic;level=well watered;role=disp;spread=6;gpio=35;device_seq=80411;time_source=device_synced;device_timestamp_utc=2026-07-28T13:43:20.483Z;config_id=257fa022;rssi=-66;uptime_s=603090;heap=195892;cal_tier=channel-cal;cal_src=wet_rederive_1236_20260719;pressure_context_source=weather_openmeteo;transport=wifi_poll,
plants.env,2026-07-28T13:43:32.483Z,2026-07-28 08:43:32.483,26750,6762df,y9d41p,0.7.3,fleet_logger_0_1,603090797,ESP32,esp32_die,on_chip,die_temp,,52.78,degC,OK,,,,,name=classic;source=esp32_die;cal=uncalibrated_board_proxy;api=temperatureRead;config_id=257fa022;transport=wifi_poll,
plants.soil,2026-07-28T13:44:02.995Z,2026-07-28 08:44:02.995,26751,6762df,y9d41p,0.7.3,fleet_logger_0_1,603120041,UMLIFE_v2_TLC555,ch0,origplant,soil_moisture,1588,,,OK,,,986.8,,name=classic;level=well watered;role=disp;spread=33;gpio=36;device_seq=80412;time_source=device_synced;device_timestamp_utc=2026-07-28T13:43:50.483Z;config_id=257fa022;rssi=-60;uptime_s=603120;heap=195892;cal_tier=channel-cal;cal_src=wet_rederive_1236_20260719;pressure_context_source=weather_openmeteo;transport=wifi_poll,
plants.soil,2026-07-28T13:44:02.995Z,2026-07-28 08:44:02.995,26752,6762df,y9d41p,0.7.3,fleet_logger_0_1,603120041,UMLIFE_v2_TLC555,ch1,origplant,soil_moisture,1721,,,OK,,,986.8,,name=classic;level=OK;role=disp;spread=42;gpio=39;device_seq=80413;time_source=device_synced;device_timestamp_utc=2026-07-28T13:43:50.483Z;config_id=257fa022;rssi=-60;uptime_s=603120;heap=195892;cal_tier=channel-cal;cal_src=wet_rederive_1236_20260719;pressure_context_source=weather_openmeteo;transport=wifi_poll,
plants.soil,2026-07-28T13:44:02.995Z,2026-07-28 08:44:02.995,26753,6762df,y9d41p,0.7.3,fleet_logger_0_1,603120041,UMLIFE_v2_TLC555,ch2,origplant,soil_moisture,1375,,,OK,,,986.8,,name=classic;level=overwatered;role=disp;spread=26;gpio=34;device_seq=80414;time_source=device_synced;device_timestamp_utc=2026-07-28T13:43:50.483Z;config_id=257fa022;rssi=-60;uptime_s=603120;heap=195892;cal_tier=channel-cal;cal_src=wet_rederive_1236_20260719;pressure_context_source=weather_openmeteo;transport=wifi_poll,
plants.soil,2026-07-28T13:44:02.995Z,2026-07-28 08:44:02.995,26754,6762df,y9d41p,0.7.3,fleet_logger_0_1,603120041,UMLIFE_v2_TLC555,ch3,origplant,soil_moisture,1463,,,OK,,,986.8,,name=classic;level=well watered;role=disp;spread=24;gpio=35;device_seq=80415;time_source=device_synced;device_timestamp_utc=2026-07-28T13:43:50.483Z;config_id=257fa022;rssi=-60;uptime_s=603120;heap=195892;cal_tier=channel-cal;cal_src=wet_rederive_1236_20260719;pressure_context_source=weather_openmeteo;transport=wifi_poll,
plants.env,2026-07-28T13:44:02.995Z,2026-07-28 08:44:02.995,26755,6762df,y9d41p,0.7.3,fleet_logger_0_1,603120797,ESP32,esp32_die,on_chip,die_temp,,53.33,degC,OK,,,,,name=classic;source=esp32_die;cal=uncalibrated_board_proxy;api=temperatureRead;config_id=257fa022;transport=wifi_poll,
plants.soil,2026-07-28T13:44:33.412Z,2026-07-28 08:44:33.412,26756,6762df,y9d41p,0.7.3,fleet_logger_0_1,603150041,UMLIFE_v2_TLC555,ch0,origplant,soil_moisture,1582,,,OK,,,986.8,,name=classic;level=well watered;role=disp;spread=8;gpio=36;device_seq=80416;time_source=device_synced;device_timestamp_utc=2026-07-28T13:44:20.483Z;config_id=257fa022;rssi=-62;uptime_s=603150;heap=195632;cal_tier=channel-cal;cal_src=wet_rederive_1236_20260719;pressure_context_source=weather_openmeteo;transport=wifi_poll,
plants.soil,2026-07-28T13:44:33.412Z,2026-07-28 08:44:33.412,26757,6762df,y9d41p,0.7.3,fleet_logger_0_1,603150041,UMLIFE_v2_TLC555,ch1,origplant,soil_moisture,1719,,,OK,,,986.8,,name=classic;level=OK;role=disp;spread=36;gpio=39;device_seq=80417;time_source=device_synced;device_timestamp_utc=2026-07-28T13:44:20.483Z;config_id=257fa022;rssi=-62;uptime_s=603150;heap=195632;cal_tier=channel-cal;cal_src=wet_rederive_1236_20260719;pressure_context_source=weather_openmeteo;transport=wifi_poll,
plants.soil,2026-07-28T13:44:33.412Z,2026-07-28 08:44:33.412,26758,6762df,y9d41p,0.7.3,fleet_logger_0_1,603150041,UMLIFE_v2_TLC555,ch2,origplant,soil_moisture,1376,,,OK,,,986.8,,name=classic;level=overwatered;role=disp;spread=34;gpio=34;device_seq=80418;time_source=device_synced;device_timestamp_utc=2026-07-28T13:44:20.483Z;config_id=257fa022;rssi=-62;uptime_s=603150;heap=195632;cal_tier=channel-cal;cal_src=wet_rederive_1236_20260719;pressure_context_source=weather_openmeteo;transport=wifi_poll,
plants.soil,2026-07-28T13:44:33.412Z,2026-07-28 08:44:33.412,26759,6762df,y9d41p,0.7.3,fleet_logger_0_1,603150041,UMLIFE_v2_TLC555,ch3,origplant,soil_moisture,1464,,,OK,,,986.8,,name=classic;level=well watered;role=disp;spread=15;gpio=35;device_seq=80419;time_source=device_synced;device_timestamp_utc=2026-07-28T13:44:20.483Z;config_id=257fa022;rssi=-62;uptime_s=603150;heap=195632;cal_tier=channel-cal;cal_src=wet_rederive_1236_20260719;pressure_context_source=weather_openmeteo;transport=wifi_poll,
plants.env,2026-07-28T13:44:33.412Z,2026-07-28 08:44:33.412,26760,6762df,y9d41p,0.7.3,fleet_logger_0_1,603150796,ESP32,esp32_die,on_chip,die_temp,,53.33,degC,OK,,,,,name=classic;source=esp32_die;cal=uncalibrated_board_proxy;api=temperatureRead;config_id=257fa022;transport=wifi_poll,
plants.soil,2026-07-28T13:45:03.720Z,2026-07-28 08:45:03.720,26761,6762df,y9d41p,0.7.3,fleet_logger_0_1,603180041,UMLIFE_v2_TLC555,ch0,origplant,soil_moisture,1583,,,OK,,,986.8,,name=classic;level=well watered;role=disp;spread=24;gpio=36;device_seq=80420;time_source=device_synced;device_timestamp_utc=2026-07-28T13:44:50.483Z;config_id=257fa022;rssi=-62;uptime_s=603180;heap=195628;cal_tier=channel-cal;cal_src=wet_rederive_1236_20260719;pressure_context_source=weather_openmeteo;transport=wifi_poll,
plants.soil,2026-07-28T13:45:03.720Z,2026-07-28 08:45:03.720,26762,6762df,y9d41p,0.7.3,fleet_logger_0_1,603180041,UMLIFE_v2_TLC555,ch1,origplant,soil_moisture,1722,,,OK,,,986.8,,name=classic;level=OK;role=disp;spread=35;gpio=39;device_seq=80421;time_source=device_synced;device_timestamp_utc=2026-07-28T13:44:50.483Z;config_id=257fa022;rssi=-62;uptime_s=603180;heap=195628;cal_tier=channel-cal;cal_src=wet_rederive_1236_20260719;pressure_context_source=weather_openmeteo;transport=wifi_poll,
plants.soil,2026-07-28T13:45:03.720Z,2026-07-28 08:45:03.720,26763,6762df,y9d41p,0.7.3,fleet_logger_0_1,603180041,UMLIFE_v2_TLC555,ch2,origplant,soil_moisture,1371,,,OK,,,986.8,,name=classic;level=overwatered;role=disp;spread=62;gpio=34;device_seq=80422;time_source=device_synced;device_timestamp_utc=2026-07-28T13:44:50.483Z;config_id=257fa022;rssi=-62;uptime_s=603180;heap=195628;cal_tier=channel-cal;cal_src=wet_rederive_1236_20260719;pressure_context_source=weather_openmeteo;transport=wifi_poll,
plants.soil,2026-07-28T13:45:03.720Z,2026-07-28 08:45:03.720,26764,6762df,y9d41p,0.7.3,fleet_logger_0_1,603180041,UMLIFE_v2_TLC555,ch3,origplant,soil_moisture,1460,,,OK,,,986.8,,name=classic;level=well watered;role=disp;spread=16;gpio=35;device_seq=80423;time_source=device_synced;device_timestamp_utc=2026-07-28T13:44:50.483Z;config_id=257fa022;rssi=-62;uptime_s=603180;heap=195628;cal_tier=channel-cal;cal_src=wet_rederive_1236_20260719;pressure_context_source=weather_openmeteo;transport=wifi_poll,
plants.env,2026-07-28T13:45:03.720Z,2026-07-28 08:45:03.720,26765,6762df,y9d41p,0.7.3,fleet_logger_0_1,603180797,ESP32,esp32_die,on_chip,die_temp,,52.78,degC,OK,,,,,name=classic;source=esp32_die;cal=uncalibrated_board_proxy;api=temperatureRead;config_id=257fa022;transport=wifi_poll,
plants.soil,2026-07-28T13:45:34.242Z,2026-07-28 08:45:34.242,26766,6762df,y9d41p,0.7.3,fleet_logger_0_1,603210041,UMLIFE_v2_TLC555,ch0,origplant,soil_moisture,1567,,,OK,,,986.8,,name=classic;level=well watered;role=disp;spread=24;gpio=36;device_seq=80424;time_source=device_synced;device_timestamp_utc=2026-07-28T13:45:20.483Z;config_id=257fa022;rssi=-62;uptime_s=603210;heap=195888;cal_tier=channel-cal;cal_src=wet_rederive_1236_20260719;pressure_context_source=weather_openmeteo;transport=wifi_poll,
plants.soil,2026-07-28T13:45:34.242Z,2026-07-28 08:45:34.242,26767,6762df,y9d41p,0.7.3,fleet_logger_0_1,603210041,UMLIFE_v2_TLC555,ch1,origplant,soil_moisture,1695,,,OK,,,986.8,,name=classic;level=OK;role=disp;spread=41;gpio=39;device_seq=80425;time_source=device_synced;device_timestamp_utc=2026-07-28T13:45:20.483Z;config_id=257fa022;rssi=-62;uptime_s=603210;heap=195888;cal_tier=channel-cal;cal_src=wet_rederive_1236_20260719;pressure_context_source=weather_openmeteo;transport=wifi_poll,
plants.soil,2026-07-28T13:45:34.242Z,2026-07-28 08:45:34.242,26768,6762df,y9d41p,0.7.3,fleet_logger_0_1,603210041,UMLIFE_v2_TLC555,ch2,origplant,soil_moisture,1350,,,OK,,,986.8,,name=classic;level=overwatered;role=disp;spread=43;gpio=34;device_seq=80426;time_source=device_synced;device_timestamp_utc=2026-07-28T13:45:20.483Z;config_id=257fa022;rssi=-62;uptime_s=603210;heap=195888;cal_tier=channel-cal;cal_src=wet_rederive_1236_20260719;pressure_context_source=weather_openmeteo;transport=wifi_poll,
plants.soil,2026-07-28T13:45:34.242Z,2026-07-28 08:45:34.242,26769,6762df,y9d41p,0.7.3,fleet_logger_0_1,603210041,UMLIFE_v2_TLC555,ch3,origplant,soil_moisture,1432,,,OK,,,986.8,,name=classic;level=well watered;role=disp;spread=21;gpio=35;device_seq=80427;time_source=device_synced;device_timestamp_utc=2026-07-28T13:45:20.483Z;config_id=257fa022;rssi=-62;uptime_s=603210;heap=195888;cal_tier=channel-cal;cal_src=wet_rederive_1236_20260719;pressure_context_source=weather_openmeteo;transport=wifi_poll,
plants.env,2026-07-28T13:45:34.242Z,2026-07-28 08:45:34.242,26770,6762df,y9d41p,0.7.3,fleet_logger_0_1,603210796,ESP32,esp32_die,on_chip,die_temp,,53.33,degC,OK,,,,,name=classic;source=esp32_die;cal=uncalibrated_board_proxy;api=temperatureRead;config_id=257fa022;transport=wifi_poll,
plants.soil,2026-07-28T13:46:04.869Z,2026-07-28 08:46:04.869,26771,6762df,y9d41p,0.7.3,fleet_logger_0_1,603240041,UMLIFE_v2_TLC555,ch0,origplant,soil_moisture,1566,,,OK,,,986.8,,name=classic;level=well watered;role=disp;spread=33;gpio=36;device_seq=80428;time_source=device_synced;device_timestamp_utc=2026-07-28T13:45:50.483Z;config_id=257fa022;rssi=-63;uptime_s=603240;heap=195888;cal_tier=channel-cal;cal_src=wet_rederive_1236_20260719;pressure_context_source=weather_openmeteo;transport=wifi_poll,
plants.soil,2026-07-28T13:46:04.869Z,2026-07-28 08:46:04.869,26772,6762df,y9d41p,0.7.3,fleet_logger_0_1,603240041,UMLIFE_v2_TLC555,ch1,origplant,soil_moisture,1698,,,OK,,,986.8,,name=classic;level=OK;role=disp;spread=20;gpio=39;device_seq=80429;time_source=device_synced;device_timestamp_utc=2026-07-28T13:45:50.483Z;config_id=257fa022;rssi=-63;uptime_s=603240;heap=195888;cal_tier=channel-cal;cal_src=wet_rederive_1236_20260719;pressure_context_source=weather_openmeteo;transport=wifi_poll,
plants.soil,2026-07-28T13:46:04.869Z,2026-07-28 08:46:04.869,26773,6762df,y9d41p,0.7.3,fleet_logger_0_1,603240041,UMLIFE_v2_TLC555,ch2,origplant,soil_moisture,1352,,,OK,,,986.8,,name=classic;level=overwatered;role=disp;spread=62;gpio=34;device_seq=80430;time_source=device_synced;device_timestamp_utc=2026-07-28T13:45:50.483Z;config_id=257fa022;rssi=-63;uptime_s=603240;heap=195888;cal_tier=channel-cal;cal_src=wet_rederive_1236_20260719;pressure_context_source=weather_openmeteo;transport=wifi_poll,
plants.soil,2026-07-28T13:46:04.869Z,2026-07-28 08:46:04.869,26774,6762df,y9d41p,0.7.3,fleet_logger_0_1,603240041,UMLIFE_v2_TLC555,ch3,origplant,soil_moisture,1433,,,OK,,,986.8,,name=classic;level=well watered;role=disp;spread=7;gpio=35;device_seq=80431;time_source=device_synced;device_timestamp_utc=2026-07-28T13:45:50.483Z;config_id=257fa022;rssi=-63;uptime_s=603240;heap=195888;cal_tier=channel-cal;cal_src=wet_rederive_1236_20260719;pressure_context_source=weather_openmeteo;transport=wifi_poll,
plants.env,2026-07-28T13:46:04.869Z,2026-07-28 08:46:04.869,26775,6762df,y9d41p,0.7.3,fleet_logger_0_1,603240796,ESP32,esp32_die,on_chip,die_temp,,53.33,degC,OK,,,,,name=classic;source=esp32_die;cal=uncalibrated_board_proxy;api=temperatureRead;config_id=257fa022;transport=wifi_poll,
plants.soil,2026-07-28T13:46:35.378Z,2026-07-28 08:46:35.378,26776,6762df,y9d41p,0.7.3,fleet_logger_0_1,603270041,UMLIFE_v2_TLC555,ch0,origplant,soil_moisture,1567,,,OK,,,986.8,,name=classic;level=well watered;role=disp;spread=32;gpio=36;device_seq=80432;time_source=device_synced;device_timestamp_utc=2026-07-28T13:46:20.483Z;config_id=257fa022;rssi=-59;uptime_s=603270;heap=195900;cal_tier=channel-cal;cal_src=wet_rederive_1236_20260719;pressure_context_source=weather_openmeteo;transport=wifi_poll,
plants.soil,2026-07-28T13:46:35.378Z,2026-07-28 08:46:35.378,26777,6762df,y9d41p,0.7.3,fleet_logger_0_1,603270041,UMLIFE_v2_TLC555,ch1,origplant,soil_moisture,1705,,,OK,,,986.8,,name=classic;level=OK;role=disp;spread=25;gpio=39;device_seq=80433;time_source=device_synced;device_timestamp_utc=2026-07-28T13:46:20.483Z;config_id=257fa022;rssi=-59;uptime_s=603270;heap=195900;cal_tier=channel-cal;cal_src=wet_rederive_1236_20260719;pressure_context_source=weather_openmeteo;transport=wifi_poll,
plants.soil,2026-07-28T13:46:35.378Z,2026-07-28 08:46:35.378,26778,6762df,y9d41p,0.7.3,fleet_logger_0_1,603270041,UMLIFE_v2_TLC555,ch2,origplant,soil_moisture,1372,,,OK,,,986.8,,name=classic;level=overwatered;role=disp;spread=28;gpio=34;device_seq=80434;time_source=device_synced;device_timestamp_utc=2026-07-28T13:46:20.483Z;config_id=257fa022;rssi=-59;uptime_s=603270;heap=195900;cal_tier=channel-cal;cal_src=wet_rederive_1236_20260719;pressure_context_source=weather_openmeteo;transport=wifi_poll,
plants.soil,2026-07-28T13:46:35.378Z,2026-07-28 08:46:35.378,26779,6762df,y9d41p,0.7.3,fleet_logger_0_1,603270041,UMLIFE_v2_TLC555,ch3,origplant,soil_moisture,1464,,,OK,,,986.8,,name=classic;level=well watered;role=disp;spread=19;gpio=35;device_seq=80435;time_source=device_synced;device_timestamp_utc=2026-07-28T13:46:20.483Z;config_id=257fa022;rssi=-59;uptime_s=603270;heap=195900;cal_tier=channel-cal;cal_src=wet_rederive_1236_20260719;pressure_context_source=weather_openmeteo;transport=wifi_poll,
plants.env,2026-07-28T13:46:35.378Z,2026-07-28 08:46:35.378,26780,6762df,y9d41p,0.7.3,fleet_logger_0_1,603270796,ESP32,esp32_die,on_chip,die_temp,,52.78,degC,OK,,,,,name=classic;source=esp32_die;cal=uncalibrated_board_proxy;api=temperatureRead;config_id=257fa022;transport=wifi_poll,
plants.soil,2026-07-28T13:47:05.884Z,2026-07-28 08:47:05.884,26781,6762df,y9d41p,0.7.3,fleet_logger_0_1,603300041,UMLIFE_v2_TLC555,ch0,origplant,soil_moisture,1565,,,OK,,,986.8,,name=classic;level=well watered;role=disp;spread=20;gpio=36;device_seq=80436;time_source=device_synced;device_timestamp_utc=2026-07-28T13:46:50.483Z;config_id=257fa022;rssi=-60;uptime_s=603300;heap=195896;cal_tier=channel-cal;cal_src=wet_rederive_1236_20260719;pressure_context_source=weather_openmeteo;transport=wifi_poll,
plants.soil,2026-07-28T13:47:05.884Z,2026-07-28 08:47:05.884,26782,6762df,y9d41p,0.7.3,fleet_logger_0_1,603300041,UMLIFE_v2_TLC555,ch1,origplant,soil_moisture,1709,,,OK,,,986.8,,name=classic;level=OK;role=disp;spread=37;gpio=39;device_seq=80437;time_source=device_synced;device_timestamp_utc=2026-07-28T13:46:50.483Z;config_id=257fa022;rssi=-60;uptime_s=603300;heap=195896;cal_tier=channel-cal;cal_src=wet_rederive_1236_20260719;pressure_context_source=weather_openmeteo;transport=wifi_poll,
plants.soil,2026-07-28T13:47:05.884Z,2026-07-28 08:47:05.884,26783,6762df,y9d41p,0.7.3,fleet_logger_0_1,603300041,UMLIFE_v2_TLC555,ch2,origplant,soil_moisture,1376,,,OK,,,986.8,,name=classic;level=overwatered;role=disp;spread=35;gpio=34;device_seq=80438;time_source=device_synced;device_timestamp_utc=2026-07-28T13:46:50.483Z;config_id=257fa022;rssi=-60;uptime_s=603300;heap=195896;cal_tier=channel-cal;cal_src=wet_rederive_1236_20260719;pressure_context_source=weather_openmeteo;transport=wifi_poll,
plants.soil,2026-07-28T13:47:05.884Z,2026-07-28 08:47:05.884,26784,6762df,y9d41p,0.7.3,fleet_logger_0_1,603300041,UMLIFE_v2_TLC555,ch3,origplant,soil_moisture,1460,,,OK,,,986.8,,name=classic;level=well watered;role=disp;spread=22;gpio=35;device_seq=80439;time_source=device_synced;device_timestamp_utc=2026-07-28T13:46:50.483Z;config_id=257fa022;rssi=-60;uptime_s=603300;heap=195896;cal_tier=channel-cal;cal_src=wet_rederive_1236_20260719;pressure_context_source=weather_openmeteo;transport=wifi_poll,
plants.env,2026-07-28T13:47:05.884Z,2026-07-28 08:47:05.884,26785,6762df,y9d41p,0.7.3,fleet_logger_0_1,603300796,ESP32,esp32_die,on_chip,die_temp,,53.33,degC,OK,,,,,name=classic;source=esp32_die;cal=uncalibrated_board_proxy;api=temperatureRead;config_id=257fa022;transport=wifi_poll,
plants.soil,2026-07-28T13:47:36.505Z,2026-07-28 08:47:36.505,26786,6762df,y9d41p,0.7.3,fleet_logger_0_1,603330041,UMLIFE_v2_TLC555,ch0,origplant,soil_moisture,1569,,,OK,,,986.8,,name=classic;level=well watered;role=disp;spread=35;gpio=36;device_seq=80440;time_source=device_synced;device_timestamp_utc=2026-07-28T13:47:20.483Z;config_id=257fa022;rssi=-61;uptime_s=603330;heap=195640;cal_tier=channel-cal;cal_src=wet_rederive_1236_20260719;pressure_context_source=weather_openmeteo;transport=wifi_poll,
plants.soil,2026-07-28T13:47:36.505Z,2026-07-28 08:47:36.505,26787,6762df,y9d41p,0.7.3,fleet_logger_0_1,603330041,UMLIFE_v2_TLC555,ch1,origplant,soil_moisture,1708,,,OK,,,986.8,,name=classic;level=OK;role=disp;spread=38;gpio=39;device_seq=80441;time_source=device_synced;device_timestamp_utc=2026-07-28T13:47:20.483Z;config_id=257fa022;rssi=-61;uptime_s=603330;heap=195640;cal_tier=channel-cal;cal_src=wet_rederive_1236_20260719;pressure_context_source=weather_openmeteo;transport=wifi_poll,
plants.soil,2026-07-28T13:47:36.505Z,2026-07-28 08:47:36.505,26788,6762df,y9d41p,0.7.3,fleet_logger_0_1,603330041,UMLIFE_v2_TLC555,ch2,origplant,soil_moisture,1365,,,OK,,,986.8,,name=classic;level=overwatered;role=disp;spread=44;gpio=34;device_seq=80442;time_source=device_synced;device_timestamp_utc=2026-07-28T13:47:20.483Z;config_id=257fa022;rssi=-61;uptime_s=603330;heap=195640;cal_tier=channel-cal;cal_src=wet_rederive_1236_20260719;pressure_context_source=weather_openmeteo;transport=wifi_poll,
plants.soil,2026-07-28T13:47:36.505Z,2026-07-28 08:47:36.505,26789,6762df,y9d41p,0.7.3,fleet_logger_0_1,603330041,UMLIFE_v2_TLC555,ch3,origplant,soil_moisture,1458,,,OK,,,986.8,,name=classic;level=well watered;role=disp;spread=19;gpio=35;device_seq=80443;time_source=device_synced;device_timestamp_utc=2026-07-28T13:47:20.483Z;config_id=257fa022;rssi=-61;uptime_s=603330;heap=195640;cal_tier=channel-cal;cal_src=wet_rederive_1236_20260719;pressure_context_source=weather_openmeteo;transport=wifi_poll,
plants.env,2026-07-28T13:47:36.505Z,2026-07-28 08:47:36.505,26790,6762df,y9d41p,0.7.3,fleet_logger_0_1,603330796,ESP32,esp32_die,on_chip,die_temp,,53.33,degC,OK,,,,,name=classic;source=esp32_die;cal=uncalibrated_board_proxy;api=temperatureRead;config_id=257fa022;transport=wifi_poll,
plants.soil,2026-07-28T13:48:06.817Z,2026-07-28 08:48:06.817,26791,6762df,y9d41p,0.7.3,fleet_logger_0_1,603360041,UMLIFE_v2_TLC555,ch0,origplant,soil_moisture,1570,,,OK,,,986.8,,name=classic;level=well watered;role=disp;spread=7;gpio=36;device_seq=80444;time_source=device_synced;device_timestamp_utc=2026-07-28T13:47:50.483Z;config_id=257fa022;rssi=-62;uptime_s=603360;heap=193028;cal_tier=channel-cal;cal_src=wet_rederive_1236_20260719;pressure_context_source=weather_openmeteo;transport=wifi_poll,
plants.soil,2026-07-28T13:48:06.817Z,2026-07-28 08:48:06.817,26792,6762df,y9d41p,0.7.3,fleet_logger_0_1,603360041,UMLIFE_v2_TLC555,ch1,origplant,soil_moisture,1705,,,OK,,,986.8,,name=classic;level=OK;role=disp;spread=59;gpio=39;device_seq=80445;time_source=device_synced;device_timestamp_utc=2026-07-28T13:47:50.483Z;config_id=257fa022;rssi=-62;uptime_s=603360;heap=193028;cal_tier=channel-cal;cal_src=wet_rederive_1236_20260719;pressure_context_source=weather_openmeteo;transport=wifi_poll,
plants.soil,2026-07-28T13:48:06.817Z,2026-07-28 08:48:06.817,26793,6762df,y9d41p,0.7.3,fleet_logger_0_1,603360041,UMLIFE_v2_TLC555,ch2,origplant,soil_moisture,1366,,,OK,,,986.8,,name=classic;level=overwatered;role=disp;spread=51;gpio=34;device_seq=80446;time_source=device_synced;device_timestamp_utc=2026-07-28T13:47:50.483Z;config_id=257fa022;rssi=-62;uptime_s=603360;heap=193028;cal_tier=channel-cal;cal_src=wet_rederive_1236_20260719;pressure_context_source=weather_openmeteo;transport=wifi_poll,
plants.soil,2026-07-28T13:48:06.817Z,2026-07-28 08:48:06.817,26794,6762df,y9d41p,0.7.3,fleet_logger_0_1,603360041,UMLIFE_v2_TLC555,ch3,origplant,soil_moisture,1458,,,OK,,,986.8,,name=classic;level=well watered;role=disp;spread=27;gpio=35;device_seq=80447;time_source=device_synced;device_timestamp_utc=2026-07-28T13:47:50.483Z;config_id=257fa022;rssi=-62;uptime_s=603360;heap=193028;cal_tier=channel-cal;cal_src=wet_rederive_1236_20260719;pressure_context_source=weather_openmeteo;transport=wifi_poll,
plants.env,2026-07-28T13:48:06.817Z,2026-07-28 08:48:06.817,26795,6762df,y9d41p,0.7.3,fleet_logger_0_1,603360797,ESP32,esp32_die,on_chip,die_temp,,53.33,degC,OK,,,,,name=classic;source=esp32_die;cal=uncalibrated_board_proxy;api=temperatureRead;config_id=257fa022;transport=wifi_poll,
plants.soil,2026-07-28T13:48:37.423Z,2026-07-28 08:48:37.423,26796,6762df,y9d41p,0.7.3,fleet_logger_0_1,603390041,UMLIFE_v2_TLC555,ch0,origplant,soil_moisture,1564,,,OK,,,986.8,,name=classic;level=well watered;role=disp;spread=30;gpio=36;device_seq=80448;time_source=device_synced;device_timestamp_utc=2026-07-28T13:48:20.483Z;config_id=257fa022;rssi=-65;uptime_s=603390;heap=195896;cal_tier=channel-cal;cal_src=wet_rederive_1236_20260719;pressure_context_source=weather_openmeteo;transport=wifi_poll,
plants.soil,2026-07-28T13:48:37.423Z,2026-07-28 08:48:37.423,26797,6762df,y9d41p,0.7.3,fleet_logger_0_1,603390041,UMLIFE_v2_TLC555,ch1,origplant,soil_moisture,1705,,,OK,,,986.8,,name=classic;level=OK;role=disp;spread=26;gpio=39;device_seq=80449;time_source=device_synced;device_timestamp_utc=2026-07-28T13:48:20.483Z;config_id=257fa022;rssi=-65;uptime_s=603390;heap=195896;cal_tier=channel-cal;cal_src=wet_rederive_1236_20260719;pressure_context_source=weather_openmeteo;transport=wifi_poll,
plants.soil,2026-07-28T13:48:37.423Z,2026-07-28 08:48:37.423,26798,6762df,y9d41p,0.7.3,fleet_logger_0_1,603390041,UMLIFE_v2_TLC555,ch2,origplant,soil_moisture,1352,,,OK,,,986.8,,name=classic;level=overwatered;role=disp;spread=75;gpio=34;device_seq=80450;time_source=device_synced;device_timestamp_utc=2026-07-28T13:48:20.483Z;config_id=257fa022;rssi=-65;uptime_s=603390;heap=195896;cal_tier=channel-cal;cal_src=wet_rederive_1236_20260719;pressure_context_source=weather_openmeteo;transport=wifi_poll,
plants.soil,2026-07-28T13:48:37.423Z,2026-07-28 08:48:37.423,26799,6762df,y9d41p,0.7.3,fleet_logger_0_1,603390041,UMLIFE_v2_TLC555,ch3,origplant,soil_moisture,1430,,,OK,,,986.8,,name=classic;level=well watered;role=disp;spread=17;gpio=35;device_seq=80451;time_source=device_synced;device_timestamp_utc=2026-07-28T13:48:20.483Z;config_id=257fa022;rssi=-65;uptime_s=603390;heap=195896;cal_tier=channel-cal;cal_src=wet_rederive_1236_20260719;pressure_context_source=weather_openmeteo;transport=wifi_poll,
plants.env,2026-07-28T13:48:37.423Z,2026-07-28 08:48:37.423,26800,6762df,y9d41p,0.7.3,fleet_logger_0_1,603390796,ESP32,esp32_die,on_chip,die_temp,,52.78,degC,OK,,,,,name=classic;source=esp32_die;cal=uncalibrated_board_proxy;api=temperatureRead;config_id=257fa022;transport=wifi_poll,
plants.soil,2026-07-28T13:49:08.356Z,2026-07-28 08:49:08.356,26801,6762df,y9d41p,0.7.3,fleet_logger_0_1,603420041,UMLIFE_v2_TLC555,ch0,origplant,soil_moisture,1562,,,OK,,,986.8,,name=classic;level=well watered;role=disp;spread=44;gpio=36;device_seq=80452;time_source=device_synced;device_timestamp_utc=2026-07-28T13:48:50.483Z;config_id=257fa022;rssi=-61;uptime_s=603420;heap=195900;cal_tier=channel-cal;cal_src=wet_rederive_1236_20260719;pressure_context_source=weather_openmeteo;transport=wifi_poll,
plants.soil,2026-07-28T13:49:08.356Z,2026-07-28 08:49:08.356,26802,6762df,y9d41p,0.7.3,fleet_logger_0_1,603420041,UMLIFE_v2_TLC555,ch1,origplant,soil_moisture,1700,,,OK,,,986.8,,name=classic;level=OK;role=disp;spread=46;gpio=39;device_seq=80453;time_source=device_synced;device_timestamp_utc=2026-07-28T13:48:50.483Z;config_id=257fa022;rssi=-61;uptime_s=603420;heap=195900;cal_tier=channel-cal;cal_src=wet_rederive_1236_20260719;pressure_context_source=weather_openmeteo;transport=wifi_poll,
plants.soil,2026-07-28T13:49:08.356Z,2026-07-28 08:49:08.356,26803,6762df,y9d41p,0.7.3,fleet_logger_0_1,603420041,UMLIFE_v2_TLC555,ch2,origplant,soil_moisture,1352,,,OK,,,986.8,,name=classic;level=overwatered;role=disp;spread=36;gpio=34;device_seq=80454;time_source=device_synced;device_timestamp_utc=2026-07-28T13:48:50.483Z;config_id=257fa022;rssi=-61;uptime_s=603420;heap=195900;cal_tier=channel-cal;cal_src=wet_rederive_1236_20260719;pressure_context_source=weather_openmeteo;transport=wifi_poll,
plants.soil,2026-07-28T13:49:08.356Z,2026-07-28 08:49:08.356,26804,6762df,y9d41p,0.7.3,fleet_logger_0_1,603420041,UMLIFE_v2_TLC555,ch3,origplant,soil_moisture,1449,,,OK,,,986.8,,name=classic;level=well watered;role=disp;spread=21;gpio=35;device_seq=80455;time_source=device_synced;device_timestamp_utc=2026-07-28T13:48:50.483Z;config_id=257fa022;rssi=-61;uptime_s=603420;heap=195900;cal_tier=channel-cal;cal_src=wet_rederive_1236_20260719;pressure_context_source=weather_openmeteo;transport=wifi_poll,
plants.env,2026-07-28T13:49:08.356Z,2026-07-28 08:49:08.356,26805,6762df,y9d41p,0.7.3,fleet_logger_0_1,603420796,ESP32,esp32_die,on_chip,die_temp,,53.33,degC,OK,,,,,name=classic;source=esp32_die;cal=uncalibrated_board_proxy;api=temperatureRead;config_id=257fa022;transport=wifi_poll,
plants.soil,2026-07-28T13:49:39.076Z,2026-07-28 08:49:39.076,26806,6762df,y9d41p,0.7.3,fleet_logger_0_1,603450041,UMLIFE_v2_TLC555,ch0,origplant,soil_moisture,1561,,,OK,,,986.8,,name=classic;level=well watered;role=disp;spread=23;gpio=36;device_seq=80456;time_source=device_synced;device_timestamp_utc=2026-07-28T13:49:20.483Z;config_id=257fa022;rssi=-63;uptime_s=603450;heap=195900;cal_tier=channel-cal;cal_src=wet_rederive_1236_20260719;pressure_context_source=weather_openmeteo;transport=wifi_poll,
plants.soil,2026-07-28T13:49:39.076Z,2026-07-28 08:49:39.076,26807,6762df,y9d41p,0.7.3,fleet_logger_0_1,603450041,UMLIFE_v2_TLC555,ch1,origplant,soil_moisture,1700,,,OK,,,986.8,,name=classic;level=OK;role=disp;spread=48;gpio=39;device_seq=80457;time_source=device_synced;device_timestamp_utc=2026-07-28T13:49:20.483Z;config_id=257fa022;rssi=-63;uptime_s=603450;heap=195900;cal_tier=channel-cal;cal_src=wet_rederive_1236_20260719;pressure_context_source=weather_openmeteo;transport=wifi_poll,
plants.soil,2026-07-28T13:49:39.076Z,2026-07-28 08:49:39.076,26808,6762df,y9d41p,0.7.3,fleet_logger_0_1,603450041,UMLIFE_v2_TLC555,ch2,origplant,soil_moisture,1360,,,OK,,,986.8,,name=classic;level=overwatered;role=disp;spread=36;gpio=34;device_seq=80458;time_source=device_synced;device_timestamp_utc=2026-07-28T13:49:20.483Z;config_id=257fa022;rssi=-63;uptime_s=603450;heap=195900;cal_tier=channel-cal;cal_src=wet_rederive_1236_20260719;pressure_context_source=weather_openmeteo;transport=wifi_poll,
plants.soil,2026-07-28T13:49:39.076Z,2026-07-28 08:49:39.076,26809,6762df,y9d41p,0.7.3,fleet_logger_0_1,603450041,UMLIFE_v2_TLC555,ch3,origplant,soil_moisture,1458,,,OK,,,986.8,,name=classic;level=well watered;role=disp;spread=24;gpio=35;device_seq=80459;time_source=device_synced;device_timestamp_utc=2026-07-28T13:49:20.483Z;config_id=257fa022;rssi=-63;uptime_s=603450;heap=195900;cal_tier=channel-cal;cal_src=wet_rederive_1236_20260719;pressure_context_source=weather_openmeteo;transport=wifi_poll,
plants.env,2026-07-28T13:49:39.076Z,2026-07-28 08:49:39.076,26810,6762df,y9d41p,0.7.3,fleet_logger_0_1,603450796,ESP32,esp32_die,on_chip,die_temp,,53.33,degC,OK,,,,,name=classic;source=esp32_die;cal=uncalibrated_board_proxy;api=temperatureRead;config_id=257fa022;transport=wifi_poll,
plants.soil,2026-07-28T13:50:09.797Z,2026-07-28 08:50:09.797,26811,6762df,y9d41p,0.7.3,fleet_logger_0_1,603480041,UMLIFE_v2_TLC555,ch0,origplant,soil_moisture,1563,,,OK,,,986.8,,name=classic;level=well watered;role=disp;spread=22;gpio=36;device_seq=80460;time_source=device_synced;device_timestamp_utc=2026-07-28T13:49:50.483Z;config_id=257fa022;rssi=-60;uptime_s=603480;heap=195896;cal_tier=channel-cal;cal_src=wet_rederive_1236_20260719;pressure_context_source=weather_openmeteo;transport=wifi_poll,
plants.soil,2026-07-28T13:50:09.797Z,2026-07-28 08:50:09.797,26812,6762df,y9d41p,0.7.3,fleet_logger_0_1,603480041,UMLIFE_v2_TLC555,ch1,origplant,soil_moisture,1693,,,OK,,,986.8,,name=classic;level=OK;role=disp;spread=28;gpio=39;device_seq=80461;time_source=device_synced;device_timestamp_utc=2026-07-28T13:49:50.483Z;config_id=257fa022;rssi=-60;uptime_s=603480;heap=195896;cal_tier=channel-cal;cal_src=wet_rederive_1236_20260719;pressure_context_source=weather_openmeteo;transport=wifi_poll,
plants.soil,2026-07-28T13:50:09.797Z,2026-07-28 08:50:09.797,26813,6762df,y9d41p,0.7.3,fleet_logger_0_1,603480041,UMLIFE_v2_TLC555,ch2,origplant,soil_moisture,1357,,,OK,,,986.8,,name=classic;level=overwatered;role=disp;spread=44;gpio=34;device_seq=80462;time_source=device_synced;device_timestamp_utc=2026-07-28T13:49:50.483Z;config_id=257fa022;rssi=-60;uptime_s=603480;heap=195896;cal_tier=channel-cal;cal_src=wet_rederive_1236_20260719;pressure_context_source=weather_openmeteo;transport=wifi_poll,
plants.soil,2026-07-28T13:50:09.797Z,2026-07-28 08:50:09.797,26814,6762df,y9d41p,0.7.3,fleet_logger_0_1,603480041,UMLIFE_v2_TLC555,ch3,origplant,soil_moisture,1438,,,OK,,,986.8,,name=classic;level=well watered;role=disp;spread=18;gpio=35;device_seq=80463;time_source=device_synced;device_timestamp_utc=2026-07-28T13:49:50.483Z;config_id=257fa022;rssi=-60;uptime_s=603480;heap=195896;cal_tier=channel-cal;cal_src=wet_rederive_1236_20260719;pressure_context_source=weather_openmeteo;transport=wifi_poll,
plants.env,2026-07-28T13:50:09.797Z,2026-07-28 08:50:09.797,26815,6762df,y9d41p,0.7.3,fleet_logger_0_1,603480796,ESP32,esp32_die,on_chip,die_temp,,53.33,degC,OK,,,,,name=classic;source=esp32_die;cal=uncalibrated_board_proxy;api=temperatureRead;config_id=257fa022;transport=wifi_poll,
plants.soil,2026-07-28T13:50:41.022Z,2026-07-28 08:50:41.022,26816,6762df,y9d41p,0.7.3,fleet_logger_0_1,603510041,UMLIFE_v2_TLC555,ch0,origplant,soil_moisture,1567,,,OK,,,986.8,,name=classic;level=well watered;role=disp;spread=54;gpio=36;device_seq=80464;time_source=device_synced;device_timestamp_utc=2026-07-28T13:50:20.483Z;config_id=257fa022;rssi=-62;uptime_s=603510;heap=195636;cal_tier=channel-cal;cal_src=wet_rederive_1236_20260719;pressure_context_source=weather_openmeteo;transport=wifi_poll,
plants.soil,2026-07-28T13:50:41.022Z,2026-07-28 08:50:41.022,26817,6762df,y9d41p,0.7.3,fleet_logger_0_1,603510041,UMLIFE_v2_TLC555,ch1,origplant,soil_moisture,1703,,,OK,,,986.8,,name=classic;level=OK;role=disp;spread=34;gpio=39;device_seq=80465;time_source=device_synced;device_timestamp_utc=2026-07-28T13:50:20.483Z;config_id=257fa022;rssi=-62;uptime_s=603510;heap=195636;cal_tier=channel-cal;cal_src=wet_rederive_1236_20260719;pressure_context_source=weather_openmeteo;transport=wifi_poll,
plants.soil,2026-07-28T13:50:41.022Z,2026-07-28 08:50:41.022,26818,6762df,y9d41p,0.7.3,fleet_logger_0_1,603510041,UMLIFE_v2_TLC555,ch2,origplant,soil_moisture,1351,,,OK,,,986.8,,name=classic;level=overwatered;role=disp;spread=40;gpio=34;device_seq=80466;time_source=device_synced;device_timestamp_utc=2026-07-28T13:50:20.483Z;config_id=257fa022;rssi=-62;uptime_s=603510;heap=195636;cal_tier=channel-cal;cal_src=wet_rederive_1236_20260719;pressure_context_source=weather_openmeteo;transport=wifi_poll,
plants.soil,2026-07-28T13:50:41.022Z,2026-07-28 08:50:41.022,26819,6762df,y9d41p,0.7.3,fleet_logger_0_1,603510041,UMLIFE_v2_TLC555,ch3,origplant,soil_moisture,1435,,,OK,,,986.8,,name=classic;level=well watered;role=disp;spread=31;gpio=35;device_seq=80467;time_source=device_synced;device_timestamp_utc=2026-07-28T13:50:20.483Z;config_id=257fa022;rssi=-62;uptime_s=603510;heap=195636;cal_tier=channel-cal;cal_src=wet_rederive_1236_20260719;pressure_context_source=weather_openmeteo;transport=wifi_poll,
plants.env,2026-07-28T13:50:41.022Z,2026-07-28 08:50:41.022,26820,6762df,y9d41p,0.7.3,fleet_logger_0_1,603510796,ESP32,esp32_die,on_chip,die_temp,,53.33,degC,OK,,,,,name=classic;source=esp32_die;cal=uncalibrated_board_proxy;api=temperatureRead;config_id=257fa022;transport=wifi_poll,
plants.soil,2026-07-28T13:51:12.053Z,2026-07-28 08:51:12.053,26821,6762df,y9d41p,0.7.3,fleet_logger_0_1,603540041,UMLIFE_v2_TLC555,ch0,origplant,soil_moisture,1565,,,OK,,,986.8,,name=classic;level=well watered;role=disp;spread=49;gpio=36;device_seq=80468;time_source=device_synced;device_timestamp_utc=2026-07-28T13:50:50.483Z;config_id=257fa022;rssi=-61;uptime_s=603540;heap=195636;cal_tier=channel-cal;cal_src=wet_rederive_1236_20260719;pressure_context_source=weather_openmeteo;transport=wifi_poll,
plants.soil,2026-07-28T13:51:12.053Z,2026-07-28 08:51:12.053,26822,6762df,y9d41p,0.7.3,fleet_logger_0_1,603540041,UMLIFE_v2_TLC555,ch1,origplant,soil_moisture,1702,,,OK,,,986.8,,name=classic;level=OK;role=disp;spread=20;gpio=39;device_seq=80469;time_source=device_synced;device_timestamp_utc=2026-07-28T13:50:50.483Z;config_id=257fa022;rssi=-61;uptime_s=603540;heap=195636;cal_tier=channel-cal;cal_src=wet_rederive_1236_20260719;pressure_context_source=weather_openmeteo;transport=wifi_poll,
plants.soil,2026-07-28T13:51:12.053Z,2026-07-28 08:51:12.053,26823,6762df,y9d41p,0.7.3,fleet_logger_0_1,603540041,UMLIFE_v2_TLC555,ch2,origplant,soil_moisture,1355,,,OK,,,986.8,,name=classic;level=overwatered;role=disp;spread=54;gpio=34;device_seq=80470;time_source=device_synced;device_timestamp_utc=2026-07-28T13:50:50.483Z;config_id=257fa022;rssi=-61;uptime_s=603540;heap=195636;cal_tier=channel-cal;cal_src=wet_rederive_1236_20260719;pressure_context_source=weather_openmeteo;transport=wifi_poll,
plants.soil,2026-07-28T13:51:12.053Z,2026-07-28 08:51:12.053,26824,6762df,y9d41p,0.7.3,fleet_logger_0_1,603540041,UMLIFE_v2_TLC555,ch3,origplant,soil_moisture,1435,,,OK,,,986.8,,name=classic;level=well watered;role=disp;spread=32;gpio=35;device_seq=80471;time_source=device_synced;device_timestamp_utc=2026-07-28T13:50:50.483Z;config_id=257fa022;rssi=-61;uptime_s=603540;heap=195636;cal_tier=channel-cal;cal_src=wet_rederive_1236_20260719;pressure_context_source=weather_openmeteo;transport=wifi_poll,
plants.env,2026-07-28T13:51:12.053Z,2026-07-28 08:51:12.053,26825,6762df,y9d41p,0.7.3,fleet_logger_0_1,603540796,ESP32,esp32_die,on_chip,die_temp,,53.33,degC,OK,,,,,name=classic;source=esp32_die;cal=uncalibrated_board_proxy;api=temperatureRead;config_id=257fa022;transport=wifi_poll,
plants.soil,2026-07-28T13:51:43.902Z,2026-07-28 08:51:43.902,26826,6762df,y9d41p,0.7.3,fleet_logger_0_1,603570041,UMLIFE_v2_TLC555,ch0,origplant,soil_moisture,1573,,,OK,,,986.8,,name=classic;level=well watered;role=disp;spread=26;gpio=36;device_seq=80472;time_source=device_synced;device_timestamp_utc=2026-07-28T13:51:20.483Z;config_id=257fa022;rssi=-72;uptime_s=603570;heap=195896;cal_tier=channel-cal;cal_src=wet_rederive_1236_20260719;pressure_context_source=weather_openmeteo;transport=wifi_poll,
plants.soil,2026-07-28T13:51:43.902Z,2026-07-28 08:51:43.902,26827,6762df,y9d41p,0.7.3,fleet_logger_0_1,603570041,UMLIFE_v2_TLC555,ch1,origplant,soil_moisture,1701,,,OK,,,986.8,,name=classic;level=OK;role=disp;spread=47;gpio=39;device_seq=80473;time_source=device_synced;device_timestamp_utc=2026-07-28T13:51:20.483Z;config_id=257fa022;rssi=-72;uptime_s=603570;heap=195896;cal_tier=channel-cal;cal_src=wet_rederive_1236_20260719;pressure_context_source=weather_openmeteo;transport=wifi_poll,
plants.soil,2026-07-28T13:51:43.902Z,2026-07-28 08:51:43.902,26828,6762df,y9d41p,0.7.3,fleet_logger_0_1,603570041,UMLIFE_v2_TLC555,ch2,origplant,soil_moisture,1351,,,OK,,,986.8,,name=classic;level=overwatered;role=disp;spread=20;gpio=34;device_seq=80474;time_source=device_synced;device_timestamp_utc=2026-07-28T13:51:20.483Z;config_id=257fa022;rssi=-72;uptime_s=603570;heap=195896;cal_tier=channel-cal;cal_src=wet_rederive_1236_20260719;pressure_context_source=weather_openmeteo;transport=wifi_poll,
plants.soil,2026-07-28T13:51:43.902Z,2026-07-28 08:51:43.902,26829,6762df,y9d41p,0.7.3,fleet_logger_0_1,603570041,UMLIFE_v2_TLC555,ch3,origplant,soil_moisture,1439,,,OK,,,986.8,,name=classic;level=well watered;role=disp;spread=20;gpio=35;device_seq=80475;time_source=device_synced;device_timestamp_utc=2026-07-28T13:51:20.483Z;config_id=257fa022;rssi=-72;uptime_s=603570;heap=195896;cal_tier=channel-cal;cal_src=wet_rederive_1236_20260719;pressure_context_source=weather_openmeteo;transport=wifi_poll,
plants.env,2026-07-28T13:51:43.902Z,2026-07-28 08:51:43.902,26830,6762df,y9d41p,0.7.3,fleet_logger_0_1,603570796,ESP32,esp32_die,on_chip,die_temp,,53.33,degC,OK,,,,,name=classic;source=esp32_die;cal=uncalibrated_board_proxy;api=temperatureRead;config_id=257fa022;transport=wifi_poll,
plants.soil,2026-07-28T13:52:16.555Z,2026-07-28 08:52:16.555,26831,6762df,y9d41p,0.7.3,fleet_logger_0_1,603600041,UMLIFE_v2_TLC555,ch0,origplant,soil_moisture,1571,,,OK,,,986.8,,name=classic;level=well watered;role=disp;spread=29;gpio=36;device_seq=80476;time_source=device_synced;device_timestamp_utc=2026-07-28T13:51:50.483Z;config_id=257fa022;rssi=-62;uptime_s=603600;heap=195896;cal_tier=channel-cal;cal_src=wet_rederive_1236_20260719;pressure_context_source=weather_openmeteo;transport=wifi_poll,
plants.soil,2026-07-28T13:52:16.555Z,2026-07-28 08:52:16.555,26832,6762df,y9d41p,0.7.3,fleet_logger_0_1,603600041,UMLIFE_v2_TLC555,ch1,origplant,soil_moisture,1698,,,OK,,,986.8,,name=classic;level=OK;role=disp;spread=55;gpio=39;device_seq=80477;time_source=device_synced;device_timestamp_utc=2026-07-28T13:51:50.483Z;config_id=257fa022;rssi=-62;uptime_s=603600;heap=195896;cal_tier=channel-cal;cal_src=wet_rederive_1236_20260719;pressure_context_source=weather_openmeteo;transport=wifi_poll,
plants.soil,2026-07-28T13:52:16.555Z,2026-07-28 08:52:16.555,26833,6762df,y9d41p,0.7.3,fleet_logger_0_1,603600041,UMLIFE_v2_TLC555,ch2,origplant,soil_moisture,1359,,,OK,,,986.8,,name=classic;level=overwatered;role=disp;spread=32;gpio=34;device_seq=80478;time_source=device_synced;device_timestamp_utc=2026-07-28T13:51:50.483Z;config_id=257fa022;rssi=-62;uptime_s=603600;heap=195896;cal_tier=channel-cal;cal_src=wet_rederive_1236_20260719;pressure_context_source=weather_openmeteo;transport=wifi_poll,
plants.soil,2026-07-28T13:52:16.555Z,2026-07-28 08:52:16.555,26834,6762df,y9d41p,0.7.3,fleet_logger_0_1,603600041,UMLIFE_v2_TLC555,ch3,origplant,soil_moisture,1442,,,OK,,,986.8,,name=classic;level=well watered;role=disp;spread=10;gpio=35;device_seq=80479;time_source=device_synced;device_timestamp_utc=2026-07-28T13:51:50.483Z;config_id=257fa022;rssi=-62;uptime_s=603600;heap=195896;cal_tier=channel-cal;cal_src=wet_rederive_1236_20260719;pressure_context_source=weather_openmeteo;transport=wifi_poll,
plants.env,2026-07-28T13:52:16.555Z,2026-07-28 08:52:16.555,26835,6762df,y9d41p,0.7.3,fleet_logger_0_1,603601862,ESP32,esp32_die,on_chip,die_temp,,53.33,degC,OK,,,,,name=classic;source=esp32_die;cal=uncalibrated_board_proxy;api=temperatureRead;config_id=257fa022;transport=wifi_poll,
plants.soil,2026-07-28T13:52:46.981Z,2026-07-28 08:52:46.981,26836,6762df,y9d41p,0.7.3,fleet_logger_0_1,603630041,UMLIFE_v2_TLC555,ch0,origplant,soil_moisture,1572,,,OK,,,986.8,,name=classic;level=well watered;role=disp;spread=28;gpio=36;device_seq=80480;time_source=device_synced;device_timestamp_utc=2026-07-28T13:52:20.483Z;config_id=257fa022;rssi=-59;uptime_s=603630;heap=195860;cal_tier=channel-cal;cal_src=wet_rederive_1236_20260719;pressure_context_source=weather_openmeteo;transport=wifi_poll,
plants.soil,2026-07-28T13:52:46.981Z,2026-07-28 08:52:46.981,26837,6762df,y9d41p,0.7.3,fleet_logger_0_1,603630041,UMLIFE_v2_TLC555,ch1,origplant,soil_moisture,1699,,,OK,,,986.8,,name=classic;level=OK;role=disp;spread=46;gpio=39;device_seq=80481;time_source=device_synced;device_timestamp_utc=2026-07-28T13:52:20.483Z;config_id=257fa022;rssi=-59;uptime_s=603630;heap=195860;cal_tier=channel-cal;cal_src=wet_rederive_1236_20260719;pressure_context_source=weather_openmeteo;transport=wifi_poll,
plants.soil,2026-07-28T13:52:46.981Z,2026-07-28 08:52:46.981,26838,6762df,y9d41p,0.7.3,fleet_logger_0_1,603630041,UMLIFE_v2_TLC555,ch2,origplant,soil_moisture,1357,,,OK,,,986.8,,name=classic;level=overwatered;role=disp;spread=32;gpio=34;device_seq=80482;time_source=device_synced;device_timestamp_utc=2026-07-28T13:52:20.483Z;config_id=257fa022;rssi=-59;uptime_s=603630;heap=195860;cal_tier=channel-cal;cal_src=wet_rederive_1236_20260719;pressure_context_source=weather_openmeteo;transport=wifi_poll,
plants.soil,2026-07-28T13:52:46.981Z,2026-07-28 08:52:46.981,26839,6762df,y9d41p,0.7.3,fleet_logger_0_1,603630041,UMLIFE_v2_TLC555,ch3,origplant,soil_moisture,1444,,,OK,,,986.8,,name=classic;level=well watered;role=disp;spread=23;gpio=35;device_seq=80483;time_source=device_synced;device_timestamp_utc=2026-07-28T13:52:20.483Z;config_id=257fa022;rssi=-59;uptime_s=603630;heap=195860;cal_tier=channel-cal;cal_src=wet_rederive_1236_20260719;pressure_context_source=weather_openmeteo;transport=wifi_poll,
plants.env,2026-07-28T13:52:46.981Z,2026-07-28 08:52:46.981,26840,6762df,y9d41p,0.7.3,fleet_logger_0_1,603630797,ESP32,esp32_die,on_chip,die_temp,,53.33,degC,OK,,,,,name=classic;source=esp32_die;cal=uncalibrated_board_proxy;api=temperatureRead;config_id=257fa022;transport=wifi_poll,
plants.soil,2026-07-28T13:53:17.801Z,2026-07-28 08:53:17.801,26841,6762df,y9d41p,0.7.3,fleet_logger_0_1,603660041,UMLIFE_v2_TLC555,ch0,origplant,soil_moisture,1571,,,OK,,,986.8,,name=classic;level=well watered;role=disp;spread=63;gpio=36;device_seq=80484;time_source=device_synced;device_timestamp_utc=2026-07-28T13:52:50.483Z;config_id=257fa022;rssi=-62;uptime_s=603660;heap=195892;cal_tier=channel-cal;cal_src=wet_rederive_1236_20260719;pressure_context_source=weather_openmeteo;transport=wifi_poll,
plants.soil,2026-07-28T13:53:17.801Z,2026-07-28 08:53:17.801,26842,6762df,y9d41p,0.7.3,fleet_logger_0_1,603660041,UMLIFE_v2_TLC555,ch1,origplant,soil_moisture,1700,,,OK,,,986.8,,name=classic;level=OK;role=disp;spread=32;gpio=39;device_seq=80485;time_source=device_synced;device_timestamp_utc=2026-07-28T13:52:50.483Z;config_id=257fa022;rssi=-62;uptime_s=603660;heap=195892;cal_tier=channel-cal;cal_src=wet_rederive_1236_20260719;pressure_context_source=weather_openmeteo;transport=wifi_poll,
plants.soil,2026-07-28T13:53:17.801Z,2026-07-28 08:53:17.801,26843,6762df,y9d41p,0.7.3,fleet_logger_0_1,603660041,UMLIFE_v2_TLC555,ch2,origplant,soil_moisture,1353,,,OK,,,986.8,,name=classic;level=overwatered;role=disp;spread=27;gpio=34;device_seq=80486;time_source=device_synced;device_timestamp_utc=2026-07-28T13:52:50.483Z;config_id=257fa022;rssi=-62;uptime_s=603660;heap=195892;cal_tier=channel-cal;cal_src=wet_rederive_1236_20260719;pressure_context_source=weather_openmeteo;transport=wifi_poll,
plants.soil,2026-07-28T13:53:17.801Z,2026-07-28 08:53:17.801,26844,6762df,y9d41p,0.7.3,fleet_logger_0_1,603660041,UMLIFE_v2_TLC555,ch3,origplant,soil_moisture,1436,,,OK,,,986.8,,name=classic;level=well watered;role=disp;spread=32;gpio=35;device_seq=80487;time_source=device_synced;device_timestamp_utc=2026-07-28T13:52:50.483Z;config_id=257fa022;rssi=-62;uptime_s=603660;heap=195892;cal_tier=channel-cal;cal_src=wet_rederive_1236_20260719;pressure_context_source=weather_openmeteo;transport=wifi_poll,
plants.env,2026-07-28T13:53:17.801Z,2026-07-28 08:53:17.801,26845,6762df,y9d41p,0.7.3,fleet_logger_0_1,603660796,ESP32,esp32_die,on_chip,die_temp,,53.33,degC,OK,,,,,name=classic;source=esp32_die;cal=uncalibrated_board_proxy;api=temperatureRead;config_id=257fa022;transport=wifi_poll,
plants.soil,2026-07-28T13:53:48.215Z,2026-07-28 08:53:48.215,26846,6762df,y9d41p,0.7.3,fleet_logger_0_1,603690041,UMLIFE_v2_TLC555,ch0,origplant,soil_moisture,1571,,,OK,,,986.8,,name=classic;level=well watered;role=disp;spread=22;gpio=36;device_seq=80488;time_source=device_synced;device_timestamp_utc=2026-07-28T13:53:20.483Z;config_id=257fa022;rssi=-62;uptime_s=603690;heap=195628;cal_tier=channel-cal;cal_src=wet_rederive_1236_20260719;pressure_context_source=weather_openmeteo;transport=wifi_poll,
plants.soil,2026-07-28T13:53:48.215Z,2026-07-28 08:53:48.215,26847,6762df,y9d41p,0.7.3,fleet_logger_0_1,603690041,UMLIFE_v2_TLC555,ch1,origplant,soil_moisture,1701,,,OK,,,986.8,,name=classic;level=OK;role=disp;spread=32;gpio=39;device_seq=80489;time_source=device_synced;device_timestamp_utc=2026-07-28T13:53:20.483Z;config_id=257fa022;rssi=-62;uptime_s=603690;heap=195628;cal_tier=channel-cal;cal_src=wet_rederive_1236_20260719;pressure_context_source=weather_openmeteo;transport=wifi_poll,
plants.soil,2026-07-28T13:53:48.215Z,2026-07-28 08:53:48.215,26848,6762df,y9d41p,0.7.3,fleet_logger_0_1,603690041,UMLIFE_v2_TLC555,ch2,origplant,soil_moisture,1355,,,OK,,,986.8,,name=classic;level=overwatered;role=disp;spread=38;gpio=34;device_seq=80490;time_source=device_synced;device_timestamp_utc=2026-07-28T13:53:20.483Z;config_id=257fa022;rssi=-62;uptime_s=603690;heap=195628;cal_tier=channel-cal;cal_src=wet_rederive_1236_20260719;pressure_context_source=weather_openmeteo;transport=wifi_poll,
plants.soil,2026-07-28T13:53:48.215Z,2026-07-28 08:53:48.215,26849,6762df,y9d41p,0.7.3,fleet_logger_0_1,603690041,UMLIFE_v2_TLC555,ch3,origplant,soil_moisture,1442,,,OK,,,986.8,,name=classic;level=well watered;role=disp;spread=15;gpio=35;device_seq=80491;time_source=device_synced;device_timestamp_utc=2026-07-28T13:53:20.483Z;config_id=257fa022;rssi=-62;uptime_s=603690;heap=195628;cal_tier=channel-cal;cal_src=wet_rederive_1236_20260719;pressure_context_source=weather_openmeteo;transport=wifi_poll,
plants.env,2026-07-28T13:53:48.215Z,2026-07-28 08:53:48.215,26850,6762df,y9d41p,0.7.3,fleet_logger_0_1,603690796,ESP32,esp32_die,on_chip,die_temp,,53.33,degC,OK,,,,,name=classic;source=esp32_die;cal=uncalibrated_board_proxy;api=temperatureRead;config_id=257fa022;transport=wifi_poll,
plants.soil,2026-07-28T13:54:19.651Z,2026-07-28 08:54:19.651,26851,6762df,y9d41p,0.7.3,fleet_logger_0_1,603720041,UMLIFE_v2_TLC555,ch0,origplant,soil_moisture,1571,,,OK,,,986.8,,name=classic;level=well watered;role=disp;spread=16;gpio=36;device_seq=80492;time_source=device_synced;device_timestamp_utc=2026-07-28T13:53:50.483Z;config_id=257fa022;rssi=-58;uptime_s=603720;heap=195640;cal_tier=channel-cal;cal_src=wet_rederive_1236_20260719;pressure_context_source=weather_openmeteo;transport=wifi_poll,
plants.soil,2026-07-28T13:54:19.651Z,2026-07-28 08:54:19.651,26852,6762df,y9d41p,0.7.3,fleet_logger_0_1,603720041,UMLIFE_v2_TLC555,ch1,origplant,soil_moisture,1696,,,OK,,,986.8,,name=classic;level=OK;role=disp;spread=22;gpio=39;device_seq=80493;time_source=device_synced;device_timestamp_utc=2026-07-28T13:53:50.483Z;config_id=257fa022;rssi=-58;uptime_s=603720;heap=195640;cal_tier=channel-cal;cal_src=wet_rederive_1236_20260719;pressure_context_source=weather_openmeteo;transport=wifi_poll,
plants.soil,2026-07-28T13:54:19.651Z,2026-07-28 08:54:19.651,26853,6762df,y9d41p,0.7.3,fleet_logger_0_1,603720041,UMLIFE_v2_TLC555,ch2,origplant,soil_moisture,1353,,,OK,,,986.8,,name=classic;level=overwatered;role=disp;spread=47;gpio=34;device_seq=80494;time_source=device_synced;device_timestamp_utc=2026-07-28T13:53:50.483Z;config_id=257fa022;rssi=-58;uptime_s=603720;heap=195640;cal_tier=channel-cal;cal_src=wet_rederive_1236_20260719;pressure_context_source=weather_openmeteo;transport=wifi_poll,
plants.soil,2026-07-28T13:54:19.651Z,2026-07-28 08:54:19.651,26854,6762df,y9d41p,0.7.3,fleet_logger_0_1,603720041,UMLIFE_v2_TLC555,ch3,origplant,soil_moisture,1443,,,OK,,,986.8,,name=classic;level=well watered;role=disp;spread=30;gpio=35;device_seq=80495;time_source=device_synced;device_timestamp_utc=2026-07-28T13:53:50.483Z;config_id=257fa022;rssi=-58;uptime_s=603720;heap=195640;cal_tier=channel-cal;cal_src=wet_rederive_1236_20260719;pressure_context_source=weather_openmeteo;transport=wifi_poll,
plants.env,2026-07-28T13:54:19.651Z,2026-07-28 08:54:19.651,26855,6762df,y9d41p,0.7.3,fleet_logger_0_1,603720797,ESP32,esp32_die,on_chip,die_temp,,53.33,degC,OK,,,,,name=classic;source=esp32_die;cal=uncalibrated_board_proxy;api=temperatureRead;config_id=257fa022;transport=wifi_poll,
plants.soil,2026-07-28T13:54:50.064Z,2026-07-28 08:54:50.064,26856,6762df,y9d41p,0.7.3,fleet_logger_0_1,603750041,UMLIFE_v2_TLC555,ch0,origplant,soil_moisture,1569,,,OK,,,986.8,,name=classic;level=well watered;role=disp;spread=20;gpio=36;device_seq=80496;time_source=device_synced;device_timestamp_utc=2026-07-28T13:54:20.483Z;config_id=257fa022;rssi=-61;uptime_s=603750;heap=195896;cal_tier=channel-cal;cal_src=wet_rederive_1236_20260719;pressure_context_source=weather_openmeteo;transport=wifi_poll,
plants.soil,2026-07-28T13:54:50.064Z,2026-07-28 08:54:50.064,26857,6762df,y9d41p,0.7.3,fleet_logger_0_1,603750041,UMLIFE_v2_TLC555,ch1,origplant,soil_moisture,1693,,,OK,,,986.8,,name=classic;level=OK;role=disp;spread=44;gpio=39;device_seq=80497;time_source=device_synced;device_timestamp_utc=2026-07-28T13:54:20.483Z;config_id=257fa022;rssi=-61;uptime_s=603750;heap=195896;cal_tier=channel-cal;cal_src=wet_rederive_1236_20260719;pressure_context_source=weather_openmeteo;transport=wifi_poll,
plants.soil,2026-07-28T13:54:50.064Z,2026-07-28 08:54:50.064,26858,6762df,y9d41p,0.7.3,fleet_logger_0_1,603750041,UMLIFE_v2_TLC555,ch2,origplant,soil_moisture,1353,,,OK,,,986.8,,name=classic;level=overwatered;role=disp;spread=42;gpio=34;device_seq=80498;time_source=device_synced;device_timestamp_utc=2026-07-28T13:54:20.483Z;config_id=257fa022;rssi=-61;uptime_s=603750;heap=195896;cal_tier=channel-cal;cal_src=wet_rederive_1236_20260719;pressure_context_source=weather_openmeteo;transport=wifi_poll,
plants.soil,2026-07-28T13:54:50.064Z,2026-07-28 08:54:50.064,26859,6762df,y9d41p,0.7.3,fleet_logger_0_1,603750041,UMLIFE_v2_TLC555,ch3,origplant,soil_moisture,1442,,,OK,,,986.8,,name=classic;level=well watered;role=disp;spread=7;gpio=35;device_seq=80499;time_source=device_synced;device_timestamp_utc=2026-07-28T13:54:20.483Z;config_id=257fa022;rssi=-61;uptime_s=603750;heap=195896;cal_tier=channel-cal;cal_src=wet_rederive_1236_20260719;pressure_context_source=weather_openmeteo;transport=wifi_poll,
plants.env,2026-07-28T13:54:50.064Z,2026-07-28 08:54:50.064,26860,6762df,y9d41p,0.7.3,fleet_logger_0_1,603750797,ESP32,esp32_die,on_chip,die_temp,,53.33,degC,OK,,,,,name=classic;source=esp32_die;cal=uncalibrated_board_proxy;api=temperatureRead;config_id=257fa022;transport=wifi_poll,
plants.soil,2026-07-28T13:55:20.478Z,2026-07-28 08:55:20.478,26861,6762df,y9d41p,0.7.3,fleet_logger_0_1,603780041,UMLIFE_v2_TLC555,ch0,origplant,soil_moisture,1584,,,OK,,,986.8,,name=classic;level=well watered;role=disp;spread=49;gpio=36;device_seq=80500;time_source=device_synced;device_timestamp_utc=2026-07-28T13:54:50.483Z;config_id=257fa022;rssi=-62;uptime_s=603780;heap=195896;cal_tier=channel-cal;cal_src=wet_rederive_1236_20260719;pressure_context_source=weather_openmeteo;transport=wifi_poll,
plants.soil,2026-07-28T13:55:20.478Z,2026-07-28 08:55:20.478,26862,6762df,y9d41p,0.7.3,fleet_logger_0_1,603780041,UMLIFE_v2_TLC555,ch1,origplant,soil_moisture,1704,,,OK,,,986.8,,name=classic;level=OK;role=disp;spread=42;gpio=39;device_seq=80501;time_source=device_synced;device_timestamp_utc=2026-07-28T13:54:50.483Z;config_id=257fa022;rssi=-62;uptime_s=603780;heap=195896;cal_tier=channel-cal;cal_src=wet_rederive_1236_20260719;pressure_context_source=weather_openmeteo;transport=wifi_poll,
plants.soil,2026-07-28T13:55:20.478Z,2026-07-28 08:55:20.478,26863,6762df,y9d41p,0.7.3,fleet_logger_0_1,603780041,UMLIFE_v2_TLC555,ch2,origplant,soil_moisture,1357,,,OK,,,986.8,,name=classic;level=overwatered;role=disp;spread=46;gpio=34;device_seq=80502;time_source=device_synced;device_timestamp_utc=2026-07-28T13:54:50.483Z;config_id=257fa022;rssi=-62;uptime_s=603780;heap=195896;cal_tier=channel-cal;cal_src=wet_rederive_1236_20260719;pressure_context_source=weather_openmeteo;transport=wifi_poll,
plants.soil,2026-07-28T13:55:20.478Z,2026-07-28 08:55:20.478,26864,6762df,y9d41p,0.7.3,fleet_logger_0_1,603780041,UMLIFE_v2_TLC555,ch3,origplant,soil_moisture,1437,,,OK,,,986.8,,name=classic;level=well watered;role=disp;spread=37;gpio=35;device_seq=80503;time_source=device_synced;device_timestamp_utc=2026-07-28T13:54:50.483Z;config_id=257fa022;rssi=-62;uptime_s=603780;heap=195896;cal_tier=channel-cal;cal_src=wet_rederive_1236_20260719;pressure_context_source=weather_openmeteo;transport=wifi_poll,
plants.env,2026-07-28T13:55:20.478Z,2026-07-28 08:55:20.478,26865,6762df,y9d41p,0.7.3,fleet_logger_0_1,603780797,ESP32,esp32_die,on_chip,die_temp,,53.33,degC,OK,,,,,name=classic;source=esp32_die;cal=uncalibrated_board_proxy;api=temperatureRead;config_id=257fa022;transport=wifi_poll,
plants.soil,2026-07-28T13:55:51.402Z,2026-07-28 08:55:51.402,26866,6762df,y9d41p,0.7.3,fleet_logger_0_1,603840041,UMLIFE_v2_TLC555,ch0,origplant,soil_moisture,1591,,,OK,,,986.8,,name=classic;level=well watered;role=disp;spread=18;gpio=36;device_seq=80508;time_source=device_synced;device_timestamp_utc=2026-07-28T13:55:50.483Z;config_id=257fa022;rssi=-62;uptime_s=603840;heap=196160;cal_tier=channel-cal;cal_src=wet_rederive_1236_20260719;pressure_context_source=weather_openmeteo;transport=wifi_poll,
plants.soil,2026-07-28T13:55:51.402Z,2026-07-28 08:55:51.402,26867,6762df,y9d41p,0.7.3,fleet_logger_0_1,603840041,UMLIFE_v2_TLC555,ch1,origplant,soil_moisture,1712,,,OK,,,986.8,,name=classic;level=OK;role=disp;spread=27;gpio=39;device_seq=80509;time_source=device_synced;device_timestamp_utc=2026-07-28T13:55:50.483Z;config_id=257fa022;rssi=-62;uptime_s=603840;heap=196160;cal_tier=channel-cal;cal_src=wet_rederive_1236_20260719;pressure_context_source=weather_openmeteo;transport=wifi_poll,
plants.soil,2026-07-28T13:55:51.402Z,2026-07-28 08:55:51.402,26868,6762df,y9d41p,0.7.3,fleet_logger_0_1,603840041,UMLIFE_v2_TLC555,ch2,origplant,soil_moisture,1356,,,OK,,,986.8,,name=classic;level=overwatered;role=disp;spread=43;gpio=34;device_seq=80510;time_source=device_synced;device_timestamp_utc=2026-07-28T13:55:50.483Z;config_id=257fa022;rssi=-62;uptime_s=603840;heap=196160;cal_tier=channel-cal;cal_src=wet_rederive_1236_20260719;pressure_context_source=weather_openmeteo;transport=wifi_poll,
plants.soil,2026-07-28T13:55:51.402Z,2026-07-28 08:55:51.402,26869,6762df,y9d41p,0.7.3,fleet_logger_0_1,603840041,UMLIFE_v2_TLC555,ch3,origplant,soil_moisture,1436,,,OK,,,986.8,,name=classic;level=well watered;role=disp;spread=32;gpio=35;device_seq=80511;time_source=device_synced;device_timestamp_utc=2026-07-28T13:55:50.483Z;config_id=257fa022;rssi=-62;uptime_s=603840;heap=196160;cal_tier=channel-cal;cal_src=wet_rederive_1236_20260719;pressure_context_source=weather_openmeteo;transport=wifi_poll,
plants.env,2026-07-28T13:55:51.402Z,2026-07-28 08:55:51.402,26870,6762df,y9d41p,0.7.3,fleet_logger_0_1,603840796,ESP32,esp32_die,on_chip,die_temp,,53.33,degC,OK,,,,,name=classic;source=esp32_die;cal=uncalibrated_board_proxy;api=temperatureRead;config_id=257fa022;transport=wifi_poll,
plants.soil,2026-07-28T13:56:22.020Z,2026-07-28 08:56:22.020,26871,6762df,y9d41p,0.7.3,fleet_logger_0_1,603870041,UMLIFE_v2_TLC555,ch0,origplant,soil_moisture,1592,,,OK,,,986.8,,name=classic;level=well watered;role=disp;spread=43;gpio=36;device_seq=80512;time_source=device_synced;device_timestamp_utc=2026-07-28T13:56:20.483Z;config_id=257fa022;rssi=-62;uptime_s=603870;heap=195896;cal_tier=channel-cal;cal_src=wet_rederive_1236_20260719;pressure_context_source=weather_openmeteo;transport=wifi_poll,
plants.soil,2026-07-28T13:56:22.020Z,2026-07-28 08:56:22.020,26872,6762df,y9d41p,0.7.3,fleet_logger_0_1,603870041,UMLIFE_v2_TLC555,ch1,origplant,soil_moisture,1714,,,OK,,,986.8,,name=classic;level=OK;role=disp;spread=34;gpio=39;device_seq=80513;time_source=device_synced;device_timestamp_utc=2026-07-28T13:56:20.483Z;config_id=257fa022;rssi=-62;uptime_s=603870;heap=195896;cal_tier=channel-cal;cal_src=wet_rederive_1236_20260719;pressure_context_source=weather_openmeteo;transport=wifi_poll,
plants.soil,2026-07-28T13:56:22.020Z,2026-07-28 08:56:22.020,26873,6762df,y9d41p,0.7.3,fleet_logger_0_1,603870041,UMLIFE_v2_TLC555,ch2,origplant,soil_moisture,1360,,,OK,,,986.8,,name=classic;level=overwatered;role=disp;spread=38;gpio=34;device_seq=80514;time_source=device_synced;device_timestamp_utc=2026-07-28T13:56:20.483Z;config_id=257fa022;rssi=-62;uptime_s=603870;heap=195896;cal_tier=channel-cal;cal_src=wet_rederive_1236_20260719;pressure_context_source=weather_openmeteo;transport=wifi_poll,
plants.soil,2026-07-28T13:56:22.020Z,2026-07-28 08:56:22.020,26874,6762df,y9d41p,0.7.3,fleet_logger_0_1,603870041,UMLIFE_v2_TLC555,ch3,origplant,soil_moisture,1443,,,OK,,,986.8,,name=classic;level=well watered;role=disp;spread=24;gpio=35;device_seq=80515;time_source=device_synced;device_timestamp_utc=2026-07-28T13:56:20.483Z;config_id=257fa022;rssi=-62;uptime_s=603870;heap=195896;cal_tier=channel-cal;cal_src=wet_rederive_1236_20260719;pressure_context_source=weather_openmeteo;transport=wifi_poll,
plants.env,2026-07-28T13:56:22.020Z,2026-07-28 08:56:22.020,26875,6762df,y9d41p,0.7.3,fleet_logger_0_1,603870797,ESP32,esp32_die,on_chip,die_temp,,53.33,degC,OK,,,,,name=classic;source=esp32_die;cal=uncalibrated_board_proxy;api=temperatureRead;config_id=257fa022;transport=wifi_poll,
plants.soil,2026-07-28T13:56:53.028Z,2026-07-28 08:56:53.028,26876,6762df,y9d41p,0.7.3,fleet_logger_0_1,603900041,UMLIFE_v2_TLC555,ch0,origplant,soil_moisture,1593,,,OK,,,986.8,,name=classic;level=well watered;role=disp;spread=31;gpio=36;device_seq=80516;time_source=device_synced;device_timestamp_utc=2026-07-28T13:56:50.483Z;config_id=257fa022;rssi=-62;uptime_s=603900;heap=195900;cal_tier=channel-cal;cal_src=wet_rederive_1236_20260719;pressure_context_source=weather_openmeteo;transport=wifi_poll,
plants.soil,2026-07-28T13:56:53.028Z,2026-07-28 08:56:53.028,26877,6762df,y9d41p,0.7.3,fleet_logger_0_1,603900041,UMLIFE_v2_TLC555,ch1,origplant,soil_moisture,1720,,,OK,,,986.8,,name=classic;level=OK;role=disp;spread=33;gpio=39;device_seq=80517;time_source=device_synced;device_timestamp_utc=2026-07-28T13:56:50.483Z;config_id=257fa022;rssi=-62;uptime_s=603900;heap=195900;cal_tier=channel-cal;cal_src=wet_rederive_1236_20260719;pressure_context_source=weather_openmeteo;transport=wifi_poll,
plants.soil,2026-07-28T13:56:53.028Z,2026-07-28 08:56:53.028,26878,6762df,y9d41p,0.7.3,fleet_logger_0_1,603900041,UMLIFE_v2_TLC555,ch2,origplant,soil_moisture,1364,,,OK,,,986.8,,name=classic;level=overwatered;role=disp;spread=41;gpio=34;device_seq=80518;time_source=device_synced;device_timestamp_utc=2026-07-28T13:56:50.483Z;config_id=257fa022;rssi=-62;uptime_s=603900;heap=195900;cal_tier=channel-cal;cal_src=wet_rederive_1236_20260719;pressure_context_source=weather_openmeteo;transport=wifi_poll,
plants.soil,2026-07-28T13:56:53.028Z,2026-07-28 08:56:53.028,26879,6762df,y9d41p,0.7.3,fleet_logger_0_1,603900041,UMLIFE_v2_TLC555,ch3,origplant,soil_moisture,1444,,,OK,,,986.8,,name=classic;level=well watered;role=disp;spread=25;gpio=35;device_seq=80519;time_source=device_synced;device_timestamp_utc=2026-07-28T13:56:50.483Z;config_id=257fa022;rssi=-62;uptime_s=603900;heap=195900;cal_tier=channel-cal;cal_src=wet_rederive_1236_20260719;pressure_context_source=weather_openmeteo;transport=wifi_poll,
plants.env,2026-07-28T13:56:53.028Z,2026-07-28 08:56:53.028,26880,6762df,y9d41p,0.7.3,fleet_logger_0_1,603900797,ESP32,esp32_die,on_chip,die_temp,,53.33,degC,OK,,,,,name=classic;source=esp32_die;cal=uncalibrated_board_proxy;api=temperatureRead;config_id=257fa022;transport=wifi_poll,
plants.soil,2026-07-28T13:57:23.760Z,2026-07-28 08:57:23.760,26881,6762df,y9d41p,0.7.3,fleet_logger_0_1,603930041,UMLIFE_v2_TLC555,ch0,origplant,soil_moisture,1588,,,OK,,,986.8,,name=classic;level=well watered;role=disp;spread=81;gpio=36;device_seq=80520;time_source=device_synced;device_timestamp_utc=2026-07-28T13:57:20.483Z;config_id=257fa022;rssi=-62;uptime_s=603930;heap=196148;cal_tier=channel-cal;cal_src=wet_rederive_1236_20260719;pressure_context_source=weather_openmeteo;transport=wifi_poll,
plants.soil,2026-07-28T13:57:23.760Z,2026-07-28 08:57:23.760,26882,6762df,y9d41p,0.7.3,fleet_logger_0_1,603930041,UMLIFE_v2_TLC555,ch1,origplant,soil_moisture,1728,,,OK,,,986.8,,name=classic;level=OK;role=disp;spread=54;gpio=39;device_seq=80521;time_source=device_synced;device_timestamp_utc=2026-07-28T13:57:20.483Z;config_id=257fa022;rssi=-62;uptime_s=603930;heap=196148;cal_tier=channel-cal;cal_src=wet_rederive_1236_20260719;pressure_context_source=weather_openmeteo;transport=wifi_poll,
plants.soil,2026-07-28T13:57:23.760Z,2026-07-28 08:57:23.760,26883,6762df,y9d41p,0.7.3,fleet_logger_0_1,603930041,UMLIFE_v2_TLC555,ch2,origplant,soil_moisture,1372,,,OK,,,986.8,,name=classic;level=overwatered;role=disp;spread=18;gpio=34;device_seq=80522;time_source=device_synced;device_timestamp_utc=2026-07-28T13:57:20.483Z;config_id=257fa022;rssi=-62;uptime_s=603930;heap=196148;cal_tier=channel-cal;cal_src=wet_rederive_1236_20260719;pressure_context_source=weather_openmeteo;transport=wifi_poll,
plants.soil,2026-07-28T13:57:23.760Z,2026-07-28 08:57:23.760,26884,6762df,y9d41p,0.7.3,fleet_logger_0_1,603930041,UMLIFE_v2_TLC555,ch3,origplant,soil_moisture,1443,,,OK,,,986.8,,name=classic;level=well watered;role=disp;spread=33;gpio=35;device_seq=80523;time_source=device_synced;device_timestamp_utc=2026-07-28T13:57:20.483Z;config_id=257fa022;rssi=-62;uptime_s=603930;heap=196148;cal_tier=channel-cal;cal_src=wet_rederive_1236_20260719;pressure_context_source=weather_openmeteo;transport=wifi_poll,
plants.env,2026-07-28T13:57:23.760Z,2026-07-28 08:57:23.760,26885,6762df,y9d41p,0.7.3,fleet_logger_0_1,603930796,ESP32,esp32_die,on_chip,die_temp,,53.33,degC,OK,,,,,name=classic;source=esp32_die;cal=uncalibrated_board_proxy;api=temperatureRead;config_id=257fa022;transport=wifi_poll,
plants.soil,2026-07-28T13:57:54.480Z,2026-07-28 08:57:54.480,26886,6762df,y9d41p,0.7.3,fleet_logger_0_1,603960041,UMLIFE_v2_TLC555,ch0,origplant,soil_moisture,1571,,,OK,,,986.8,,name=classic;level=well watered;role=disp;spread=20;gpio=36;device_seq=80524;time_source=device_synced;device_timestamp_utc=2026-07-28T13:57:50.483Z;config_id=257fa022;rssi=-62;uptime_s=603960;heap=195892;cal_tier=channel-cal;cal_src=wet_rederive_1236_20260719;pressure_context_source=weather_openmeteo;transport=wifi_poll,
plants.soil,2026-07-28T13:57:54.480Z,2026-07-28 08:57:54.480,26887,6762df,y9d41p,0.7.3,fleet_logger_0_1,603960041,UMLIFE_v2_TLC555,ch1,origplant,soil_moisture,1699,,,OK,,,986.8,,name=classic;level=OK;role=disp;spread=34;gpio=39;device_seq=80525;time_source=device_synced;device_timestamp_utc=2026-07-28T13:57:50.483Z;config_id=257fa022;rssi=-62;uptime_s=603960;heap=195892;cal_tier=channel-cal;cal_src=wet_rederive_1236_20260719;pressure_context_source=weather_openmeteo;transport=wifi_poll,
plants.soil,2026-07-28T13:57:54.480Z,2026-07-28 08:57:54.480,26888,6762df,y9d41p,0.7.3,fleet_logger_0_1,603960041,UMLIFE_v2_TLC555,ch2,origplant,soil_moisture,1356,,,OK,,,986.8,,name=classic;level=overwatered;role=disp;spread=16;gpio=34;device_seq=80526;time_source=device_synced;device_timestamp_utc=2026-07-28T13:57:50.483Z;config_id=257fa022;rssi=-62;uptime_s=603960;heap=195892;cal_tier=channel-cal;cal_src=wet_rederive_1236_20260719;pressure_context_source=weather_openmeteo;transport=wifi_poll,
plants.soil,2026-07-28T13:57:54.480Z,2026-07-28 08:57:54.480,26889,6762df,y9d41p,0.7.3,fleet_logger_0_1,603960041,UMLIFE_v2_TLC555,ch3,origplant,soil_moisture,1436,,,OK,,,986.8,,name=classic;level=well watered;role=disp;spread=27;gpio=35;device_seq=80527;time_source=device_synced;device_timestamp_utc=2026-07-28T13:57:50.483Z;config_id=257fa022;rssi=-62;uptime_s=603960;heap=195892;cal_tier=channel-cal;cal_src=wet_rederive_1236_20260719;pressure_context_source=weather_openmeteo;transport=wifi_poll,
plants.env,2026-07-28T13:57:54.480Z,2026-07-28 08:57:54.480,26890,6762df,y9d41p,0.7.3,fleet_logger_0_1,603960796,ESP32,esp32_die,on_chip,die_temp,,53.33,degC,OK,,,,,name=classic;source=esp32_die;cal=uncalibrated_board_proxy;api=temperatureRead;config_id=257fa022;transport=wifi_poll,
plants.soil,2026-07-28T13:58:25.310Z,2026-07-28 08:58:25.310,26891,6762df,y9d41p,0.7.3,fleet_logger_0_1,603990041,UMLIFE_v2_TLC555,ch0,origplant,soil_moisture,1593,,,OK,,,986.8,,name=classic;level=well watered;role=disp;spread=17;gpio=36;device_seq=80528;time_source=device_synced;device_timestamp_utc=2026-07-28T13:58:20.483Z;config_id=257fa022;rssi=-62;uptime_s=603990;heap=195896;cal_tier=channel-cal;cal_src=wet_rederive_1236_20260719;pressure_context_source=weather_openmeteo;transport=wifi_poll,
plants.soil,2026-07-28T13:58:25.310Z,2026-07-28 08:58:25.310,26892,6762df,y9d41p,0.7.3,fleet_logger_0_1,603990041,UMLIFE_v2_TLC555,ch1,origplant,soil_moisture,1722,,,OK,,,986.8,,name=classic;level=OK;role=disp;spread=12;gpio=39;device_seq=80529;time_source=device_synced;device_timestamp_utc=2026-07-28T13:58:20.483Z;config_id=257fa022;rssi=-62;uptime_s=603990;heap=195896;cal_tier=channel-cal;cal_src=wet_rederive_1236_20260719;pressure_context_source=weather_openmeteo;transport=wifi_poll,
plants.soil,2026-07-28T13:58:25.310Z,2026-07-28 08:58:25.310,26893,6762df,y9d41p,0.7.3,fleet_logger_0_1,603990041,UMLIFE_v2_TLC555,ch2,origplant,soil_moisture,1376,,,OK,,,986.8,,name=classic;level=overwatered;role=disp;spread=61;gpio=34;device_seq=80530;time_source=device_synced;device_timestamp_utc=2026-07-28T13:58:20.483Z;config_id=257fa022;rssi=-62;uptime_s=603990;heap=195896;cal_tier=channel-cal;cal_src=wet_rederive_1236_20260719;pressure_context_source=weather_openmeteo;transport=wifi_poll,
plants.soil,2026-07-28T13:58:25.310Z,2026-07-28 08:58:25.310,26894,6762df,y9d41p,0.7.3,fleet_logger_0_1,603990041,UMLIFE_v2_TLC555,ch3,origplant,soil_moisture,1458,,,OK,,,986.8,,name=classic;level=well watered;role=disp;spread=18;gpio=35;device_seq=80531;time_source=device_synced;device_timestamp_utc=2026-07-28T13:58:20.483Z;config_id=257fa022;rssi=-62;uptime_s=603990;heap=195896;cal_tier=channel-cal;cal_src=wet_rederive_1236_20260719;pressure_context_source=weather_openmeteo;transport=wifi_poll,
plants.env,2026-07-28T13:58:25.310Z,2026-07-28 08:58:25.310,26895,6762df,y9d41p,0.7.3,fleet_logger_0_1,603990797,ESP32,esp32_die,on_chip,die_temp,,53.33,degC,OK,,,,,name=classic;source=esp32_die;cal=uncalibrated_board_proxy;api=temperatureRead;config_id=257fa022;transport=wifi_poll,
plants.soil,2026-07-28T13:58:55.722Z,2026-07-28 08:58:55.722,26896,6762df,y9d41p,0.7.3,fleet_logger_0_1,604020041,UMLIFE_v2_TLC555,ch0,origplant,soil_moisture,1591,,,OK,,,986.8,,name=classic;level=well watered;role=disp;spread=34;gpio=36;device_seq=80532;time_source=device_synced;device_timestamp_utc=2026-07-28T13:58:50.483Z;config_id=257fa022;rssi=-63;uptime_s=604020;heap=195896;cal_tier=channel-cal;cal_src=wet_rederive_1236_20260719;pressure_context_source=weather_openmeteo;transport=wifi_poll,
plants.soil,2026-07-28T13:58:55.722Z,2026-07-28 08:58:55.722,26897,6762df,y9d41p,0.7.3,fleet_logger_0_1,604020041,UMLIFE_v2_TLC555,ch1,origplant,soil_moisture,1724,,,OK,,,986.8,,name=classic;level=OK;role=disp;spread=20;gpio=39;device_seq=80533;time_source=device_synced;device_timestamp_utc=2026-07-28T13:58:50.483Z;config_id=257fa022;rssi=-63;uptime_s=604020;heap=195896;cal_tier=channel-cal;cal_src=wet_rederive_1236_20260719;pressure_context_source=weather_openmeteo;transport=wifi_poll,
plants.soil,2026-07-28T13:58:55.722Z,2026-07-28 08:58:55.722,26898,6762df,y9d41p,0.7.3,fleet_logger_0_1,604020041,UMLIFE_v2_TLC555,ch2,origplant,soil_moisture,1377,,,OK,,,986.8,,name=classic;level=overwatered;role=disp;spread=37;gpio=34;device_seq=80534;time_source=device_synced;device_timestamp_utc=2026-07-28T13:58:50.483Z;config_id=257fa022;rssi=-63;uptime_s=604020;heap=195896;cal_tier=channel-cal;cal_src=wet_rederive_1236_20260719;pressure_context_source=weather_openmeteo;transport=wifi_poll,
plants.soil,2026-07-28T13:58:55.722Z,2026-07-28 08:58:55.722,26899,6762df,y9d41p,0.7.3,fleet_logger_0_1,604020041,UMLIFE_v2_TLC555,ch3,origplant,soil_moisture,1456,,,OK,,,986.8,,name=classic;level=well watered;role=disp;spread=33;gpio=35;device_seq=80535;time_source=device_synced;device_timestamp_utc=2026-07-28T13:58:50.483Z;config_id=257fa022;rssi=-63;uptime_s=604020;heap=195896;cal_tier=channel-cal;cal_src=wet_rederive_1236_20260719;pressure_context_source=weather_openmeteo;transport=wifi_poll,
plants.env,2026-07-28T13:58:55.722Z,2026-07-28 08:58:55.722,26900,6762df,y9d41p,0.7.3,fleet_logger_0_1,604020797,ESP32,esp32_die,on_chip,die_temp,,53.33,degC,OK,,,,,name=classic;source=esp32_die;cal=uncalibrated_board_proxy;api=temperatureRead;config_id=257fa022;transport=wifi_poll,
plants.soil,2026-07-28T13:59:26.343Z,2026-07-28 08:59:26.343,26901,6762df,y9d41p,0.7.3,fleet_logger_0_1,604050041,UMLIFE_v2_TLC555,ch0,origplant,soil_moisture,1591,,,OK,,,986.8,,name=classic;level=well watered;role=disp;spread=39;gpio=36;device_seq=80536;time_source=device_synced;device_timestamp_utc=2026-07-28T13:59:20.483Z;config_id=257fa022;rssi=-62;uptime_s=604050;heap=195636;cal_tier=channel-cal;cal_src=wet_rederive_1236_20260719;pressure_context_source=weather_openmeteo;transport=wifi_poll,
plants.soil,2026-07-28T13:59:26.343Z,2026-07-28 08:59:26.343,26902,6762df,y9d41p,0.7.3,fleet_logger_0_1,604050041,UMLIFE_v2_TLC555,ch1,origplant,soil_moisture,1730,,,OK,,,986.8,,name=classic;level=OK;role=disp;spread=48;gpio=39;device_seq=80537;time_source=device_synced;device_timestamp_utc=2026-07-28T13:59:20.483Z;config_id=257fa022;rssi=-62;uptime_s=604050;heap=195636;cal_tier=channel-cal;cal_src=wet_rederive_1236_20260719;pressure_context_source=weather_openmeteo;transport=wifi_poll,
plants.soil,2026-07-28T13:59:26.343Z,2026-07-28 08:59:26.343,26903,6762df,y9d41p,0.7.3,fleet_logger_0_1,604050041,UMLIFE_v2_TLC555,ch2,origplant,soil_moisture,1379,,,OK,,,986.8,,name=classic;level=overwatered;role=disp;spread=30;gpio=34;device_seq=80538;time_source=device_synced;device_timestamp_utc=2026-07-28T13:59:20.483Z;config_id=257fa022;rssi=-62;uptime_s=604050;heap=195636;cal_tier=channel-cal;cal_src=wet_rederive_1236_20260719;pressure_context_source=weather_openmeteo;transport=wifi_poll,
plants.soil,2026-07-28T13:59:26.343Z,2026-07-28 08:59:26.343,26904,6762df,y9d41p,0.7.3,fleet_logger_0_1,604050041,UMLIFE_v2_TLC555,ch3,origplant,soil_moisture,1462,,,OK,,,986.8,,name=classic;level=well watered;role=disp;spread=16;gpio=35;device_seq=80539;time_source=device_synced;device_timestamp_utc=2026-07-28T13:59:20.483Z;config_id=257fa022;rssi=-62;uptime_s=604050;heap=195636;cal_tier=channel-cal;cal_src=wet_rederive_1236_20260719;pressure_context_source=weather_openmeteo;transport=wifi_poll,
plants.env,2026-07-28T13:59:26.343Z,2026-07-28 08:59:26.343,26905,6762df,y9d41p,0.7.3,fleet_logger_0_1,604050797,ESP32,esp32_die,on_chip,die_temp,,53.33,degC,OK,,,,,name=classic;source=esp32_die;cal=uncalibrated_board_proxy;api=temperatureRead;config_id=257fa022;transport=wifi_poll,
plants.soil,2026-07-28T13:59:57.065Z,2026-07-28 08:59:57.065,26906,6762df,y9d41p,0.7.3,fleet_logger_0_1,604080041,UMLIFE_v2_TLC555,ch0,origplant,soil_moisture,1591,,,OK,,,986.8,,name=classic;level=well watered;role=disp;spread=35;gpio=36;device_seq=80540;time_source=device_synced;device_timestamp_utc=2026-07-28T13:59:50.483Z;config_id=257fa022;rssi=-62;uptime_s=604080;heap=195636;cal_tier=channel-cal;cal_src=wet_rederive_1236_20260719;pressure_context_source=weather_openmeteo;transport=wifi_poll,
plants.soil,2026-07-28T13:59:57.065Z,2026-07-28 08:59:57.065,26907,6762df,y9d41p,0.7.3,fleet_logger_0_1,604080041,UMLIFE_v2_TLC555,ch1,origplant,soil_moisture,1726,,,OK,,,986.8,,name=classic;level=OK;role=disp;spread=28;gpio=39;device_seq=80541;time_source=device_synced;device_timestamp_utc=2026-07-28T13:59:50.483Z;config_id=257fa022;rssi=-62;uptime_s=604080;heap=195636;cal_tier=channel-cal;cal_src=wet_rederive_1236_20260719;pressure_context_source=weather_openmeteo;transport=wifi_poll,
plants.soil,2026-07-28T13:59:57.065Z,2026-07-28 08:59:57.065,26908,6762df,y9d41p,0.7.3,fleet_logger_0_1,604080041,UMLIFE_v2_TLC555,ch2,origplant,soil_moisture,1375,,,OK,,,986.8,,name=classic;level=overwatered;role=disp;spread=7;gpio=34;device_seq=80542;time_source=device_synced;device_timestamp_utc=2026-07-28T13:59:50.483Z;config_id=257fa022;rssi=-62;uptime_s=604080;heap=195636;cal_tier=channel-cal;cal_src=wet_rederive_1236_20260719;pressure_context_source=weather_openmeteo;transport=wifi_poll,
plants.soil,2026-07-28T13:59:57.065Z,2026-07-28 08:59:57.065,26909,6762df,y9d41p,0.7.3,fleet_logger_0_1,604080041,UMLIFE_v2_TLC555,ch3,origplant,soil_moisture,1463,,,OK,,,986.8,,name=classic;level=well watered;role=disp;spread=22;gpio=35;device_seq=80543;time_source=device_synced;device_timestamp_utc=2026-07-28T13:59:50.483Z;config_id=257fa022;rssi=-62;uptime_s=604080;heap=195636;cal_tier=channel-cal;cal_src=wet_rederive_1236_20260719;pressure_context_source=weather_openmeteo;transport=wifi_poll,
plants.env,2026-07-28T13:59:57.065Z,2026-07-28 08:59:57.065,26910,6762df,y9d41p,0.7.3,fleet_logger_0_1,604080796,ESP32,esp32_die,on_chip,die_temp,,53.33,degC,OK,,,,,name=classic;source=esp32_die;cal=uncalibrated_board_proxy;api=temperatureRead;config_id=257fa022;transport=wifi_poll,
plants.soil,2026-07-28T14:00:27.783Z,2026-07-28 09:00:27.783,26911,6762df,y9d41p,0.7.3,fleet_logger_0_1,604110041,UMLIFE_v2_TLC555,ch0,origplant,soil_moisture,1594,,,OK,,,986.8,,name=classic;level=well watered;role=disp;spread=49;gpio=36;device_seq=80544;time_source=device_synced;device_timestamp_utc=2026-07-28T14:00:20.483Z;config_id=257fa022;rssi=-62;uptime_s=604110;heap=195896;cal_tier=channel-cal;cal_src=wet_rederive_1236_20260719;pressure_context_source=weather_openmeteo;transport=wifi_poll,
plants.soil,2026-07-28T14:00:27.783Z,2026-07-28 09:00:27.783,26912,6762df,y9d41p,0.7.3,fleet_logger_0_1,604110041,UMLIFE_v2_TLC555,ch1,origplant,soil_moisture,1729,,,OK,,,986.8,,name=classic;level=OK;role=disp;spread=34;gpio=39;device_seq=80545;time_source=device_synced;device_timestamp_utc=2026-07-28T14:00:20.483Z;config_id=257fa022;rssi=-62;uptime_s=604110;heap=195896;cal_tier=channel-cal;cal_src=wet_rederive_1236_20260719;pressure_context_source=weather_openmeteo;transport=wifi_poll,
plants.soil,2026-07-28T14:00:27.783Z,2026-07-28 09:00:27.783,26913,6762df,y9d41p,0.7.3,fleet_logger_0_1,604110041,UMLIFE_v2_TLC555,ch2,origplant,soil_moisture,1376,,,OK,,,986.8,,name=classic;level=overwatered;role=disp;spread=40;gpio=34;device_seq=80546;time_source=device_synced;device_timestamp_utc=2026-07-28T14:00:20.483Z;config_id=257fa022;rssi=-62;uptime_s=604110;heap=195896;cal_tier=channel-cal;cal_src=wet_rederive_1236_20260719;pressure_context_source=weather_openmeteo;transport=wifi_poll,
plants.soil,2026-07-28T14:00:27.783Z,2026-07-28 09:00:27.783,26914,6762df,y9d41p,0.7.3,fleet_logger_0_1,604110041,UMLIFE_v2_TLC555,ch3,origplant,soil_moisture,1460,,,OK,,,986.8,,name=classic;level=well watered;role=disp;spread=28;gpio=35;device_seq=80547;time_source=device_synced;device_timestamp_utc=2026-07-28T14:00:20.483Z;config_id=257fa022;rssi=-62;uptime_s=604110;heap=195896;cal_tier=channel-cal;cal_src=wet_rederive_1236_20260719;pressure_context_source=weather_openmeteo;transport=wifi_poll,
plants.env,2026-07-28T14:00:27.783Z,2026-07-28 09:00:27.783,26915,6762df,y9d41p,0.7.3,fleet_logger_0_1,604110796,ESP32,esp32_die,on_chip,die_temp,,53.33,degC,OK,,,,,name=classic;source=esp32_die;cal=uncalibrated_board_proxy;api=temperatureRead;config_id=257fa022;transport=wifi_poll,
plants.soil,2026-07-28T14:00:58.504Z,2026-07-28 09:00:58.504,26916,6762df,y9d41p,0.7.3,fleet_logger_0_1,604140041,UMLIFE_v2_TLC555,ch0,origplant,soil_moisture,1564,,,OK,,,986.8,,name=classic;level=well watered;role=disp;spread=37;gpio=36;device_seq=80548;time_source=device_synced;device_timestamp_utc=2026-07-28T14:00:50.483Z;config_id=257fa022;rssi=-60;uptime_s=604140;heap=195908;cal_tier=channel-cal;cal_src=wet_rederive_1236_20260719;pressure_context_source=weather_openmeteo;transport=wifi_poll,
plants.soil,2026-07-28T14:00:58.504Z,2026-07-28 09:00:58.504,26917,6762df,y9d41p,0.7.3,fleet_logger_0_1,604140041,UMLIFE_v2_TLC555,ch1,origplant,soil_moisture,1702,,,OK,,,986.8,,name=classic;level=OK;role=disp;spread=36;gpio=39;device_seq=80549;time_source=device_synced;device_timestamp_utc=2026-07-28T14:00:50.483Z;config_id=257fa022;rssi=-60;uptime_s=604140;heap=195908;cal_tier=channel-cal;cal_src=wet_rederive_1236_20260719;pressure_context_source=weather_openmeteo;transport=wifi_poll,
plants.soil,2026-07-28T14:00:58.504Z,2026-07-28 09:00:58.504,26918,6762df,y9d41p,0.7.3,fleet_logger_0_1,604140041,UMLIFE_v2_TLC555,ch2,origplant,soil_moisture,1351,,,OK,,,986.8,,name=classic;level=overwatered;role=disp;spread=28;gpio=34;device_seq=80550;time_source=device_synced;device_timestamp_utc=2026-07-28T14:00:50.483Z;config_id=257fa022;rssi=-60;uptime_s=604140;heap=195908;cal_tier=channel-cal;cal_src=wet_rederive_1236_20260719;pressure_context_source=weather_openmeteo;transport=wifi_poll,
plants.soil,2026-07-28T14:00:58.504Z,2026-07-28 09:00:58.504,26919,6762df,y9d41p,0.7.3,fleet_logger_0_1,604140041,UMLIFE_v2_TLC555,ch3,origplant,soil_moisture,1431,,,OK,,,986.8,,name=classic;level=well watered;role=disp;spread=16;gpio=35;device_seq=80551;time_source=device_synced;device_timestamp_utc=2026-07-28T14:00:50.483Z;config_id=257fa022;rssi=-60;uptime_s=604140;heap=195908;cal_tier=channel-cal;cal_src=wet_rederive_1236_20260719;pressure_context_source=weather_openmeteo;transport=wifi_poll,
plants.env,2026-07-28T14:00:58.504Z,2026-07-28 09:00:58.504,26920,6762df,y9d41p,0.7.3,fleet_logger_0_1,604140796,ESP32,esp32_die,on_chip,die_temp,,53.33,degC,OK,,,,,name=classic;source=esp32_die;cal=uncalibrated_board_proxy;api=temperatureRead;config_id=257fa022;transport=wifi_poll,
plants.soil,2026-07-28T14:01:28.912Z,2026-07-28 09:01:28.912,26921,6762df,y9d41p,0.7.3,fleet_logger_0_1,604170041,UMLIFE_v2_TLC555,ch0,origplant,soil_moisture,1568,,,OK,,,986.8,,name=classic;level=well watered;role=disp;spread=23;gpio=36;device_seq=80552;time_source=device_synced;device_timestamp_utc=2026-07-28T14:01:20.483Z;config_id=257fa022;rssi=-62;uptime_s=604170;heap=195908;cal_tier=channel-cal;cal_src=wet_rederive_1236_20260719;pressure_context_source=weather_openmeteo;transport=wifi_poll,
plants.soil,2026-07-28T14:01:28.912Z,2026-07-28 09:01:28.912,26922,6762df,y9d41p,0.7.3,fleet_logger_0_1,604170041,UMLIFE_v2_TLC555,ch1,origplant,soil_moisture,1699,,,OK,,,986.8,,name=classic;level=OK;role=disp;spread=38;gpio=39;device_seq=80553;time_source=device_synced;device_timestamp_utc=2026-07-28T14:01:20.483Z;config_id=257fa022;rssi=-62;uptime_s=604170;heap=195908;cal_tier=channel-cal;cal_src=wet_rederive_1236_20260719;pressure_context_source=weather_openmeteo;transport=wifi_poll,
plants.soil,2026-07-28T14:01:28.912Z,2026-07-28 09:01:28.912,26923,6762df,y9d41p,0.7.3,fleet_logger_0_1,604170041,UMLIFE_v2_TLC555,ch2,origplant,soil_moisture,1355,,,OK,,,986.8,,name=classic;level=overwatered;role=disp;spread=32;gpio=34;device_seq=80554;time_source=device_synced;device_timestamp_utc=2026-07-28T14:01:20.483Z;config_id=257fa022;rssi=-62;uptime_s=604170;heap=195908;cal_tier=channel-cal;cal_src=wet_rederive_1236_20260719;pressure_context_source=weather_openmeteo;transport=wifi_poll,
plants.soil,2026-07-28T14:01:28.912Z,2026-07-28 09:01:28.912,26924,6762df,y9d41p,0.7.3,fleet_logger_0_1,604170041,UMLIFE_v2_TLC555,ch3,origplant,soil_moisture,1436,,,OK,,,986.8,,name=classic;level=well watered;role=disp;spread=20;gpio=35;device_seq=80555;time_source=device_synced;device_timestamp_utc=2026-07-28T14:01:20.483Z;config_id=257fa022;rssi=-62;uptime_s=604170;heap=195908;cal_tier=channel-cal;cal_src=wet_rederive_1236_20260719;pressure_context_source=weather_openmeteo;transport=wifi_poll,
plants.env,2026-07-28T14:01:28.912Z,2026-07-28 09:01:28.912,26925,6762df,y9d41p,0.7.3,fleet_logger_0_1,604170796,ESP32,esp32_die,on_chip,die_temp,,52.78,degC,OK,,,,,name=classic;source=esp32_die;cal=uncalibrated_board_proxy;api=temperatureRead;config_id=257fa022;transport=wifi_poll,
plants.soil,2026-07-28T14:01:59.326Z,2026-07-28 09:01:59.326,26926,6762df,y9d41p,0.7.3,fleet_logger_0_1,604200041,UMLIFE_v2_TLC555,ch0,origplant,soil_moisture,1574,,,OK,,,986.8,,name=classic;level=well watered;role=disp;spread=13;gpio=36;device_seq=80556;time_source=device_synced;device_timestamp_utc=2026-07-28T14:01:50.483Z;config_id=257fa022;rssi=-63;uptime_s=604200;heap=195908;cal_tier=channel-cal;cal_src=wet_rederive_1236_20260719;pressure_context_source=weather_openmeteo;transport=wifi_poll,
plants.soil,2026-07-28T14:01:59.326Z,2026-07-28 09:01:59.326,26927,6762df,y9d41p,0.7.3,fleet_logger_0_1,604200041,UMLIFE_v2_TLC555,ch1,origplant,soil_moisture,1699,,,OK,,,986.8,,name=classic;level=OK;role=disp;spread=54;gpio=39;device_seq=80557;time_source=device_synced;device_timestamp_utc=2026-07-28T14:01:50.483Z;config_id=257fa022;rssi=-63;uptime_s=604200;heap=195908;cal_tier=channel-cal;cal_src=wet_rederive_1236_20260719;pressure_context_source=weather_openmeteo;transport=wifi_poll,
plants.soil,2026-07-28T14:01:59.326Z,2026-07-28 09:01:59.326,26928,6762df,y9d41p,0.7.3,fleet_logger_0_1,604200041,UMLIFE_v2_TLC555,ch2,origplant,soil_moisture,1354,,,OK,,,986.8,,name=classic;level=overwatered;role=disp;spread=49;gpio=34;device_seq=80558;time_source=device_synced;device_timestamp_utc=2026-07-28T14:01:50.483Z;config_id=257fa022;rssi=-63;uptime_s=604200;heap=195908;cal_tier=channel-cal;cal_src=wet_rederive_1236_20260719;pressure_context_source=weather_openmeteo;transport=wifi_poll,
plants.soil,2026-07-28T14:01:59.326Z,2026-07-28 09:01:59.326,26929,6762df,y9d41p,0.7.3,fleet_logger_0_1,604200041,UMLIFE_v2_TLC555,ch3,origplant,soil_moisture,1441,,,OK,,,986.8,,name=classic;level=well watered;role=disp;spread=27;gpio=35;device_seq=80559;time_source=device_synced;device_timestamp_utc=2026-07-28T14:01:50.483Z;config_id=257fa022;rssi=-63;uptime_s=604200;heap=195908;cal_tier=channel-cal;cal_src=wet_rederive_1236_20260719;pressure_context_source=weather_openmeteo;transport=wifi_poll,
plants.env,2026-07-28T14:01:59.326Z,2026-07-28 09:01:59.326,26930,6762df,y9d41p,0.7.3,fleet_logger_0_1,604201863,ESP32,esp32_die,on_chip,die_temp,,53.33,degC,OK,,,,,name=classic;source=esp32_die;cal=uncalibrated_board_proxy;api=temperatureRead;config_id=257fa022;transport=wifi_poll,
plants.soil,2026-07-28T14:02:30.046Z,2026-07-28 09:02:30.046,26931,6762df,y9d41p,0.7.3,fleet_logger_0_1,604230041,UMLIFE_v2_TLC555,ch0,origplant,soil_moisture,1591,,,OK,,,986.8,,name=classic;level=well watered;role=disp;spread=38;gpio=36;device_seq=80560;time_source=device_synced;device_timestamp_utc=2026-07-28T14:02:20.483Z;config_id=257fa022;rssi=-62;uptime_s=604230;heap=195648;cal_tier=channel-cal;cal_src=wet_rederive_1236_20260719;pressure_context_source=weather_openmeteo;transport=wifi_poll,
plants.soil,2026-07-28T14:02:30.046Z,2026-07-28 09:02:30.046,26932,6762df,y9d41p,0.7.3,fleet_logger_0_1,604230041,UMLIFE_v2_TLC555,ch1,origplant,soil_moisture,1724,,,OK,,,986.8,,name=classic;level=OK;role=disp;spread=38;gpio=39;device_seq=80561;time_source=device_synced;device_timestamp_utc=2026-07-28T14:02:20.483Z;config_id=257fa022;rssi=-62;uptime_s=604230;heap=195648;cal_tier=channel-cal;cal_src=wet_rederive_1236_20260719;pressure_context_source=weather_openmeteo;transport=wifi_poll,
plants.soil,2026-07-28T14:02:30.046Z,2026-07-28 09:02:30.046,26933,6762df,y9d41p,0.7.3,fleet_logger_0_1,604230041,UMLIFE_v2_TLC555,ch2,origplant,soil_moisture,1378,,,OK,,,986.8,,name=classic;level=overwatered;role=disp;spread=26;gpio=34;device_seq=80562;time_source=device_synced;device_timestamp_utc=2026-07-28T14:02:20.483Z;config_id=257fa022;rssi=-62;uptime_s=604230;heap=195648;cal_tier=channel-cal;cal_src=wet_rederive_1236_20260719;pressure_context_source=weather_openmeteo;transport=wifi_poll,
plants.soil,2026-07-28T14:02:30.046Z,2026-07-28 09:02:30.046,26934,6762df,y9d41p,0.7.3,fleet_logger_0_1,604230041,UMLIFE_v2_TLC555,ch3,origplant,soil_moisture,1459,,,OK,,,986.8,,name=classic;level=well watered;role=disp;spread=32;gpio=35;device_seq=80563;time_source=device_synced;device_timestamp_utc=2026-07-28T14:02:20.483Z;config_id=257fa022;rssi=-62;uptime_s=604230;heap=195648;cal_tier=channel-cal;cal_src=wet_rederive_1236_20260719;pressure_context_source=weather_openmeteo;transport=wifi_poll,
plants.env,2026-07-28T14:02:30.046Z,2026-07-28 09:02:30.046,26935,6762df,y9d41p,0.7.3,fleet_logger_0_1,604230797,ESP32,esp32_die,on_chip,die_temp,,52.78,degC,OK,,,,,name=classic;source=esp32_die;cal=uncalibrated_board_proxy;api=temperatureRead;config_id=257fa022;transport=wifi_poll,
plants.soil,2026-07-28T14:03:34.870Z,2026-07-28 09:03:34.870,26936,6762df,y9d41p,0.7.3,fleet_logger_0_1,604290041,UMLIFE_v2_TLC555,ch0,origplant,soil_moisture,1591,,,OK,,,986.8,,name=classic;level=well watered;role=disp;spread=18;gpio=36;device_seq=80568;time_source=device_synced;device_timestamp_utc=2026-07-28T14:03:20.483Z;config_id=257fa022;rssi=-61;uptime_s=604290;heap=195608;cal_tier=channel-cal;cal_src=wet_rederive_1236_20260719;pressure_context_source=weather_openmeteo;transport=wifi_poll,
plants.soil,2026-07-28T14:03:34.870Z,2026-07-28 09:03:34.870,26937,6762df,y9d41p,0.7.3,fleet_logger_0_1,604290041,UMLIFE_v2_TLC555,ch1,origplant,soil_moisture,1723,,,OK,,,986.8,,name=classic;level=OK;role=disp;spread=20;gpio=39;device_seq=80569;time_source=device_synced;device_timestamp_utc=2026-07-28T14:03:20.483Z;config_id=257fa022;rssi=-61;uptime_s=604290;heap=195608;cal_tier=channel-cal;cal_src=wet_rederive_1236_20260719;pressure_context_source=weather_openmeteo;transport=wifi_poll,
plants.soil,2026-07-28T14:03:34.870Z,2026-07-28 09:03:34.870,26938,6762df,y9d41p,0.7.3,fleet_logger_0_1,604290041,UMLIFE_v2_TLC555,ch2,origplant,soil_moisture,1383,,,OK,,,986.8,,name=classic;level=overwatered;role=disp;spread=23;gpio=34;device_seq=80570;time_source=device_synced;device_timestamp_utc=2026-07-28T14:03:20.483Z;config_id=257fa022;rssi=-61;uptime_s=604290;heap=195608;cal_tier=channel-cal;cal_src=wet_rederive_1236_20260719;pressure_context_source=weather_openmeteo;transport=wifi_poll,
plants.soil,2026-07-28T14:03:34.870Z,2026-07-28 09:03:34.870,26939,6762df,y9d41p,0.7.3,fleet_logger_0_1,604290041,UMLIFE_v2_TLC555,ch3,origplant,soil_moisture,1468,,,OK,,,986.8,,name=classic;level=well watered;role=disp;spread=10;gpio=35;device_seq=80571;time_source=device_synced;device_timestamp_utc=2026-07-28T14:03:20.483Z;config_id=257fa022;rssi=-61;uptime_s=604290;heap=195608;cal_tier=channel-cal;cal_src=wet_rederive_1236_20260719;pressure_context_source=weather_openmeteo;transport=wifi_poll,
plants.env,2026-07-28T14:03:34.870Z,2026-07-28 09:03:34.870,26940,6762df,y9d41p,0.7.3,fleet_logger_0_1,604290797,ESP32,esp32_die,on_chip,die_temp,,53.33,degC,OK,,,,,name=classic;source=esp32_die;cal=uncalibrated_board_proxy;api=temperatureRead;config_id=257fa022;transport=wifi_poll,
plants.soil,2026-07-28T14:04:06.300Z,2026-07-28 09:04:06.300,26941,6762df,y9d41p,0.7.3,fleet_logger_0_1,604320041,UMLIFE_v2_TLC555,ch0,origplant,soil_moisture,1575,,,OK,,,986.8,,name=classic;level=well watered;role=disp;spread=50;gpio=36;device_seq=80572;time_source=device_synced;device_timestamp_utc=2026-07-28T14:03:50.483Z;config_id=257fa022;rssi=-63;uptime_s=604320;heap=196428;cal_tier=channel-cal;cal_src=wet_rederive_1236_20260719;pressure_context_source=weather_openmeteo;transport=wifi_poll,
plants.soil,2026-07-28T14:04:06.300Z,2026-07-28 09:04:06.300,26942,6762df,y9d41p,0.7.3,fleet_logger_0_1,604320041,UMLIFE_v2_TLC555,ch1,origplant,soil_moisture,1700,,,OK,,,986.8,,name=classic;level=OK;role=disp;spread=23;gpio=39;device_seq=80573;time_source=device_synced;device_timestamp_utc=2026-07-28T14:03:50.483Z;config_id=257fa022;rssi=-63;uptime_s=604320;heap=196428;cal_tier=channel-cal;cal_src=wet_rederive_1236_20260719;pressure_context_source=weather_openmeteo;transport=wifi_poll,
plants.soil,2026-07-28T14:04:06.300Z,2026-07-28 09:04:06.300,26943,6762df,y9d41p,0.7.3,fleet_logger_0_1,604320041,UMLIFE_v2_TLC555,ch2,origplant,soil_moisture,1353,,,OK,,,986.8,,name=classic;level=overwatered;role=disp;spread=50;gpio=34;device_seq=80574;time_source=device_synced;device_timestamp_utc=2026-07-28T14:03:50.483Z;config_id=257fa022;rssi=-63;uptime_s=604320;heap=196428;cal_tier=channel-cal;cal_src=wet_rederive_1236_20260719;pressure_context_source=weather_openmeteo;transport=wifi_poll,
plants.soil,2026-07-28T14:04:06.300Z,2026-07-28 09:04:06.300,26944,6762df,y9d41p,0.7.3,fleet_logger_0_1,604320041,UMLIFE_v2_TLC555,ch3,origplant,soil_moisture,1442,,,OK,,,986.8,,name=classic;level=well watered;role=disp;spread=11;gpio=35;device_seq=80575;time_source=device_synced;device_timestamp_utc=2026-07-28T14:03:50.483Z;config_id=257fa022;rssi=-63;uptime_s=604320;heap=196428;cal_tier=channel-cal;cal_src=wet_rederive_1236_20260719;pressure_context_source=weather_openmeteo;transport=wifi_poll,
plants.env,2026-07-28T14:04:06.300Z,2026-07-28 09:04:06.300,26945,6762df,y9d41p,0.7.3,fleet_logger_0_1,604320797,ESP32,esp32_die,on_chip,die_temp,,52.78,degC,OK,,,,,name=classic;source=esp32_die;cal=uncalibrated_board_proxy;api=temperatureRead;config_id=257fa022;transport=wifi_poll,
plants.soil,2026-07-28T14:04:36.911Z,2026-07-28 09:04:36.911,26946,6762df,y9d41p,0.7.3,fleet_logger_0_1,604350041,UMLIFE_v2_TLC555,ch0,origplant,soil_moisture,1593,,,OK,,,986.8,,name=classic;level=well watered;role=disp;spread=34;gpio=36;device_seq=80576;time_source=device_synced;device_timestamp_utc=2026-07-28T14:04:20.483Z;config_id=257fa022;rssi=-62;uptime_s=604350;heap=196396;cal_tier=channel-cal;cal_src=wet_rederive_1236_20260719;pressure_context_source=weather_openmeteo;transport=wifi_poll,
plants.soil,2026-07-28T14:04:36.911Z,2026-07-28 09:04:36.911,26947,6762df,y9d41p,0.7.3,fleet_logger_0_1,604350041,UMLIFE_v2_TLC555,ch1,origplant,soil_moisture,1730,,,OK,,,986.8,,name=classic;level=OK;role=disp;spread=39;gpio=39;device_seq=80577;time_source=device_synced;device_timestamp_utc=2026-07-28T14:04:20.483Z;config_id=257fa022;rssi=-62;uptime_s=604350;heap=196396;cal_tier=channel-cal;cal_src=wet_rederive_1236_20260719;pressure_context_source=weather_openmeteo;transport=wifi_poll,
plants.soil,2026-07-28T14:04:36.911Z,2026-07-28 09:04:36.911,26948,6762df,y9d41p,0.7.3,fleet_logger_0_1,604350041,UMLIFE_v2_TLC555,ch2,origplant,soil_moisture,1374,,,OK,,,986.8,,name=classic;level=overwatered;role=disp;spread=22;gpio=34;device_seq=80578;time_source=device_synced;device_timestamp_utc=2026-07-28T14:04:20.483Z;config_id=257fa022;rssi=-62;uptime_s=604350;heap=196396;cal_tier=channel-cal;cal_src=wet_rederive_1236_20260719;pressure_context_source=weather_openmeteo;transport=wifi_poll,
plants.soil,2026-07-28T14:04:36.911Z,2026-07-28 09:04:36.911,26949,6762df,y9d41p,0.7.3,fleet_logger_0_1,604350041,UMLIFE_v2_TLC555,ch3,origplant,soil_moisture,1464,,,OK,,,986.8,,name=classic;level=well watered;role=disp;spread=31;gpio=35;device_seq=80579;time_source=device_synced;device_timestamp_utc=2026-07-28T14:04:20.483Z;config_id=257fa022;rssi=-62;uptime_s=604350;heap=196396;cal_tier=channel-cal;cal_src=wet_rederive_1236_20260719;pressure_context_source=weather_openmeteo;transport=wifi_poll,
plants.env,2026-07-28T14:04:36.911Z,2026-07-28 09:04:36.911,26950,6762df,y9d41p,0.7.3,fleet_logger_0_1,604350797,ESP32,esp32_die,on_chip,die_temp,,53.33,degC,OK,,,,,name=classic;source=esp32_die;cal=uncalibrated_board_proxy;api=temperatureRead;config_id=257fa022;transport=wifi_poll,
plants.soil,2026-07-28T14:05:07.232Z,2026-07-28 09:05:07.232,26951,6762df,y9d41p,0.7.3,fleet_logger_0_1,604380041,UMLIFE_v2_TLC555,ch0,origplant,soil_moisture,1596,,,OK,,,986.8,,name=classic;level=well watered;role=disp;spread=40;gpio=36;device_seq=80580;time_source=device_synced;device_timestamp_utc=2026-07-28T14:04:50.483Z;config_id=257fa022;rssi=-60;uptime_s=604380;heap=196400;cal_tier=channel-cal;cal_src=wet_rederive_1236_20260719;pressure_context_source=weather_openmeteo;transport=wifi_poll,
plants.soil,2026-07-28T14:05:07.232Z,2026-07-28 09:05:07.232,26952,6762df,y9d41p,0.7.3,fleet_logger_0_1,604380041,UMLIFE_v2_TLC555,ch1,origplant,soil_moisture,1723,,,OK,,,986.8,,name=classic;level=OK;role=disp;spread=47;gpio=39;device_seq=80581;time_source=device_synced;device_timestamp_utc=2026-07-28T14:04:50.483Z;config_id=257fa022;rssi=-60;uptime_s=604380;heap=196400;cal_tier=channel-cal;cal_src=wet_rederive_1236_20260719;pressure_context_source=weather_openmeteo;transport=wifi_poll,
plants.soil,2026-07-28T14:05:07.232Z,2026-07-28 09:05:07.232,26953,6762df,y9d41p,0.7.3,fleet_logger_0_1,604380041,UMLIFE_v2_TLC555,ch2,origplant,soil_moisture,1377,,,OK,,,986.8,,name=classic;level=overwatered;role=disp;spread=38;gpio=34;device_seq=80582;time_source=device_synced;device_timestamp_utc=2026-07-28T14:04:50.483Z;config_id=257fa022;rssi=-60;uptime_s=604380;heap=196400;cal_tier=channel-cal;cal_src=wet_rederive_1236_20260719;pressure_context_source=weather_openmeteo;transport=wifi_poll,
plants.soil,2026-07-28T14:05:07.232Z,2026-07-28 09:05:07.232,26954,6762df,y9d41p,0.7.3,fleet_logger_0_1,604380041,UMLIFE_v2_TLC555,ch3,origplant,soil_moisture,1464,,,OK,,,986.8,,name=classic;level=well watered;role=disp;spread=20;gpio=35;device_seq=80583;time_source=device_synced;device_timestamp_utc=2026-07-28T14:04:50.483Z;config_id=257fa022;rssi=-60;uptime_s=604380;heap=196400;cal_tier=channel-cal;cal_src=wet_rederive_1236_20260719;pressure_context_source=weather_openmeteo;transport=wifi_poll,
plants.env,2026-07-28T14:05:07.232Z,2026-07-28 09:05:07.232,26955,6762df,y9d41p,0.7.3,fleet_logger_0_1,604380797,ESP32,esp32_die,on_chip,die_temp,,53.33,degC,OK,,,,,name=classic;source=esp32_die;cal=uncalibrated_board_proxy;api=temperatureRead;config_id=257fa022;transport=wifi_poll,
plants.soil,2026-07-28T14:05:37.543Z,2026-07-28 09:05:37.543,26956,6762df,y9d41p,0.7.3,fleet_logger_0_1,604410041,UMLIFE_v2_TLC555,ch0,origplant,soil_moisture,1594,,,OK,,,986.8,,name=classic;level=well watered;role=disp;spread=24;gpio=36;device_seq=80584;time_source=device_synced;device_timestamp_utc=2026-07-28T14:05:20.483Z;config_id=257fa022;rssi=-61;uptime_s=604410;heap=195628;cal_tier=channel-cal;cal_src=wet_rederive_1236_20260719;pressure_context_source=weather_openmeteo;transport=wifi_poll,
plants.soil,2026-07-28T14:05:37.543Z,2026-07-28 09:05:37.543,26957,6762df,y9d41p,0.7.3,fleet_logger_0_1,604410041,UMLIFE_v2_TLC555,ch1,origplant,soil_moisture,1726,,,OK,,,986.8,,name=classic;level=OK;role=disp;spread=45;gpio=39;device_seq=80585;time_source=device_synced;device_timestamp_utc=2026-07-28T14:05:20.483Z;config_id=257fa022;rssi=-61;uptime_s=604410;heap=195628;cal_tier=channel-cal;cal_src=wet_rederive_1236_20260719;pressure_context_source=weather_openmeteo;transport=wifi_poll,
plants.soil,2026-07-28T14:05:37.543Z,2026-07-28 09:05:37.543,26958,6762df,y9d41p,0.7.3,fleet_logger_0_1,604410041,UMLIFE_v2_TLC555,ch2,origplant,soil_moisture,1383,,,OK,,,986.8,,name=classic;level=overwatered;role=disp;spread=32;gpio=34;device_seq=80586;time_source=device_synced;device_timestamp_utc=2026-07-28T14:05:20.483Z;config_id=257fa022;rssi=-61;uptime_s=604410;heap=195628;cal_tier=channel-cal;cal_src=wet_rederive_1236_20260719;pressure_context_source=weather_openmeteo;transport=wifi_poll,
plants.soil,2026-07-28T14:05:37.543Z,2026-07-28 09:05:37.543,26959,6762df,y9d41p,0.7.3,fleet_logger_0_1,604410041,UMLIFE_v2_TLC555,ch3,origplant,soil_moisture,1467,,,OK,,,986.8,,name=classic;level=well watered;role=disp;spread=13;gpio=35;device_seq=80587;time_source=device_synced;device_timestamp_utc=2026-07-28T14:05:20.483Z;config_id=257fa022;rssi=-61;uptime_s=604410;heap=195628;cal_tier=channel-cal;cal_src=wet_rederive_1236_20260719;pressure_context_source=weather_openmeteo;transport=wifi_poll,
plants.env,2026-07-28T14:05:37.543Z,2026-07-28 09:05:37.543,26960,6762df,y9d41p,0.7.3,fleet_logger_0_1,604410797,ESP32,esp32_die,on_chip,die_temp,,52.78,degC,OK,,,,,name=classic;source=esp32_die;cal=uncalibrated_board_proxy;api=temperatureRead;config_id=257fa022;transport=wifi_poll,
plants.soil,2026-07-28T14:06:08.059Z,2026-07-28 09:06:08.059,26961,6762df,y9d41p,0.7.3,fleet_logger_0_1,604440041,UMLIFE_v2_TLC555,ch0,origplant,soil_moisture,1590,,,OK,,,986.8,,name=classic;level=well watered;role=disp;spread=31;gpio=36;device_seq=80588;time_source=device_synced;device_timestamp_utc=2026-07-28T14:05:50.483Z;config_id=257fa022;rssi=-62;uptime_s=604440;heap=195624;cal_tier=channel-cal;cal_src=wet_rederive_1236_20260719;pressure_context_source=weather_openmeteo;transport=wifi_poll,
plants.soil,2026-07-28T14:06:08.059Z,2026-07-28 09:06:08.059,26962,6762df,y9d41p,0.7.3,fleet_logger_0_1,604440041,UMLIFE_v2_TLC555,ch1,origplant,soil_moisture,1725,,,OK,,,986.8,,name=classic;level=OK;role=disp;spread=34;gpio=39;device_seq=80589;time_source=device_synced;device_timestamp_utc=2026-07-28T14:05:50.483Z;config_id=257fa022;rssi=-62;uptime_s=604440;heap=195624;cal_tier=channel-cal;cal_src=wet_rederive_1236_20260719;pressure_context_source=weather_openmeteo;transport=wifi_poll,
plants.soil,2026-07-28T14:06:08.059Z,2026-07-28 09:06:08.059,26963,6762df,y9d41p,0.7.3,fleet_logger_0_1,604440041,UMLIFE_v2_TLC555,ch2,origplant,soil_moisture,1380,,,OK,,,986.8,,name=classic;level=overwatered;role=disp;spread=39;gpio=34;device_seq=80590;time_source=device_synced;device_timestamp_utc=2026-07-28T14:05:50.483Z;config_id=257fa022;rssi=-62;uptime_s=604440;heap=195624;cal_tier=channel-cal;cal_src=wet_rederive_1236_20260719;pressure_context_source=weather_openmeteo;transport=wifi_poll,
plants.soil,2026-07-28T14:06:08.059Z,2026-07-28 09:06:08.059,26964,6762df,y9d41p,0.7.3,fleet_logger_0_1,604440041,UMLIFE_v2_TLC555,ch3,origplant,soil_moisture,1457,,,OK,,,986.8,,name=classic;level=well watered;role=disp;spread=36;gpio=35;device_seq=80591;time_source=device_synced;device_timestamp_utc=2026-07-28T14:05:50.483Z;config_id=257fa022;rssi=-62;uptime_s=604440;heap=195624;cal_tier=channel-cal;cal_src=wet_rederive_1236_20260719;pressure_context_source=weather_openmeteo;transport=wifi_poll,
plants.env,2026-07-28T14:06:08.059Z,2026-07-28 09:06:08.059,26965,6762df,y9d41p,0.7.3,fleet_logger_0_1,604440797,ESP32,esp32_die,on_chip,die_temp,,53.33,degC,OK,,,,,name=classic;source=esp32_die;cal=uncalibrated_board_proxy;api=temperatureRead;config_id=257fa022;transport=wifi_poll,
plants.soil,2026-07-28T14:06:38.469Z,2026-07-28 09:06:38.469,26966,6762df,y9d41p,0.7.3,fleet_logger_0_1,604470041,UMLIFE_v2_TLC555,ch0,origplant,soil_moisture,1591,,,OK,,,986.8,,name=classic;level=well watered;role=disp;spread=29;gpio=36;device_seq=80592;time_source=device_synced;device_timestamp_utc=2026-07-28T14:06:20.483Z;config_id=257fa022;rssi=-62;uptime_s=604470;heap=195896;cal_tier=channel-cal;cal_src=wet_rederive_1236_20260719;pressure_context_source=weather_openmeteo;transport=wifi_poll,
plants.soil,2026-07-28T14:06:38.469Z,2026-07-28 09:06:38.469,26967,6762df,y9d41p,0.7.3,fleet_logger_0_1,604470041,UMLIFE_v2_TLC555,ch1,origplant,soil_moisture,1720,,,OK,,,986.8,,name=classic;level=OK;role=disp;spread=40;gpio=39;device_seq=80593;time_source=device_synced;device_timestamp_utc=2026-07-28T14:06:20.483Z;config_id=257fa022;rssi=-62;uptime_s=604470;heap=195896;cal_tier=channel-cal;cal_src=wet_rederive_1236_20260719;pressure_context_source=weather_openmeteo;transport=wifi_poll,
plants.soil,2026-07-28T14:06:38.469Z,2026-07-28 09:06:38.469,26968,6762df,y9d41p,0.7.3,fleet_logger_0_1,604470041,UMLIFE_v2_TLC555,ch2,origplant,soil_moisture,1380,,,OK,,,986.8,,name=classic;level=overwatered;role=disp;spread=42;gpio=34;device_seq=80594;time_source=device_synced;device_timestamp_utc=2026-07-28T14:06:20.483Z;config_id=257fa022;rssi=-62;uptime_s=604470;heap=195896;cal_tier=channel-cal;cal_src=wet_rederive_1236_20260719;pressure_context_source=weather_openmeteo;transport=wifi_poll,
plants.soil,2026-07-28T14:06:38.469Z,2026-07-28 09:06:38.469,26969,6762df,y9d41p,0.7.3,fleet_logger_0_1,604470041,UMLIFE_v2_TLC555,ch3,origplant,soil_moisture,1462,,,OK,,,986.8,,name=classic;level=well watered;role=disp;spread=25;gpio=35;device_seq=80595;time_source=device_synced;device_timestamp_utc=2026-07-28T14:06:20.483Z;config_id=257fa022;rssi=-62;uptime_s=604470;heap=195896;cal_tier=channel-cal;cal_src=wet_rederive_1236_20260719;pressure_context_source=weather_openmeteo;transport=wifi_poll,
plants.env,2026-07-28T14:06:38.469Z,2026-07-28 09:06:38.469,26970,6762df,y9d41p,0.7.3,fleet_logger_0_1,604470797,ESP32,esp32_die,on_chip,die_temp,,52.78,degC,OK,,,,,name=classic;source=esp32_die;cal=uncalibrated_board_proxy;api=temperatureRead;config_id=257fa022;transport=wifi_poll,
plants.soil,2026-07-28T14:07:09.087Z,2026-07-28 09:07:09.087,26971,6762df,y9d41p,0.7.3,fleet_logger_0_1,604500041,UMLIFE_v2_TLC555,ch0,origplant,soil_moisture,1595,,,OK,,,986.8,,name=classic;level=well watered;role=disp;spread=48;gpio=36;device_seq=80596;time_source=device_synced;device_timestamp_utc=2026-07-28T14:06:50.483Z;config_id=257fa022;rssi=-62;uptime_s=604500;heap=195900;cal_tier=channel-cal;cal_src=wet_rederive_1236_20260719;pressure_context_source=weather_openmeteo;transport=wifi_poll,
plants.soil,2026-07-28T14:07:09.087Z,2026-07-28 09:07:09.087,26972,6762df,y9d41p,0.7.3,fleet_logger_0_1,604500041,UMLIFE_v2_TLC555,ch1,origplant,soil_moisture,1722,,,OK,,,986.8,,name=classic;level=OK;role=disp;spread=13;gpio=39;device_seq=80597;time_source=device_synced;device_timestamp_utc=2026-07-28T14:06:50.483Z;config_id=257fa022;rssi=-62;uptime_s=604500;heap=195900;cal_tier=channel-cal;cal_src=wet_rederive_1236_20260719;pressure_context_source=weather_openmeteo;transport=wifi_poll,
plants.soil,2026-07-28T14:07:09.087Z,2026-07-28 09:07:09.087,26973,6762df,y9d41p,0.7.3,fleet_logger_0_1,604500041,UMLIFE_v2_TLC555,ch2,origplant,soil_moisture,1375,,,OK,,,986.8,,name=classic;level=overwatered;role=disp;spread=35;gpio=34;device_seq=80598;time_source=device_synced;device_timestamp_utc=2026-07-28T14:06:50.483Z;config_id=257fa022;rssi=-62;uptime_s=604500;heap=195900;cal_tier=channel-cal;cal_src=wet_rederive_1236_20260719;pressure_context_source=weather_openmeteo;transport=wifi_poll,
plants.soil,2026-07-28T14:07:09.087Z,2026-07-28 09:07:09.087,26974,6762df,y9d41p,0.7.3,fleet_logger_0_1,604500041,UMLIFE_v2_TLC555,ch3,origplant,soil_moisture,1461,,,OK,,,986.8,,name=classic;level=well watered;role=disp;spread=15;gpio=35;device_seq=80599;time_source=device_synced;device_timestamp_utc=2026-07-28T14:06:50.483Z;config_id=257fa022;rssi=-62;uptime_s=604500;heap=195900;cal_tier=channel-cal;cal_src=wet_rederive_1236_20260719;pressure_context_source=weather_openmeteo;transport=wifi_poll,
plants.env,2026-07-28T14:07:09.087Z,2026-07-28 09:07:09.087,26975,6762df,y9d41p,0.7.3,fleet_logger_0_1,604500797,ESP32,esp32_die,on_chip,die_temp,,53.33,degC,OK,,,,,name=classic;source=esp32_die;cal=uncalibrated_board_proxy;api=temperatureRead;config_id=257fa022;transport=wifi_poll,
plants.soil,2026-07-28T14:07:39.914Z,2026-07-28 09:07:39.914,26976,6762df,y9d41p,0.7.3,fleet_logger_0_1,604530041,UMLIFE_v2_TLC555,ch0,origplant,soil_moisture,1591,,,OK,,,986.8,,name=classic;level=well watered;role=disp;spread=31;gpio=36;device_seq=80600;time_source=device_synced;device_timestamp_utc=2026-07-28T14:07:20.483Z;config_id=257fa022;rssi=-62;uptime_s=604530;heap=195896;cal_tier=channel-cal;cal_src=wet_rederive_1236_20260719;pressure_context_source=weather_openmeteo;transport=wifi_poll,
plants.soil,2026-07-28T14:07:39.914Z,2026-07-28 09:07:39.914,26977,6762df,y9d41p,0.7.3,fleet_logger_0_1,604530041,UMLIFE_v2_TLC555,ch1,origplant,soil_moisture,1726,,,OK,,,986.8,,name=classic;level=OK;role=disp;spread=19;gpio=39;device_seq=80601;time_source=device_synced;device_timestamp_utc=2026-07-28T14:07:20.483Z;config_id=257fa022;rssi=-62;uptime_s=604530;heap=195896;cal_tier=channel-cal;cal_src=wet_rederive_1236_20260719;pressure_context_source=weather_openmeteo;transport=wifi_poll,
plants.soil,2026-07-28T14:07:39.914Z,2026-07-28 09:07:39.914,26978,6762df,y9d41p,0.7.3,fleet_logger_0_1,604530041,UMLIFE_v2_TLC555,ch2,origplant,soil_moisture,1375,,,OK,,,986.8,,name=classic;level=overwatered;role=disp;spread=49;gpio=34;device_seq=80602;time_source=device_synced;device_timestamp_utc=2026-07-28T14:07:20.483Z;config_id=257fa022;rssi=-62;uptime_s=604530;heap=195896;cal_tier=channel-cal;cal_src=wet_rederive_1236_20260719;pressure_context_source=weather_openmeteo;transport=wifi_poll,
plants.soil,2026-07-28T14:07:39.914Z,2026-07-28 09:07:39.914,26979,6762df,y9d41p,0.7.3,fleet_logger_0_1,604530041,UMLIFE_v2_TLC555,ch3,origplant,soil_moisture,1461,,,OK,,,986.8,,name=classic;level=well watered;role=disp;spread=18;gpio=35;device_seq=80603;time_source=device_synced;device_timestamp_utc=2026-07-28T14:07:20.483Z;config_id=257fa022;rssi=-62;uptime_s=604530;heap=195896;cal_tier=channel-cal;cal_src=wet_rederive_1236_20260719;pressure_context_source=weather_openmeteo;transport=wifi_poll,
plants.env,2026-07-28T14:07:39.914Z,2026-07-28 09:07:39.914,26980,6762df,y9d41p,0.7.3,fleet_logger_0_1,604530797,ESP32,esp32_die,on_chip,die_temp,,52.78,degC,OK,,,,,name=classic;source=esp32_die;cal=uncalibrated_board_proxy;api=temperatureRead;config_id=257fa022;transport=wifi_poll,
plants.soil,2026-07-28T14:08:10.926Z,2026-07-28 09:08:10.926,26981,6762df,y9d41p,0.7.3,fleet_logger_0_1,604560041,UMLIFE_v2_TLC555,ch0,origplant,soil_moisture,1589,,,OK,,,986.8,,name=classic;level=well watered;role=disp;spread=26;gpio=36;device_seq=80604;time_source=device_synced;device_timestamp_utc=2026-07-28T14:07:50.483Z;config_id=257fa022;rssi=-62;uptime_s=604560;heap=195896;cal_tier=channel-cal;cal_src=wet_rederive_1236_20260719;pressure_context_source=weather_openmeteo;transport=wifi_poll,
plants.soil,2026-07-28T14:08:10.926Z,2026-07-28 09:08:10.926,26982,6762df,y9d41p,0.7.3,fleet_logger_0_1,604560041,UMLIFE_v2_TLC555,ch1,origplant,soil_moisture,1723,,,OK,,,986.8,,name=classic;level=OK;role=disp;spread=58;gpio=39;device_seq=80605;time_source=device_synced;device_timestamp_utc=2026-07-28T14:07:50.483Z;config_id=257fa022;rssi=-62;uptime_s=604560;heap=195896;cal_tier=channel-cal;cal_src=wet_rederive_1236_20260719;pressure_context_source=weather_openmeteo;transport=wifi_poll,
plants.soil,2026-07-28T14:08:10.926Z,2026-07-28 09:08:10.926,26983,6762df,y9d41p,0.7.3,fleet_logger_0_1,604560041,UMLIFE_v2_TLC555,ch2,origplant,soil_moisture,1378,,,OK,,,986.8,,name=classic;level=overwatered;role=disp;spread=42;gpio=34;device_seq=80606;time_source=device_synced;device_timestamp_utc=2026-07-28T14:07:50.483Z;config_id=257fa022;rssi=-62;uptime_s=604560;heap=195896;cal_tier=channel-cal;cal_src=wet_rederive_1236_20260719;pressure_context_source=weather_openmeteo;transport=wifi_poll,
plants.soil,2026-07-28T14:08:10.926Z,2026-07-28 09:08:10.926,26984,6762df,y9d41p,0.7.3,fleet_logger_0_1,604560041,UMLIFE_v2_TLC555,ch3,origplant,soil_moisture,1463,,,OK,,,986.8,,name=classic;level=well watered;role=disp;spread=34;gpio=35;device_seq=80607;time_source=device_synced;device_timestamp_utc=2026-07-28T14:07:50.483Z;config_id=257fa022;rssi=-62;uptime_s=604560;heap=195896;cal_tier=channel-cal;cal_src=wet_rederive_1236_20260719;pressure_context_source=weather_openmeteo;transport=wifi_poll,
plants.env,2026-07-28T14:08:10.926Z,2026-07-28 09:08:10.926,26985,6762df,y9d41p,0.7.3,fleet_logger_0_1,604560796,ESP32,esp32_die,on_chip,die_temp,,53.33,degC,OK,,,,,name=classic;source=esp32_die;cal=uncalibrated_board_proxy;api=temperatureRead;config_id=257fa022;transport=wifi_poll,
plants.soil,2026-07-28T14:08:41.452Z,2026-07-28 09:08:41.452,26986,6762df,y9d41p,0.7.3,fleet_logger_0_1,604590041,UMLIFE_v2_TLC555,ch0,origplant,soil_moisture,1590,,,OK,,,986.8,,name=classic;level=well watered;role=disp;spread=28;gpio=36;device_seq=80608;time_source=device_synced;device_timestamp_utc=2026-07-28T14:08:20.483Z;config_id=257fa022;rssi=-62;uptime_s=604590;heap=195632;cal_tier=channel-cal;cal_src=wet_rederive_1236_20260719;pressure_context_source=weather_openmeteo;transport=wifi_poll,
plants.soil,2026-07-28T14:08:41.452Z,2026-07-28 09:08:41.452,26987,6762df,y9d41p,0.7.3,fleet_logger_0_1,604590041,UMLIFE_v2_TLC555,ch1,origplant,soil_moisture,1724,,,OK,,,986.8,,name=classic;level=OK;role=disp;spread=36;gpio=39;device_seq=80609;time_source=device_synced;device_timestamp_utc=2026-07-28T14:08:20.483Z;config_id=257fa022;rssi=-62;uptime_s=604590;heap=195632;cal_tier=channel-cal;cal_src=wet_rederive_1236_20260719;pressure_context_source=weather_openmeteo;transport=wifi_poll,
plants.soil,2026-07-28T14:08:41.452Z,2026-07-28 09:08:41.452,26988,6762df,y9d41p,0.7.3,fleet_logger_0_1,604590041,UMLIFE_v2_TLC555,ch2,origplant,soil_moisture,1376,,,OK,,,986.8,,name=classic;level=overwatered;role=disp;spread=30;gpio=34;device_seq=80610;time_source=device_synced;device_timestamp_utc=2026-07-28T14:08:20.483Z;config_id=257fa022;rssi=-62;uptime_s=604590;heap=195632;cal_tier=channel-cal;cal_src=wet_rederive_1236_20260719;pressure_context_source=weather_openmeteo;transport=wifi_poll,
plants.soil,2026-07-28T14:08:41.452Z,2026-07-28 09:08:41.452,26989,6762df,y9d41p,0.7.3,fleet_logger_0_1,604590041,UMLIFE_v2_TLC555,ch3,origplant,soil_moisture,1460,,,OK,,,986.8,,name=classic;level=well watered;role=disp;spread=15;gpio=35;device_seq=80611;time_source=device_synced;device_timestamp_utc=2026-07-28T14:08:20.483Z;config_id=257fa022;rssi=-62;uptime_s=604590;heap=195632;cal_tier=channel-cal;cal_src=wet_rederive_1236_20260719;pressure_context_source=weather_openmeteo;transport=wifi_poll,
plants.env,2026-07-28T14:08:41.452Z,2026-07-28 09:08:41.452,26990,6762df,y9d41p,0.7.3,fleet_logger_0_1,604590796,ESP32,esp32_die,on_chip,die_temp,,52.78,degC,OK,,,,,name=classic;source=esp32_die;cal=uncalibrated_board_proxy;api=temperatureRead;config_id=257fa022;transport=wifi_poll,
plants.soil,2026-07-28T14:09:11.967Z,2026-07-28 09:09:11.967,26991,6762df,y9d41p,0.7.3,fleet_logger_0_1,604620041,UMLIFE_v2_TLC555,ch0,origplant,soil_moisture,1590,,,OK,,,986.8,,name=classic;level=well watered;role=disp;spread=19;gpio=36;device_seq=80612;time_source=device_synced;device_timestamp_utc=2026-07-28T14:08:50.483Z;config_id=257fa022;rssi=-63;uptime_s=604620;heap=195628;cal_tier=channel-cal;cal_src=wet_rederive_1236_20260719;pressure_context_source=weather_openmeteo;transport=wifi_poll,
plants.soil,2026-07-28T14:09:11.967Z,2026-07-28 09:09:11.967,26992,6762df,y9d41p,0.7.3,fleet_logger_0_1,604620041,UMLIFE_v2_TLC555,ch1,origplant,soil_moisture,1727,,,OK,,,986.8,,name=classic;level=OK;role=disp;spread=26;gpio=39;device_seq=80613;time_source=device_synced;device_timestamp_utc=2026-07-28T14:08:50.483Z;config_id=257fa022;rssi=-63;uptime_s=604620;heap=195628;cal_tier=channel-cal;cal_src=wet_rederive_1236_20260719;pressure_context_source=weather_openmeteo;transport=wifi_poll,
plants.soil,2026-07-28T14:09:11.967Z,2026-07-28 09:09:11.967,26993,6762df,y9d41p,0.7.3,fleet_logger_0_1,604620041,UMLIFE_v2_TLC555,ch2,origplant,soil_moisture,1379,,,OK,,,986.8,,name=classic;level=overwatered;role=disp;spread=62;gpio=34;device_seq=80614;time_source=device_synced;device_timestamp_utc=2026-07-28T14:08:50.483Z;config_id=257fa022;rssi=-63;uptime_s=604620;heap=195628;cal_tier=channel-cal;cal_src=wet_rederive_1236_20260719;pressure_context_source=weather_openmeteo;transport=wifi_poll,
plants.soil,2026-07-28T14:09:11.967Z,2026-07-28 09:09:11.967,26994,6762df,y9d41p,0.7.3,fleet_logger_0_1,604620041,UMLIFE_v2_TLC555,ch3,origplant,soil_moisture,1459,,,OK,,,986.8,,name=classic;level=well watered;role=disp;spread=20;gpio=35;device_seq=80615;time_source=device_synced;device_timestamp_utc=2026-07-28T14:08:50.483Z;config_id=257fa022;rssi=-63;uptime_s=604620;heap=195628;cal_tier=channel-cal;cal_src=wet_rederive_1236_20260719;pressure_context_source=weather_openmeteo;transport=wifi_poll,
plants.env,2026-07-28T14:09:11.967Z,2026-07-28 09:09:11.967,26995,6762df,y9d41p,0.7.3,fleet_logger_0_1,604620797,ESP32,esp32_die,on_chip,die_temp,,52.78,degC,OK,,,,,name=classic;source=esp32_die;cal=uncalibrated_board_proxy;api=temperatureRead;config_id=257fa022;transport=wifi_poll,
plants.soil,2026-07-28T14:09:42.382Z,2026-07-28 09:09:42.382,26996,6762df,y9d41p,0.7.3,fleet_logger_0_1,604650041,UMLIFE_v2_TLC555,ch0,origplant,soil_moisture,1561,,,OK,,,986.8,,name=classic;level=well watered;role=disp;spread=32;gpio=36;device_seq=80616;time_source=device_synced;device_timestamp_utc=2026-07-28T14:09:20.483Z;config_id=257fa022;rssi=-60;uptime_s=604650;heap=195888;cal_tier=channel-cal;cal_src=wet_rederive_1236_20260719;pressure_context_source=weather_openmeteo;transport=wifi_poll,
plants.soil,2026-07-28T14:09:42.382Z,2026-07-28 09:09:42.382,26997,6762df,y9d41p,0.7.3,fleet_logger_0_1,604650041,UMLIFE_v2_TLC555,ch1,origplant,soil_moisture,1697,,,OK,,,986.8,,name=classic;level=OK;role=disp;spread=45;gpio=39;device_seq=80617;time_source=device_synced;device_timestamp_utc=2026-07-28T14:09:20.483Z;config_id=257fa022;rssi=-60;uptime_s=604650;heap=195888;cal_tier=channel-cal;cal_src=wet_rederive_1236_20260719;pressure_context_source=weather_openmeteo;transport=wifi_poll,
plants.soil,2026-07-28T14:09:42.382Z,2026-07-28 09:09:42.382,26998,6762df,y9d41p,0.7.3,fleet_logger_0_1,604650041,UMLIFE_v2_TLC555,ch2,origplant,soil_moisture,1370,,,OK,,,986.8,,name=classic;level=overwatered;role=disp;spread=32;gpio=34;device_seq=80618;time_source=device_synced;device_timestamp_utc=2026-07-28T14:09:20.483Z;config_id=257fa022;rssi=-60;uptime_s=604650;heap=195888;cal_tier=channel-cal;cal_src=wet_rederive_1236_20260719;pressure_context_source=weather_openmeteo;transport=wifi_poll,
plants.soil,2026-07-28T14:09:42.382Z,2026-07-28 09:09:42.382,26999,6762df,y9d41p,0.7.3,fleet_logger_0_1,604650041,UMLIFE_v2_TLC555,ch3,origplant,soil_moisture,1457,,,OK,,,986.8,,name=classic;level=well watered;role=disp;spread=13;gpio=35;device_seq=80619;time_source=device_synced;device_timestamp_utc=2026-07-28T14:09:20.483Z;config_id=257fa022;rssi=-60;uptime_s=604650;heap=195888;cal_tier=channel-cal;cal_src=wet_rederive_1236_20260719;pressure_context_source=weather_openmeteo;transport=wifi_poll,
plants.env,2026-07-28T14:09:42.382Z,2026-07-28 09:09:42.382,27000,6762df,y9d41p,0.7.3,fleet_logger_0_1,604650796,ESP32,esp32_die,on_chip,die_temp,,52.78,degC,OK,,,,,name=classic;source=esp32_die;cal=uncalibrated_board_proxy;api=temperatureRead;config_id=257fa022;transport=wifi_poll,
plants.soil,2026-07-28T14:10:13.099Z,2026-07-28 09:10:13.099,27001,6762df,y9d41p,0.7.3,fleet_logger_0_1,604680041,UMLIFE_v2_TLC555,ch0,origplant,soil_moisture,1589,,,OK,,,986.8,,name=classic;level=well watered;role=disp;spread=37;gpio=36;device_seq=80620;time_source=device_synced;device_timestamp_utc=2026-07-28T14:09:50.483Z;config_id=257fa022;rssi=-59;uptime_s=604680;heap=195888;cal_tier=channel-cal;cal_src=wet_rederive_1236_20260719;pressure_context_source=weather_openmeteo;transport=wifi_poll,
plants.soil,2026-07-28T14:10:13.099Z,2026-07-28 09:10:13.099,27002,6762df,y9d41p,0.7.3,fleet_logger_0_1,604680041,UMLIFE_v2_TLC555,ch1,origplant,soil_moisture,1723,,,OK,,,986.8,,name=classic;level=OK;role=disp;spread=48;gpio=39;device_seq=80621;time_source=device_synced;device_timestamp_utc=2026-07-28T14:09:50.483Z;config_id=257fa022;rssi=-59;uptime_s=604680;heap=195888;cal_tier=channel-cal;cal_src=wet_rederive_1236_20260719;pressure_context_source=weather_openmeteo;transport=wifi_poll,
plants.soil,2026-07-28T14:10:13.099Z,2026-07-28 09:10:13.099,27003,6762df,y9d41p,0.7.3,fleet_logger_0_1,604680041,UMLIFE_v2_TLC555,ch2,origplant,soil_moisture,1376,,,OK,,,986.8,,name=classic;level=overwatered;role=disp;spread=36;gpio=34;device_seq=80622;time_source=device_synced;device_timestamp_utc=2026-07-28T14:09:50.483Z;config_id=257fa022;rssi=-59;uptime_s=604680;heap=195888;cal_tier=channel-cal;cal_src=wet_rederive_1236_20260719;pressure_context_source=weather_openmeteo;transport=wifi_poll,
plants.soil,2026-07-28T14:10:13.099Z,2026-07-28 09:10:13.099,27004,6762df,y9d41p,0.7.3,fleet_logger_0_1,604680041,UMLIFE_v2_TLC555,ch3,origplant,soil_moisture,1459,,,OK,,,986.8,,name=classic;level=well watered;role=disp;spread=22;gpio=35;device_seq=80623;time_source=device_synced;device_timestamp_utc=2026-07-28T14:09:50.483Z;config_id=257fa022;rssi=-59;uptime_s=604680;heap=195888;cal_tier=channel-cal;cal_src=wet_rederive_1236_20260719;pressure_context_source=weather_openmeteo;transport=wifi_poll,
plants.env,2026-07-28T14:10:13.099Z,2026-07-28 09:10:13.099,27005,6762df,y9d41p,0.7.3,fleet_logger_0_1,604680796,ESP32,esp32_die,on_chip,die_temp,,53.33,degC,OK,,,,,name=classic;source=esp32_die;cal=uncalibrated_board_proxy;api=temperatureRead;config_id=257fa022;transport=wifi_poll,
plants.soil,2026-07-28T14:10:43.474Z,2026-07-28 09:10:43.474,27006,6762df,y9d41p,0.7.3,fleet_logger_0_1,604710041,UMLIFE_v2_TLC555,ch0,origplant,soil_moisture,1584,,,OK,,,986.8,,name=classic;level=well watered;role=disp;spread=35;gpio=36;device_seq=80624;time_source=device_synced;device_timestamp_utc=2026-07-28T14:10:20.483Z;config_id=257fa022;rssi=-59;uptime_s=604710;heap=195888;cal_tier=channel-cal;cal_src=wet_rederive_1236_20260719;pressure_context_source=weather_openmeteo;transport=wifi_poll,
plants.soil,2026-07-28T14:10:43.474Z,2026-07-28 09:10:43.474,27007,6762df,y9d41p,0.7.3,fleet_logger_0_1,604710041,UMLIFE_v2_TLC555,ch1,origplant,soil_moisture,1719,,,OK,,,986.8,,name=classic;level=OK;role=disp;spread=28;gpio=39;device_seq=80625;time_source=device_synced;device_timestamp_utc=2026-07-28T14:10:20.483Z;config_id=257fa022;rssi=-59;uptime_s=604710;heap=195888;cal_tier=channel-cal;cal_src=wet_rederive_1236_20260719;pressure_context_source=weather_openmeteo;transport=wifi_poll,
plants.soil,2026-07-28T14:10:43.474Z,2026-07-28 09:10:43.474,27008,6762df,y9d41p,0.7.3,fleet_logger_0_1,604710041,UMLIFE_v2_TLC555,ch2,origplant,soil_moisture,1377,,,OK,,,986.8,,name=classic;level=overwatered;role=disp;spread=33;gpio=34;device_seq=80626;time_source=device_synced;device_timestamp_utc=2026-07-28T14:10:20.483Z;config_id=257fa022;rssi=-59;uptime_s=604710;heap=195888;cal_tier=channel-cal;cal_src=wet_rederive_1236_20260719;pressure_context_source=weather_openmeteo;transport=wifi_poll,
plants.soil,2026-07-28T14:10:43.474Z,2026-07-28 09:10:43.474,27009,6762df,y9d41p,0.7.3,fleet_logger_0_1,604710041,UMLIFE_v2_TLC555,ch3,origplant,soil_moisture,1461,,,OK,,,986.8,,name=classic;level=well watered;role=disp;spread=23;gpio=35;device_seq=80627;time_source=device_synced;device_timestamp_utc=2026-07-28T14:10:20.483Z;config_id=257fa022;rssi=-59;uptime_s=604710;heap=195888;cal_tier=channel-cal;cal_src=wet_rederive_1236_20260719;pressure_context_source=weather_openmeteo;transport=wifi_poll,
plants.env,2026-07-28T14:10:43.474Z,2026-07-28 09:10:43.474,27010,6762df,y9d41p,0.7.3,fleet_logger_0_1,604710797,ESP32,esp32_die,on_chip,die_temp,,52.22,degC,OK,,,,,name=classic;source=esp32_die;cal=uncalibrated_board_proxy;api=temperatureRead;config_id=257fa022;transport=wifi_poll,
plants.soil,2026-07-28T14:11:14.203Z,2026-07-28 09:11:14.203,27011,6762df,y9d41p,0.7.3,fleet_logger_0_1,604740041,UMLIFE_v2_TLC555,ch0,origplant,soil_moisture,1587,,,OK,,,986.8,,name=classic;level=well watered;role=disp;spread=18;gpio=36;device_seq=80628;time_source=device_synced;device_timestamp_utc=2026-07-28T14:10:50.483Z;config_id=257fa022;rssi=-58;uptime_s=604740;heap=195900;cal_tier=channel-cal;cal_src=wet_rederive_1236_20260719;pressure_context_source=weather_openmeteo;transport=wifi_poll,
plants.soil,2026-07-28T14:11:14.203Z,2026-07-28 09:11:14.203,27012,6762df,y9d41p,0.7.3,fleet_logger_0_1,604740041,UMLIFE_v2_TLC555,ch1,origplant,soil_moisture,1718,,,OK,,,986.8,,name=classic;level=OK;role=disp;spread=23;gpio=39;device_seq=80629;time_source=device_synced;device_timestamp_utc=2026-07-28T14:10:50.483Z;config_id=257fa022;rssi=-58;uptime_s=604740;heap=195900;cal_tier=channel-cal;cal_src=wet_rederive_1236_20260719;pressure_context_source=weather_openmeteo;transport=wifi_poll,
plants.soil,2026-07-28T14:11:14.203Z,2026-07-28 09:11:14.203,27013,6762df,y9d41p,0.7.3,fleet_logger_0_1,604740041,UMLIFE_v2_TLC555,ch2,origplant,soil_moisture,1376,,,OK,,,986.8,,name=classic;level=overwatered;role=disp;spread=49;gpio=34;device_seq=80630;time_source=device_synced;device_timestamp_utc=2026-07-28T14:10:50.483Z;config_id=257fa022;rssi=-58;uptime_s=604740;heap=195900;cal_tier=channel-cal;cal_src=wet_rederive_1236_20260719;pressure_context_source=weather_openmeteo;transport=wifi_poll,
plants.soil,2026-07-28T14:11:14.203Z,2026-07-28 09:11:14.203,27014,6762df,y9d41p,0.7.3,fleet_logger_0_1,604740041,UMLIFE_v2_TLC555,ch3,origplant,soil_moisture,1464,,,OK,,,986.8,,name=classic;level=well watered;role=disp;spread=23;gpio=35;device_seq=80631;time_source=device_synced;device_timestamp_utc=2026-07-28T14:10:50.483Z;config_id=257fa022;rssi=-58;uptime_s=604740;heap=195900;cal_tier=channel-cal;cal_src=wet_rederive_1236_20260719;pressure_context_source=weather_openmeteo;transport=wifi_poll,
plants.env,2026-07-28T14:11:14.203Z,2026-07-28 09:11:14.203,27015,6762df,y9d41p,0.7.3,fleet_logger_0_1,604740797,ESP32,esp32_die,on_chip,die_temp,,53.33,degC,OK,,,,,name=classic;source=esp32_die;cal=uncalibrated_board_proxy;api=temperatureRead;config_id=257fa022;transport=wifi_poll,
plants.soil,2026-07-28T14:12:16.902Z,2026-07-28 09:12:16.902,27016,6762df,y9d41p,0.7.3,fleet_logger_0_1,604800041,UMLIFE_v2_TLC555,ch0,origplant,soil_moisture,1560,,,OK,,,986.8,,name=classic;level=well watered;role=disp;spread=39;gpio=36;device_seq=80636;time_source=device_synced;device_timestamp_utc=2026-07-28T14:11:50.483Z;config_id=257fa022;rssi=-59;uptime_s=604800;heap=195472;cal_tier=channel-cal;cal_src=wet_rederive_1236_20260719;pressure_context_source=weather_openmeteo;transport=wifi_poll,
plants.soil,2026-07-28T14:12:16.902Z,2026-07-28 09:12:16.902,27017,6762df,y9d41p,0.7.3,fleet_logger_0_1,604800041,UMLIFE_v2_TLC555,ch1,origplant,soil_moisture,1699,,,OK,,,986.8,,name=classic;level=OK;role=disp;spread=26;gpio=39;device_seq=80637;time_source=device_synced;device_timestamp_utc=2026-07-28T14:11:50.483Z;config_id=257fa022;rssi=-59;uptime_s=604800;heap=195472;cal_tier=channel-cal;cal_src=wet_rederive_1236_20260719;pressure_context_source=weather_openmeteo;transport=wifi_poll,
plants.soil,2026-07-28T14:12:16.902Z,2026-07-28 09:12:16.902,27018,6762df,y9d41p,0.7.3,fleet_logger_0_1,604800041,UMLIFE_v2_TLC555,ch2,origplant,soil_moisture,1365,,,OK,,,986.8,,name=classic;level=overwatered;role=disp;spread=13;gpio=34;device_seq=80638;time_source=device_synced;device_timestamp_utc=2026-07-28T14:11:50.483Z;config_id=257fa022;rssi=-59;uptime_s=604800;heap=195472;cal_tier=channel-cal;cal_src=wet_rederive_1236_20260719;pressure_context_source=weather_openmeteo;transport=wifi_poll,
plants.soil,2026-07-28T14:12:16.902Z,2026-07-28 09:12:16.902,27019,6762df,y9d41p,0.7.3,fleet_logger_0_1,604800041,UMLIFE_v2_TLC555,ch3,origplant,soil_moisture,1460,,,OK,,,986.8,,name=classic;level=well watered;role=disp;spread=15;gpio=35;device_seq=80639;time_source=device_synced;device_timestamp_utc=2026-07-28T14:11:50.483Z;config_id=257fa022;rssi=-59;uptime_s=604800;heap=195472;cal_tier=channel-cal;cal_src=wet_rederive_1236_20260719;pressure_context_source=weather_openmeteo;transport=wifi_poll,
plants.env,2026-07-28T14:12:16.902Z,2026-07-28 09:12:16.902,27020,6762df,y9d41p,0.7.3,fleet_logger_0_1,604801863,ESP32,esp32_die,on_chip,die_temp,,52.22,degC,OK,,,,,name=classic;source=esp32_die;cal=uncalibrated_board_proxy;api=temperatureRead;config_id=257fa022;transport=wifi_poll,
plants.soil,2026-07-28T14:12:47.381Z,2026-07-28 09:12:47.381,27021,6762df,y9d41p,0.7.3,fleet_logger_0_1,604830041,UMLIFE_v2_TLC555,ch0,origplant,soil_moisture,1571,,,OK,,,986.8,,name=classic;level=well watered;role=disp;spread=38;gpio=36;device_seq=80640;time_source=device_synced;device_timestamp_utc=2026-07-28T14:12:20.483Z;config_id=257fa022;rssi=-59;uptime_s=604830;heap=196156;cal_tier=channel-cal;cal_src=wet_rederive_1236_20260719;pressure_context_source=weather_openmeteo;transport=wifi_poll,
plants.soil,2026-07-28T14:12:47.381Z,2026-07-28 09:12:47.381,27022,6762df,y9d41p,0.7.3,fleet_logger_0_1,604830041,UMLIFE_v2_TLC555,ch1,origplant,soil_moisture,1709,,,OK,,,986.8,,name=classic;level=OK;role=disp;spread=53;gpio=39;device_seq=80641;time_source=device_synced;device_timestamp_utc=2026-07-28T14:12:20.483Z;config_id=257fa022;rssi=-59;uptime_s=604830;heap=196156;cal_tier=channel-cal;cal_src=wet_rederive_1236_20260719;pressure_context_source=weather_openmeteo;transport=wifi_poll,
plants.soil,2026-07-28T14:12:47.381Z,2026-07-28 09:12:47.381,27023,6762df,y9d41p,0.7.3,fleet_logger_0_1,604830041,UMLIFE_v2_TLC555,ch2,origplant,soil_moisture,1373,,,OK,,,986.8,,name=classic;level=overwatered;role=disp;spread=25;gpio=34;device_seq=80642;time_source=device_synced;device_timestamp_utc=2026-07-28T14:12:20.483Z;config_id=257fa022;rssi=-59;uptime_s=604830;heap=196156;cal_tier=channel-cal;cal_src=wet_rederive_1236_20260719;pressure_context_source=weather_openmeteo;transport=wifi_poll,
plants.soil,2026-07-28T14:12:47.381Z,2026-07-28 09:12:47.381,27024,6762df,y9d41p,0.7.3,fleet_logger_0_1,604830041,UMLIFE_v2_TLC555,ch3,origplant,soil_moisture,1465,,,OK,,,986.8,,name=classic;level=well watered;role=disp;spread=24;gpio=35;device_seq=80643;time_source=device_synced;device_timestamp_utc=2026-07-28T14:12:20.483Z;config_id=257fa022;rssi=-59;uptime_s=604830;heap=196156;cal_tier=channel-cal;cal_src=wet_rederive_1236_20260719;pressure_context_source=weather_openmeteo;transport=wifi_poll,
plants.env,2026-07-28T14:12:47.381Z,2026-07-28 09:12:47.381,27025,6762df,y9d41p,0.7.3,fleet_logger_0_1,604830796,ESP32,esp32_die,on_chip,die_temp,,52.78,degC,OK,,,,,name=classic;source=esp32_die;cal=uncalibrated_board_proxy;api=temperatureRead;config_id=257fa022;transport=wifi_poll,
plants.soil,2026-07-28T14:13:17.831Z,2026-07-28 09:13:17.831,27026,6762df,y9d41p,0.7.3,fleet_logger_0_1,604860041,UMLIFE_v2_TLC555,ch0,origplant,soil_moisture,1581,,,OK,,,986.8,,name=classic;level=well watered;role=disp;spread=41;gpio=36;device_seq=80644;time_source=device_synced;device_timestamp_utc=2026-07-28T14:12:50.483Z;config_id=257fa022;rssi=-59;uptime_s=604860;heap=196168;cal_tier=channel-cal;cal_src=wet_rederive_1236_20260719;pressure_context_source=weather_openmeteo;transport=wifi_poll,
plants.soil,2026-07-28T14:13:17.831Z,2026-07-28 09:13:17.831,27027,6762df,y9d41p,0.7.3,fleet_logger_0_1,604860041,UMLIFE_v2_TLC555,ch1,origplant,soil_moisture,1720,,,OK,,,986.8,,name=classic;level=OK;role=disp;spread=60;gpio=39;device_seq=80645;time_source=device_synced;device_timestamp_utc=2026-07-28T14:12:50.483Z;config_id=257fa022;rssi=-59;uptime_s=604860;heap=196168;cal_tier=channel-cal;cal_src=wet_rederive_1236_20260719;pressure_context_source=weather_openmeteo;transport=wifi_poll,
plants.soil,2026-07-28T14:13:17.831Z,2026-07-28 09:13:17.831,27028,6762df,y9d41p,0.7.3,fleet_logger_0_1,604860041,UMLIFE_v2_TLC555,ch2,origplant,soil_moisture,1373,,,OK,,,986.8,,name=classic;level=overwatered;role=disp;spread=36;gpio=34;device_seq=80646;time_source=device_synced;device_timestamp_utc=2026-07-28T14:12:50.483Z;config_id=257fa022;rssi=-59;uptime_s=604860;heap=196168;cal_tier=channel-cal;cal_src=wet_rederive_1236_20260719;pressure_context_source=weather_openmeteo;transport=wifi_poll,
plants.soil,2026-07-28T14:13:17.831Z,2026-07-28 09:13:17.831,27029,6762df,y9d41p,0.7.3,fleet_logger_0_1,604860041,UMLIFE_v2_TLC555,ch3,origplant,soil_moisture,1463,,,OK,,,986.8,,name=classic;level=well watered;role=disp;spread=31;gpio=35;device_seq=80647;time_source=device_synced;device_timestamp_utc=2026-07-28T14:12:50.483Z;config_id=257fa022;rssi=-59;uptime_s=604860;heap=196168;cal_tier=channel-cal;cal_src=wet_rederive_1236_20260719;pressure_context_source=weather_openmeteo;transport=wifi_poll,
plants.env,2026-07-28T14:13:17.831Z,2026-07-28 09:13:17.831,27030,6762df,y9d41p,0.7.3,fleet_logger_0_1,604860796,ESP32,esp32_die,on_chip,die_temp,,52.78,degC,OK,,,,,name=classic;source=esp32_die;cal=uncalibrated_board_proxy;api=temperatureRead;config_id=257fa022;transport=wifi_poll,
plants.soil,2026-07-28T14:13:48.449Z,2026-07-28 09:13:48.449,27031,6762df,y9d41p,0.7.3,fleet_logger_0_1,604890041,UMLIFE_v2_TLC555,ch0,origplant,soil_moisture,1564,,,OK,,,986.8,,name=classic;level=well watered;role=disp;spread=8;gpio=36;device_seq=80648;time_source=device_synced;device_timestamp_utc=2026-07-28T14:13:20.398Z;config_id=257fa022;rssi=-59;uptime_s=604890;heap=196120;cal_tier=channel-cal;cal_src=wet_rederive_1236_20260719;pressure_context_source=weather_openmeteo;transport=wifi_poll,
plants.soil,2026-07-28T14:13:48.449Z,2026-07-28 09:13:48.449,27032,6762df,y9d41p,0.7.3,fleet_logger_0_1,604890041,UMLIFE_v2_TLC555,ch1,origplant,soil_moisture,1704,,,OK,,,986.8,,name=classic;level=OK;role=disp;spread=30;gpio=39;device_seq=80649;time_source=device_synced;device_timestamp_utc=2026-07-28T14:13:20.398Z;config_id=257fa022;rssi=-59;uptime_s=604890;heap=196120;cal_tier=channel-cal;cal_src=wet_rederive_1236_20260719;pressure_context_source=weather_openmeteo;transport=wifi_poll,
plants.soil,2026-07-28T14:13:48.449Z,2026-07-28 09:13:48.449,27033,6762df,y9d41p,0.7.3,fleet_logger_0_1,604890041,UMLIFE_v2_TLC555,ch2,origplant,soil_moisture,1367,,,OK,,,986.8,,name=classic;level=overwatered;role=disp;spread=23;gpio=34;device_seq=80650;time_source=device_synced;device_timestamp_utc=2026-07-28T14:13:20.398Z;config_id=257fa022;rssi=-59;uptime_s=604890;heap=196120;cal_tier=channel-cal;cal_src=wet_rederive_1236_20260719;pressure_context_source=weather_openmeteo;transport=wifi_poll,
plants.soil,2026-07-28T14:13:48.449Z,2026-07-28 09:13:48.449,27034,6762df,y9d41p,0.7.3,fleet_logger_0_1,604890041,UMLIFE_v2_TLC555,ch3,origplant,soil_moisture,1455,,,OK,,,986.8,,name=classic;level=well watered;role=disp;spread=15;gpio=35;device_seq=80651;time_source=device_synced;device_timestamp_utc=2026-07-28T14:13:20.398Z;config_id=257fa022;rssi=-59;uptime_s=604890;heap=196120;cal_tier=channel-cal;cal_src=wet_rederive_1236_20260719;pressure_context_source=weather_openmeteo;transport=wifi_poll,
plants.env,2026-07-28T14:13:48.449Z,2026-07-28 09:13:48.449,27035,6762df,y9d41p,0.7.3,fleet_logger_0_1,604890796,ESP32,esp32_die,on_chip,die_temp,,52.78,degC,OK,,,,,name=classic;source=esp32_die;cal=uncalibrated_board_proxy;api=temperatureRead;config_id=257fa022;transport=wifi_poll,
plants.soil,2026-07-28T14:14:19.561Z,2026-07-28 09:14:19.561,27036,6762df,y9d41p,0.7.3,fleet_logger_0_1,604920041,UMLIFE_v2_TLC555,ch0,origplant,soil_moisture,1567,,,OK,,,986.8,,name=classic;level=well watered;role=disp;spread=28;gpio=36;device_seq=80652;time_source=device_synced;device_timestamp_utc=2026-07-28T14:13:50.398Z;config_id=257fa022;rssi=-59;uptime_s=604920;heap=195872;cal_tier=channel-cal;cal_src=wet_rederive_1236_20260719;pressure_context_source=weather_openmeteo;transport=wifi_poll,
plants.soil,2026-07-28T14:14:19.561Z,2026-07-28 09:14:19.561,27037,6762df,y9d41p,0.7.3,fleet_logger_0_1,604920041,UMLIFE_v2_TLC555,ch1,origplant,soil_moisture,1718,,,OK,,,986.8,,name=classic;level=OK;role=disp;spread=23;gpio=39;device_seq=80653;time_source=device_synced;device_timestamp_utc=2026-07-28T14:13:50.398Z;config_id=257fa022;rssi=-59;uptime_s=604920;heap=195872;cal_tier=channel-cal;cal_src=wet_rederive_1236_20260719;pressure_context_source=weather_openmeteo;transport=wifi_poll,
plants.soil,2026-07-28T14:14:19.561Z,2026-07-28 09:14:19.561,27038,6762df,y9d41p,0.7.3,fleet_logger_0_1,604920041,UMLIFE_v2_TLC555,ch2,origplant,soil_moisture,1375,,,OK,,,986.8,,name=classic;level=overwatered;role=disp;spread=33;gpio=34;device_seq=80654;time_source=device_synced;device_timestamp_utc=2026-07-28T14:13:50.398Z;config_id=257fa022;rssi=-59;uptime_s=604920;heap=195872;cal_tier=channel-cal;cal_src=wet_rederive_1236_20260719;pressure_context_source=weather_openmeteo;transport=wifi_poll,
plants.soil,2026-07-28T14:14:19.561Z,2026-07-28 09:14:19.561,27039,6762df,y9d41p,0.7.3,fleet_logger_0_1,604920041,UMLIFE_v2_TLC555,ch3,origplant,soil_moisture,1456,,,OK,,,986.8,,name=classic;level=well watered;role=disp;spread=16;gpio=35;device_seq=80655;time_source=device_synced;device_timestamp_utc=2026-07-28T14:13:50.398Z;config_id=257fa022;rssi=-59;uptime_s=604920;heap=195872;cal_tier=channel-cal;cal_src=wet_rederive_1236_20260719;pressure_context_source=weather_openmeteo;transport=wifi_poll,
plants.env,2026-07-28T14:14:19.561Z,2026-07-28 09:14:19.561,27040,6762df,y9d41p,0.7.3,fleet_logger_0_1,604920796,ESP32,esp32_die,on_chip,die_temp,,52.78,degC,OK,,,,,name=classic;source=esp32_die;cal=uncalibrated_board_proxy;api=temperatureRead;config_id=257fa022;transport=wifi_poll,
plants.soil,2026-07-28T14:14:49.991Z,2026-07-28 09:14:49.991,27041,6762df,y9d41p,0.7.3,fleet_logger_0_1,604950041,UMLIFE_v2_TLC555,ch0,origplant,soil_moisture,1564,,,OK,,,986.8,,name=classic;level=well watered;role=disp;spread=18;gpio=36;device_seq=80656;time_source=device_synced;device_timestamp_utc=2026-07-28T14:14:20.398Z;config_id=257fa022;rssi=-59;uptime_s=604950;heap=195604;cal_tier=channel-cal;cal_src=wet_rederive_1236_20260719;pressure_context_source=weather_openmeteo;transport=wifi_poll,
plants.soil,2026-07-28T14:14:49.991Z,2026-07-28 09:14:49.991,27042,6762df,y9d41p,0.7.3,fleet_logger_0_1,604950041,UMLIFE_v2_TLC555,ch1,origplant,soil_moisture,1709,,,OK,,,986.8,,name=classic;level=OK;role=disp;spread=26;gpio=39;device_seq=80657;time_source=device_synced;device_timestamp_utc=2026-07-28T14:14:20.398Z;config_id=257fa022;rssi=-59;uptime_s=604950;heap=195604;cal_tier=channel-cal;cal_src=wet_rederive_1236_20260719;pressure_context_source=weather_openmeteo;transport=wifi_poll,
plants.soil,2026-07-28T14:14:49.991Z,2026-07-28 09:14:49.991,27043,6762df,y9d41p,0.7.3,fleet_logger_0_1,604950041,UMLIFE_v2_TLC555,ch2,origplant,soil_moisture,1373,,,OK,,,986.8,,name=classic;level=overwatered;role=disp;spread=20;gpio=34;device_seq=80658;time_source=device_synced;device_timestamp_utc=2026-07-28T14:14:20.398Z;config_id=257fa022;rssi=-59;uptime_s=604950;heap=195604;cal_tier=channel-cal;cal_src=wet_rederive_1236_20260719;pressure_context_source=weather_openmeteo;transport=wifi_poll,
plants.soil,2026-07-28T14:14:49.991Z,2026-07-28 09:14:49.991,27044,6762df,y9d41p,0.7.3,fleet_logger_0_1,604950041,UMLIFE_v2_TLC555,ch3,origplant,soil_moisture,1463,,,OK,,,986.8,,name=classic;level=well watered;role=disp;spread=19;gpio=35;device_seq=80659;time_source=device_synced;device_timestamp_utc=2026-07-28T14:14:20.398Z;config_id=257fa022;rssi=-59;uptime_s=604950;heap=195604;cal_tier=channel-cal;cal_src=wet_rederive_1236_20260719;pressure_context_source=weather_openmeteo;transport=wifi_poll,
plants.env,2026-07-28T14:14:49.991Z,2026-07-28 09:14:49.991,27045,6762df,y9d41p,0.7.3,fleet_logger_0_1,604950796,ESP32,esp32_die,on_chip,die_temp,,53.33,degC,OK,,,,,name=classic;source=esp32_die;cal=uncalibrated_board_proxy;api=temperatureRead;config_id=257fa022;transport=wifi_poll,
plants.soil,2026-07-28T14:15:20.402Z,2026-07-28 09:15:20.402,27046,6762df,y9d41p,0.7.3,fleet_logger_0_1,604980041,UMLIFE_v2_TLC555,ch0,origplant,soil_moisture,1572,,,OK,,,986.8,,name=classic;level=well watered;role=disp;spread=43;gpio=36;device_seq=80660;time_source=device_synced;device_timestamp_utc=2026-07-28T14:14:50.398Z;config_id=257fa022;rssi=-59;uptime_s=604980;heap=193100;cal_tier=channel-cal;cal_src=wet_rederive_1236_20260719;pressure_context_source=weather_openmeteo;transport=wifi_poll,
plants.soil,2026-07-28T14:15:20.402Z,2026-07-28 09:15:20.402,27047,6762df,y9d41p,0.7.3,fleet_logger_0_1,604980041,UMLIFE_v2_TLC555,ch1,origplant,soil_moisture,1699,,,OK,,,986.8,,name=classic;level=OK;role=disp;spread=38;gpio=39;device_seq=80661;time_source=device_synced;device_timestamp_utc=2026-07-28T14:14:50.398Z;config_id=257fa022;rssi=-59;uptime_s=604980;heap=193100;cal_tier=channel-cal;cal_src=wet_rederive_1236_20260719;pressure_context_source=weather_openmeteo;transport=wifi_poll,
plants.soil,2026-07-28T14:15:20.402Z,2026-07-28 09:15:20.402,27048,6762df,y9d41p,0.7.3,fleet_logger_0_1,604980041,UMLIFE_v2_TLC555,ch2,origplant,soil_moisture,1349,,,OK,,,986.8,,name=classic;level=overwatered;role=disp;spread=37;gpio=34;device_seq=80662;time_source=device_synced;device_timestamp_utc=2026-07-28T14:14:50.398Z;config_id=257fa022;rssi=-59;uptime_s=604980;heap=193100;cal_tier=channel-cal;cal_src=wet_rederive_1236_20260719;pressure_context_source=weather_openmeteo;transport=wifi_poll,
plants.soil,2026-07-28T14:15:20.402Z,2026-07-28 09:15:20.402,27049,6762df,y9d41p,0.7.3,fleet_logger_0_1,604980041,UMLIFE_v2_TLC555,ch3,origplant,soil_moisture,1447,,,OK,,,986.8,,name=classic;level=well watered;role=disp;spread=13;gpio=35;device_seq=80663;time_source=device_synced;device_timestamp_utc=2026-07-28T14:14:50.398Z;config_id=257fa022;rssi=-59;uptime_s=604980;heap=193100;cal_tier=channel-cal;cal_src=wet_rederive_1236_20260719;pressure_context_source=weather_openmeteo;transport=wifi_poll,
plants.env,2026-07-28T14:15:20.402Z,2026-07-28 09:15:20.402,27050,6762df,y9d41p,0.7.3,fleet_logger_0_1,604980797,ESP32,esp32_die,on_chip,die_temp,,52.78,degC,OK,,,,,name=classic;source=esp32_die;cal=uncalibrated_board_proxy;api=temperatureRead;config_id=257fa022;transport=wifi_poll,
plants.soil,2026-07-28T14:15:51.429Z,2026-07-28 09:15:51.429,27051,6762df,y9d41p,0.7.3,fleet_logger_0_1,605040041,UMLIFE_v2_TLC555,ch0,origplant,soil_moisture,1566,,,OK,,,986.8,,name=classic;level=well watered;role=disp;spread=36;gpio=36;device_seq=80668;time_source=device_synced;device_timestamp_utc=2026-07-28T14:15:50.398Z;config_id=257fa022;rssi=-59;uptime_s=605040;heap=196168;cal_tier=channel-cal;cal_src=wet_rederive_1236_20260719;pressure_context_source=weather_openmeteo;transport=wifi_poll,
plants.soil,2026-07-28T14:15:51.429Z,2026-07-28 09:15:51.429,27052,6762df,y9d41p,0.7.3,fleet_logger_0_1,605040041,UMLIFE_v2_TLC555,ch1,origplant,soil_moisture,1695,,,OK,,,986.8,,name=classic;level=OK;role=disp;spread=29;gpio=39;device_seq=80669;time_source=device_synced;device_timestamp_utc=2026-07-28T14:15:50.398Z;config_id=257fa022;rssi=-59;uptime_s=605040;heap=196168;cal_tier=channel-cal;cal_src=wet_rederive_1236_20260719;pressure_context_source=weather_openmeteo;transport=wifi_poll,
plants.soil,2026-07-28T14:15:51.429Z,2026-07-28 09:15:51.429,27053,6762df,y9d41p,0.7.3,fleet_logger_0_1,605040041,UMLIFE_v2_TLC555,ch2,origplant,soil_moisture,1345,,,OK,,,986.8,,name=classic;level=overwatered;role=disp;spread=52;gpio=34;device_seq=80670;time_source=device_synced;device_timestamp_utc=2026-07-28T14:15:50.398Z;config_id=257fa022;rssi=-59;uptime_s=605040;heap=196168;cal_tier=channel-cal;cal_src=wet_rederive_1236_20260719;pressure_context_source=weather_openmeteo;transport=wifi_poll,
plants.soil,2026-07-28T14:15:51.429Z,2026-07-28 09:15:51.429,27054,6762df,y9d41p,0.7.3,fleet_logger_0_1,605040041,UMLIFE_v2_TLC555,ch3,origplant,soil_moisture,1437,,,OK,,,986.8,,name=classic;level=well watered;role=disp;spread=25;gpio=35;device_seq=80671;time_source=device_synced;device_timestamp_utc=2026-07-28T14:15:50.398Z;config_id=257fa022;rssi=-59;uptime_s=605040;heap=196168;cal_tier=channel-cal;cal_src=wet_rederive_1236_20260719;pressure_context_source=weather_openmeteo;transport=wifi_poll,
plants.env,2026-07-28T14:15:51.429Z,2026-07-28 09:15:51.429,27055,6762df,y9d41p,0.7.3,fleet_logger_0_1,605040796,ESP32,esp32_die,on_chip,die_temp,,53.33,degC,OK,,,,,name=classic;source=esp32_die;cal=uncalibrated_board_proxy;api=temperatureRead;config_id=257fa022;transport=wifi_poll,
plants.soil,2026-07-28T14:16:22.049Z,2026-07-28 09:16:22.049,27056,6762df,y9d41p,0.7.3,fleet_logger_0_1,605070041,UMLIFE_v2_TLC555,ch0,origplant,soil_moisture,1562,,,OK,,,986.8,,name=classic;level=well watered;role=disp;spread=29;gpio=36;device_seq=80672;time_source=device_synced;device_timestamp_utc=2026-07-28T14:16:20.398Z;config_id=257fa022;rssi=-59;uptime_s=605070;heap=196160;cal_tier=channel-cal;cal_src=wet_rederive_1236_20260719;pressure_context_source=weather_openmeteo;transport=wifi_poll,
plants.soil,2026-07-28T14:16:22.049Z,2026-07-28 09:16:22.049,27057,6762df,y9d41p,0.7.3,fleet_logger_0_1,605070041,UMLIFE_v2_TLC555,ch1,origplant,soil_moisture,1702,,,OK,,,986.8,,name=classic;level=OK;role=disp;spread=24;gpio=39;device_seq=80673;time_source=device_synced;device_timestamp_utc=2026-07-28T14:16:20.398Z;config_id=257fa022;rssi=-59;uptime_s=605070;heap=196160;cal_tier=channel-cal;cal_src=wet_rederive_1236_20260719;pressure_context_source=weather_openmeteo;transport=wifi_poll,
plants.soil,2026-07-28T14:16:22.049Z,2026-07-28 09:16:22.049,27058,6762df,y9d41p,0.7.3,fleet_logger_0_1,605070041,UMLIFE_v2_TLC555,ch2,origplant,soil_moisture,1373,,,OK,,,986.8,,name=classic;level=overwatered;role=disp;spread=33;gpio=34;device_seq=80674;time_source=device_synced;device_timestamp_utc=2026-07-28T14:16:20.398Z;config_id=257fa022;rssi=-59;uptime_s=605070;heap=196160;cal_tier=channel-cal;cal_src=wet_rederive_1236_20260719;pressure_context_source=weather_openmeteo;transport=wifi_poll,
plants.soil,2026-07-28T14:16:22.049Z,2026-07-28 09:16:22.049,27059,6762df,y9d41p,0.7.3,fleet_logger_0_1,605070041,UMLIFE_v2_TLC555,ch3,origplant,soil_moisture,1458,,,OK,,,986.8,,name=classic;level=well watered;role=disp;spread=24;gpio=35;device_seq=80675;time_source=device_synced;device_timestamp_utc=2026-07-28T14:16:20.398Z;config_id=257fa022;rssi=-59;uptime_s=605070;heap=196160;cal_tier=channel-cal;cal_src=wet_rederive_1236_20260719;pressure_context_source=weather_openmeteo;transport=wifi_poll,
plants.env,2026-07-28T14:16:22.049Z,2026-07-28 09:16:22.049,27060,6762df,y9d41p,0.7.3,fleet_logger_0_1,605070796,ESP32,esp32_die,on_chip,die_temp,,52.78,degC,OK,,,,,name=classic;source=esp32_die;cal=uncalibrated_board_proxy;api=temperatureRead;config_id=257fa022;transport=wifi_poll,
plants.soil,2026-07-28T14:16:52.868Z,2026-07-28 09:16:52.868,27061,6762df,y9d41p,0.7.3,fleet_logger_0_1,605100041,UMLIFE_v2_TLC555,ch0,origplant,soil_moisture,1567,,,OK,,,986.8,,name=classic;level=well watered;role=disp;spread=16;gpio=36;device_seq=80676;time_source=device_synced;device_timestamp_utc=2026-07-28T14:16:50.398Z;config_id=257fa022;rssi=-59;uptime_s=605100;heap=196164;cal_tier=channel-cal;cal_src=wet_rederive_1236_20260719;pressure_context_source=weather_openmeteo;transport=wifi_poll,
plants.soil,2026-07-28T14:16:52.868Z,2026-07-28 09:16:52.868,27062,6762df,y9d41p,0.7.3,fleet_logger_0_1,605100041,UMLIFE_v2_TLC555,ch1,origplant,soil_moisture,1702,,,OK,,,986.8,,name=classic;level=OK;role=disp;spread=39;gpio=39;device_seq=80677;time_source=device_synced;device_timestamp_utc=2026-07-28T14:16:50.398Z;config_id=257fa022;rssi=-59;uptime_s=605100;heap=196164;cal_tier=channel-cal;cal_src=wet_rederive_1236_20260719;pressure_context_source=weather_openmeteo;transport=wifi_poll,
plants.soil,2026-07-28T14:16:52.868Z,2026-07-28 09:16:52.868,27063,6762df,y9d41p,0.7.3,fleet_logger_0_1,605100041,UMLIFE_v2_TLC555,ch2,origplant,soil_moisture,1349,,,OK,,,986.8,,name=classic;level=overwatered;role=disp;spread=16;gpio=34;device_seq=80678;time_source=device_synced;device_timestamp_utc=2026-07-28T14:16:50.398Z;config_id=257fa022;rssi=-59;uptime_s=605100;heap=196164;cal_tier=channel-cal;cal_src=wet_rederive_1236_20260719;pressure_context_source=weather_openmeteo;transport=wifi_poll,
plants.soil,2026-07-28T14:16:52.868Z,2026-07-28 09:16:52.868,27064,6762df,y9d41p,0.7.3,fleet_logger_0_1,605100041,UMLIFE_v2_TLC555,ch3,origplant,soil_moisture,1434,,,OK,,,986.8,,name=classic;level=well watered;role=disp;spread=23;gpio=35;device_seq=80679;time_source=device_synced;device_timestamp_utc=2026-07-28T14:16:50.398Z;config_id=257fa022;rssi=-59;uptime_s=605100;heap=196164;cal_tier=channel-cal;cal_src=wet_rederive_1236_20260719;pressure_context_source=weather_openmeteo;transport=wifi_poll,
plants.env,2026-07-28T14:16:52.868Z,2026-07-28 09:16:52.868,27065,6762df,y9d41p,0.7.3,fleet_logger_0_1,605100796,ESP32,esp32_die,on_chip,die_temp,,52.78,degC,OK,,,,,name=classic;source=esp32_die;cal=uncalibrated_board_proxy;api=temperatureRead;config_id=257fa022;transport=wifi_poll,
plants.soil,2026-07-28T14:17:23.489Z,2026-07-28 09:17:23.489,27066,6762df,y9d41p,0.7.3,fleet_logger_0_1,605130041,UMLIFE_v2_TLC555,ch0,origplant,soil_moisture,1563,,,OK,,,986.8,,name=classic;level=well watered;role=disp;spread=13;gpio=36;device_seq=80680;time_source=device_synced;device_timestamp_utc=2026-07-28T14:17:20.398Z;config_id=257fa022;rssi=-59;uptime_s=605130;heap=195632;cal_tier=channel-cal;cal_src=wet_rederive_1236_20260719;pressure_context_source=weather_openmeteo;transport=wifi_poll,
plants.soil,2026-07-28T14:17:23.489Z,2026-07-28 09:17:23.489,27067,6762df,y9d41p,0.7.3,fleet_logger_0_1,605130041,UMLIFE_v2_TLC555,ch1,origplant,soil_moisture,1698,,,OK,,,986.8,,name=classic;level=OK;role=disp;spread=43;gpio=39;device_seq=80681;time_source=device_synced;device_timestamp_utc=2026-07-28T14:17:20.398Z;config_id=257fa022;rssi=-59;uptime_s=605130;heap=195632;cal_tier=channel-cal;cal_src=wet_rederive_1236_20260719;pressure_context_source=weather_openmeteo;transport=wifi_poll,
plants.soil,2026-07-28T14:17:23.489Z,2026-07-28 09:17:23.489,27068,6762df,y9d41p,0.7.3,fleet_logger_0_1,605130041,UMLIFE_v2_TLC555,ch2,origplant,soil_moisture,1351,,,OK,,,986.8,,name=classic;level=overwatered;role=disp;spread=36;gpio=34;device_seq=80682;time_source=device_synced;device_timestamp_utc=2026-07-28T14:17:20.398Z;config_id=257fa022;rssi=-59;uptime_s=605130;heap=195632;cal_tier=channel-cal;cal_src=wet_rederive_1236_20260719;pressure_context_source=weather_openmeteo;transport=wifi_poll,
plants.soil,2026-07-28T14:17:23.489Z,2026-07-28 09:17:23.489,27069,6762df,y9d41p,0.7.3,fleet_logger_0_1,605130041,UMLIFE_v2_TLC555,ch3,origplant,soil_moisture,1427,,,OK,,,986.8,,name=classic;level=well watered;role=disp;spread=22;gpio=35;device_seq=80683;time_source=device_synced;device_timestamp_utc=2026-07-28T14:17:20.398Z;config_id=257fa022;rssi=-59;uptime_s=605130;heap=195632;cal_tier=channel-cal;cal_src=wet_rederive_1236_20260719;pressure_context_source=weather_openmeteo;transport=wifi_poll,
plants.env,2026-07-28T14:17:23.489Z,2026-07-28 09:17:23.489,27070,6762df,y9d41p,0.7.3,fleet_logger_0_1,605130796,ESP32,esp32_die,on_chip,die_temp,,52.22,degC,OK,,,,,name=classic;source=esp32_die;cal=uncalibrated_board_proxy;api=temperatureRead;config_id=257fa022;transport=wifi_poll,
plants.soil,2026-07-28T14:17:54.004Z,2026-07-28 09:17:54.004,27071,6762df,y9d41p,0.7.3,fleet_logger_0_1,605160041,UMLIFE_v2_TLC555,ch0,origplant,soil_moisture,1564,,,OK,,,986.8,,name=classic;level=well watered;role=disp;spread=45;gpio=36;device_seq=80684;time_source=device_synced;device_timestamp_utc=2026-07-28T14:17:50.398Z;config_id=257fa022;rssi=-58;uptime_s=605160;heap=195636;cal_tier=channel-cal;cal_src=wet_rederive_1236_20260719;pressure_context_source=weather_openmeteo;transport=wifi_poll,
plants.soil,2026-07-28T14:17:54.004Z,2026-07-28 09:17:54.004,27072,6762df,y9d41p,0.7.3,fleet_logger_0_1,605160041,UMLIFE_v2_TLC555,ch1,origplant,soil_moisture,1692,,,OK,,,986.8,,name=classic;level=OK;role=disp;spread=57;gpio=39;device_seq=80685;time_source=device_synced;device_timestamp_utc=2026-07-28T14:17:50.398Z;config_id=257fa022;rssi=-58;uptime_s=605160;heap=195636;cal_tier=channel-cal;cal_src=wet_rederive_1236_20260719;pressure_context_source=weather_openmeteo;transport=wifi_poll,
plants.soil,2026-07-28T14:17:54.004Z,2026-07-28 09:17:54.004,27073,6762df,y9d41p,0.7.3,fleet_logger_0_1,605160041,UMLIFE_v2_TLC555,ch2,origplant,soil_moisture,1350,,,OK,,,986.8,,name=classic;level=overwatered;role=disp;spread=31;gpio=34;device_seq=80686;time_source=device_synced;device_timestamp_utc=2026-07-28T14:17:50.398Z;config_id=257fa022;rssi=-58;uptime_s=605160;heap=195636;cal_tier=channel-cal;cal_src=wet_rederive_1236_20260719;pressure_context_source=weather_openmeteo;transport=wifi_poll,
plants.soil,2026-07-28T14:17:54.004Z,2026-07-28 09:17:54.004,27074,6762df,y9d41p,0.7.3,fleet_logger_0_1,605160041,UMLIFE_v2_TLC555,ch3,origplant,soil_moisture,1443,,,OK,,,986.8,,name=classic;level=well watered;role=disp;spread=15;gpio=35;device_seq=80687;time_source=device_synced;device_timestamp_utc=2026-07-28T14:17:50.398Z;config_id=257fa022;rssi=-58;uptime_s=605160;heap=195636;cal_tier=channel-cal;cal_src=wet_rederive_1236_20260719;pressure_context_source=weather_openmeteo;transport=wifi_poll,
plants.env,2026-07-28T14:17:54.004Z,2026-07-28 09:17:54.004,27075,6762df,y9d41p,0.7.3,fleet_logger_0_1,605160796,ESP32,esp32_die,on_chip,die_temp,,52.22,degC,OK,,,,,name=classic;source=esp32_die;cal=uncalibrated_board_proxy;api=temperatureRead;config_id=257fa022;transport=wifi_poll,
plants.soil,2026-07-28T14:18:24.928Z,2026-07-28 09:18:24.928,27076,6762df,y9d41p,0.7.3,fleet_logger_0_1,605190041,UMLIFE_v2_TLC555,ch0,origplant,soil_moisture,1568,,,OK,,,986.8,,name=classic;level=well watered;role=disp;spread=27;gpio=36;device_seq=80688;time_source=device_synced;device_timestamp_utc=2026-07-28T14:18:20.398Z;config_id=257fa022;rssi=-58;uptime_s=605190;heap=195896;cal_tier=channel-cal;cal_src=wet_rederive_1236_20260719;pressure_context_source=weather_openmeteo;transport=wifi_poll,
plants.soil,2026-07-28T14:18:24.928Z,2026-07-28 09:18:24.928,27077,6762df,y9d41p,0.7.3,fleet_logger_0_1,605190041,UMLIFE_v2_TLC555,ch1,origplant,soil_moisture,1697,,,OK,,,986.8,,name=classic;level=OK;role=disp;spread=27;gpio=39;device_seq=80689;time_source=device_synced;device_timestamp_utc=2026-07-28T14:18:20.398Z;config_id=257fa022;rssi=-58;uptime_s=605190;heap=195896;cal_tier=channel-cal;cal_src=wet_rederive_1236_20260719;pressure_context_source=weather_openmeteo;transport=wifi_poll,
plants.soil,2026-07-28T14:18:24.928Z,2026-07-28 09:18:24.928,27078,6762df,y9d41p,0.7.3,fleet_logger_0_1,605190041,UMLIFE_v2_TLC555,ch2,origplant,soil_moisture,1349,,,OK,,,986.8,,name=classic;level=overwatered;role=disp;spread=73;gpio=34;device_seq=80690;time_source=device_synced;device_timestamp_utc=2026-07-28T14:18:20.398Z;config_id=257fa022;rssi=-58;uptime_s=605190;heap=195896;cal_tier=channel-cal;cal_src=wet_rederive_1236_20260719;pressure_context_source=weather_openmeteo;transport=wifi_poll,
plants.soil,2026-07-28T14:18:24.928Z,2026-07-28 09:18:24.928,27079,6762df,y9d41p,0.7.3,fleet_logger_0_1,605190041,UMLIFE_v2_TLC555,ch3,origplant,soil_moisture,1442,,,OK,,,986.8,,name=classic;level=well watered;role=disp;spread=34;gpio=35;device_seq=80691;time_source=device_synced;device_timestamp_utc=2026-07-28T14:18:20.398Z;config_id=257fa022;rssi=-58;uptime_s=605190;heap=195896;cal_tier=channel-cal;cal_src=wet_rederive_1236_20260719;pressure_context_source=weather_openmeteo;transport=wifi_poll,
plants.env,2026-07-28T14:18:24.928Z,2026-07-28 09:18:24.928,27080,6762df,y9d41p,0.7.3,fleet_logger_0_1,605190796,ESP32,esp32_die,on_chip,die_temp,,52.78,degC,OK,,,,,name=classic;source=esp32_die;cal=uncalibrated_board_proxy;api=temperatureRead;config_id=257fa022;transport=wifi_poll,
plants.soil,2026-07-28T14:18:55.648Z,2026-07-28 09:18:55.648,27081,6762df,y9d41p,0.7.3,fleet_logger_0_1,605220041,UMLIFE_v2_TLC555,ch0,origplant,soil_moisture,1563,,,OK,,,986.8,,name=classic;level=well watered;role=disp;spread=27;gpio=36;device_seq=80692;time_source=device_synced;device_timestamp_utc=2026-07-28T14:18:50.398Z;config_id=257fa022;rssi=-59;uptime_s=605220;heap=195896;cal_tier=channel-cal;cal_src=wet_rederive_1236_20260719;pressure_context_source=weather_openmeteo;transport=wifi_poll,
plants.soil,2026-07-28T14:18:55.648Z,2026-07-28 09:18:55.648,27082,6762df,y9d41p,0.7.3,fleet_logger_0_1,605220041,UMLIFE_v2_TLC555,ch1,origplant,soil_moisture,1697,,,OK,,,986.8,,name=classic;level=OK;role=disp;spread=41;gpio=39;device_seq=80693;time_source=device_synced;device_timestamp_utc=2026-07-28T14:18:50.398Z;config_id=257fa022;rssi=-59;uptime_s=605220;heap=195896;cal_tier=channel-cal;cal_src=wet_rederive_1236_20260719;pressure_context_source=weather_openmeteo;transport=wifi_poll,
plants.soil,2026-07-28T14:18:55.648Z,2026-07-28 09:18:55.648,27083,6762df,y9d41p,0.7.3,fleet_logger_0_1,605220041,UMLIFE_v2_TLC555,ch2,origplant,soil_moisture,1352,,,OK,,,986.8,,name=classic;level=overwatered;role=disp;spread=61;gpio=34;device_seq=80694;time_source=device_synced;device_timestamp_utc=2026-07-28T14:18:50.398Z;config_id=257fa022;rssi=-59;uptime_s=605220;heap=195896;cal_tier=channel-cal;cal_src=wet_rederive_1236_20260719;pressure_context_source=weather_openmeteo;transport=wifi_poll,
plants.soil,2026-07-28T14:18:55.648Z,2026-07-28 09:18:55.648,27084,6762df,y9d41p,0.7.3,fleet_logger_0_1,605220041,UMLIFE_v2_TLC555,ch3,origplant,soil_moisture,1431,,,OK,,,986.8,,name=classic;level=well watered;role=disp;spread=23;gpio=35;device_seq=80695;time_source=device_synced;device_timestamp_utc=2026-07-28T14:18:50.398Z;config_id=257fa022;rssi=-59;uptime_s=605220;heap=195896;cal_tier=channel-cal;cal_src=wet_rederive_1236_20260719;pressure_context_source=weather_openmeteo;transport=wifi_poll,
plants.env,2026-07-28T14:18:55.648Z,2026-07-28 09:18:55.648,27085,6762df,y9d41p,0.7.3,fleet_logger_0_1,605220796,ESP32,esp32_die,on_chip,die_temp,,52.78,degC,OK,,,,,name=classic;source=esp32_die;cal=uncalibrated_board_proxy;api=temperatureRead;config_id=257fa022;transport=wifi_poll,
plants.soil,2026-07-28T14:19:26.369Z,2026-07-28 09:19:26.369,27086,6762df,y9d41p,0.7.3,fleet_logger_0_1,605250041,UMLIFE_v2_TLC555,ch0,origplant,soil_moisture,1565,,,OK,,,986.8,,name=classic;level=well watered;role=disp;spread=34;gpio=36;device_seq=80696;time_source=device_synced;device_timestamp_utc=2026-07-28T14:19:20.398Z;config_id=257fa022;rssi=-58;uptime_s=605250;heap=195908;cal_tier=channel-cal;cal_src=wet_rederive_1236_20260719;pressure_context_source=weather_openmeteo;transport=wifi_poll,
plants.soil,2026-07-28T14:19:26.369Z,2026-07-28 09:19:26.369,27087,6762df,y9d41p,0.7.3,fleet_logger_0_1,605250041,UMLIFE_v2_TLC555,ch1,origplant,soil_moisture,1697,,,OK,,,986.8,,name=classic;level=OK;role=disp;spread=25;gpio=39;device_seq=80697;time_source=device_synced;device_timestamp_utc=2026-07-28T14:19:20.398Z;config_id=257fa022;rssi=-58;uptime_s=605250;heap=195908;cal_tier=channel-cal;cal_src=wet_rederive_1236_20260719;pressure_context_source=weather_openmeteo;transport=wifi_poll,
plants.soil,2026-07-28T14:19:26.369Z,2026-07-28 09:19:26.369,27088,6762df,y9d41p,0.7.3,fleet_logger_0_1,605250041,UMLIFE_v2_TLC555,ch2,origplant,soil_moisture,1348,,,OK,,,986.8,,name=classic;level=overwatered;role=disp;spread=24;gpio=34;device_seq=80698;time_source=device_synced;device_timestamp_utc=2026-07-28T14:19:20.398Z;config_id=257fa022;rssi=-58;uptime_s=605250;heap=195908;cal_tier=channel-cal;cal_src=wet_rederive_1236_20260719;pressure_context_source=weather_openmeteo;transport=wifi_poll,
plants.soil,2026-07-28T14:19:26.369Z,2026-07-28 09:19:26.369,27089,6762df,y9d41p,0.7.3,fleet_logger_0_1,605250041,UMLIFE_v2_TLC555,ch3,origplant,soil_moisture,1429,,,OK,,,986.8,,name=classic;level=well watered;role=disp;spread=19;gpio=35;device_seq=80699;time_source=device_synced;device_timestamp_utc=2026-07-28T14:19:20.398Z;config_id=257fa022;rssi=-58;uptime_s=605250;heap=195908;cal_tier=channel-cal;cal_src=wet_rederive_1236_20260719;pressure_context_source=weather_openmeteo;transport=wifi_poll,
plants.env,2026-07-28T14:19:26.369Z,2026-07-28 09:19:26.369,27090,6762df,y9d41p,0.7.3,fleet_logger_0_1,605250797,ESP32,esp32_die,on_chip,die_temp,,52.78,degC,OK,,,,,name=classic;source=esp32_die;cal=uncalibrated_board_proxy;api=temperatureRead;config_id=257fa022;transport=wifi_poll,
plants.soil,2026-07-28T14:19:56.780Z,2026-07-28 09:19:56.780,27091,6762df,y9d41p,0.7.3,fleet_logger_0_1,605280041,UMLIFE_v2_TLC555,ch0,origplant,soil_moisture,1573,,,OK,,,986.8,,name=classic;level=well watered;role=disp;spread=25;gpio=36;device_seq=80700;time_source=device_synced;device_timestamp_utc=2026-07-28T14:19:50.398Z;config_id=257fa022;rssi=-59;uptime_s=605280;heap=195872;cal_tier=channel-cal;cal_src=wet_rederive_1236_20260719;pressure_context_source=weather_openmeteo;transport=wifi_poll,
plants.soil,2026-07-28T14:19:56.780Z,2026-07-28 09:19:56.780,27092,6762df,y9d41p,0.7.3,fleet_logger_0_1,605280041,UMLIFE_v2_TLC555,ch1,origplant,soil_moisture,1694,,,OK,,,986.8,,name=classic;level=OK;role=disp;spread=18;gpio=39;device_seq=80701;time_source=device_synced;device_timestamp_utc=2026-07-28T14:19:50.398Z;config_id=257fa022;rssi=-59;uptime_s=605280;heap=195872;cal_tier=channel-cal;cal_src=wet_rederive_1236_20260719;pressure_context_source=weather_openmeteo;transport=wifi_poll,
plants.soil,2026-07-28T14:19:56.780Z,2026-07-28 09:19:56.780,27093,6762df,y9d41p,0.7.3,fleet_logger_0_1,605280041,UMLIFE_v2_TLC555,ch2,origplant,soil_moisture,1346,,,OK,,,986.8,,name=classic;level=overwatered;role=disp;spread=36;gpio=34;device_seq=80702;time_source=device_synced;device_timestamp_utc=2026-07-28T14:19:50.398Z;config_id=257fa022;rssi=-59;uptime_s=605280;heap=195872;cal_tier=channel-cal;cal_src=wet_rederive_1236_20260719;pressure_context_source=weather_openmeteo;transport=wifi_poll,
plants.soil,2026-07-28T14:19:56.780Z,2026-07-28 09:19:56.780,27094,6762df,y9d41p,0.7.3,fleet_logger_0_1,605280041,UMLIFE_v2_TLC555,ch3,origplant,soil_moisture,1439,,,OK,,,986.8,,name=classic;level=well watered;role=disp;spread=27;gpio=35;device_seq=80703;time_source=device_synced;device_timestamp_utc=2026-07-28T14:19:50.398Z;config_id=257fa022;rssi=-59;uptime_s=605280;heap=195872;cal_tier=channel-cal;cal_src=wet_rederive_1236_20260719;pressure_context_source=weather_openmeteo;transport=wifi_poll,
plants.env,2026-07-28T14:19:56.780Z,2026-07-28 09:19:56.780,27095,6762df,y9d41p,0.7.3,fleet_logger_0_1,605280797,ESP32,esp32_die,on_chip,die_temp,,53.33,degC,OK,,,,,name=classic;source=esp32_die;cal=uncalibrated_board_proxy;api=temperatureRead;config_id=257fa022;transport=wifi_poll,
plants.soil,2026-07-28T14:20:28.185Z,2026-07-28 09:20:28.185,27096,6762df,y9d41p,0.7.3,fleet_logger_0_1,605310041,UMLIFE_v2_TLC555,ch0,origplant,soil_moisture,1570,,,OK,,,986.8,,name=classic;level=well watered;role=disp;spread=48;gpio=36;device_seq=80704;time_source=device_synced;device_timestamp_utc=2026-07-28T14:20:20.398Z;config_id=257fa022;rssi=-58;uptime_s=605310;heap=195636;cal_tier=channel-cal;cal_src=wet_rederive_1236_20260719;pressure_context_source=weather_openmeteo;transport=wifi_poll,
plants.soil,2026-07-28T14:20:28.185Z,2026-07-28 09:20:28.185,27097,6762df,y9d41p,0.7.3,fleet_logger_0_1,605310041,UMLIFE_v2_TLC555,ch1,origplant,soil_moisture,1697,,,OK,,,986.8,,name=classic;level=OK;role=disp;spread=19;gpio=39;device_seq=80705;time_source=device_synced;device_timestamp_utc=2026-07-28T14:20:20.398Z;config_id=257fa022;rssi=-58;uptime_s=605310;heap=195636;cal_tier=channel-cal;cal_src=wet_rederive_1236_20260719;pressure_context_source=weather_openmeteo;transport=wifi_poll,
plants.soil,2026-07-28T14:20:28.185Z,2026-07-28 09:20:28.185,27098,6762df,y9d41p,0.7.3,fleet_logger_0_1,605310041,UMLIFE_v2_TLC555,ch2,origplant,soil_moisture,1349,,,OK,,,986.8,,name=classic;level=overwatered;role=disp;spread=29;gpio=34;device_seq=80706;time_source=device_synced;device_timestamp_utc=2026-07-28T14:20:20.398Z;config_id=257fa022;rssi=-58;uptime_s=605310;heap=195636;cal_tier=channel-cal;cal_src=wet_rederive_1236_20260719;pressure_context_source=weather_openmeteo;transport=wifi_poll,
plants.soil,2026-07-28T14:20:28.185Z,2026-07-28 09:20:28.185,27099,6762df,y9d41p,0.7.3,fleet_logger_0_1,605310041,UMLIFE_v2_TLC555,ch3,origplant,soil_moisture,1435,,,OK,,,986.8,,name=classic;level=well watered;role=disp;spread=13;gpio=35;device_seq=80707;time_source=device_synced;device_timestamp_utc=2026-07-28T14:20:20.398Z;config_id=257fa022;rssi=-58;uptime_s=605310;heap=195636;cal_tier=channel-cal;cal_src=wet_rederive_1236_20260719;pressure_context_source=weather_openmeteo;transport=wifi_poll,
plants.env,2026-07-28T14:20:28.185Z,2026-07-28 09:20:28.185,27100,6762df,y9d41p,0.7.3,fleet_logger_0_1,605310797,ESP32,esp32_die,on_chip,die_temp,,53.33,degC,OK,,,,,name=classic;source=esp32_die;cal=uncalibrated_board_proxy;api=temperatureRead;config_id=257fa022;transport=wifi_poll,
plants.soil,2026-07-28T14:21:32.524Z,2026-07-28 09:21:32.524,27101,6762df,y9d41p,0.7.3,fleet_logger_0_1,605370041,UMLIFE_v2_TLC555,ch0,origplant,soil_moisture,1577,,,OK,,,986.8,,name=classic;level=well watered;role=disp;spread=58;gpio=36;device_seq=80712;time_source=device_synced;device_timestamp_utc=2026-07-28T14:21:20.398Z;config_id=257fa022;rssi=-59;uptime_s=605370;heap=196152;cal_tier=channel-cal;cal_src=wet_rederive_1236_20260719;pressure_context_source=weather_openmeteo;transport=wifi_poll,
plants.soil,2026-07-28T14:21:32.524Z,2026-07-28 09:21:32.524,27102,6762df,y9d41p,0.7.3,fleet_logger_0_1,605370041,UMLIFE_v2_TLC555,ch1,origplant,soil_moisture,1702,,,OK,,,986.8,,name=classic;level=OK;role=disp;spread=39;gpio=39;device_seq=80713;time_source=device_synced;device_timestamp_utc=2026-07-28T14:21:20.398Z;config_id=257fa022;rssi=-59;uptime_s=605370;heap=196152;cal_tier=channel-cal;cal_src=wet_rederive_1236_20260719;pressure_context_source=weather_openmeteo;transport=wifi_poll,
plants.soil,2026-07-28T14:21:32.524Z,2026-07-28 09:21:32.524,27103,6762df,y9d41p,0.7.3,fleet_logger_0_1,605370041,UMLIFE_v2_TLC555,ch2,origplant,soil_moisture,1351,,,OK,,,986.8,,name=classic;level=overwatered;role=disp;spread=49;gpio=34;device_seq=80714;time_source=device_synced;device_timestamp_utc=2026-07-28T14:21:20.398Z;config_id=257fa022;rssi=-59;uptime_s=605370;heap=196152;cal_tier=channel-cal;cal_src=wet_rederive_1236_20260719;pressure_context_source=weather_openmeteo;transport=wifi_poll,
plants.soil,2026-07-28T14:21:32.524Z,2026-07-28 09:21:32.524,27104,6762df,y9d41p,0.7.3,fleet_logger_0_1,605370041,UMLIFE_v2_TLC555,ch3,origplant,soil_moisture,1434,,,OK,,,986.8,,name=classic;level=well watered;role=disp;spread=18;gpio=35;device_seq=80715;time_source=device_synced;device_timestamp_utc=2026-07-28T14:21:20.398Z;config_id=257fa022;rssi=-59;uptime_s=605370;heap=196152;cal_tier=channel-cal;cal_src=wet_rederive_1236_20260719;pressure_context_source=weather_openmeteo;transport=wifi_poll,
plants.env,2026-07-28T14:21:32.524Z,2026-07-28 09:21:32.524,27105,6762df,y9d41p,0.7.3,fleet_logger_0_1,605370797,ESP32,esp32_die,on_chip,die_temp,,53.33,degC,OK,,,,,name=classic;source=esp32_die;cal=uncalibrated_board_proxy;api=temperatureRead;config_id=257fa022;transport=wifi_poll,
plants.soil,2026-07-28T14:22:04.268Z,2026-07-28 09:22:04.268,27106,6762df,y9d41p,0.7.3,fleet_logger_0_1,605400041,UMLIFE_v2_TLC555,ch0,origplant,soil_moisture,1584,,,OK,,,986.8,,name=classic;level=well watered;role=disp;spread=31;gpio=36;device_seq=80716;time_source=device_synced;device_timestamp_utc=2026-07-28T14:21:50.398Z;config_id=257fa022;rssi=-58;uptime_s=605400;heap=196152;cal_tier=channel-cal;cal_src=wet_rederive_1236_20260719;pressure_context_source=weather_openmeteo;transport=wifi_poll,
plants.soil,2026-07-28T14:22:04.268Z,2026-07-28 09:22:04.268,27107,6762df,y9d41p,0.7.3,fleet_logger_0_1,605400041,UMLIFE_v2_TLC555,ch1,origplant,soil_moisture,1703,,,OK,,,986.8,,name=classic;level=OK;role=disp;spread=29;gpio=39;device_seq=80717;time_source=device_synced;device_timestamp_utc=2026-07-28T14:21:50.398Z;config_id=257fa022;rssi=-58;uptime_s=605400;heap=196152;cal_tier=channel-cal;cal_src=wet_rederive_1236_20260719;pressure_context_source=weather_openmeteo;transport=wifi_poll,
plants.soil,2026-07-28T14:22:04.268Z,2026-07-28 09:22:04.268,27108,6762df,y9d41p,0.7.3,fleet_logger_0_1,605400041,UMLIFE_v2_TLC555,ch2,origplant,soil_moisture,1355,,,OK,,,986.8,,name=classic;level=overwatered;role=disp;spread=42;gpio=34;device_seq=80718;time_source=device_synced;device_timestamp_utc=2026-07-28T14:21:50.398Z;config_id=257fa022;rssi=-58;uptime_s=605400;heap=196152;cal_tier=channel-cal;cal_src=wet_rederive_1236_20260719;pressure_context_source=weather_openmeteo;transport=wifi_poll,
plants.soil,2026-07-28T14:22:04.268Z,2026-07-28 09:22:04.268,27109,6762df,y9d41p,0.7.3,fleet_logger_0_1,605400041,UMLIFE_v2_TLC555,ch3,origplant,soil_moisture,1437,,,OK,,,986.8,,name=classic;level=well watered;role=disp;spread=28;gpio=35;device_seq=80719;time_source=device_synced;device_timestamp_utc=2026-07-28T14:21:50.398Z;config_id=257fa022;rssi=-58;uptime_s=605400;heap=196152;cal_tier=channel-cal;cal_src=wet_rederive_1236_20260719;pressure_context_source=weather_openmeteo;transport=wifi_poll,
plants.env,2026-07-28T14:22:04.268Z,2026-07-28 09:22:04.268,27110,6762df,y9d41p,0.7.3,fleet_logger_0_1,605401863,ESP32,esp32_die,on_chip,die_temp,,52.78,degC,OK,,,,,name=classic;source=esp32_die;cal=uncalibrated_board_proxy;api=temperatureRead;config_id=257fa022;transport=wifi_poll,
plants.soil,2026-07-28T14:22:34.991Z,2026-07-28 09:22:34.991,27111,6762df,y9d41p,0.7.3,fleet_logger_0_1,605430041,UMLIFE_v2_TLC555,ch0,origplant,soil_moisture,1591,,,OK,,,986.8,,name=classic;level=well watered;role=disp;spread=48;gpio=36;device_seq=80720;time_source=device_synced;device_timestamp_utc=2026-07-28T14:22:20.398Z;config_id=257fa022;rssi=-59;uptime_s=605430;heap=196168;cal_tier=channel-cal;cal_src=wet_rederive_1236_20260719;pressure_context_source=weather_openmeteo;transport=wifi_poll,
plants.soil,2026-07-28T14:22:34.991Z,2026-07-28 09:22:34.991,27112,6762df,y9d41p,0.7.3,fleet_logger_0_1,605430041,UMLIFE_v2_TLC555,ch1,origplant,soil_moisture,1705,,,OK,,,986.8,,name=classic;level=OK;role=disp;spread=42;gpio=39;device_seq=80721;time_source=device_synced;device_timestamp_utc=2026-07-28T14:22:20.398Z;config_id=257fa022;rssi=-59;uptime_s=605430;heap=196168;cal_tier=channel-cal;cal_src=wet_rederive_1236_20260719;pressure_context_source=weather_openmeteo;transport=wifi_poll,
plants.soil,2026-07-28T14:22:34.991Z,2026-07-28 09:22:34.991,27113,6762df,y9d41p,0.7.3,fleet_logger_0_1,605430041,UMLIFE_v2_TLC555,ch2,origplant,soil_moisture,1357,,,OK,,,986.8,,name=classic;level=overwatered;role=disp;spread=38;gpio=34;device_seq=80722;time_source=device_synced;device_timestamp_utc=2026-07-28T14:22:20.398Z;config_id=257fa022;rssi=-59;uptime_s=605430;heap=196168;cal_tier=channel-cal;cal_src=wet_rederive_1236_20260719;pressure_context_source=weather_openmeteo;transport=wifi_poll,
plants.soil,2026-07-28T14:22:34.991Z,2026-07-28 09:22:34.991,27114,6762df,y9d41p,0.7.3,fleet_logger_0_1,605430041,UMLIFE_v2_TLC555,ch3,origplant,soil_moisture,1432,,,OK,,,986.8,,name=classic;level=well watered;role=disp;spread=26;gpio=35;device_seq=80723;time_source=device_synced;device_timestamp_utc=2026-07-28T14:22:20.398Z;config_id=257fa022;rssi=-59;uptime_s=605430;heap=196168;cal_tier=channel-cal;cal_src=wet_rederive_1236_20260719;pressure_context_source=weather_openmeteo;transport=wifi_poll,
plants.env,2026-07-28T14:22:34.991Z,2026-07-28 09:22:34.991,27115,6762df,y9d41p,0.7.3,fleet_logger_0_1,605430797,ESP32,esp32_die,on_chip,die_temp,,53.33,degC,OK,,,,,name=classic;source=esp32_die;cal=uncalibrated_board_proxy;api=temperatureRead;config_id=257fa022;transport=wifi_poll,
plants.soil,2026-07-28T14:23:05.814Z,2026-07-28 09:23:05.814,27116,6762df,y9d41p,0.7.3,fleet_logger_0_1,605460041,UMLIFE_v2_TLC555,ch0,origplant,soil_moisture,1567,,,OK,,,986.8,,name=classic;level=well watered;role=disp;spread=40;gpio=36;device_seq=80724;time_source=device_synced;device_timestamp_utc=2026-07-28T14:22:50.398Z;config_id=257fa022;rssi=-59;uptime_s=605460;heap=196156;cal_tier=channel-cal;cal_src=wet_rederive_1236_20260719;pressure_context_source=weather_openmeteo;transport=wifi_poll,
plants.soil,2026-07-28T14:23:05.814Z,2026-07-28 09:23:05.814,27117,6762df,y9d41p,0.7.3,fleet_logger_0_1,605460041,UMLIFE_v2_TLC555,ch1,origplant,soil_moisture,1699,,,OK,,,986.8,,name=classic;level=OK;role=disp;spread=28;gpio=39;device_seq=80725;time_source=device_synced;device_timestamp_utc=2026-07-28T14:22:50.398Z;config_id=257fa022;rssi=-59;uptime_s=605460;heap=196156;cal_tier=channel-cal;cal_src=wet_rederive_1236_20260719;pressure_context_source=weather_openmeteo;transport=wifi_poll,
plants.soil,2026-07-28T14:23:05.814Z,2026-07-28 09:23:05.814,27118,6762df,y9d41p,0.7.3,fleet_logger_0_1,605460041,UMLIFE_v2_TLC555,ch2,origplant,soil_moisture,1354,,,OK,,,986.8,,name=classic;level=overwatered;role=disp;spread=23;gpio=34;device_seq=80726;time_source=device_synced;device_timestamp_utc=2026-07-28T14:22:50.398Z;config_id=257fa022;rssi=-59;uptime_s=605460;heap=196156;cal_tier=channel-cal;cal_src=wet_rederive_1236_20260719;pressure_context_source=weather_openmeteo;transport=wifi_poll,
plants.soil,2026-07-28T14:23:05.814Z,2026-07-28 09:23:05.814,27119,6762df,y9d41p,0.7.3,fleet_logger_0_1,605460041,UMLIFE_v2_TLC555,ch3,origplant,soil_moisture,1435,,,OK,,,986.8,,name=classic;level=well watered;role=disp;spread=18;gpio=35;device_seq=80727;time_source=device_synced;device_timestamp_utc=2026-07-28T14:22:50.398Z;config_id=257fa022;rssi=-59;uptime_s=605460;heap=196156;cal_tier=channel-cal;cal_src=wet_rederive_1236_20260719;pressure_context_source=weather_openmeteo;transport=wifi_poll,
plants.env,2026-07-28T14:23:05.814Z,2026-07-28 09:23:05.814,27120,6762df,y9d41p,0.7.3,fleet_logger_0_1,605460797,ESP32,esp32_die,on_chip,die_temp,,53.33,degC,OK,,,,,name=classic;source=esp32_die;cal=uncalibrated_board_proxy;api=temperatureRead;config_id=257fa022;transport=wifi_poll,
plants.soil,2026-07-28T14:23:36.327Z,2026-07-28 09:23:36.327,27121,6762df,y9d41p,0.7.3,fleet_logger_0_1,605490041,UMLIFE_v2_TLC555,ch0,origplant,soil_moisture,1567,,,OK,,,986.8,,name=classic;level=well watered;role=disp;spread=39;gpio=36;device_seq=80728;time_source=device_synced;device_timestamp_utc=2026-07-28T14:23:20.398Z;config_id=257fa022;rssi=-62;uptime_s=605490;heap=195648;cal_tier=channel-cal;cal_src=wet_rederive_1236_20260719;pressure_context_source=weather_openmeteo;transport=wifi_poll,
plants.soil,2026-07-28T14:23:36.327Z,2026-07-28 09:23:36.327,27122,6762df,y9d41p,0.7.3,fleet_logger_0_1,605490041,UMLIFE_v2_TLC555,ch1,origplant,soil_moisture,1698,,,OK,,,986.8,,name=classic;level=OK;role=disp;spread=38;gpio=39;device_seq=80729;time_source=device_synced;device_timestamp_utc=2026-07-28T14:23:20.398Z;config_id=257fa022;rssi=-62;uptime_s=605490;heap=195648;cal_tier=channel-cal;cal_src=wet_rederive_1236_20260719;pressure_context_source=weather_openmeteo;transport=wifi_poll,
plants.soil,2026-07-28T14:23:36.327Z,2026-07-28 09:23:36.327,27123,6762df,y9d41p,0.7.3,fleet_logger_0_1,605490041,UMLIFE_v2_TLC555,ch2,origplant,soil_moisture,1348,,,OK,,,986.8,,name=classic;level=overwatered;role=disp;spread=32;gpio=34;device_seq=80730;time_source=device_synced;device_timestamp_utc=2026-07-28T14:23:20.398Z;config_id=257fa022;rssi=-62;uptime_s=605490;heap=195648;cal_tier=channel-cal;cal_src=wet_rederive_1236_20260719;pressure_context_source=weather_openmeteo;transport=wifi_poll,
plants.soil,2026-07-28T14:23:36.327Z,2026-07-28 09:23:36.327,27124,6762df,y9d41p,0.7.3,fleet_logger_0_1,605490041,UMLIFE_v2_TLC555,ch3,origplant,soil_moisture,1437,,,OK,,,986.8,,name=classic;level=well watered;role=disp;spread=23;gpio=35;device_seq=80731;time_source=device_synced;device_timestamp_utc=2026-07-28T14:23:20.398Z;config_id=257fa022;rssi=-62;uptime_s=605490;heap=195648;cal_tier=channel-cal;cal_src=wet_rederive_1236_20260719;pressure_context_source=weather_openmeteo;transport=wifi_poll,
plants.env,2026-07-28T14:23:36.327Z,2026-07-28 09:23:36.327,27125,6762df,y9d41p,0.7.3,fleet_logger_0_1,605490797,ESP32,esp32_die,on_chip,die_temp,,53.33,degC,OK,,,,,name=classic;source=esp32_die;cal=uncalibrated_board_proxy;api=temperatureRead;config_id=257fa022;transport=wifi_poll,
plants.soil,2026-07-28T14:24:07.454Z,2026-07-28 09:24:07.454,27126,6762df,y9d41p,0.7.3,fleet_logger_0_1,605520041,UMLIFE_v2_TLC555,ch0,origplant,soil_moisture,1589,,,OK,,,986.8,,name=classic;level=well watered;role=disp;spread=72;gpio=36;device_seq=80732;time_source=device_synced;device_timestamp_utc=2026-07-28T14:23:50.398Z;config_id=257fa022;rssi=-62;uptime_s=605520;heap=195648;cal_tier=channel-cal;cal_src=wet_rederive_1236_20260719;pressure_context_source=weather_openmeteo;transport=wifi_poll,
plants.soil,2026-07-28T14:24:07.454Z,2026-07-28 09:24:07.454,27127,6762df,y9d41p,0.7.3,fleet_logger_0_1,605520041,UMLIFE_v2_TLC555,ch1,origplant,soil_moisture,1717,,,OK,,,986.8,,name=classic;level=OK;role=disp;spread=47;gpio=39;device_seq=80733;time_source=device_synced;device_timestamp_utc=2026-07-28T14:23:50.398Z;config_id=257fa022;rssi=-62;uptime_s=605520;heap=195648;cal_tier=channel-cal;cal_src=wet_rederive_1236_20260719;pressure_context_source=weather_openmeteo;transport=wifi_poll,
plants.soil,2026-07-28T14:24:07.454Z,2026-07-28 09:24:07.454,27128,6762df,y9d41p,0.7.3,fleet_logger_0_1,605520041,UMLIFE_v2_TLC555,ch2,origplant,soil_moisture,1366,,,OK,,,986.8,,name=classic;level=overwatered;role=disp;spread=28;gpio=34;device_seq=80734;time_source=device_synced;device_timestamp_utc=2026-07-28T14:23:50.398Z;config_id=257fa022;rssi=-62;uptime_s=605520;heap=195648;cal_tier=channel-cal;cal_src=wet_rederive_1236_20260719;pressure_context_source=weather_openmeteo;transport=wifi_poll,
plants.soil,2026-07-28T14:24:07.454Z,2026-07-28 09:24:07.454,27129,6762df,y9d41p,0.7.3,fleet_logger_0_1,605520041,UMLIFE_v2_TLC555,ch3,origplant,soil_moisture,1444,,,OK,,,986.8,,name=classic;level=well watered;role=disp;spread=36;gpio=35;device_seq=80735;time_source=device_synced;device_timestamp_utc=2026-07-28T14:23:50.398Z;config_id=257fa022;rssi=-62;uptime_s=605520;heap=195648;cal_tier=channel-cal;cal_src=wet_rederive_1236_20260719;pressure_context_source=weather_openmeteo;transport=wifi_poll,
plants.env,2026-07-28T14:24:07.454Z,2026-07-28 09:24:07.454,27130,6762df,y9d41p,0.7.3,fleet_logger_0_1,605520796,ESP32,esp32_die,on_chip,die_temp,,53.33,degC,OK,,,,,name=classic;source=esp32_die;cal=uncalibrated_board_proxy;api=temperatureRead;config_id=257fa022;transport=wifi_poll,
plants.soil,2026-07-28T14:24:38.791Z,2026-07-28 09:24:38.791,27131,6762df,y9d41p,0.7.3,fleet_logger_0_1,605550041,UMLIFE_v2_TLC555,ch0,origplant,soil_moisture,1591,,,OK,,,986.8,,name=classic;level=well watered;role=disp;spread=29;gpio=36;device_seq=80736;time_source=device_synced;device_timestamp_utc=2026-07-28T14:24:20.398Z;config_id=257fa022;rssi=-62;uptime_s=605550;heap=195896;cal_tier=channel-cal;cal_src=wet_rederive_1236_20260719;pressure_context_source=weather_openmeteo;transport=wifi_poll,
plants.soil,2026-07-28T14:24:38.791Z,2026-07-28 09:24:38.791,27132,6762df,y9d41p,0.7.3,fleet_logger_0_1,605550041,UMLIFE_v2_TLC555,ch1,origplant,soil_moisture,1727,,,OK,,,986.8,,name=classic;level=OK;role=disp;spread=25;gpio=39;device_seq=80737;time_source=device_synced;device_timestamp_utc=2026-07-28T14:24:20.398Z;config_id=257fa022;rssi=-62;uptime_s=605550;heap=195896;cal_tier=channel-cal;cal_src=wet_rederive_1236_20260719;pressure_context_source=weather_openmeteo;transport=wifi_poll,
plants.soil,2026-07-28T14:24:38.791Z,2026-07-28 09:24:38.791,27133,6762df,y9d41p,0.7.3,fleet_logger_0_1,605550041,UMLIFE_v2_TLC555,ch2,origplant,soil_moisture,1372,,,OK,,,986.8,,name=classic;level=overwatered;role=disp;spread=22;gpio=34;device_seq=80738;time_source=device_synced;device_timestamp_utc=2026-07-28T14:24:20.398Z;config_id=257fa022;rssi=-62;uptime_s=605550;heap=195896;cal_tier=channel-cal;cal_src=wet_rederive_1236_20260719;pressure_context_source=weather_openmeteo;transport=wifi_poll,
plants.soil,2026-07-28T14:24:38.791Z,2026-07-28 09:24:38.791,27134,6762df,y9d41p,0.7.3,fleet_logger_0_1,605550041,UMLIFE_v2_TLC555,ch3,origplant,soil_moisture,1441,,,OK,,,986.8,,name=classic;level=well watered;role=disp;spread=14;gpio=35;device_seq=80739;time_source=device_synced;device_timestamp_utc=2026-07-28T14:24:20.398Z;config_id=257fa022;rssi=-62;uptime_s=605550;heap=195896;cal_tier=channel-cal;cal_src=wet_rederive_1236_20260719;pressure_context_source=weather_openmeteo;transport=wifi_poll,
plants.env,2026-07-28T14:24:38.791Z,2026-07-28 09:24:38.791,27135,6762df,y9d41p,0.7.3,fleet_logger_0_1,605550797,ESP32,esp32_die,on_chip,die_temp,,52.78,degC,OK,,,,,name=classic;source=esp32_die;cal=uncalibrated_board_proxy;api=temperatureRead;config_id=257fa022;transport=wifi_poll,
plants.soil,2026-07-28T14:25:09.406Z,2026-07-28 09:25:09.406,27136,6762df,y9d41p,0.7.3,fleet_logger_0_1,605580041,UMLIFE_v2_TLC555,ch0,origplant,soil_moisture,1590,,,OK,,,986.8,,name=classic;level=well watered;role=disp;spread=53;gpio=36;device_seq=80740;time_source=device_synced;device_timestamp_utc=2026-07-28T14:24:50.398Z;config_id=257fa022;rssi=-63;uptime_s=605580;heap=195896;cal_tier=channel-cal;cal_src=wet_rederive_1236_20260719;pressure_context_source=weather_openmeteo;transport=wifi_poll,
plants.soil,2026-07-28T14:25:09.406Z,2026-07-28 09:25:09.406,27137,6762df,y9d41p,0.7.3,fleet_logger_0_1,605580041,UMLIFE_v2_TLC555,ch1,origplant,soil_moisture,1727,,,OK,,,986.8,,name=classic;level=OK;role=disp;spread=31;gpio=39;device_seq=80741;time_source=device_synced;device_timestamp_utc=2026-07-28T14:24:50.398Z;config_id=257fa022;rssi=-63;uptime_s=605580;heap=195896;cal_tier=channel-cal;cal_src=wet_rederive_1236_20260719;pressure_context_source=weather_openmeteo;transport=wifi_poll,
plants.soil,2026-07-28T14:25:09.406Z,2026-07-28 09:25:09.406,27138,6762df,y9d41p,0.7.3,fleet_logger_0_1,605580041,UMLIFE_v2_TLC555,ch2,origplant,soil_moisture,1380,,,OK,,,986.8,,name=classic;level=overwatered;role=disp;spread=24;gpio=34;device_seq=80742;time_source=device_synced;device_timestamp_utc=2026-07-28T14:24:50.398Z;config_id=257fa022;rssi=-63;uptime_s=605580;heap=195896;cal_tier=channel-cal;cal_src=wet_rederive_1236_20260719;pressure_context_source=weather_openmeteo;transport=wifi_poll,
plants.soil,2026-07-28T14:25:09.406Z,2026-07-28 09:25:09.406,27139,6762df,y9d41p,0.7.3,fleet_logger_0_1,605580041,UMLIFE_v2_TLC555,ch3,origplant,soil_moisture,1447,,,OK,,,986.8,,name=classic;level=well watered;role=disp;spread=19;gpio=35;device_seq=80743;time_source=device_synced;device_timestamp_utc=2026-07-28T14:24:50.398Z;config_id=257fa022;rssi=-63;uptime_s=605580;heap=195896;cal_tier=channel-cal;cal_src=wet_rederive_1236_20260719;pressure_context_source=weather_openmeteo;transport=wifi_poll,
plants.env,2026-07-28T14:25:09.406Z,2026-07-28 09:25:09.406,27140,6762df,y9d41p,0.7.3,fleet_logger_0_1,605580797,ESP32,esp32_die,on_chip,die_temp,,53.33,degC,OK,,,,,name=classic;source=esp32_die;cal=uncalibrated_board_proxy;api=temperatureRead;config_id=257fa022;transport=wifi_poll,
plants.soil,2026-07-28T14:25:40.233Z,2026-07-28 09:25:40.233,27141,6762df,y9d41p,0.7.3,fleet_logger_0_1,605610041,UMLIFE_v2_TLC555,ch0,origplant,soil_moisture,1589,,,OK,,,986.8,,name=classic;level=well watered;role=disp;spread=28;gpio=36;device_seq=80744;time_source=device_synced;device_timestamp_utc=2026-07-28T14:25:20.398Z;config_id=257fa022;rssi=-62;uptime_s=605610;heap=195896;cal_tier=channel-cal;cal_src=wet_rederive_1236_20260719;pressure_context_source=weather_openmeteo;transport=wifi_poll,
plants.soil,2026-07-28T14:25:40.233Z,2026-07-28 09:25:40.233,27142,6762df,y9d41p,0.7.3,fleet_logger_0_1,605610041,UMLIFE_v2_TLC555,ch1,origplant,soil_moisture,1722,,,OK,,,986.8,,name=classic;level=OK;role=disp;spread=23;gpio=39;device_seq=80745;time_source=device_synced;device_timestamp_utc=2026-07-28T14:25:20.398Z;config_id=257fa022;rssi=-62;uptime_s=605610;heap=195896;cal_tier=channel-cal;cal_src=wet_rederive_1236_20260719;pressure_context_source=weather_openmeteo;transport=wifi_poll,
plants.soil,2026-07-28T14:25:40.233Z,2026-07-28 09:25:40.233,27143,6762df,y9d41p,0.7.3,fleet_logger_0_1,605610041,UMLIFE_v2_TLC555,ch2,origplant,soil_moisture,1377,,,OK,,,986.8,,name=classic;level=overwatered;role=disp;spread=45;gpio=34;device_seq=80746;time_source=device_synced;device_timestamp_utc=2026-07-28T14:25:20.398Z;config_id=257fa022;rssi=-62;uptime_s=605610;heap=195896;cal_tier=channel-cal;cal_src=wet_rederive_1236_20260719;pressure_context_source=weather_openmeteo;transport=wifi_poll,
plants.soil,2026-07-28T14:25:40.233Z,2026-07-28 09:25:40.233,27144,6762df,y9d41p,0.7.3,fleet_logger_0_1,605610041,UMLIFE_v2_TLC555,ch3,origplant,soil_moisture,1456,,,OK,,,986.8,,name=classic;level=well watered;role=disp;spread=17;gpio=35;device_seq=80747;time_source=device_synced;device_timestamp_utc=2026-07-28T14:25:20.398Z;config_id=257fa022;rssi=-62;uptime_s=605610;heap=195896;cal_tier=channel-cal;cal_src=wet_rederive_1236_20260719;pressure_context_source=weather_openmeteo;transport=wifi_poll,
plants.env,2026-07-28T14:25:40.233Z,2026-07-28 09:25:40.233,27145,6762df,y9d41p,0.7.3,fleet_logger_0_1,605610797,ESP32,esp32_die,on_chip,die_temp,,52.78,degC,OK,,,,,name=classic;source=esp32_die;cal=uncalibrated_board_proxy;api=temperatureRead;config_id=257fa022;transport=wifi_poll,
plants.soil,2026-07-28T14:26:10.739Z,2026-07-28 09:26:10.739,27146,6762df,y9d41p,0.7.3,fleet_logger_0_1,605640041,UMLIFE_v2_TLC555,ch0,origplant,soil_moisture,1590,,,OK,,,986.8,,name=classic;level=well watered;role=disp;spread=35;gpio=36;device_seq=80748;time_source=device_synced;device_timestamp_utc=2026-07-28T14:25:50.398Z;config_id=257fa022;rssi=-63;uptime_s=605640;heap=195884;cal_tier=channel-cal;cal_src=wet_rederive_1236_20260719;pressure_context_source=weather_openmeteo;transport=wifi_poll,
plants.soil,2026-07-28T14:26:10.739Z,2026-07-28 09:26:10.739,27147,6762df,y9d41p,0.7.3,fleet_logger_0_1,605640041,UMLIFE_v2_TLC555,ch1,origplant,soil_moisture,1725,,,OK,,,986.8,,name=classic;level=OK;role=disp;spread=68;gpio=39;device_seq=80749;time_source=device_synced;device_timestamp_utc=2026-07-28T14:25:50.398Z;config_id=257fa022;rssi=-63;uptime_s=605640;heap=195884;cal_tier=channel-cal;cal_src=wet_rederive_1236_20260719;pressure_context_source=weather_openmeteo;transport=wifi_poll,
plants.soil,2026-07-28T14:26:10.739Z,2026-07-28 09:26:10.739,27148,6762df,y9d41p,0.7.3,fleet_logger_0_1,605640041,UMLIFE_v2_TLC555,ch2,origplant,soil_moisture,1371,,,OK,,,986.8,,name=classic;level=overwatered;role=disp;spread=50;gpio=34;device_seq=80750;time_source=device_synced;device_timestamp_utc=2026-07-28T14:25:50.398Z;config_id=257fa022;rssi=-63;uptime_s=605640;heap=195884;cal_tier=channel-cal;cal_src=wet_rederive_1236_20260719;pressure_context_source=weather_openmeteo;transport=wifi_poll,
plants.soil,2026-07-28T14:26:10.739Z,2026-07-28 09:26:10.739,27149,6762df,y9d41p,0.7.3,fleet_logger_0_1,605640041,UMLIFE_v2_TLC555,ch3,origplant,soil_moisture,1455,,,OK,,,986.8,,name=classic;level=well watered;role=disp;spread=26;gpio=35;device_seq=80751;time_source=device_synced;device_timestamp_utc=2026-07-28T14:25:50.398Z;config_id=257fa022;rssi=-63;uptime_s=605640;heap=195884;cal_tier=channel-cal;cal_src=wet_rederive_1236_20260719;pressure_context_source=weather_openmeteo;transport=wifi_poll,
plants.env,2026-07-28T14:26:10.739Z,2026-07-28 09:26:10.739,27150,6762df,y9d41p,0.7.3,fleet_logger_0_1,605640797,ESP32,esp32_die,on_chip,die_temp,,53.33,degC,OK,,,,,name=classic;source=esp32_die;cal=uncalibrated_board_proxy;api=temperatureRead;config_id=257fa022;transport=wifi_poll,
plants.soil,2026-07-28T14:26:41.257Z,2026-07-28 09:26:41.257,27151,6762df,y9d41p,0.7.3,fleet_logger_0_1,605670041,UMLIFE_v2_TLC555,ch0,origplant,soil_moisture,1587,,,OK,,,986.8,,name=classic;level=well watered;role=disp;spread=22;gpio=36;device_seq=80752;time_source=device_synced;device_timestamp_utc=2026-07-28T14:26:20.398Z;config_id=257fa022;rssi=-63;uptime_s=605670;heap=195648;cal_tier=channel-cal;cal_src=wet_rederive_1236_20260719;pressure_context_source=weather_openmeteo;transport=wifi_poll,
plants.soil,2026-07-28T14:26:41.257Z,2026-07-28 09:26:41.257,27152,6762df,y9d41p,0.7.3,fleet_logger_0_1,605670041,UMLIFE_v2_TLC555,ch1,origplant,soil_moisture,1721,,,OK,,,986.8,,name=classic;level=OK;role=disp;spread=35;gpio=39;device_seq=80753;time_source=device_synced;device_timestamp_utc=2026-07-28T14:26:20.398Z;config_id=257fa022;rssi=-63;uptime_s=605670;heap=195648;cal_tier=channel-cal;cal_src=wet_rederive_1236_20260719;pressure_context_source=weather_openmeteo;transport=wifi_poll,
plants.soil,2026-07-28T14:26:41.257Z,2026-07-28 09:26:41.257,27153,6762df,y9d41p,0.7.3,fleet_logger_0_1,605670041,UMLIFE_v2_TLC555,ch2,origplant,soil_moisture,1379,,,OK,,,986.8,,name=classic;level=overwatered;role=disp;spread=35;gpio=34;device_seq=80754;time_source=device_synced;device_timestamp_utc=2026-07-28T14:26:20.398Z;config_id=257fa022;rssi=-63;uptime_s=605670;heap=195648;cal_tier=channel-cal;cal_src=wet_rederive_1236_20260719;pressure_context_source=weather_openmeteo;transport=wifi_poll,
plants.soil,2026-07-28T14:26:41.257Z,2026-07-28 09:26:41.257,27154,6762df,y9d41p,0.7.3,fleet_logger_0_1,605670041,UMLIFE_v2_TLC555,ch3,origplant,soil_moisture,1467,,,OK,,,986.8,,name=classic;level=well watered;role=disp;spread=38;gpio=35;device_seq=80755;time_source=device_synced;device_timestamp_utc=2026-07-28T14:26:20.398Z;config_id=257fa022;rssi=-63;uptime_s=605670;heap=195648;cal_tier=channel-cal;cal_src=wet_rederive_1236_20260719;pressure_context_source=weather_openmeteo;transport=wifi_poll,
plants.env,2026-07-28T14:26:41.257Z,2026-07-28 09:26:41.257,27155,6762df,y9d41p,0.7.3,fleet_logger_0_1,605670797,ESP32,esp32_die,on_chip,die_temp,,52.78,degC,OK,,,,,name=classic;source=esp32_die;cal=uncalibrated_board_proxy;api=temperatureRead;config_id=257fa022;transport=wifi_poll,
plants.soil,2026-07-28T14:27:11.657Z,2026-07-28 09:27:11.657,27156,6762df,y9d41p,0.7.3,fleet_logger_0_1,605700041,UMLIFE_v2_TLC555,ch0,origplant,soil_moisture,1590,,,OK,,,987.1,,name=classic;level=well watered;role=disp;spread=33;gpio=36;device_seq=80756;time_source=device_synced;device_timestamp_utc=2026-07-28T14:26:50.398Z;config_id=257fa022;rssi=-64;uptime_s=605700;heap=195648;cal_tier=channel-cal;cal_src=wet_rederive_1236_20260719;pressure_context_source=weather_openmeteo;transport=wifi_poll,
plants.soil,2026-07-28T14:27:11.657Z,2026-07-28 09:27:11.657,27157,6762df,y9d41p,0.7.3,fleet_logger_0_1,605700041,UMLIFE_v2_TLC555,ch1,origplant,soil_moisture,1720,,,OK,,,987.1,,name=classic;level=OK;role=disp;spread=44;gpio=39;device_seq=80757;time_source=device_synced;device_timestamp_utc=2026-07-28T14:26:50.398Z;config_id=257fa022;rssi=-64;uptime_s=605700;heap=195648;cal_tier=channel-cal;cal_src=wet_rederive_1236_20260719;pressure_context_source=weather_openmeteo;transport=wifi_poll,
plants.soil,2026-07-28T14:27:11.657Z,2026-07-28 09:27:11.657,27158,6762df,y9d41p,0.7.3,fleet_logger_0_1,605700041,UMLIFE_v2_TLC555,ch2,origplant,soil_moisture,1381,,,OK,,,987.1,,name=classic;level=overwatered;role=disp;spread=44;gpio=34;device_seq=80758;time_source=device_synced;device_timestamp_utc=2026-07-28T14:26:50.398Z;config_id=257fa022;rssi=-64;uptime_s=605700;heap=195648;cal_tier=channel-cal;cal_src=wet_rederive_1236_20260719;pressure_context_source=weather_openmeteo;transport=wifi_poll,
plants.soil,2026-07-28T14:27:11.657Z,2026-07-28 09:27:11.657,27159,6762df,y9d41p,0.7.3,fleet_logger_0_1,605700041,UMLIFE_v2_TLC555,ch3,origplant,soil_moisture,1464,,,OK,,,987.1,,name=classic;level=well watered;role=disp;spread=34;gpio=35;device_seq=80759;time_source=device_synced;device_timestamp_utc=2026-07-28T14:26:50.398Z;config_id=257fa022;rssi=-64;uptime_s=605700;heap=195648;cal_tier=channel-cal;cal_src=wet_rederive_1236_20260719;pressure_context_source=weather_openmeteo;transport=wifi_poll,
plants.env,2026-07-28T14:27:11.657Z,2026-07-28 09:27:11.657,27160,6762df,y9d41p,0.7.3,fleet_logger_0_1,605700797,ESP32,esp32_die,on_chip,die_temp,,52.78,degC,OK,,,,,name=classic;source=esp32_die;cal=uncalibrated_board_proxy;api=temperatureRead;config_id=257fa022;transport=wifi_poll,
plants.soil,2026-07-28T14:27:42.189Z,2026-07-28 09:27:42.189,27161,6762df,y9d41p,0.7.3,fleet_logger_0_1,605730041,UMLIFE_v2_TLC555,ch0,origplant,soil_moisture,1590,,,OK,,,987.1,,name=classic;level=well watered;role=disp;spread=20;gpio=36;device_seq=80760;time_source=device_synced;device_timestamp_utc=2026-07-28T14:27:20.398Z;config_id=257fa022;rssi=-63;uptime_s=605730;heap=195908;cal_tier=channel-cal;cal_src=wet_rederive_1236_20260719;pressure_context_source=weather_openmeteo;transport=wifi_poll,
plants.soil,2026-07-28T14:27:42.189Z,2026-07-28 09:27:42.189,27162,6762df,y9d41p,0.7.3,fleet_logger_0_1,605730041,UMLIFE_v2_TLC555,ch1,origplant,soil_moisture,1725,,,OK,,,987.1,,name=classic;level=OK;role=disp;spread=39;gpio=39;device_seq=80761;time_source=device_synced;device_timestamp_utc=2026-07-28T14:27:20.398Z;config_id=257fa022;rssi=-63;uptime_s=605730;heap=195908;cal_tier=channel-cal;cal_src=wet_rederive_1236_20260719;pressure_context_source=weather_openmeteo;transport=wifi_poll,
plants.soil,2026-07-28T14:27:42.189Z,2026-07-28 09:27:42.189,27163,6762df,y9d41p,0.7.3,fleet_logger_0_1,605730041,UMLIFE_v2_TLC555,ch2,origplant,soil_moisture,1377,,,OK,,,987.1,,name=classic;level=overwatered;role=disp;spread=36;gpio=34;device_seq=80762;time_source=device_synced;device_timestamp_utc=2026-07-28T14:27:20.398Z;config_id=257fa022;rssi=-63;uptime_s=605730;heap=195908;cal_tier=channel-cal;cal_src=wet_rederive_1236_20260719;pressure_context_source=weather_openmeteo;transport=wifi_poll,
plants.soil,2026-07-28T14:27:42.189Z,2026-07-28 09:27:42.189,27164,6762df,y9d41p,0.7.3,fleet_logger_0_1,605730041,UMLIFE_v2_TLC555,ch3,origplant,soil_moisture,1465,,,OK,,,987.1,,name=classic;level=well watered;role=disp;spread=30;gpio=35;device_seq=80763;time_source=device_synced;device_timestamp_utc=2026-07-28T14:27:20.398Z;config_id=257fa022;rssi=-63;uptime_s=605730;heap=195908;cal_tier=channel-cal;cal_src=wet_rederive_1236_20260719;pressure_context_source=weather_openmeteo;transport=wifi_poll,
plants.env,2026-07-28T14:27:42.189Z,2026-07-28 09:27:42.189,27165,6762df,y9d41p,0.7.3,fleet_logger_0_1,605730797,ESP32,esp32_die,on_chip,die_temp,,51.67,degC,OK,,,,,name=classic;source=esp32_die;cal=uncalibrated_board_proxy;api=temperatureRead;config_id=257fa022;transport=wifi_poll,
plants.soil,2026-07-28T14:28:12.697Z,2026-07-28 09:28:12.697,27166,6762df,y9d41p,0.7.3,fleet_logger_0_1,605760041,UMLIFE_v2_TLC555,ch0,origplant,soil_moisture,1590,,,OK,,,987.1,,name=classic;level=well watered;role=disp;spread=54;gpio=36;device_seq=80764;time_source=device_synced;device_timestamp_utc=2026-07-28T14:27:50.398Z;config_id=257fa022;rssi=-63;uptime_s=605760;heap=195904;cal_tier=channel-cal;cal_src=wet_rederive_1236_20260719;pressure_context_source=weather_openmeteo;transport=wifi_poll,
plants.soil,2026-07-28T14:28:12.697Z,2026-07-28 09:28:12.697,27167,6762df,y9d41p,0.7.3,fleet_logger_0_1,605760041,UMLIFE_v2_TLC555,ch1,origplant,soil_moisture,1719,,,OK,,,987.1,,name=classic;level=OK;role=disp;spread=25;gpio=39;device_seq=80765;time_source=device_synced;device_timestamp_utc=2026-07-28T14:27:50.398Z;config_id=257fa022;rssi=-63;uptime_s=605760;heap=195904;cal_tier=channel-cal;cal_src=wet_rederive_1236_20260719;pressure_context_source=weather_openmeteo;transport=wifi_poll,
plants.soil,2026-07-28T14:28:12.697Z,2026-07-28 09:28:12.697,27168,6762df,y9d41p,0.7.3,fleet_logger_0_1,605760041,UMLIFE_v2_TLC555,ch2,origplant,soil_moisture,1377,,,OK,,,987.1,,name=classic;level=overwatered;role=disp;spread=34;gpio=34;device_seq=80766;time_source=device_synced;device_timestamp_utc=2026-07-28T14:27:50.398Z;config_id=257fa022;rssi=-63;uptime_s=605760;heap=195904;cal_tier=channel-cal;cal_src=wet_rederive_1236_20260719;pressure_context_source=weather_openmeteo;transport=wifi_poll,
plants.soil,2026-07-28T14:28:12.697Z,2026-07-28 09:28:12.697,27169,6762df,y9d41p,0.7.3,fleet_logger_0_1,605760041,UMLIFE_v2_TLC555,ch3,origplant,soil_moisture,1464,,,OK,,,987.1,,name=classic;level=well watered;role=disp;spread=25;gpio=35;device_seq=80767;time_source=device_synced;device_timestamp_utc=2026-07-28T14:27:50.398Z;config_id=257fa022;rssi=-63;uptime_s=605760;heap=195904;cal_tier=channel-cal;cal_src=wet_rederive_1236_20260719;pressure_context_source=weather_openmeteo;transport=wifi_poll,
plants.env,2026-07-28T14:28:12.697Z,2026-07-28 09:28:12.697,27170,6762df,y9d41p,0.7.3,fleet_logger_0_1,605760797,ESP32,esp32_die,on_chip,die_temp,,52.22,degC,OK,,,,,name=classic;source=esp32_die;cal=uncalibrated_board_proxy;api=temperatureRead;config_id=257fa022;transport=wifi_poll,
plants.soil,2026-07-28T14:28:43.320Z,2026-07-28 09:28:43.320,27171,6762df,y9d41p,0.7.3,fleet_logger_0_1,605790041,UMLIFE_v2_TLC555,ch0,origplant,soil_moisture,1591,,,OK,,,987.1,,name=classic;level=well watered;role=disp;spread=28;gpio=36;device_seq=80768;time_source=device_synced;device_timestamp_utc=2026-07-28T14:28:20.398Z;config_id=257fa022;rssi=-62;uptime_s=605790;heap=195908;cal_tier=channel-cal;cal_src=wet_rederive_1236_20260719;pressure_context_source=weather_openmeteo;transport=wifi_poll,
plants.soil,2026-07-28T14:28:43.320Z,2026-07-28 09:28:43.320,27172,6762df,y9d41p,0.7.3,fleet_logger_0_1,605790041,UMLIFE_v2_TLC555,ch1,origplant,soil_moisture,1725,,,OK,,,987.1,,name=classic;level=OK;role=disp;spread=15;gpio=39;device_seq=80769;time_source=device_synced;device_timestamp_utc=2026-07-28T14:28:20.398Z;config_id=257fa022;rssi=-62;uptime_s=605790;heap=195908;cal_tier=channel-cal;cal_src=wet_rederive_1236_20260719;pressure_context_source=weather_openmeteo;transport=wifi_poll,
plants.soil,2026-07-28T14:28:43.320Z,2026-07-28 09:28:43.320,27173,6762df,y9d41p,0.7.3,fleet_logger_0_1,605790041,UMLIFE_v2_TLC555,ch2,origplant,soil_moisture,1380,,,OK,,,987.1,,name=classic;level=overwatered;role=disp;spread=31;gpio=34;device_seq=80770;time_source=device_synced;device_timestamp_utc=2026-07-28T14:28:20.398Z;config_id=257fa022;rssi=-62;uptime_s=605790;heap=195908;cal_tier=channel-cal;cal_src=wet_rederive_1236_20260719;pressure_context_source=weather_openmeteo;transport=wifi_poll,
plants.soil,2026-07-28T14:28:43.320Z,2026-07-28 09:28:43.320,27174,6762df,y9d41p,0.7.3,fleet_logger_0_1,605790041,UMLIFE_v2_TLC555,ch3,origplant,soil_moisture,1462,,,OK,,,987.1,,name=classic;level=well watered;role=disp;spread=38;gpio=35;device_seq=80771;time_source=device_synced;device_timestamp_utc=2026-07-28T14:28:20.398Z;config_id=257fa022;rssi=-62;uptime_s=605790;heap=195908;cal_tier=channel-cal;cal_src=wet_rederive_1236_20260719;pressure_context_source=weather_openmeteo;transport=wifi_poll,
plants.env,2026-07-28T14:28:43.320Z,2026-07-28 09:28:43.320,27175,6762df,y9d41p,0.7.3,fleet_logger_0_1,605790797,ESP32,esp32_die,on_chip,die_temp,,52.78,degC,OK,,,,,name=classic;source=esp32_die;cal=uncalibrated_board_proxy;api=temperatureRead;config_id=257fa022;transport=wifi_poll,
plants.soil,2026-07-28T14:29:14.037Z,2026-07-28 09:29:14.037,27176,6762df,y9d41p,0.7.3,fleet_logger_0_1,605820041,UMLIFE_v2_TLC555,ch0,origplant,soil_moisture,1567,,,OK,,,987.1,,name=classic;level=well watered;role=disp;spread=39;gpio=36;device_seq=80772;time_source=device_synced;device_timestamp_utc=2026-07-28T14:28:50.398Z;config_id=257fa022;rssi=-63;uptime_s=605820;heap=195904;cal_tier=channel-cal;cal_src=wet_rederive_1236_20260719;pressure_context_source=weather_openmeteo;transport=wifi_poll,
plants.soil,2026-07-28T14:29:14.037Z,2026-07-28 09:29:14.037,27177,6762df,y9d41p,0.7.3,fleet_logger_0_1,605820041,UMLIFE_v2_TLC555,ch1,origplant,soil_moisture,1697,,,OK,,,987.1,,name=classic;level=OK;role=disp;spread=50;gpio=39;device_seq=80773;time_source=device_synced;device_timestamp_utc=2026-07-28T14:28:50.398Z;config_id=257fa022;rssi=-63;uptime_s=605820;heap=195904;cal_tier=channel-cal;cal_src=wet_rederive_1236_20260719;pressure_context_source=weather_openmeteo;transport=wifi_poll,
plants.soil,2026-07-28T14:29:14.037Z,2026-07-28 09:29:14.037,27178,6762df,y9d41p,0.7.3,fleet_logger_0_1,605820041,UMLIFE_v2_TLC555,ch2,origplant,soil_moisture,1349,,,OK,,,987.1,,name=classic;level=overwatered;role=disp;spread=66;gpio=34;device_seq=80774;time_source=device_synced;device_timestamp_utc=2026-07-28T14:28:50.398Z;config_id=257fa022;rssi=-63;uptime_s=605820;heap=195904;cal_tier=channel-cal;cal_src=wet_rederive_1236_20260719;pressure_context_source=weather_openmeteo;transport=wifi_poll,
plants.soil,2026-07-28T14:29:14.037Z,2026-07-28 09:29:14.037,27179,6762df,y9d41p,0.7.3,fleet_logger_0_1,605820041,UMLIFE_v2_TLC555,ch3,origplant,soil_moisture,1436,,,OK,,,987.1,,name=classic;level=well watered;role=disp;spread=35;gpio=35;device_seq=80775;time_source=device_synced;device_timestamp_utc=2026-07-28T14:28:50.398Z;config_id=257fa022;rssi=-63;uptime_s=605820;heap=195904;cal_tier=channel-cal;cal_src=wet_rederive_1236_20260719;pressure_context_source=weather_openmeteo;transport=wifi_poll,
plants.env,2026-07-28T14:29:14.037Z,2026-07-28 09:29:14.037,27180,6762df,y9d41p,0.7.3,fleet_logger_0_1,605820797,ESP32,esp32_die,on_chip,die_temp,,52.78,degC,OK,,,,,name=classic;source=esp32_die;cal=uncalibrated_board_proxy;api=temperatureRead;config_id=257fa022;transport=wifi_poll,
plants.soil,2026-07-28T14:29:46.399Z,2026-07-28 09:29:46.399,27181,6762df,y9d41p,0.7.3,fleet_logger_0_1,605850041,UMLIFE_v2_TLC555,ch0,origplant,soil_moisture,1593,,,OK,,,987.1,,name=classic;level=well watered;role=disp;spread=37;gpio=36;device_seq=80776;time_source=device_synced;device_timestamp_utc=2026-07-28T14:29:20.398Z;config_id=257fa022;rssi=-61;uptime_s=605850;heap=195640;cal_tier=channel-cal;cal_src=wet_rederive_1236_20260719;pressure_context_source=weather_openmeteo;transport=wifi_poll,
plants.soil,2026-07-28T14:29:46.399Z,2026-07-28 09:29:46.399,27182,6762df,y9d41p,0.7.3,fleet_logger_0_1,605850041,UMLIFE_v2_TLC555,ch1,origplant,soil_moisture,1730,,,OK,,,987.1,,name=classic;level=OK;role=disp;spread=27;gpio=39;device_seq=80777;time_source=device_synced;device_timestamp_utc=2026-07-28T14:29:20.398Z;config_id=257fa022;rssi=-61;uptime_s=605850;heap=195640;cal_tier=channel-cal;cal_src=wet_rederive_1236_20260719;pressure_context_source=weather_openmeteo;transport=wifi_poll,
plants.soil,2026-07-28T14:29:46.399Z,2026-07-28 09:29:46.399,27183,6762df,y9d41p,0.7.3,fleet_logger_0_1,605850041,UMLIFE_v2_TLC555,ch2,origplant,soil_moisture,1379,,,OK,,,987.1,,name=classic;level=overwatered;role=disp;spread=48;gpio=34;device_seq=80778;time_source=device_synced;device_timestamp_utc=2026-07-28T14:29:20.398Z;config_id=257fa022;rssi=-61;uptime_s=605850;heap=195640;cal_tier=channel-cal;cal_src=wet_rederive_1236_20260719;pressure_context_source=weather_openmeteo;transport=wifi_poll,
plants.soil,2026-07-28T14:29:46.399Z,2026-07-28 09:29:46.399,27184,6762df,y9d41p,0.7.3,fleet_logger_0_1,605850041,UMLIFE_v2_TLC555,ch3,origplant,soil_moisture,1462,,,OK,,,987.1,,name=classic;level=well watered;role=disp;spread=32;gpio=35;device_seq=80779;time_source=device_synced;device_timestamp_utc=2026-07-28T14:29:20.398Z;config_id=257fa022;rssi=-61;uptime_s=605850;heap=195640;cal_tier=channel-cal;cal_src=wet_rederive_1236_20260719;pressure_context_source=weather_openmeteo;transport=wifi_poll,
plants.env,2026-07-28T14:29:46.399Z,2026-07-28 09:29:46.399,27185,6762df,y9d41p,0.7.3,fleet_logger_0_1,605850797,ESP32,esp32_die,on_chip,die_temp,,52.22,degC,OK,,,,,name=classic;source=esp32_die;cal=uncalibrated_board_proxy;api=temperatureRead;config_id=257fa022;transport=wifi_poll,
plants.soil,2026-07-28T14:30:17.731Z,2026-07-28 09:30:17.731,27186,6762df,y9d41p,0.7.3,fleet_logger_0_1,605880041,UMLIFE_v2_TLC555,ch0,origplant,soil_moisture,1592,,,OK,,,987.1,,name=classic;level=well watered;role=disp;spread=52;gpio=36;device_seq=80780;time_source=device_synced;device_timestamp_utc=2026-07-28T14:29:50.398Z;config_id=257fa022;rssi=-63;uptime_s=605880;heap=195640;cal_tier=channel-cal;cal_src=wet_rederive_1236_20260719;pressure_context_source=weather_openmeteo;transport=wifi_poll,
plants.soil,2026-07-28T14:30:17.731Z,2026-07-28 09:30:17.731,27187,6762df,y9d41p,0.7.3,fleet_logger_0_1,605880041,UMLIFE_v2_TLC555,ch1,origplant,soil_moisture,1724,,,OK,,,987.1,,name=classic;level=OK;role=disp;spread=12;gpio=39;device_seq=80781;time_source=device_synced;device_timestamp_utc=2026-07-28T14:29:50.398Z;config_id=257fa022;rssi=-63;uptime_s=605880;heap=195640;cal_tier=channel-cal;cal_src=wet_rederive_1236_20260719;pressure_context_source=weather_openmeteo;transport=wifi_poll,
plants.soil,2026-07-28T14:30:17.731Z,2026-07-28 09:30:17.731,27188,6762df,y9d41p,0.7.3,fleet_logger_0_1,605880041,UMLIFE_v2_TLC555,ch2,origplant,soil_moisture,1379,,,OK,,,987.1,,name=classic;level=overwatered;role=disp;spread=47;gpio=34;device_seq=80782;time_source=device_synced;device_timestamp_utc=2026-07-28T14:29:50.398Z;config_id=257fa022;rssi=-63;uptime_s=605880;heap=195640;cal_tier=channel-cal;cal_src=wet_rederive_1236_20260719;pressure_context_source=weather_openmeteo;transport=wifi_poll,
plants.soil,2026-07-28T14:30:17.731Z,2026-07-28 09:30:17.731,27189,6762df,y9d41p,0.7.3,fleet_logger_0_1,605880041,UMLIFE_v2_TLC555,ch3,origplant,soil_moisture,1461,,,OK,,,987.1,,name=classic;level=well watered;role=disp;spread=19;gpio=35;device_seq=80783;time_source=device_synced;device_timestamp_utc=2026-07-28T14:29:50.398Z;config_id=257fa022;rssi=-63;uptime_s=605880;heap=195640;cal_tier=channel-cal;cal_src=wet_rederive_1236_20260719;pressure_context_source=weather_openmeteo;transport=wifi_poll,
plants.env,2026-07-28T14:30:17.731Z,2026-07-28 09:30:17.731,27190,6762df,y9d41p,0.7.3,fleet_logger_0_1,605880797,ESP32,esp32_die,on_chip,die_temp,,52.78,degC,OK,,,,,name=classic;source=esp32_die;cal=uncalibrated_board_proxy;api=temperatureRead;config_id=257fa022;transport=wifi_poll,
plants.soil,2026-07-28T14:30:48.453Z,2026-07-28 09:30:48.453,27191,6762df,y9d41p,0.7.3,fleet_logger_0_1,605910041,UMLIFE_v2_TLC555,ch0,origplant,soil_moisture,1593,,,OK,,,987.1,,name=classic;level=well watered;role=disp;spread=38;gpio=36;device_seq=80784;time_source=device_synced;device_timestamp_utc=2026-07-28T14:30:20.398Z;config_id=257fa022;rssi=-61;uptime_s=605910;heap=195900;cal_tier=channel-cal;cal_src=wet_rederive_1236_20260719;pressure_context_source=weather_openmeteo;transport=wifi_poll,
plants.soil,2026-07-28T14:30:48.453Z,2026-07-28 09:30:48.453,27192,6762df,y9d41p,0.7.3,fleet_logger_0_1,605910041,UMLIFE_v2_TLC555,ch1,origplant,soil_moisture,1721,,,OK,,,987.1,,name=classic;level=OK;role=disp;spread=23;gpio=39;device_seq=80785;time_source=device_synced;device_timestamp_utc=2026-07-28T14:30:20.398Z;config_id=257fa022;rssi=-61;uptime_s=605910;heap=195900;cal_tier=channel-cal;cal_src=wet_rederive_1236_20260719;pressure_context_source=weather_openmeteo;transport=wifi_poll,
plants.soil,2026-07-28T14:30:48.453Z,2026-07-28 09:30:48.453,27193,6762df,y9d41p,0.7.3,fleet_logger_0_1,605910041,UMLIFE_v2_TLC555,ch2,origplant,soil_moisture,1377,,,OK,,,987.1,,name=classic;level=overwatered;role=disp;spread=7;gpio=34;device_seq=80786;time_source=device_synced;device_timestamp_utc=2026-07-28T14:30:20.398Z;config_id=257fa022;rssi=-61;uptime_s=605910;heap=195900;cal_tier=channel-cal;cal_src=wet_rederive_1236_20260719;pressure_context_source=weather_openmeteo;transport=wifi_poll,
plants.soil,2026-07-28T14:30:48.453Z,2026-07-28 09:30:48.453,27194,6762df,y9d41p,0.7.3,fleet_logger_0_1,605910041,UMLIFE_v2_TLC555,ch3,origplant,soil_moisture,1462,,,OK,,,987.1,,name=classic;level=well watered;role=disp;spread=32;gpio=35;device_seq=80787;time_source=device_synced;device_timestamp_utc=2026-07-28T14:30:20.398Z;config_id=257fa022;rssi=-61;uptime_s=605910;heap=195900;cal_tier=channel-cal;cal_src=wet_rederive_1236_20260719;pressure_context_source=weather_openmeteo;transport=wifi_poll,
plants.env,2026-07-28T14:30:48.453Z,2026-07-28 09:30:48.453,27195,6762df,y9d41p,0.7.3,fleet_logger_0_1,605910797,ESP32,esp32_die,on_chip,die_temp,,52.78,degC,OK,,,,,name=classic;source=esp32_die;cal=uncalibrated_board_proxy;api=temperatureRead;config_id=257fa022;transport=wifi_poll,
plants.soil,2026-07-28T14:31:19.277Z,2026-07-28 09:31:19.277,27196,6762df,y9d41p,0.7.3,fleet_logger_0_1,605940041,UMLIFE_v2_TLC555,ch0,origplant,soil_moisture,1593,,,OK,,,987.1,,name=classic;level=well watered;role=disp;spread=29;gpio=36;device_seq=80788;time_source=device_synced;device_timestamp_utc=2026-07-28T14:30:50.398Z;config_id=257fa022;rssi=-62;uptime_s=605940;heap=195896;cal_tier=channel-cal;cal_src=wet_rederive_1236_20260719;pressure_context_source=weather_openmeteo;transport=wifi_poll,
plants.soil,2026-07-28T14:31:19.277Z,2026-07-28 09:31:19.277,27197,6762df,y9d41p,0.7.3,fleet_logger_0_1,605940041,UMLIFE_v2_TLC555,ch1,origplant,soil_moisture,1726,,,OK,,,987.1,,name=classic;level=OK;role=disp;spread=38;gpio=39;device_seq=80789;time_source=device_synced;device_timestamp_utc=2026-07-28T14:30:50.398Z;config_id=257fa022;rssi=-62;uptime_s=605940;heap=195896;cal_tier=channel-cal;cal_src=wet_rederive_1236_20260719;pressure_context_source=weather_openmeteo;transport=wifi_poll,
plants.soil,2026-07-28T14:31:19.277Z,2026-07-28 09:31:19.277,27198,6762df,y9d41p,0.7.3,fleet_logger_0_1,605940041,UMLIFE_v2_TLC555,ch2,origplant,soil_moisture,1380,,,OK,,,987.1,,name=classic;level=overwatered;role=disp;spread=65;gpio=34;device_seq=80790;time_source=device_synced;device_timestamp_utc=2026-07-28T14:30:50.398Z;config_id=257fa022;rssi=-62;uptime_s=605940;heap=195896;cal_tier=channel-cal;cal_src=wet_rederive_1236_20260719;pressure_context_source=weather_openmeteo;transport=wifi_poll,
plants.soil,2026-07-28T14:31:19.277Z,2026-07-28 09:31:19.277,27199,6762df,y9d41p,0.7.3,fleet_logger_0_1,605940041,UMLIFE_v2_TLC555,ch3,origplant,soil_moisture,1460,,,OK,,,987.1,,name=classic;level=well watered;role=disp;spread=23;gpio=35;device_seq=80791;time_source=device_synced;device_timestamp_utc=2026-07-28T14:30:50.398Z;config_id=257fa022;rssi=-62;uptime_s=605940;heap=195896;cal_tier=channel-cal;cal_src=wet_rederive_1236_20260719;pressure_context_source=weather_openmeteo;transport=wifi_poll,
plants.env,2026-07-28T14:31:19.277Z,2026-07-28 09:31:19.277,27200,6762df,y9d41p,0.7.3,fleet_logger_0_1,605940797,ESP32,esp32_die,on_chip,die_temp,,53.33,degC,OK,,,,,name=classic;source=esp32_die;cal=uncalibrated_board_proxy;api=temperatureRead;config_id=257fa022;transport=wifi_poll,
plants.soil,2026-07-28T14:31:50.108Z,2026-07-28 09:31:50.108,27201,6762df,y9d41p,0.7.3,fleet_logger_0_1,605970041,UMLIFE_v2_TLC555,ch0,origplant,soil_moisture,1593,,,OK,,,987.1,,name=classic;level=well watered;role=disp;spread=12;gpio=36;device_seq=80792;time_source=device_synced;device_timestamp_utc=2026-07-28T14:31:20.398Z;config_id=257fa022;rssi=-62;uptime_s=605970;heap=195904;cal_tier=channel-cal;cal_src=wet_rederive_1236_20260719;pressure_context_source=weather_openmeteo;transport=wifi_poll,
plants.soil,2026-07-28T14:31:50.108Z,2026-07-28 09:31:50.108,27202,6762df,y9d41p,0.7.3,fleet_logger_0_1,605970041,UMLIFE_v2_TLC555,ch1,origplant,soil_moisture,1728,,,OK,,,987.1,,name=classic;level=OK;role=disp;spread=48;gpio=39;device_seq=80793;time_source=device_synced;device_timestamp_utc=2026-07-28T14:31:20.398Z;config_id=257fa022;rssi=-62;uptime_s=605970;heap=195904;cal_tier=channel-cal;cal_src=wet_rederive_1236_20260719;pressure_context_source=weather_openmeteo;transport=wifi_poll,
plants.soil,2026-07-28T14:31:50.108Z,2026-07-28 09:31:50.108,27203,6762df,y9d41p,0.7.3,fleet_logger_0_1,605970041,UMLIFE_v2_TLC555,ch2,origplant,soil_moisture,1374,,,OK,,,987.1,,name=classic;level=overwatered;role=disp;spread=31;gpio=34;device_seq=80794;time_source=device_synced;device_timestamp_utc=2026-07-28T14:31:20.398Z;config_id=257fa022;rssi=-62;uptime_s=605970;heap=195904;cal_tier=channel-cal;cal_src=wet_rederive_1236_20260719;pressure_context_source=weather_openmeteo;transport=wifi_poll,
plants.soil,2026-07-28T14:31:50.108Z,2026-07-28 09:31:50.108,27204,6762df,y9d41p,0.7.3,fleet_logger_0_1,605970041,UMLIFE_v2_TLC555,ch3,origplant,soil_moisture,1461,,,OK,,,987.1,,name=classic;level=well watered;role=disp;spread=21;gpio=35;device_seq=80795;time_source=device_synced;device_timestamp_utc=2026-07-28T14:31:20.398Z;config_id=257fa022;rssi=-62;uptime_s=605970;heap=195904;cal_tier=channel-cal;cal_src=wet_rederive_1236_20260719;pressure_context_source=weather_openmeteo;transport=wifi_poll,
plants.env,2026-07-28T14:31:50.108Z,2026-07-28 09:31:50.108,27205,6762df,y9d41p,0.7.3,fleet_logger_0_1,605970797,ESP32,esp32_die,on_chip,die_temp,,53.33,degC,OK,,,,,name=classic;source=esp32_die;cal=uncalibrated_board_proxy;api=temperatureRead;config_id=257fa022;transport=wifi_poll,
plants.soil,2026-07-28T14:32:21.434Z,2026-07-28 09:32:21.434,27206,6762df,y9d41p,0.7.3,fleet_logger_0_1,606030041,UMLIFE_v2_TLC555,ch0,origplant,soil_moisture,1591,,,OK,,,987.1,,name=classic;level=well watered;role=disp;spread=22;gpio=36;device_seq=80800;time_source=device_synced;device_timestamp_utc=2026-07-28T14:32:20.398Z;config_id=257fa022;rssi=-63;uptime_s=606030;heap=195904;cal_tier=channel-cal;cal_src=wet_rederive_1236_20260719;pressure_context_source=weather_openmeteo;transport=wifi_poll,
plants.soil,2026-07-28T14:32:21.434Z,2026-07-28 09:32:21.434,27207,6762df,y9d41p,0.7.3,fleet_logger_0_1,606030041,UMLIFE_v2_TLC555,ch1,origplant,soil_moisture,1720,,,OK,,,987.1,,name=classic;level=OK;role=disp;spread=60;gpio=39;device_seq=80801;time_source=device_synced;device_timestamp_utc=2026-07-28T14:32:20.398Z;config_id=257fa022;rssi=-63;uptime_s=606030;heap=195904;cal_tier=channel-cal;cal_src=wet_rederive_1236_20260719;pressure_context_source=weather_openmeteo;transport=wifi_poll,
plants.soil,2026-07-28T14:32:21.434Z,2026-07-28 09:32:21.434,27208,6762df,y9d41p,0.7.3,fleet_logger_0_1,606030041,UMLIFE_v2_TLC555,ch2,origplant,soil_moisture,1379,,,OK,,,987.1,,name=classic;level=overwatered;role=disp;spread=34;gpio=34;device_seq=80802;time_source=device_synced;device_timestamp_utc=2026-07-28T14:32:20.398Z;config_id=257fa022;rssi=-63;uptime_s=606030;heap=195904;cal_tier=channel-cal;cal_src=wet_rederive_1236_20260719;pressure_context_source=weather_openmeteo;transport=wifi_poll,
plants.soil,2026-07-28T14:32:21.434Z,2026-07-28 09:32:21.434,27209,6762df,y9d41p,0.7.3,fleet_logger_0_1,606030041,UMLIFE_v2_TLC555,ch3,origplant,soil_moisture,1466,,,OK,,,987.1,,name=classic;level=well watered;role=disp;spread=26;gpio=35;device_seq=80803;time_source=device_synced;device_timestamp_utc=2026-07-28T14:32:20.398Z;config_id=257fa022;rssi=-63;uptime_s=606030;heap=195904;cal_tier=channel-cal;cal_src=wet_rederive_1236_20260719;pressure_context_source=weather_openmeteo;transport=wifi_poll,
plants.env,2026-07-28T14:32:21.434Z,2026-07-28 09:32:21.434,27210,6762df,y9d41p,0.7.3,fleet_logger_0_1,606030797,ESP32,esp32_die,on_chip,die_temp,,53.33,degC,OK,,,,,name=classic;source=esp32_die;cal=uncalibrated_board_proxy;api=temperatureRead;config_id=257fa022;transport=wifi_poll,
plants.soil,2026-07-28T14:32:52.974Z,2026-07-28 09:32:52.974,27211,6762df,y9d41p,0.7.3,fleet_logger_0_1,606060041,UMLIFE_v2_TLC555,ch0,origplant,soil_moisture,1584,,,OK,,,987.1,,name=classic;level=well watered;role=disp;spread=10;gpio=36;device_seq=80804;time_source=device_synced;device_timestamp_utc=2026-07-28T14:32:50.398Z;config_id=257fa022;rssi=-61;uptime_s=606060;heap=195112;cal_tier=channel-cal;cal_src=wet_rederive_1236_20260719;pressure_context_source=weather_openmeteo;transport=wifi_poll,
plants.soil,2026-07-28T14:32:52.974Z,2026-07-28 09:32:52.974,27212,6762df,y9d41p,0.7.3,fleet_logger_0_1,606060041,UMLIFE_v2_TLC555,ch1,origplant,soil_moisture,1715,,,OK,,,987.1,,name=classic;level=OK;role=disp;spread=55;gpio=39;device_seq=80805;time_source=device_synced;device_timestamp_utc=2026-07-28T14:32:50.398Z;config_id=257fa022;rssi=-61;uptime_s=606060;heap=195112;cal_tier=channel-cal;cal_src=wet_rederive_1236_20260719;pressure_context_source=weather_openmeteo;transport=wifi_poll,
plants.soil,2026-07-28T14:32:52.974Z,2026-07-28 09:32:52.974,27213,6762df,y9d41p,0.7.3,fleet_logger_0_1,606060041,UMLIFE_v2_TLC555,ch2,origplant,soil_moisture,1376,,,OK,,,987.1,,name=classic;level=overwatered;role=disp;spread=50;gpio=34;device_seq=80806;time_source=device_synced;device_timestamp_utc=2026-07-28T14:32:50.398Z;config_id=257fa022;rssi=-61;uptime_s=606060;heap=195112;cal_tier=channel-cal;cal_src=wet_rederive_1236_20260719;pressure_context_source=weather_openmeteo;transport=wifi_poll,
plants.soil,2026-07-28T14:32:52.974Z,2026-07-28 09:32:52.974,27214,6762df,y9d41p,0.7.3,fleet_logger_0_1,606060041,UMLIFE_v2_TLC555,ch3,origplant,soil_moisture,1463,,,OK,,,987.1,,name=classic;level=well watered;role=disp;spread=24;gpio=35;device_seq=80807;time_source=device_synced;device_timestamp_utc=2026-07-28T14:32:50.398Z;config_id=257fa022;rssi=-61;uptime_s=606060;heap=195112;cal_tier=channel-cal;cal_src=wet_rederive_1236_20260719;pressure_context_source=weather_openmeteo;transport=wifi_poll,
plants.env,2026-07-28T14:32:52.974Z,2026-07-28 09:32:52.974,27215,6762df,y9d41p,0.7.3,fleet_logger_0_1,606060797,ESP32,esp32_die,on_chip,die_temp,,52.78,degC,OK,,,,,name=classic;source=esp32_die;cal=uncalibrated_board_proxy;api=temperatureRead;config_id=257fa022;transport=wifi_poll,
plants.soil,2026-07-28T14:33:23.687Z,2026-07-28 09:33:23.687,27216,6762df,y9d41p,0.7.3,fleet_logger_0_1,606090041,UMLIFE_v2_TLC555,ch0,origplant,soil_moisture,1593,,,OK,,,987.1,,name=classic;level=well watered;role=disp;spread=30;gpio=36;device_seq=80808;time_source=device_synced;device_timestamp_utc=2026-07-28T14:33:20.398Z;config_id=257fa022;rssi=-62;uptime_s=606090;heap=195116;cal_tier=channel-cal;cal_src=wet_rederive_1236_20260719;pressure_context_source=weather_openmeteo;transport=wifi_poll,
plants.soil,2026-07-28T14:33:23.687Z,2026-07-28 09:33:23.687,27217,6762df,y9d41p,0.7.3,fleet_logger_0_1,606090041,UMLIFE_v2_TLC555,ch1,origplant,soil_moisture,1717,,,OK,,,987.1,,name=classic;level=OK;role=disp;spread=35;gpio=39;device_seq=80809;time_source=device_synced;device_timestamp_utc=2026-07-28T14:33:20.398Z;config_id=257fa022;rssi=-62;uptime_s=606090;heap=195116;cal_tier=channel-cal;cal_src=wet_rederive_1236_20260719;pressure_context_source=weather_openmeteo;transport=wifi_poll,
plants.soil,2026-07-28T14:33:23.687Z,2026-07-28 09:33:23.687,27218,6762df,y9d41p,0.7.3,fleet_logger_0_1,606090041,UMLIFE_v2_TLC555,ch2,origplant,soil_moisture,1378,,,OK,,,987.1,,name=classic;level=overwatered;role=disp;spread=23;gpio=34;device_seq=80810;time_source=device_synced;device_timestamp_utc=2026-07-28T14:33:20.398Z;config_id=257fa022;rssi=-62;uptime_s=606090;heap=195116;cal_tier=channel-cal;cal_src=wet_rederive_1236_20260719;pressure_context_source=weather_openmeteo;transport=wifi_poll,
plants.soil,2026-07-28T14:33:23.687Z,2026-07-28 09:33:23.687,27219,6762df,y9d41p,0.7.3,fleet_logger_0_1,606090041,UMLIFE_v2_TLC555,ch3,origplant,soil_moisture,1467,,,OK,,,987.1,,name=classic;level=well watered;role=disp;spread=26;gpio=35;device_seq=80811;time_source=device_synced;device_timestamp_utc=2026-07-28T14:33:20.398Z;config_id=257fa022;rssi=-62;uptime_s=606090;heap=195116;cal_tier=channel-cal;cal_src=wet_rederive_1236_20260719;pressure_context_source=weather_openmeteo;transport=wifi_poll,
plants.env,2026-07-28T14:33:23.687Z,2026-07-28 09:33:23.687,27220,6762df,y9d41p,0.7.3,fleet_logger_0_1,606090797,ESP32,esp32_die,on_chip,die_temp,,52.78,degC,OK,,,,,name=classic;source=esp32_die;cal=uncalibrated_board_proxy;api=temperatureRead;config_id=257fa022;transport=wifi_poll,
plants.soil,2026-07-28T14:33:54.107Z,2026-07-28 09:33:54.107,27221,6762df,y9d41p,0.7.3,fleet_logger_0_1,606120041,UMLIFE_v2_TLC555,ch0,origplant,soil_moisture,1590,,,OK,,,987.1,,name=classic;level=well watered;role=disp;spread=36;gpio=36;device_seq=80812;time_source=device_synced;device_timestamp_utc=2026-07-28T14:33:50.398Z;config_id=257fa022;rssi=-63;uptime_s=606120;heap=194332;cal_tier=channel-cal;cal_src=wet_rederive_1236_20260719;pressure_context_source=weather_openmeteo;transport=wifi_poll,
plants.soil,2026-07-28T14:33:54.107Z,2026-07-28 09:33:54.107,27222,6762df,y9d41p,0.7.3,fleet_logger_0_1,606120041,UMLIFE_v2_TLC555,ch1,origplant,soil_moisture,1721,,,OK,,,987.1,,name=classic;level=OK;role=disp;spread=19;gpio=39;device_seq=80813;time_source=device_synced;device_timestamp_utc=2026-07-28T14:33:50.398Z;config_id=257fa022;rssi=-63;uptime_s=606120;heap=194332;cal_tier=channel-cal;cal_src=wet_rederive_1236_20260719;pressure_context_source=weather_openmeteo;transport=wifi_poll,
plants.soil,2026-07-28T14:33:54.107Z,2026-07-28 09:33:54.107,27223,6762df,y9d41p,0.7.3,fleet_logger_0_1,606120041,UMLIFE_v2_TLC555,ch2,origplant,soil_moisture,1381,,,OK,,,987.1,,name=classic;level=overwatered;role=disp;spread=52;gpio=34;device_seq=80814;time_source=device_synced;device_timestamp_utc=2026-07-28T14:33:50.398Z;config_id=257fa022;rssi=-63;uptime_s=606120;heap=194332;cal_tier=channel-cal;cal_src=wet_rederive_1236_20260719;pressure_context_source=weather_openmeteo;transport=wifi_poll,
plants.soil,2026-07-28T14:33:54.107Z,2026-07-28 09:33:54.107,27224,6762df,y9d41p,0.7.3,fleet_logger_0_1,606120041,UMLIFE_v2_TLC555,ch3,origplant,soil_moisture,1464,,,OK,,,987.1,,name=classic;level=well watered;role=disp;spread=20;gpio=35;device_seq=80815;time_source=device_synced;device_timestamp_utc=2026-07-28T14:33:50.398Z;config_id=257fa022;rssi=-63;uptime_s=606120;heap=194332;cal_tier=channel-cal;cal_src=wet_rederive_1236_20260719;pressure_context_source=weather_openmeteo;transport=wifi_poll,
plants.env,2026-07-28T14:33:54.107Z,2026-07-28 09:33:54.107,27225,6762df,y9d41p,0.7.3,fleet_logger_0_1,606120797,ESP32,esp32_die,on_chip,die_temp,,53.33,degC,OK,,,,,name=classic;source=esp32_die;cal=uncalibrated_board_proxy;api=temperatureRead;config_id=257fa022;transport=wifi_poll,
plants.soil,2026-07-28T14:34:24.722Z,2026-07-28 09:34:24.722,27226,6762df,y9d41p,0.7.3,fleet_logger_0_1,606150041,UMLIFE_v2_TLC555,ch0,origplant,soil_moisture,1589,,,OK,,,987.1,,name=classic;level=well watered;role=disp;spread=39;gpio=36;device_seq=80816;time_source=device_synced;device_timestamp_utc=2026-07-28T14:34:20.398Z;config_id=257fa022;rssi=-61;uptime_s=606150;heap=194076;cal_tier=channel-cal;cal_src=wet_rederive_1236_20260719;pressure_context_source=weather_openmeteo;transport=wifi_poll,
plants.soil,2026-07-28T14:34:24.722Z,2026-07-28 09:34:24.722,27227,6762df,y9d41p,0.7.3,fleet_logger_0_1,606150041,UMLIFE_v2_TLC555,ch1,origplant,soil_moisture,1728,,,OK,,,987.1,,name=classic;level=OK;role=disp;spread=33;gpio=39;device_seq=80817;time_source=device_synced;device_timestamp_utc=2026-07-28T14:34:20.398Z;config_id=257fa022;rssi=-61;uptime_s=606150;heap=194076;cal_tier=channel-cal;cal_src=wet_rederive_1236_20260719;pressure_context_source=weather_openmeteo;transport=wifi_poll,
plants.soil,2026-07-28T14:34:24.722Z,2026-07-28 09:34:24.722,27228,6762df,y9d41p,0.7.3,fleet_logger_0_1,606150041,UMLIFE_v2_TLC555,ch2,origplant,soil_moisture,1378,,,OK,,,987.1,,name=classic;level=overwatered;role=disp;spread=54;gpio=34;device_seq=80818;time_source=device_synced;device_timestamp_utc=2026-07-28T14:34:20.398Z;config_id=257fa022;rssi=-61;uptime_s=606150;heap=194076;cal_tier=channel-cal;cal_src=wet_rederive_1236_20260719;pressure_context_source=weather_openmeteo;transport=wifi_poll,
plants.soil,2026-07-28T14:34:24.722Z,2026-07-28 09:34:24.722,27229,6762df,y9d41p,0.7.3,fleet_logger_0_1,606150041,UMLIFE_v2_TLC555,ch3,origplant,soil_moisture,1463,,,OK,,,987.1,,name=classic;level=well watered;role=disp;spread=33;gpio=35;device_seq=80819;time_source=device_synced;device_timestamp_utc=2026-07-28T14:34:20.398Z;config_id=257fa022;rssi=-61;uptime_s=606150;heap=194076;cal_tier=channel-cal;cal_src=wet_rederive_1236_20260719;pressure_context_source=weather_openmeteo;transport=wifi_poll,
plants.env,2026-07-28T14:34:24.722Z,2026-07-28 09:34:24.722,27230,6762df,y9d41p,0.7.3,fleet_logger_0_1,606150797,ESP32,esp32_die,on_chip,die_temp,,52.78,degC,OK,,,,,name=classic;source=esp32_die;cal=uncalibrated_board_proxy;api=temperatureRead;config_id=257fa022;transport=wifi_poll,
plants.soil,2026-07-28T14:34:55.753Z,2026-07-28 09:34:55.753,27231,6762df,y9d41p,0.7.3,fleet_logger_0_1,606180041,UMLIFE_v2_TLC555,ch0,origplant,soil_moisture,1588,,,OK,,,987.1,,name=classic;level=well watered;role=disp;spread=37;gpio=36;device_seq=80820;time_source=device_synced;device_timestamp_utc=2026-07-28T14:34:50.398Z;config_id=257fa022;rssi=-63;uptime_s=606180;heap=193812;cal_tier=channel-cal;cal_src=wet_rederive_1236_20260719;pressure_context_source=weather_openmeteo;transport=wifi_poll,
plants.soil,2026-07-28T14:34:55.753Z,2026-07-28 09:34:55.753,27232,6762df,y9d41p,0.7.3,fleet_logger_0_1,606180041,UMLIFE_v2_TLC555,ch1,origplant,soil_moisture,1724,,,OK,,,987.1,,name=classic;level=OK;role=disp;spread=22;gpio=39;device_seq=80821;time_source=device_synced;device_timestamp_utc=2026-07-28T14:34:50.398Z;config_id=257fa022;rssi=-63;uptime_s=606180;heap=193812;cal_tier=channel-cal;cal_src=wet_rederive_1236_20260719;pressure_context_source=weather_openmeteo;transport=wifi_poll,
plants.soil,2026-07-28T14:34:55.753Z,2026-07-28 09:34:55.753,27233,6762df,y9d41p,0.7.3,fleet_logger_0_1,606180041,UMLIFE_v2_TLC555,ch2,origplant,soil_moisture,1376,,,OK,,,987.1,,name=classic;level=overwatered;role=disp;spread=53;gpio=34;device_seq=80822;time_source=device_synced;device_timestamp_utc=2026-07-28T14:34:50.398Z;config_id=257fa022;rssi=-63;uptime_s=606180;heap=193812;cal_tier=channel-cal;cal_src=wet_rederive_1236_20260719;pressure_context_source=weather_openmeteo;transport=wifi_poll,
plants.soil,2026-07-28T14:34:55.753Z,2026-07-28 09:34:55.753,27234,6762df,y9d41p,0.7.3,fleet_logger_0_1,606180041,UMLIFE_v2_TLC555,ch3,origplant,soil_moisture,1462,,,OK,,,987.1,,name=classic;level=well watered;role=disp;spread=34;gpio=35;device_seq=80823;time_source=device_synced;device_timestamp_utc=2026-07-28T14:34:50.398Z;config_id=257fa022;rssi=-63;uptime_s=606180;heap=193812;cal_tier=channel-cal;cal_src=wet_rederive_1236_20260719;pressure_context_source=weather_openmeteo;transport=wifi_poll,
plants.env,2026-07-28T14:34:55.753Z,2026-07-28 09:34:55.753,27235,6762df,y9d41p,0.7.3,fleet_logger_0_1,606180797,ESP32,esp32_die,on_chip,die_temp,,53.33,degC,OK,,,,,name=classic;source=esp32_die;cal=uncalibrated_board_proxy;api=temperatureRead;config_id=257fa022;transport=wifi_poll,
plants.soil,2026-07-28T14:35:26.233Z,2026-07-28 09:35:26.233,27236,6762df,y9d41p,0.7.3,fleet_logger_0_1,606210041,UMLIFE_v2_TLC555,ch0,origplant,soil_moisture,1594,,,OK,,,987.1,,name=classic;level=well watered;role=disp;spread=16;gpio=36;device_seq=80824;time_source=device_synced;device_timestamp_utc=2026-07-28T14:35:20.398Z;config_id=257fa022;rssi=-62;uptime_s=606210;heap=193520;cal_tier=channel-cal;cal_src=wet_rederive_1236_20260719;pressure_context_source=weather_openmeteo;transport=wifi_poll,
plants.soil,2026-07-28T14:35:26.233Z,2026-07-28 09:35:26.233,27237,6762df,y9d41p,0.7.3,fleet_logger_0_1,606210041,UMLIFE_v2_TLC555,ch1,origplant,soil_moisture,1724,,,OK,,,987.1,,name=classic;level=OK;role=disp;spread=24;gpio=39;device_seq=80825;time_source=device_synced;device_timestamp_utc=2026-07-28T14:35:20.398Z;config_id=257fa022;rssi=-62;uptime_s=606210;heap=193520;cal_tier=channel-cal;cal_src=wet_rederive_1236_20260719;pressure_context_source=weather_openmeteo;transport=wifi_poll,
plants.soil,2026-07-28T14:35:26.233Z,2026-07-28 09:35:26.233,27238,6762df,y9d41p,0.7.3,fleet_logger_0_1,606210041,UMLIFE_v2_TLC555,ch2,origplant,soil_moisture,1378,,,OK,,,987.1,,name=classic;level=overwatered;role=disp;spread=35;gpio=34;device_seq=80826;time_source=device_synced;device_timestamp_utc=2026-07-28T14:35:20.398Z;config_id=257fa022;rssi=-62;uptime_s=606210;heap=193520;cal_tier=channel-cal;cal_src=wet_rederive_1236_20260719;pressure_context_source=weather_openmeteo;transport=wifi_poll,
plants.soil,2026-07-28T14:35:26.233Z,2026-07-28 09:35:26.233,27239,6762df,y9d41p,0.7.3,fleet_logger_0_1,606210041,UMLIFE_v2_TLC555,ch3,origplant,soil_moisture,1463,,,OK,,,987.1,,name=classic;level=well watered;role=disp;spread=21;gpio=35;device_seq=80827;time_source=device_synced;device_timestamp_utc=2026-07-28T14:35:20.398Z;config_id=257fa022;rssi=-62;uptime_s=606210;heap=193520;cal_tier=channel-cal;cal_src=wet_rederive_1236_20260719;pressure_context_source=weather_openmeteo;transport=wifi_poll,
plants.env,2026-07-28T14:35:26.233Z,2026-07-28 09:35:26.233,27240,6762df,y9d41p,0.7.3,fleet_logger_0_1,606210796,ESP32,esp32_die,on_chip,die_temp,,52.78,degC,OK,,,,,name=classic;source=esp32_die;cal=uncalibrated_board_proxy;api=temperatureRead;config_id=257fa022;transport=wifi_poll,
plants.soil,2026-07-28T14:35:57.396Z,2026-07-28 09:35:57.396,27241,6762df,y9d41p,0.7.3,fleet_logger_0_1,606240041,UMLIFE_v2_TLC555,ch0,origplant,soil_moisture,1594,,,OK,,,987.1,,name=classic;level=well watered;role=disp;spread=30;gpio=36;device_seq=80828;time_source=device_synced;device_timestamp_utc=2026-07-28T14:35:50.398Z;config_id=257fa022;rssi=-63;uptime_s=606240;heap=193808;cal_tier=channel-cal;cal_src=wet_rederive_1236_20260719;pressure_context_source=weather_openmeteo;transport=wifi_poll,
plants.soil,2026-07-28T14:35:57.396Z,2026-07-28 09:35:57.396,27242,6762df,y9d41p,0.7.3,fleet_logger_0_1,606240041,UMLIFE_v2_TLC555,ch1,origplant,soil_moisture,1729,,,OK,,,987.1,,name=classic;level=OK;role=disp;spread=49;gpio=39;device_seq=80829;time_source=device_synced;device_timestamp_utc=2026-07-28T14:35:50.398Z;config_id=257fa022;rssi=-63;uptime_s=606240;heap=193808;cal_tier=channel-cal;cal_src=wet_rederive_1236_20260719;pressure_context_source=weather_openmeteo;transport=wifi_poll,
plants.soil,2026-07-28T14:35:57.396Z,2026-07-28 09:35:57.396,27243,6762df,y9d41p,0.7.3,fleet_logger_0_1,606240041,UMLIFE_v2_TLC555,ch2,origplant,soil_moisture,1375,,,OK,,,987.1,,name=classic;level=overwatered;role=disp;spread=32;gpio=34;device_seq=80830;time_source=device_synced;device_timestamp_utc=2026-07-28T14:35:50.398Z;config_id=257fa022;rssi=-63;uptime_s=606240;heap=193808;cal_tier=channel-cal;cal_src=wet_rederive_1236_20260719;pressure_context_source=weather_openmeteo;transport=wifi_poll,
plants.soil,2026-07-28T14:35:57.396Z,2026-07-28 09:35:57.396,27244,6762df,y9d41p,0.7.3,fleet_logger_0_1,606240041,UMLIFE_v2_TLC555,ch3,origplant,soil_moisture,1462,,,OK,,,987.1,,name=classic;level=well watered;role=disp;spread=10;gpio=35;device_seq=80831;time_source=device_synced;device_timestamp_utc=2026-07-28T14:35:50.398Z;config_id=257fa022;rssi=-63;uptime_s=606240;heap=193808;cal_tier=channel-cal;cal_src=wet_rederive_1236_20260719;pressure_context_source=weather_openmeteo;transport=wifi_poll,
plants.env,2026-07-28T14:35:57.396Z,2026-07-28 09:35:57.396,27245,6762df,y9d41p,0.7.3,fleet_logger_0_1,606240797,ESP32,esp32_die,on_chip,die_temp,,53.33,degC,OK,,,,,name=classic;source=esp32_die;cal=uncalibrated_board_proxy;api=temperatureRead;config_id=257fa022;transport=wifi_poll,
plants.soil,2026-07-28T14:36:28.121Z,2026-07-28 09:36:28.121,27246,6762df,y9d41p,0.7.3,fleet_logger_0_1,606270041,UMLIFE_v2_TLC555,ch0,origplant,soil_moisture,1590,,,OK,,,987.1,,name=classic;level=well watered;role=disp;spread=12;gpio=36;device_seq=80832;time_source=device_synced;device_timestamp_utc=2026-07-28T14:36:20.398Z;config_id=257fa022;rssi=-62;uptime_s=606270;heap=194060;cal_tier=channel-cal;cal_src=wet_rederive_1236_20260719;pressure_context_source=weather_openmeteo;transport=wifi_poll,
plants.soil,2026-07-28T14:36:28.121Z,2026-07-28 09:36:28.121,27247,6762df,y9d41p,0.7.3,fleet_logger_0_1,606270041,UMLIFE_v2_TLC555,ch1,origplant,soil_moisture,1716,,,OK,,,987.1,,name=classic;level=OK;role=disp;spread=36;gpio=39;device_seq=80833;time_source=device_synced;device_timestamp_utc=2026-07-28T14:36:20.398Z;config_id=257fa022;rssi=-62;uptime_s=606270;heap=194060;cal_tier=channel-cal;cal_src=wet_rederive_1236_20260719;pressure_context_source=weather_openmeteo;transport=wifi_poll,
plants.soil,2026-07-28T14:36:28.121Z,2026-07-28 09:36:28.121,27248,6762df,y9d41p,0.7.3,fleet_logger_0_1,606270041,UMLIFE_v2_TLC555,ch2,origplant,soil_moisture,1379,,,OK,,,987.1,,name=classic;level=overwatered;role=disp;spread=28;gpio=34;device_seq=80834;time_source=device_synced;device_timestamp_utc=2026-07-28T14:36:20.398Z;config_id=257fa022;rssi=-62;uptime_s=606270;heap=194060;cal_tier=channel-cal;cal_src=wet_rederive_1236_20260719;pressure_context_source=weather_openmeteo;transport=wifi_poll,
plants.soil,2026-07-28T14:36:28.121Z,2026-07-28 09:36:28.121,27249,6762df,y9d41p,0.7.3,fleet_logger_0_1,606270041,UMLIFE_v2_TLC555,ch3,origplant,soil_moisture,1466,,,OK,,,987.1,,name=classic;level=well watered;role=disp;spread=20;gpio=35;device_seq=80835;time_source=device_synced;device_timestamp_utc=2026-07-28T14:36:20.398Z;config_id=257fa022;rssi=-62;uptime_s=606270;heap=194060;cal_tier=channel-cal;cal_src=wet_rederive_1236_20260719;pressure_context_source=weather_openmeteo;transport=wifi_poll,
plants.env,2026-07-28T14:36:28.121Z,2026-07-28 09:36:28.121,27250,6762df,y9d41p,0.7.3,fleet_logger_0_1,606270797,ESP32,esp32_die,on_chip,die_temp,,53.33,degC,OK,,,,,name=classic;source=esp32_die;cal=uncalibrated_board_proxy;api=temperatureRead;config_id=257fa022;transport=wifi_poll,
plants.soil,2026-07-28T14:36:58.838Z,2026-07-28 09:36:58.838,27251,6762df,y9d41p,0.7.3,fleet_logger_0_1,606300041,UMLIFE_v2_TLC555,ch0,origplant,soil_moisture,1595,,,OK,,,987.1,,name=classic;level=well watered;role=disp;spread=21;gpio=36;device_seq=80836;time_source=device_synced;device_timestamp_utc=2026-07-28T14:36:50.398Z;config_id=257fa022;rssi=-62;uptime_s=606300;heap=194588;cal_tier=channel-cal;cal_src=wet_rederive_1236_20260719;pressure_context_source=weather_openmeteo;transport=wifi_poll,
plants.soil,2026-07-28T14:36:58.838Z,2026-07-28 09:36:58.838,27252,6762df,y9d41p,0.7.3,fleet_logger_0_1,606300041,UMLIFE_v2_TLC555,ch1,origplant,soil_moisture,1725,,,OK,,,987.1,,name=classic;level=OK;role=disp;spread=38;gpio=39;device_seq=80837;time_source=device_synced;device_timestamp_utc=2026-07-28T14:36:50.398Z;config_id=257fa022;rssi=-62;uptime_s=606300;heap=194588;cal_tier=channel-cal;cal_src=wet_rederive_1236_20260719;pressure_context_source=weather_openmeteo;transport=wifi_poll,
plants.soil,2026-07-28T14:36:58.838Z,2026-07-28 09:36:58.838,27253,6762df,y9d41p,0.7.3,fleet_logger_0_1,606300041,UMLIFE_v2_TLC555,ch2,origplant,soil_moisture,1377,,,OK,,,987.1,,name=classic;level=overwatered;role=disp;spread=31;gpio=34;device_seq=80838;time_source=device_synced;device_timestamp_utc=2026-07-28T14:36:50.398Z;config_id=257fa022;rssi=-62;uptime_s=606300;heap=194588;cal_tier=channel-cal;cal_src=wet_rederive_1236_20260719;pressure_context_source=weather_openmeteo;transport=wifi_poll,
plants.soil,2026-07-28T14:36:58.838Z,2026-07-28 09:36:58.838,27254,6762df,y9d41p,0.7.3,fleet_logger_0_1,606300041,UMLIFE_v2_TLC555,ch3,origplant,soil_moisture,1463,,,OK,,,987.1,,name=classic;level=well watered;role=disp;spread=7;gpio=35;device_seq=80839;time_source=device_synced;device_timestamp_utc=2026-07-28T14:36:50.398Z;config_id=257fa022;rssi=-62;uptime_s=606300;heap=194588;cal_tier=channel-cal;cal_src=wet_rederive_1236_20260719;pressure_context_source=weather_openmeteo;transport=wifi_poll,
plants.env,2026-07-28T14:36:58.838Z,2026-07-28 09:36:58.838,27255,6762df,y9d41p,0.7.3,fleet_logger_0_1,606300797,ESP32,esp32_die,on_chip,die_temp,,52.78,degC,OK,,,,,name=classic;source=esp32_die;cal=uncalibrated_board_proxy;api=temperatureRead;config_id=257fa022;transport=wifi_poll,
